case_id,design_id,design_split,scenario_id,scenario_family,coil_topology,bias_topology,F_ICP,F_BIAS,VICP_AC,VBIAS_AC,VBIAS_DC,R_ICP_GEN,R_BIAS_GEN,L_COIL_MATCH,C_COIL_MATCH_OUT,C_COIL_MATCH_IN,L_BIAS_MATCH,C_BIAS_MATCH_OUT,C_BIAS_MATCH_IN,C_BLOCK_BIAS,COIL_FEED_LEN_M,BIAS_FEED_LEN_M,FEED_R_PER_M,FEED_L_PER_M,FEED_C_PER_M,R_STAB_COIL,R_STAB_BIAS,TSTEP,TSTOP,cond__family,cond__pressure_proxy,cond__wall_condition,cond__density_bias,cond__coil_coupling_shift,cond__bias_nonlinearity_boost,cond__memory_boost,cond__preferred_coil_topology,cond__preferred_bias_topology,cond__noise_level_v,cond__noise_level_i,truth__gcoil0,truth__kgcoil,truth__lcoil0,truth__gbias0,truth__kgbias,truth__cbias0,truth__cbiasnl,truth__vscale,truth__kcoil,truth__kbias,truth__tau,truth__tau_h,truth__cx,truth__gcoil_mem,truth__bias_asym,meta__f0_coil,meta__f0_bias,meta__detune_coil,meta__detune_bias,meta__q_coil,meta__q_bias,meta__phase_coil,meta__phase_bias,meta__effective_dc,objective,v_rmse,i_peak,avg_power,selfbias,v_bias_rms,i_bias_rms,v_coil_rms,i_coil_rms,p_abs_coil,p_abs_bias,v_bias_h1,v_bias_h2,v_bias_h3,i_bias_h1,i_bias_h2,i_bias_h3,v_coil_h1,i_coil_h1,density_proxy,ion_flux_proxy,ion_energy_proxy,pressure_proxy,wall_condition,density_bias
icp_design_000__scen_0,icp_design_000,train,0,nominal,L,PI,1.356e7,2.0e6,260.67400402473385,57.54489904531623,-181.19114142142925,50.0,50.0,2.072646927456023e-06,1.8306812233161218e-09,1.850469044088296e-10,5.634918346372534e-07,1.0270363506652055e-09,4.617838289740402e-11,4.6232285267408595e-10,2.598121858824991,1.6547176014386864,0.08,3.1e-07,8e-11,1.0e5,1.0e6,2.5e-09,1.2e-06,nominal,1.194716525558724,0.977130026796318,1.0177283444048315,-0.12283040389373417,0.9123179555533258,1.104348472873971,L,PI,0.005301577529894397,0.011539836799009351,0.0004526563231422782,0.00023364334157684714,8.427433305620268e-07,0.0011489497900142181,0.27823708267155534,1.1367557214891032e-11,7.95754275423887e-12,41.076578065938385,0.0013727306404985606,0.005668645283860304,1.1901045908162664e-07,3.3982102088020813e-07,3.692569736116659e-12,0.00048344341479112816,0.11872299692486643,2511093.6461629327,6469599.08014935,-1.555350985461617,1.2505221852727575,0.2000000096010964,0.18001403276175673,-0.7255369490626399,0.8766831422104779,-195.12976602269362,161.04392913268046,160.867179459646,3.9613777908665395,-13.9455804065186,-193.6069302042198,196.9588151199033,0.0054043222438267405,118.41214151328623,2.3364568230586835,-14.250048013662314,0.3044676071437148,18.87598786070049,14.111471233986343,9.136548395809923,0.006221572515771982,0.0031771534766719353,0.0026670606403722263,165.45086326822354,2.289288222316248,3.165469585320474e-09,3.6485250668445485e-09,196.42922445101706,1.194716525558724,0.977130026796318,1.0177283444048315
icp_design_000__scen_1,icp_design_000,train,1,nominal,L,PI,1.356e7,2.0e6,260.67400402473385,57.54489904531623,-181.19114142142925,50.0,50.0,2.072646927456023e-06,1.8306812233161218e-09,1.850469044088296e-10,5.634918346372534e-07,1.0270363506652055e-09,4.617838289740402e-11,4.6232285267408595e-10,2.598121858824991,1.6547176014386864,0.08,3.1e-07,8e-11,1.0e5,1.0e6,2.5e-09,1.2e-06,nominal,0.8429329539875277,1.0082360118019258,1.0800911015239212,0.012773995561960136,0.955892714588026,1.1151950634009564,L,L,0.006378326232451581,0.009566906441416442,0.0010654600992900914,0.00032842726749999075,1.219890221352276e-06,0.001108685732386224,0.39090694868871484,3.2462922156312925e-11,8.330796053503446e-13,49.32700762276926,0.004292475686167552,0.005220207119252178,2.1986800959698838e-06,3.4402757324905545e-07,5.845146568593662e-12,0.0003518666406280072,0.043643861448982205,2511093.6461629327,6469599.08014935,-1.699099004952466,1.166331784996062,0.20000000030169604,0.18004633457482574,-0.8045983597826067,0.812760841447264,-195.98342856470776,160.9544022192483,160.78081459029937,2.650549648155812,1.061527741933725,-194.25844803953763,197.72160641334656,0.015607139486525706,118.37740133582945,1.544524933497311,0.6217005277361933,0.4398272141975319,16.297876754809415,13.195340324368317,8.94485656074037,0.018698426876956373,0.009432746135296965,0.007270200023236156,165.37903154794535,1.5799391924005703,1.3072758755334667e-08,1.3611515738740942e-08,196.8975161044113,0.8429329539875277,1.0082360118019258,1.0800911015239212
icp_design_000__scen_2,icp_design_000,train,2,shifted_surface,L,PI,1.356e7,2.0e6,260.67400402473385,57.54489904531623,-181.19114142142925,50.0,50.0,2.072646927456023e-06,1.8306812233161218e-09,1.850469044088296e-10,5.634918346372534e-07,1.0270363506652055e-09,4.617838289740402e-11,4.6232285267408595e-10,2.598121858824991,1.6547176014386864,0.08,3.1e-07,8e-11,1.0e5,1.0e6,2.5e-09,1.2e-06,shifted_surface,1.1536746338825652,1.2443377862083596,1.0502531379839417,0.0641763882858241,1.2084335667159545,1.0603735625187747,L,PI,0.003940112099294047,0.010059078870990057,0.001092551076003761,0.0008071897595282846,2.1952075143922636e-06,0.0030459543546170753,0.2900964374148163,6.558204321123572e-11,2.0677237620328002e-12,86.84991020940855,0.002351765658373154,0.018059314530937284,1.129557028412304e-06,1.955235043715746e-07,2.554951173197699e-12,8.658822409537459e-05,0.046394690513373936,2511093.6461629327,6469599.08014935,-1.748607064306116,1.136183979013326,0.20000000008536412,0.18007997990949784,-0.8318277924271144,0.794044414342547,-195.57433321012547,160.29070371241016,160.11556120298957,1.4597568485490955,8.364022419464657,-193.78809773653526,197.32360076714505,0.03183119106781411,118.36845754966137,0.8475456692999921,7.346260919191803,1.0177615002728535,15.650643539672386,13.155928810955213,8.920414890236037,0.038117373700467014,0.019875035161604746,0.01405069725973706,165.36306721733044,0.882702995953488,1.822515078317552e-08,2.033348140002658e-08,196.41928349872632,1.1536746338825652,1.2443377862083596,1.0502531379839417
icp_design_000__scen_3,icp_design_000,train,3,ood_nonlin,L,PI,1.356e7,2.0e6,260.67400402473385,57.54489904531623,-181.19114142142925,50.0,50.0,2.072646927456023e-06,1.8306812233161218e-09,1.850469044088296e-10,5.634918346372534e-07,1.0270363506652055e-09,4.617838289740402e-11,4.6232285267408595e-10,2.598121858824991,1.6547176014386864,0.08,3.1e-07,8e-11,1.0e5,1.0e6,2.5e-09,1.2e-06,ood_nonlin,0.629279936406097,1.0908694757899087,0.9838444728960362,-0.19034773731666804,1.4882478612763628,1.2293116251665297,PI,L,0.0066109144594367975,0.013896627646654182,0.0005084872151358676,0.00043211849388916513,9.597204352181269e-07,0.0013195620300531321,0.22059015416817473,4.946184926583052e-11,1.6960054300094372e-12,68.78468236672089,0.0017914722779373918,0.03225352722915883,1.4012826187653475e-07,9.25831444503348e-07,6.450485809911195e-13,2.7633940699784444e-05,0.10169120471256615,2511093.6461629327,6469599.08014935,-1.4752554798394861,1.2952408041926147,0.20000005271515955,0.18000612372708769,-0.6814844209704679,0.9106968851750816,-194.66579820483673,161.08897295438635,160.91379320001892,3.5303760882513124,-10.250692590635238,-193.24393668746382,196.5799702529665,0.022350793771182213,118.4370158584679,2.0977342236041605,-10.875557951201374,0.6248653605661355,20.421047182169808,15.289359724605026,9.39455111906566,0.025992786568421872,0.014057846263080162,0.012011126523216887,165.506958649129,2.0068053387016342,1.1679260072537906e-08,1.3263541145686148e-08,196.30180863238482,0.629279936406097,1.0908694757899087,0.9838444728960362
icp_design_001__scen_0,icp_design_001,train,0,nominal,PI,L,1.356e7,2.0e6,284.1794715461865,109.01727846951152,-50.75761619727553,50.0,50.0,2.3728934122137454e-06,9.69694590958514e-10,1.2058492855031762e-09,2.4610703769447993e-06,1.5369482500649535e-09,1.294072211830744e-10,3.6363080641751646e-09,3.0655757449754772,0.9035239396099123,0.08,3.1e-07,8e-11,1.0e5,1.0e6,2.5e-09,1.2e-06,nominal,1.1812354380818888,1.0161581187990796,0.9923458845785182,0.1603061829761353,1.1175914837686705,1.0206616590826656,PI,PI,0.003543569528786995,0.0055654919907581904,0.00047214179421014484,0.00030592112867674836,2.644900194785958e-06,0.00437880800650085,0.5853613532005056,1.897105294568379e-11,1.0607021839335901e-11,76.48691392311976,0.0028966153838204767,0.03504255039642939,5.666520797068796e-07,6.75411249728366e-08,3.2134119790116984e-12,7.153823926209269e-05,0.13086280992666144,2768488.568907622,2541181.1912066387,-1.7375066753548265,0.14764703538591964,0.20000000010846228,0.707884892546556,-0.8023498841963808,0.06914145098435791,-57.64357710414614,40.94353371225175,40.90518972106469,1.3339120123405854,0.3559069441556079,-81.79765365256381,112.39287681677797,0.02577293933682831,129.05259658855843,0.7775747780204667,0.020845678400615516,0.33506126575499257,85.9612269780498,26.863584130244377,10.068672077338233,0.029840841809273492,0.021623194708295122,0.009661772198731147,180.29322936110194,0.7943679298799664,1.470521014640871e-08,1.505612314682307e-08,87.17037047861268,1.1812354380818888,1.0161581187990796,0.9923458845785182
icp_design_001__scen_1,icp_design_001,train,1,nominal,PI,L,1.356e7,2.0e6,284.1794715461865,109.01727846951152,-50.75761619727553,50.0,50.0,2.3728934122137454e-06,9.69694590958514e-10,1.2058492855031762e-09,2.4610703769447993e-06,1.5369482500649535e-09,1.294072211830744e-10,3.6363080641751646e-09,3.0655757449754772,0.9035239396099123,0.08,3.1e-07,8e-11,1.0e5,1.0e6,2.5e-09,1.2e-06,nominal,0.8476110002399538,1.0237954168790573,1.0735642544918216,0.10137435678906787,1.0164628602522272,0.9537598826516284,PI,L,0.00634321751633742,0.006800810699609513,0.003585942136714619,0.000256949458363654,2.167291589335439e-06,0.0011167750541876936,0.4010656082268403,1.593414881492292e-11,1.0750587450643162e-11,60.24176613565351,0.0008856641356592409,0.027191302233493506,3.872623689684286e-07,4.886691353340231e-08,1.1989862978735202e-12,0.0007654917530391509,0.11182929604375856,2768488.568907622,2541181.1912066387,-1.685381569421336,0.18043528479060306,0.2000000004058831,0.7264580870129773,-0.7736810759329611,0.08559575597457204,-57.95193150621806,42.41528440061955,42.36037315620143,1.7684347345898563,50.26295859419998,-83.10520896314918,113.2070253415603,0.02188729426265805,129.0648454658614,1.0394695523435644,50.17946526355736,0.0834933306426344,85.53720809329316,26.255068674297,9.620341844768829,0.025172795736158462,0.01866148526940514,0.008512358558843193,180.3173086631054,1.1091626380410362,1.160272049933534e-08,1.4893083751400153e-08,88.35622269800858,0.8476110002399538,1.0237954168790573,1.0735642544918216
icp_design_001__scen_2,icp_design_001,train,2,shifted_surface,PI,L,1.356e7,2.0e6,284.1794715461865,109.01727846951152,-50.75761619727553,50.0,50.0,2.3728934122137454e-06,9.69694590958514e-10,1.2058492855031762e-09,2.4610703769447993e-06,1.5369482500649535e-09,1.294072211830744e-10,3.6363080641751646e-09,3.0655757449754772,0.9035239396099123,0.08,3.1e-07,8e-11,1.0e5,1.0e6,2.5e-09,1.2e-06,shifted_surface,0.7648419488183058,1.0321580540472999,1.1376468878025883,0.1454499453004926,1.076072281040276,1.1698475389805405,L,L,0.006991191990643823,0.00934644232194164,0.00028637881069016127,0.000524803490940012,9.474732776198678e-07,0.0010863173982213273,0.5186296108733522,2.5506371018055983e-11,3.7599406181909034e-12,60.91809278112404,0.00908840735292409,0.05015715059959072,9.225405502204312e-07,1.559408915428882e-07,4.5940779701896844e-12,0.0007040582012572213,0.03281011406974635,2768488.568907622,2541181.1912066387,-1.724620279367443,0.15581189110859645,0.20000000013755403,0.7560882391761559,-0.7952623664033198,0.06323276973230606,-57.94990006991992,43.846220346756354,43.79921784882582,3.7419471396626998,-17.036751366420912,-84.72246307685542,114.39763379452057,0.028920038025956257,129.05545033052297,2.183203744246099,-17.114186408515287,0.07743504209437996,84.94170417405462,26.66782913806786,10.456625398662094,0.03461376628177901,0.022553705161607405,0.00802110761998965,180.29867566749343,2.2253123080109374,3.7833801275893784e-08,4.4108579627551685e-08,90.05602890446899,0.7648419488183058,1.0321580540472999,1.1376468878025883
icp_design_001__scen_3,icp_design_001,train,3,ood_nonlin,PI,L,1.356e7,2.0e6,284.1794715461865,109.01727846951152,-50.75761619727553,50.0,50.0,2.3728934122137454e-06,9.69694590958514e-10,1.2058492855031762e-09,2.4610703769447993e-06,1.5369482500649535e-09,1.294072211830744e-10,3.6363080641751646e-09,3.0655757449754772,0.9035239396099123,0.08,3.1e-07,8e-11,1.0e5,1.0e6,2.5e-09,1.2e-06,ood_nonlin,1.216024302361453,0.9850984681427218,0.8615244398195492,-0.09643061754434414,1.3232795169736635,1.505819532288303,L,L,0.010305704372789,0.02031053501249152,0.001884475259722382,0.0016872151852136428,1.760054368267282e-06,0.001033285873784579,0.3968612510107985,1.981148455143953e-11,1.1117271020487387e-12,41.45063369719638,0.0015035848710243653,0.029284855626319942,5.931532383222441e-07,2.5178295663803135e-07,3.0958769209927815e-12,0.0003921255726612881,0.16673752488489496,2768488.568907622,2541181.1912066387,-1.4874203753037045,0.29908149423066366,0.2000000385356924,0.5601707786045018,-0.6648024191682637,0.18561128775639624,-58.36471678650961,34.10188276092416,34.066562083132936,2.1256048866888753,19.85255387637633,-74.36447944592564,107.07143752715986,0.018678731606988443,129.12805784363547,1.2654678468659666,19.77331777172897,0.07923610464735921,87.94240273863001,26.365684354126035,6.069142360832837,0.022582536688205285,0.014567283851786114,0.00426757592702301,180.45736231182667,1.2076614262449243,2.1513905722402885e-08,2.534821768156863e-08,79.63761631675085,1.216024302361453,0.9850984681427218,0.8615244398195492
icp_design_002__scen_0,icp_design_002,train,0,nominal,L,PI,1.356e7,2.0e6,242.76448043185235,224.95294506167915,-34.93069999144272,50.0,50.0,7.208233277007727e-08,1.16538583745868e-09,5.671538130782031e-10,3.9491007102953877e-07,6.970969444775641e-11,9.763082417239883e-10,4.2489417959856126e-10,0.7740242807743686,0.6229705285133281,0.08,3.1e-07,8e-11,1.0e5,1.0e6,2.5e-09,1.2e-06,nominal,0.9925622765122266,1.0998022979585442,0.9538146782017474,-0.1761061558608169,0.973309824862814,1.0786103789174133,L,L,0.004787153705526705,0.009207928620151623,0.0003291172043644332,0.001294675592474114,1.0709465840747684e-06,0.0013884631044822605,0.3833489793962561,3.350227991000056e-11,7.281103843334721e-12,67.09462580074462,0.001070845088564821,0.020467877196376816,7.368493440341773e-07,6.785387137836448e-08,5.032625092929287e-12,0.00048180100204408394,0.11260159119339952,16127833.705480339,13077349.751182316,0.367135885703562,1.9894079193264307,0.4508093622913096,0.18000000000315491,0.24062595117567753,1.347428895698028,-47.99414582405534,119.06431814136734,119.06095324386104,4.00706966251173,-10.130473237820825,-50.07110946267123,136.97142800159037,0.07711301897866607,130.14487914306844,2.4809510461704156,-9.997841610649596,-0.13263162717122526,157.43861993379298,67.90420359351765,54.20837952423714,0.07426819959168325,0.054438138444503535,0.0645085192002716,183.99449571813597,1.960017776558009,1.5605621318008266e-08,1.759242942018539e-08,63.65195018137476,0.9925622765122266,1.0998022979585442,0.9538146782017474
icp_design_002__scen_1,icp_design_002,train,1,nominal,L,PI,1.356e7,2.0e6,242.76448043185235,224.95294506167915,-34.93069999144272,50.0,50.0,7.208233277007727e-08,1.16538583745868e-09,5.671538130782031e-10,3.9491007102953877e-07,6.970969444775641e-11,9.763082417239883e-10,4.2489417959856126e-10,0.7740242807743686,0.6229705285133281,0.08,3.1e-07,8e-11,1.0e5,1.0e6,2.5e-09,1.2e-06,nominal,1.1474272136703358,1.0655959321128956,1.0947053730470984,-0.09756516506851817,1.0302208059324127,1.0202786516456324,L,L,0.006994560014226944,0.010979114901756095,0.002586244399391728,0.0009138553114437966,8.968618800805535e-07,0.0010893328967297908,0.43644410840285436,1.5546741757968527e-11,1.283590683506333e-11,66.02719873562143,0.004587422412361073,0.1408045497981442,1.7631630608727537e-06,2.652065801318511e-07,4.5877287151769e-12,2.21850850662527e-05,0.07703268088715699,16127833.705480339,13077349.751182316,0.276081094847515,1.9380569867311197,0.5867924764413546,0.1800000000114179,0.19054581620485167,1.3002119872936824,-49.92378478053579,115.61843942576942,115.60820483003926,5.1773348241388835,28.953376205810503,-51.03161898247547,138.37530305982548,0.04514046445232699,140.43867130520954,3.2010837255553675,28.949499663368258,0.003876542442244648,159.09225903320277,66.51686990065453,52.87273333543877,0.044023408766527536,0.03345895198771099,0.035027686269858284,198.72914325287087,2.537788381016004,1.4245026542125028e-07,1.731103155656416e-07,64.33499296260638,1.1474272136703358,1.0655959321128956,1.0947053730470984
icp_design_002__scen_2,icp_design_002,train,2,shifted_surface,L,PI,1.356e7,2.0e6,242.76448043185235,224.95294506167915,-34.93069999144272,50.0,50.0,7.208233277007727e-08,1.16538583745868e-09,5.671538130782031e-10,3.9491007102953877e-07,6.970969444775641e-11,9.763082417239883e-10,4.2489417959856126e-10,0.7740242807743686,0.6229705285133281,0.08,3.1e-07,8e-11,1.0e5,1.0e6,2.5e-09,1.2e-06,shifted_surface,1.2216347765347961,1.2812600143945303,1.0464948915756818,-0.04684974897261991,1.1752832353670473,1.272393335717619,PI,L,0.009338751708118612,0.014962851431603898,0.003039857767760611,0.0011217505177135148,1.1602068117184893e-06,0.0009778044899485347,0.41918473578007903,6.19270130312692e-11,1.1652991428075563e-11,91.45220636316652,0.004473283925741617,0.1324442000258002,1.7381372284302057e-07,1.5368617256428925e-07,2.9743525440268464e-12,0.0005342221974190749,0.07890768538527955,16127833.705480339,13077349.751182316,0.22140502505953796,1.906247021205428,0.631256377808804,0.18000000002490515,0.16047397782146433,1.2818018499434114,-49.263494026129656,114.45383876402896,114.44026097416348,4.130889624830548,44.431510172831814,-50.00040286344503,138.40547345254004,0.14098923900066518,143.79542811558767,2.5480286450641936,44.803014610355476,-0.37150443752365697,159.71091013553905,67.15364337380498,52.26789361687268,0.1401016842498019,0.09782764272177458,0.11396345051383978,203.4938691958083,2.0420485168448823,2.900927586161746e-08,3.680836076148215e-08,63.43113153820603,1.2216347765347961,1.2812600143945303,1.0464948915756818
icp_design_002__scen_3,icp_design_002,train,3,ood_nonlin,L,PI,1.356e7,2.0e6,242.76448043185235,224.95294506167915,-34.93069999144272,50.0,50.0,7.208233277007727e-08,1.16538583745868e-09,5.671538130782031e-10,3.9491007102953877e-07,6.970969444775641e-11,9.763082417239883e-10,4.2489417959856126e-10,0.7740242807743686,0.6229705285133281,0.08,3.1e-07,8e-11,1.0e5,1.0e6,2.5e-09,1.2e-06,ood_nonlin,1.0868844763829772,0.8688115530812636,1.3077448163749357,0.16152827560814045,1.6872637993157453,1.2437412225367084,PI,L,0.011153145169834707,0.019336946209031036,0.00043711185152512706,0.0005057421743766855,2.8229718484467814e-06,0.0009414443049418562,0.746773909512357,5.043607189890204e-11,1.2089133469148723e-11,73.58488933512753,0.009289105753153865,0.08394082884954855,1.4534862753972625e-06,3.5112821054664e-07,2.9202699796676235e-12,0.0005231472392051619,0.10038562984677503,16127833.705480339,13077349.751182316,0.023685681426526932,1.7852310405657332,0.8171601778319004,0.18000000043013745,0.05172833882330824,1.1761906695116846,-52.84157298931371,108.17827062925272,108.17591829616964,1.8489838446039961,1.3893689743310746,-51.52048613341826,142.46464973143642,0.11696256000328409,157.87096808511717,1.1359472892699058,1.6210116586576948,-0.23164268432662,164.77705681969215,67.21922327167547,48.92801974641027,0.11687012668757911,0.0843174490283712,0.08984146250339219,223.40368634353226,0.9024960717683441,7.571723969388494e-08,7.983965710821195e-08,64.96433078775335,1.0868844763829772,0.8688115530812636,1.3077448163749357
icp_design_003__scen_0,icp_design_003,train,0,nominal,PI,PI,1.356e7,2.0e6,198.64819375105563,228.0666495097961,-131.34451203900622,50.0,50.0,6.474500415839364e-08,6.79546737188692e-11,4.7856235972028515e-11,1.5936485732119103e-06,6.779047917176597e-10,7.412721034614121e-11,5.152919474419739e-10,0.36128458882748016,2.3501744104073024,0.08,3.1e-07,8e-11,1.0e5,1.0e6,2.5e-09,1.2e-06,nominal,0.8149174494322831,1.0391405430427951,0.9853582584756554,0.1534744312746436,1.0328456986982453,0.977840810789087,PI,L,0.005589224164467498,0.010148634425638457,0.001416417668417809,0.0006560114810867758,3.94393004539255e-06,0.0009515034722916075,0.4116814434563678,2.849932158539382e-11,1.911272786687405e-11,93.19392521762965,0.0024709554059828423,0.00405303939667273,5.582459892895676e-07,7.590509853383467e-08,2.5127296091992974e-12,0.00014080115785749907,0.11544960769926442,66102084.89323595,4612336.516045667,1.4412973731751106,0.7474989838437412,0.20000015043168046,0.1875109916484792,0.8107777846876849,0.5619293485329315,-144.7452457211666,128.65835384189035,128.55143215909453,0.7260051756625806,10.291144908142359,-136.49231584403367,206.78149112962763,0.07515368847227738,91.16777315219176,0.4219818830822006,9.856861154499342,0.43428375364301647,180.50061974450733,52.23950879962971,15.17452195202852,0.08888797529949358,0.06132540266443557,0.0246664212872286,128.554577606984,0.4046019887033553,2.7427685429923053e-09,3.094718566022575e-09,146.9402176039596,0.8149174494322831,1.0391405430427951,0.9853582584756554
icp_design_003__scen_1,icp_design_003,train,1,nominal,PI,PI,1.356e7,2.0e6,198.64819375105563,228.0666495097961,-131.34451203900622,50.0,50.0,6.474500415839364e-08,6.79546737188692e-11,4.7856235972028515e-11,1.5936485732119103e-06,6.779047917176597e-10,7.412721034614121e-11,5.152919474419739e-10,0.36128458882748016,2.3501744104073024,0.08,3.1e-07,8e-11,1.0e5,1.0e6,2.5e-09,1.2e-06,nominal,0.8347115078572802,0.9120617132947754,0.9917123981563073,0.06850234429146354,1.0321418628565588,1.0681977035037757,PI,L,0.0052731078762116405,0.009929298409178207,0.0006176191945174618,0.0002547141186083749,7.064653712788289e-07,0.002112289970338868,0.14185608456185342,4.130623671055324e-11,2.0774862786409422e-12,91.71966579375099,0.0013775577619911535,0.03020366426242935,5.742174479040523e-07,9.67726256252645e-08,4.134616629121061e-12,0.00039368423370106446,0.04828120689263796,66102084.89323595,4612336.516045667,1.5178180155723047,0.7953081869583123,0.2000000281826263,0.1846924597182743,0.8528641380061416,0.594887459538679,-144.8674393420051,128.91943072097823,128.81391569710584,3.8450567821852424,-4.901118456497732,-136.51165410709825,206.03158556311016,0.08360773401045259,91.15757846572387,2.2346414969610713,-5.596034975114122,0.6949165186163887,179.0751103274993,52.3118855835686,16.699879896270584,0.10373028908880917,0.05712103617004847,0.023406851470140048,128.52893410492894,2.09597857097219,1.9760689628490308e-08,2.1743221859622913e-08,146.97403122381198,0.8347115078572802,0.9120617132947754,0.9917123981563073
icp_design_003__scen_2,icp_design_003,train,2,shifted_surface,PI,PI,1.356e7,2.0e6,198.64819375105563,228.0666495097961,-131.34451203900622,50.0,50.0,6.474500415839364e-08,6.79546737188692e-11,4.7856235972028515e-11,1.5936485732119103e-06,6.779047917176597e-10,7.412721034614121e-11,5.152919474419739e-10,0.36128458882748016,2.3501744104073024,0.08,3.1e-07,8e-11,1.0e5,1.0e6,2.5e-09,1.2e-06,shifted_surface,0.9322664561582117,1.094933347539085,0.9654843248400047,-0.2332828308900064,1.2539569182107966,1.2709694175329462,PI,L,0.006125020632512132,0.013213425735579527,0.0003532426968833737,0.00015811606076886108,9.629105989935324e-07,0.004243997019371226,0.2677693243861297,5.14666020893925e-11,1.5741063474127928e-11,73.37654719775557,0.0028643422180652444,0.030047696594358714,2.410472297197852e-06,5.36464875431271e-08,2.2397440716876423e-12,0.000532878434999762,0.22299715815094895,66102084.89323595,4612336.516045667,1.8497133004996233,0.9863750405953318,0.2000000000072405,0.18053521170839762,1.0354065447161669,0.7307325029498969,-144.56117109902382,130.76986626454115,130.66428500211532,2.635316696830156,-3.946793048537185,-136.86592125788863,202.93397292775956,0.10637998733039568,91.07847108581593,1.4929594194973845,-5.144238340521661,1.197445291984476,172.51661482981194,54.46897171518133,23.224936352121507,0.11942714999957758,0.08171654963423147,0.05293413975312868,128.32380664140564,1.545103805943913,3.73339014174095e-08,4.109457512704531e-08,147.7597156009249,0.9322664561582117,1.094933347539085,0.9654843248400047
icp_design_003__scen_3,icp_design_003,train,3,ood_nonlin,PI,PI,1.356e7,2.0e6,198.64819375105563,228.0666495097961,-131.34451203900622,50.0,50.0,6.474500415839364e-08,6.79546737188692e-11,4.7856235972028515e-11,1.5936485732119103e-06,6.779047917176597e-10,7.412721034614121e-11,5.152919474419739e-10,0.36128458882748016,2.3501744104073024,0.08,3.1e-07,8e-11,1.0e5,1.0e6,2.5e-09,1.2e-06,ood_nonlin,1.2802727679485593,1.026246845836368,0.9149070198295922,0.21412385385225988,1.5642426417088566,1.328158432920128,L,PI,0.012511171069148966,0.022082057684892846,0.0007968308458278381,0.00014081160217501443,6.071170183859041e-07,0.0009322902721522431,0.6835503587025139,1.136495502639136e-11,9.250887482708678e-12,36.854761199253026,0.0005877236978326792,0.166247585027455,2.048484935268113e-07,6.123933769463371e-08,4.906296382950242e-12,0.0007771541478733509,0.2738498940221342,66102084.89323595,4612336.516045667,1.3900532966206736,0.7147208301702214,0.20000040113026776,0.1913047221049268,0.7825935425827445,0.5446207400531526,-143.74269113157126,128.59511090982073,128.4902829326091,4.569040564662625,-5.5716002742926936,-135.73529557957605,207.32442297705734,0.0267403113366075,91.17283773814505,2.6832910684140425,-5.803630700787414,0.23203042649472064,181.91661977522264,56.02441810180531,14.462709028562848,0.029461692737731665,0.023401049432031522,0.011549529970903048,128.5669934482981,2.4340844569447673,1.3554828233631926e-07,1.4886865680481739e-07,146.94017919993712,1.2802727679485593,1.026246845836368,0.9149070198295922
icp_design_004__scen_0,icp_design_004,train,0,nominal,PI,PI,1.356e7,2.0e6,371.9956873750936,69.62548137777189,-84.82945738319688,50.0,50.0,4.6563297452636407e-07,1.0221266975405758e-09,1.6205427189100266e-09,9.483726187941586e-08,6.199263214451136e-10,1.19981647912676e-10,1.234547428269828e-09,1.5985060501096346,3.7116095051390174,0.08,3.1e-07,8e-11,1.0e5,1.0e6,2.5e-09,1.2e-06,nominal,0.8730729026601656,1.0267708753217295,1.0726869335958455,-0.14727626628201948,1.0900785228071974,1.1253899856554328,L,PI,0.0027051657076393168,0.009313533655704833,0.0029056166067092776,0.0005907350513984476,1.5968249707590394e-06,0.0011959936896580102,0.4795727196210497,1.3301479952418145e-11,9.163207352296446e-13,36.357871052166885,0.0010517271052851624,0.015644409541576535,1.2724219234503186e-06,2.1969580594694622e-07,4.049857045490443e-12,0.0007998571088323738,0.06949891694081536,5942939.384763708,19125979.660525847,-0.6656007656007793,2.3504168436498696,0.22154238470065046,0.18000000000000016,-0.2861551185749469,1.7450573111241918,-99.52097762572558,108.00124659893564,107.91796624813814,3.459027707409575,65.0928003722695,-102.95414085280768,110.19687956089855,0.008657419319318677,172.0070255188007,2.1554441464082146,64.87735917874485,0.21544119352464897,52.80823541252721,27.239567502968367,16.904125932613706,0.00855732121829044,0.006153566497398992,0.0072510971299666405,241.0978466616105,1.8046782698189217,2.0427526428256487e-08,2.7019906688435732e-08,108.40205435340135,0.8730729026601656,1.0267708753217295,1.0726869335958455
icp_design_004__scen_1,icp_design_004,train,1,nominal,PI,PI,1.356e7,2.0e6,371.9956873750936,69.62548137777189,-84.82945738319688,50.0,50.0,4.6563297452636407e-07,1.0221266975405758e-09,1.6205427189100266e-09,9.483726187941586e-08,6.199263214451136e-10,1.19981647912676e-10,1.234547428269828e-09,1.5985060501096346,3.7116095051390174,0.08,3.1e-07,8e-11,1.0e5,1.0e6,2.5e-09,1.2e-06,nominal,1.0276047137858066,0.9405540281970087,1.0967786252716485,-0.05867336483874126,1.0348716429401486,0.9614659296730385,PI,PI,0.003591760688980644,0.011166365969163226,0.0021173274129651473,0.0013697964344138766,3.868847545114943e-06,0.0010859083903050272,0.28769500663702685,2.4004201273951384e-11,2.9179087752502097e-12,112.14253677595673,0.0028551240437245913,0.01897671795628703,7.156926629374412e-07,5.034961435637578e-08,4.7571512621833285e-12,0.0006744643927300523,0.15901885285018502,5942939.384763708,19125979.660525847,-0.7644553409294229,2.2937390404683176,0.20830433305535093,0.18000000000000094,-0.3405251350057009,1.703455513563041,-99.85093743491737,106.41544756027763,106.33586564139873,1.4685523310443664,53.06505383098663,-102.97857465811751,110.12985706550947,0.01469048462551283,170.40141261833665,0.9099260048386355,52.81739895459154,0.24765487639509157,51.161532313807335,26.614471063355722,16.73490588865156,0.014398700619806965,0.01057410427722226,0.012565325169317276,238.66085906456016,0.827073791057994,7.150167892699475e-09,9.233605674092133e-09,108.30146887078865,1.0276047137858066,0.9405540281970087,1.0967786252716485
icp_design_004__scen_2,icp_design_004,train,2,shifted_surface,PI,PI,1.356e7,2.0e6,371.9956873750936,69.62548137777189,-84.82945738319688,50.0,50.0,4.6563297452636407e-07,1.0221266975405758e-09,1.6205427189100266e-09,9.483726187941586e-08,6.199263214451136e-10,1.19981647912676e-10,1.234547428269828e-09,1.5985060501096346,3.7116095051390174,0.08,3.1e-07,8e-11,1.0e5,1.0e6,2.5e-09,1.2e-06,shifted_surface,0.8884386604619496,1.2489677621078046,1.1733489904492096,-0.18463686711222943,1.3285302715305,1.0799840045198117,L,L,0.009056659741259094,0.010111215837411322,0.0012306519696366502,0.0010128371835754029,1.969828576159953e-06,0.0009735157761001513,0.43004336445708263,1.8805337023205567e-11,2.3209449448537484e-11,73.93657899802116,0.005064530619353505,0.1619571067897318,1.006578184816188e-07,7.9784858050331e-07,4.0106410954287004e-12,8.04851046593952e-05,0.23906693609258267,5942939.384763708,19125979.660525847,-0.6207987224647616,2.375313411353217,0.23299329530352425,0.18000000000000008,-0.2615139948501372,1.7544319439682659,-100.89964515638925,109.17232457726094,109.10087206242292,2.7985351437412773,20.000255630392886,-104.40377170023207,111.62272831191704,0.016560848130397075,173.361629018684,1.747349423906539,19.73065335825694,0.26960227213594773,53.302720866093814,27.848964501895107,17.072055314939323,0.015392400853224505,0.012537776479371964,0.014080246390663244,243.11426116523805,1.4213643319283475,2.1464531129918942e-08,2.5304247725418983e-08,109.9735646006111,0.8884386604619496,1.2489677621078046,1.1733489904492096
icp_design_004__scen_3,icp_design_004,train,3,ood_nonlin,PI,PI,1.356e7,2.0e6,371.9956873750936,69.62548137777189,-84.82945738319688,50.0,50.0,4.6563297452636407e-07,1.0221266975405758e-09,1.6205427189100266e-09,9.483726187941586e-08,6.199263214451136e-10,1.19981647912676e-10,1.234547428269828e-09,1.5985060501096346,3.7116095051390174,0.08,3.1e-07,8e-11,1.0e5,1.0e6,2.5e-09,1.2e-06,ood_nonlin,1.2895702137678624,1.2800335109171324,0.9631255725434437,0.08645038543542903,1.5951274455631084,1.4383928557031491,L,L,0.01187935596447588,0.01503255011118494,0.001869989726130719,0.0012848313933716442,2.5441251554365208e-06,0.0020684492673404956,0.1439782920912682,2.6380802693994053e-11,1.3392440647728105e-11,109.15603238837663,0.0022687653393328724,0.04389076071907946,2.7838177715215276e-06,1.65606464942198e-07,2.1880137471606264e-12,0.00026899997583425305,0.08710220404815282,5942939.384763708,19125979.660525847,-0.9078362807069059,2.207330669528174,0.2012852101898377,0.18000000000001024,-0.41938465188331653,1.6536618981231972,-98.02042522475176,103.54482573155073,103.47150220470311,2.0854101021321716,40.822904530709366,-100.79294240190336,108.1670989214027,0.021943450540681562,169.47638306056936,1.2850335422759083,40.42950018879272,0.3934043419166482,49.55428959454416,27.193473251628077,16.509768870101325,0.021180372509906963,0.016551899019257826,0.018294315724220744,237.1778577829419,1.1208475993466656,2.207115719012889e-08,2.7711909706411563e-08,106.23163705222898,1.2895702137678624,1.2800335109171324,0.9631255725434437
icp_design_005__scen_0,icp_design_005,train,0,nominal,L,L,1.356e7,2.0e6,221.32462771536038,194.5751136099218,-189.64672972448227,50.0,50.0,1.4689443088638106e-07,2.5805413380806393e-10,3.790937859260878e-11,3.387324347161866e-07,1.5142132942274545e-10,1.406691329006312e-10,5.818134794764437e-10,1.680217531320077,3.3895917480654716,0.08,3.1e-07,8e-11,1.0e5,1.0e6,2.5e-09,1.2e-06,nominal,1.153405315702878,0.9177284934207157,0.9249423845905743,0.08032589474648323,1.1640047298488634,1.0886231787016605,L,PI,0.005472887904828336,0.007259520410670623,0.0025239348728620286,0.001026520904489298,3.700056310835617e-06,0.0011542697930423274,0.5189502930873978,1.2761398285541397e-11,1.6652274055734873e-11,74.89621279482165,0.0007239603467834789,0.007916927343497308,1.2909707936147973e-07,5.9381534517256305e-08,5.31555434445281e-12,0.0002703089521338839,0.192286857556982,23854687.032826748,16913262.84080228,0.4875936867945275,2.0878807676104554,0.30696951585636545,0.18000000000021257,0.352187404302994,1.5570007339633463,-202.31474062383225,206.86056309759292,206.662488436365,1.0710222765916673,27.561433573044855,-208.11830818281334,234.7248128135068,0.028666886049338963,108.81169475714186,0.6435530451047038,26.83707978199183,0.7243537910530213,127.76818944771979,68.42330037543556,45.44436147116265,0.02522379584859902,0.020865640367268717,0.023869585600986738,153.62360170659963,0.5850327855514773,2.5926371031897997e-09,3.1370803619749202e-09,221.80296825790046,1.153405315702878,0.9177284934207157,0.9249423845905743
icp_design_005__scen_1,icp_design_005,train,1,nominal,L,L,1.356e7,2.0e6,221.32462771536038,194.5751136099218,-189.64672972448227,50.0,50.0,1.4689443088638106e-07,2.5805413380806393e-10,3.790937859260878e-11,3.387324347161866e-07,1.5142132942274545e-10,1.406691329006312e-10,5.818134794764437e-10,1.680217531320077,3.3895917480654716,0.08,3.1e-07,8e-11,1.0e5,1.0e6,2.5e-09,1.2e-06,nominal,1.1810495671975192,0.9730582558300539,0.9778303231879356,-0.06313916087670984,1.0660832002123442,1.0594157019293053,L,L,0.006490584801120104,0.004248601743739239,0.0005902286872387123,0.0006163768079229023,9.71280731609501e-07,0.0032644787691045126,0.47279699038524164,4.4933917766441244e-11,9.808538023532622e-12,113.62031823732406,0.0007555377347813827,0.017000446754830985,2.6715851776320393e-07,1.210030873176518e-07,5.3844492841611324e-12,0.000708175016547415,0.1900880712812079,23854687.032826748,16913262.84080228,0.6300769620581866,2.1735706472337757,0.23293921538150664,0.18000000000002295,0.43055320569800654,1.6127526146118816,-203.03909383086395,210.8946558674591,210.7019508985391,3.4733520033306253,-1.8740167201501492,-209.9453023197873,236.32777785872773,0.07394456585191665,103.77332731497701,2.133901356544,-3.9906000409477187,2.1165833207975706,131.05394655063935,69.44289258636712,46.642979826375566,0.07155609940408607,0.052421366523463346,0.0630274704017039,146.35139636283648,1.71826193986782,6.873392701261556e-09,7.552833510716553e-09,223.83388083706072,1.1810495671975192,0.9730582558300539,0.9778303231879356
icp_design_005__scen_2,icp_design_005,train,2,shifted_surface,L,L,1.356e7,2.0e6,221.32462771536038,194.5751136099218,-189.64672972448227,50.0,50.0,1.4689443088638106e-07,2.5805413380806393e-10,3.790937859260878e-11,3.387324347161866e-07,1.5142132942274545e-10,1.406691329006312e-10,5.818134794764437e-10,1.680217531320077,3.3895917480654716,0.08,3.1e-07,8e-11,1.0e5,1.0e6,2.5e-09,1.2e-06,shifted_surface,0.9677027980702024,1.092192621354563,1.0621401549766767,0.04224857938533889,1.310809229501869,1.098285783796592,PI,PI,0.007398092310235007,0.009851345722452685,0.0002559451242399889,0.0021210133262917026,8.576164380593363e-07,0.0007122706415464382,0.22781221704193733,5.272587843142476e-11,1.3877390740447776e-12,61.54869137537514,0.003147693764304592,0.0477294406673145,1.7867707602356442e-07,1.3201905830774934e-07,9.252296290471424e-13,0.0007787355388057317,0.06398087205947277,23854687.032826748,16913262.84080228,0.5234759620557866,2.1099177306431307,0.2745769315002078,0.18000000000011784,0.37192265569668653,1.5614507864553309,-204.19380128704123,208.7953706127593,208.60074277727853,4.066483940251571,-7.6194957830650045,-210.08166475787007,236.61287912939906,0.08997017175780778,106.5971893505981,2.5083241230549294,-9.629619213225475,2.010123430160472,128.15809709591358,69.43907909047884,45.839294420001146,0.08984938824556744,0.06340113840369004,0.07551908948946152,150.4211188407557,2.0025371389202697,2.5978937856803347e-08,2.9524238516321215e-08,223.96948057596583,0.9677027980702024,1.092192621354563,1.0621401549766767
icp_design_005__scen_3,icp_design_005,train,3,ood_nonlin,L,L,1.356e7,2.0e6,221.32462771536038,194.5751136099218,-189.64672972448227,50.0,50.0,1.4689443088638106e-07,2.5805413380806393e-10,3.790937859260878e-11,3.387324347161866e-07,1.5142132942274545e-10,1.406691329006312e-10,5.818134794764437e-10,1.680217531320077,3.3895917480654716,0.08,3.1e-07,8e-11,1.0e5,1.0e6,2.5e-09,1.2e-06,ood_nonlin,0.6856088192577289,0.989811400427028,1.2104610500639739,-0.25818588454759733,1.3043270842768062,1.400670397642663,L,PI,0.011038452269873936,0.015148449317108965,0.0010291185896721114,0.00027311874572477954,7.586797231299212e-07,0.0030878616439733468,0.532680284330783,4.6732274122188966e-11,6.9153052616568905e-12,67.01391255785248,0.0013712307796209901,0.016110820760157143,4.310122368589703e-07,4.0918731465593853e-07,3.9869914473339724e-12,0.00011946252392020754,0.12322998074746344,23854687.032826748,16913262.84080228,0.8635130222647618,2.3032648768096666,0.20249885920046293,0.1800000000000005,0.5589430388116229,1.6849281171649222,-206.22520426615844,218.73753490540295,218.53962170717637,4.281684944106746,0.5126767424981179,-214.58541175600814,240.9654581354472,0.0801450239600452,101.73930725220069,2.5958059727846363,-1.820273636833698,2.332950379331816,136.94898932737829,73.50147559522156,48.241249592734576,0.07805396655643819,0.05808983696253529,0.06876337011525582,143.44991954083903,2.1595332206114355,1.5593143484649543e-08,1.6864262878423736e-08,229.28570687505245,0.6856088192577289,0.989811400427028,1.2104610500639739
icp_design_006__scen_0,icp_design_006,train,0,nominal,L,PI,1.356e7,2.0e6,343.01986704141547,130.0990750876546,-2.882768850897852,50.0,50.0,1.536149452488617e-06,1.2037991410317232e-10,2.87585458790001e-10,6.648628029844665e-08,1.64944952663781e-09,6.119674587371419e-10,3.1232094752128684e-08,2.492318900281793,0.24073224092392365,0.08,3.1e-07,8e-11,1.0e5,1.0e6,2.5e-09,1.2e-06,nominal,0.9601503610457545,1.0356517268641716,1.0318537578258935,0.12809056312539252,1.0422916496071781,0.9315247947468369,PI,L,0.004477994254738176,0.004113537955604988,0.0004221702100737707,0.0007678301694663643,1.3586395849617515e-06,0.003079645522074501,0.4292586943645764,1.304697276090952e-11,3.0924924676186575e-12,87.69761085036535,0.0035052917925609463,0.00518169603220335,7.250276068583464e-08,1.5871680838836288e-07,1.836409001048971e-12,0.00043534929901423646,0.03374561510816741,8017852.786692154,14397880.387535859,-0.6459800651249381,1.8998896788770026,0.22383088249547592,0.18000000003215602,-0.23067309080462634,1.2594110866340265,-17.015037917656585,79.4399251118277,79.3972977090251,3.731452888862482,-10.081318903294632,-17.184066701433256,76.83409516468039,0.01789364042214027,158.9383522233653,2.335504150221249,-10.175753326433222,0.09443442313859046,94.86851377952429,37.92611717683169,30.29243978609507,0.01845498017129455,0.011742310205472714,0.013888107312901693,222.90080406046604,1.8812309315630853,7.38878910681202e-10,8.335947154825618e-10,24.769290136799594,0.9601503610457545,1.0356517268641716,1.0318537578258935
icp_design_006__scen_1,icp_design_006,train,1,nominal,L,PI,1.356e7,2.0e6,343.01986704141547,130.0990750876546,-2.882768850897852,50.0,50.0,1.536149452488617e-06,1.2037991410317232e-10,2.87585458790001e-10,6.648628029844665e-08,1.64944952663781e-09,6.119674587371419e-10,3.1232094752128684e-08,2.492318900281793,0.24073224092392365,0.08,3.1e-07,8e-11,1.0e5,1.0e6,2.5e-09,1.2e-06,nominal,0.8130321137492085,0.9229833866624203,1.0626688715636299,0.005807417169188307,1.1081668667390545,1.130483928245432,PI,PI,0.005317098570223529,0.009792869210973502,0.002238648029864171,0.00022571800013006298,1.5175714222768967e-06,0.002687366080303717,0.2934717040517955,1.680380331840816e-11,2.864266838236595e-12,76.66713347038495,0.0013530426440785774,0.005410492662450611,9.57922367070299e-07,4.296444815628327e-07,4.359666184213343e-13,9.223114268401274e-05,0.1624457748110399,8017852.786692154,14397880.387535859,-0.5312442479393931,1.9704554262078688,0.26471669841455603,0.18000000000624627,-0.1675683913525765,1.306341900666614,-17.437081715748363,82.55206786304038,82.50150363984926,3.490075272866715,40.42066962994164,-18.142818511863492,76.5057697442799,0.0231893318524947,163.36997916716186,2.1860184483260614,40.36632503871103,0.05434459123061695,93.4582274919055,39.16806378886962,31.30475130867379,0.022135420084417403,0.01681094526149096,0.018999544051198986,229.45721365687436,1.7592523493398515,3.1006545873444413e-09,3.8891789787465166e-09,25.976431269637416,0.8130321137492085,0.9229833866624203,1.0626688715636299
icp_design_006__scen_2,icp_design_006,train,2,shifted_surface,L,PI,1.356e7,2.0e6,343.01986704141547,130.0990750876546,-2.882768850897852,50.0,50.0,1.536149452488617e-06,1.2037991410317232e-10,2.87585458790001e-10,6.648628029844665e-08,1.64944952663781e-09,6.119674587371419e-10,3.1232094752128684e-08,2.492318900281793,0.24073224092392365,0.08,3.1e-07,8e-11,1.0e5,1.0e6,2.5e-09,1.2e-06,shifted_surface,0.9250759094632474,1.2033707650677894,1.0036748762718393,-0.16449912281699833,1.2472916839145105,1.0603844978245143,PI,L,0.005703459745460192,0.006631809126796976,0.0005344200450299136,0.002917041867341446,1.3794794623187215e-06,0.0011962611352811185,0.4187113277601999,1.5812569708762785e-11,5.348979196505266e-12,47.606460886673545,0.0024908955940481812,0.1354207221567665,1.3599000158554458e-07,3.253700721323984e-07,2.5545293862036832e-12,0.0001320133387093443,0.1552102893049144,8017852.786692154,14397880.387535859,-0.34572974775582344,2.077850349352459,0.41558558133893436,0.18000000000035205,-0.06553541625161323,1.3862378664911703,-16.629099956312437,87.99666789883955,87.95598927576962,4.257618661066742,-7.901007254615044,-18.28928018844414,76.03900146826498,0.023474649887694366,179.6094248804692,2.6526278653497566,-7.889940893218853,-0.011066361396189498,92.10876126948425,41.100519912845705,32.82248763998235,0.022077759009139494,0.017604734618218175,0.01946949265386522,253.14529492522797,2.0960271086107656,2.425928972836897e-08,2.698688106853707e-08,26.50938417101328,0.9250759094632474,1.2033707650677894,1.0036748762718393
icp_design_006__scen_3,icp_design_006,train,3,ood_nonlin,L,PI,1.356e7,2.0e6,343.01986704141547,130.0990750876546,-2.882768850897852,50.0,50.0,1.536149452488617e-06,1.2037991410317232e-10,2.87585458790001e-10,6.648628029844665e-08,1.64944952663781e-09,6.119674587371419e-10,3.1232094752128684e-08,2.492318900281793,0.24073224092392365,0.08,3.1e-07,8e-11,1.0e5,1.0e6,2.5e-09,1.2e-06,ood_nonlin,0.8124480462889431,1.0306361417311714,1.032092454252254,0.22302029165548817,1.30831464658715,1.256585800435009,L,PI,0.009778352890162344,0.017355455826718345,0.0005378215033346095,0.00013540366681170744,1.3558958018200204e-06,0.00125764502995323,0.3320179657887938,2.8517797774102446e-11,3.8973674697408145e-12,44.02591886212606,0.003168726598668351,0.023947221543904978,1.6191114664805904e-06,9.139143333449712e-07,4.926435462533405e-12,0.0005436282232726805,0.12118215102337851,8017852.786692154,14397880.387535859,-0.7267770770857928,1.848348258807774,0.21150729091010873,0.18000000012222458,-0.27511144738309634,1.2233129968714576,-17.01830710272204,77.31950089252554,77.27717264133649,3.678403170146042,-7.468495080401718,-16.777501271069422,77.45050600699878,0.0370351202561026,157.5660570859464,2.2970215291505856,-7.419318991403902,-0.04917608899781607,95.97292521448439,38.39467506148743,29.6195372940961,0.036489682232341364,0.02629448617840889,0.029435811748864754,220.82342544162813,1.8683661540721854,2.1747113571668878e-08,2.412438167608524e-08,24.45643628336691,0.8124480462889431,1.0306361417311714,1.032092454252254
icp_design_007__scen_0,icp_design_007,train,0,nominal,L,L,1.356e7,2.0e6,178.8369025003778,107.73865877562878,-144.14383322567397,50.0,50.0,2.65312769710743e-07,2.689064270715075e-10,8.849604661855386e-10,8.594397698151992e-07,1.7369641722786282e-10,2.4211039521161925e-11,1.584617817089613e-09,3.4404866385883475,3.4052098571668044,0.08,3.1e-07,8e-11,1.0e5,1.0e6,2.5e-09,1.2e-06,nominal,0.9191225080366421,1.0662643366020474,0.946002382585175,-0.11752111598374816,1.1015920208467629,1.107662276885937,L,PI,0.0066267970631968525,0.009330718980481744,0.0006548007794559963,0.0034636322988876173,2.373625000602238e-06,0.0016322929102724156,0.27549046700793445,2.1308697274739374e-11,2.9576348075434083e-12,83.97927723782847,0.0009790027320407768,0.18891421538541003,1.4964182922436526e-07,9.408916884071364e-08,9.95245601114921e-13,0.0005079544479391539,0.1793691098133964,12580816.869092118,10878198.852999918,0.05006931852330548,1.7667356030213341,0.7110476040879841,0.18000000081465922,0.1995624571172354,1.33129522436646,-157.10028184769595,138.50196924884273,138.37131147142352,1.536653887881787,3.34775913383136,-157.96770870479708,169.33706185760843,0.017301648449405876,110.45797747988676,0.9459536929829471,2.8239888104482196,0.5237703233831398,62.43225769150461,33.58174366669788,21.443921973510253,0.0180960701860507,0.011170155082036046,0.013287712977567461,156.43644716974273,0.7513316467292457,4.682446463233752e-08,5.025143156417679e-08,164.68405743813665,0.9191225080366421,1.0662643366020474,0.946002382585175
icp_design_007__scen_1,icp_design_007,train,1,nominal,L,L,1.356e7,2.0e6,178.8369025003778,107.73865877562878,-144.14383322567397,50.0,50.0,2.65312769710743e-07,2.689064270715075e-10,8.849604661855386e-10,8.594397698151992e-07,1.7369641722786282e-10,2.4211039521161925e-11,1.584617817089613e-09,3.4404866385883475,3.4052098571668044,0.08,3.1e-07,8e-11,1.0e5,1.0e6,2.5e-09,1.2e-06,nominal,0.9630792116964902,1.0385234207085963,1.0646334292880555,0.14331165597146986,1.1361103418137668,1.1389323242066647,L,L,0.0036689131114221655,0.0055801389232994795,0.00025221588354856257,0.00014205937353256053,2.4790651378564657e-06,0.001993202828460342,0.18947569018837704,1.3676005607480194e-11,1.8822847933078764e-11,70.70670652962671,0.0015376348816071022,0.0378874731497902,6.695017898428194e-07,9.508212619891691e-08,3.431838618519892e-12,0.00035676817278559885,0.17711067057571347,12580816.869092118,10878198.852999918,-0.2088801119362662,1.6111242555672214,0.5770174260984506,0.18000002580200514,0.05714027036447096,1.2128767974123507,-158.7250523215913,134.99893383884054,134.8683127688528,1.3694404691973292,-1.2419206603103323,-158.4719394679272,170.23546829640873,0.015951218975730767,102.78578164584304,0.8478607779784774,-1.7738656666494952,0.5319450063391628,59.18860741001441,31.135392424001253,19.599841976599592,0.015680952586620105,0.010995833561164839,0.011945932793754095,145.27296097482483,0.6686251813725901,3.088209602838334e-08,3.275786169772617e-08,164.69901795272744,0.9630792116964902,1.0385234207085963,1.0646334292880555
icp_design_007__scen_2,icp_design_007,train,2,shifted_surface,L,L,1.356e7,2.0e6,178.8369025003778,107.73865877562878,-144.14383322567397,50.0,50.0,2.65312769710743e-07,2.689064270715075e-10,8.849604661855386e-10,8.594397698151992e-07,1.7369641722786282e-10,2.4211039521161925e-11,1.584617817089613e-09,3.4404866385883475,3.4052098571668044,0.08,3.1e-07,8e-11,1.0e5,1.0e6,2.5e-09,1.2e-06,shifted_surface,1.004972208006099,1.16833759302081,1.0830874991949484,-0.11462648043743033,1.1890279127993082,1.2525732624855705,PI,PI,0.007180303481689618,0.013001831201920012,0.0025268691846799807,0.0010095973562776583,1.3016155144493236e-06,0.003662471895082888,0.37830653058695574,1.2141830338245677e-11,1.1371559795645077e-12,99.73517315555875,0.0027452499213132405,0.06344408616203004,9.881574722409755e-08,4.013022947121184e-07,4.849439471490795e-12,4.3841241139303305e-05,0.12449299742698709,12580816.869092118,10878198.852999918,0.04679456761390243,1.7648688097154739,0.6670496719731434,0.1800000008496425,0.19776134411706373,1.319021659723576,-158.97779960286894,139.6488167843831,139.51063287536826,2.7574251208036338,21.17614048634688,-159.7213511347522,171.0321981961714,0.011184899067072067,107.97725719002858,1.6984628061664802,20.468597801974706,0.7075426843721759,62.007780454474634,33.71096082885164,21.395793847536517,0.011371227242778097,0.007034060066555138,0.007945279132316727,152.88484140223787,1.36226860002887,9.563464955894575e-09,1.132381350586932e-08,166.46354330052253,1.004972208006099,1.16833759302081,1.0830874991949484
icp_design_007__scen_3,icp_design_007,train,3,ood_nonlin,L,L,1.356e7,2.0e6,178.8369025003778,107.73865877562878,-144.14383322567397,50.0,50.0,2.65312769710743e-07,2.689064270715075e-10,8.849604661855386e-10,8.594397698151992e-07,1.7369641722786282e-10,2.4211039521161925e-11,1.584617817089613e-09,3.4404866385883475,3.4052098571668044,0.08,3.1e-07,8e-11,1.0e5,1.0e6,2.5e-09,1.2e-06,ood_nonlin,1.2467617848823198,1.1258221753983069,0.8805611434242999,0.2234290498979628,1.497907663119857,1.3257885448116165,L,L,0.01304604439689842,0.010128923955857929,0.0007378188777023147,0.00028131518528688005,6.315276193981932e-07,0.003466609574990085,0.28457572556321065,4.9257319659107855e-11,2.7626706295070623e-12,60.16447138336608,0.00256571277804751,0.0051728845873192115,1.5159845862577074e-07,5.725259422767022e-07,2.61766042523488e-12,0.000600788372168836,0.05720171596858583,12580816.869092118,10878198.852999918,-0.2766087121589771,1.5678116528560269,0.49562306319939253,0.1800000620887229,0.019889540241979975,1.197283758383615,-156.20399794619985,132.18515532000112,132.0555656865549,5.123286248305134,-7.7201763661250675,-155.80515280122404,167.96078977503586,0.044169394751230245,98.19031823554621,3.1827576427276862,-8.92000314846362,1.199826782338551,59.36668775087117,31.74266241939151,19.274194673870475,0.048027809032118576,0.028633019752321034,0.030649627756987853,138.6296585468603,2.507292304513226,2.6862908178837913e-09,3.028112514904703e-09,162.15368528510234,1.2467617848823198,1.1258221753983069,0.8805611434242999
icp_design_008__scen_0,icp_design_008,train,0,nominal,PI,PI,1.356e7,2.0e6,231.82931485140247,275.5509136579215,-169.37210034904754,50.0,50.0,8.016541362994929e-08,5.616793566645517e-10,3.007263994895999e-10,9.67402071303957e-07,2.550750105483828e-11,1.2098334751285387e-09,9.147010734197601e-09,2.1447759369409054,2.7431418761159603,0.08,3.1e-07,8e-11,1.0e5,1.0e6,2.5e-09,1.2e-06,nominal,0.9963549035284331,0.9403790068430041,0.9275119167742345,-0.16211355199080635,0.9366062093924736,0.9014866655429861,PI,PI,0.006112350546286681,0.008219124102504841,0.000289224800676992,0.0021865665757833845,6.624032106465208e-07,0.0016961210792759492,0.4202211360678373,2.6050540795941337e-11,9.78540974887741e-13,85.00541232606888,0.006394071286088983,0.0831317014521895,4.914352108051358e-07,3.213741322022419e-07,2.130094461031163e-12,0.000508279573441969,0.11574935684981914,21325487.092335768,7685246.04714313,0.629651343230758,1.4484849158913242,0.2315689415510708,0.18000067781996087,0.4535470356239622,1.076895581587786,-182.0752955140055,185.9259762839717,185.76783574119372,5.323031453585941,-12.220265544277815,-178.4625676895657,242.46781551075387,0.05848007070754413,108.61250930928938,3.260360284904381,-13.13864282044164,0.9183772761638267,184.45488047117195,70.67557172166428,47.176963587543696,0.06359306884051875,0.03624089104919044,0.04012394206097434,153.18802314136755,2.6427603089184593,7.029835827481558e-08,8.084105726575382e-08,192.59768203389856,0.9963549035284331,0.9403790068430041,0.9275119167742345
icp_design_008__scen_1,icp_design_008,train,1,nominal,PI,PI,1.356e7,2.0e6,231.82931485140247,275.5509136579215,-169.37210034904754,50.0,50.0,8.016541362994929e-08,5.616793566645517e-10,3.007263994895999e-10,9.67402071303957e-07,2.550750105483828e-11,1.2098334751285387e-09,9.147010734197601e-09,2.1447759369409054,2.7431418761159603,0.08,3.1e-07,8e-11,1.0e5,1.0e6,2.5e-09,1.2e-06,nominal,1.0103739066349984,0.9482842212354005,0.946757603214381,0.17876746472591093,0.94003039499772,1.0117282372438066,L,L,0.006793236468299239,0.01177826077954713,0.0002161938955531912,0.00127088679734995,3.288787169927343e-06,0.0016527486518141505,0.2543045796249749,3.921688530048766e-11,1.232737028913177e-12,92.90949395683776,0.0016012891608685742,0.009391691303923167,1.0577360791474495e-07,1.9061020967455425e-07,2.0131329672253755e-12,0.0005653618601501756,0.10541601317979744,21325487.092335768,7685246.04714313,0.28830928081409196,1.2442662848471988,0.49218683619789627,0.18002038952002974,0.2658089012947959,0.9324028849416867,-182.33864539232783,180.55928608062146,180.40794335926898,1.2741083018214963,-0.21156633335230798,-176.00233746199007,244.8539379237049,0.08761525994245242,127.30961996420248,0.7870520491217728,-1.3255088438237501,1.1139425104714418,192.04324681042362,66.09726339451667,39.353843235654736,0.09999457554962184,0.054717464800610086,0.0514877923352457,180.1012588508349,0.6238749933604202,2.1698393764598508e-09,2.3054000314792775e-09,189.2217901408934,1.0103739066349984,0.9482842212354005,0.946757603214381
icp_design_008__scen_2,icp_design_008,train,2,shifted_surface,PI,PI,1.356e7,2.0e6,231.82931485140247,275.5509136579215,-169.37210034904754,50.0,50.0,8.016541362994929e-08,5.616793566645517e-10,3.007263994895999e-10,9.67402071303957e-07,2.550750105483828e-11,1.2098334751285387e-09,9.147010734197601e-09,2.1447759369409054,2.7431418761159603,0.08,3.1e-07,8e-11,1.0e5,1.0e6,2.5e-09,1.2e-06,shifted_surface,1.2123848400691841,1.1809750523990126,1.016440548082376,-0.04035299344705036,1.324145489920748,1.2181709070545435,PI,L,0.007239039204343419,0.008894467967991057,0.0005937604762152845,0.002217445367453793,1.3275026408968724e-06,0.0008713958968147393,0.5156463160610864,3.96796795339014e-11,6.944664861031537e-12,66.0698940580536,0.003243327195194799,0.025588824352543893,1.7939840616359206e-06,5.1692109529177874e-08,3.991274455154658e-12,0.00023677587022567323,0.11780092364028667,21325487.092335768,7685246.04714313,0.4939684156266593,1.3706649327485438,0.29749558033859413,0.18000247710078132,0.3789214254417079,1.0153073028831887,-183.29323786741512,184.79800185366815,184.64359459077878,2.7858318373924065,-0.4592244042474884,-178.4186213815536,244.77660795577054,0.0949975435541579,113.31199889946284,1.7180776974627017,-1.5266402453534413,1.067415841105953,187.91515080550897,71.7745431363193,44.24947412044559,0.10239391852121867,0.06312076382604136,0.06303223292487664,159.97433154340206,1.3728866956166803,4.266717419822271e-08,4.541597680024956e-08,192.77353000881746,1.2123848400691841,1.1809750523990126,1.016440548082376
icp_design_008__scen_3,icp_design_008,train,3,ood_nonlin,PI,PI,1.356e7,2.0e6,231.82931485140247,275.5509136579215,-169.37210034904754,50.0,50.0,8.016541362994929e-08,5.616793566645517e-10,3.007263994895999e-10,9.67402071303957e-07,2.550750105483828e-11,1.2098334751285387e-09,9.147010734197601e-09,2.1447759369409054,2.7431418761159603,0.08,3.1e-07,8e-11,1.0e5,1.0e6,2.5e-09,1.2e-06,ood_nonlin,0.6365470210048826,1.1130610389723796,0.9872527010032367,-0.05254239124354733,1.503593592566164,1.5156945022881727,PI,L,0.008560335690846398,0.019517472761228054,0.0004733761465625927,0.0003815706825281848,9.235188509498674e-07,0.001880484880615227,0.5390045000321657,5.733381758054534e-11,2.9977778583072027e-11,79.63058748469503,0.0009543390400333596,0.05824181815341726,1.4369078844557177e-07,6.565321500856382e-08,2.9439689272129378e-12,0.00019709517559557367,0.22641260337360922,21325487.092335768,7685246.04714313,0.5067517351054389,1.3781882709414581,0.28869360381837433,0.18000217102098987,0.38595225115503673,1.0229086673845598,-182.89348590715477,184.82509952359652,184.6694715745108,3.982069900490356,-5.368366617072757,-178.1487624221476,244.23048270853604,0.1568192011985259,112.68246219935949,2.4542135060702037,-6.971665321786686,1.603298704713926,186.92482538552335,73.64116891188341,45.04388607291589,0.1521364111331818,0.11413776514195036,0.11411950310404236,159.06517627559418,1.9645148176778384,2.021814662414894e-08,2.2586341769536534e-08,192.8769962045243,0.6365470210048826,1.1130610389723796,0.9872527010032367
icp_design_009__scen_0,icp_design_009,train,0,nominal,L,L,1.356e7,2.0e6,372.7682805181324,31.427036807187175,-108.1970517547128,50.0,50.0,5.10349660541131e-07,4.0595458903576095e-11,2.7092180208108926e-10,5.249989012209801e-07,1.991734217572122e-09,3.66926863567711e-10,1.7898241590918777e-09,1.3390084949898577,0.39833632968435634,0.08,3.1e-07,8e-11,1.0e5,1.0e6,2.5e-09,1.2e-06,nominal,0.9435025905555486,1.0504802722777693,1.0266968018634166,0.009236266260408636,1.1453991793281493,1.059165044058919,PI,L,0.002112650915279661,0.007539210343314774,0.0012104201866850325,0.0006585991879438208,4.686929048210103e-06,0.0030314298158176144,0.31047288762856406,5.016639921856934e-11,9.717315823728777e-13,80.05039268955773,0.004913359733900589,0.005977001251082673,1.341932661577433e-07,4.480217437983218e-07,2.4434398249299447e-12,0.0002997718447981041,0.07576803720239418,18272610.23965918,4782141.81995577,0.2890850751416715,0.8662148843723613,0.5156572684847085,0.18456372846976435,0.22594721607741222,0.5441314913957974,-122.19871591560081,98.04972067199151,97.95143291287599,1.506385535461933,43.3585618223963,-120.99150619723477,122.90330645892566,0.01358167801647414,207.38501232131233,0.9257682808613388,42.96462796046916,0.393933861927129,3.305025955640665,5.626957146473589,5.661845067080972,0.01651877197081422,0.00891236189150774,0.003488470109510133,293.36399253809725,0.7682399057044689,1.5318793371487906e-09,1.9353593107783338e-09,122.1168976265295,0.9435025905555486,1.0504802722777693,1.0266968018634166
icp_design_009__scen_1,icp_design_009,train,1,nominal,L,L,1.356e7,2.0e6,372.7682805181324,31.427036807187175,-108.1970517547128,50.0,50.0,5.10349660541131e-07,4.0595458903576095e-11,2.7092180208108926e-10,5.249989012209801e-07,1.991734217572122e-09,3.66926863567711e-10,1.7898241590918777e-09,1.3390084949898577,0.39833632968435634,0.08,3.1e-07,8e-11,1.0e5,1.0e6,2.5e-09,1.2e-06,nominal,1.1095156649061622,1.0030865844168122,1.090042155927114,0.14565103613334365,1.1979194576980414,1.0511117685696274,PI,PI,0.006130756263713014,0.005014211263109201,0.0018569724804131573,0.00022346585772045976,1.0539475881334073e-06,0.002575793711664292,0.2056007697954474,1.7436029676890935e-11,6.3873618628592454e-12,114.40123636264177,0.001894241536759759,0.014653031779821786,1.6525722853109945e-06,5.521758144564162e-07,1.2234173383379963e-12,0.0007272991555174224,0.13806306116389935,18272610.23965918,4782141.81995577,0.16230588200383592,0.7879604439175297,0.6819948940625362,0.18939810216035374,0.15621865985160266,0.4842857547523195,-122.99514172977221,98.34684055782888,98.24637324015976,7.116851486083896,46.18666036477955,-121.82025705877689,123.76507327865342,0.005591064126348232,226.74397433271375,4.389081094978223,45.9200434420682,0.26661692271134657,1.9193734012143313,5.2072678937253665,5.8538979050102355,0.00645221109731328,0.003700738484495519,0.00110245368638296,320.9663612180489,3.4786233633941785,1.0756312552027904e-08,1.3680341615209546e-08,122.86171063752197,1.1095156649061622,1.0030865844168122,1.090042155927114
icp_design_009__scen_2,icp_design_009,train,2,shifted_surface,L,L,1.356e7,2.0e6,372.7682805181324,31.427036807187175,-108.1970517547128,50.0,50.0,5.10349660541131e-07,4.0595458903576095e-11,2.7092180208108926e-10,5.249989012209801e-07,1.991734217572122e-09,3.66926863567711e-10,1.7898241590918777e-09,1.3390084949898577,0.39833632968435634,0.08,3.1e-07,8e-11,1.0e5,1.0e6,2.5e-09,1.2e-06,shifted_surface,0.7846698090108112,1.2660429692165318,1.153851789277168,0.22228726794981646,1.0506526687278737,1.2115436720819284,L,PI,0.009276688029435647,0.011362078699449265,0.000905945324764975,0.001107412994625777,3.5660849088372467e-06,0.0009333699942605484,0.2245688737125343,1.7199520389376074e-11,2.0642110922045307e-11,33.56044392551755,0.0029790403752408255,0.022783784830882833,1.6651767705717802e-06,3.5869628219613997e-07,3.946511358700032e-12,0.0005748556144116861,0.13784808143558747,18272610.23965918,4782141.81995577,0.09755503465544749,0.7465437667399041,0.7987002709517013,0.1940950978464547,0.120605693809989,0.45018931005997725,-123.79203109111474,98.87274130978571,98.77465663351025,2.244178895857558,35.79863863961819,-122.67536162484653,124.62258549712674,0.004885252331709326,240.39023754972388,1.378816977614004,35.66992106925325,0.128717570364951,1.1798033881439334,4.8934479030724685,5.96488824668674,0.00597939700299068,0.0033562624926310007,0.0009684538879829917,340.3597181256144,1.1059877323983491,4.152728768949977e-08,5.146592434549091e-08,123.65405120546103,0.7846698090108112,1.2660429692165318,1.153851789277168
icp_design_009__scen_3,icp_design_009,train,3,ood_nonlin,L,L,1.356e7,2.0e6,372.7682805181324,31.427036807187175,-108.1970517547128,50.0,50.0,5.10349660541131e-07,4.0595458903576095e-11,2.7092180208108926e-10,5.249989012209801e-07,1.991734217572122e-09,3.66926863567711e-10,1.7898241590918777e-09,1.3390084949898577,0.39833632968435634,0.08,3.1e-07,8e-11,1.0e5,1.0e6,2.5e-09,1.2e-06,ood_nonlin,0.6295587053641458,0.8969122725208546,0.8405937864851113,0.15651853657923626,1.494676905367545,1.2497861151110363,PI,PI,0.00865014768110161,0.021453896156242748,0.0010032961076831173,0.0009204990753415445,2.3304536828934388e-06,0.002749008912372725,0.57458070085539,3.5552136093903335e-11,4.785369546797342e-12,42.80279945043262,0.004704490521976301,0.026595693675635336,1.7906529513349597e-07,5.970245156322692e-08,4.292003320317817e-13,3.269968648358424e-05,0.11852331912342727,18272610.23965918,4782141.81995577,0.15286471720172073,0.7819818857391282,0.6927205760915451,0.18997784775319349,0.1510260192104393,0.5000566335827986,-119.60246659906788,95.68122771396557,95.58995987340195,3.240598685517288,29.813340851164696,-118.44116865594557,120.4287554500282,0.009710192360124513,227.99309879217947,1.9977326674248033,29.454385494908507,0.35895535625618036,2.086543934840065,5.345308670173076,5.665541536692322,0.01153829099306839,0.006536990030982301,0.0020474062850542527,322.73943441525194,1.5866786750887818,1.2525094410512293e-08,1.5260654897971145e-08,119.5102303899802,0.6295587053641458,0.8969122725208546,0.8405937864851113
icp_design_010__scen_0,icp_design_010,train,0,nominal,L,L,1.356e7,2.0e6,184.10581398399782,217.09082125756836,10.164425170428506,50.0,50.0,1.4472210624572228e-07,1.240836228040619e-09,2.334257636886421e-10,7.19628962459069e-07,1.7113185044391154e-09,2.5889698105907743e-10,1.0937283227801318e-10,3.8674041822704637,0.5075634762503598,0.08,3.1e-07,8e-11,1.0e5,1.0e6,2.5e-09,1.2e-06,nominal,0.8512146033658605,0.9988511932922532,1.000046124951236,0.05475114498215889,0.9993643657400599,1.1340561240894738,L,L,0.0048715331928281215,0.008480840672183064,0.0004900454548883693,0.0015020026800789247,8.030433757792586e-07,0.0021760248227768136,0.25383536166970905,4.0050716133596784e-11,3.833553276634132e-12,62.43045866450463,0.0016912924473571878,0.024449079747159236,2.453395392760266e-07,6.197882254410185e-07,5.772383617526207e-12,0.00016603539891525524,0.1510708652327716,11228578.794008473,4423168.373965991,-0.2419669337477708,0.7613864488198934,0.5235216725886379,0.1849440588485719,0.06028839555224924,0.47834499799034436,-3.4689196846726453,92.60819231593871,92.53930592680922,4.225133236477171,-8.316457414447331,5.114953259133489,151.06817817756502,0.08703900826068964,102.72994266981146,2.6210129232768122,-8.478616212202613,0.1621587977552821,210.1995191599834,58.303841700242366,15.363715833168278,0.10612377241707131,0.06712289648744163,0.019859380812183487,145.1312837694159,2.064115709827361,1.1415058633521893e-08,1.27572501407231e-08,16.775721599181963,0.8512146033658605,0.9988511932922532,1.000046124951236
icp_design_010__scen_1,icp_design_010,train,1,nominal,L,L,1.356e7,2.0e6,184.10581398399782,217.09082125756836,10.164425170428506,50.0,50.0,1.4472210624572228e-07,1.240836228040619e-09,2.334257636886421e-10,7.19628962459069e-07,1.7113185044391154e-09,2.5889698105907743e-10,1.0937283227801318e-10,3.8674041822704637,0.5075634762503598,0.08,3.1e-07,8e-11,1.0e5,1.0e6,2.5e-09,1.2e-06,nominal,0.9901806582341266,1.0819871457003678,1.0811341680829467,-0.016351713188468047,1.070300399502334,1.0253887136644622,L,L,0.0040283880393220915,0.008424783699931071,0.0029198789108638716,0.0017351074149574623,6.366777745388799e-07,0.002785178314768289,0.14098940922488315,2.58927902853647e-11,3.104075039791579e-12,45.69991020758534,0.008086568477014817,0.13118950551614567,1.208251073486404e-06,1.6168704981227765e-07,4.041449595802335e-12,0.00033445491446903547,0.13873017838262067,11228578.794008473,4423168.373965991,-0.17217519825159916,0.8035685585943245,0.6006350268188763,0.1832452249989817,0.09867385007514366,0.5013854313819094,-4.597879293177728,92.19718186859562,92.12736770826605,5.5675719219168345,15.257873519821342,4.0856199652572265,150.3631079030813,0.05577724298430479,107.2197298154351,3.445809862387961,14.973324801272865,0.284548718548478,208.83187467071232,58.336137314085065,16.70005698605574,0.0679152631913844,0.04215246836713044,0.013944179627731961,151.62213725098238,2.7188183212177637,1.8706244949482683e-07,2.162900803462785e-07,15.75284742807424,0.9901806582341266,1.0819871457003678,1.0811341680829467
icp_design_010__scen_2,icp_design_010,train,2,shifted_surface,L,L,1.356e7,2.0e6,184.10581398399782,217.09082125756836,10.164425170428506,50.0,50.0,1.4472210624572228e-07,1.240836228040619e-09,2.334257636886421e-10,7.19628962459069e-07,1.7113185044391154e-09,2.5889698105907743e-10,1.0937283227801318e-10,3.8674041822704637,0.5075634762503598,0.08,3.1e-07,8e-11,1.0e5,1.0e6,2.5e-09,1.2e-06,shifted_surface,1.0995472849878498,1.0631103058731228,0.9778473601050914,-0.17551763336005338,1.100321592388177,1.20592027223476,L,PI,0.008274807069398408,0.014989924078126958,0.0003423956146053946,0.0014158835962534732,1.7591810474362088e-06,0.0033433191477601405,0.32942604954406735,3.5095528343216756e-11,9.029988599811755e-13,56.177746582667574,0.0006526513620203578,0.022995251617864157,3.179101417735095e-07,7.58850967915688e-08,1.9060227282472812e-12,0.00023676371689657172,0.17408239907767342,11228578.794008473,4423168.373965991,0.004337447764935951,0.9049877231304866,0.6987845646302311,0.18096937491911236,0.19575580538423798,0.5806417911954512,-3.2160391445390673,93.55094287310261,93.48367400310585,2.1224197719690348,-2.673245691705402,5.2829592524465045,148.26057746030037,0.07367646518041987,112.99716164855938,1.3062081708140898,-2.9261133971702624,0.25286770546486004,205.81724437923793,58.15018825468822,20.22823699694243,0.08778310455800559,0.05723132612120957,0.02289136333516937,160.01784867627214,1.0371427110092255,1.342359139517187e-08,1.438094568704811e-08,16.912996903384148,1.0995472849878498,1.0631103058731228,0.9778473601050914
icp_design_010__scen_3,icp_design_010,train,3,ood_nonlin,L,L,1.356e7,2.0e6,184.10581398399782,217.09082125756836,10.164425170428506,50.0,50.0,1.4472210624572228e-07,1.240836228040619e-09,2.334257636886421e-10,7.19628962459069e-07,1.7113185044391154e-09,2.5889698105907743e-10,1.0937283227801318e-10,3.8674041822704637,0.5075634762503598,0.08,3.1e-07,8e-11,1.0e5,1.0e6,2.5e-09,1.2e-06,ood_nonlin,0.9522266555261882,1.3984462125942,0.9704055534705017,-0.10495084325495575,1.4747786087017982,1.3610461598365484,PI,PI,0.00995378933543622,0.01845138477726702,0.0027232723559236275,0.00048592596701479464,3.4471116649136216e-06,0.0009961801581258604,0.5758359437701362,6.814748922448942e-11,6.2219974788824975e-12,117.00778609766235,0.0008989497552716,0.016000309265335202,4.2845529508180347e-07,1.0426003995840811e-06,3.7497592425623255e-12,0.00041814288687165666,0.17354591622846807,11228578.794008473,4423168.373965991,-0.07778543769960865,0.8587496055557517,0.634930971514472,0.18163068070184835,0.15058821837873845,0.548870453423904,-3.1059942933081466,93.92486122073791,93.84947507016636,1.1586550341873294,28.787180639013865,5.567064231499352,149.75324630741224,0.15215965425770223,109.25392290830305,0.699164537513464,28.988517711489752,-0.2013370724758872,207.6094720098854,60.806810100072624,18.767660572298848,0.18147064706327726,0.12144539154736658,0.04335295264007415,154.60315737129386,0.6312392418346552,5.5440139788211466e-09,6.742133861217263e-09,17.728426251513877,0.9522266555261882,1.3984462125942,0.9704055534705017
icp_design_011__scen_0,icp_design_011,train,0,nominal,L,L,1.356e7,2.0e6,203.4005674414909,213.85525473987983,-0.19573725795067665,50.0,50.0,2.4149931941323987e-06,5.507359567336025e-10,4.6221698556770485e-10,8.488893118017517e-07,9.465738296880003e-11,1.1307215772287762e-09,1.5921753902444543e-09,1.1414085205793159,2.53447170141296,0.08,3.1e-07,8e-11,1.0e5,1.0e6,2.5e-09,1.2e-06,nominal,1.0564702424878827,1.0058984592634586,1.0060824612933044,0.16902661983747239,0.9242109880847192,0.9861278410527416,PI,PI,0.0032967730031599756,0.006486791632247715,0.001178804531057174,0.0008004671100727296,3.315760456086457e-06,0.0014540811016790407,0.12861905865153161,2.0848596009588256e-11,4.4869338292880545e-12,115.19620361806216,0.0016505111747942638,0.07159599772965265,1.4129266298017492e-07,2.75370749293598e-07,5.727569263760538e-12,0.00011301581895717999,0.049717411742997514,3837534.4007066777,7847283.525709172,-1.418465658976874,1.2704236444696462,0.20000020562659315,0.18001320648597002,-0.7230856864083149,0.935533539295936,-13.97487257660573,92.71311171840426,92.66193772180665,0.7954031249102342,6.791705331823651,-9.092699324528242,132.39350698082131,0.04368464900132643,92.39648129616496,0.4692841939686741,6.876972735871148,-0.08526740404749748,177.40407740296453,54.991065956137874,34.35311914717063,0.05086136732867423,0.02798743175009129,0.02320163984574618,129.10139845172304,0.46400678483374086,9.436285875842221e-09,1.0432231391008292e-08,20.090912515755818,1.0564702424878827,1.0058984592634586,1.0060824612933044
icp_design_011__scen_1,icp_design_011,train,1,nominal,L,L,1.356e7,2.0e6,203.4005674414909,213.85525473987983,-0.19573725795067665,50.0,50.0,2.4149931941323987e-06,5.507359567336025e-10,4.6221698556770485e-10,8.488893118017517e-07,9.465738296880003e-11,1.1307215772287762e-09,1.5921753902444543e-09,1.1414085205793159,2.53447170141296,0.08,3.1e-07,8e-11,1.0e5,1.0e6,2.5e-09,1.2e-06,nominal,0.9754275880259246,1.017192773581632,0.9900243525231208,-0.13150864006481686,0.9390964139622251,1.058909590401633,PI,L,0.006638071025520385,0.006822559888138455,0.002201302880929272,0.0005692987572579861,2.38543005303709e-06,0.0017067734735211157,0.365882321700336,1.6941891311210932e-11,7.897618649952148e-12,65.09806670494531,0.006465387281942745,0.004297121106273649,4.892650956503705e-07,4.365778978662722e-07,1.7602574036484862e-12,0.000647126607620573,0.07229502777556934,3837534.4007066777,7847283.525709172,-1.121296563673961,1.4492125427651172,0.20005463608024684,0.18000065893331962,-0.5596426839917127,1.0619704168043804,-13.755102439898918,98.26835265335848,98.21679992884546,1.1802523498803368,14.441719999242956,-10.708838856462672,128.15280427549638,0.038105283928989125,92.4869403224127,0.713947255705081,14.489646263131991,-0.04792626388903487,169.25073321161307,56.93557274855574,39.84042446286805,0.04279389469735049,0.025973832135021926,0.022261350420561574,129.31282573830993,0.662526927227971,3.53704706453727e-09,4.076491574057174e-09,22.09595340617382,0.9754275880259246,1.017192773581632,0.9900243525231208
icp_design_011__scen_2,icp_design_011,train,2,shifted_surface,L,L,1.356e7,2.0e6,203.4005674414909,213.85525473987983,-0.19573725795067665,50.0,50.0,2.4149931941323987e-06,5.507359567336025e-10,4.6221698556770485e-10,8.488893118017517e-07,9.465738296880003e-11,1.1307215772287762e-09,1.5921753902444543e-09,1.1414085205793159,2.53447170141296,0.08,3.1e-07,8e-11,1.0e5,1.0e6,2.5e-09,1.2e-06,shifted_surface,1.1199381271364817,1.1846183277636895,1.0786772845282089,0.04685815195861659,1.2869175014969083,1.1964088838792013,PI,L,0.006122908244395853,0.006331269531478934,0.0006903889258773806,0.002577064304357806,2.6018859667399965e-06,0.0027789352752490325,0.2036403270162121,1.7699652285146506e-11,2.5961552767978268e-12,91.61205402836868,0.008124446555231191,0.14992443067248928,1.0243273386915094e-07,2.7885480510683706e-07,2.206456024364218e-12,0.0006650730555949841,0.17150097073372814,3837534.4007066777,7847283.525709172,-1.3080876475359013,1.339293321034062,0.20000190461418524,0.18000465365412535,-0.66237778011578,0.9779347270322347,-14.96923709352429,94.66712816798731,94.61925487298794,1.0223894637850952,1.923843200758056,-10.637667773907278,131.6938891856955,0.037399431066904826,92.42433590508719,0.6092581837767143,1.861892998728307,0.061950202029749483,174.92877705998183,57.853222491869936,36.424140067725936,0.040286836587675075,0.027670228050143693,0.02272681519741892,129.1648027472859,0.5765035292582994,1.870514389171786e-08,1.9742925288401787e-08,22.208312272281265,1.1199381271364817,1.1846183277636895,1.0786772845282089
icp_design_011__scen_3,icp_design_011,train,3,ood_nonlin,L,L,1.356e7,2.0e6,203.4005674414909,213.85525473987983,-0.19573725795067665,50.0,50.0,2.4149931941323987e-06,5.507359567336025e-10,4.6221698556770485e-10,8.488893118017517e-07,9.465738296880003e-11,1.1307215772287762e-09,1.5921753902444543e-09,1.1414085205793159,2.53447170141296,0.08,3.1e-07,8e-11,1.0e5,1.0e6,2.5e-09,1.2e-06,ood_nonlin,0.7811885909976156,1.3315705340049502,1.249029358268828,-0.020880277748149326,1.4741259141594294,1.2132137152532507,PI,L,0.014058046674596921,0.011760413433140717,0.002513085819227255,0.00016078108325233835,1.2543289142522592e-06,0.0013003714760262098,0.6984526825362601,2.083949059710474e-11,2.484381923568649e-11,64.18725917015857,0.0020242734098804647,0.0065892136936895425,3.897429935760714e-07,4.6085162158717357e-07,4.678996522226964e-12,0.0003374498726758843,0.2453531223528668,3837534.4007066777,7847283.525709172,-1.2411928517062836,1.3796275494680992,0.20000672359273508,0.18000231232830594,-0.6255856424094902,0.9925405210368111,-17.302406380276512,94.80295295593787,94.75472488634887,2.159575428653013,12.962180311435198,-13.158465858455425,131.44023595628576,0.0636212647524768,92.4441557038136,1.2935192815100198,13.143700309547455,-0.1815199981122554,173.1076107676682,59.211102995320175,37.566990323869454,0.06888103717847485,0.05096686249640611,0.0314944914620864,129.2114791128978,1.2089919947121062,3.9108161281456115e-09,4.481853573725899e-09,25.00068645751946,0.7811885909976156,1.3315705340049502,1.249029358268828
icp_design_012__scen_0,icp_design_012,train,0,nominal,L,L,1.356e7,2.0e6,198.91719223477534,136.6929501371803,-159.1477360886571,50.0,50.0,3.6522445632398216e-07,1.2779942642636048e-10,1.4947250529611093e-10,1.0685870778913368e-06,2.6970887040693186e-11,5.7985524998468585e-11,2.2514631040185494e-10,3.694649284698368,3.8599197888028214,0.08,3.1e-07,8e-11,1.0e5,1.0e6,2.5e-09,1.2e-06,nominal,1.1751867893007446,1.098478033491265,0.9768789462458288,0.17052910792958856,1.1470177190237403,0.955587670695716,PI,L,0.002952335361086704,0.007598764528104176,0.0004593569575230637,0.001239091003013466,4.879238663198713e-07,0.0008704856590659481,0.6121374146477231,6.381828038937763e-11,6.12314109854461e-12,63.53929578307236,0.0021805632971515256,0.009563432033587956,1.0812066559860634e-07,2.562425183895326e-07,1.8189934493914306e-12,0.00023747959023818474,0.059496367841944155,16772648.695226794,13964037.357646717,0.05516934773696376,1.8459233341759844,0.6524617980187413,0.18000000006966105,0.21507560549024848,1.4069920076636637,-172.52707013556892,159.63289428656665,159.47657229364418,8.074496201060184,-21.074302915449657,-174.59602689648023,190.67433617479307,0.07442699028367329,119.20438688300055,4.970493019753173,-22.561103767802745,1.4868008523530862,83.14821301864527,44.59389156851407,28.77580003429351,0.07695218287585026,0.04988674839088799,0.05923490709811669,168.78936365122905,3.951624087730589,3.460388162048438e-09,4.139159396812713e-09,183.51480521018303,1.1751867893007446,1.098478033491265,0.9768789462458288
icp_design_012__scen_1,icp_design_012,train,1,nominal,L,L,1.356e7,2.0e6,198.91719223477534,136.6929501371803,-159.1477360886571,50.0,50.0,3.6522445632398216e-07,1.2779942642636048e-10,1.4947250529611093e-10,1.0685870778913368e-06,2.6970887040693186e-11,5.7985524998468585e-11,2.2514631040185494e-10,3.694649284698368,3.8599197888028214,0.08,3.1e-07,8e-11,1.0e5,1.0e6,2.5e-09,1.2e-06,nominal,1.1998909630386885,1.0891330933603292,0.90660025023479,0.13280145298913515,0.937518936999499,0.9804342665814986,L,L,0.004929705611917748,0.009350129657625815,0.001238352753710058,0.00148117681443223,1.1752365403581975e-06,0.0008833847129964536,0.14584136099806017,2.0366610723552955e-11,1.4465295109891605e-12,75.69325321401945,0.001511827656868941,0.024346413960698726,1.1642826338703726e-07,4.926066623299613e-07,5.098186878271182e-12,0.0007231534136392831,0.06132173134254919,16772648.695226794,13964037.357646717,0.08793149671222708,1.8666725755713829,0.679335104896495,0.18000000004262137,0.2330947874266433,1.4271387723213258,-171.5645331153782,159.6699862605042,159.51921402567143,3.3910981575927486,6.297301864164007,-173.8996486533867,189.9006854193068,0.02365650670074442,120.90494387579349,2.087551559349581,5.725367684739492,0.5719341794245157,83.79780932669016,44.08397316656908,28.968353184041852,0.024525182249038525,0.015538500305637571,0.018948016421878412,171.2474753485354,1.6605679041890207,6.14281024456241e-09,6.759411418452881e-09,182.7164432867005,1.1998909630386885,1.0891330933603292,0.90660025023479
icp_design_012__scen_2,icp_design_012,train,2,shifted_surface,L,L,1.356e7,2.0e6,198.91719223477534,136.6929501371803,-159.1477360886571,50.0,50.0,3.6522445632398216e-07,1.2779942642636048e-10,1.4947250529611093e-10,1.0685870778913368e-06,2.6970887040693186e-11,5.7985524998468585e-11,2.2514631040185494e-10,3.694649284698368,3.8599197888028214,0.08,3.1e-07,8e-11,1.0e5,1.0e6,2.5e-09,1.2e-06,shifted_surface,0.9875638278478726,1.3213749630939466,1.170342767979995,0.014745455396560843,1.0894379240504473,1.135245459534058,PI,PI,0.00697947233890785,0.00949805145320688,0.0024496805335161138,0.00019594770596805734,7.406417349885746e-07,0.0007779149168279676,0.44763434738452434,3.312732149636053e-11,4.9684890540171286e-12,103.15138587143932,0.007552423706304229,0.04767668633315573,5.175483877922961e-07,1.0791207540060868e-07,7.404620315984292e-13,0.0007885172105955726,0.10985715888739968,16772648.695226794,13964037.357646717,0.1979874251396214,1.934529718528916,0.546291881305659,0.1800000000074198,0.29362554806171015,1.4535393709719828,-175.17675063879994,164.18092628275616,164.0226431577816,4.9959923544399985,15.201187350136573,-177.85250769020257,193.55970491331178,0.03840241829163903,112.63376856299045,3.07959062016599,14.369297247442953,0.8318901026936185,84.96064224704126,45.58398185184234,29.732747476649752,0.03887904691539976,0.026032618704247383,0.03145928243206475,159.4524075622394,2.4572644045520655,3.204574068942372e-08,3.704342778169802e-08,186.96930406057103,0.9875638278478726,1.3213749630939466,1.170342767979995
icp_design_012__scen_3,icp_design_012,train,3,ood_nonlin,L,L,1.356e7,2.0e6,198.91719223477534,136.6929501371803,-159.1477360886571,50.0,50.0,3.6522445632398216e-07,1.2779942642636048e-10,1.4947250529611093e-10,1.0685870778913368e-06,2.6970887040693186e-11,5.7985524998468585e-11,2.2514631040185494e-10,3.694649284698368,3.8599197888028214,0.08,3.1e-07,8e-11,1.0e5,1.0e6,2.5e-09,1.2e-06,ood_nonlin,1.2492414019748197,1.0930225976291856,1.1170463878660366,0.22820557777856146,1.5644503124969686,1.4773400102605785,PI,L,0.010111850133780659,0.019753476314728107,0.00039678206738229737,0.00040387359510144177,8.100670260857586e-07,0.0035488232796753263,0.6001296018654594,1.9737626595758193e-11,8.700516618796221e-12,54.18657164437944,0.00458918058891079,0.18343060283228815,2.220468742519937e-06,7.090689534988918e-07,4.610594952140687e-12,0.00019748346107436332,0.20501806390996974,16772648.695226794,13964037.357646717,0.007070998993405022,1.8150122886454412,0.662592147719089,0.1800000001433582,0.18862151368129115,1.3741408804626671,-174.44680341482058,159.77798680639307,159.62304737938686,4.891630130988565,-11.150551773172968,-176.08396972200325,192.34390542155177,0.02203774054634226,119.81304868922642,3.0130177293276823,-12.13537370916461,0.9848219359916429,82.12861785763322,45.41112503152337,28.495808010686247,0.021963356320974747,0.015217206296262631,0.016868915920158867,169.6264668463408,2.3907690868884535,3.032516569415646e-07,3.471889532937288e-07,185.16619472830791,1.2492414019748197,1.0930225976291856,1.1170463878660366
icp_design_013__scen_0,icp_design_013,train,0,nominal,L,L,1.356e7,2.0e6,327.44144341630874,113.90807503836548,-104.38293964173296,50.0,50.0,3.046622210006606e-07,1.8535794413260131e-10,1.1912594123849306e-10,2.428865030909072e-07,4.1010356428373615e-11,1.8430415185696066e-10,2.4586928745534168e-09,1.3715681951962577,1.0149204623458667,0.08,3.1e-07,8e-11,1.0e5,1.0e6,2.5e-09,1.2e-06,nominal,1.119913004347537,1.0814431064312338,1.0510451885885825,0.12695370258137914,0.9540620905796313,1.1064466977664078,PI,PI,0.0026264818722754528,0.009652919153082647,0.0006726825973096639,0.0017051972242880054,1.5052896469795275e-06,0.0014979555428216139,0.43909627850757044,3.579318659109475e-11,8.760919972465925e-13,110.9586460812711,0.0032879369029411095,0.09154964021914759,3.4151525931457005e-07,8.80554712336359e-08,4.180692124647097e-12,0.0005076253999322575,0.15456270175919912,18290431.952921174,29906744.770256333,0.1797356425174723,2.6315263458651224,0.6597036868022111,0.18,0.16743301314442266,1.8087308501357924,-118.77805454464219,136.3944480134684,136.30386121165017,4.322146888792132,0.590839976196885,-125.12518417671298,141.06191950394208,0.03532265364438264,196.89390249230934,2.666097542894977,0.016397709986204764,0.5744422662106808,85.9398132342588,43.887560502284344,30.437580088692926,0.033683398497645636,0.025261421481551954,0.03183532795198365,278.7022157851316,2.109093249574178,2.714899563728354e-08,2.7983730775261305e-08,133.90269627716984,1.119913004347537,1.0814431064312338,1.0510451885885825
icp_design_013__scen_1,icp_design_013,train,1,nominal,L,L,1.356e7,2.0e6,327.44144341630874,113.90807503836548,-104.38293964173296,50.0,50.0,3.046622210006606e-07,1.8535794413260131e-10,1.1912594123849306e-10,2.428865030909072e-07,4.1010356428373615e-11,1.8430415185696066e-10,2.4586928745534168e-09,1.3715681951962577,1.0149204623458667,0.08,3.1e-07,8e-11,1.0e5,1.0e6,2.5e-09,1.2e-06,nominal,1.0250499767185168,1.014463394562835,1.0531150844020805,-0.16435527345085355,1.039899118471602,1.0694214678666492,PI,L,0.0059470335162191,0.011339217039470361,0.000284887600445734,0.002683234816585368,2.8069598335129007e-06,0.0020928471158933623,0.27964206377144296,1.540549046054423e-11,1.988634421509623e-12,56.325097269286815,0.003640650510394249,0.06505409335859862,1.383004511661135e-07,3.5298832761289023e-07,5.72226119521748e-12,0.00030339092670601407,0.07519487298205746,18290431.952921174,29906744.770256333,0.47880552096649637,2.8087576248583064,0.30710960357240824,0.18,0.3319214462913859,1.9326271537659412,-118.80640383770385,143.27199670077155,143.17960183790984,1.879245010851278,-0.9837605061578504,-126.65581667436315,143.15126809240053,0.01783343311777332,160.97582647308877,1.1628371727083144,-1.4463496203384625,0.46258911418061155,92.56365697269476,45.65240202326444,31.381297884380775,0.016970070869495098,0.012739487706640061,0.0160617927160644,227.24246787189395,0.9219421489751166,1.7944563347744085e-08,1.8936282913491234e-08,135.78629707901604,1.0250499767185168,1.014463394562835,1.0531150844020805
icp_design_013__scen_2,icp_design_013,train,2,shifted_surface,L,L,1.356e7,2.0e6,327.44144341630874,113.90807503836548,-104.38293964173296,50.0,50.0,3.046622210006606e-07,1.8535794413260131e-10,1.1912594123849306e-10,2.428865030909072e-07,4.1010356428373615e-11,1.8430415185696066e-10,2.4586928745534168e-09,1.3715681951962577,1.0149204623458667,0.08,3.1e-07,8e-11,1.0e5,1.0e6,2.5e-09,1.2e-06,shifted_surface,0.7660210412733934,1.3135027423295533,1.0463802254049719,-0.19546573706504838,1.0693676279907112,1.1777869252409876,PI,PI,0.006930774162002807,0.006425180236595868,0.0030725387292183668,0.000346074051225625,2.3331910455284723e-06,0.002521587630868494,0.20318305781013832,2.2985227530714322e-11,1.895632022645923e-12,104.71885818462046,0.004958386265849082,0.00591060045873248,3.410144980849077e-07,5.174363230798646e-07,3.488695703101726e-12,0.0003669279535972744,0.06940060317966867,18290431.952921174,29906744.770256333,0.5167455208534336,2.829683449590412,0.28100248345472023,0.18,0.3527884462292014,1.947814019798184,-118.71416320887946,143.963123565702,143.85066138337018,2.3559711407686863,67.40884260440015,-126.74847606837585,143.30374548521917,0.02682569947557834,158.34107459419815,1.4361505635303793,66.81994093471712,0.5889016696830198,93.19793677393392,45.858407001157985,31.574596619151237,0.02558317281399156,0.019258584375872786,0.02433302979190596,223.44110664777352,1.2384282481696356,3.172171109709461e-09,4.2139487503504995e-09,135.92015746860744,0.7660210412733934,1.3135027423295533,1.0463802254049719
icp_design_013__scen_3,icp_design_013,train,3,ood_nonlin,L,L,1.356e7,2.0e6,327.44144341630874,113.90807503836548,-104.38293964173296,50.0,50.0,3.046622210006606e-07,1.8535794413260131e-10,1.1912594123849306e-10,2.428865030909072e-07,4.1010356428373615e-11,1.8430415185696066e-10,2.4586928745534168e-09,1.3715681951962577,1.0149204623458667,0.08,3.1e-07,8e-11,1.0e5,1.0e6,2.5e-09,1.2e-06,ood_nonlin,0.9014797109235217,1.2045120539453977,1.0641762083174575,0.18193644825444957,1.4935555050454479,1.2756632865468538,PI,PI,0.006969022895441834,0.015919579710148585,0.002640941020696032,0.0003407939405368775,3.6291946544517394e-06,0.000973980281960972,0.38557214582608085,3.277012323970334e-11,2.283705382260096e-11,62.11060541109437,0.0010470490233335024,0.008562008136863673,1.9598701423152017e-07,1.0599569914725216e-07,5.394331698762672e-12,0.0006924277587717872,0.220906654924957,18290431.952921174,29906744.770256333,0.13209964524556198,2.601332194901019,0.7130910490822768,0.18,0.14123321464487198,1.78654446288261,-118.95789699084887,135.52149488167242,135.40216214385393,2.048743319056935,97.1630117147125,-125.05075808745116,141.15296509523824,0.039215043814321955,202.3547400741825,1.2321704377053047,96.61979377957203,0.5432179351404433,85.00957101560702,45.38421635733929,30.541159968410238,0.03528594263887688,0.029442194210510392,0.03465365033413175,286.45314980787265,1.120048504427952,2.981396910085978e-09,4.15691758632552e-09,134.127601358919,0.9014797109235217,1.2045120539453977,1.0641762083174575
icp_design_014__scen_0,icp_design_014,train,0,nominal,L,L,1.356e7,2.0e6,245.7289869569479,80.31101897778841,-85.59297226780205,50.0,50.0,1.4127552042712174e-07,7.494523731083166e-10,1.776224355685069e-10,3.8764459088557546e-07,2.829130323087089e-11,1.5982630424013652e-10,1.1786366134194943e-09,3.0181739411116397,3.0720616470115543,0.08,3.1e-07,8e-11,1.0e5,1.0e6,2.5e-09,1.2e-06,nominal,0.9757603889268873,1.015048769293749,1.0745998523387137,-0.080697933977319,1.0999194892101525,0.9264304180638332,L,PI,0.006600013878107919,0.008929264513596522,0.00043263634591199417,0.0001896281691110279,1.3081607425034376e-06,0.004031889197429079,0.40836628923607826,3.505226996833365e-11,1.0348304890332888e-11,73.38922211673706,0.0011341156077506556,0.003934796409304954,6.646217083355609e-07,3.7378620818297895e-08,3.1856101158838576e-12,0.0006612494201761491,0.17705971787880298,14413035.810362104,21785481.579230547,0.145149299901459,2.437726800085398,0.6647063410294405,0.18,0.23074081200138447,1.774043854223259,-100.31069184543308,112.50631364533135,112.43870987047427,3.7362010963437875,-6.553896098326567,-104.51119496816625,113.98302106374605,0.026575721237370967,148.2228058777516,2.3004626365461225,-7.20841392844782,0.6545178301212535,60.5301258156809,31.233857136297594,20.249492759175684,0.02546008730484564,0.01923547735395937,0.02277150161585957,209.91877965708295,1.8296732336325454,2.7439456771288073e-09,3.0517167183770854e-09,110.75796639542577,0.9757603889268873,1.015048769293749,1.0745998523387137
icp_design_014__scen_1,icp_design_014,train,1,nominal,L,L,1.356e7,2.0e6,245.7289869569479,80.31101897778841,-85.59297226780205,50.0,50.0,1.4127552042712174e-07,7.494523731083166e-10,1.776224355685069e-10,3.8764459088557546e-07,2.829130323087089e-11,1.5982630424013652e-10,1.1786366134194943e-09,3.0181739411116397,3.0720616470115543,0.08,3.1e-07,8e-11,1.0e5,1.0e6,2.5e-09,1.2e-06,nominal,0.9226035968182785,0.9086086534269684,0.9022137906890453,0.14530598299715528,1.1552690905501235,1.0264463850315806,L,PI,0.007642501657924516,0.007039281723005266,0.0014463344738768385,0.00028901254218175696,2.0329014289331624e-06,0.0016669157773568147,0.336471593358559,5.294467105390125e-11,3.993889345777005e-12,88.76232854954284,0.0028931506045750894,0.019575569945889208,1.4518144290563222e-07,6.799950814510537e-07,3.3689588730133557e-12,0.00045408650913493205,0.19429862516173768,14413035.810362104,21785481.579230547,-0.07466305619089213,2.3045060950297014,0.7211325396241488,0.18000000000000063,0.10984401615059132,1.694580245616245,-97.94969234507921,107.68599117990844,107.61736471634724,2.491882356372263,22.33139549654124,-101.48127664238349,111.06633010554336,0.03441699486609934,152.4381828136362,1.5347295207703149,21.831802371589884,0.4995931249513559,57.47634097989787,30.402446493192123,19.65892357646011,0.033441363921905505,0.024961108744356197,0.029596473134484082,215.74245039234142,1.2244298191714942,3.2905134547662597e-09,3.912500864586964e-09,107.56176594102192,0.9226035968182785,0.9086086534269684,0.9022137906890453
icp_design_014__scen_2,icp_design_014,train,2,shifted_surface,L,L,1.356e7,2.0e6,245.7289869569479,80.31101897778841,-85.59297226780205,50.0,50.0,1.4127552042712174e-07,7.494523731083166e-10,1.776224355685069e-10,3.8764459088557546e-07,2.829130323087089e-11,1.5982630424013652e-10,1.1786366134194943e-09,3.0181739411116397,3.0720616470115543,0.08,3.1e-07,8e-11,1.0e5,1.0e6,2.5e-09,1.2e-06,shifted_surface,0.8138026878178435,1.2834271204872476,1.0694861163464426,-0.19220986632280807,1.1494891634594082,1.2724829820004528,L,PI,0.004170560960495503,0.010417021752847522,0.0036048089124900715,0.0005418055745410536,1.4964484714021411e-06,0.004189434263647793,0.2315566718396989,4.616221409619564e-11,2.785340938858183e-12,68.30007960442347,0.0030220957511464647,0.004885153438087975,2.473749271588102e-07,6.601914584468461e-08,3.5655635931240927e-12,6.646337792555235e-05,0.1771275010018938,14413035.810362104,21785481.579230547,0.2744617689194916,2.5106325575219937,0.5110853597396412,0.18,0.3018626699613024,1.8254869833082579,-100.24065411728293,114.83973980707104,114.7569766189998,3.0808666569933987,55.73911864708329,-104.88050039806949,114.48736055724363,0.03128133590139994,136.43373195997177,1.8881897141085053,55.00806673565553,0.731051911427755,62.68472614006307,31.936728781813887,20.50626153159556,0.0303300948212938,0.022631981287970795,0.027019197011014177,193.09360767348915,1.5722822752526795,2.3750573469622163e-09,3.084331510637759e-09,111.26784615443226,0.8138026878178435,1.2834271204872476,1.0694861163464426
icp_design_014__scen_3,icp_design_014,train,3,ood_nonlin,L,L,1.356e7,2.0e6,245.7289869569479,80.31101897778841,-85.59297226780205,50.0,50.0,1.4127552042712174e-07,7.494523731083166e-10,1.776224355685069e-10,3.8764459088557546e-07,2.829130323087089e-11,1.5982630424013652e-10,1.1786366134194943e-09,3.0181739411116397,3.0720616470115543,0.08,3.1e-07,8e-11,1.0e5,1.0e6,2.5e-09,1.2e-06,ood_nonlin,1.1417825306858662,0.8625307798576417,0.8504924318044096,-0.012007812793364466,1.5149546092481017,1.5498426787374548,PI,L,0.014795963364115646,0.014076321928952059,0.0003838663901734772,0.0018613047046386838,1.1221236130395052e-06,0.0009320582190568607,0.331220803852692,3.4457445669879903e-11,7.416359349669976e-12,42.89550504359822,0.0020956177448831735,0.013089148914372403,7.721880036816396e-07,1.78129878102031e-07,1.2358257818994058e-12,0.00023319481823819732,0.25240523974026946,14413035.810362104,21785481.579230547,0.07308926812442765,2.3953273515410136,0.6759681720905325,0.18000000000000005,0.19110779452401722,1.7622928338849346,-97.24131661379525,110.45390786241613,110.38869977225006,4.391433580345443,-11.073888953343474,-101.35203122104156,111.19306955775836,0.02169118436659739,149.0470590619847,2.704025741436792,-11.388353683895998,0.31446473055252194,60.03930109358279,32.028436912629196,20.17507641021902,0.020906595935880037,0.016113679873615006,0.018643250305156688,211.03519404855842,2.1459520408428254,1.33698284291285e-08,1.5199322720479167e-08,107.7577186035674,1.1417825306858662,0.8625307798576417,0.8504924318044096
icp_design_015__scen_0,icp_design_015,train,0,nominal,L,L,1.356e7,2.0e6,117.91317538221902,216.42939088000105,-97.18674575668408,50.0,50.0,1.210904982270652e-07,2.699534718420728e-10,9.905167570740347e-10,6.910592331960452e-07,1.746855325998568e-10,2.810654093579384e-11,7.130252286217896e-09,2.6552008140542998,2.438623626748477,0.08,3.1e-07,8e-11,1.0e5,1.0e6,2.5e-09,1.2e-06,nominal,1.0538191848000764,0.9102963470190941,0.9701529846782939,-0.1116860238813547,1.1429256811106137,0.9082169051475558,PI,L,0.004240773691320925,0.007882961476596742,0.0007221692911905565,0.0017621390317152988,3.611247824637839e-06,0.004418355711899078,0.11239745692307673,2.7005677449631387e-11,1.0120066027540811e-11,63.19953239474793,0.007372402635989513,0.008753159010299447,1.241692128349906e-06,1.1928069877327455e-07,1.896081049898282e-12,0.0004921413702615008,0.07067151091368912,18365165.051359117,12572496.254325943,0.4217614057702177,1.9077269371598882,0.33775270939710716,0.18000000004098454,0.3647288138763347,1.379727798575082,-110.47396103432905,137.43238661534787,137.35580723401844,0.5363802094406903,2.519155840385348,-113.15954313729772,166.43046059384065,0.06143031605578328,59.10490970027233,0.33091953595667906,1.6029769897514523,0.916178850633896,142.8065181468433,67.51054439139013,49.47712919981287,0.05896080263676448,0.04378347741466175,0.05096547749995289,83.49715076786637,0.2658397917477427,1.0424061447956735e-08,1.1085857956440672e-08,126.66165201557574,1.0538191848000764,0.9102963470190941,0.9701529846782939
icp_design_015__scen_1,icp_design_015,train,1,nominal,L,L,1.356e7,2.0e6,117.91317538221902,216.42939088000105,-97.18674575668408,50.0,50.0,1.210904982270652e-07,2.699534718420728e-10,9.905167570740347e-10,6.910592331960452e-07,1.746855325998568e-10,2.810654093579384e-11,7.130252286217896e-09,2.6552008140542998,2.438623626748477,0.08,3.1e-07,8e-11,1.0e5,1.0e6,2.5e-09,1.2e-06,nominal,1.0175553414903493,0.9485627317063634,0.987880796332394,0.17177152499060783,1.0400211171005553,1.0143323348328241,L,PI,0.004762522849650717,0.0042796434448629924,0.0007862235087482596,0.0015508191670792787,6.637958468118066e-07,0.0009298646821090011,0.3249348552637622,2.0173311057375453e-11,1.677057474463921e-11,41.02816781654201,0.005268499154159606,0.08921961929746758,5.435454934902178e-07,1.0001443766047034e-07,5.369354463740215e-12,0.00041362863174245797,0.09643569212792778,18365165.051359117,12572496.254325943,0.14481465639352223,1.7402736320472896,0.682229771750225,0.18000000181867618,0.21240810171915223,1.261092260063935,-110.71676112025561,128.4010975710615,128.32656376820512,3.5701180925353686,-3.3959841173274987,-111.08400044636961,166.48457231520834,0.0503399946811758,71.7652684525106,2.1972534398570125,-3.7135757043291044,0.3175915870016059,144.5043716865676,62.47622202520103,45.54270856119882,0.04711886531296304,0.03611191328081814,0.04069946670262939,101.63262212214677,1.7461864138069305,1.1152617192180625e-07,1.2048295791575978e-07,123.57924485140983,1.0175553414903493,0.9485627317063634,0.987880796332394
icp_design_015__scen_2,icp_design_015,train,2,shifted_surface,L,L,1.356e7,2.0e6,117.91317538221902,216.42939088000105,-97.18674575668408,50.0,50.0,1.210904982270652e-07,2.699534718420728e-10,9.905167570740347e-10,6.910592331960452e-07,1.746855325998568e-10,2.810654093579384e-11,7.130252286217896e-09,2.6552008140542998,2.438623626748477,0.08,3.1e-07,8e-11,1.0e5,1.0e6,2.5e-09,1.2e-06,shifted_surface,1.2288522752457736,1.2179324778725447,1.106288616724961,0.05116805605953846,1.072974298913881,1.1788324953646854,PI,L,0.009936731092301573,0.009831221846748927,0.0005247402305314787,0.002425831835365678,3.2979382480744127e-06,0.003210912193097859,0.15491571643584545,6.66749938993908e-11,2.9577827993407063e-12,75.63970557072105,0.002244860158810304,0.003499670369883987,5.016552845869104e-07,9.376665015325773e-07,3.33739571965533e-12,0.0007226658118228055,0.08282917510768832,18365165.051359117,12572496.254325943,0.2534294037816551,1.8081254187123588,0.5192941048202055,0.180000000434222,0.2721462127826253,1.299115885098078,-112.33847464520035,132.13139592015656,132.05462883057078,0.6559846374656004,2.059907914395794,-113.42479844433363,167.59470324243816,0.12706143668562364,65.75729253330952,0.4050358800929931,0.9847250484606316,1.075182865935162,143.61176634141296,63.96801350993328,47.04525292545577,0.12872451232421347,0.08314457528716396,0.10231936877865375,93.05407552990162,0.32184293174340495,2.460088028693523e-09,2.6013204946795226e-09,126.21840114632029,1.2288522752457736,1.2179324778725447,1.106288616724961
icp_design_015__scen_3,icp_design_015,train,3,ood_nonlin,L,L,1.356e7,2.0e6,117.91317538221902,216.42939088000105,-97.18674575668408,50.0,50.0,1.210904982270652e-07,2.699534718420728e-10,9.905167570740347e-10,6.910592331960452e-07,1.746855325998568e-10,2.810654093579384e-11,7.130252286217896e-09,2.6552008140542998,2.438623626748477,0.08,3.1e-07,8e-11,1.0e5,1.0e6,2.5e-09,1.2e-06,ood_nonlin,0.9760065179312705,0.8846164041963813,0.9676612000386245,-0.10867707846645637,1.2948240602046583,1.440147249731601,L,PI,0.006995286850230036,0.014337028650577085,0.0017478533484038019,0.0004491431052787227,1.1350727983453287e-06,0.001426808032398952,0.6314480248593554,1.707309197911081e-11,4.5563265069092674e-12,58.1700496984341,0.0009932974285267054,0.04865719331284245,1.2269762903513284e-07,1.645391863456435e-07,4.709786992271513e-12,0.00023437141755977455,0.189349247552595,18365165.051359117,12572496.254325943,0.4183798752051021,1.9057937697161278,0.354291933499134,0.180000000038746,0.36286897206552116,1.3785739241356232,-110.43983355193316,137.5402668138972,137.4633722079336,1.719792482518398,3.5750699640639265,-113.09908118787264,166.59581523931004,0.03603288234444263,59.711894598799404,1.0612192054462912,3.2414205383386894,0.33364942572523676,142.9453774782521,68.48950283516605,49.54312496654199,0.03308574801913525,0.025925505940322377,0.030441033480184905,84.3763387806755,0.8495922158853579,1.3944386131725036e-08,1.499901987920836e-08,126.79698175490586,0.9760065179312705,0.8846164041963813,0.9676612000386245
icp_design_016__scen_0,icp_design_016,train,0,nominal,L,L,1.356e7,2.0e6,131.90496606229274,107.53029561071038,-11.37532158084386,50.0,50.0,1.596578117582811e-07,2.0126287256962941e-10,3.6831976830491076e-10,8.494727522769014e-08,8.768819319875352e-11,1.4706677545642488e-09,2.9159099591372626e-10,3.299612200340221,0.6927466641744495,0.08,3.1e-07,8e-11,1.0e5,1.0e6,2.5e-09,1.2e-06,nominal,1.188164324681418,1.0549082134748609,1.0878054071842376,-0.13238500932617997,0.9500606998885421,0.9778757928785922,L,PI,0.006892112940328755,0.006270469669237544,0.0006461210609478338,0.001400277252811195,1.260426455131151e-06,0.001993659946350289,0.2775451635901888,1.340868856373985e-11,4.0481265798672245e-12,50.6865072547771,0.001786104909915564,0.038475373303888394,3.191544213439374e-07,4.922507529167501e-07,3.4892300018955543e-12,0.00035527191112402035,0.08750154512614848,20493786.47290692,23439487.33003932,0.5550046806605548,2.544038240259897,0.25409613656694297,0.18,0.47023318438031625,1.7284396688159112,-26.27390443763918,100.70535066195347,100.68279461550888,1.6084783764457562,-0.2607845479908275,-31.34891468532078,68.43576177425346,0.016833109819893062,62.723816769372526,0.9843099758377499,-0.3545628208996661,0.09377827290883853,75.0318263391031,38.26079874776189,30.448616191066904,0.015778333796859317,0.012256685636544687,0.014978706627292686,88.51702846785567,0.8008797288757592,1.1049951594164478e-08,1.1345905884982548e-08,39.00107443487316,1.188164324681418,1.0549082134748609,1.0878054071842376
icp_design_016__scen_1,icp_design_016,train,1,nominal,L,L,1.356e7,2.0e6,131.90496606229274,107.53029561071038,-11.37532158084386,50.0,50.0,1.596578117582811e-07,2.0126287256962941e-10,3.6831976830491076e-10,8.494727522769014e-08,8.768819319875352e-11,1.4706677545642488e-09,2.9159099591372626e-10,3.299612200340221,0.6927466641744495,0.08,3.1e-07,8e-11,1.0e5,1.0e6,2.5e-09,1.2e-06,nominal,1.05876788832625,1.0103834776544691,1.062169483273313,-0.13034156349817766,1.095955406595873,0.9876170268802191,L,PI,0.007802772962314634,0.010099547507767035,0.0011136238852789573,0.00014747817239636597,2.691089802539643e-06,0.0025390711006438907,0.13899016672051392,1.2440683857794353e-11,9.119564730254103e-13,44.30275674373219,0.005972858903597693,0.05532815716544038,6.164326217714131e-07,4.926283801726223e-07,5.2368334065898914e-12,0.00045038326152424475,0.07460894718088257,20493786.47290692,23439487.33003932,0.5526522049495579,2.542707268052095,0.25514885396530423,0.18,0.46893932273926797,1.7295588621833238,-25.922794823755154,100.87797795645909,100.85420230996792,0.7578818880434167,3.155686825166845,-31.01377705804758,68.41197100428684,0.013824371452726938,62.76654456476113,0.46396757789725435,3.028389782220043,0.12729704294680116,75.11629429032357,38.74182044761509,30.504179113971,0.012878042002262897,0.010125650165361556,0.012309451830041777,88.57882921635807,0.3810486502481887,2.6926139385537634e-08,2.88394303888115e-08,38.7621411475706,1.05876788832625,1.0103834776544691,1.062169483273313
icp_design_016__scen_2,icp_design_016,train,2,shifted_surface,L,L,1.356e7,2.0e6,131.90496606229274,107.53029561071038,-11.37532158084386,50.0,50.0,1.596578117582811e-07,2.0126287256962941e-10,3.6831976830491076e-10,8.494727522769014e-08,8.768819319875352e-11,1.4706677545642488e-09,2.9159099591372626e-10,3.299612200340221,0.6927466641744495,0.08,3.1e-07,8e-11,1.0e5,1.0e6,2.5e-09,1.2e-06,shifted_surface,1.2314866845228447,1.122177024081474,1.1589048637097503,-0.15471441347613346,1.3169149763432173,1.0866069922291803,L,PI,0.004264003034017229,0.015394685013292478,0.0032161747042611906,0.002355864796773184,2.519674076572181e-06,0.0007525114874429317,0.6441939502275535,1.973366978853926e-11,5.548459593659045e-12,48.92560059108475,0.0043406572084214775,0.031061769383577232,2.3013520670817502e-07,9.268638786275814e-08,5.802979122525368e-12,0.0003044025895140882,0.217530008630897,20493786.47290692,23439487.33003932,0.5810781953128881,2.5586988374092794,0.24345246370610343,0.18,0.48457361743909955,1.7330141302984379,-27.247682594212602,101.0756932927485,101.05117775000724,0.867704915519448,11.066099860002181,-32.38029125972929,69.2743786861461,0.024471101877802364,62.2921490016734,0.5187809598316967,11.05474335817475,0.011356501827428046,75.25157589157102,39.52766893606497,30.689286573460883,0.021814574869003223,0.01882143781178225,0.02162249663089562,87.89273417746959,0.4688667792628911,7.431573417031301e-09,8.420440809426947e-09,40.285825046942286,1.2314866845228447,1.122177024081474,1.1589048637097503
icp_design_016__scen_3,icp_design_016,train,3,ood_nonlin,L,L,1.356e7,2.0e6,131.90496606229274,107.53029561071038,-11.37532158084386,50.0,50.0,1.596578117582811e-07,2.0126287256962941e-10,3.6831976830491076e-10,8.494727522769014e-08,8.768819319875352e-11,1.4706677545642488e-09,2.9159099591372626e-10,3.299612200340221,0.6927466641744495,0.08,3.1e-07,8e-11,1.0e5,1.0e6,2.5e-09,1.2e-06,ood_nonlin,1.1775047889324017,1.3588510127776405,0.89426279983883,0.08943410309290066,1.6957649656159672,1.3401453356553283,L,L,0.014782841192990672,0.023580330786719644,0.00023549163709472932,0.0006509159627034486,8.458890356375139e-07,0.001033964614956532,0.23674851973098432,2.9016356182180462e-11,6.191250066789102e-12,59.77094000893961,0.0026506437322065556,0.0524532261738766,2.699646181287412e-07,1.6683787435717709e-07,4.387703691588571e-12,0.0006088525950144213,0.2760452452657686,20493786.47290692,23439487.33003932,0.32733906885529795,2.409004656556041,0.43902224625269626,0.18000000000000002,0.34501709788742496,1.6493995688108447,-23.623144887436474,96.86055316828468,96.83243940344254,2.7220722587789328,-4.464061478163086,-27.823981614026497,67.17783878368438,0.035741572492310573,70.27988240835184,1.6754621188824563,-4.440026636576019,-0.02403484158706708,74.55692210303295,39.71924461832528,29.803364786689997,0.031087714396922907,0.02839034481717197,0.030941648031380154,99.41601500415706,1.3423716312036535,1.1788048899574454e-08,1.2784295846795873e-08,35.76783053769155,1.1775047889324017,1.3588510127776405,0.89426279983883
icp_design_017__scen_0,icp_design_017,train,0,nominal,PI,PI,1.356e7,2.0e6,221.62774817027469,161.4406966867309,-126.87366462796845,50.0,50.0,2.832527514517459e-07,4.6513652372648275e-10,8.22345561510528e-10,7.946393241745232e-07,1.979438886475505e-09,2.359873545324216e-10,1.4542425936704585e-08,3.3467896791477556,2.3056135570851244,0.08,3.1e-07,8e-11,1.0e5,1.0e6,2.5e-09,1.2e-06,nominal,0.8621398685181126,0.9018246080084915,1.0760101346680089,-0.17222665918057148,1.0065044099899574,1.0694520139790373,L,L,0.0046692265386244994,0.007555240145684034,0.0008926312133135975,0.0006004269009049925,1.2504754558657318e-06,0.0009386823382439959,0.45069257607449537,1.1656495482431293e-11,1.7401721005989069e-12,30.946740479795046,0.003002294120794047,0.08724193788691462,1.3045523323865908e-06,4.0929066995343937e-07,1.506530474013035e-12,6.838541514197054e-05,0.10419310562939274,10715853.989806859,3899451.128508884,-0.046384051317642346,0.7767626904187841,0.6715797534136041,0.1874395547177115,0.1418282557326845,0.5729337503739644,-141.50823496807845,104.88445962459397,104.78091871451467,3.5445023255589176,1.591956842829563,-135.708877405775,174.57222291830064,0.015830186977621813,134.06617035645402,2.1865365610864202,1.389544032082862,0.20241281074670142,117.80805115070795,34.97371130337873,10.991607831802936,0.019652884321266773,0.010898834870178283,0.00410043033405673,189.74303870055596,1.7286503672004776,1.8187911874830195e-07,1.9105839579358135e-07,142.70361966645075,0.8621398685181126,0.9018246080084915,1.0760101346680089
icp_design_017__scen_1,icp_design_017,train,1,nominal,PI,PI,1.356e7,2.0e6,221.62774817027469,161.4406966867309,-126.87366462796845,50.0,50.0,2.832527514517459e-07,4.6513652372648275e-10,8.22345561510528e-10,7.946393241745232e-07,1.979438886475505e-09,2.359873545324216e-10,1.4542425936704585e-08,3.3467896791477556,2.3056135570851244,0.08,3.1e-07,8e-11,1.0e5,1.0e6,2.5e-09,1.2e-06,nominal,0.8599577029572344,0.9414675879218967,0.9533369464548597,0.04635413897903556,0.9040954247220114,1.1182533898575229,PI,PI,0.007689438129181379,0.004370959624928591,0.0005547964384678881,0.001001448796286948,4.621350799037784e-06,0.003822566204025374,0.2695542233091621,2.5666028072810436e-11,1.3779124629110152e-12,89.84344495792256,0.0022498902295461274,0.008511802262738857,1.1451485830962467e-06,4.5679351849989243e-07,1.4153867159590648e-12,7.448274370425372e-05,0.06822510274929247,10715853.989806859,3899451.128508884,-0.28071182969272657,0.6402558851534077,0.49340123054399543,0.2083215220272385,0.012947977626388163,0.4871928417452528,-139.58496804401068,102.76835396560192,102.66448597937843,0.867934404194593,5.446811564272137,-135.15155557496573,174.79204641310588,0.03599279069263945,121.52246208192749,0.5393641181159425,4.830301216715193,0.6165103475569434,119.41036578858974,33.6641542798331,8.3985095210797,0.04530556839179432,0.024455934263772617,0.006187650785553077,171.5563163931801,0.4263977961714016,6.232838477641632e-09,6.814696516989283e-09,141.88438643093235,0.8599577029572344,0.9414675879218967,0.9533369464548597
icp_design_017__scen_2,icp_design_017,train,2,shifted_surface,PI,PI,1.356e7,2.0e6,221.62774817027469,161.4406966867309,-126.87366462796845,50.0,50.0,2.832527514517459e-07,4.6513652372648275e-10,8.22345561510528e-10,7.946393241745232e-07,1.979438886475505e-09,2.359873545324216e-10,1.4542425936704585e-08,3.3467896791477556,2.3056135570851244,0.08,3.1e-07,8e-11,1.0e5,1.0e6,2.5e-09,1.2e-06,shifted_surface,1.0700912660212498,1.0392941516474423,0.9609587285675436,-0.07183557819237288,1.1303164875194345,1.0865730417822128,L,PI,0.003122677862649946,0.007731141966749659,0.0002847148439249919,0.0012226717005929296,1.9814482993124465e-06,0.002102245015756404,0.30010875847840857,2.309158662649574e-11,3.2464536482648984e-12,115.47797313927572,0.0016708032912328662,0.01060085765013799,8.187396623651214e-07,7.205120647107634e-08,3.034534902394964e-12,0.0004807318876498349,0.09224002705204566,10715853.989806859,3899451.128508884,-0.16085357314245924,0.7117464201717305,0.5956882914196164,0.19528997629353856,0.07887001872903521,0.536626473689064,-139.84688451134005,103.15371546400881,103.05110977650821,2.1473404314527205,-3.539741619561488,-134.51243715735987,174.06340590201987,0.033580573686336705,128.70418057915433,1.3282895226942275,-3.9406847964464236,0.4009431768849361,118.87504997130006,35.305848895662,9.865130360416966,0.04159761405887316,0.024120616845721463,0.007834623833140255,181.9658061290824,1.0478952594760662,5.7681538321647255e-09,6.248908078522371e-09,141.57360693649227,1.0700912660212498,1.0392941516474423,0.9609587285675436
icp_design_017__scen_3,icp_design_017,train,3,ood_nonlin,PI,PI,1.356e7,2.0e6,221.62774817027469,161.4406966867309,-126.87366462796845,50.0,50.0,2.832527514517459e-07,4.6513652372648275e-10,8.22345561510528e-10,7.946393241745232e-07,1.979438886475505e-09,2.359873545324216e-10,1.4542425936704585e-08,3.3467896791477556,2.3056135570851244,0.08,3.1e-07,8e-11,1.0e5,1.0e6,2.5e-09,1.2e-06,ood_nonlin,1.446056519776975,1.2601444288654255,1.143781199638698,-0.13025333724249222,1.359943687438673,1.4277748560470558,L,L,0.014980850659947323,0.01345586691807768,0.0011306815101445914,0.0023238916464723676,1.163832543434133e-06,0.0007440612313599596,0.7059475292373932,3.8881687857102447e-11,2.602263951731603e-11,84.98036646422598,0.0007890016611120694,0.04931615551351877,8.756982428421383e-07,6.05937365654478e-08,5.409413487155489e-12,0.00022936135971006336,0.15210119750203588,10715853.989806859,3899451.128508884,-0.09584665438972313,0.7490635569543947,0.6476687070998983,0.18974108226825478,0.11462382404304006,0.5481226717512366,-142.39627860365925,105.56988069467188,105.46427537109928,3.759951498898738,4.734871840796528,-136.63272077535296,175.90031384597182,0.06779376066779284,132.3667416969777,2.3223355406455406,4.355331825325643,0.3795400154708855,118.56181995521054,36.65369182693632,10.536651915641865,0.07994133180345958,0.0554014419299173,0.022833711628338454,187.26814188140753,1.8335595493227064,3.3762779981537665e-08,3.6701460028613726e-08,143.96345914074024,1.446056519776975,1.2601444288654255,1.143781199638698
icp_design_018__scen_0,icp_design_018,train,0,nominal,PI,PI,1.356e7,2.0e6,169.54450755301625,262.19151809032064,-131.00073511843829,50.0,50.0,1.991482926457742e-06,2.487725556826345e-10,1.7746313972181587e-09,2.0061753318528822e-07,4.402839612590623e-10,9.574640252208435e-11,2.9197334471007275e-09,3.8246263506177693,0.6638849697605042,0.08,3.1e-07,8e-11,1.0e5,1.0e6,2.5e-09,1.2e-06,nominal,1.0306480389780397,0.9055524956608323,1.0440493799898203,-0.14498886393990684,1.0182816788437679,1.1476525136443831,PI,PI,0.004298513153988744,0.004974770998477427,0.000515336810988059,0.000848861495127129,5.260950513606917e-07,0.001191475971148292,0.08718548608405059,1.4400871065740401e-11,3.741086413144201e-12,87.32200108306913,0.003759024711991423,0.007780942937252179,4.242743864523786e-07,2.3204597888840475e-07,4.9889091173710084e-12,0.0003770088869068002,0.1098595673707812,3851018.9184259684,16180187.481120305,-1.102145729592161,2.181652398300241,0.20006278351685713,0.1800000000000417,-0.41494883374480007,1.476826976899008,-145.30003542677832,183.47168456789956,183.34735661821708,4.522945765341105,-9.755863597904044,-150.94151154765513,210.78916559863808,0.03824949052806106,77.181558711333,2.7882887481658694,-10.236155995759908,0.4802923978558657,172.52579879250234,85.42014350655754,65.53785772891855,0.035585920955567917,0.026887309290922742,0.03369815930059993,108.01375332690138,2.3717120778529415,7.265975470302922e-09,8.217410982057258e-09,168.02554024896662,1.0306480389780397,0.9055524956608323,1.0440493799898203
icp_design_018__scen_1,icp_design_018,train,1,nominal,PI,PI,1.356e7,2.0e6,169.54450755301625,262.19151809032064,-131.00073511843829,50.0,50.0,1.991482926457742e-06,2.487725556826345e-10,1.7746313972181587e-09,2.0061753318528822e-07,4.402839612590623e-10,9.574640252208435e-11,2.9197334471007275e-09,3.8246263506177693,0.6638849697605042,0.08,3.1e-07,8e-11,1.0e5,1.0e6,2.5e-09,1.2e-06,nominal,1.1559070935869786,0.9901880141482792,1.0925790684208816,-0.15745360421918594,1.0028607577645132,1.0173419503708734,L,L,0.0027095966164950662,0.004974479233253133,0.0013874003094336528,0.00023255871369155418,2.3511561563065262e-06,0.0021796802727967936,0.43545284980060706,1.1301895834296483e-11,8.244912720780597e-12,69.8876097125027,0.0016515947403534215,0.005116898437367376,3.707694759532573e-07,8.064168053993555e-07,4.953051666201943e-12,4.825940156283553e-05,0.06116176999813864,3851018.9184259684,16180187.481120305,-1.0874599659948383,2.1898775776995465,0.20007261414365216,0.1800000000000299,-0.4068716637662726,1.4787022274040371,-145.96469803953028,184.01093576153497,183.88711192300036,1.0183849135780556,5.933729240545094,-151.65218055636345,211.28832149180258,0.03635914142183585,77.18757400013361,0.6286798064970835,5.293807062080618,0.6399221784644739,172.50258791249377,85.36352778071715,65.68540519523626,0.032669651299668256,0.02644545021015745,0.03194459990788966,108.02868241860399,0.5363987348389258,3.8845182820615015e-09,4.2630140464053355e-09,168.72488611250688,1.1559070935869786,0.9901880141482792,1.0925790684208816
icp_design_018__scen_2,icp_design_018,train,2,shifted_surface,PI,PI,1.356e7,2.0e6,169.54450755301625,262.19151809032064,-131.00073511843829,50.0,50.0,1.991482926457742e-06,2.487725556826345e-10,1.7746313972181587e-09,2.0061753318528822e-07,4.402839612590623e-10,9.574640252208435e-11,2.9197334471007275e-09,3.8246263506177693,0.6638849697605042,0.08,3.1e-07,8e-11,1.0e5,1.0e6,2.5e-09,1.2e-06,shifted_surface,0.8300319003738467,1.1624391372379894,1.028763000147156,0.09863710091213658,1.2520164106337643,1.0506794339573406,L,L,0.006021247058510301,0.013823133998406432,0.0008268788931378279,0.0006616810846466325,8.934786458983031e-07,0.0025671753901984973,0.3097328044950755,1.3625170896897321e-11,1.3284439272514076e-11,32.28089579271761,0.001518704635289675,0.062261173127260476,2.2281932924558842e-07,2.5100433575043256e-07,1.3615365443228746e-12,0.00010083811863599195,0.20912178074443163,3851018.9184259684,16180187.481120305,-1.3528569275301436,2.033143160129507,0.2000006034024941,0.18000000000203736,-0.5528399926106905,1.3740934205669075,-145.09067316842692,175.40825497448995,175.28958249772148,2.5677576358737233,-2.4654086803055186,-148.14899058851088,209.92642954137693,0.040330218787234015,77.09335898844601,1.5551446095346266,-3.1267251223681547,0.6613164420626368,171.96739679056796,82.8441400850096,62.18012095009256,0.03397470621361029,0.02904488033293054,0.03475780316032929,107.79376100088828,1.396220663833712,6.730673383773805e-08,7.254666854544768e-08,164.7178186055128,0.8300319003738467,1.1624391372379894,1.028763000147156
icp_design_018__scen_3,icp_design_018,train,3,ood_nonlin,PI,PI,1.356e7,2.0e6,169.54450755301625,262.19151809032064,-131.00073511843829,50.0,50.0,1.991482926457742e-06,2.487725556826345e-10,1.7746313972181587e-09,2.0061753318528822e-07,4.402839612590623e-10,9.574640252208435e-11,2.9197334471007275e-09,3.8246263506177693,0.6638849697605042,0.08,3.1e-07,8e-11,1.0e5,1.0e6,2.5e-09,1.2e-06,ood_nonlin,0.7773520378130677,1.4275981695824895,0.8295089481118839,-0.03314470164947217,1.6813530853339185,1.4225649635099074,PI,L,0.013300274450513065,0.015396773535959451,0.0005693674892227057,0.0016197271412949786,5.559310385118945e-07,0.0018549344200529839,0.8898768227732355,8.56486165281047e-11,1.9907991132851733e-11,109.7170838773519,0.0007825427677126723,0.056243722727976134,2.6062084321674514e-07,6.702308972504044e-08,4.958005197377703e-12,0.0003738137089985447,0.13764211308614072,3851018.9184259684,16180187.481120305,-1.225080080603076,2.110727543416931,0.20000756549617815,0.18000000000026217,-0.48256272680080325,1.444342813030926,-142.36168967177588,180.0372914366222,179.91813227173125,4.208546268447874,-7.647036198927349,-147.1771177126333,209.27915721623242,0.22906487585087532,77.13477261458151,2.5741116027963935,-9.376779030205185,1.7297428312778362,173.03495326465946,89.2220904309933,64.63827497618449,0.2105061184150877,0.16857232351260318,0.19794400203097348,107.89730796328386,2.246251718107208,2.0324373930026675e-08,2.3033730754599715e-08,165.02153579883196,0.7773520378130677,1.4275981695824895,0.8295089481118839
icp_design_019__scen_0,icp_design_019,train,0,nominal,L,PI,1.356e7,2.0e6,354.4266717052094,74.17680720782444,-43.01149747367862,50.0,50.0,1.2139504201073628e-07,3.525948626233615e-10,4.3918601884461456e-10,6.262642197745784e-07,2.5417935662879185e-10,6.141504773666116e-10,1.085328211520524e-10,2.2331269989106115,0.9552991729624446,0.08,3.1e-07,8e-11,1.0e5,1.0e6,2.5e-09,1.2e-06,nominal,1.1325289629038935,1.080739977931787,0.9391943190230297,-0.16177028764455467,0.9041916161758008,1.095664209579682,L,PI,0.00499925278293971,0.008008833385425906,0.000607137705326912,0.0034284326975110306,1.6221549837591895e-06,0.0028669799310471655,0.46520220526326533,4.2307800270211747e-11,5.760885144757641e-12,90.80505540981756,0.0013709920205633996,0.003840570625903023,1.4890301450535435e-07,7.720156900831285e-07,3.099603893558043e-12,3.3544900816773195e-06,0.1360128502796532,19860327.189433362,9402239.603151739,0.5580629470724123,1.6499023150756813,0.2586878870312975,0.18000000551210388,0.4185909708353574,1.1275610336792568,-55.87470280075324,61.54298575968863,61.536253792892694,3.387526872938058,1.066844711509507,-55.17388480842076,70.37816777592249,0.028396374943581406,169.000622561028,2.083817695200246,0.8490566871645099,0.21778802434499728,47.747376321585996,19.53691832552982,13.99926860192876,0.029718722687573737,0.018410700076273996,0.020921104988773073,238.46215705465949,1.6749788066324094,6.504689095074082e-10,6.77343208168431e-10,59.08126847352672,1.1325289629038935,1.080739977931787,0.9391943190230297
icp_design_019__scen_1,icp_design_019,train,1,nominal,L,PI,1.356e7,2.0e6,354.4266717052094,74.17680720782444,-43.01149747367862,50.0,50.0,1.2139504201073628e-07,3.525948626233615e-10,4.3918601884461456e-10,6.262642197745784e-07,2.5417935662879185e-10,6.141504773666116e-10,1.085328211520524e-10,2.2331269989106115,0.9552991729624446,0.08,3.1e-07,8e-11,1.0e5,1.0e6,2.5e-09,1.2e-06,nominal,1.0081435428418506,1.0130178954799183,1.0624378730850874,-0.0731211597855887,0.9412107327440594,1.1071025364902705,L,L,0.002564364196510293,0.01136417758105812,0.0008081177969593374,0.0007280558924927396,1.4221526819310051e-06,0.0037774979020767313,0.20179517580884682,1.4625453517807888e-11,7.40271215918805e-12,73.22219020887562,0.0006769460277834372,0.019870493340879352,3.213749900299325e-07,4.080306571550655e-07,9.934061389537737e-13,0.0006682795919776283,0.06836607142365747,19860327.189433362,9402239.603151739,0.4575322736780275,1.592664947473781,0.32488578012766095,0.1800000162389097,0.3632991004684457,1.0776353920329618,-57.562646362615716,59.43008755976129,59.42058211291442,4.04866444411357,4.564672934819869,-56.57760424981789,71.86958693394152,0.0130473209756949,176.23762485024096,2.498910788456107,4.340034807342245,0.22463812747762604,48.079287738567196,19.016793938267803,13.306470498921303,0.0135750448770387,0.008735091255530913,0.008901533699096329,248.9133980083434,1.993467240032007,4.430667172987057e-09,4.80931367706935e-09,60.380963037471446,1.0081435428418506,1.0130178954799183,1.0624378730850874
icp_design_019__scen_2,icp_design_019,train,2,shifted_surface,L,PI,1.356e7,2.0e6,354.4266717052094,74.17680720782444,-43.01149747367862,50.0,50.0,1.2139504201073628e-07,3.525948626233615e-10,4.3918601884461456e-10,6.262642197745784e-07,2.5417935662879185e-10,6.141504773666116e-10,1.085328211520524e-10,2.2331269989106115,0.9552991729624446,0.08,3.1e-07,8e-11,1.0e5,1.0e6,2.5e-09,1.2e-06,shifted_surface,1.1681891252377101,1.2379067156313504,1.1600350476324803,-0.15019946559110592,1.161836712120087,1.2044354412857177,L,L,0.006864573279556258,0.011486857408452794,0.0018664288286719248,0.0003349309138658504,5.321481996861138e-07,0.0008595751735512569,0.3529975394602201,6.446369440231965e-11,2.7112208433026444e-12,70.93259182441157,0.007543713467520772,0.0068385227431669,1.1321401383013909e-07,8.335168381771199e-07,4.520739513451391e-12,0.0005553303875499158,0.08281698567507378,19860327.189433362,9402239.603151739,0.5443534732016133,1.642242939886637,0.2656291500363354,0.18000000583910214,0.41105076020641795,1.1045322127581696,-58.89933739935146,61.171822168828555,61.160578661776256,10.380841310774933,3.1694809270184887,-58.05817691294906,72.92587785913908,0.040849573846832556,169.75725860406922,6.388761482411208,2.9706529732284093,0.19882795379007998,47.58159797165412,19.81959685134804,13.783294275232286,0.04362806018538778,0.025785105423120982,0.029613159950424024,239.55525617686175,5.128861572946128,4.707192501704132e-09,5.0424017730206544e-09,62.022096283218666,1.1681891252377101,1.2379067156313504,1.1600350476324803
icp_design_019__scen_3,icp_design_019,train,3,ood_nonlin,L,PI,1.356e7,2.0e6,354.4266717052094,74.17680720782444,-43.01149747367862,50.0,50.0,1.2139504201073628e-07,3.525948626233615e-10,4.3918601884461456e-10,6.262642197745784e-07,2.5417935662879185e-10,6.141504773666116e-10,1.085328211520524e-10,2.2331269989106115,0.9552991729624446,0.08,3.1e-07,8e-11,1.0e5,1.0e6,2.5e-09,1.2e-06,ood_nonlin,0.6770079666195489,0.9697790916098243,1.081904584766459,-0.19180336251725316,1.3758412320652256,1.2682732818505136,L,L,0.010812723693806718,0.010856248351026148,0.00039217593230037094,0.00293455241096032,3.985021987383607e-07,0.000789703531686541,0.4860303365134595,1.2812097220983025e-11,1.8618955273109296e-11,98.57279649770351,0.00070095959181747,0.00529037728734027,9.378875279519147e-08,2.4743758704071e-07,3.0663241909641046e-12,0.0006301524183703201,0.13686038273897874,19860327.189433362,9402239.603151739,0.5945497376121494,1.670061049413837,0.2429989046310907,0.18000000324441973,0.43865870563221276,1.1302553264564912,-57.829262621710086,62.2281498821015,62.202449912588335,13.651075130706054,-54.40743731679638,-57.13222817522889,72.0769330441429,0.018182154513714088,167.29325028682942,8.37226457891875,-54.505200100869594,0.0977627840732104,47.54519180584247,20.620021424977768,14.178765908858757,0.01811449604728694,0.013342272796059419,0.013426376923498311,235.99627759890896,6.768012948874889,7.104167099985604e-10,9.203983213278888e-10,61.25623246022444,0.6770079666195489,0.9697790916098243,1.081904584766459
icp_design_020__scen_0,icp_design_020,train,0,nominal,PI,L,1.356e7,2.0e6,146.2041259327016,31.70267381645669,-129.22783851735113,50.0,50.0,1.921106251941347e-06,2.6278015722558776e-11,4.5311890707590305e-11,1.4078758523290202e-06,1.6087158224260734e-09,2.502846254978658e-10,1.2894530505757509e-09,2.287293649655752,2.575710221544562,0.08,3.1e-07,8e-11,1.0e5,1.0e6,2.5e-09,1.2e-06,nominal,1.0087678129087845,0.9609025218338373,1.0317668436189065,-0.04503174686147331,0.9991666558882841,1.017127596566239,PI,L,0.007479494950864622,0.006516953462322781,0.0013782834122443989,0.0001671891361445657,1.1104850259067064e-06,0.0018077657820304766,0.4038830520412815,4.7815623847893993e-11,2.9136721961678e-12,87.89950677216054,0.002232227705635537,0.12627732205864933,1.690969014047365e-07,7.380975867302082e-08,2.442391959415277e-12,0.0005839623642328246,0.04630964154688311,12409757.057769233,3219947.1188308354,-0.042564077974532155,0.503608529813377,0.7764705884552674,0.2592685593683577,0.09095443959679492,0.3987701344570795,-142.312047814945,115.22549988824004,115.11344595271349,2.777310822605412,4.13158891380282,-142.20651683586897,143.89663915134378,0.013426523384137926,93.23341051409764,1.7088923194556334,3.8595333919856585,0.27205552181716147,5.732062903021478,4.740789559008788,7.237969975508714,0.01682672771807549,0.009111010843287354,0.001310197790349553,131.96124082306568,1.3553047109369694,3.043724768652037e-08,3.291195545433675e-08,143.15467474767073,1.0087678129087845,0.9609025218338373,1.0317668436189065
icp_design_020__scen_1,icp_design_020,train,1,nominal,PI,L,1.356e7,2.0e6,146.2041259327016,31.70267381645669,-129.22783851735113,50.0,50.0,1.921106251941347e-06,2.6278015722558776e-11,4.5311890707590305e-11,1.4078758523290202e-06,1.6087158224260734e-09,2.502846254978658e-10,1.2894530505757509e-09,2.287293649655752,2.575710221544562,0.08,3.1e-07,8e-11,1.0e5,1.0e6,2.5e-09,1.2e-06,nominal,0.8865492727835604,1.064028877850467,1.0603937257819052,-0.0548181477464275,1.1037240819193528,1.1040404921272193,PI,PI,0.006083321936835326,0.006352250231656962,0.00027264035706072234,0.0009382694313704411,8.899402756289909e-07,0.003816330955809263,0.4935447430717478,5.463898532377914e-11,9.017920139782821e-12,115.47809430935152,0.007357939608749915,0.005573294144728352,3.1489907899982984e-07,6.097323820293119e-07,4.734937583134325e-12,3.5496143301363946e-05,0.1417051914297587,12409757.057769233,3219947.1188308354,-0.03226332606066848,0.5096617111284213,0.7797664474184554,0.24875438892317392,0.09661985314941993,0.40071721080457057,-142.8177849359436,115.51304985561389,115.39960571172108,3.4772724893483105,-7.277215836061046,-142.54361899385506,144.2385896767451,0.014663662164724124,93.39019538851802,2.1368560988176077,-7.774503183480224,0.4972873474191782,5.685789625095895,4.856835725634327,7.281822711668325,0.01798166748381409,0.010005823009199461,0.0014092778210866312,132.19132703143688,1.6983507259378376,4.665867515715483e-09,5.2026423648394635e-09,143.51498613898193,0.8865492727835604,1.064028877850467,1.0603937257819052
icp_design_020__scen_2,icp_design_020,train,2,shifted_surface,PI,L,1.356e7,2.0e6,146.2041259327016,31.70267381645669,-129.22783851735113,50.0,50.0,1.921106251941347e-06,2.6278015722558776e-11,4.5311890707590305e-11,1.4078758523290202e-06,1.6087158224260734e-09,2.502846254978658e-10,1.2894530505757509e-09,2.287293649655752,2.575710221544562,0.08,3.1e-07,8e-11,1.0e5,1.0e6,2.5e-09,1.2e-06,shifted_surface,0.8493205272272206,1.3469358844001191,0.9899697879803244,0.09496216510627702,1.1010856188280789,1.1943648625735679,L,PI,0.0050366061070573325,0.01506411503126222,0.001072234574578459,0.0025996021196217226,2.243078348831908e-06,0.0016625370214403527,0.1691068545607236,1.725093992503959e-11,7.919110006580387e-12,41.07196996392386,0.0037673832896726934,0.0034559778006787683,1.800385630377463e-07,2.432072590084384e-07,5.506804376249961e-12,0.0002011698968168588,0.1566266239996955,12409757.057769233,3219947.1188308354,-0.17936107007253246,0.4208045262415671,0.6198949063702089,0.2964925858322724,0.015716093942894735,0.3441510964078991,-141.3103157351597,114.66902441371292,114.55740459010694,1.266258710801395,4.687506544439569,-141.78133009999883,143.50421803268617,0.004753038007835571,85.96463695968735,0.7829361230948717,4.445745785263532,0.24176075917603843,6.071125615619717,4.183976841715786,7.481343423382761,0.005579796400160138,0.003166702515679131,0.00016232995570441663,121.49168726906078,0.6213038538793596,2.2182844300389536e-09,2.4103936310889794e-09,142.618125468342,0.8493205272272206,1.3469358844001191,0.9899697879803244
icp_design_020__scen_3,icp_design_020,train,3,ood_nonlin,PI,L,1.356e7,2.0e6,146.2041259327016,31.70267381645669,-129.22783851735113,50.0,50.0,1.921106251941347e-06,2.6278015722558776e-11,4.5311890707590305e-11,1.4078758523290202e-06,1.6087158224260734e-09,2.502846254978658e-10,1.2894530505757509e-09,2.287293649655752,2.575710221544562,0.08,3.1e-07,8e-11,1.0e5,1.0e6,2.5e-09,1.2e-06,ood_nonlin,0.9427861719191839,1.2810353131551775,0.9861016695250673,0.2006100231796559,1.5095274426590644,1.2484996951593432,PI,L,0.014882589491792378,0.024818202903990158,0.003187423765107866,0.00013660197965057193,5.838677732653681e-07,0.0007384730432643885,0.4869292018769318,7.547858878204317e-11,1.6313019179442873e-11,40.07956619589397,0.005074065802207711,0.04902336634860338,6.301804072352094e-07,2.635311144734505e-07,2.9170459576255358e-12,0.00029000917653148353,0.2322371059044148,12409757.057769233,3219947.1188308354,-0.27147104009160844,0.36256232608609124,0.5387396537554059,0.3527745713581134,-0.03494438956759706,0.3036910057754866,-140.5527088293397,114.6847659187536,114.5714183802179,4.626136410070754,9.287137076264964,-141.90319102351015,143.63897680704943,0.01750862646208022,82.20277669655579,2.868186902619171,9.166019955401644,0.12111712086331992,6.991905886046033,3.690759522487465,7.674985229097275,0.021851636239093943,0.012726360694064152,0.0003811192954801039,116.04733168520761,2.271880960548043,6.501492521101078e-08,7.294019374579124e-08,142.64134292800765,0.9427861719191839,1.2810353131551775,0.9861016695250673
icp_design_021__scen_0,icp_design_021,train,0,nominal,PI,L,1.356e7,2.0e6,306.08550233418515,168.14979787054233,-183.1847626010673,50.0,50.0,2.499480116910467e-07,3.941064482589694e-10,2.1545498958311463e-11,9.28530156785963e-08,1.8904947492599335e-09,7.386350538048336e-10,2.4731070926965313e-08,0.4404223560825901,2.7391500511572446,0.08,3.1e-07,8e-11,1.0e5,1.0e6,2.5e-09,1.2e-06,nominal,1.0594345003654615,1.0048821785881834,0.9505303251726849,-0.028790277522706496,1.0792900504397316,0.983379070666059,L,PI,0.0036270247605121645,0.005682751864227167,0.00045179253187985056,0.00020092900239048757,1.5019294479788094e-06,0.002929810282886405,0.4388822807022408,1.2874261341848516e-11,2.195264360014064e-12,107.01300779981719,0.0026257109924315114,0.1182846135836815,1.9370780889685944e-07,9.610854550485938e-08,4.663749682575942e-12,0.000532085779661966,0.09735342144179623,15733768.265470533,11220336.205049815,0.1778978129598567,1.7420057895708967,0.7070239120519908,0.1800000010924354,0.1198649149320507,1.280319129243675,-196.20322592134096,179.28953999412516,179.1109489496811,4.1517054045008255,-7.3649796098970075,-196.77704019736368,218.91186283003867,0.01883100578374142,188.53656026147556,2.559106875308078,-8.245845015054611,0.8808654051576038,98.79569990978477,50.02450361664168,33.42217827020222,0.019482541128101376,0.012152002954930031,0.014230952664796653,266.83605410454095,2.0260173189116664,3.6673918080807395e-08,4.110565975485697e-08,206.78194092069202,1.0594345003654615,1.0048821785881834,0.9505303251726849
icp_design_021__scen_1,icp_design_021,train,1,nominal,PI,L,1.356e7,2.0e6,306.08550233418515,168.14979787054233,-183.1847626010673,50.0,50.0,2.499480116910467e-07,3.941064482589694e-10,2.1545498958311463e-11,9.28530156785963e-08,1.8904947492599335e-09,7.386350538048336e-10,2.4731070926965313e-08,0.4404223560825901,2.7391500511572446,0.08,3.1e-07,8e-11,1.0e5,1.0e6,2.5e-09,1.2e-06,nominal,0.9981657477578816,1.051291500227472,1.0133589417949005,0.0948074557291052,1.1415275825919724,1.1077839321676073,L,PI,0.007589182508612407,0.006829034175865726,0.0006847351481120757,0.001421270882762971,3.114497739694718e-06,0.0015229955946010037,0.16433217749772283,5.887737371496489e-11,1.5655906519098875e-12,53.55318567958635,0.004836170490099515,0.00673233077559006,2.161452117140904e-06,1.4293713505198545e-07,2.5543597648433513e-12,0.00015322803110532021,0.1099373228134,15733768.265470533,11220336.205049815,0.058106456730748546,1.6692552796236308,0.8249459739517511,0.18000000531818794,0.05397966900604121,1.2243674829508118,-197.06372659890806,177.29482356870025,177.11384105599743,2.1241347410467233,15.568044360650648,-196.8205427584726,219.4431600476432,0.07665604893006399,199.80547617422127,1.3047521101155843,13.878633886055093,1.689410474595556,97.79508511681806,48.382877040807145,31.973726706859946,0.0826464608856265,0.047917832079899976,0.056471965636919794,282.75813228250144,1.0390930329726507,1.4995109826317712e-08,1.736171970221625e-08,206.49711816663404,0.9981657477578816,1.051291500227472,1.0133589417949005
icp_design_021__scen_2,icp_design_021,train,2,shifted_surface,PI,L,1.356e7,2.0e6,306.08550233418515,168.14979787054233,-183.1847626010673,50.0,50.0,2.499480116910467e-07,3.941064482589694e-10,2.1545498958311463e-11,9.28530156785963e-08,1.8904947492599335e-09,7.386350538048336e-10,2.4731070926965313e-08,0.4404223560825901,2.7391500511572446,0.08,3.1e-07,8e-11,1.0e5,1.0e6,2.5e-09,1.2e-06,shifted_surface,1.0835488582372574,1.1403192121718557,1.1574086818875413,-0.1097407358772598,1.0952163675511404,1.125873318383239,PI,L,0.009982259860679655,0.007266141278886435,0.002575124679981227,0.0015917583936899884,2.8215247830011484e-06,0.0026331256263609727,0.24231935112326822,5.4338231787940557e-11,9.777060070349147e-12,116.38199334922685,0.00113304695663778,0.00469477409544119,7.655539734970654e-07,3.8736423904574605e-07,3.0947974885669275e-12,0.00015829129232927395,0.05615893126523624,15733768.265470533,11220336.205049815,0.2649275156956442,1.7926929876781492,0.6181666475466752,0.18000000038634148,0.16773125143673384,1.299249899381563,-199.03663190247548,182.72279363409277,182.52062519648925,2.234475156301697,73.90337488745587,-199.88613052325988,221.67677802435307,0.08233995854086884,180.0534187634759,1.3619854107914078,71.87336484797873,2.0300100394771485,99.14969769182235,50.602136879938634,34.104018227070085,0.08506971825340133,0.053539457004992984,0.06477365381146362,254.79752084641285,1.1689841620119077,3.5422087564876275e-09,4.760262019016627e-09,210.0065578992476,1.0835488582372574,1.1403192121718557,1.1574086818875413
icp_design_021__scen_3,icp_design_021,train,3,ood_nonlin,PI,L,1.356e7,2.0e6,306.08550233418515,168.14979787054233,-183.1847626010673,50.0,50.0,2.499480116910467e-07,3.941064482589694e-10,2.1545498958311463e-11,9.28530156785963e-08,1.8904947492599335e-09,7.386350538048336e-10,2.4731070926965313e-08,0.4404223560825901,2.7391500511572446,0.08,3.1e-07,8e-11,1.0e5,1.0e6,2.5e-09,1.2e-06,ood_nonlin,0.9679897356765048,1.3930095474464277,0.9448320246794156,-0.28258413291787454,1.2504049025785196,1.4547627463464334,PI,L,0.008846476105361075,0.01860280517139243,0.001028918190498522,0.001159472992604946,4.0942516561301e-07,0.0009466325604479048,0.4967718330807475,8.105424497936613e-11,3.7953256635693055e-12,59.82991912502358,0.0011122247362953803,0.037104594924421405,1.209063793413121e-06,5.910025326379881e-07,2.7690778144944945e-12,0.0005857929147175814,0.14833804452261573,15733768.265470533,11220336.205049815,0.48078456166662537,1.9103688180221248,0.3271406796282034,0.18000000002398994,0.2864526267207735,1.3986291131989963,-196.12518201078643,185.66305606665514,185.47548070377553,12.2337475916566,-28.74153586797154,-198.51573105311942,219.93566014948132,0.10499661141531393,152.33591594103288,7.5879363989732935,-30.975177643659595,2.233641775688062,102.64844733526361,54.9975575368162,36.4075996138507,0.10753512071375103,0.07013562191119897,0.0847001503044857,215.05733683157024,5.9885681844253424,5.742577308430337e-08,7.066289473695619e-08,209.51524256048268,0.9679897356765048,1.3930095474464277,0.9448320246794156
icp_design_022__scen_0,icp_design_022,train,0,nominal,PI,L,1.356e7,2.0e6,183.49352205258202,23.875123390224935,-72.69628197742063,50.0,50.0,8.653779950362355e-08,9.294746807895683e-10,2.5833014099396993e-11,5.462843466342054e-07,4.817012491183353e-11,4.323246720615124e-10,6.860580175880302e-09,2.844846214566822,1.795818499895861,0.08,3.1e-07,8e-11,1.0e5,1.0e6,2.5e-09,1.2e-06,nominal,1.0124852046023716,0.9511894166123308,0.9216233414193047,0.059784762261331545,0.9981638768044848,0.9376058370753091,PI,L,0.0022440135176691163,0.010054299682447112,0.0002762154069019982,0.0007488855222767907,5.820053065827326e-07,0.0026014216755273992,0.21712448563272455,1.604568915327306e-11,2.531961156454207e-12,89.5499783143397,0.006454744135717234,0.008319493321987568,1.6006017906350275e-07,5.4876300706549486e-08,2.3493749979214132e-12,1.719092088472953e-05,0.12247678472801349,17159217.2394673,14727304.259868354,0.17734536205630994,1.9613135419677497,0.6378781548787029,0.18000000001173488,0.2397822598593116,1.3889805370586732,-85.31883526136099,85.56327388166362,85.51509737023135,6.190461458136752,-16.811770088037708,-85.63462726531195,86.68338710842318,0.004015273942661026,109.14049052578444,3.8094618487627914,-17.011406358119906,0.1996362700822008,18.465711212183553,9.529409730493901,5.216229893151274,0.0037252021036130946,0.0022834224228273506,0.0026157430228613485,154.55396275157582,3.034513121213879,3.922378630881289e-09,4.573276868556759e-09,87.54050921141072,1.0124852046023716,0.9511894166123308,0.9216233414193047
icp_design_022__scen_1,icp_design_022,train,1,nominal,PI,L,1.356e7,2.0e6,183.49352205258202,23.875123390224935,-72.69628197742063,50.0,50.0,8.653779950362355e-08,9.294746807895683e-10,2.5833014099396993e-11,5.462843466342054e-07,4.817012491183353e-11,4.323246720615124e-10,6.860580175880302e-09,2.844846214566822,1.795818499895861,0.08,3.1e-07,8e-11,1.0e5,1.0e6,2.5e-09,1.2e-06,nominal,0.8568102656404304,1.0817405142239391,1.014284262244698,0.10763082696922324,0.9412408951834358,0.9364346254020325,L,PI,0.003795939624300188,0.006075484882970167,0.00022602220098985238,0.0002972166913233818,5.581106673314222e-07,0.0008884492471668032,0.5126372691607176,2.462618941083071e-11,1.7691501473704426e-11,42.09888352425555,0.0057266555777037206,0.010578221628134118,4.5637080790973993e-07,2.1432538072022125e-07,1.020678882579187e-12,0.0004930999026724112,0.0840415017194364,17159217.2394673,14727304.259868354,0.13318785094201013,1.9339770803867373,0.641858744978679,0.18000000002087363,0.2154956287464467,1.3624321402859334,-86.58791923285301,85.82084216127453,85.7706741437283,6.477561759507945,-18.55395430914729,-86.84431462326975,87.88426329901674,0.00577021234971614,109.34949328893296,3.987970151864924,-18.686627978789122,0.1326736696418312,18.092858357541548,9.382501278679515,5.171180640208852,0.005889833924961992,0.003691918171350028,0.004556704262632402,154.82547253059457,3.1709919887044844,1.2029623672704878e-08,1.411706263051096e-08,88.72081487900566,0.8568102656404304,1.0817405142239391,1.014284262244698
icp_design_022__scen_2,icp_design_022,train,2,shifted_surface,PI,L,1.356e7,2.0e6,183.49352205258202,23.875123390224935,-72.69628197742063,50.0,50.0,8.653779950362355e-08,9.294746807895683e-10,2.5833014099396993e-11,5.462843466342054e-07,4.817012491183353e-11,4.323246720615124e-10,6.860580175880302e-09,2.844846214566822,1.795818499895861,0.08,3.1e-07,8e-11,1.0e5,1.0e6,2.5e-09,1.2e-06,shifted_surface,0.9141984477207254,1.2116177085830764,1.0455304395341722,-0.21658681911169275,1.0754026569210469,1.054217712928218,L,PI,0.009304609697111818,0.007997838735144779,0.0004151539584568594,0.000175490672353122,3.5412252899306417e-06,0.002911277935927304,0.39325263456427795,1.4906584366582045e-11,1.1035041735928578e-12,71.29402806564615,0.0009059892957870934,0.006623959156005321,1.1542574644764948e-07,1.9595424344713963e-07,2.388510490603554e-12,0.00045747078646827144,0.13620304817110307,17159217.2394673,14727304.259868354,0.47950622774945295,2.1357630245443104,0.29197880386198377,0.18000000000011093,0.40597073599054023,1.5011826070130765,-87.01586687727917,88.18518088906019,88.13959165616515,0.8212078831626782,1.440516299953318,-87.58983794338305,88.60314036690458,0.00398957942341547,89.38594253479104,0.5057579730906295,1.1947204837931744,0.24579581616014334,21.175295536101988,10.371327990538495,5.522974206001841,0.003401487835916398,0.0021096795465067506,0.0023421412291203714,126.20099306189167,0.40634877232693467,8.86905694405027e-10,9.294847988900987e-10,89.66410354149075,0.9141984477207254,1.2116177085830764,1.0455304395341722
icp_design_022__scen_3,icp_design_022,train,3,ood_nonlin,PI,L,1.356e7,2.0e6,183.49352205258202,23.875123390224935,-72.69628197742063,50.0,50.0,8.653779950362355e-08,9.294746807895683e-10,2.5833014099396993e-11,5.462843466342054e-07,4.817012491183353e-11,4.323246720615124e-10,6.860580175880302e-09,2.844846214566822,1.795818499895861,0.08,3.1e-07,8e-11,1.0e5,1.0e6,2.5e-09,1.2e-06,ood_nonlin,1.2124232754913506,1.305127055815026,0.8725423636670319,-0.2911256483364478,1.3957185885070351,1.4515199089643516,PI,L,0.009398269536610857,0.023478332106296046,0.002680146868402036,0.0003899287840220759,3.3367291123166814e-06,0.0009110649959487443,0.29093907270454716,2.4900154575097587e-11,5.015047668729073e-12,84.98717451930841,0.00106901471439865,0.2036932534178612,5.033512091071111e-07,8.535054205387772e-07,1.8191092204296036e-12,4.3548725941605775e-05,0.22729830801527093,17159217.2394673,14727304.259868354,0.5794881823389717,2.1885345251330675,0.24609907730763717,0.1800000000000287,0.4609608110147756,1.5519617034945776,-84.64662219020397,87.72118210981674,87.6732536384911,0.9335406212758621,18.203527129368595,-85.34283395796315,86.39059616944218,0.004877656748368901,86.79654140194411,0.5562934909754061,18.093861329408536,0.10966579996005972,21.80075489101942,10.701192365226913,5.591737029823243,0.004793357809035798,0.0034031555363971105,0.004042651807334084,122.46267292193075,0.509982729155996,6.380845878754484e-08,7.469816137988321e-08,87.48307243100854,1.2124232754913506,1.305127055815026,0.8725423636670319
icp_design_023__scen_0,icp_design_023,train,0,nominal,L,L,1.356e7,2.0e6,230.7956128351526,132.27824265399272,-171.62796354127866,50.0,50.0,5.588006294874263e-07,6.040020978882891e-10,1.0285181074936286e-09,2.2388972974052345e-07,1.3364370143235826e-09,2.383923183594656e-10,4.30845858864313e-10,1.7756084248680666,1.5318873686923502,0.08,3.1e-07,8e-11,1.0e5,1.0e6,2.5e-09,1.2e-06,nominal,1.1682311419137248,1.0474841599122513,0.9267526625742867,-0.05379524905704489,1.0516004209164156,0.9569661401622737,L,PI,0.004865502519559233,0.009030107641334882,0.002542061328993604,0.00135956506896553,4.59248644138302e-06,0.0008128407318792403,0.29211215044952055,2.201587915244674e-11,1.0927683405116867e-11,55.72812684133483,0.002463935277140315,0.05841554154825705,5.989815810920674e-07,5.373175370017248e-07,3.343585691571614e-12,0.00022662355529318292,0.0750661065706292,6914671.540790811,8868172.98819847,-0.6181825233269683,1.5221311621171592,0.23641360480489157,0.18000010241639616,-0.25121996658642926,1.0679459689106858,-184.32076679298834,154.37434368250945,154.20715077834552,0.8553071384351001,27.233480935556447,-182.47628454579586,198.89710516069755,0.025444724722576424,107.8123860809148,0.5278362843919902,26.69306211075358,0.5404188248028668,71.97668122225477,33.89409763831792,21.692060269877015,0.02778108846549183,0.015877649603820633,0.017435078621055873,151.2166878267288,0.5099675167767646,6.597340969594832e-08,7.974488600732967e-08,189.25510407345945,1.1682311419137248,1.0474841599122513,0.9267526625742867
icp_design_023__scen_1,icp_design_023,train,1,nominal,L,L,1.356e7,2.0e6,230.7956128351526,132.27824265399272,-171.62796354127866,50.0,50.0,5.588006294874263e-07,6.040020978882891e-10,1.0285181074936286e-09,2.2388972974052345e-07,1.3364370143235826e-09,2.383923183594656e-10,4.30845858864313e-10,1.7756084248680666,1.5318873686923502,0.08,3.1e-07,8e-11,1.0e5,1.0e6,2.5e-09,1.2e-06,nominal,0.8589961922044558,0.9653034262330786,0.9509326925963142,0.11088562573513731,0.9690780508964225,1.0620038190891092,L,PI,0.006905561958092797,0.005595229482311384,0.0017154952777408492,0.0006900241584848928,4.373871411002289e-06,0.0021648738996812985,0.11514490839378795,4.015204925762144e-11,1.0300168195325572e-12,92.94519266492664,0.0011709497065499072,0.004984211042130275,1.5585376239980977e-07,1.3692334953670116e-07,1.1759793070092642e-12,0.0007786620974257437,0.08960894575334369,6914671.540790811,8868172.98819847,-0.778636376272755,1.4249099404483903,0.20693938645309362,0.18000063670754876,-0.3394695857066119,0.9979567113407856,-184.65192994911268,152.18101234907027,152.01722272314097,0.7959327239444651,17.185079555514807,-182.15528841600448,199.1284328001698,0.041498726569916246,105.62551743337582,0.4936495327413302,16.196127202906496,0.9889523526083153,71.8126119793743,31.892218976609385,19.946846761724178,0.04749915353048876,0.024504133613532902,0.025551863263434033,147.93323118831762,0.44188548816460804,1.4115132049198269e-09,1.645569706949111e-09,188.53373221132637,0.8589961922044558,0.9653034262330786,0.9509326925963142
icp_design_023__scen_2,icp_design_023,train,2,shifted_surface,L,L,1.356e7,2.0e6,230.7956128351526,132.27824265399272,-171.62796354127866,50.0,50.0,5.588006294874263e-07,6.040020978882891e-10,1.0285181074936286e-09,2.2388972974052345e-07,1.3364370143235826e-09,2.383923183594656e-10,4.30845858864313e-10,1.7756084248680666,1.5318873686923502,0.08,3.1e-07,8e-11,1.0e5,1.0e6,2.5e-09,1.2e-06,shifted_surface,1.2890464239148847,1.2693304983874376,1.1772535561175415,-0.040491927410243864,1.2768937005341938,1.1831124955094028,PI,L,0.009175499021579908,0.012097817634806152,0.003052282653259332,0.00020574492835599454,3.5213198103851994e-06,0.0037878892025440757,0.3327264043261429,2.235188671289311e-11,1.7761264646327103e-12,93.35830610612746,0.002111263524762715,0.01579587574111095,2.0178099875305813e-06,6.270444271966892e-07,5.919803298367617e-12,0.0006602645255697475,0.11434955651563557,6914671.540790811,8868172.98819847,-0.6321442678076022,1.5139167707147119,0.229179056832148,0.1800001331242129,-0.2588989260507779,1.0421558234455124,-187.7516262398363,156.67058103954537,156.49800277629095,1.0855340962865254,32.47079664746845,-185.64324351199025,202.1320563230479,0.02363933357730793,107.28939801204766,0.6714250416032946,31.44091151965464,1.0298851278138081,71.59746622601146,34.12393013939027,21.317057103468972,0.026241164913806122,0.014475626300261194,0.014983674600845718,150.44773801572953,0.6357663725286791,1.612404588569019e-08,1.9799241745916485e-08,192.4680295398683,1.2890464239148847,1.2693304983874376,1.1772535561175415
icp_design_023__scen_3,icp_design_023,train,3,ood_nonlin,L,L,1.356e7,2.0e6,230.7956128351526,132.27824265399272,-171.62796354127866,50.0,50.0,5.588006294874263e-07,6.040020978882891e-10,1.0285181074936286e-09,2.2388972974052345e-07,1.3364370143235826e-09,2.383923183594656e-10,4.30845858864313e-10,1.7756084248680666,1.5318873686923502,0.08,3.1e-07,8e-11,1.0e5,1.0e6,2.5e-09,1.2e-06,ood_nonlin,1.3519857340876096,0.8536585317584412,0.9771818483594015,-0.1454007493346355,1.632643567872755,1.3486412100753566,PI,L,0.007717011069035164,0.014500159735641352,0.001508916342021127,0.001011382108553887,7.670070308006956e-07,0.0010989764497418791,0.7789851908510964,2.677089458131176e-11,5.4884649231106995e-12,73.52361036698811,0.004712909997364764,0.022841982712576987,2.162315807435006e-06,8.73303968659502e-08,1.6302347152156064e-12,0.0006697347643725328,0.17274345854091624,6914671.540790811,8868172.98819847,-0.5163561854501857,1.5806044131945411,0.27802667956207044,0.18000003570072062,-0.1952154807541988,1.1048429098020442,-185.011445689867,156.54052766955496,156.37962925187443,4.637549865777644,1.3668705696874028,-183.50841959808727,199.80237038652064,0.02700255273671418,110.83968751165366,2.8995850946639785,0.733415258014394,0.6334553116730093,72.46918995058893,37.064243718604956,22.86893435972309,0.029222682925145446,0.017513113147787404,0.018648365165650115,155.68025764669918,2.321850165848177,3.4157046836563e-08,3.575441124350461e-08,190.92126834180826,1.3519857340876096,0.8536585317584412,0.9771818483594015
icp_design_024__scen_0,icp_design_024,train,0,nominal,PI,L,1.356e7,2.0e6,258.29188792696016,231.3483359549564,-156.8333159398323,50.0,50.0,2.187046858867773e-07,4.701788275462272e-11,1.8960949457914078e-09,1.0522682697122874e-07,1.638718848649148e-09,3.350857850600271e-11,1.3029202814586808e-08,2.2666068452039174,2.287227225935457,0.08,3.1e-07,8e-11,1.0e5,1.0e6,2.5e-09,1.2e-06,nominal,0.912906014245283,0.983712817234656,1.0674366795869308,-0.12796915222429403,1.1231576136787362,1.0352587669468003,L,L,0.004874470755050393,0.008530952520157016,0.0036536844283562428,0.0031623788763100046,1.3628451440624466e-06,0.0025105399137267297,0.16908905303921623,5.453420805823106e-11,1.0813205454702507e-11,59.018915418707095,0.0011231622505690209,0.00832737699873674,1.538501124662344e-07,8.050826874830545e-07,5.122658233052266e-12,0.0007292810797674995,0.06357927067846537,13235237.076073024,11918841.969554769,0.11268894562814981,1.8648626612009116,0.6859442038867353,0.18000000009395614,0.17530926235567829,1.3343702897704566,-171.45292870217116,178.70724666993587,178.5367780018107,3.9056611732984803,74.06315402117491,-173.34615187371077,217.4883456049631,0.11608687355162753,157.45806898835937,2.396725557932684,72.20052239194652,1.8626316292283815,146.99051974892356,70.30327415468845,50.49232127940448,0.11624758828849925,0.07707037698868353,0.09486364764119311,222.9284745233925,1.9677678664357163,3.954932065122318e-09,5.316377125753097e-09,187.40680670464846,0.912906014245283,0.983712817234656,1.0674366795869308
icp_design_024__scen_1,icp_design_024,train,1,nominal,PI,L,1.356e7,2.0e6,258.29188792696016,231.3483359549564,-156.8333159398323,50.0,50.0,2.187046858867773e-07,4.701788275462272e-11,1.8960949457914078e-09,1.0522682697122874e-07,1.638718848649148e-09,3.350857850600271e-11,1.3029202814586808e-08,2.2666068452039174,2.287227225935457,0.08,3.1e-07,8e-11,1.0e5,1.0e6,2.5e-09,1.2e-06,nominal,0.9263810333276103,0.9109022284246903,0.921801992680569,-0.01778196365008307,1.1442874985784663,0.959520903481854,L,PI,0.0035678688582357378,0.004888006207110207,0.0011186527653904929,0.00035635056047071445,1.6763085492693289e-06,0.004063443329304684,0.42791071974670797,1.6778580647018762e-11,8.950612002730465e-12,79.62334313301314,0.0010546027573251036,0.02373688550743129,1.877368623432318e-06,6.724537725874536e-08,2.6996983083461645e-12,0.0005273559169540226,0.11273355771122949,13235237.076073024,11918841.969554769,-0.006299571850700626,1.795699828120735,0.7336425909115469,0.18000000042593195,0.10986557774231054,1.297607081566842,-169.45831602655977,174.7539723149525,174.6047955399161,3.1831353424038493,14.261246757741722,-170.5895107404346,215.69287035889747,0.04133031869630172,161.25002916078012,1.961246504403546,13.099454934510389,1.1617918232313336,147.16133592038832,68.97258272864454,48.970150674624435,0.03915708790097221,0.02889632686487069,0.03364818104421344,228.22705117883478,1.5548087289680925,2.911988282875832e-08,3.351862352931095e-08,184.3840272861635,0.9263810333276103,0.9109022284246903,0.921801992680569
icp_design_024__scen_2,icp_design_024,train,2,shifted_surface,PI,L,1.356e7,2.0e6,258.29188792696016,231.3483359549564,-156.8333159398323,50.0,50.0,2.187046858867773e-07,4.701788275462272e-11,1.8960949457914078e-09,1.0522682697122874e-07,1.638718848649148e-09,3.350857850600271e-11,1.3029202814586808e-08,2.2666068452039174,2.287227225935457,0.08,3.1e-07,8e-11,1.0e5,1.0e6,2.5e-09,1.2e-06,shifted_surface,1.2765029537580352,1.0047494996585558,0.9665043152039162,-0.20298448572455083,1.1347564864449933,1.2643464415621746,PI,PI,0.005088847389685313,0.011762705385302451,0.00029671916271223244,0.0020510804415373608,1.549776867645389e-06,0.003897540172775441,0.4676952871577967,1.757761551711327e-11,1.7449406066867e-12,41.25971645202767,0.004676792762754713,0.018520291008434667,5.389847417123006e-07,9.633006880655774e-07,4.2585762339599926e-12,0.00026744347277197296,0.1576263137286491,13235237.076073024,11918841.969554769,0.2026396003590145,1.9148436474673591,0.6321073978204744,0.18000000002540226,0.22478212245765386,1.377431569307611,-170.07055904055088,180.71604139100893,180.56628728676,3.2608941102352498,-6.976159202162644,-172.8880023680416,216.60939212590884,0.03422039954984625,153.1429426773812,2.009281521265036,-8.107342430109107,1.1311832279464618,147.313862085901,72.4660186376694,51.79512099912696,0.03340723966145889,0.02284747927584797,0.028107073850885993,216.83338718141667,1.595954632423988,3.074892019559308e-08,3.4487366914222275e-08,187.3812060955755,1.2765029537580352,1.0047494996585558,0.9665043152039162
icp_design_024__scen_3,icp_design_024,train,3,ood_nonlin,PI,L,1.356e7,2.0e6,258.29188792696016,231.3483359549564,-156.8333159398323,50.0,50.0,2.187046858867773e-07,4.701788275462272e-11,1.8960949457914078e-09,1.0522682697122874e-07,1.638718848649148e-09,3.350857850600271e-11,1.3029202814586808e-08,2.2666068452039174,2.287227225935457,0.08,3.1e-07,8e-11,1.0e5,1.0e6,2.5e-09,1.2e-06,ood_nonlin,0.6202601518259945,1.2890726756256317,1.1359704097024677,0.05124200393449876,1.2638491094774595,1.466679565949925,PI,PI,0.013034021152106268,0.01737063518170164,0.0005199289336094708,0.00024750763686505695,4.192358876154512e-07,0.0014274476555244339,0.40826444901171755,3.448507035006053e-11,1.5804625796627838e-11,115.25286725841448,0.007387790034447568,0.00534829461781307,1.6967347990405047e-07,1.0514284287901694e-07,3.974710960988774e-12,0.00019072978025469736,0.16660974064980758,13235237.076073024,11918841.969554769,-0.07421386021181839,1.7546912880717198,0.7620864988462106,0.18000000107796227,0.07251271914369575,1.2517676301707794,-172.39156665544326,174.26894200724934,174.1056280922624,12.914902079221338,-51.48720615483237,-172.5773825130928,217.98500509827448,0.08267886518826778,163.51171630937344,7.943813009267873,-52.587520488247605,1.1003143334152286,147.0057004425225,68.19507400189518,47.75741013566484,0.07824720723729181,0.05842032048920163,0.06711138177283053,231.3815396510521,6.312994753397525,8.377305373352465e-09,1.0832592478563061e-08,186.21639731347184,0.6202601518259945,1.2890726756256317,1.1359704097024677
icp_design_025__scen_0,icp_design_025,train,0,nominal,L,L,1.356e7,2.0e6,334.33449052492557,215.2357901403201,-130.5004255938413,50.0,50.0,1.1105355582221762e-07,1.221328128922503e-09,9.797097950341979e-10,8.900062595935332e-07,8.951746144645469e-10,5.719887932532923e-10,3.332519504362118e-09,2.3370684646678628,3.0071625119210457,0.08,3.1e-07,8e-11,1.0e5,1.0e6,2.5e-09,1.2e-06,nominal,0.9350330171760185,1.0915625567993512,0.9136102076634881,0.04306358222686258,1.186564217606251,0.9106966499006771,L,PI,0.00739374332351618,0.009506988411221893,0.0004264884049244197,0.0025704393145999796,7.47427359218019e-07,0.004357806717278536,0.1483408017237873,4.620361020504086e-11,9.486870667531512e-12,86.25526772191215,0.006928064237495214,0.10506389002947446,2.536761849233714e-07,6.214034338163761e-07,3.822754649291168e-12,0.0006288440151307693,0.06830854193108343,12084142.114699995,5025486.573890456,-0.15739239355770737,0.8958651142025824,0.6840167129445378,0.18291235880516393,0.030287606776654083,0.7043748889247808,-142.97917326062088,124.17585257365849,124.06057511528363,8.99287728594173,-39.45952390235952,-135.75002380583774,196.54977927999286,0.09271695088899481,203.34737549359792,5.54393869391042,-40.62705710432333,1.1675332019638074,162.39278350370006,50.42888001785478,19.67149167327121,0.11152913280614354,0.06608968400215313,0.034315982907123656,287.53677546214385,4.399144031296639,4.738578944376734e-08,5.963951495908533e-08,145.83579980940868,0.9350330171760185,1.0915625567993512,0.9136102076634881
icp_design_025__scen_1,icp_design_025,train,1,nominal,L,L,1.356e7,2.0e6,334.33449052492557,215.2357901403201,-130.5004255938413,50.0,50.0,1.1105355582221762e-07,1.221328128922503e-09,9.797097950341979e-10,8.900062595935332e-07,8.951746144645469e-10,5.719887932532923e-10,3.332519504362118e-09,2.3370684646678628,3.0071625119210457,0.08,3.1e-07,8e-11,1.0e5,1.0e6,2.5e-09,1.2e-06,nominal,1.1390502000158305,1.057956617677689,1.0988631284855321,-0.04638622594352078,0.9944834699287618,1.0924854289759436,L,PI,0.0028845350522816718,0.004443382351637254,0.001288405876126754,0.0011828221371580543,4.1886081909162566e-07,0.0010302967195584267,0.33131721079392545,6.053785609868247e-11,3.570146117595235e-12,52.833173146725834,0.0006653696541274635,0.1777881413645387,1.2594268416282569e-06,3.5301839609439036e-07,4.85192507283131e-12,0.00028766675948415125,0.0853637201900151,12084142.114699995,5025486.573890456,-0.06773371998455398,0.9496014772686554,0.7619501475874733,0.1815472979200413,0.07959987724188847,0.7271701094052685,-145.52869156307526,126.36218909698816,126.23930078059011,16.72539608028599,-52.75644820555921,-138.38154847629832,197.5640186672036,0.1096732694169944,211.64977362555925,10.287627019091778,-53.557567565310414,0.801119359751203,160.38913614439258,49.17789216130457,21.004024040363408,0.13258058726387592,0.07274235359313799,0.04427523703746835,299.51903473481246,8.163181533026409,2.5045541471673527e-07,3.243180664970679e-07,148.21712690855924,1.1390502000158305,1.057956617677689,1.0988631284855321
icp_design_025__scen_2,icp_design_025,train,2,shifted_surface,L,L,1.356e7,2.0e6,334.33449052492557,215.2357901403201,-130.5004255938413,50.0,50.0,1.1105355582221762e-07,1.221328128922503e-09,9.797097950341979e-10,8.900062595935332e-07,8.951746144645469e-10,5.719887932532923e-10,3.332519504362118e-09,2.3370684646678628,3.0071625119210457,0.08,3.1e-07,8e-11,1.0e5,1.0e6,2.5e-09,1.2e-06,shifted_surface,1.1364184505318586,1.1762423060752834,1.0516083244697012,-0.23804366449382625,1.050749168602335,1.2749124499493785,PI,L,0.00568959959749139,0.01121001640330283,0.0018240041796932546,0.0005202838232938417,1.683941923923359e-06,0.0008840567906442496,0.38869866134604175,1.6492433360725912e-11,4.33733819470494e-12,42.69696129685006,0.008405498119387655,0.00563224574288834,3.532942493665999e-07,4.255383493355952e-07,4.377935719096608e-12,0.0005685166548900501,0.13980673840993893,12084142.114699995,5025486.573890456,0.15663576893339062,1.0754896782802923,0.642085598004097,0.18033750764173037,0.203003096146758,0.8190722344346808,-144.89871015495444,128.12724991721495,128.00599185827326,3.926804412712133,49.12568151938837,-138.57062185092042,195.2820740978903,0.030916560059178193,199.24410777827418,2.42061383584138,48.795928001208964,0.3297535181794103,155.73053876023585,50.44456064248709,25.2703761709063,0.0352801575494003,0.0214433044959173,0.016211667147574875,282.0783618099595,1.936204904108592,9.866852808720799e-09,1.263311241487874e-08,148.65953397941783,1.1364184505318586,1.1762423060752834,1.0516083244697012
icp_design_025__scen_3,icp_design_025,train,3,ood_nonlin,L,L,1.356e7,2.0e6,334.33449052492557,215.2357901403201,-130.5004255938413,50.0,50.0,1.1105355582221762e-07,1.221328128922503e-09,9.797097950341979e-10,8.900062595935332e-07,8.951746144645469e-10,5.719887932532923e-10,3.332519504362118e-09,2.3370684646678628,3.0071625119210457,0.08,3.1e-07,8e-11,1.0e5,1.0e6,2.5e-09,1.2e-06,ood_nonlin,1.019458404155805,1.2343756999050715,1.2909156493670535,0.1365631463238281,1.515171167580542,1.4067956544674256,PI,L,0.014203577926953396,0.015071691783093154,0.0009467344808751518,0.00039240728315554176,1.0269866145043059e-06,0.001076483389642397,0.2472557118877863,6.54749534520499e-11,1.6890752552381168e-11,74.2432827549927,0.0029622571403623136,0.006768919931681439,4.881269838546911e-07,5.895493377013072e-08,4.632943401212289e-13,0.000466369998660688,0.15957205335573948,12084142.114699995,5025486.573890456,-0.24323918335374828,0.8426213255418469,0.5421880722155143,0.18582685081769065,-0.01692812761116841,0.6369198015259808,-148.08452507436178,127.38971459367372,127.2799843377371,6.03026474358975,-2.3549481934744274,-140.55162966163218,201.81978968070737,0.12813216692441054,188.3725362679048,3.7391385884913624,-3.1493619958802976,0.7944138024058692,164.394509997018,51.9631199101866,17.405197445049104,0.15074804952537207,0.0990821553753683,0.04872611040101963,265.9816060268904,2.9549532472880022,7.54908426402856e-09,8.148751572191709e-09,150.9442536436695,1.019458404155805,1.2343756999050715,1.2909156493670535
icp_design_026__scen_0,icp_design_026,train,0,nominal,L,L,1.356e7,2.0e6,119.39615704531741,146.09464892192213,-72.40766244914607,50.0,50.0,1.9516691710972058e-07,3.4427933014782254e-10,2.7104395094725175e-11,2.0349792854572277e-06,4.576901079950916e-11,3.12536423782765e-11,1.916196194761376e-08,2.0001478210739263,2.0132042870614075,0.08,3.1e-07,8e-11,1.0e5,1.0e6,2.5e-09,1.2e-06,nominal,1.0725482100278256,0.9919586327735493,0.9463574390384367,-0.15500813442105574,0.9240228982101426,0.9801394059195312,L,L,0.006783314003151296,0.005638164664556817,0.0009175802579795718,0.0009818474986973604,2.467388618608763e-06,0.0011785611337132352,0.4888084505331372,5.506106043936897e-11,1.0264126096434508e-11,45.24159254047204,0.002663402948576045,0.0074079440982167686,1.932668378371896e-06,1.893500932949643e-07,4.7080892742053965e-12,0.00013786688687784015,0.12119979800956716,18186327.29031152,11422075.657974068,0.4619740596624861,1.8400189735181436,0.32402566576042224,0.18000000015091797,0.3540931238680637,1.3129649006926958,-85.36897393238837,95.19592852787306,95.15165057954547,0.7873387442350799,2.2998591774301613,-86.28395854143275,119.63367032914459,0.07415975743711985,59.33400971337944,0.48666502142315476,1.8714461069481103,0.42841307048205174,95.30357500687452,43.05467630217883,31.92554421023784,0.07263957798925641,0.04964602170857751,0.06126899573287759,83.79594002814737,0.38898273703776454,9.373185856911065e-09,9.941774056637617e-09,94.89489380186852,1.0725482100278256,0.9919586327735493,0.9463574390384367
icp_design_026__scen_1,icp_design_026,train,1,nominal,L,L,1.356e7,2.0e6,119.39615704531741,146.09464892192213,-72.40766244914607,50.0,50.0,1.9516691710972058e-07,3.4427933014782254e-10,2.7104395094725175e-11,2.0349792854572277e-06,4.576901079950916e-11,3.12536423782765e-11,1.916196194761376e-08,2.0001478210739263,2.0132042870614075,0.08,3.1e-07,8e-11,1.0e5,1.0e6,2.5e-09,1.2e-06,nominal,1.1137177902998525,0.995055546459561,1.0960448841904529,-0.11952470157649803,0.9537043196901667,1.0730611543667705,PI,L,0.003046811606738107,0.00823423638610135,0.0017484498234798028,0.0005317503837857789,5.537482530125625e-07,0.0010824005181114067,0.4852838269912624,1.0728976908149696e-11,3.0059869775893076e-12,107.33276572178137,0.006318845712919922,0.14541072570122326,2.590344448619331e-07,1.0397240165874994e-07,5.331564267127924e-12,0.0006628915513846618,0.05621416202522461,18186327.29031152,11422075.657974068,0.4208391869302931,1.816817051931507,0.34792611366689996,0.18000000025926322,0.3314689438653575,1.284748559969889,-87.41909317938122,94.20811866544229,94.16227942066736,3.5621240770780958,0.23593149039811379,-87.9622815693112,121.16130161682024,0.016435628210964257,60.213865842685884,2.2020438072273576,0.0641882932772929,0.17174319712082112,95.3208734645391,42.477172653832596,31.437073694332703,0.016535783054773327,0.01113686989723261,0.013079528488285232,85.06063055769462,1.7491231638156968,3.269442806081422e-08,3.3329651759602146e-08,96.45771610007772,1.1137177902998525,0.995055546459561,1.0960448841904529
icp_design_026__scen_2,icp_design_026,train,2,shifted_surface,L,L,1.356e7,2.0e6,119.39615704531741,146.09464892192213,-72.40766244914607,50.0,50.0,1.9516691710972058e-07,3.4427933014782254e-10,2.7104395094725175e-11,2.0349792854572277e-06,4.576901079950916e-11,3.12536423782765e-11,1.916196194761376e-08,2.0001478210739263,2.0132042870614075,0.08,3.1e-07,8e-11,1.0e5,1.0e6,2.5e-09,1.2e-06,shifted_surface,1.208285330964834,1.0715784716424461,1.106817769860321,-0.19957214447105937,1.2414244599411237,1.1894522613289058,PI,L,0.009900527238755846,0.015193367518588843,0.0016174338249330968,0.0007992111529996089,2.2449218729191117e-06,0.001799192073253642,0.32315604172308576,4.610884791620211e-11,1.0217501730981505e-12,76.30986529479547,0.0006742976681541252,0.014070264470791271,3.27108990106429e-07,1.1993039877204512e-07,1.771416712205698e-12,0.00016234294107626726,0.13345300113433148,18186327.29031152,11422075.657974068,0.5161546563253577,1.8699424579152246,0.2764117083396592,0.18000000007434622,0.3838924520326431,1.3210745133049018,-87.56663862409975,97.07672886076006,97.02906283846873,0.8450994485804104,4.4062793305699275,-88.57786043771101,121.54356407978631,0.05754393165686639,57.57722731322988,0.5207011089295623,3.967954079514006,0.4383252510559223,95.24405401693437,44.62060843891002,32.39228453634225,0.056649419639047974,0.03857005769862516,0.04738345662059574,81.2567657394635,0.4229036801922788,4.974852278001803e-09,5.392563548576942e-09,97.50198212549302,1.208285330964834,1.0715784716424461,1.106817769860321
icp_design_026__scen_3,icp_design_026,train,3,ood_nonlin,L,L,1.356e7,2.0e6,119.39615704531741,146.09464892192213,-72.40766244914607,50.0,50.0,1.9516691710972058e-07,3.4427933014782254e-10,2.7104395094725175e-11,2.0349792854572277e-06,4.576901079950916e-11,3.12536423782765e-11,1.916196194761376e-08,2.0001478210739263,2.0132042870614075,0.08,3.1e-07,8e-11,1.0e5,1.0e6,2.5e-09,1.2e-06,ood_nonlin,0.7133098652001831,1.3807869925071117,0.9893532669783591,0.26897306204679616,1.5490988304455748,1.2170147085116338,PI,L,0.006122360531831889,0.020315013893627755,0.002359870763640569,0.00013178443705045415,8.09142230678679e-07,0.0014017402633615616,0.4680609514045752,4.698136131924323e-11,1.657396085692656e-11,101.25219820999766,0.002488260540711023,0.03663492340860667,9.913395885314901e-08,7.355686465639304e-08,2.3659002118500654e-12,8.772070651631908e-05,0.20373892463590504,18186327.29031152,11422075.657974068,0.05533782065195429,1.592788506311416,0.7359365507131053,0.18000003383765817,0.1304431924122712,1.1364639074127927,-85.95784436517098,83.5464286760215,83.50270124728732,3.051242718163878,6.4726137661443515,-84.66880836770387,121.03864328413265,0.07186759425273205,74.6381674980845,1.8802949988889517,6.090831848171325,0.3817819179730268,98.535098199828,41.609069416216414,27.833655636428645,0.069998113128502,0.05283778756452199,0.05455679864224472,105.65955175764854,1.4914080793215216,3.905395880595907e-09,4.302829774208156e-09,92.99062225094715,0.7133098652001831,1.3807869925071117,0.9893532669783591
icp_design_027__scen_0,icp_design_027,train,0,nominal,PI,L,1.356e7,2.0e6,127.00817200611199,149.99068401451052,-7.383246429638016,50.0,50.0,2.1592649287219952e-07,4.396079420915276e-11,6.084557057477962e-11,8.105693213260897e-07,2.4491375694595318e-11,6.875538870860935e-10,2.815762528295532e-10,3.53321108764878,1.5461312154904345,0.08,3.1e-07,8e-11,1.0e5,1.0e6,2.5e-09,1.2e-06,nominal,1.095750352681683,0.9310637654675542,1.087101633900084,-0.08930364948661004,1.171402480822128,0.9236719588341888,PI,L,0.005622948816693142,0.004583036219142262,0.00022664396162450169,0.0029643691208170917,1.958755233673418e-06,0.0012461232978956847,0.5198722992333279,1.0067802569564035e-11,1.3302836964737557e-11,45.14629046138596,0.0023331670565171743,0.05190768006963107,4.4859177951449434e-07,1.5989248096084335e-07,4.505347150773631e-12,0.0006952235738496148,0.09916659472953343,29712521.015561707,10927973.8480925,0.8779900092294678,1.7532498766437326,0.2017229841490113,0.18000000077975264,0.6595550594586463,1.2176133437131278,-22.27219039668339,80.87724421998603,80.84329209145807,0.9346583509495142,-0.7746057277016163,-21.946943909499673,89.59541530757211,0.022495910778773706,58.363462815758126,0.5585472624495463,-0.8059714363322832,0.0313657086306669,110.1783017825568,43.453343176233595,32.87210562785387,0.02291853103120087,0.01744864238940193,0.014960593135773116,82.30543330577014,0.481432113580019,2.8395391121195667e-08,2.9434732038894806e-08,30.637612544746393,1.095750352681683,0.9310637654675542,1.087101633900084
icp_design_027__scen_1,icp_design_027,train,1,nominal,PI,L,1.356e7,2.0e6,127.00817200611199,149.99068401451052,-7.383246429638016,50.0,50.0,2.1592649287219952e-07,4.396079420915276e-11,6.084557057477962e-11,8.105693213260897e-07,2.4491375694595318e-11,6.875538870860935e-10,2.815762528295532e-10,3.53321108764878,1.5461312154904345,0.08,3.1e-07,8e-11,1.0e5,1.0e6,2.5e-09,1.2e-06,nominal,0.9446069124266673,0.9228002225486553,0.9971849903505698,-0.0761026764299375,1.0833269123974272,1.0264316781461735,L,L,0.007333238627647667,0.00966265908375513,0.0028391979016221427,0.0009099512455789474,1.7341300965955113e-06,0.0019980962389925297,0.5958266529631888,2.5595044872702225e-11,3.3713527430765517e-12,62.370590253574655,0.004404153377421895,0.02416914002842624,1.9294994913773336e-06,3.0299573309199824e-07,4.129252139759327e-12,8.135960568767438e-05,0.044654241823541135,29712521.015561707,10927973.8480925,0.8635985926631444,1.7449156887436534,0.20189092951223947,0.18000000093908897,0.6516397803471685,1.2189727436670337,-21.040692045492918,81.15960068526194,81.12205099474332,1.085801434894365,7.900018573155068,-20.73788594951952,89.1757549165402,0.03658524918647944,58.369670210476286,0.6468024699427091,7.889818287378664,0.010200285776402758,110.3205047551655,43.06757752185516,32.78337209466304,0.03828710213039822,0.02426414293771335,0.02752889654538102,82.31381631235105,0.5752187007803966,1.723780467903941e-08,1.9175814631280668e-08,29.351401453890553,0.9446069124266673,0.9228002225486553,0.9971849903505698
icp_design_027__scen_2,icp_design_027,train,2,shifted_surface,PI,L,1.356e7,2.0e6,127.00817200611199,149.99068401451052,-7.383246429638016,50.0,50.0,2.1592649287219952e-07,4.396079420915276e-11,6.084557057477962e-11,8.105693213260897e-07,2.4491375694595318e-11,6.875538870860935e-10,2.815762528295532e-10,3.53321108764878,1.5461312154904345,0.08,3.1e-07,8e-11,1.0e5,1.0e6,2.5e-09,1.2e-06,shifted_surface,1.110783545752283,1.0375968746403796,1.1853572145328157,-0.1686069873257966,1.2037346942967915,1.0582919315924812,L,PI,0.0061386338721407,0.01575755841267575,0.0019887739334365786,0.0021202597772426468,7.59845617710466e-07,0.0009149996587998071,0.2995524670301453,3.018889743417615e-11,1.3671920279063483e-11,71.1387255147982,0.0015434000213507216,0.007360286172723059,9.326597033120695e-07,9.996114287697476e-08,4.9350621944332036e-12,0.0007731750803389414,0.18412119220344156,29712521.015561707,10927973.8480925,0.9690969139586215,1.8048336292736489,0.200452481832708,0.1800000002181671,0.7096638570596808,1.2458615241034507,-23.617898836569303,82.6117281293595,82.5791929502602,2.375924652902662,2.5755415951286094,-23.650032382002014,89.63054362293305,0.05422379405399543,58.31432234405378,1.412718216374258,2.7068444495041666,-0.13130285437555725,108.99782020847843,44.19558832028288,33.686132509321254,0.05290626225479403,0.04112542610455692,0.04179945058111494,82.23587899252459,1.242132587546461,4.291787007545582e-09,4.5809985476772605e-09,32.48915004605859,1.110783545752283,1.0375968746403796,1.1853572145328157
icp_design_027__scen_3,icp_design_027,train,3,ood_nonlin,PI,L,1.356e7,2.0e6,127.00817200611199,149.99068401451052,-7.383246429638016,50.0,50.0,2.1592649287219952e-07,4.396079420915276e-11,6.084557057477962e-11,8.105693213260897e-07,2.4491375694595318e-11,6.875538870860935e-10,2.815762528295532e-10,3.53321108764878,1.5461312154904345,0.08,3.1e-07,8e-11,1.0e5,1.0e6,2.5e-09,1.2e-06,ood_nonlin,1.3805606896501943,0.9102183408589541,1.176709311436766,0.1847401072093394,1.4149786878565758,1.5122714105073043,L,PI,0.007177214801033999,0.023764324237688334,0.0003311689266396792,0.0005845211715858441,5.010870789465623e-06,0.0037971551632775616,0.5807877732486624,5.136420418289054e-11,2.4872679235412155e-12,93.06605836089223,0.0032959759178988386,0.0922033225866818,2.6536320563833588e-06,1.7183900059496548e-07,1.324642765394351e-12,0.0006417727764259144,0.09277675692469042,29712521.015561707,10927973.8480925,0.6149208257482761,1.5930585844914187,0.2286902537067604,0.18000002147136365,0.5148670085439908,1.0983108250035736,-23.49945683567688,72.82437171527776,72.79025893154683,0.3810545239464301,0.5336967045746367,-21.725157126570057,92.08969358089773,0.07138637604655886,59.405415277392805,0.2322563872343128,0.5203995508713658,0.013297153703270595,114.64276017323279,42.39678890314648,29.80594862788434,0.07502452505310475,0.04893507828918747,0.050739899697804555,83.8012918788721,0.19116863735536263,4.493217238699507e-08,4.624517221364002e-08,30.204514907199354,1.3805606896501943,0.9102183408589541,1.176709311436766
icp_design_028__scen_0,icp_design_028,train,0,nominal,L,L,1.356e7,2.0e6,376.2811520583695,181.58183026538552,-98.24128382505113,50.0,50.0,2.2324265906162555e-06,3.63710317112146e-11,1.1476538327185017e-09,5.512050791001467e-07,1.7052332809692117e-10,4.8040710104290194e-11,5.013606378107258e-10,1.7684155352253152,3.5798578591464847,0.08,3.1e-07,8e-11,1.0e5,1.0e6,2.5e-09,1.2e-06,nominal,1.1481045977670885,1.0994563886781192,1.0190881935989637,-0.13799640865820328,0.9635479342099669,0.9508762606380456,L,PI,0.007759702903998456,0.010507375475500883,0.0019516235889537978,0.0028782476517970686,4.371001679832132e-07,0.0017953487873968003,0.20008722959302502,6.116147786874594e-11,4.186354378015358e-12,56.46026429347816,0.007389061590598759,0.030558723914897685,1.2273626635648747e-06,8.122780321474509e-08,2.1335418061595306e-12,0.0007157990238923569,0.1662275421833537,5222354.47883478,13384192.10993985,-0.8056800906874462,1.9873545153945686,0.20505827659878323,0.18000000000270208,-0.3547032731168297,1.488613998245605,-112.19871572454728,133.53076772332074,133.4444482831863,12.266767253620234,-19.77616099788856,-116.37548816654484,154.15071666503962,0.09478757058794654,171.96580892809737,7.612022057051352,-20.649643841024787,0.8734828431362316,118.69640334810339,58.89033960623,42.501683181464955,0.0914082347633481,0.06513668204123155,0.08015359296606682,240.80461595306514,6.3321361830947325,5.403327318623066e-08,6.406034092802277e-08,128.15355608779083,1.1481045977670885,1.0994563886781192,1.0190881935989637
icp_design_028__scen_1,icp_design_028,train,1,nominal,L,L,1.356e7,2.0e6,376.2811520583695,181.58183026538552,-98.24128382505113,50.0,50.0,2.2324265906162555e-06,3.63710317112146e-11,1.1476538327185017e-09,5.512050791001467e-07,1.7052332809692117e-10,4.8040710104290194e-11,5.013606378107258e-10,1.7684155352253152,3.5798578591464847,0.08,3.1e-07,8e-11,1.0e5,1.0e6,2.5e-09,1.2e-06,nominal,1.0082636408924548,1.0046550931140878,0.9070058114772004,-0.17208870365955317,1.0229031604044037,1.0794201737930584,PI,L,0.0025303168619228923,0.007768030152063008,0.00045594997237894617,0.003669323815209896,1.3441704042955838e-06,0.0007146988711388046,0.44518564442037667,3.4804086209862906e-11,4.329477720384188e-12,43.203439205646916,0.0007407902501676129,0.008085016725111902,1.1303609130879565e-06,4.491657133386705e-08,2.254318730371934e-12,0.0005227028854066857,0.08759382175244916,5222354.47883478,13384192.10993985,-0.7653266723654586,2.0099088924920867,0.20737100520374557,0.18000000000168578,-0.3325088930397365,1.5133686527836088,-110.6636354190233,134.68921215942757,134.60720863797778,4.014402860266647,-11.387082387648505,-115.28877713490586,153.30522856307732,0.05750163305814445,172.26950860992795,2.496073688977006,-11.898520791005046,0.5114384033565399,119.31035956855803,60.02171049332562,42.90645733184698,0.05650888042131731,0.04011798719645627,0.048435319307928514,241.2874990313919,2.063851409817219,1.1916579092773196e-08,1.3595757217603292e-08,127.29311923357098,1.0082636408924548,1.0046550931140878,0.9070058114772004
icp_design_028__scen_2,icp_design_028,train,2,shifted_surface,L,L,1.356e7,2.0e6,376.2811520583695,181.58183026538552,-98.24128382505113,50.0,50.0,2.2324265906162555e-06,3.63710317112146e-11,1.1476538327185017e-09,5.512050791001467e-07,1.7052332809692117e-10,4.8040710104290194e-11,5.013606378107258e-10,1.7684155352253152,3.5798578591464847,0.08,3.1e-07,8e-11,1.0e5,1.0e6,2.5e-09,1.2e-06,shifted_surface,0.8389311150579553,1.157324640137151,1.1371404157023983,-0.13520858292889978,1.1452383035962521,1.132267684649378,PI,PI,0.0076963420392838515,0.014063233155033623,0.000714743332807798,0.0002771966195380004,1.6237271273365417e-06,0.004329767042145206,0.5761369840880582,5.637284383400725e-11,1.5630343776913286e-12,59.52151584728983,0.006824787374669269,0.0073081466120396895,2.247004691059691e-07,2.474368871621614e-07,3.124703409528251e-12,0.00010125023295247423,0.08733558391730392,5222354.47883478,13384192.10993985,-0.8089089952624955,1.9855324829898984,0.20443750464134197,0.18000000000282976,-0.3564791706331068,1.4778943977940613,-113.81555895846998,133.92890141129456,133.84695970939035,3.298494910011685,1.291892971798745,-117.7968535983877,155.4608949946122,0.08969085818220006,171.89111641474045,2.0469433394564867,0.032370842964564966,1.2595221288341787,118.554590068523,59.74527733173906,42.4956323507811,0.08885137041138223,0.06172179858460274,0.07492360387797517,240.6928148410819,1.702832408042574,5.215939378596902e-09,5.45307991316047e-09,129.7459090647355,0.8389311150579553,1.157324640137151,1.1371404157023983
icp_design_028__scen_3,icp_design_028,train,3,ood_nonlin,L,L,1.356e7,2.0e6,376.2811520583695,181.58183026538552,-98.24128382505113,50.0,50.0,2.2324265906162555e-06,3.63710317112146e-11,1.1476538327185017e-09,5.512050791001467e-07,1.7052332809692117e-10,4.8040710104290194e-11,5.013606378107258e-10,1.7684155352253152,3.5798578591464847,0.08,3.1e-07,8e-11,1.0e5,1.0e6,2.5e-09,1.2e-06,ood_nonlin,1.1909905032300299,1.2585723163794116,0.8157837781822597,0.14207105053509195,1.5639128583047137,1.5050853335399796,L,L,0.011523248801563772,0.01750867448287228,0.0023929582140995898,0.000450618026408073,2.0627874283703534e-06,0.002667203207314585,0.5664602758021283,1.6912602269859664e-11,2.0387820647905204e-12,113.4697316691933,0.0006658015455074794,0.011089133839951304,2.524888003745692e-07,4.3007506689309443e-07,7.803491219602316e-13,3.8620927246295004e-05,0.26406011689639053,5222354.47883478,13384192.10993985,-1.0870192579033882,1.8191235523146112,0.20009851829005146,0.18000000017789358,-0.5094398150855978,1.3871166773229713,-109.41425844917778,124.81258982114532,124.72220315978137,2.54924434528979,53.520522183889994,-111.814625040058,151.81627449602544,0.027075004196122115,171.16458082760235,1.5530593485067705,53.0763682778603,0.44415390602969435,118.34930215990967,59.076440243231644,40.21467345826577,0.024689869764586096,0.019905930205251183,0.022221622811156715,239.387454745459,1.40484382932335,2.8540095882941925e-09,3.6891809430358574e-09,123.62991308870434,1.1909905032300299,1.2585723163794116,0.8157837781822597
icp_design_029__scen_0,icp_design_029,train,0,nominal,PI,L,1.356e7,2.0e6,351.5271112235696,124.81833949110602,-85.41081838297127,50.0,50.0,5.709715904515042e-07,1.9712272006124932e-10,8.002574595481671e-11,1.4157779002428013e-06,7.005292200417845e-11,5.475609812352686e-11,2.6001311765305054e-10,3.2630574651872806,3.374738934467302,0.08,3.1e-07,8e-11,1.0e5,1.0e6,2.5e-09,1.2e-06,nominal,1.080433624455119,1.0787121623418883,1.0805121549966532,0.1470549430505865,1.0641698784956317,1.0121658578743746,PI,PI,0.007897328858605251,0.008873176305069152,0.0013471778783770909,0.00034108958610024905,8.932668127636745e-07,0.0018343914934909715,0.5350681966578188,1.392873005983183e-11,8.815449861708094e-12,65.2629478702469,0.0016491827016123519,0.01054283473425472,1.464019149295103e-07,1.9237123642218447e-07,1.5972854401343973e-12,0.0002892000166862856,0.06650878230605362,12446084.61010393,10779487.753861867,-0.22291593673811713,1.5999426170787188,0.5669432861505725,0.18000001538677288,0.040549108053399605,1.2022558062787359,-100.20951264499782,90.890622963248,90.8281856276481,7.418678289947529,7.413789449370547,-99.80673172308776,123.2280488317531,0.0200376187566802,200.89654539264382,4.5969555297933455,7.099361222149396,0.31442822722115094,78.6136563328625,34.80225626478151,23.685019601789975,0.019852481600936785,0.01404898572971967,0.015246811375871095,283.87342054437556,3.622703399926383,3.0688398956950116e-09,3.4030767588841522e-09,106.76718297604407,1.080433624455119,1.0787121623418883,1.0805121549966532
icp_design_029__scen_1,icp_design_029,train,1,nominal,PI,L,1.356e7,2.0e6,351.5271112235696,124.81833949110602,-85.41081838297127,50.0,50.0,5.709715904515042e-07,1.9712272006124932e-10,8.002574595481671e-11,1.4157779002428013e-06,7.005292200417845e-11,5.475609812352686e-11,2.6001311765305054e-10,3.2630574651872806,3.374738934467302,0.08,3.1e-07,8e-11,1.0e5,1.0e6,2.5e-09,1.2e-06,nominal,1.0744137510343217,1.022280286050431,0.9803504322409119,0.027929457683008446,0.9378309957310962,1.0991542802373462,L,PI,0.005122873057390876,0.010025430210586305,0.00022853321235033044,0.0034556090976894946,6.830127316767399e-07,0.0028371999546430485,0.1980553923551312,4.0460265436118176e-11,2.16366501983334e-12,95.15702087195999,0.0008099839480116485,0.0851883134387582,1.0280013852045682e-06,1.0020263154582037e-07,1.833281869810665e-12,0.0004863253327525706,0.14972142676875616,12446084.61010393,10779487.753861867,-0.11326474195941834,1.6678790516427127,0.6394335213454326,0.18000000373469227,0.10085726518168395,1.257824248293991,-98.83769785607807,93.41419140272914,93.33813578501274,10.135244962347034,-55.37345600434765,-99.029555181132,122.03512083336764,0.04086374635546835,209.01262458620232,6.255407151742295,-55.92187068954758,0.5484146851999212,78.35770330468605,35.58039569356393,24.751503354554664,0.042037351042340305,0.026566866018416027,0.03149187635257253,295.65392280417973,4.950736598951264,4.276466688614725e-08,5.561916355383974e-08,106.14563431984479,1.0744137510343217,1.022280286050431,0.9803504322409119
icp_design_029__scen_2,icp_design_029,train,2,shifted_surface,PI,L,1.356e7,2.0e6,351.5271112235696,124.81833949110602,-85.41081838297127,50.0,50.0,5.709715904515042e-07,1.9712272006124932e-10,8.002574595481671e-11,1.4157779002428013e-06,7.005292200417845e-11,5.475609812352686e-11,2.6001311765305054e-10,3.2630574651872806,3.374738934467302,0.08,3.1e-07,8e-11,1.0e5,1.0e6,2.5e-09,1.2e-06,shifted_surface,0.9082133206581878,1.1614953493488565,1.045438421781155,0.06242643184422647,1.294402870855931,1.0667068653464868,PI,L,0.0032819582121435143,0.013853498779386032,0.0005932413724941781,0.000610468544340752,1.1733933239365418e-06,0.0023473973290945344,0.3583486810650871,4.2054631221976655e-11,1.7777064003607512e-12,83.8715043009743,0.0006464349839313401,0.009470009770232997,1.4219239667825132e-06,4.30427361336749e-07,3.2597565184700095e-12,0.00023728635839935226,0.0731931485921344,12446084.61010393,10779487.753861867,-0.14627357701388832,1.6477264388190986,0.6523670716680523,0.18000000634067728,0.08270240590172545,1.2385103801542416,-99.72914292283748,92.88571422365386,92.82203177661738,5.929425543013098,-12.276256249918664,-99.70317052410789,122.98061800808456,0.04460239454105397,210.40768074375148,3.6609031561043497,-12.83228989095861,0.5560336410399424,78.6076876706288,36.41934028302359,24.510856756588126,0.04698867379355728,0.029155918977400497,0.033256354100336644,297.60432821618474,2.892777457447768,6.601391750193442e-09,7.567572981470325e-09,106.9870385807126,0.9082133206581878,1.1614953493488565,1.045438421781155
icp_design_029__scen_3,icp_design_029,train,3,ood_nonlin,PI,L,1.356e7,2.0e6,351.5271112235696,124.81833949110602,-85.41081838297127,50.0,50.0,5.709715904515042e-07,1.9712272006124932e-10,8.002574595481671e-11,1.4157779002428013e-06,7.005292200417845e-11,5.475609812352686e-11,2.6001311765305054e-10,3.2630574651872806,3.374738934467302,0.08,3.1e-07,8e-11,1.0e5,1.0e6,2.5e-09,1.2e-06,ood_nonlin,1.4428425874618256,0.9129512284218038,1.188589171533487,0.14518517941012718,1.4332922124083636,1.3531179650396599,L,L,0.00699938144280898,0.010391120335098645,0.002668583476372215,0.00014312625201167795,1.2847842829339287e-06,0.0023423793228190626,0.33118002296028065,1.5252924818821752e-11,2.3092129303163668e-11,97.99378722495484,0.00892372429996796,0.011601124240037175,1.811838033042686e-06,6.72708918077529e-07,5.383189207237724e-12,0.00027616568478872544,0.08002472494844441,12446084.61010393,10779487.753861867,-0.2212845508838831,1.6009740477359755,0.536364001464003,0.18000001670381,0.04144637027322831,1.1943316464158689,-101.68973542216312,91.62819498060162,91.5446109516858,5.108983541465423,72.82481257209801,-101.1917051097593,124.60375692932718,0.03393979662673127,197.52904024049874,3.166593336402502,72.3880967342832,0.43671583781479817,78.56508857570742,36.088999521598836,23.764155863425835,0.03208374662825139,0.026005136777243185,0.025877582213500186,279.044198606617,2.5242096947062214,1.7738410370646376e-08,2.3793413570820006e-08,108.40950501407906,1.4428425874618256,0.9129512284218038,1.188589171533487
icp_design_030__scen_0,icp_design_030,train,0,nominal,PI,L,1.356e7,2.0e6,52.02716780434961,225.60635747050435,-20.566729756692435,50.0,50.0,7.494440135960239e-07,5.730634436846142e-11,1.5433877666774194e-10,1.8348815540535054e-07,3.588066491883025e-10,7.665966067885255e-10,6.686587243431765e-10,3.6427981936740044,0.2145035093847163,0.08,3.1e-07,8e-11,1.0e5,1.0e6,2.5e-09,1.2e-06,nominal,0.81643511788249,0.9655807200201819,0.948635522201049,-0.04801463820008302,1.0514204746079427,1.1464917990443038,L,L,0.004009309751395096,0.004577933243240694,0.0019886116143452755,0.000462597687315919,8.795437017869579e-07,0.0007952670288195446,0.18537736994362158,1.4030861155898042e-11,4.18948821820106e-12,83.48459971908326,0.004628858730015291,0.07553558206728508,4.937555532349819e-07,7.639164567302796e-07,5.543377236731461e-12,0.00024097812080636232,0.10153137268800726,13839568.411469717,15256715.531579709,0.06961310361825597,2.0611044903756777,0.6487911440207782,0.18000000000066949,0.220427116673741,1.3776074769561262,-33.55924186874987,121.85546045113544,121.83868504598415,1.1671247525572022,0.729290329063476,-36.261174527151915,132.7181271558191,0.03455340924750342,31.11934534710877,0.7195852880642928,0.8277349150155626,-0.09844458595208663,159.06437317910712,69.7430628744269,56.287723631256,0.03342456545530563,0.024829602643633063,0.028700399808108498,44.06474770032709,0.5715533466266405,3.5423640586091734e-08,3.678728383473717e-08,50.209787102037296,0.81643511788249,0.9655807200201819,0.948635522201049
icp_design_030__scen_1,icp_design_030,train,1,nominal,PI,L,1.356e7,2.0e6,52.02716780434961,225.60635747050435,-20.566729756692435,50.0,50.0,7.494440135960239e-07,5.730634436846142e-11,1.5433877666774194e-10,1.8348815540535054e-07,3.588066491883025e-10,7.665966067885255e-10,6.686587243431765e-10,3.6427981936740044,0.2145035093847163,0.08,3.1e-07,8e-11,1.0e5,1.0e6,2.5e-09,1.2e-06,nominal,1.007817099165154,0.906642461720816,0.9321687593579521,-0.09586919531012088,0.9550591068226719,0.9918968247088229,L,L,0.006348065563605901,0.005177850102569416,0.0003050144308100284,0.0004466188515292535,4.2948041598108383e-07,0.0014188457320446386,0.17797850752994965,3.0353488314213126e-11,2.9316573188737967e-12,89.18302883421117,0.003952340854361001,0.0064665790021074315,7.162720346747706e-07,4.3088847475328735e-08,3.728962248930002e-12,9.490918790186216e-05,0.08221353764456911,13839568.411469717,15256715.531579709,0.12118871665260882,2.0911147781150285,0.6172857440376092,0.18000000000030242,0.24879370384263508,1.3999320194011198,-33.33371308485534,123.5513434743862,123.53438838791678,2.35152927972639,-2.0925413970588878,-36.511473088726994,132.29678922519253,0.06745207540118442,30.6103862312297,1.447566968998303,-1.8717712946716782,-0.2207701023872096,158.2488607367532,69.96379960292278,56.85629255280363,0.06544799845455246,0.04666225873134284,0.057477025941452556,43.34435351669462,1.1534396949188752,5.063869912499169e-09,5.356877968506027e-09,50.50423300931155,1.007817099165154,0.906642461720816,0.9321687593579521
icp_design_030__scen_2,icp_design_030,train,2,shifted_surface,PI,L,1.356e7,2.0e6,52.02716780434961,225.60635747050435,-20.566729756692435,50.0,50.0,7.494440135960239e-07,5.730634436846142e-11,1.5433877666774194e-10,1.8348815540535054e-07,3.588066491883025e-10,7.665966067885255e-10,6.686587243431765e-10,3.6427981936740044,0.2145035093847163,0.08,3.1e-07,8e-11,1.0e5,1.0e6,2.5e-09,1.2e-06,shifted_surface,1.260256083244317,1.013962486215746,0.980121031495385,0.19984582638414639,1.079232596695023,1.241554346230873,L,PI,0.006239147112861666,0.009855230437968631,0.0023211075086350787,0.0036064554102260924,1.7124597656165548e-06,0.0018356718857549723,0.5176250658303423,3.1526103761299644e-11,1.6519651627151242e-12,68.25165175238642,0.001242194973784051,0.005516739265435245,1.3379252584925466e-06,4.045897684594879e-07,4.94232464502659e-12,0.00016551630759188205,0.04017265546620113,13839568.411469717,15256715.531579709,-0.16178558747805932,1.918626499401284,0.5832937868246801,0.18000000002246147,0.0931578365707676,1.2753540425305039,-33.99046740377144,114.13517916692844,114.11623649137715,0.586142444165892,1.4153513265739122,-34.597581994436595,133.96050345326245,0.06590871863936654,30.014855123214353,0.36220157250242313,1.5487708905568462,-0.133419563982934,162.76015340288197,66.6793694163333,52.95209088893866,0.0669253415993991,0.043025785148378376,0.05338908038936392,42.43722009949707,0.2909563743168854,4.830362561845277e-09,5.080960390262934e-09,47.93345587770325,1.260256083244317,1.013962486215746,0.980121031495385
icp_design_030__scen_3,icp_design_030,train,3,ood_nonlin,PI,L,1.356e7,2.0e6,52.02716780434961,225.60635747050435,-20.566729756692435,50.0,50.0,7.494440135960239e-07,5.730634436846142e-11,1.5433877666774194e-10,1.8348815540535054e-07,3.588066491883025e-10,7.665966067885255e-10,6.686587243431765e-10,3.6427981936740044,0.2145035093847163,0.08,3.1e-07,8e-11,1.0e5,1.0e6,2.5e-09,1.2e-06,ood_nonlin,0.8108317305094159,1.1990786755671206,0.9100759682885003,0.005275881401593239,1.2943443403728407,1.5321373821843207,PI,PI,0.008935778549279419,0.022048094758087274,0.000755020693189079,0.0009621963433807192,7.714943884173982e-07,0.003943541049959239,0.32031251582468356,1.7229797703417643e-11,5.480209586628042e-12,97.89544309213849,0.0031763309388028542,0.169317808488825,9.136562637851683e-07,1.9000429974344726e-07,5.6683213928657435e-12,0.0005784421214017408,0.18791785323766477,13839568.411469717,15256715.531579709,0.015145470350993895,2.0287120591858376,0.709320448510087,0.1800000000014056,0.19046991837674687,1.3580175394362421,-33.031130218355365,120.65512066477943,120.63728942224607,1.375382418408277,-0.4336571492362537,-35.31781463044018,133.2204242292056,0.0447781766215097,32.10368145398402,0.8462574672227618,-0.5674310167792737,0.13377386754301981,160.15381688531085,70.59578836454617,55.78213376932492,0.0416522871226104,0.03394610251062368,0.03690739940563259,45.46329222456674,0.6719844560517563,8.906646435564376e-08,9.204976258613003e-08,49.436972303349414,0.8108317305094159,1.1990786755671206,0.9100759682885003
icp_design_031__scen_0,icp_design_031,train,0,nominal,L,L,1.356e7,2.0e6,386.1285904909656,251.51309831409273,-24.8755895117621,50.0,50.0,5.138540033633465e-08,1.4070669074051727e-09,1.4961328255293056e-09,7.072278939749487e-08,2.3574575915128573e-10,1.9355877243460306e-10,1.4731666506468574e-08,3.807171296547088,2.3442937998199733,0.08,3.1e-07,8e-11,1.0e5,1.0e6,2.5e-09,1.2e-06,nominal,1.0157888946566935,1.0422337167186222,0.9707010758833795,-0.02931215248908814,0.9337059494131345,1.0713957498291835,L,L,0.004586256991819595,0.01010112136094733,0.0010460274541651028,0.0004988947802730818,1.0227041969680534e-06,0.0025869934116604406,0.4844948252715693,3.6790067312917323e-11,7.93323190252455e-12,94.56760669661834,0.004251179478784004,0.006298613224705641,1.8538651958935173e-07,4.677273575069244e-07,5.742796529469203e-12,0.0006770831370826924,0.0435315132735241,15973167.961068228,32423122.816738352,0.19353636719867662,2.8034684403718497,0.5804264584426095,0.18,0.29680356678662656,2.001986512180623,-38.17031144706087,190.4850292930488,190.47432099915517,7.14984452786556,4.745433598409259,-57.37972761868968,159.32733544922175,0.10688925051920488,222.78453660823624,4.401507414862094,4.550994701423513,0.19443889698574365,189.0356938168847,94.28879586592528,74.25726507833126,0.1041542940931912,0.07476774342930007,0.09666094765239273,315.48493846619306,3.513652998881468,3.823791369682372e-09,4.156981501599388e-09,76.23748679187473,1.0157888946566935,1.0422337167186222,0.9707010758833795
icp_design_031__scen_1,icp_design_031,train,1,nominal,L,L,1.356e7,2.0e6,386.1285904909656,251.51309831409273,-24.8755895117621,50.0,50.0,5.138540033633465e-08,1.4070669074051727e-09,1.4961328255293056e-09,7.072278939749487e-08,2.3574575915128573e-10,1.9355877243460306e-10,1.4731666506468574e-08,3.807171296547088,2.3442937998199733,0.08,3.1e-07,8e-11,1.0e5,1.0e6,2.5e-09,1.2e-06,nominal,0.847167236219167,0.9046315581354097,1.0818653347335305,-0.13204578019351537,1.0396282282542701,1.1207599645447865,PI,L,0.007173919157427673,0.007823762756025272,0.001103582702934595,0.0013299738578817783,9.020921566652428e-07,0.0009945057065498268,0.24527155859623073,2.2845994620886655e-11,1.316588316569235e-12,56.88073846765401,0.002237778123788097,0.07605650444181575,1.1698838559339004e-07,4.1123429334769947e-07,3.166663357321171e-12,0.0007457038184772641,0.07082233962124398,15973167.961068228,32423122.816738352,0.3054023374227679,2.8682669076099008,0.42954341384638434,0.18,0.35832985040987675,2.038452298539247,-39.69281713627254,194.20651631473027,194.19366087721994,7.408855202430034,1.8782801607252548,-59.87285179161894,161.6230857648075,0.06106951226374862,204.60449180526214,4.562129362898038,1.8161924050494778,0.062087755675775264,191.59309059895855,95.48724267008313,75.25662000122735,0.05888154180935428,0.043873326319948794,0.05530858448110636,289.41738988366774,3.654717064385648,1.990837157882564e-08,2.0999751388398153e-08,78.97030032563558,0.847167236219167,0.9046315581354097,1.0818653347335305
icp_design_031__scen_2,icp_design_031,train,2,shifted_surface,L,L,1.356e7,2.0e6,386.1285904909656,251.51309831409273,-24.8755895117621,50.0,50.0,5.138540033633465e-08,1.4070669074051727e-09,1.4961328255293056e-09,7.072278939749487e-08,2.3574575915128573e-10,1.9355877243460306e-10,1.4731666506468574e-08,3.807171296547088,2.3442937998199733,0.08,3.1e-07,8e-11,1.0e5,1.0e6,2.5e-09,1.2e-06,shifted_surface,1.278189016071281,1.1719767692306895,0.9604312623273782,0.10331259888010777,1.1436466162693153,1.2790392752412398,L,PI,0.008016374600326137,0.014007014295463797,0.0015763529486941608,0.001410988163871589,5.924809696345827e-07,0.0011541022387911637,0.4968028661205785,1.2848485450416848e-11,1.5193699904794343e-12,37.810821739874626,0.0059493909120089065,0.1684152394135346,1.25784982553186e-07,5.243385237947875e-07,4.616847687600714e-12,0.0002268082284193863,0.05006322985308108,15973167.961068228,32423122.816738352,0.06546892156315073,2.725582446511514,0.6862068726143189,0.18,0.22636647168708732,1.948287901562868,-38.029656080597874,185.63835845123998,185.62883297370234,13.108308287344201,-5.811267492698263,-55.82966566050549,157.51445001317643,0.03429413853183845,235.51860374202994,8.067200832400207,-5.903392143105057,0.09212465040679137,185.69436549119493,95.170603300797,73.59037915761562,0.03303264934382856,0.02504082181235706,0.030551732094858126,333.57978025356437,6.413671095681102,7.083309820939751e-08,7.777070276429861e-08,74.86378632066489,1.278189016071281,1.1719767692306895,0.9604312623273782
icp_design_031__scen_3,icp_design_031,train,3,ood_nonlin,L,L,1.356e7,2.0e6,386.1285904909656,251.51309831409273,-24.8755895117621,50.0,50.0,5.138540033633465e-08,1.4070669074051727e-09,1.4961328255293056e-09,7.072278939749487e-08,2.3574575915128573e-10,1.9355877243460306e-10,1.4731666506468574e-08,3.807171296547088,2.3442937998199733,0.08,3.1e-07,8e-11,1.0e5,1.0e6,2.5e-09,1.2e-06,ood_nonlin,1.1358121391510272,1.3588551678298937,1.20688794848708,0.15805086396214343,1.5236379296691744,1.3179691008266166,PI,L,0.01400962274383103,0.01320026776262934,0.00042625875325704127,0.003117884683153151,6.549065585587293e-07,0.000951605112851345,0.29192772108054776,1.4178681272266755e-11,1.815733952474975e-11,79.51275549034597,0.006779323827095208,0.014988287011894455,5.101333633298875e-07,1.6635774996884087e-07,8.736351878930652e-13,4.7117037921868746e-05,0.1774689506820908,15973167.961068228,32423122.816738352,0.017047727391245555,2.695125081330778,0.6566027679913318,0.18,0.19973481489253947,1.9072512110435769,-41.405126854241146,183.08760402167283,183.05931340477903,11.706589306599803,-59.451290118927766,-58.12736208311274,158.32407144318708,0.060097025545701135,231.86852623797625,7.209252365282683,-59.42430408105157,-0.02698603787618691,184.18329569859543,97.67324789328008,73.55298673385269,0.05649012421790502,0.042126531223499665,0.051790709866730726,328.2871370314275,5.724370807688212,2.072529713765982e-08,2.7117365319313833e-08,77.66201166176876,1.1358121391510272,1.3588551678298937,1.20688794848708
icp_design_032__scen_0,icp_design_032,train,0,nominal,PI,L,1.356e7,2.0e6,216.30543743364836,275.370317378065,-57.31555860052517,50.0,50.0,1.1387537877928306e-07,1.1296414082339346e-09,1.2134239586232193e-09,7.336691145744344e-07,6.741024890309621e-10,1.3011222248598472e-10,6.06992384987402e-09,2.580335825303402,1.8609829603143007,0.08,3.1e-07,8e-11,1.0e5,1.0e6,2.5e-09,1.2e-06,nominal,1.07824230858644,0.9812843636380245,0.9181855183031772,-0.008191968265057357,1.1784246125716067,0.9640607330115096,L,L,0.005262315831071691,0.007130742205567819,0.00039477099018667036,0.003255804613381872,5.248890203494303e-07,0.0039962224361326125,0.5742108041562958,1.610640201668438e-11,9.960055935114598e-13,76.07790474387777,0.001962543289613258,0.08333475782953009,9.749432946645172e-07,2.7048711956468866e-07,2.20192360075046e-12,0.000636063378143961,0.13897421715970323,11997818.319747133,6783227.562619247,-0.1141737491206222,1.2262331499941312,0.6697635317357196,0.1800376443329671,0.06622122924882788,0.8779575115473527,-69.89058503384386,121.60099738686482,121.57740377006101,8.234901001067957,-26.584632501373623,-62.603444161112094,184.43920792514422,0.039871898476471504,130.63423538181434,5.0807847876720444,-27.131850807233196,0.5472183058595657,221.68581509329474,70.45710463652307,40.17170285384561,0.04449996594820595,0.028158780980011077,0.022469599119226556,184.76363240562813,4.026255862707851,8.071088592176948e-08,9.769597565981522e-08,76.6948650884167,1.07824230858644,0.9812843636380245,0.9181855183031772
icp_design_032__scen_1,icp_design_032,train,1,nominal,PI,L,1.356e7,2.0e6,216.30543743364836,275.370317378065,-57.31555860052517,50.0,50.0,1.1387537877928306e-07,1.1296414082339346e-09,1.2134239586232193e-09,7.336691145744344e-07,6.741024890309621e-10,1.3011222248598472e-10,6.06992384987402e-09,2.580335825303402,1.8609829603143007,0.08,3.1e-07,8e-11,1.0e5,1.0e6,2.5e-09,1.2e-06,nominal,0.9068116912565463,1.054828696215593,0.9566178356526622,0.036126284221520095,1.0964791593047365,1.0055307609743733,PI,L,0.006886870236088329,0.008568041792014234,0.003095848237422293,0.0007512005982634156,4.288863073469649e-07,0.0021183518917069675,0.10187961444608265,5.975107325623957e-11,1.3994421520271583e-11,50.01020696614654,0.0006254789322030492,0.005199358674530787,1.5106274245556472e-06,4.244079991848239e-07,3.192005626729439e-12,0.0004494596063290073,0.16641883195012155,11997818.319747133,6783227.562619247,-0.1578884883161274,1.1998616583254185,0.6718380575039854,0.1800566117450851,0.04217812269130003,0.856422881991295,-70.41670328331932,121.31781373764045,121.29849318044,10.066139189553294,11.173798217360485,-62.803707819886036,185.5931383821704,0.1548709503319343,130.74617875470156,6.213799434589282,11.106844476585177,0.0669537407753069,223.60315541879817,69.6057654676024,38.75733414701385,0.17285395566816586,0.11407759054151474,0.08382281189309601,184.88456927546545,4.915668355869112,9.831360879601721e-09,1.1145901593391192e-08,76.72486091340652,0.9068116912565463,1.054828696215593,0.9566178356526622
icp_design_032__scen_2,icp_design_032,train,2,shifted_surface,PI,L,1.356e7,2.0e6,216.30543743364836,275.370317378065,-57.31555860052517,50.0,50.0,1.1387537877928306e-07,1.1296414082339346e-09,1.2134239586232193e-09,7.336691145744344e-07,6.741024890309621e-10,1.3011222248598472e-10,6.06992384987402e-09,2.580335825303402,1.8609829603143007,0.08,3.1e-07,8e-11,1.0e5,1.0e6,2.5e-09,1.2e-06,shifted_surface,1.026000857964516,1.132172193268713,1.0954451223921213,0.041318468362633975,1.1764398051960674,1.126040756737754,PI,L,0.007331813219234803,0.010305488456767362,0.002063243587734978,0.0005298751042263608,1.056759419143286e-06,0.0012076421636940968,0.38436061329494486,4.014879322609538e-11,5.051304553352461e-12,87.36319664438807,0.0011518154831584094,0.003815685527610106,1.4340403404464295e-07,8.145641464717017e-07,2.395784056527739e-12,0.0005546390367641452,0.149180359643709,11997818.319747133,6783227.562619247,-0.16288712420841703,1.1968170813866403,0.6662752202883657,0.18005930850106971,0.03942887295054073,0.8431854951949935,-72.31794339094253,121.38709496667501,121.36400120075872,4.078765062847872,18.218708867608118,-64.4861894601948,186.6321511799538,0.10250440328076735,130.3643460129852,2.5182414158811124,18.18191114488901,0.03679772271910547,223.7751922958461,69.96351977066854,38.47557636602844,0.11509148158905282,0.07451438257202954,0.055594089225757655,184.33416708987875,1.9968293239850528,1.2478874722528057e-09,1.4609436905358253e-09,78.4788934143285,1.026000857964516,1.132172193268713,1.0954451223921213
icp_design_032__scen_3,icp_design_032,train,3,ood_nonlin,PI,L,1.356e7,2.0e6,216.30543743364836,275.370317378065,-57.31555860052517,50.0,50.0,1.1387537877928306e-07,1.1296414082339346e-09,1.2134239586232193e-09,7.336691145744344e-07,6.741024890309621e-10,1.3011222248598472e-10,6.06992384987402e-09,2.580335825303402,1.8609829603143007,0.08,3.1e-07,8e-11,1.0e5,1.0e6,2.5e-09,1.2e-06,ood_nonlin,1.0772831028130878,0.9028524613319053,0.9905127443320955,0.09224958592235652,1.6034768376560296,1.2919012744926544,L,L,0.008566613425430957,0.010082671655323143,0.0011698771286574041,0.0001322649048738773,9.4582969208949e-07,0.0007936695782235685,0.7343071311388374,1.1219761003771794e-11,2.8411481169185817e-11,57.482984935048194,0.0007201534564273897,0.009151071402060678,1.6020601400013412e-06,6.600206367444169e-08,4.610283677767194e-12,0.0001884926099716446,0.27779434023547356,11997818.319747133,6783227.562619247,-0.2106388656849739,1.1674336197565498,0.5725889658929993,0.18009236981903806,0.013165415138434444,0.8310116622987322,-70.88045003031581,122.04102642420887,122.02511606202214,4.318359698929983,0.9006121042416044,-62.817564144607026,187.7304710561052,0.05619572331730553,123.96846805667356,2.6749543412643004,0.8375156238360221,0.0630964804055825,226.13542583338125,73.68031831783061,37.466319976204296,0.05818311024511682,0.04820679904683091,0.021162164064115734,175.1361441728976,2.11158409125979,1.383889757387636e-08,1.4364225364639028e-08,77.55362780817315,1.0772831028130878,0.9028524613319053,0.9905127443320955
icp_design_033__scen_0,icp_design_033,train,0,nominal,L,L,1.356e7,2.0e6,291.6744550483668,163.91651301676228,-65.33861522363256,50.0,50.0,6.995924648054863e-08,3.702309086422487e-11,9.447030552688932e-10,5.356492807369708e-07,8.560406767497674e-11,7.83340326961903e-11,1.648747464771601e-09,2.160411593558329,1.3623013258227237,0.08,3.1e-07,8e-11,1.0e5,1.0e6,2.5e-09,1.2e-06,nominal,1.0895569523816266,1.057176848011389,0.9030663067871078,0.012535181547120241,0.9777848418840892,0.9295832037200177,L,PI,0.006412250597359731,0.006294980536894755,0.00036875810402481476,0.0018325788970011874,1.909981552664428e-06,0.0011547309325052677,0.2433848754792471,1.0574348727502418e-11,1.1923694210763798e-11,33.81382079242745,0.0011537819838532359,0.004548366365267437,1.5572206289368464e-06,3.6756540038574705e-07,4.927381747656399e-12,0.0005343348259352651,0.07008609613495333,31554435.003142007,18623093.054328352,0.8321326006164969,2.2237622257099883,0.20353029184198665,0.18000000000000882,0.5656935100169898,1.5525033197451594,-77.70701136138868,116.41701083716602,116.37735950712033,2.24070053211965,-1.7861861768792149,-82.48419346725768,123.25373042320774,0.02347309891835881,134.17349318098059,1.357124652726713,-1.9725787450904804,0.18639256821126476,109.63364268354282,54.81148961618458,41.9242576775243,0.02051481297028574,0.017682985814416356,0.020308193231014984,189.18973790611255,1.1316305825633393,7.793764867425703e-09,8.251833682740137e-09,93.4464913904946,1.0895569523816266,1.057176848011389,0.9030663067871078
icp_design_033__scen_1,icp_design_033,train,1,nominal,L,L,1.356e7,2.0e6,291.6744550483668,163.91651301676228,-65.33861522363256,50.0,50.0,6.995924648054863e-08,3.702309086422487e-11,9.447030552688932e-10,5.356492807369708e-07,8.560406767497674e-11,7.83340326961903e-11,1.648747464771601e-09,2.160411593558329,1.3623013258227237,0.08,3.1e-07,8e-11,1.0e5,1.0e6,2.5e-09,1.2e-06,nominal,1.1380587073671404,1.0139306301907114,0.9626933351491973,-0.09882697464649517,1.1827588612217328,0.940720161494676,L,PI,0.004059530957486432,0.008938943344639263,0.0007854578536960306,0.001607873062520131,1.7748034605296304e-06,0.0026422142719611246,0.4280491470909789,5.891429788741053e-11,1.5675489922987802e-12,61.82398795395963,0.004109563683383254,0.08037014149040318,3.075397343293814e-07,2.2373521908805112e-07,5.469879394973251e-13,0.00020993999286759123,0.07401412439627479,31554435.003142007,18623093.054328352,0.9486478700106448,2.292382136415442,0.20076086839434318,0.18000000000000121,0.6297769081837711,1.5957670949700098,-78.52366314183595,120.59320893561404,120.55058310572551,2.3783368501808186,5.524517050308465,-84.02147880202928,124.59289790683397,0.0906827783949984,133.94066724027363,1.4293383957742793,4.905897953898339,0.6186190964101275,110.63185404091995,57.18036437421007,42.74858520051958,0.08656435012305887,0.06446930115523948,0.07989401594410278,188.87417638937268,1.2181936484126537,3.454288878237524e-08,3.779051325062602e-08,95.45755167687129,1.1380587073671404,1.0139306301907114,0.9626933351491973
icp_design_033__scen_2,icp_design_033,train,2,shifted_surface,L,L,1.356e7,2.0e6,291.6744550483668,163.91651301676228,-65.33861522363256,50.0,50.0,6.995924648054863e-08,3.702309086422487e-11,9.447030552688932e-10,5.356492807369708e-07,8.560406767497674e-11,7.83340326961903e-11,1.648747464771601e-09,2.160411593558329,1.3623013258227237,0.08,3.1e-07,8e-11,1.0e5,1.0e6,2.5e-09,1.2e-06,shifted_surface,1.219634669558769,1.0562843257568075,1.1515777388293365,0.1809522515959964,1.1723197495379496,1.0939537455855466,L,L,0.00638639910091524,0.00906637052406896,0.0002927508789640026,0.0005996070612437239,5.209943313268274e-07,0.003408933092541608,0.43869246065000783,4.829146205494101e-11,2.1217647465820174e-12,36.599197954594544,0.005192828188490947,0.09660821435965053,3.886850079764034e-07,5.2941399302263465e-08,1.30627300429496e-12,0.000614668366183415,0.10950045582885964,31554435.003142007,18623093.054328352,0.6782687613065567,2.1281830769917165,0.2196934677665503,0.18000000000013883,0.48106839839652266,1.4657170010789908,-81.1106239346371,111.2899228480114,111.24006686363201,8.421394951299067,-26.628582060259248,-84.4684383868603,124.98269054925277,0.07225670782215216,135.59382788329603,5.144349597823899,-27.2443246692562,0.6157426089969544,108.58281467524982,53.8459524465929,40.5789616465573,0.06872814920099429,0.0499627903877577,0.0628754079821838,191.21249242743616,4.196575418343845,8.708936122576626e-08,1.0547658565186543e-07,95.23762887617887,1.219634669558769,1.0562843257568075,1.1515777388293365
icp_design_033__scen_3,icp_design_033,train,3,ood_nonlin,L,L,1.356e7,2.0e6,291.6744550483668,163.91651301676228,-65.33861522363256,50.0,50.0,6.995924648054863e-08,3.702309086422487e-11,9.447030552688932e-10,5.356492807369708e-07,8.560406767497674e-11,7.83340326961903e-11,1.648747464771601e-09,2.160411593558329,1.3623013258227237,0.08,3.1e-07,8e-11,1.0e5,1.0e6,2.5e-09,1.2e-06,ood_nonlin,0.9618436337389544,1.4038179695010378,1.3359446539712947,-0.06545100845118335,1.6464811129277357,1.4315341184905555,PI,L,0.013197213832849669,0.011054634582014377,0.0014771064511539605,0.0001939791584524942,1.7438886637540173e-06,0.0007132957682218107,0.3821048712521684,1.7656024144960348e-11,1.3729611447983264e-11,72.10797441816051,0.00814932119225268,0.2915049255167005,2.868470248402702e-07,6.972444235305964e-08,9.140365147531445e-13,0.0005447183144862668,0.2739777697510754,31554435.003142007,18623093.054328352,0.9122810952657054,2.271317688746186,0.2011444152656173,0.1800000000000025,0.6097751820740545,1.551161876095763,-83.63571320442337,119.39820378392096,119.3468065415236,2.4383541125887196,17.305457583083584,-88.38275322973841,128.10463930095307,0.03885756328362608,133.97109803746696,1.4696878999113276,17.14640744619897,0.15905013688461037,109.83039215449874,58.29245418424914,42.73271583890802,0.032316898391325656,0.030531223380762817,0.0338914078178619,188.9123152919115,1.2509478938007728,1.0468440129369838e-07,1.2210381399226008e-07,100.04124406658823,0.9618436337389544,1.4038179695010378,1.3359446539712947
icp_design_034__scen_0,icp_design_034,train,0,nominal,PI,PI,1.356e7,2.0e6,137.71500829271866,153.2790431712168,-188.45077965792788,50.0,50.0,3.999227376167022e-07,1.7007021354055508e-09,1.7770893037579273e-09,1.7654496420862093e-06,5.031194260410936e-11,4.944323424047596e-10,5.4322524368568525e-09,1.59519121926454,1.494173200072017,0.08,3.1e-07,8e-11,1.0e5,1.0e6,2.5e-09,1.2e-06,nominal,1.0824265351390978,0.9803844146604013,1.006236172888998,-0.17014400074046987,1.0042550114632978,1.0998781222057088,PI,L,0.005898302466223324,0.005028826472174952,0.0028187386121585464,0.00036780846375067936,1.615190212281971e-06,0.0018371123453261894,0.19695784439656838,2.006768843909728e-11,3.738227955995738e-12,100.66224208272197,0.0006486734109924299,0.05827255957816203,4.147938455714565e-07,4.805995473178575e-07,5.910841831082731e-12,0.00016335115785476501,0.048010456546893565,5287224.388187985,7923653.977832881,-0.7553277765523047,1.4843867093217256,0.20920467826723976,0.1800004210180783,-0.3356707161405406,1.033280462697689,-202.23218485917727,171.77964498956155,171.59716502239374,1.2418670067603033,9.174728400872036,-199.71086385596263,220.07247178364963,0.026966320754749265,63.12466104392266,0.7716697029714795,8.387878895869813,0.7868495050022238,85.13302420176072,38.088262675546964,24.36988019550121,0.03004145260156341,0.016521733914559807,0.01760481977892181,88.41665775603056,0.6536472586734952,3.285285553336002e-08,3.683328308468201e-08,207.32851639107201,1.0824265351390978,0.9803844146604013,1.006236172888998
icp_design_034__scen_1,icp_design_034,train,1,nominal,PI,PI,1.356e7,2.0e6,137.71500829271866,153.2790431712168,-188.45077965792788,50.0,50.0,3.999227376167022e-07,1.7007021354055508e-09,1.7770893037579273e-09,1.7654496420862093e-06,5.031194260410936e-11,4.944323424047596e-10,5.4322524368568525e-09,1.59519121926454,1.494173200072017,0.08,3.1e-07,8e-11,1.0e5,1.0e6,2.5e-09,1.2e-06,nominal,0.9356156170774342,0.9568418675712106,0.945737309671569,-0.040228198452174325,0.9698997817570143,1.0438351938698947,PI,PI,0.007138671319971907,0.010706370866775738,0.0008549698752253604,0.0003629060790262162,4.4897954359901445e-06,0.0011395580315885243,0.4717019067568613,1.755750649882231e-11,3.284107899554588e-12,65.30405018851359,0.0019748675621942533,0.007104221911354492,8.310623969642571e-07,1.3599579829927607e-07,4.153534405935319e-12,0.00010556593137537274,0.0806317795123106,5287224.388187985,7923653.977832881,-0.9007711351658193,1.4011382680534359,0.2015498210401316,0.18000215996293484,-0.41566456337797364,0.9798464628672804,-201.40357170389325,169.13329082127123,168.95440674408016,0.43458491322278503,2.8993970244848932,-198.32348582411956,219.40486944842561,0.022085075194307108,62.7544074104485,0.2678680174687766,2.3360228426877967,0.5633741817970964,85.82703137439448,36.47956530215524,22.61584813227,0.02521467496146725,0.01332614649524685,0.013435688346581574,87.82618290599925,0.23060560058494095,8.665170091380017e-09,9.255358842775064e-09,205.6193988845506,0.9356156170774342,0.9568418675712106,0.945737309671569
icp_design_034__scen_2,icp_design_034,train,2,shifted_surface,PI,PI,1.356e7,2.0e6,137.71500829271866,153.2790431712168,-188.45077965792788,50.0,50.0,3.999227376167022e-07,1.7007021354055508e-09,1.7770893037579273e-09,1.7654496420862093e-06,5.031194260410936e-11,4.944323424047596e-10,5.4322524368568525e-09,1.59519121926454,1.494173200072017,0.08,3.1e-07,8e-11,1.0e5,1.0e6,2.5e-09,1.2e-06,shifted_surface,1.1895201614272979,1.2498045190273381,1.0598589514369972,0.12576891965322606,1.2445890060235023,1.21479094993778,L,L,0.003551854871056502,0.010845955258468258,0.002969568644165977,0.000602039514870596,7.29839896111474e-07,0.003302327430834687,0.39612024116673594,1.742693395787316e-11,7.059196064401308e-12,36.73401453906982,0.001506383054552271,0.006839410600160155,1.1771326093885748e-06,5.836034125655106e-08,4.512028862918857e-12,0.000305821069519114,0.20684056211274734,5287224.388187985,7923653.977832881,-1.0602971509874874,1.3039555457371714,0.2001397151444615,0.18001041753962158,-0.5034038720798911,0.902688825904661,-202.96646653043948,168.23756870745402,168.05663002180282,2.5904661404925395,6.142438972995034,-199.1171049923803,221.03018291049557,0.019562263965988452,62.64913028012835,1.5802151363995665,5.214323363285994,0.9281156097090402,86.50238835190203,35.91884614507426,20.6211716807768,0.02237711440339289,0.012151536766160981,0.01048501332957912,87.62322040246205,1.3895698987800813,1.717293804672135e-08,1.8875390610025006e-08,206.30087422139513,1.1895201614272979,1.2498045190273381,1.0598589514369972
icp_design_034__scen_3,icp_design_034,train,3,ood_nonlin,PI,PI,1.356e7,2.0e6,137.71500829271866,153.2790431712168,-188.45077965792788,50.0,50.0,3.999227376167022e-07,1.7007021354055508e-09,1.7770893037579273e-09,1.7654496420862093e-06,5.031194260410936e-11,4.944323424047596e-10,5.4322524368568525e-09,1.59519121926454,1.494173200072017,0.08,3.1e-07,8e-11,1.0e5,1.0e6,2.5e-09,1.2e-06,ood_nonlin,0.8978608548438838,1.1825487161216428,1.0975013805122753,0.18649333447871264,1.3534883973203968,1.307540566333358,L,L,0.010869906817343714,0.022732753128267304,0.0004235061756169419,0.0022399659822959655,7.4454607090794e-07,0.0037537961311988523,0.6903623841558535,3.820258365784007e-11,1.1523735595902762e-11,69.43026690528052,0.005718557857603057,0.033515179628225956,9.78640168740216e-07,6.984834222218204e-08,2.8262251563909123e-12,0.000274504410315787,0.22180223171641392,5287224.388187985,7923653.977832881,-1.112833043740373,1.2706386128168354,0.2000600497098887,0.1800180030607684,-0.5322986130939782,0.8763555785344036,-203.48190565810822,167.99833131893462,167.8179057991447,2.520013043777455,-3.3690719266590436,-199.3863311910843,221.65527703497716,0.042490766133764825,62.63204527415862,1.5304654938231348,-4.684029410500605,1.3149574838415605,87.04450609706248,35.84862624792626,19.864216075047878,0.049086441055727584,0.027259629715209566,0.022640318798780396,87.58390888463727,1.3637232968080653,4.307956371569864e-08,4.730012532582325e-08,206.55605644066955,0.8978608548438838,1.1825487161216428,1.0975013805122753
icp_design_035__scen_0,icp_design_035,train,0,nominal,PI,L,1.356e7,2.0e6,178.33733384034105,118.46165711969063,-83.4014824002168,50.0,50.0,2.0984112372460053e-07,2.5777580152660682e-11,7.363878203505432e-11,4.4250757929131566e-07,8.690251887597218e-11,5.351604429229084e-10,4.942442987950569e-09,3.8175401529836743,2.5714950768002796,0.08,3.1e-07,8e-11,1.0e5,1.0e6,2.5e-09,1.2e-06,nominal,0.8455564296596351,1.0827551423057566,1.022842508279688,-0.006946143603532206,0.9431715667697368,1.0073543547456012,L,PI,0.0036200340996321574,0.004626349960970078,0.0031664032351622225,0.00020790579381587765,1.178240462356516e-06,0.0020859412276919504,0.4307363575366409,2.4779583245251516e-11,1.445828206981508e-11,49.236095733055556,0.006159739112233852,0.02861348689148249,8.428617625493064e-07,5.61346650654118e-08,2.2322611547978264e-12,0.000231459764806967,0.06758127963448242,31173031.35611519,13839198.720822742,0.8393994392589001,1.9385342672313646,0.20249291202229167,0.18000000001955527,0.6525466992415788,1.4037213402395938,-97.4103333933594,100.55960048178815,100.49552241361687,2.210853804378482,16.549455342099332,-99.15048361700435,119.34042457028441,0.03252279413917904,81.99251895242843,1.3219417121203794,16.10778743832615,0.4416679037731849,74.70064130118001,37.13656053500669,26.53016648147156,0.0307913636186638,0.022834452766470698,0.02727844419937638,115.62899480931404,1.1560956103971756,2.694986052876969e-08,3.1335251982974734e-08,106.5777957240057,0.8455564296596351,1.0827551423057566,1.022842508279688
icp_design_035__scen_1,icp_design_035,train,1,nominal,PI,L,1.356e7,2.0e6,178.33733384034105,118.46165711969063,-83.4014824002168,50.0,50.0,2.0984112372460053e-07,2.5777580152660682e-11,7.363878203505432e-11,4.4250757929131566e-07,8.690251887597218e-11,5.351604429229084e-10,4.942442987950569e-09,3.8175401529836743,2.5714950768002796,0.08,3.1e-07,8e-11,1.0e5,1.0e6,2.5e-09,1.2e-06,nominal,0.9138105866017284,0.9826919955408193,1.0521612677508259,-0.09277383060470296,1.153618439884229,1.0439797283957717,PI,PI,0.006702561861131913,0.007526696204616564,0.00029558354266718666,0.00018507317074333474,8.099553481033782e-07,0.0037231857619081325,0.39704192357797086,2.8294287114083128e-11,2.2995852812635208e-11,85.17846636856845,0.0010046325346699213,0.03967341093088242,2.919993520744343e-07,1.052427743040652e-07,5.4951656231051705e-12,0.0005903909048231104,0.03537849409895333,31173031.35611519,13839198.720822742,0.9297925589895168,1.9916314319712265,0.20083774962904355,0.18000000000516742,0.702262915093418,1.4385438547998064,-97.81188312326253,103.06754800373304,103.00597480088828,3.1429833320426575,-4.838782593973114,-99.94415755552963,120.02304340885767,0.04613017614098947,81.90286594916797,1.8668603449000762,-5.524007447807024,0.6852248538339077,75.30960238616362,38.62517811279685,27.174587906592127,0.04327368784549276,0.03392238515176076,0.03850686071653479,115.50181745557845,1.6371290348460497,1.1392147340502724e-08,1.2527640542972954e-08,107.669193178089,0.9138105866017284,0.9826919955408193,1.0521612677508259
icp_design_035__scen_2,icp_design_035,train,2,shifted_surface,PI,L,1.356e7,2.0e6,178.33733384034105,118.46165711969063,-83.4014824002168,50.0,50.0,2.0984112372460053e-07,2.5777580152660682e-11,7.363878203505432e-11,4.4250757929131566e-07,8.690251887597218e-11,5.351604429229084e-10,4.942442987950569e-09,3.8175401529836743,2.5714950768002796,0.08,3.1e-07,8e-11,1.0e5,1.0e6,2.5e-09,1.2e-06,shifted_surface,1.0718329894603325,1.045724397926454,1.021479695562506,-0.10613031556977931,1.172204714095378,1.102792752789047,L,L,0.007990210928411045,0.01137589671242956,0.0010805592578363864,0.0034286142088680196,3.5117266564535238e-06,0.0011744818128545044,0.4464165635406497,2.2608775404519305e-11,1.9875240436527594e-11,81.37790734957687,0.0021548841351369374,0.17659331204791703,8.297826087337725e-07,9.871534656185328e-08,1.8244783945867114e-12,0.0006246625274864769,0.1890691846426938,31173031.35611519,13839198.720822742,0.9446243401902439,2.0001539188488504,0.2006218616867411,0.1800000000046117,0.7104203947538179,1.4469641213892088,-97.3916683105806,103.30633085253619,103.24498319077183,0.7319719904949024,5.862231708151566,-99.62089494373362,119.74818695094682,0.03493553835808308,81.8908425052477,0.43415717366161816,5.515591925530494,0.3466397826210719,75.48925179786652,38.79145159476326,27.295641813471175,0.03136020017642613,0.026100642024174083,0.029567021226470126,115.48440441827749,0.3885803048034221,9.097835450069069e-08,9.978944291294968e-08,107.37918526268626,1.0718329894603325,1.045724397926454,1.021479695562506
icp_design_035__scen_3,icp_design_035,train,3,ood_nonlin,PI,L,1.356e7,2.0e6,178.33733384034105,118.46165711969063,-83.4014824002168,50.0,50.0,2.0984112372460053e-07,2.5777580152660682e-11,7.363878203505432e-11,4.4250757929131566e-07,8.690251887597218e-11,5.351604429229084e-10,4.942442987950569e-09,3.8175401529836743,2.5714950768002796,0.08,3.1e-07,8e-11,1.0e5,1.0e6,2.5e-09,1.2e-06,ood_nonlin,0.8609212939634097,1.218695432556022,1.2317916884748175,0.03549307771857414,1.2870786108473702,1.2533582514966,PI,L,0.014543939681941613,0.01758469701910216,0.0002832177158990222,0.00039951840425374795,4.368146880726341e-07,0.0036455257814741117,0.38552587086113344,3.3049241491391147e-11,2.78450015392232e-12,67.17330405969767,0.0018680515218306298,0.1501741017069893,2.79771070012669e-07,1.9101550817732623e-07,3.2269048920343068e-12,0.0003776895904009593,0.22197340173277932,31173031.35611519,13839198.720822742,0.7975513420340291,1.91328561321273,0.20453808839754423,0.18000000004031272,0.6295302457678997,1.3693313480109395,-100.2721013649323,100.32844030486075,100.26268132402791,5.937796973021418,-11.522674700643298,-101.6215921702225,121.73375889378426,0.031177378193129098,82.10324733121665,3.561589221830677,-12.117380211536643,0.5947055108933448,74.23936030025384,37.686146477165984,26.25767917743185,0.029987362718853633,0.02112799449791418,0.025577641414782318,115.7874329737834,3.039774273464604,5.347884182072615e-08,6.110578289475572e-08,109.15882146565569,0.8609212939634097,1.218695432556022,1.2317916884748175
icp_design_036__scen_0,icp_design_036,train,0,nominal,PI,L,1.356e7,2.0e6,169.46345033457902,37.29943156980299,-175.74756856817632,50.0,50.0,2.579725206685423e-06,9.913965783579675e-10,1.169783378276064e-10,9.567261880046136e-08,7.831523613224254e-10,7.957680110913071e-11,5.3033481435049775e-09,2.147882499839599,0.5364274951206205,0.08,3.1e-07,8e-11,1.0e5,1.0e6,2.5e-09,1.2e-06,nominal,0.8744153201082756,1.020522375952905,1.0683924527048747,-0.04828436505041471,0.9874084220763771,1.1446166621991942,PI,L,0.0025701476316994667,0.01127421124132637,0.00033642951027768357,0.0020656814968786916,9.651123572238472e-07,0.0032344051391013364,0.3303014243395833,1.5752938880733927e-11,4.530125228515359e-12,115.68395549600636,0.0010924223448577225,0.022880465701279874,2.040943846957809e-06,7.194803204598639e-07,4.171803536279256e-12,0.0004530248687298835,0.14649642412653796,3030076.7328938213,17993472.10801918,-1.4490473473288457,2.226260403576682,0.20000010660901213,0.18000000000001218,-0.6895819160388852,1.4997322610433186,-190.3802716004221,167.72994371103638,167.55882150402695,2.2779715550521313,-4.88672788936132,-191.26625862442702,192.40590670576015,0.006167991750549347,76.99242038208776,1.351246695487048,-5.58047242309492,0.6937445337335993,43.73307127484725,19.076655735719225,9.930658501061155,0.005637993382885141,0.0035485120456411703,0.004245933273187396,107.58837081868431,1.2989561061972705,1.9367964840634424e-08,2.1308509962486583e-08,195.08158977157086,0.8744153201082756,1.020522375952905,1.0683924527048747
icp_design_036__scen_1,icp_design_036,train,1,nominal,PI,L,1.356e7,2.0e6,169.46345033457902,37.29943156980299,-175.74756856817632,50.0,50.0,2.579725206685423e-06,9.913965783579675e-10,1.169783378276064e-10,9.567261880046136e-08,7.831523613224254e-10,7.957680110913071e-11,5.3033481435049775e-09,2.147882499839599,0.5364274951206205,0.08,3.1e-07,8e-11,1.0e5,1.0e6,2.5e-09,1.2e-06,nominal,0.913717697360845,1.0430959602199674,0.9463341485438646,0.1510378936473532,0.9206170195448033,1.0320030587680598,L,PI,0.002387199596729452,0.004944791935821917,0.0008674450585022368,0.0030678765130327484,1.2194876714156926e-06,0.0020288169086724625,0.27912954297310155,2.100059577898274e-11,1.827528492814114e-11,61.81017271095555,0.0008157647278815627,0.0042382182896131704,1.4174811195497945e-07,6.858226676837459e-08,4.204340118492452e-12,0.0006140893895687082,0.14140236678668736,3030076.7328938213,17993472.10801918,-1.6392003904915962,2.1101130001880044,0.20000000126276757,0.1800000000002728,-0.794166089778398,1.428193743004125,-188.70856106662978,165.1377391372723,164.9703226487231,1.7308687963052451,-0.36654123597222105,-189.3355617088297,190.49328986931346,0.007340206462982819,76.95931847605807,1.0103165047024008,-0.9081544508442313,0.5416132148720101,40.67984935447339,18.168218247142995,9.659507722557903,0.007264078733585763,0.0045432049458849644,0.0057333984748915105,107.5172085200673,1.027354966375924,1.7071522897554222e-09,1.7893730448840287e-09,192.96920535825828,0.913717697360845,1.0430959602199674,0.9463341485438646
icp_design_036__scen_2,icp_design_036,train,2,shifted_surface,PI,L,1.356e7,2.0e6,169.46345033457902,37.29943156980299,-175.74756856817632,50.0,50.0,2.579725206685423e-06,9.913965783579675e-10,1.169783378276064e-10,9.567261880046136e-08,7.831523613224254e-10,7.957680110913071e-11,5.3033481435049775e-09,2.147882499839599,0.5364274951206205,0.08,3.1e-07,8e-11,1.0e5,1.0e6,2.5e-09,1.2e-06,shifted_surface,1.2505956568385856,1.0239761913702814,1.113056813749423,0.192093714161861,1.096842608015725,1.2977163148809103,L,L,0.003549345137774582,0.015340682488916688,0.0011189575209914803,0.0017796615154810987,9.02302730535016e-07,0.002968046021228396,0.47320668512716557,1.251116686103308e-11,2.2122682543971367e-12,62.51524595769545,0.0021951604889321992,0.14558617786336422,4.4200781429215785e-07,1.3105348264636727e-07,4.328959910789234e-12,0.0002949334156500517,0.09347601026744619,3030076.7328938213,17993472.10801918,-1.6742475237403607,2.087777671038832,0.20000000053492933,0.18000000000054997,-0.8134420130652185,1.3992211993832597,-190.99199468928057,166.8190379034777,166.64881277868568,2.320072210389055,-0.8946837997991308,-191.51459609954796,192.6697311392177,0.0052316160761841915,76.95482185181909,1.3509613362532853,-1.5529216310588574,0.6582378312597262,40.26475743176968,18.19890178862679,9.72659136846605,0.004639477246583697,0.002776725514409986,0.0032077876101568796,107.50875764504545,1.3892979082588741,1.3011924645776193e-07,1.378587225469938e-07,195.15437645727332,1.2505956568385856,1.0239761913702814,1.113056813749423
icp_design_036__scen_3,icp_design_036,train,3,ood_nonlin,PI,L,1.356e7,2.0e6,169.46345033457902,37.29943156980299,-175.74756856817632,50.0,50.0,2.579725206685423e-06,9.913965783579675e-10,1.169783378276064e-10,9.567261880046136e-08,7.831523613224254e-10,7.957680110913071e-11,5.3033481435049775e-09,2.147882499839599,0.5364274951206205,0.08,3.1e-07,8e-11,1.0e5,1.0e6,2.5e-09,1.2e-06,ood_nonlin,0.615041239574819,1.0524151394261123,1.2219844233386796,0.1022878799421568,1.6559883576942014,1.3559136332696577,L,L,0.011535980976042186,0.021697460396957587,0.0005864573100842212,0.00042934007385996974,1.4011104606772099e-06,0.001401117634062377,0.6647831552773966,4.8765835189476766e-11,1.8136844109411694e-12,118.806268611216,0.0036913795281054013,0.20420159498513163,4.783762306177744e-07,8.610257664858355e-07,3.1481412017654408e-12,0.00046311520897418935,0.1356854211872785,3030076.7328938213,17993472.10801918,-1.5959242496065669,2.137298754210415,0.2000000035567108,0.18000000000014482,-0.7703642122916319,1.4251717488362272,-192.4838672302206,168.50953501751658,168.33737198477218,1.5212257676129084,-1.1857114086612397,-193.0967048131215,194.26007633533877,0.014712350685057834,76.96556877508047,0.8911376968815115,-1.7802319757855607,0.5945205671243212,41.44844447782127,18.889333502775298,9.876176029188727,0.014632264145965907,0.0099603873679827,0.012271533596384124,107.52967008787456,0.8941710456069066,1.014645987636624e-07,1.0771897084455558e-07,196.87457151367656,0.615041239574819,1.0524151394261123,1.2219844233386796
icp_design_037__scen_0,icp_design_037,train,0,nominal,PI,PI,1.356e7,2.0e6,260.18630090241624,52.51733535491687,-108.56785919547447,50.0,50.0,2.5525092767733285e-07,4.712173892468738e-10,1.0243504224448532e-10,3.1195908924203265e-07,6.466343933939895e-10,3.3518551978455895e-10,1.219213115067766e-10,2.571323181907019,3.2654709913793254,0.08,3.1e-07,8e-11,1.0e5,1.0e6,2.5e-09,1.2e-06,nominal,0.9907045366020215,0.969694519069756,0.9702898365883317,-0.1730193748090802,0.9835954681336307,1.029459756318019,PI,L,0.0074832366103643605,0.005137802253391422,0.00026607778012663797,0.00012995954021013473,3.025764043117226e-06,0.0016377431510180454,0.17443825979053726,2.1584346964047138e-11,1.6049478247179398e-11,87.72670725810761,0.003890009952699913,0.0899484905514626,1.597918447073147e-07,6.170831789745034e-07,5.354516655286176e-12,4.6046786349146896e-05,0.09644334047583138,13391429.785141693,9996771.532730013,0.17746466361580143,1.7187196616022282,0.6498795600166225,0.18000000095978036,0.22617172408404174,1.2887541257634596,-121.85694878546806,105.57843293216133,105.49147900768337,1.6971768015760071,-1.1909714170651213,-122.07900203730028,125.67979957354825,0.012079534740978136,155.72312724090534,1.045537366283843,-1.5287706575800335,0.33779924051491145,29.374443556019056,16.88205070984976,9.951356637174973,0.01247364393301392,0.007972548425401937,0.009105748782282392,220.5138183156724,0.8303248245750251,1.787122406770913e-08,1.88478683690126e-08,125.45541217927024,0.9907045366020215,0.969694519069756,0.9702898365883317
icp_design_037__scen_1,icp_design_037,train,1,nominal,PI,PI,1.356e7,2.0e6,260.18630090241624,52.51733535491687,-108.56785919547447,50.0,50.0,2.5525092767733285e-07,4.712173892468738e-10,1.0243504224448532e-10,3.1195908924203265e-07,6.466343933939895e-10,3.3518551978455895e-10,1.219213115067766e-10,2.571323181907019,3.2654709913793254,0.08,3.1e-07,8e-11,1.0e5,1.0e6,2.5e-09,1.2e-06,nominal,0.8756819353366873,1.0713940420815693,1.0551832199211237,0.049402223029275424,1.1869511649938493,1.0384110594130445,PI,L,0.007139774285991991,0.00559052132286955,0.0005104594291818693,0.0031907767184972116,7.189044039667079e-07,0.0021331018572329774,0.1067916038504041,4.9872543041209045e-11,1.914270684541498e-11,115.85564546886148,0.0013512054473782062,0.03793573499346874,9.553170842279073e-07,1.3829209311675356e-07,1.8241071866201084e-12,0.00034005801156005626,0.11819902693627606,13391429.785141693,9996771.532730013,-0.06073003908889885,1.5799044915764515,0.7526044119830899,0.18000001780045283,0.09516463759645656,1.1847920360787925,-123.01964833509513,103.79319454868558,103.69807121400535,7.5538939475550215,-24.477213684572483,-122.77244744832855,126.5094139122205,0.024508268018115065,163.9667061238886,4.646459234169087,-25.003651196470848,0.5264375118983654,26.386437141050752,15.840362095426674,9.237687064201696,0.02620091339273007,0.015987192790449932,0.017456603407008713,232.06211797114457,3.687707986757361,1.8671376263734666e-08,2.244503379350039e-08,125.94051986741388,0.8756819353366873,1.0713940420815693,1.0551832199211237
icp_design_037__scen_2,icp_design_037,train,2,shifted_surface,PI,PI,1.356e7,2.0e6,260.18630090241624,52.51733535491687,-108.56785919547447,50.0,50.0,2.5525092767733285e-07,4.712173892468738e-10,1.0243504224448532e-10,3.1195908924203265e-07,6.466343933939895e-10,3.3518551978455895e-10,1.219213115067766e-10,2.571323181907019,3.2654709913793254,0.08,3.1e-07,8e-11,1.0e5,1.0e6,2.5e-09,1.2e-06,shifted_surface,0.9592480839168179,1.216890687384558,0.9787814245404469,-0.01519964971515586,1.0794550021493894,1.195622936252928,L,L,0.004380952754755079,0.007687865768699146,0.0011326532104304137,0.000258189539514393,2.6032476315849106e-06,0.0008810775934445813,0.29099266573100396,1.4592572432669537e-11,1.1434016060430476e-11,88.79688668842932,0.001820081579906617,0.04537411125610574,8.864313183732533e-08,5.351441571208662e-08,5.5809592840633215e-12,0.00019140693312121463,0.18050400292420576,13391429.785141693,9996771.532730013,0.002806999981177715,1.6182766432679796,0.7177486653668512,0.18000000813815806,0.13011000908499867,1.2177646858933162,-121.97324948402232,103.81788688576613,103.72570023795886,2.0566767179142578,19.389124605983593,-121.87209151867393,125.57577290384226,0.0075620309176916605,161.15820223698933,1.2669348796929112,19.197582083330246,0.19154252265335123,27.282878256553506,16.0994656553056,9.446365309603458,0.007884786174619322,0.005017089409775204,0.005515300434596949,228.11928742357117,1.0111027857905102,5.276674853437894e-09,6.2060679154902875e-09,125.09198464973505,0.9592480839168179,1.216890687384558,0.9787814245404469
icp_design_037__scen_3,icp_design_037,train,3,ood_nonlin,PI,PI,1.356e7,2.0e6,260.18630090241624,52.51733535491687,-108.56785919547447,50.0,50.0,2.5525092767733285e-07,4.712173892468738e-10,1.0243504224448532e-10,3.1195908924203265e-07,6.466343933939895e-10,3.3518551978455895e-10,1.219213115067766e-10,2.571323181907019,3.2654709913793254,0.08,3.1e-07,8e-11,1.0e5,1.0e6,2.5e-09,1.2e-06,ood_nonlin,0.6191728308544903,1.2117796362943396,0.9605300106596235,0.057247280970634765,1.4327857329120697,1.4999936800295777,PI,PI,0.014769936775454726,0.01939107129784288,0.0015167813881036246,0.001083253915456574,9.28817883967016e-07,0.0008686892518126082,0.3305654571489283,1.3274415730735821e-11,6.151403770587859e-12,32.534707332326676,0.002385352984030666,0.024883295098096243,2.55823846588483e-07,8.1596060841866e-07,7.466406589065527e-13,0.0007717861637454291,0.20873868388435887,13391429.785141693,9996771.532730013,-0.06817797401242988,1.5753433807146444,0.7486940917536189,0.18000002163235793,0.0910682733885145,1.1891715152164475,-121.7232779555035,102.87360526936088,102.78419437214437,5.826127165061832,10.899929669443138,-121.4927922381462,125.2859834294127,0.005187097897174861,163.63986081289164,3.5881307530984268,10.729188242595049,0.1707414268480896,26.558811000122734,16.17827604040235,9.27550975049499,0.005575594364309976,0.0033274627746929086,0.0035203112202693066,231.58741858555683,2.8427125025519606,2.030544649173589e-08,2.298698712834982e-08,124.72844744622667,0.6191728308544903,1.2117796362943396,0.9605300106596235
icp_design_038__scen_0,icp_design_038,train,0,nominal,L,L,1.356e7,2.0e6,77.38934669512373,134.6923166230716,8.07669297212042,50.0,50.0,1.2940492777455846e-06,6.379427270170192e-10,1.1644538053508124e-09,1.0866334876559068e-07,1.537807949838179e-10,4.2454495959351514e-11,3.648245426341405e-10,3.8997683007045287,1.5799731649692115,0.08,3.1e-07,8e-11,1.0e5,1.0e6,2.5e-09,1.2e-06,nominal,1.1322227034369097,1.0303168584171865,1.0392990156044386,-0.1552585859308411,0.9366238062554476,1.0723962564686027,L,PI,0.002615551517417616,0.009460080982363027,0.002079764954093096,0.0009336894362702821,2.2626858895865944e-06,0.0007450786549632456,0.1727037422067248,3.521697717593965e-11,1.4165069122890276e-12,95.16892749856811,0.0007068022638079384,0.009314254407670024,8.474717744067507e-07,5.666900571924743e-07,5.819012612871078e-12,0.00021254507898020193,0.1618982667874678,4286610.394851145,34301897.77607473,-0.9829032623188331,2.939837404482068,0.2003919486883272,0.18,-0.34560837924013177,2.053740920137553,-6.157546345597973,134.08591888413733,134.04593471478208,0.49481347877525206,1.838078928643537,-17.164119276725792,82.3790366561695,0.05121051707016057,35.25997707661952,0.30734599998669054,1.950827172638899,-0.11274824399536197,101.65028153963294,50.41670634836047,41.46573341727432,0.04901944063088316,0.03544974556337821,0.046985142790283894,49.37249140084788,0.2615416814583179,2.8886749037787815e-09,3.054659899866995e-09,27.24746054639789,1.1322227034369097,1.0303168584171865,1.0392990156044386
icp_design_038__scen_1,icp_design_038,train,1,nominal,L,L,1.356e7,2.0e6,77.38934669512373,134.6923166230716,8.07669297212042,50.0,50.0,1.2940492777455846e-06,6.379427270170192e-10,1.1644538053508124e-09,1.0866334876559068e-07,1.537807949838179e-10,4.2454495959351514e-11,3.648245426341405e-10,3.8997683007045287,1.5799731649692115,0.08,3.1e-07,8e-11,1.0e5,1.0e6,2.5e-09,1.2e-06,nominal,1.102799470590692,0.9488739851897263,0.9454153225757125,0.11859754459684699,1.044404258733199,1.0205927346679746,L,L,0.0034435591939523755,0.008621802127802976,0.0003871077617049823,0.00029940828628180835,2.4295292446235776e-06,0.0015197023729249157,0.4793653032971834,1.0365495247882306e-11,1.6336828189699074e-12,32.893275713672985,0.005988534920585316,0.04305837597771276,1.1263543993711806e-06,1.5842886736241548e-07,1.639613171069632e-12,0.00012353089572746895,0.06835588403506498,4286610.394851145,34301897.77607473,-1.2637036879650492,2.773312702803231,0.2000036880359053,0.18,-0.5000486133455506,1.9446843244046652,-4.87171528587654,128.09712198386336,128.05427813439658,0.43713805262626304,-0.07322944177239432,-14.336956374103794,80.15231136855111,0.01542999781055127,35.20354486482725,0.26674930571734917,-0.13079490213324382,0.05756546036084952,98.56599556035503,50.26236416886091,40.32047885822152,0.014937161018090093,0.010920859725371422,0.01386886265174492,49.23774494890268,0.23396971617025236,4.1508366075105426e-08,4.2228959656734294e-08,24.389429207875978,1.102799470590692,0.9488739851897263,0.9454153225757125
icp_design_038__scen_2,icp_design_038,train,2,shifted_surface,L,L,1.356e7,2.0e6,77.38934669512373,134.6923166230716,8.07669297212042,50.0,50.0,1.2940492777455846e-06,6.379427270170192e-10,1.1644538053508124e-09,1.0866334876559068e-07,1.537807949838179e-10,4.2454495959351514e-11,3.648245426341405e-10,3.8997683007045287,1.5799731649692115,0.08,3.1e-07,8e-11,1.0e5,1.0e6,2.5e-09,1.2e-06,shifted_surface,0.7546920214601124,1.1061096357632902,1.0959746620713198,-0.21653878001948818,1.2620642436531084,1.226904377938757,L,L,0.008129678717132487,0.00644249545333958,0.0003758378981447425,0.0001459882920694128,1.083998736081385e-06,0.0020959171112029246,0.3759868241744715,2.0356494017639223e-11,4.990004728798037e-12,92.87507316674177,0.001367733913140481,0.004667705436971567,2.985476487687919e-07,1.0987578524982041e-07,5.443727133840611e-12,0.00029151000541643226,0.06282210047165507,4286610.394851145,34301897.77607473,-0.9075942653423442,2.9812273743648903,0.20112346660875502,0.18,-0.3041884309030629,2.078179847338178,-6.933775999608377,135.70902906169982,135.6706891509444,1.025444799380416,-0.8021874325837933,-18.301893468614914,83.5517761488867,0.03477674492063363,35.291381250372005,0.6393410177510968,-0.8451961666454252,0.04300873406163184,102.83136134832313,51.87350310355168,41.87210906450641,0.033558705402087684,0.02418652041054532,0.03200229355883985,49.43439606092459,0.5244759647908444,9.834017817159523e-10,1.020473913895985e-09,28.67659408932525,0.7546920214601124,1.1061096357632902,1.0959746620713198
icp_design_038__scen_3,icp_design_038,train,3,ood_nonlin,L,L,1.356e7,2.0e6,77.38934669512373,134.6923166230716,8.07669297212042,50.0,50.0,1.2940492777455846e-06,6.379427270170192e-10,1.1644538053508124e-09,1.0866334876559068e-07,1.537807949838179e-10,4.2454495959351514e-11,3.648245426341405e-10,3.8997683007045287,1.5799731649692115,0.08,3.1e-07,8e-11,1.0e5,1.0e6,2.5e-09,1.2e-06,ood_nonlin,1.388642816689428,1.2314470199592553,1.1298668729156969,-0.0437168877253319,1.539804528240297,1.4469234561869637,PI,L,0.011182358275696008,0.016478254415878666,0.00032002279605960316,0.002518009139740156,2.782159245795099e-06,0.002646511324586669,0.6859778097217313,3.487262190203754e-11,1.942377832076804e-11,53.178091071298994,0.003926651142621448,0.035513822666721755,4.5392052836413283e-07,7.275253125256904e-07,1.6686859389230876e-12,0.0006983396327905752,0.09401509664129529,4286610.394851145,34301897.77607473,-1.1069267124046263,2.868633779893192,0.20005254590526003,0.18,-0.41382127678731806,1.9966529543404388,-7.397963719332967,131.28122129029003,131.24231598643786,0.38992678930147084,-0.10782944396574287,-17.625367156989377,82.42884320985509,0.06562828863673063,35.229972429532985,0.24051371271105074,-0.12690310717114056,0.019073663205397738,100.64290722444785,52.764897510992036,41.14297289627142,0.06323253660159835,0.0452153284838696,0.05945932056846125,49.30390528187168,0.20404061631122586,1.4408382107713987e-08,1.4628581991630193e-08,28.178346659187785,1.388642816689428,1.2314470199592553,1.1298668729156969
icp_design_039__scen_0,icp_design_039,train,0,nominal,L,L,1.356e7,2.0e6,157.5310909040199,21.652697886148363,-162.10693669334952,50.0,50.0,1.6647236395890267e-06,8.797135353303995e-11,2.819497544802085e-10,1.2360846033734732e-06,3.1815113071663454e-10,1.6228970287853236e-10,3.0562699014954526e-09,3.769295573175081,0.506090089439261,0.08,3.1e-07,8e-11,1.0e5,1.0e6,2.5e-09,1.2e-06,nominal,0.8315594830841982,1.0051984070705127,0.9021889429093364,-0.08540409032550965,1.0266354874433155,1.0520847906155266,L,L,0.0060532461380643195,0.005721767723041808,0.00022949858049741835,0.000374065968889841,1.0247479918809278e-06,0.00426054152287539,0.5184934280097756,1.3780036311653802e-11,1.8763735649751906e-12,69.55901168098562,0.0008520279895341377,0.07242467622370129,3.560180289346656e-07,6.977294217642e-07,4.262343800712468e-12,0.00034738663979900445,0.16832313202825333,7833824.550412975,7373072.239511984,-0.45940050340861627,1.3572892931312712,0.3057536445340804,0.18000517381523626,-0.06420549821598492,0.903231894231106,-174.4632567081219,148.54432313910027,148.39424707709745,2.4573232344641855,-4.080070816721495,-173.92050113646184,174.4464159283643,0.004910255721768558,77.10845540027348,1.5396677148038884,-4.8434688806899375,0.7633980639684429,28.138455020228005,11.236153819715431,8.074081361053416,0.0031637042922577564,0.001578045896021616,0.0010585531265992554,108.49258888005255,1.2121330109873416,4.643896372896838e-08,5.0837443879551356e-08,176.16773190040493,0.8315594830841982,1.0051984070705127,0.9021889429093364
icp_design_039__scen_1,icp_design_039,train,1,nominal,L,L,1.356e7,2.0e6,157.5310909040199,21.652697886148363,-162.10693669334952,50.0,50.0,1.6647236395890267e-06,8.797135353303995e-11,2.819497544802085e-10,1.2360846033734732e-06,3.1815113071663454e-10,1.6228970287853236e-10,3.0562699014954526e-09,3.769295573175081,0.506090089439261,0.08,3.1e-07,8e-11,1.0e5,1.0e6,2.5e-09,1.2e-06,nominal,1.161467561331329,0.958826073509022,1.0142023013067956,0.035351645702073185,1.1368804901185532,1.097687628330557,L,L,0.007797855131869924,0.010249398908651784,0.0020582654620068734,0.00255884017840549,2.3330916199444052e-06,0.000711069215157106,0.42582020499135814,5.39370948753061e-11,1.6116632189328215e-12,40.324615751099245,0.0018650802699302469,0.01731773581136194,1.006737830004218e-06,8.257173427715793e-07,1.7776629061873118e-12,0.0005868077433074163,0.06731710478529503,7833824.550412975,7373072.239511984,-0.5834145667484166,1.2836981305937836,0.2406328066438421,0.18001786973824802,-0.1324132330528751,0.8427570117830678,-175.9972194308678,149.53061226210048,149.37741235487326,1.0421092177850058,8.946148352164672,-175.37794680707992,175.91886757374934,0.009586435518793663,73.88212049265933,0.6537682190941928,8.685883122397996,0.2602652297666745,27.548482698297722,10.945510319047564,8.209634636098064,0.011290251176197497,0.005838218561305707,0.004907215044771472,103.74872006407757,0.5323223372361907,3.1990607115421906e-08,3.581797775836443e-08,177.56704887088944,1.161467561331329,0.958826073509022,1.0142023013067956
icp_design_039__scen_2,icp_design_039,train,2,shifted_surface,L,L,1.356e7,2.0e6,157.5310909040199,21.652697886148363,-162.10693669334952,50.0,50.0,1.6647236395890267e-06,8.797135353303995e-11,2.819497544802085e-10,1.2360846033734732e-06,3.1815113071663454e-10,1.6228970287853236e-10,3.0562699014954526e-09,3.769295573175081,0.506090089439261,0.08,3.1e-07,8e-11,1.0e5,1.0e6,2.5e-09,1.2e-06,shifted_surface,1.0207928817440812,1.1582789910821172,1.178585073498485,0.2295249292585961,1.316784005763484,1.122279505082971,L,PI,0.0038121286838935916,0.014291435080243131,0.0005770321923746986,0.00040790322376694864,2.425475882016686e-06,0.0010203255858562488,0.5593374905768895,6.510274104923013e-11,2.1708924785378744e-11,65.07588051943625,0.004772647161608029,0.1004587754527344,1.6234790239714993e-07,1.65900961527257e-07,2.1194267736210917e-12,0.0004886770050749664,0.14343957887644998,7833824.550412975,7373072.239511984,-0.7553013018337078,1.1756654685801213,0.20740827216857985,0.18008774072488976,-0.22695093734978528,0.7539835265981691,-178.24751421315352,151.03284768396543,150.87947983869742,0.9488789788931759,0.9202807874005895,-177.5290235775473,178.09274331240061,0.01124947135590782,72.1978875924155,0.594915496083982,0.6029332482094076,0.31734753919118197,26.81494717477308,10.520834656649003,8.449979712717395,0.013419146882572546,0.007155983202325446,0.004961073048421997,101.21569585942733,0.47765458554039897,3.897267803790843e-08,4.046815738246432e-08,179.6331905088771,1.0207928817440812,1.1582789910821172,1.178585073498485
icp_design_039__scen_3,icp_design_039,train,3,ood_nonlin,L,L,1.356e7,2.0e6,157.5310909040199,21.652697886148363,-162.10693669334952,50.0,50.0,1.6647236395890267e-06,8.797135353303995e-11,2.819497544802085e-10,1.2360846033734732e-06,3.1815113071663454e-10,1.6228970287853236e-10,3.0562699014954526e-09,3.769295573175081,0.506090089439261,0.08,3.1e-07,8e-11,1.0e5,1.0e6,2.5e-09,1.2e-06,ood_nonlin,1.0836433215934924,1.0227712343181508,1.0258427611957084,-0.053564666891182784,1.4538183469937205,1.4531558436025769,L,L,0.013653923727850872,0.019239063617541352,0.0006816661221745625,0.0010450184450537063,3.871632176353817e-06,0.000978973808747475,0.7787571997197317,5.748365325715033e-11,1.7379619383625723e-11,53.81947818411359,0.0009637102810279228,0.0043671687907957885,1.1700541446258485e-07,3.533967696547643e-07,5.2464927809866795e-12,0.0005598811568757286,0.08686133205678684,7833824.550412975,7373072.239511984,-0.493620810641302,1.3373538868002768,0.2830874957031675,0.18000728782249323,-0.08302666719396207,0.8793848043365001,-176.1567834558386,149.88556310678663,149.7340325211231,0.640438819029161,2.658621193522129,-175.57881081358119,176.11252051661188,0.010377204515952964,75.98765466882307,0.40187742385806335,2.332518278597698,0.3261029149244309,28.14660511055239,11.198175595423171,8.196443804109775,0.01201428321091094,0.006508661636048968,0.00555445640327936,106.85050377635736,0.3174338525623819,1.543113531512213e-09,1.6437571174299272e-09,177.8184459326658,1.0836433215934924,1.0227712343181508,1.0258427611957084
icp_design_040__scen_0,icp_design_040,val,0,nominal,L,PI,1.356e7,2.0e6,364.3202689605542,199.55190399425172,-55.722357576537064,50.0,50.0,1.5141453097145216e-06,2.17295647562366e-11,3.918203216406905e-10,1.4230408466669054e-07,1.4369894113933553e-10,3.0281737562728284e-10,2.0479969334148575e-10,0.24315587786833737,3.2459046651709462,0.08,3.1e-07,8e-11,1.0e5,1.0e6,2.5e-09,1.2e-06,nominal,1.169912378345215,0.9353713777179711,1.0341711694502913,0.14858961038615276,1.047406417984644,1.0036304328077759,PI,L,0.004459408632961064,0.008496783112419382,0.00044458856178161287,0.0003065437137361133,6.820722835021265e-07,0.0029087046326299795,0.26976110672534953,2.4211976913328765e-11,1.524671468973849e-12,62.06924953295897,0.006490008566385618,0.02114524239173546,1.728437064237013e-06,9.718125961505028e-08,3.899004096144657e-12,0.0007570695198870032,0.05671744188601719,10773230.07266594,24380376.553200353,-0.3685946863610383,2.415230355080837,0.4392402231725907,0.18,-0.1905692836051542,1.7702227882591097,-69.88636591332826,147.45175673902403,147.40170711289554,9.14789450078527,-44.019000068621864,-80.2458770315468,138.46346058543162,0.0478328093998769,193.2086469467898,5.663783234286402,-44.463036201689,0.4440361330671245,140.55338903145363,72.51299749294752,53.88325024371282,0.045835361636591423,0.03524820368946173,0.041903430311366,272.08004694681125,4.579929068681829,3.472803745189129e-08,4.4036921137819484e-08,94.7484765301363,1.169912378345215,0.9353713777179711,1.0341711694502913
icp_design_040__scen_1,icp_design_040,val,1,nominal,L,PI,1.356e7,2.0e6,364.3202689605542,199.55190399425172,-55.722357576537064,50.0,50.0,1.5141453097145216e-06,2.17295647562366e-11,3.918203216406905e-10,1.4230408466669054e-07,1.4369894113933553e-10,3.0281737562728284e-10,2.0479969334148575e-10,0.24315587786833737,3.2459046651709462,0.08,3.1e-07,8e-11,1.0e5,1.0e6,2.5e-09,1.2e-06,nominal,0.9310368087132661,0.9699877983556452,0.902002054209531,0.00441545802011742,0.9809652021030381,0.9194273245537256,PI,PI,0.003994540543327708,0.0059243473704557095,0.0006024941995764953,0.0007352899194786113,3.2675287346875785e-06,0.002609250102624805,0.41167484328944604,3.6593603796715155e-11,1.0564481732858576e-12,73.95761221513138,0.0006787212660458377,0.007473710559365412,1.3447374360707618e-06,9.990138510080986e-08,7.944534327101846e-13,0.0007039318185150166,0.10421542507928158,10773230.07266594,24380376.553200353,-0.23446566089822446,2.4979856168727066,0.6351763818541618,0.18,-0.1167983196006066,1.8387250007326796,-68.0761777109908,153.17263779982264,153.1327937826335,2.1565456823847042,12.835022300309147,-79.88676479840991,139.22072161497903,0.07070111339732763,215.68386906167873,1.3285830398850476,12.395339937354159,0.43968236295498625,143.9007909356639,73.7018091881471,54.43651917105676,0.06770416588618683,0.052821436843648074,0.06160443966630567,304.47987802815067,1.067438362144333,5.866005012300553e-09,6.706626979562432e-09,94.62712663603934,0.9310368087132661,0.9699877983556452,0.902002054209531
icp_design_040__scen_2,icp_design_040,val,2,shifted_surface,L,PI,1.356e7,2.0e6,364.3202689605542,199.55190399425172,-55.722357576537064,50.0,50.0,1.5141453097145216e-06,2.17295647562366e-11,3.918203216406905e-10,1.4230408466669054e-07,1.4369894113933553e-10,3.0281737562728284e-10,2.0479969334148575e-10,0.24315587786833737,3.2459046651709462,0.08,3.1e-07,8e-11,1.0e5,1.0e6,2.5e-09,1.2e-06,shifted_surface,0.9305632579872644,1.152798883711166,1.0373197092294097,-0.11339469073232157,1.2161896060959096,1.2440848418839279,L,PI,0.006127272948744288,0.012279427392437937,0.0007849925131802101,0.0012078586019474893,7.122416284868408e-07,0.004033136305303677,0.5644156613002547,3.656977396713278e-11,2.9856737555402573e-12,33.24798341210966,0.0010465303052903446,0.047989969933904954,2.1706865028550948e-06,6.995162208255008e-07,4.9010513086227544e-12,0.00027348969103094495,0.12894344194488908,10773230.07266594,24380376.553200353,-0.10970455406959152,2.5710933540902516,0.8557117715064433,0.18,-0.048179710844858475,1.8790750043833706,-69.92948831414306,157.42711744008,157.3747073581345,11.146600697427957,-42.051257066640694,-82.60492398638416,141.80974446113814,0.07219227273409037,241.12956303076902,6.827332651581253,-42.69437612243445,0.6431190557937596,146.1228354821541,75.84515288127818,55.4471057455357,0.06732408011228967,0.05545031052441381,0.06326225191684828,340.9532444175529,5.475515924059203,9.103137442033517e-08,1.1500220014156292e-07,97.7739545626398,0.9305632579872644,1.152798883711166,1.0373197092294097
icp_design_040__scen_3,icp_design_040,val,3,ood_nonlin,L,PI,1.356e7,2.0e6,364.3202689605542,199.55190399425172,-55.722357576537064,50.0,50.0,1.5141453097145216e-06,2.17295647562366e-11,3.918203216406905e-10,1.4230408466669054e-07,1.4369894113933553e-10,3.0281737562728284e-10,2.0479969334148575e-10,0.24315587786833737,3.2459046651709462,0.08,3.1e-07,8e-11,1.0e5,1.0e6,2.5e-09,1.2e-06,ood_nonlin,0.6533980000609783,1.2194942563387872,0.9139860182460099,0.0992689776862067,1.2893996729973334,1.3738859026400159,L,PI,0.011309171581836606,0.022048490045959525,0.0005578188409200513,0.0005810817455069684,3.967589227278254e-06,0.0021321741532262296,0.22195787058982286,1.633028407388576e-11,2.013714561011172e-12,99.82739529236007,0.000660370853094805,0.12155596892461026,1.295702726801434e-06,8.685683421359346e-07,3.4408295333698405e-12,0.00039478205245466197,0.22391586034228933,10773230.07266594,24380376.553200353,-0.32470531555539406,2.442776352266608,0.5286207536361427,0.18,-0.16643012966204987,1.799119798385492,-68.24031008243442,149.88669829561854,149.8480072208585,1.6636550137903492,11.733115234078202,-79.22610074083457,138.5960321121291,0.03263898652246787,203.4204074439233,1.0275690214491744,11.498189580220917,0.23492565385728525,141.98905169675433,74.59608302940092,54.30959958035981,0.02974624044015145,0.02532343070264761,0.027975510622005654,286.79769694821636,0.8299890478245255,6.701172420022362e-08,7.619330481618526e-08,94.14531734671475,0.6533980000609783,1.2194942563387872,0.9139860182460099
icp_design_041__scen_0,icp_design_041,val,0,nominal,L,L,1.356e7,2.0e6,337.5223178552433,30.506866674004527,-12.330388417244615,50.0,50.0,7.873088331477329e-08,2.7494575992708812e-11,1.041916379956274e-10,1.699779176193963e-07,2.751580898517589e-10,1.7716440044817382e-10,1.0332033000677783e-09,0.21121970636583864,0.5506945024176283,0.08,3.1e-07,8e-11,1.0e5,1.0e6,2.5e-09,1.2e-06,nominal,0.8779117612939973,0.936374743858639,0.9813347947562454,-0.11939023058256809,1.0891727059535785,1.0436644792994356,PI,PI,0.006076495620032433,0.007718045404568314,0.0007222747089074494,0.0013610717052221677,9.768668940958552e-07,0.0027230787163374805,0.5358384219573006,3.109352096396099e-11,1.6875174980876324e-12,40.06288418227289,0.004232054765327438,0.020285157547676902,7.395936262743299e-07,2.0319191744528795e-07,8.500455837464194e-13,0.0004163166472034499,0.0637342400845359,71475704.07310078,20956479.086390924,1.7893739979435432,2.423630058685618,0.20000000003400248,0.18000000000000002,0.9947166841872408,1.6455689826203144,-25.770749766226153,79.31560240678161,79.28604057301554,4.483730452153378,-5.431885342323695,-26.94729638646267,31.95012498218608,0.00944412513862143,154.7889530777285,2.5551983658105866,-5.505747156923708,0.07386181460001555,20.77891864411004,10.982307485581384,7.9857704085018675,0.008994931260492325,0.006526350832062089,0.008190999054289551,218.13348460975612,2.5828462985125813,8.555225593910078e-09,9.363564233890894e-09,29.14375788357895,0.8779117612939973,0.936374743858639,0.9813347947562454
icp_design_041__scen_1,icp_design_041,val,1,nominal,L,L,1.356e7,2.0e6,337.5223178552433,30.506866674004527,-12.330388417244615,50.0,50.0,7.873088331477329e-08,2.7494575992708812e-11,1.041916379956274e-10,1.699779176193963e-07,2.751580898517589e-10,1.7716440044817382e-10,1.0332033000677783e-09,0.21121970636583864,0.5506945024176283,0.08,3.1e-07,8e-11,1.0e5,1.0e6,2.5e-09,1.2e-06,nominal,1.000073574739993,0.9824539508767373,0.9418503853723785,0.10889505248742641,1.198326586829528,0.9146472250587668,PI,L,0.003775625927790048,0.004788317146702733,0.0027365880809125938,0.001956190735121098,1.652949410174774e-06,0.001603357780576272,0.27541962830183825,1.6735831057993415e-11,1.1535901010604136e-12,70.94454613093174,0.0009490418041624844,0.04486264897794662,1.370733360264196e-07,3.888118194011209e-08,4.273708563469981e-12,0.0002766630893256591,0.12019919154910667,71475704.07310078,20956479.086390924,1.5588692349410163,2.286009471669461,0.20000001024873443,0.1800000000000015,0.867939064535851,1.5523933244597137,-25.229971295304694,77.56747592188442,77.5229191899311,2.844371561267894,52.417814990829626,-26.116062364669073,31.23893231731546,0.00499868963839878,154.87796511918498,1.6457771319940153,52.38757204517351,0.030242945656115836,20.04556352580399,10.598577503674678,7.71524892569546,0.004784020850207257,0.003461044712373299,0.004283519403245821,218.36388882100576,1.5951081413472068,2.2507585747115974e-09,2.9025795946724068e-09,28.23577786540401,1.000073574739993,0.9824539508767373,0.9418503853723785
icp_design_041__scen_2,icp_design_041,val,2,shifted_surface,L,L,1.356e7,2.0e6,337.5223178552433,30.506866674004527,-12.330388417244615,50.0,50.0,7.873088331477329e-08,2.7494575992708812e-11,1.041916379956274e-10,1.699779176193963e-07,2.751580898517589e-10,1.7716440044817382e-10,1.0332033000677783e-09,0.21121970636583864,0.5506945024176283,0.08,3.1e-07,8e-11,1.0e5,1.0e6,2.5e-09,1.2e-06,shifted_surface,0.9485078870901271,1.1913175525153479,1.0028474298032655,0.2055179508815114,1.3489086161922588,1.0928886856119202,PI,L,0.005712160255772523,0.009600308732327287,0.001974751193757437,0.00045871307440373195,2.8354070578883767e-06,0.0023934641132756914,0.628337544470752,3.389066986212743e-11,1.9667393932409358e-12,118.2678800527708,0.0006025000291739851,0.013951034333824133,1.1914667804669647e-06,1.2470571731599296e-07,3.845403056957201e-12,0.000739411081461092,0.23481804590620703,71475704.07310078,20956479.086390924,1.4753239969215528,2.233020312350868,0.20000006682638471,0.18000000000000685,0.8219891836251461,1.5104211493822277,-26.065386815830053,76.5896560631722,76.54982370415337,1.7113761375023726,39.72367064922929,-26.822853953489705,31.859694412814257,0.009702954917602622,154.89868743035223,0.9928056695751727,39.68288556999064,0.040785079238654945,19.775758336256665,10.552788615814107,7.579448498117651,0.009322878643248267,0.006846544811888748,0.008358959515650702,218.4163421892884,0.9568938980056831,1.6840408590867724e-09,2.1085991261481334e-09,28.933411676652526,0.9485078870901271,1.1913175525153479,1.0028474298032655
icp_design_041__scen_3,icp_design_041,val,3,ood_nonlin,L,L,1.356e7,2.0e6,337.5223178552433,30.506866674004527,-12.330388417244615,50.0,50.0,7.873088331477329e-08,2.7494575992708812e-11,1.041916379956274e-10,1.699779176193963e-07,2.751580898517589e-10,1.7716440044817382e-10,1.0332033000677783e-09,0.21121970636583864,0.5506945024176283,0.08,3.1e-07,8e-11,1.0e5,1.0e6,2.5e-09,1.2e-06,ood_nonlin,0.9865977823668357,1.1232310969301773,0.8330635933199012,-0.13759449788401248,1.665934555959125,1.2918330830722269,PI,PI,0.007374807231725325,0.018921060226335013,0.0001817461961206095,0.001303781192958097,2.284435313957426e-06,0.0008263055546936678,0.24367755593193427,5.450355795886369e-11,3.479390327785199e-12,33.01979823953638,0.0005876507575367057,0.036675189424386155,4.132939050682471e-07,8.578282182930433e-08,2.1430857214710983e-12,0.00042050888435497726,0.06648092987341313,71475704.07310078,20956479.086390924,1.8102630051112492,2.43546518020703,0.20000000001949725,0.18000000000000002,1.006205638129479,1.6657152638002102,-23.740027391353983,80.16012898416206,80.12838343444264,1.9103177659960322,-5.37039731112237,-24.98349044990382,30.418009195261984,0.01647026328147255,154.7786886204009,1.086330093288025,-5.419686167430297,0.049288856307927564,21.025587985320406,11.581459171376999,8.099227700500407,0.015574018737434627,0.012158128137929491,0.014540851748558858,218.1066952436616,1.1055452319571915,8.398315597434347e-09,9.183922249553546e-09,27.29978228417922,0.9865977823668357,1.1232310969301773,0.8330635933199012
icp_design_042__scen_0,icp_design_042,val,0,nominal,PI,PI,1.356e7,2.0e6,258.76602058916586,82.78880176294449,-194.70511205791007,50.0,50.0,6.216631270754312e-08,2.0122668336382277e-10,8.443117260460754e-10,8.820044629942716e-08,3.769017646051539e-10,3.891736701687942e-11,3.5610067772574275e-08,2.198005122776287,2.2507268086562746,0.08,3.1e-07,8e-11,1.0e5,1.0e6,2.5e-09,1.2e-06,nominal,0.9062038543725265,0.9949125741529401,0.918670414181237,0.15268644423977765,1.1310618090968911,0.938147524981319,PI,L,0.00460589455835542,0.009631791812993158,0.00044885043879103745,0.0001551436011296958,9.605445800995078e-07,0.001634930679287039,0.2075417089282723,5.829969762841309e-11,3.1882706743679723e-12,37.72586910499455,0.0011688708115012224,0.006045655846217971,1.4783049479297926e-07,3.836953437879507e-08,1.9343121978943945e-12,4.518998772079526e-05,0.16797399819396247,28590291.010776065,25736195.973404087,0.603847645982588,2.4670958435321415,0.2397365424754362,0.18,0.4420164614292378,1.7660097977708138,-207.2872220505363,194.35957496303135,194.16355635107155,4.121025298178674,-6.4021919722044816,-211.54224404186525,216.69170005223413,0.03991201969083568,121.88069333893272,2.5278558956793464,-7.740298234151862,1.3381062619473787,75.47977487141978,36.20208620068167,19.96436777439476,0.03909508251952216,0.028523418060265104,0.03499143361487737,171.92420394011896,2.0425298451859724,4.678293481314936e-09,5.2421287247756066e-09,218.78266128200158,0.9062038543725265,0.9949125741529401,0.918670414181237
icp_design_042__scen_1,icp_design_042,val,1,nominal,PI,PI,1.356e7,2.0e6,258.76602058916586,82.78880176294449,-194.70511205791007,50.0,50.0,6.216631270754312e-08,2.0122668336382277e-10,8.443117260460754e-10,8.820044629942716e-08,3.769017646051539e-10,3.891736701687942e-11,3.5610067772574275e-08,2.198005122776287,2.2507268086562746,0.08,3.1e-07,8e-11,1.0e5,1.0e6,2.5e-09,1.2e-06,nominal,1.0394123752520694,0.9471632092146127,1.0557198159715373,-0.10441176717847386,0.9229522242537063,0.9050869034301567,L,L,0.002754531813334157,0.010608032673419254,0.0003001761198784892,0.0012268427312449686,3.313250975792989e-06,0.0027292982231421235,0.1978102484928174,5.66928792977103e-11,2.3097257856783783e-12,84.60902348044495,0.0011260246787194808,0.018016832322726616,3.403269780100064e-07,3.285062257965704e-07,6.950201746027332e-13,0.00045516263231787515,0.03933444383203053,28590291.010776065,25736195.973404087,0.8562174357522483,2.619446621875108,0.202373774628228,0.18,0.580819845802551,1.861691390467666,-209.16425065745625,198.95756073421236,198.75977045416968,1.1422955007728213,2.0585405152612313,-214.2534834650527,219.45771523040855,0.04605533210800711,118.9470905441888,0.6904109597832948,0.35173687590294556,1.7068036393582862,81.57229497276936,37.037232570735284,20.384555725679466,0.04504840220989474,0.03261364353432509,0.04088881996792505,167.72158911891924,0.5783661131789094,1.1328381141727743e-08,1.1978522139302667e-08,221.66092997919978,1.0394123752520694,0.9471632092146127,1.0557198159715373
icp_design_042__scen_2,icp_design_042,val,2,shifted_surface,PI,PI,1.356e7,2.0e6,258.76602058916586,82.78880176294449,-194.70511205791007,50.0,50.0,6.216631270754312e-08,2.0122668336382277e-10,8.443117260460754e-10,8.820044629942716e-08,3.769017646051539e-10,3.891736701687942e-11,3.5610067772574275e-08,2.198005122776287,2.2507268086562746,0.08,3.1e-07,8e-11,1.0e5,1.0e6,2.5e-09,1.2e-06,shifted_surface,0.9868868050096867,1.023509624102607,1.1090280716993062,0.22420104730295382,1.0835257945201466,1.222925818250137,PI,L,0.006485073331960039,0.011248652179270532,0.0008552014889624184,0.000956729826390374,4.540544839209114e-07,0.0028058207854946633,0.3675997834518593,3.237040466635107e-11,1.2770755080713988e-11,107.72077621320386,0.006822850743305486,0.01048936466473193,1.037469974794956e-06,6.045726685169157e-07,2.2019070472841134e-12,0.0005169962269658912,0.11241139618814987,28590291.010776065,25736195.973404087,0.5436544775967883,2.428541016237286,0.26623157014461496,0.18,0.408910218817048,1.7237928060629693,-209.89436052790376,195.37115297497405,195.16886041533675,8.89703249427869,-17.420521069262687,-213.77715113905342,218.8286445355571,0.025844527861950864,123.98628949077967,5.47297974415887,-18.636942109855163,1.2164210405924714,73.38810541249036,35.656281106002886,19.8117611253,0.02523314038913673,0.01832871743525002,0.022289230720515998,174.96515118470938,4.396847580364225,2.176782515347638e-08,2.5647470930323102e-08,220.908407360254,0.9868868050096867,1.023509624102607,1.1090280716993062
icp_design_042__scen_3,icp_design_042,val,3,ood_nonlin,PI,PI,1.356e7,2.0e6,258.76602058916586,82.78880176294449,-194.70511205791007,50.0,50.0,6.216631270754312e-08,2.0122668336382277e-10,8.443117260460754e-10,8.820044629942716e-08,3.769017646051539e-10,3.891736701687942e-11,3.5610067772574275e-08,2.198005122776287,2.2507268086562746,0.08,3.1e-07,8e-11,1.0e5,1.0e6,2.5e-09,1.2e-06,ood_nonlin,1.4419995578180942,1.250495448906812,0.800940697678243,0.0017517993884665372,1.5952168922257497,1.2691456604244347,PI,L,0.011990605626642475,0.01308928103772948,0.0002042744159242747,0.0001690539688000524,8.845541357174118e-07,0.002936384635937043,0.47366334912313657,1.45688854657189e-11,5.853929300710436e-12,69.0090719418347,0.0019844022462198454,0.014083644435066737,2.506325068588896e-06,7.849186038209072e-07,5.098676941493472e-12,0.0004647309600654569,0.2641206225872551,28590291.010776065,25736195.973404087,0.744192635753594,2.5537006964698405,0.20980538511198757,0.18,0.519206205803291,1.8360515721474424,-205.67479585331128,195.23396867827728,195.03771541029607,4.349335125113954,-11.080228357775903,-210.55686613863912,215.9083998186514,0.010290749769075491,119.5208032521975,2.6457992563041617,-11.922630260349807,0.8424019025739047,79.55765419769389,38.09952716356796,20.375995507355245,0.009816742432477973,0.007303325298443346,0.008244831049778271,168.53078186548632,2.1794042942114134,2.4097928644210996e-08,2.754182967261364e-08,218.1767715713527,1.4419995578180942,1.250495448906812,0.800940697678243
icp_design_043__scen_0,icp_design_043,val,0,nominal,PI,PI,1.356e7,2.0e6,166.0664765210311,205.57957774856493,-155.63514135668905,50.0,50.0,1.2435739983122511e-07,1.918342517844699e-10,8.522332043060997e-11,1.386390127798897e-07,2.8567493714884736e-11,2.739583291011133e-10,1.1524059086371312e-09,1.808723241046108,1.15951502713677,0.08,3.1e-07,8e-11,1.0e5,1.0e6,2.5e-09,1.2e-06,nominal,0.8099959972071644,1.0759359985156154,0.9138218552226961,-0.06349618559567094,1.1551481674863764,1.097963493317788,L,PI,0.005676299965713141,0.005765060022221299,0.00154517817770158,0.002972821402398793,4.577499825637096e-06,0.0007586258845354226,0.4476482657208744,1.9402045483334586e-11,5.591554324313589e-12,99.78095095183782,0.0008603015850405987,0.040810169572939516,4.816268105447474e-07,2.072754649314122e-07,4.395486405501176e-12,1.1835149854177818e-05,0.07292865905941372,28341999.6138239,36932922.505747505,0.8028221913286111,2.954798586065382,0.20475227171494287,0.18,0.5319883672830416,2.0532290131847897,-168.1508454858191,222.27322676614008,222.10864993640647,0.5709933053500185,8.662933489521249,-184.95307507370669,222.36964581511498,0.04420085321041625,76.44764501294763,0.34155716837229955,7.859418157384884,0.8035153321363657,172.20152213263108,83.07578115222994,59.192127896770664,0.04193927259342639,0.031997850160874676,0.04048780936380615,107.78650528480867,0.30472335866435807,2.2950266413180557e-08,2.5652234484322394e-08,201.56823130415268,0.8099959972071644,1.0759359985156154,0.9138218552226961
icp_design_043__scen_1,icp_design_043,val,1,nominal,PI,PI,1.356e7,2.0e6,166.0664765210311,205.57957774856493,-155.63514135668905,50.0,50.0,1.2435739983122511e-07,1.918342517844699e-10,8.522332043060997e-11,1.386390127798897e-07,2.8567493714884736e-11,2.739583291011133e-10,1.1524059086371312e-09,1.808723241046108,1.15951502713677,0.08,3.1e-07,8e-11,1.0e5,1.0e6,2.5e-09,1.2e-06,nominal,0.917131564838815,0.9444520277252615,1.0562098710008252,0.10779415821851834,1.1704662556343381,1.1017466163068517,L,L,0.00229693135080258,0.006501201188786879,0.0016740642192577303,0.0001550581707418439,3.0723100036463566e-06,0.0028803065770402403,0.11588798413320324,1.8410568182487513e-11,1.363698143851079e-12,63.18888295330863,0.006512960626956002,0.005508494720046798,7.460164980973362e-07,4.1051384665114775e-07,3.714716768110059e-12,0.00045933684771349887,0.1638975573252769,28341999.6138239,36932922.505747505,0.6348497139797102,2.8532851891439517,0.22835451584234717,0.18,0.43960350474114607,1.9707785940775389,-170.10099174991635,217.56673652936328,217.4017524855354,0.8430801105164227,9.329656647055078,-185.1121350226093,221.43028782580336,0.03478107144028471,77.6318826374553,0.5148144526111238,8.261985333414254,1.067671313640823,165.50518974296685,82.32170453925879,58.1666867058845,0.03277043100044223,0.025161264834350192,0.03161803245807935,109.47740150540339,0.43203022138226704,7.114048005788059e-09,7.983227783192612e-09,201.57647593046104,0.917131564838815,0.9444520277252615,1.0562098710008252
icp_design_043__scen_2,icp_design_043,val,2,shifted_surface,PI,PI,1.356e7,2.0e6,166.0664765210311,205.57957774856493,-155.63514135668905,50.0,50.0,1.2435739983122511e-07,1.918342517844699e-10,8.522332043060997e-11,1.386390127798897e-07,2.8567493714884736e-11,2.739583291011133e-10,1.1524059086371312e-09,1.808723241046108,1.15951502713677,0.08,3.1e-07,8e-11,1.0e5,1.0e6,2.5e-09,1.2e-06,shifted_surface,0.8494932894659296,1.0321386636519145,0.9979763602204967,-0.0039172826872729515,1.0795487114260514,1.2668938817943902,L,L,0.004135196668413721,0.00739439167771346,0.00021362583796931465,0.0004927393824754601,3.676383974753275e-06,0.003516454029603403,0.21873783820740755,4.367084222668915e-11,1.7836625278781286e-11,111.30002495163517,0.0010995836058480212,0.11206528817242763,1.3001821679918896e-06,1.0406016873133655e-07,5.626148878142446e-12,0.0007607917347280678,0.10856439217853438,28341999.6138239,36932922.505747505,0.7411454826000407,2.9183093175993355,0.20961152909594616,0.18,0.4980661774823278,2.0209541648587335,-169.303425586269,220.52663458692223,220.36353984585588,0.6724832325670318,1.9174561462959052,-185.39929602373977,222.1839137745472,0.10115871321523102,76.68807544073111,0.4104231394366774,-0.21797993295153562,2.135436079247441,169.38510081764164,82.31011982205449,58.83184389880327,0.09520082567378804,0.07325482849815584,0.09223041648042686,108.12540443249623,0.3355286039090394,8.439337144308188e-08,8.957203480067492e-08,201.86131998815065,0.8494932894659296,1.0321386636519145,0.9979763602204967
icp_design_043__scen_3,icp_design_043,val,3,ood_nonlin,PI,PI,1.356e7,2.0e6,166.0664765210311,205.57957774856493,-155.63514135668905,50.0,50.0,1.2435739983122511e-07,1.918342517844699e-10,8.522332043060997e-11,1.386390127798897e-07,2.8567493714884736e-11,2.739583291011133e-10,1.1524059086371312e-09,1.808723241046108,1.15951502713677,0.08,3.1e-07,8e-11,1.0e5,1.0e6,2.5e-09,1.2e-06,ood_nonlin,1.0896721616421874,1.4098337760711304,0.9003842772654702,0.11343881870329434,1.64511676909715,1.4661359609377325,PI,PI,0.006358093510982441,0.020592248982016215,0.0031382897871725535,0.0002841548386678899,6.246423340376919e-07,0.0014608092006416727,0.32219420875636146,3.369146819164992e-11,3.3770753965948074e-12,76.55524237390675,0.0009692731275002238,0.020677451038393586,2.0420609188047307e-07,8.441898731878464e-08,4.674644051599935e-13,0.0006770747456346761,0.21371863382634387,28341999.6138239,36932922.505747505,0.62976724609431,2.8501091813067596,0.2326126217325291,0.18,0.43680814740417595,1.9810214360903324,-167.96680441811694,217.3625582169227,217.19907770843875,4.048373412486168,11.154085375737173,-183.24281705539812,220.4386078422326,0.06138333142059169,77.84987738361248,2.488820535643939,9.975961977114993,1.178123398622179,166.34604451977475,85.29881789642877,58.53328170600717,0.0573217791955508,0.04619113510565624,0.055218446399650706,109.79412103005691,2.0101089736873443,8.702868224707464e-09,9.865492485312092e-09,200.30258063468386,1.0896721616421874,1.4098337760711304,0.9003842772654702
icp_design_044__scen_0,icp_design_044,val,0,nominal,L,L,1.356e7,2.0e6,137.03837108791575,152.09455277028724,-163.8718084575256,50.0,50.0,2.2773391282371775e-07,4.570554945090414e-11,4.4137752392828296e-11,1.9090496077012896e-07,4.0865711113937684e-10,1.545909429413114e-09,2.580033186905349e-09,3.6457408986911295,1.1719975846509123,0.08,3.1e-07,8e-11,1.0e5,1.0e6,2.5e-09,1.2e-06,nominal,0.8090601936637414,0.9351815562110516,1.0493186114055522,0.14264341407031683,1.1929061349623236,0.9818064443849699,L,L,0.004969325923463419,0.004927042676519207,0.00024236031924003345,0.00037052613051883287,4.502053513351541e-06,0.0022499515897888844,0.338501174694882,3.946338879902316e-11,1.8450566009470175e-12,76.60575870513925,0.0036959651619282077,0.04565570768642474,2.576934876032209e-07,1.34680502239059e-07,3.84156107382558e-12,0.0004482892143925038,0.12109992206368252,29043366.392141663,12169957.291194381,0.6283214608732544,1.7237032390978886,0.2275072941824509,0.18000000342533862,0.5278638484148463,1.1812466576886234,-178.24327611332936,156.2653721252769,156.11202692346782,0.45610161240242486,1.2681311884048154,-177.44783029653848,198.40867224087387,0.04693693628508211,64.049482479072,0.2775711704814903,0.15692762083170247,1.1112035675731124,87.99903506024894,42.936893219444634,29.10570929481893,0.05010257319034306,0.02907653415264892,0.03494964119285696,90.3541092149051,0.22907427248789305,2.1966615681233266e-08,2.2956091613959057e-08,186.03520894042742,0.8090601936637414,0.9351815562110516,1.0493186114055522
icp_design_044__scen_1,icp_design_044,val,1,nominal,L,L,1.356e7,2.0e6,137.03837108791575,152.09455277028724,-163.8718084575256,50.0,50.0,2.2773391282371775e-07,4.570554945090414e-11,4.4137752392828296e-11,1.9090496077012896e-07,4.0865711113937684e-10,1.545909429413114e-09,2.580033186905349e-09,3.6457408986911295,1.1719975846509123,0.08,3.1e-07,8e-11,1.0e5,1.0e6,2.5e-09,1.2e-06,nominal,0.8392790603828589,1.0170496844174746,0.9851697735921472,0.022658060186301617,1.0388528899576202,0.9525063888980068,L,L,0.003078908652866596,0.008790618134593682,0.002502523795708568,0.00098481998974682,4.386525760769605e-07,0.0010238304278845731,0.46909561077004136,4.153618199856784e-11,1.2504811645480477e-11,120.4830931216401,0.0006649586719385105,0.1664943016707133,1.1997581382067016e-06,5.241802289747433e-08,3.753883963843583e-12,6.235903738375202e-05,0.06802586480918477,29043366.392141663,12169957.291194381,0.7392606442427189,1.7923199616718302,0.2089555494244135,0.18000000073533082,0.5888803992680519,1.234410270515455,-177.364693667371,157.91167813507516,157.7578620116704,4.581845403869019,2.7954231801116545,-177.25215477208963,197.81290582570767,0.06048294428220477,63.27279669438873,2.7665920139080447,1.696107658672764,1.0993155214388908,88.7606559947016,43.63607592925309,30.257988979787044,0.06178995999063989,0.03920944067730557,0.04775830769119549,89.23423132878828,2.3248516958719536,1.0884541601553967e-07,1.1612478805288682e-07,185.97936995794024,0.8392790603828589,1.0170496844174746,0.9851697735921472
icp_design_044__scen_2,icp_design_044,val,2,shifted_surface,L,L,1.356e7,2.0e6,137.03837108791575,152.09455277028724,-163.8718084575256,50.0,50.0,2.2773391282371775e-07,4.570554945090414e-11,4.4137752392828296e-11,1.9090496077012896e-07,4.0865711113937684e-10,1.545909429413114e-09,2.580033186905349e-09,3.6457408986911295,1.1719975846509123,0.08,3.1e-07,8e-11,1.0e5,1.0e6,2.5e-09,1.2e-06,shifted_surface,0.9847025003579769,1.2633837780604364,1.0249717003546037,0.23806722288882914,1.1091136388943288,1.2315371901070242,L,PI,0.004532015817835587,0.012025854488159845,0.0004000897418775215,0.0005843634639553606,2.904028684952834e-06,0.001249367583426292,0.43406365474791103,2.0958812650682918e-11,1.9871427692936807e-11,35.16025611562529,0.0034778104107059467,0.006344938056371069,1.4967106051627214e-06,1.7798162139879017e-07,5.418463497928403e-12,0.0002454097995099452,0.06850159773579462,29043366.392141663,12169957.291194381,0.5481143509449163,1.6723065325490138,0.2552776812935501,0.18000000940439906,0.4837499379542605,1.147216715988487,-177.90982074219994,154.37323678696865,154.2208554334661,0.7245752918843754,0.9899946186500814,-176.70073383283744,197.97670599273565,0.030395127360628323,65.21888094410039,0.4427793857292661,0.34536295079256973,0.6446316678575116,87.78019466180196,41.56808532395364,28.13641181060696,0.03081021641401412,0.019443569257501233,0.022984540889201387,92.04565358632539,0.3615364552793907,1.5464673994070324e-08,1.6080158575299414e-08,185.01435089762816,0.9847025003579769,1.2633837780604364,1.0249717003546037
icp_design_044__scen_3,icp_design_044,val,3,ood_nonlin,L,L,1.356e7,2.0e6,137.03837108791575,152.09455277028724,-163.8718084575256,50.0,50.0,2.2773391282371775e-07,4.570554945090414e-11,4.4137752392828296e-11,1.9090496077012896e-07,4.0865711113937684e-10,1.545909429413114e-09,2.580033186905349e-09,3.6457408986911295,1.1719975846509123,0.08,3.1e-07,8e-11,1.0e5,1.0e6,2.5e-09,1.2e-06,ood_nonlin,0.802105676951363,1.183042784394463,1.3018388470091051,-0.30562946531722823,1.473548153750798,1.2494702609132389,PI,L,0.014675901056033884,0.021912834623254322,0.0003714743205946097,0.001595814575266716,2.4387217686614614e-06,0.0026024655532712374,0.5842488735492094,6.606005723369895e-11,1.4825007112395016e-12,56.29026439608061,0.005889963820661067,0.023625988700598698,1.6848191323010638e-06,6.303438109108661e-08,2.8450513104291338e-12,1.2506648160718115e-06,0.11576898287456974,29043366.392141663,12169957.291194381,1.1264153726290491,2.00840178371723,0.2000390624085465,0.18000000000390654,0.8018154998805336,1.3603340200738783,-181.7017933060972,168.2871926602585,168.1266475201768,0.7795311283661029,1.8797989359898302,-183.2786904443321,202.77235181933838,0.0815234338211008,62.895372921500254,0.45688255589189003,-0.004278252837193044,1.8840771888270234,91.57595339499511,49.56461627304656,33.78954424710178,0.08255058025369415,0.053790959635232526,0.06702248822666393,88.6893882669466,0.4179680344645198,3.773808746531475e-08,3.981243610176227e-08,193.19161369894144,0.802105676951363,1.183042784394463,1.3018388470091051
icp_design_045__scen_0,icp_design_045,val,0,nominal,L,L,1.356e7,2.0e6,222.24499761849376,147.0577814301,-143.96277460399753,50.0,50.0,1.8829877441136788e-06,2.4179458481537355e-10,5.183848456017367e-10,5.955043428587023e-08,7.917625002708557e-10,5.4920062224657446e-11,1.0415474104207338e-08,1.5365334239950765,0.4597730035433438,0.08,3.1e-07,8e-11,1.0e5,1.0e6,2.5e-09,1.2e-06,nominal,1.0193701442274727,0.9032708249614696,0.9924050888176127,-0.1482961137767818,1.1428171240822214,1.0730856164688838,L,L,0.007315991964980532,0.005421101968021165,0.00036310887537607155,0.0006015678060172283,1.5737246848485396e-06,0.0024158434874478234,0.18047605075410866,4.885142570814223e-11,1.6811249927280853e-12,80.56024665898235,0.007811857255916275,0.18223977999366026,6.444286393811695e-07,5.6924877566782355e-08,3.1106802224759124e-12,0.00015916090311466897,0.04658190244358616,5606009.748542877,22811367.535600726,-0.7227687268790962,2.5272996758690147,0.21321740962402327,0.18,-0.32069612858374913,1.7127060161800682,-157.55475470044357,168.38373381511911,168.24579498306807,2.0383663458559815,-2.365253407445481,-164.25579504004224,184.21497253355608,0.06878847991282193,102.15982850882673,1.268280001220355,-3.8267913698308993,1.4615379623854188,105.30514611177679,55.77890276677362,38.61101028532945,0.06600461129298069,0.048623318562598994,0.0617893673248776,143.12391269687652,1.0455075454895315,1.3337722133200102e-07,1.4564598789898517e-07,175.41157559339698,1.0193701442274727,0.9032708249614696,0.9924050888176127
icp_design_045__scen_1,icp_design_045,val,1,nominal,L,L,1.356e7,2.0e6,222.24499761849376,147.0577814301,-143.96277460399753,50.0,50.0,1.8829877441136788e-06,2.4179458481537355e-10,5.183848456017367e-10,5.955043428587023e-08,7.917625002708557e-10,5.4920062224657446e-11,1.0415474104207338e-08,1.5365334239950765,0.4597730035433438,0.08,3.1e-07,8e-11,1.0e5,1.0e6,2.5e-09,1.2e-06,nominal,0.8042040292372488,0.9072013791171932,0.9833630198148624,-0.10284284435280439,1.0940040074357633,1.1435012080667024,L,PI,0.004746553848361614,0.005680943610693471,0.0015884677105537162,0.0003565841950486236,3.9477565805884035e-06,0.004181813730999938,0.45057451952180266,1.7374602417873277e-11,2.6506891394148413e-12,36.168350154529776,0.0037618845447601854,0.005305530485534286,8.285193883503278e-07,6.585147502096725e-07,5.319820422991602e-12,0.00016136945282960093,0.04245808741468224,5606009.748542877,22811367.535600726,-0.774760859944191,2.497803440842743,0.2074309156709308,0.18,-0.3492918017695512,1.6927820171818984,-157.4309145233819,166.9508190759479,166.80983735860985,0.8327738236614165,14.476840024700227,-163.8239157509853,183.7039219647997,0.025477630769996134,101.73645763191062,0.5164071082312072,13.408284643615776,1.0685553810844506,103.92261736926055,55.02500593140798,38.40296874830446,0.02425304341383852,0.017630100463229468,0.022337104589051394,142.47681282458254,0.45207576631234675,1.0001023963511858e-08,1.1523117517991648e-08,174.82891693726688,0.8042040292372488,0.9072013791171932,0.9833630198148624
icp_design_045__scen_2,icp_design_045,val,2,shifted_surface,L,L,1.356e7,2.0e6,222.24499761849376,147.0577814301,-143.96277460399753,50.0,50.0,1.8829877441136788e-06,2.4179458481537355e-10,5.183848456017367e-10,5.955043428587023e-08,7.917625002708557e-10,5.4920062224657446e-11,1.0415474104207338e-08,1.5365334239950765,0.4597730035433438,0.08,3.1e-07,8e-11,1.0e5,1.0e6,2.5e-09,1.2e-06,shifted_surface,1.2547780807207973,1.1743198108895097,1.1553696481290063,0.05666534096928414,1.3446642058033969,1.2255403620741223,L,L,0.008612784975526495,0.010543814205474806,0.002753566996563439,0.0005626107639512582,4.383677657182274e-07,0.003874557203874544,0.23751595941035522,1.4834616450586697e-11,9.3875861500801e-12,76.88993556170247,0.0017641530795715844,0.16546861395050716,4.98550445562418e-07,1.1721261016044202e-07,3.2907860023676014e-12,0.00012463062186120812,0.10863938321274237,5606009.748542877,22811367.535600726,-0.9384031354401869,2.40067780045304,0.2009343385800351,0.18000000000000005,-0.43929505329234897,1.6110335386439745,-159.7867173047724,163.81645387184338,163.67764332581507,7.067156701783597,1.5615957548648238,-164.9316982498007,184.65140070462053,0.024532899861840818,101.21055469333719,4.346515300386053,0.5934767844259331,0.9681189704388921,99.45040436529698,54.143035932011514,37.680955920112346,0.022236543232711896,0.01756881928607874,0.02136330944930383,141.6199730299326,3.7206564063518885,1.1251922235598117e-07,1.1814355532063592e-07,175.760305436203,1.2547780807207973,1.1743198108895097,1.1553696481290063
icp_design_045__scen_3,icp_design_045,val,3,ood_nonlin,L,L,1.356e7,2.0e6,222.24499761849376,147.0577814301,-143.96277460399753,50.0,50.0,1.8829877441136788e-06,2.4179458481537355e-10,5.183848456017367e-10,5.955043428587023e-08,7.917625002708557e-10,5.4920062224657446e-11,1.0415474104207338e-08,1.5365334239950765,0.4597730035433438,0.08,3.1e-07,8e-11,1.0e5,1.0e6,2.5e-09,1.2e-06,ood_nonlin,0.7783046252996325,1.069792945601399,0.826077318298355,0.31411619864550266,1.5748357509812336,1.3006207618282204,PI,L,0.009425326459332799,0.018516381056892347,0.0012270305309102988,0.000674404404851183,8.57684918822932e-07,0.001793079870195526,0.21645059165830044,1.1109479983526094e-11,1.3530539816741866e-12,38.922859628458745,0.0005390796255098881,0.14318316515020899,1.6594000132139795e-06,6.998331364708159e-08,4.73017709115664e-12,0.0002196858205022239,0.25961765375549584,5606009.748542877,22811367.535600726,-1.1564494382127672,2.261445277958412,0.20002904810621103,0.18000000000000352,-0.5592205198172682,1.5399141592841872,-155.27672955541178,156.22721246406837,156.09533771279484,3.4985368547786644,-1.41648439422611,-159.36657811997435,179.73822578145376,0.012495136606790002,101.0541198612764,2.117178887593837,-1.8787499449893772,0.4622655507632676,96.09309887463372,53.22750522357303,36.38505402027583,0.01179502364071709,0.00865892346323531,0.010573511196555023,141.291460887952,1.9051220624133267,2.8266450258714703e-07,2.9996399689619234e-07,170.01207916468894,0.7783046252996325,1.069792945601399,0.826077318298355
icp_design_046__scen_0,icp_design_046,val,0,nominal,L,L,1.356e7,2.0e6,204.43397459043476,200.2554404058003,-75.00138686400402,50.0,50.0,3.9057290507914e-07,1.0994146480467454e-09,1.864457710503889e-09,1.0070897232697867e-06,1.8962085813082998e-09,1.274980905249831e-10,1.1695529574381992e-09,3.7462839186128205,3.334153959478758,0.08,3.1e-07,8e-11,1.0e5,1.0e6,2.5e-09,1.2e-06,nominal,0.9312228358596983,0.9814062960704039,0.9246479268983403,0.05954019294343983,1.0087536408756919,1.1289662825318774,L,L,0.0068634332326809044,0.004546351067469501,0.002312387654049836,0.00036309428058612996,3.156624370559326e-06,0.0018223044269961134,0.38397845427308047,5.3249999695954725e-11,1.0050335270601598e-12,65.16307268493313,0.0021867301457452453,0.11975098650647122,2.0496421378228105e-06,5.167401044765052e-07,5.171299913203477e-12,0.0006991372759967267,0.134670119815558,6116245.394149545,3545252.68803679,-0.8540109057147814,0.5373614461563457,0.20229317784483253,0.23714806574857808,-0.28239180221248883,0.46888887613151264,-86.98898931213907,77.90885640262982,77.86242103555644,0.9811716808534031,17.35319676848839,-84.3087814516558,161.13997490428054,0.09148626915080389,93.32022237163811,0.6111672523219414,17.002801506716047,0.3503952617723486,168.92062682007193,46.72586493828109,7.986335838981763,0.11357800212142559,0.06882240749981057,0.016385210658630783,130.7466005102119,0.5366923517362008,1.2435910385792758e-07,1.4508089637097938e-07,93.65395443931202,0.9312228358596983,0.9814062960704039,0.9246479268983403
icp_design_046__scen_1,icp_design_046,val,1,nominal,L,L,1.356e7,2.0e6,204.43397459043476,200.2554404058003,-75.00138686400402,50.0,50.0,3.9057290507914e-07,1.0994146480467454e-09,1.864457710503889e-09,1.0070897232697867e-06,1.8962085813082998e-09,1.274980905249831e-10,1.1695529574381992e-09,3.7462839186128205,3.334153959478758,0.08,3.1e-07,8e-11,1.0e5,1.0e6,2.5e-09,1.2e-06,nominal,1.0856712280782401,1.0865150713987926,1.0290227033891834,-0.15264876872400807,1.184430348971906,1.0707308861351394,L,PI,0.005323899486871958,0.011945559879658592,0.0003793064121228629,0.0014580912462007483,1.6538037729841278e-06,0.00232326365905187,0.24949996564908683,1.7712072783946525e-11,2.16875095136617e-11,117.48195798915594,0.002970421126446134,0.01078563919438672,3.366531255061187e-07,7.354570836337886e-07,4.6117615069367235e-12,0.0007723569747326894,0.10074859024245349,6116245.394149545,3545252.68803679,-0.63053587848911,0.6685209042010688,0.2266763739266669,0.1987983575184967,-0.15948053723836947,0.5523505146435513,-88.8472794202084,79.12792635572649,79.08795504084802,1.8498131861032243,-2.186848029943404,-82.67022639860244,159.21179203010033,0.05770857339164467,94.97266027342502,1.1620637365230977,-2.566724394873714,0.3798763649303096,167.26391830798255,48.159918385028554,12.399690418916636,0.06849419481529531,0.0476588637406595,0.013919189880785048,133.28861619219433,0.9222485678825652,3.836618603001199e-09,4.100051051160089e-09,92.30221007560814,1.0856712280782401,1.0865150713987926,1.0290227033891834
icp_design_046__scen_2,icp_design_046,val,2,shifted_surface,L,L,1.356e7,2.0e6,204.43397459043476,200.2554404058003,-75.00138686400402,50.0,50.0,3.9057290507914e-07,1.0994146480467454e-09,1.864457710503889e-09,1.0070897232697867e-06,1.8962085813082998e-09,1.274980905249831e-10,1.1695529574381992e-09,3.7462839186128205,3.334153959478758,0.08,3.1e-07,8e-11,1.0e5,1.0e6,2.5e-09,1.2e-06,shifted_surface,1.2132516695910907,1.2751791621611819,1.0091680885759984,-0.06639074091819104,1.2403336932501499,1.1173248646003786,L,PI,0.005594286906733743,0.008191706629501803,0.0009991903276438323,0.0009589459723557562,5.306849369722995e-07,0.0032365223794193826,0.43850727441228576,4.27549019128357e-11,1.6321894512796595e-12,62.77419730040835,0.0016409367941450348,0.020235049137675605,9.257544789771569e-07,6.71518599422151e-07,8.455506881948693e-13,0.00036879461984987047,0.15312386176923803,6116245.394149545,3545252.68803679,-0.7274785914949311,0.6131118128029207,0.21007481358681102,0.20956719807400395,-0.21279902939157114,0.5151525198499025,-88.44102311375029,79.07146384677532,79.0285918667958,5.656423049349764,-9.170551372103475,-83.1511909874336,160.55512246771377,0.07483517389058077,93.87521617408576,3.5467028121341673,-9.70326783684818,0.5327164647447051,168.91100068773775,48.79110149024711,10.504545963976396,0.09151524708088897,0.05791640126250496,0.017875999205561845,131.63115554834076,2.8433182141591233,2.0027457440689774e-08,2.2590469292503002e-08,92.90941128548302,1.2132516695910907,1.2751791621611819,1.0091680885759984
icp_design_046__scen_3,icp_design_046,val,3,ood_nonlin,L,L,1.356e7,2.0e6,204.43397459043476,200.2554404058003,-75.00138686400402,50.0,50.0,3.9057290507914e-07,1.0994146480467454e-09,1.864457710503889e-09,1.0070897232697867e-06,1.8962085813082998e-09,1.274980905249831e-10,1.1695529574381992e-09,3.7462839186128205,3.334153959478758,0.08,3.1e-07,8e-11,1.0e5,1.0e6,2.5e-09,1.2e-06,ood_nonlin,1.072320010720084,0.9802174765113677,1.1933375374279414,-0.17290279334509592,1.6311534358609758,1.404001124618743,PI,PI,0.014468926313566548,0.010432704505527704,0.00254224883356241,0.0019133195913892268,1.1056339997191986e-06,0.0017953383962753646,0.7042760201556645,1.30639150224877e-11,3.071790382177953e-11,89.49900453676412,0.002418873458756044,0.045701973396482846,1.8462806026333047e-06,9.864251105736309e-07,3.3307902575364223e-12,1.814567082492591e-05,0.26278688550683044,6116245.394149545,3545252.68803679,-0.6063428223765891,0.6819888565391932,0.23034814587782423,0.19673949284394351,-0.14617435637648302,0.5486328945571378,-91.08964670246435,81.28459627416574,81.2385574411015,2.786791075565889,14.418425415414724,-84.62174831256277,161.3048432889218,0.05760819761617869,95.21719731443159,1.7520742095367001,14.080332403832497,0.33809301158222727,167.98401976418222,51.27381259053022,12.51954203460038,0.06349643457734838,0.05343218601972361,0.018707884316589443,133.65979890286553,1.394378044837854,3.6147019852979286e-08,4.163726082635813e-08,94.87651083066882,1.072320010720084,0.9802174765113677,1.1933375374279414
icp_design_047__scen_0,icp_design_047,val,0,nominal,L,PI,1.356e7,2.0e6,346.1673024123446,216.81332930622816,-121.51182582973514,50.0,50.0,8.988102538810603e-07,4.587480961876194e-11,1.598208881467343e-09,1.917388528557601e-07,9.565020856617479e-11,1.0924575290381825e-10,1.479139377993662e-09,2.455007967336062,3.3149348664160994,0.08,3.1e-07,8e-11,1.0e5,1.0e6,2.5e-09,1.2e-06,nominal,0.8500655968471126,0.9316137995750415,1.0641096769927592,0.13592135291742563,1.019146193365853,0.9991824571094795,PI,L,0.006391125215038373,0.005302528073586582,0.0002750894690785356,0.00015503303098310422,3.2489809323729965e-06,0.002906036070086192,0.29463827236058,2.6632235503820086e-11,1.522697282158807e-11,74.30851005186727,0.0022241374887549095,0.0611993973014591,1.3944649386950863e-06,6.900277925014362e-07,4.433359675267242e-12,0.0007600456553585455,0.14704833793992175,7004299.0536040105,26046948.65723901,-0.7880442577708948,2.4883556495340544,0.20530093244801778,0.18,-0.31067394340718907,1.8224669238352225,-136.08587196582798,188.7185596768558,188.59995468084063,1.5321783781982254,-0.8785265751901903,-148.54125611661118,193.21002301720432,0.06533176410440643,158.29544402906424,0.954404770717263,-1.9388263737147566,1.0602997985245664,158.0062052106081,81.33468929881633,57.7271100064217,0.059785575369254246,0.04937764121604576,0.05677677785865559,221.7436749512026,0.7833245123754285,6.348202872369617e-08,6.787955210283055e-08,164.80819397637444,0.8500655968471126,0.9316137995750415,1.0641096769927592
icp_design_047__scen_1,icp_design_047,val,1,nominal,L,PI,1.356e7,2.0e6,346.1673024123446,216.81332930622816,-121.51182582973514,50.0,50.0,8.988102538810603e-07,4.587480961876194e-11,1.598208881467343e-09,1.917388528557601e-07,9.565020856617479e-11,1.0924575290381825e-10,1.479139377993662e-09,2.455007967336062,3.3149348664160994,0.08,3.1e-07,8e-11,1.0e5,1.0e6,2.5e-09,1.2e-06,nominal,1.189544556648212,1.0452790150067401,0.996622285728994,0.0419813068312662,0.9113524539011231,0.9871567445534377,L,PI,0.004822679775010388,0.008758658334668538,0.0011907132066303976,0.0005743313410199761,6.828636554107436e-07,0.001583004340240829,0.38753798779151394,1.9870321617706382e-11,1.5384434241716845e-11,42.1464891672156,0.0010676607806109487,0.05829210528520732,1.952774861953444e-06,2.1401505815156103e-07,1.8138442638720597e-12,8.476247535918322e-05,0.16233136473994808,7004299.0536040105,26046948.65723901,-0.7017241749243021,2.541876671459646,0.2150505843424083,0.18,-0.26319789784156306,1.8653306304842374,-135.16156465507945,191.553244429865,191.43113687076905,7.4015975807864365,-11.142651273319988,-148.6005565492619,193.59560469023043,0.04777170933702191,159.40829640864823,4.626600412193983,-11.823730278229634,0.6810790049096445,160.72857607887462,81.42710282138115,58.29868799705735,0.04297146161224368,0.035782770622939844,0.04149165570967979,223.44799438089905,3.751561411403501,1.1441243623227917e-07,1.3059591047364373e-07,164.88597711353813,1.189544556648212,1.0452790150067401,0.996622285728994
icp_design_047__scen_2,icp_design_047,val,2,shifted_surface,L,PI,1.356e7,2.0e6,346.1673024123446,216.81332930622816,-121.51182582973514,50.0,50.0,8.988102538810603e-07,4.587480961876194e-11,1.598208881467343e-09,1.917388528557601e-07,9.565020856617479e-11,1.0924575290381825e-10,1.479139377993662e-09,2.455007967336062,3.3149348664160994,0.08,3.1e-07,8e-11,1.0e5,1.0e6,2.5e-09,1.2e-06,shifted_surface,0.7629399924439755,1.1994174968038245,1.1016330472851428,0.11825150911510295,1.1383101164353788,1.253448588220716,PI,PI,0.00786923847371342,0.013748380099546622,0.00030301051722018366,0.00040196747209634415,4.467830747184014e-06,0.0009428338216714216,0.4097712305995269,4.0957796322605086e-11,1.0461873753361708e-11,42.85761982501304,0.0057928004710311835,0.060276586031939965,9.869847007405622e-07,9.98338330538182e-07,7.008358865440836e-13,0.000292606035488578,0.06354803128254236,7004299.0536040105,26046948.65723901,-0.7723664843180791,2.4982064961828185,0.20635236861927106,0.18,-0.3020511680081404,1.8263606468659666,-136.59979204535247,189.47523763954575,189.35549787123884,1.1162962041958195,2.309443040563218,-149.14996468539942,193.87471975947736,0.09056750925786673,158.42067697074174,0.6961325686253862,1.186600169727863,1.1228428708353546,158.3589683216297,82.19808803291697,57.977509528595,0.08646271013268911,0.06729184207685568,0.07952768888301827,221.94117752872324,0.569722045305765,9.842022802154669e-08,1.0440293849285881e-07,165.58958229198282,0.7629399924439755,1.1994174968038245,1.1016330472851428
icp_design_047__scen_3,icp_design_047,val,3,ood_nonlin,L,PI,1.356e7,2.0e6,346.1673024123446,216.81332930622816,-121.51182582973514,50.0,50.0,8.988102538810603e-07,4.587480961876194e-11,1.598208881467343e-09,1.917388528557601e-07,9.565020856617479e-11,1.0924575290381825e-10,1.479139377993662e-09,2.455007967336062,3.3149348664160994,0.08,3.1e-07,8e-11,1.0e5,1.0e6,2.5e-09,1.2e-06,ood_nonlin,0.6027538726473276,1.265610556164413,1.3024987859147414,0.10251049283757091,1.6381578830835328,1.526368439526486,L,PI,0.009453838482331717,0.02191126198000718,0.0004166155177146432,0.00147114285478417,1.544980623748439e-06,0.003097627653196376,0.43258077647697973,6.51141908045008e-11,2.8743716357559084e-12,92.94486334821296,0.00966350581515632,0.014613729202047336,1.075564646189265e-07,1.4454698310375497e-07,2.646353574401378e-12,0.00031987543479356976,0.19784943874315025,7004299.0536040105,26046948.65723901,-0.7581900170618894,2.5070645136068275,0.2081799691810862,0.18,-0.2942541110172361,1.816491999972405,-139.35084920162345,191.11173355952468,190.98761055117842,3.2397048399477777,-6.324603890649848,-151.69270407387867,196.49967641646458,0.12515025090696488,158.62741552679904,2.020209299991504,-8.08750262118256,1.7628987305327128,158.50817989188678,85.49091511673947,58.43128106793719,0.11617356335620252,0.0959056986837421,0.10877351806815823,222.25577234758444,1.6518424380439982,4.097219764774361e-09,4.6115904546557864e-09,168.79088709722657,0.6027538726473276,1.265610556164413,1.3024987859147414
icp_design_048__scen_0,icp_design_048,val,0,nominal,L,PI,1.356e7,2.0e6,101.398227453682,125.29149242887141,-2.175960523744609,50.0,50.0,8.512757053103362e-08,4.208577022698206e-10,2.975365975088828e-10,6.655564547108275e-07,1.8937280348112752e-10,7.219427436913466e-10,5.87240274084348e-09,1.923843797793251,0.9022241121695583,0.08,3.1e-07,8e-11,1.0e5,1.0e6,2.5e-09,1.2e-06,nominal,1.0938240249414997,0.9651034060564841,1.0895932895248264,0.047426867843192416,1.1485095259505242,0.9121833724732481,PI,L,0.002698087821397041,0.004786042950298842,0.0006058768479869002,0.00035077174418469834,5.499416673373506e-07,0.002176364440212122,0.28790491113167643,1.083790084707506e-11,1.374182335984631e-12,66.16394236866806,0.006357437296678935,0.03614682955479011,1.0110929937321346e-07,5.809591653394833e-07,5.911959071823925e-12,0.0004611826335385788,0.132556279334299,23289430.504065737,9474246.888346236,0.49453879422943614,1.527371317356738,0.29050061531707505,0.18000018914109855,0.36818852671585245,1.0271036645962084,-17.099027579164673,63.91505336675917,63.872046985888275,2.93467074609673,-2.6350580896541898,-14.966847333971769,77.29754643192187,0.013271309164487722,49.33711030994903,1.8103416826795669,-2.720596447588497,0.08553835793430759,98.56646138981465,33.63210702935759,23.53315615531275,0.013993901200806706,0.009277438195239237,0.008949697118810381,69.6407541188225,1.4448813903299231,4.438025334241863e-09,4.735400045743442e-09,21.693268739843287,1.0938240249414997,0.9651034060564841,1.0895932895248264
icp_design_048__scen_1,icp_design_048,val,1,nominal,L,PI,1.356e7,2.0e6,101.398227453682,125.29149242887141,-2.175960523744609,50.0,50.0,8.512757053103362e-08,4.208577022698206e-10,2.975365975088828e-10,6.655564547108275e-07,1.8937280348112752e-10,7.219427436913466e-10,5.87240274084348e-09,1.923843797793251,0.9022241121695583,0.08,3.1e-07,8e-11,1.0e5,1.0e6,2.5e-09,1.2e-06,nominal,0.9696121631686573,0.9795157614825529,1.0867584944855644,0.15241427149795725,1.0862257222351417,1.086666926044398,L,L,0.003041103625329065,0.004907310007885344,0.0004800337176826121,0.0027417585449595622,3.4818001657719883e-06,0.0016424154728233906,0.3682792027762961,3.2182022357544435e-11,1.3543197202310121e-11,69.28210946875066,0.000937015011001653,0.007474743839058064,5.973840175039397e-07,1.6048152560970347e-07,2.42582898006313e-12,0.0005875637696227588,0.07287172630590463,23289430.504065737,9474246.888346236,0.39901624040027317,1.4679243124225287,0.3866156980145645,0.18000058880123224,0.31565112210981283,0.9857175447454027,-17.06019667369422,61.45240410369039,61.40970071053242,0.4930374302098499,0.5438717456466987,-14.574458842949484,78.19401632801818,0.045221938491004685,52.354924616184306,0.305008355619988,0.557115895865289,-0.013244150218590555,100.43000269820787,32.99637460616863,22.343762646707063,0.0507462459377324,0.03060298263872019,0.026550223927091065,73.99475290051156,0.24233768830596625,2.7369697832891313e-09,2.8196505589308057e-09,21.17373376418321,0.9696121631686573,0.9795157614825529,1.0867584944855644
icp_design_048__scen_2,icp_design_048,val,2,shifted_surface,L,PI,1.356e7,2.0e6,101.398227453682,125.29149242887141,-2.175960523744609,50.0,50.0,8.512757053103362e-08,4.208577022698206e-10,2.975365975088828e-10,6.655564547108275e-07,1.8937280348112752e-10,7.219427436913466e-10,5.87240274084348e-09,1.923843797793251,0.9022241121695583,0.08,3.1e-07,8e-11,1.0e5,1.0e6,2.5e-09,1.2e-06,shifted_surface,0.7957530808048436,1.1668728269355428,1.1675308465622753,-0.15364218407880514,1.2223248492627687,1.2392085618247404,PI,PI,0.0032446383074538863,0.009378947000286957,0.002234664719994579,0.00045078386434226026,3.1613769412465726e-06,0.0007006559724979991,0.15364639353606427,1.4067924482992433e-11,3.3570805911615348e-12,114.88488707793269,0.0013926920783552317,0.0846872153592566,1.2536131398937366e-07,7.327209995309058e-08,1.9387967822292568e-12,0.00012232262833609565,0.17819982936931836,23289430.504065737,9474246.888346236,0.7076884072375652,1.6521450907749573,0.21359884528923562,0.18000001670275753,0.48542081387032343,1.1082103014259659,-18.166462748648932,68.36265842402095,68.3214846657491,0.5102088799837723,4.25487323582671,-16.77776352641137,76.43076766993502,0.01914680487393853,46.94759789092728,0.30692341817326035,4.281456441889572,-0.02658320606286251,95.8033638784513,34.82948703457949,25.51637655107778,0.01977865347235913,0.013571875216897225,0.013754206458876895,66.196316461936,0.27056181553489067,5.813131581492931e-09,6.295756777018526e-09,23.74366093332727,0.7957530808048436,1.1668728269355428,1.1675308465622753
icp_design_048__scen_3,icp_design_048,val,3,ood_nonlin,L,PI,1.356e7,2.0e6,101.398227453682,125.29149242887141,-2.175960523744609,50.0,50.0,8.512757053103362e-08,4.208577022698206e-10,2.975365975088828e-10,6.655564547108275e-07,1.8937280348112752e-10,7.219427436913466e-10,5.87240274084348e-09,1.923843797793251,0.9022241121695583,0.08,3.1e-07,8e-11,1.0e5,1.0e6,2.5e-09,1.2e-06,ood_nonlin,1.235857117550797,0.9225392738892202,1.1821252939364406,0.10553182996169752,1.4345029818551203,1.424792863850759,PI,PI,0.0105299221277974,0.013781049452178664,0.0008233404458225812,0.0028440750189487494,6.048551695919834e-07,0.0010596669549718118,0.6073604682146836,4.694445172823569e-11,2.119272708791215e-12,36.65435203274392,0.006934237793966696,0.056143719612574056,1.9617995042297692e-07,2.1879891829408875e-07,2.5991557023897134e-12,0.00040285484550375454,0.14545520831246908,23289430.504065737,9474246.888346236,0.4405488354370085,1.4940348426133625,0.33146871927065297,0.18000039863403466,0.33849404938001726,0.9963655719229164,-18.366342517685297,61.79085883545191,61.749232141089706,2.742756503366481,-2.014230107595101,-15.951783383566083,78.34810930082135,0.05483846816531435,50.61978460672406,1.6943069624969926,-1.9405910197174052,-0.07363908787769545,99.53823594211867,34.39097793423181,22.89480258314174,0.05753634378009525,0.03929770742881763,0.03744816571259948,71.49132957264267,1.347414794133999,1.9728792658989513e-08,2.084878497130416e-08,22.829978970412448,1.235857117550797,0.9225392738892202,1.1821252939364406
icp_design_049__scen_0,icp_design_049,val,0,nominal,PI,L,1.356e7,2.0e6,67.94886144386363,64.21401455381614,-188.79896707483903,50.0,50.0,1.7099130195809628e-06,3.6560326108060686e-11,8.417909367653575e-11,3.5489468361829574e-07,1.356672757454224e-09,3.661503718571658e-11,2.3695702174169737e-10,1.1374050201143244,2.146488266883772,0.08,3.1e-07,8e-11,1.0e5,1.0e6,2.5e-09,1.2e-06,nominal,1.0646307022153798,1.0788919353801505,1.0681134738633817,-0.01281711803364661,1.0642709552475897,0.906057670558153,L,PI,0.0027844490331658213,0.00967214534415409,0.0006028640836478391,0.0015429483345783617,2.472145209555732e-06,0.00185915090087336,0.30214453178030376,5.278828982105446e-11,9.538066731594471e-12,87.92446920199626,0.007487690886930331,0.027013031353449235,3.061918521247119e-07,1.1361505131152676e-07,5.379205494253745e-13,0.0001082618696853694,0.033141198102136726,13235644.75066593,7113288.794253205,-0.011310766475609196,1.27653750870867,0.7970457621200062,0.18000627119919715,0.05064932944413116,0.915451591531187,-203.4277634739617,168.74261405766705,168.55996516196848,0.5850264070765249,1.2151201355839694,-201.87438172789706,205.80370299405394,0.02920325907767183,43.75567418510602,0.35975729445457705,0.340942680160007,0.8741774554239624,22.40964579370808,16.115148859671706,9.954382165381638,0.03418380563699829,0.017742033614810547,0.015747012910763473,61.91391827205274,0.2857189638941063,1.4875621040125447e-08,1.5531531726034763e-08,205.0974114998314,1.0646307022153798,1.0788919353801505,1.0681134738633817
icp_design_049__scen_1,icp_design_049,val,1,nominal,PI,L,1.356e7,2.0e6,67.94886144386363,64.21401455381614,-188.79896707483903,50.0,50.0,1.7099130195809628e-06,3.6560326108060686e-11,8.417909367653575e-11,3.5489468361829574e-07,1.356672757454224e-09,3.661503718571658e-11,2.3695702174169737e-10,1.1374050201143244,2.146488266883772,0.08,3.1e-07,8e-11,1.0e5,1.0e6,2.5e-09,1.2e-06,nominal,0.9427112670311013,1.0855243510032266,1.0013490301801269,0.02227173202060483,1.1901821666067989,1.0767078415129916,L,L,0.0027603975799586978,0.011523388108375852,0.0002961764451884446,0.00036937023196386575,7.556449767948543e-07,0.003597755103295909,0.3757277692089429,2.081889839686382e-11,4.295314631792117e-12,72.99308122854592,0.002615685296199634,0.052176735747118626,1.158657949338961e-07,1.0481640094645737e-07,7.792280916735995e-13,0.0006795357028024468,0.13957393297985426,13235644.75066593,7113288.794253205,-0.04623807148675162,1.2555429739419348,0.7882351065565769,0.1800097589176594,0.03143931168800283,0.9060965726891328,-202.51331830952705,167.72691605740357,167.54533687071898,1.9078016057231582,-1.1995139438680416,-200.9207203375826,204.8875467693337,0.011033415595779273,43.559023611395,1.1717526331871304,-2.088939253510127,0.8894253096420852,22.012424026176788,16.11661460154206,9.914411714229534,0.01232270469210223,0.006458478602776815,0.005265699113470367,61.623075755404535,0.9333260293754595,1.5409551826968976e-08,1.6473300244985167e-08,204.144043257891,0.9427112670311013,1.0855243510032266,1.0013490301801269
icp_design_049__scen_2,icp_design_049,val,2,shifted_surface,PI,L,1.356e7,2.0e6,67.94886144386363,64.21401455381614,-188.79896707483903,50.0,50.0,1.7099130195809628e-06,3.6560326108060686e-11,8.417909367653575e-11,3.5489468361829574e-07,1.356672757454224e-09,3.661503718571658e-11,2.3695702174169737e-10,1.1374050201143244,2.146488266883772,0.08,3.1e-07,8e-11,1.0e5,1.0e6,2.5e-09,1.2e-06,shifted_surface,0.8088307439126966,1.3084572189921284,0.9791920641944944,-0.17580578614981318,1.1272468442286834,1.0836337919420265,PI,PI,0.0056658477389958965,0.015388001441667385,0.00034381540282035013,0.0013785583368117163,9.231471882186372e-07,0.0008628034071619633,0.5991900477364085,5.709610419850303e-11,1.369163573151084e-12,83.59531323376054,0.00649893949598193,0.016005392878823438,2.4196213196780987e-07,5.95490362065069e-08,5.437156053430953e-12,0.00010922495285859998,0.16204531957896715,13235644.75066593,7113288.794253205,0.1691383479821506,1.380289413770211,0.7304455563673145,0.18000108111207094,0.14989634239589905,0.9951916378477768,-202.2099680357574,168.96795292919327,168.78646926622906,1.5189752396739973,-0.6973928703197768,-200.98608882394146,204.75468143390242,0.026046317248877477,42.36641081348591,0.9348447854227787,-1.3643708132157097,0.6669779428959327,25.878680932384988,17.61225416437921,10.515417945381834,0.02998138809266704,0.015627672750205723,0.015603506919372408,59.9831257177408,0.7421426088977794,8.478999095612109e-09,8.962388166015366e-09,204.5085396568173,0.8088307439126966,1.3084572189921284,0.9791920641944944
icp_design_049__scen_3,icp_design_049,val,3,ood_nonlin,PI,L,1.356e7,2.0e6,67.94886144386363,64.21401455381614,-188.79896707483903,50.0,50.0,1.7099130195809628e-06,3.6560326108060686e-11,8.417909367653575e-11,3.5489468361829574e-07,1.356672757454224e-09,3.661503718571658e-11,2.3695702174169737e-10,1.1374050201143244,2.146488266883772,0.08,3.1e-07,8e-11,1.0e5,1.0e6,2.5e-09,1.2e-06,ood_nonlin,0.9829963960631501,1.062422921386289,1.2546145562416922,0.0250614114180852,1.339834873889871,1.2518566376565057,PI,PI,0.009489870708527835,0.02432968125825472,0.003104175367734431,0.0005548421572025155,2.3599345664586225e-06,0.0038057393057428705,0.48881739718968176,3.1008618869045026e-11,2.489384010994327e-12,61.6427196482635,0.0037027355424293948,0.01561869600795974,6.568887342892194e-07,6.149486776767529e-07,7.307384649691591e-13,0.0003911386326509852,0.2203008947145725,13235644.75066593,7113288.794253205,-0.048963256816667085,1.2538926011235323,0.8439242435476186,0.1800090377469959,0.029940459756549322,0.8846800696313257,-205.98202289934684,170.68832509569526,170.50122777003617,0.6646086387564528,6.323453437326975,-204.30034425797837,208.27525694791532,0.014337956693288594,44.75276914416167,0.4025407435256978,5.319463495923519,1.0039899414034568,21.22580731541494,16.04419278133498,9.93526337194549,0.0163274655246197,0.008632895203656269,0.0068636973296550855,63.32269329016902,0.3478486776393551,1.8905537707675836e-08,2.0807168441851626e-08,207.50918281424535,0.9829963960631501,1.062422921386289,1.2546145562416922
icp_design_050__scen_0,icp_design_050,val,0,nominal,PI,PI,1.356e7,2.0e6,55.31156003711427,71.0350222165261,11.733097068601573,50.0,50.0,2.1873149296460823e-07,4.030548361034482e-11,1.439383156075551e-09,1.752695235568336e-07,2.8508377326192047e-10,9.649033470078773e-10,1.472425738293916e-10,2.7507086583485494,1.8233258643616808,0.08,3.1e-07,8e-11,1.0e5,1.0e6,2.5e-09,1.2e-06,nominal,0.8614983883989468,0.9169256169981572,0.9613505163719669,0.1255429062839913,0.9503372436614426,1.0779387065441681,L,L,0.00698559156801529,0.004736494550373945,0.000325347405032045,0.0001736840230359375,1.0723518588757958e-06,0.002426679620709,0.2828616966007786,2.7422191221263184e-11,1.5155317433092573e-11,61.16000015000058,0.002925399339395063,0.11165335439532592,1.5215735790426434e-07,1.299939251249079e-07,2.719484232709776e-12,0.00011295122725413434,0.037411032806790624,14821894.23259992,15379377.442006797,-0.02928435746119493,1.9672566711452575,0.7053577798622599,0.18000000000339195,0.12142903631377026,1.3913379217100068,-1.4335596035871472,82.55589427725684,82.49847382724556,1.051146423220577,-0.7467658767305114,-2.3888737809393907,40.038373634433626,0.025234357449674356,34.041171251076356,0.6474357140479892,-0.7322055354670155,-0.014560341263495882,51.21046248743167,21.770425811496516,17.482686387042015,0.026095523367944375,0.016803458015840534,0.020069382269090268,48.17875167157573,0.5131449008015414,8.693690645921998e-09,8.994198900697922e-09,6.742958943238694,0.8614983883989468,0.9169256169981572,0.9613505163719669
icp_design_050__scen_1,icp_design_050,val,1,nominal,PI,PI,1.356e7,2.0e6,55.31156003711427,71.0350222165261,11.733097068601573,50.0,50.0,2.1873149296460823e-07,4.030548361034482e-11,1.439383156075551e-09,1.752695235568336e-07,2.8508377326192047e-10,9.649033470078773e-10,1.472425738293916e-10,2.7507086583485494,1.8233258643616808,0.08,3.1e-07,8e-11,1.0e5,1.0e6,2.5e-09,1.2e-06,nominal,1.1104900464939798,1.036180777947263,0.9081545433968518,0.012892528731948549,1.0687302415407596,0.9560470358180269,PI,L,0.006725766361233732,0.006278982835609912,0.0017987982061835473,0.001155464006292086,1.5176895265192018e-06,0.0008641071865669368,0.2070635623500722,6.112838950570113e-11,6.787927697261902e-12,51.75568078095872,0.002237399992588719,0.049891742409527484,8.581216133048253e-08,4.096051570605693e-07,3.006841453162043e-12,0.0002475528372860818,0.14878185515704612,14821894.23259992,15379377.442006797,0.07617101758557591,2.032174552755944,0.7343593727916535,0.18000000000064764,0.17942949258949423,1.4410361166754966,-0.7049875577541798,84.91348666220796,84.85546773320327,0.7550928285517472,1.2329188231056116,-1.9968768432970814,39.89209522557151,0.04536115896226437,34.563880054688994,0.46467301762834423,1.353112584265108,-0.12019376115949623,50.74792303230156,22.589875681082955,17.948260999078894,0.043932134721454595,0.0329764182151274,0.037732222285591095,48.94881413611545,0.37111060321881106,2.7087661711436757e-09,2.8402820035770808e-09,6.514851979513672,1.1104900464939798,1.036180777947263,0.9081545433968518
icp_design_050__scen_2,icp_design_050,val,2,shifted_surface,PI,PI,1.356e7,2.0e6,55.31156003711427,71.0350222165261,11.733097068601573,50.0,50.0,2.1873149296460823e-07,4.030548361034482e-11,1.439383156075551e-09,1.752695235568336e-07,2.8508377326192047e-10,9.649033470078773e-10,1.472425738293916e-10,2.7507086583485494,1.8233258643616808,0.08,3.1e-07,8e-11,1.0e5,1.0e6,2.5e-09,1.2e-06,shifted_surface,0.7944965205648461,1.239616711881799,1.0585071453770745,0.12429546252714199,1.1905338512424546,1.1042046785142003,PI,L,0.0037134594249101796,0.007993405550361338,0.0030269087326436736,0.0014605461182206124,1.2474169135442013e-06,0.0035095138642434135,0.577632081297824,1.723364141562863e-11,3.5769178324439696e-12,60.18830270790463,0.006097967555403752,0.11718787283042227,2.2394005991662343e-07,5.476319683391386e-07,1.8651262535751497e-12,0.0006817100695697634,0.07836289129710396,14821894.23259992,15379377.442006797,-0.02817543879221499,1.9679529502582567,0.7545246511248911,0.1800000000033332,0.12203894158170923,1.3840527867686978,-2.7642167944376794,81.74049011395678,81.68401878349356,0.9354441990000787,2.723524538423962,-3.66821129186935,40.305617714847074,0.013193437136939273,34.898602436915056,0.574708932605676,2.6830400433768964,0.040484495047065534,51.14802167456736,22.261220144598838,17.480682105250704,0.013227506809826645,0.009124815340961809,0.010590903443888864,49.40378979340901,0.46329906134405285,1.323686410242543e-08,1.4110661501833614e-08,8.120455320789118,0.7944965205648461,1.239616711881799,1.0585071453770745
icp_design_050__scen_3,icp_design_050,val,3,ood_nonlin,PI,PI,1.356e7,2.0e6,55.31156003711427,71.0350222165261,11.733097068601573,50.0,50.0,2.1873149296460823e-07,4.030548361034482e-11,1.439383156075551e-09,1.752695235568336e-07,2.8508377326192047e-10,9.649033470078773e-10,1.472425738293916e-10,2.7507086583485494,1.8233258643616808,0.08,3.1e-07,8e-11,1.0e5,1.0e6,2.5e-09,1.2e-06,ood_nonlin,1.117225842151341,1.0528198411468492,0.891176834016106,0.03462943530867776,1.3627343376114882,1.5226200579074356,L,L,0.014366750877713521,0.018778409493444986,0.0016100302774363516,0.0006921704947459965,4.405645797624939e-06,0.002083221416880132,0.374520269764697,1.1770518866519025e-11,2.3876792789550023e-11,77.23458931159223,0.0028668606838044863,0.11894363143725863,4.0858285468645927e-07,6.634145651852863e-08,5.925922584405331e-12,0.0007419451377677763,0.13865647231812273,14821894.23259992,15379377.442006797,0.05493781606298971,2.019315554551441,0.6973459984503645,0.18000000000090288,0.16775123175207182,1.4333930346828043,-0.4724608500727179,84.82154512504412,84.76311139070198,0.2688773947753965,1.5702159660437949,-1.7112192427811306,40.06768012539364,0.02110664587842021,33.91516575090077,0.16358783821261755,1.5874210957315704,-0.017205129687775312,50.9143684838217,23.19535075664754,17.930747310324296,0.021497296945259505,0.014908647950682415,0.016729317253978165,48.01692524720918,0.14021465555868273,1.525048751505632e-08,1.602322265383141e-08,6.350289394110639,1.117225842151341,1.0528198411468492,0.891176834016106
icp_design_051__scen_0,icp_design_051,val,0,nominal,PI,PI,1.356e7,2.0e6,163.62293145000922,143.24009450268804,-138.00850663562636,50.0,50.0,2.1649419343654465e-07,3.1826664039689045e-11,9.426201500352065e-11,2.8076555016444575e-06,8.624196009755696e-11,3.282697915505089e-10,2.4548213318721487e-09,3.111133787005821,2.199260855536826,0.08,3.1e-07,8e-11,1.0e5,1.0e6,2.5e-09,1.2e-06,nominal,0.947330141940918,0.9639472796626158,1.0746251795715913,-0.02246050151050846,1.1662300798819822,0.9487341601446796,L,PI,0.005287333046361892,0.010975667971387904,0.0024555407131437923,0.00013367608683257482,1.7639902824752053e-06,0.0019762911400268957,0.5643338434978529,2.70330172768173e-11,2.2426489869676354e-11,95.03582229092102,0.0007684840976063363,0.0670380333006442,1.9313538322795605e-07,6.523867422586659e-07,2.0113564845764388e-12,0.00010246505794401557,0.06605923839665068,30926741.658856947,6280691.114379097,0.8472135332564892,1.1579007743237624,0.2024268927469818,0.18010061509193948,0.6215241326413602,0.8345235704377477,-152.72518911409497,118.43931129141471,118.31742339688111,1.3726186765155233,11.644905461669271,-148.5933881454163,174.3295821899898,0.04481991918467029,75.22121899607777,0.8225913768381162,10.977446339763176,0.6674591219060946,90.07768329281292,32.62889282414843,17.20211985214741,0.04987759447105818,0.032433499033507576,0.024716662486455394,106.07494410423296,0.7171704175073551,1.7597151267432267e-08,1.9999136550725532e-08,155.119166710246,0.947330141940918,0.9639472796626158,1.0746251795715913
icp_design_051__scen_1,icp_design_051,val,1,nominal,PI,PI,1.356e7,2.0e6,163.62293145000922,143.24009450268804,-138.00850663562636,50.0,50.0,2.1649419343654465e-07,3.1826664039689045e-11,9.426201500352065e-11,2.8076555016444575e-06,8.624196009755696e-11,3.282697915505089e-10,2.4548213318721487e-09,3.111133787005821,2.199260855536826,0.08,3.1e-07,8e-11,1.0e5,1.0e6,2.5e-09,1.2e-06,nominal,0.9098685713693393,1.096568355488931,1.096356489670893,-0.09264665177505356,0.9002597702644958,1.088491874634206,PI,PI,0.004218231401294854,0.010443490181357177,0.0003935406637669026,0.0016362673042018537,3.4959250987578582e-06,0.0007229110560276849,0.3378475172566935,4.785419073142471e-11,8.90628552549794e-12,106.66582094940084,0.004980645724582511,0.011796004649725484,1.7071455973129224e-07,1.5813735873809438e-07,1.3002411681934856e-12,0.00043614167974546166,0.08465444152669216,30926741.658856947,6280691.114379097,0.9217202786332926,1.2015256018357858,0.2010041600954717,0.18005218857962807,0.6625028425986021,0.86332244488822,-153.023472736873,119.62475415622868,119.50532640032226,0.6730621987444725,1.4222430240376784,-149.13391605606546,174.48516926397437,0.05941929196477642,75.15263528063778,0.4025708886888205,0.7569380494926603,0.6653049745450184,89.68818876001806,31.96958505491505,17.74368276035384,0.06943610770780317,0.037764290304779936,0.031368244599650166,105.98028807052017,0.3472958845735281,2.723970334399018e-09,2.8539122518942085e-09,155.52783306704848,0.9098685713693393,1.096568355488931,1.096356489670893
icp_design_051__scen_2,icp_design_051,val,2,shifted_surface,PI,PI,1.356e7,2.0e6,163.62293145000922,143.24009450268804,-138.00850663562636,50.0,50.0,2.1649419343654465e-07,3.1826664039689045e-11,9.426201500352065e-11,2.8076555016444575e-06,8.624196009755696e-11,3.282697915505089e-10,2.4548213318721487e-09,3.111133787005821,2.199260855536826,0.08,3.1e-07,8e-11,1.0e5,1.0e6,2.5e-09,1.2e-06,shifted_surface,0.9478374939754536,1.21801372173207,1.1732074976224673,-0.009176960792757888,1.204564593643123,1.294454859682273,PI,L,0.004724242903558388,0.009430542605573534,0.0009328770044810445,0.00018649774822515836,3.003540973959125e-06,0.001022634155140671,0.16403218181774476,2.2050715633850677e-11,1.2963685328226165e-11,59.219001357210004,0.008507700050822346,0.11567191665449329,1.5187353221260738e-07,1.89122380096494e-07,3.684947619333467e-12,0.0001845602694913354,0.10526659815760989,30926741.658856947,6280691.114379097,0.8337162814805776,1.149854235267003,0.20314808776283058,0.18010216054900638,0.6141006441646089,0.8210044076539459,-154.07522237238138,119.2889982097123,119.16795592684504,0.7958111622827527,3.9750787764452022,-149.8350088038219,175.71278827845794,0.029646907138374045,75.2568438445384,0.47916942803852985,3.5679572363553542,0.4071215400898474,90.52783852066649,32.643684305329856,16.776256271809075,0.03374944053710443,0.020517484177797873,0.015693909807940925,106.12569627027855,0.4092728483253358,4.039114364988226e-08,4.3612353447527016e-08,156.36374566488786,0.9478374939754536,1.21801372173207,1.1732074976224673
icp_design_051__scen_3,icp_design_051,val,3,ood_nonlin,PI,PI,1.356e7,2.0e6,163.62293145000922,143.24009450268804,-138.00850663562636,50.0,50.0,2.1649419343654465e-07,3.1826664039689045e-11,9.426201500352065e-11,2.8076555016444575e-06,8.624196009755696e-11,3.282697915505089e-10,2.4548213318721487e-09,3.111133787005821,2.199260855536826,0.08,3.1e-07,8e-11,1.0e5,1.0e6,2.5e-09,1.2e-06,ood_nonlin,1.107789199777134,1.2929636592415839,0.9758867644179234,-0.2993651105303429,1.6959507331501273,1.4365944016286025,L,L,0.008564767492559515,0.02155735808838771,0.0009670509372489204,0.0010421214074995714,1.4455209588525145e-06,0.0007455730269152358,0.6221908478177648,4.0254634654754455e-11,8.453836494969298e-12,55.5563607231964,0.0014134832762446583,0.012352211116076359,1.0692791406886947e-07,3.241113350561097e-07,3.4228167485606047e-12,0.0005668810830666542,0.18143594324026321,30926741.658856947,6280691.114379097,1.1802653230237918,1.3423193372502855,0.20001644257409515,0.18000479470489564,0.8047026170133766,0.9715156376986072,-151.37419186875445,122.38868600802286,122.2697831163049,1.5687679845128475,2.4863507086960133,-148.38571702189302,172.72848140181333,0.04460922266003128,75.09507014026775,0.9195012386740512,1.9083784627085179,0.5779722459874957,87.54501964244687,37.329481602393216,21.288773975854564,0.04936158841714722,0.02965437962536496,0.027360568434822114,105.89176050290642,0.8427668451656165,3.3894995736492767e-09,3.603284346530604e-09,155.85161334237165,1.107789199777134,1.2929636592415839,0.9758867644179234
icp_design_052__scen_0,icp_design_052,test_id,0,nominal,L,PI,1.356e7,2.0e6,159.12138529803215,291.381090509991,-147.0868771235049,50.0,50.0,1.8283403554317844e-07,3.668430572320157e-11,1.0562581862397143e-09,1.0517365178194634e-07,2.0165002493266718e-11,8.237674310958435e-10,7.113661476066199e-10,2.208551297410828,0.23130813579783788,0.08,3.1e-07,8e-11,1.0e5,1.0e6,2.5e-09,1.2e-06,nominal,1.1983003606890152,0.9878466984360768,1.0883181722946613,-0.01566925276611553,1.1898306750159586,1.0234978393361644,PI,L,0.004012474005791051,0.008913984706501324,0.0017054706711739165,0.00027083721133501395,6.058590052071704e-07,0.004366333441083513,0.22357882716942012,1.4351907353526901e-11,4.3057545612502065e-12,98.86897211809259,0.0066316386690583404,0.06902141395192023,5.97672653563762e-07,1.6211693495925387e-07,5.745744844199033e-13,0.0007687715810545659,0.05891308449551645,18663621.229339458,29760824.954911284,0.33524527098602264,2.7094917744927645,0.43381796992057503,0.18,0.2948124639128539,1.821144195151254,-161.9924828112526,238.52780285972216,238.37257551030916,4.579723625640257,2.098880864559681,-178.60241811337693,245.06776444662006,0.04717918688860531,84.49317256845399,2.83074412386127,0.7386942234416201,1.3601866411180596,211.6355091639306,110.87414611927312,83.1485422210996,0.04297198535037935,0.03493678940085403,0.04311324782597875,119.4752455579193,2.2454025493673724,5.507464537771522e-08,5.826622434899302e-08,200.77724733723156,1.1983003606890152,0.9878466984360768,1.0883181722946613
icp_design_052__scen_1,icp_design_052,test_id,1,nominal,L,PI,1.356e7,2.0e6,159.12138529803215,291.381090509991,-147.0868771235049,50.0,50.0,1.8283403554317844e-07,3.668430572320157e-11,1.0562581862397143e-09,1.0517365178194634e-07,2.0165002493266718e-11,8.237674310958435e-10,7.113661476066199e-10,2.208551297410828,0.23130813579783788,0.08,3.1e-07,8e-11,1.0e5,1.0e6,2.5e-09,1.2e-06,nominal,1.1417549016576014,1.051047873976415,1.0256564525234433,0.06891409561281742,1.0903424916559246,0.9151687882814324,PI,L,0.0030053506579048195,0.006419751791569127,0.00022623947425546431,0.002688120619850066,7.283253438913728e-07,0.0012287799326883577,0.25321236929397484,2.4510895878025115e-11,1.1450255952062692e-11,116.02999799895005,0.003338549573010311,0.008764176240367837,1.2015451129156064e-06,8.687273112746856e-08,4.8059473243594195e-12,0.0002531060005195568,0.15869023583381636,18663621.229339458,29760824.954911284,0.2528086885789,2.659529282355427,0.5346555428098206,0.18,0.2494723435889364,1.791183388236815,-161.134267897266,234.78612887243474,234.63129013279493,4.051823634079902,-8.064102516051399,-176.81366622245125,243.0164241698927,0.08263446409693141,89.48961276796406,2.501015705098542,-9.02673140218839,0.9626288861369919,208.8391161669779,108.9683495597858,82.28233787617076,0.07390731984473738,0.061931109557013364,0.07442024598923631,126.63533552240911,1.9863336530100881,1.0088734982247056e-08,1.1364191166228897e-08,198.6073361344084,1.1417549016576014,1.051047873976415,1.0256564525234433
icp_design_052__scen_2,icp_design_052,test_id,2,shifted_surface,L,PI,1.356e7,2.0e6,159.12138529803215,291.381090509991,-147.0868771235049,50.0,50.0,1.8283403554317844e-07,3.668430572320157e-11,1.0562581862397143e-09,1.0517365178194634e-07,2.0165002493266718e-11,8.237674310958435e-10,7.113661476066199e-10,2.208551297410828,0.23130813579783788,0.08,3.1e-07,8e-11,1.0e5,1.0e6,2.5e-09,1.2e-06,shifted_surface,0.945696374313225,1.1631981993757372,1.0366810181395396,0.2061530087388842,1.1319126763454863,1.0818024227183667,L,L,0.004689878192519569,0.010210910306031643,0.0010340968171826264,0.0029330285730426995,2.4155515527298652e-06,0.0008306673689436624,0.09265846036470675,3.799112847024088e-11,5.387642256410811e-12,58.015166032072806,0.0042726843225427335,0.003830365897395528,2.723866928837207e-07,4.5210453180684293e-07,2.6977096470294535e-12,0.0007152591297075056,0.16384599396980482,18663621.229339458,29760824.954911284,0.13201599464127398,2.583426230029953,0.7176460646720006,0.18,0.18303636192324207,1.7370292863596957,-161.28526034794405,229.4690975343929,229.3165246155974,1.3513016466258068,7.1132591975423125,-175.29821911453487,241.1427794576718,0.10614408133133967,98.5984138111549,0.8323060970775533,5.990177930507521,1.123081267034793,204.43156168035563,107.30169759219085,81.23127669555204,0.09647541060248761,0.07711035642411165,0.09644853012711647,139.6265721166416,0.6633434677514747,3.5285046383216666e-09,3.904935308640467e-09,196.75855863297303,0.945696374313225,1.1631981993757372,1.0366810181395396
icp_design_052__scen_3,icp_design_052,test_id,3,ood_nonlin,L,PI,1.356e7,2.0e6,159.12138529803215,291.381090509991,-147.0868771235049,50.0,50.0,1.8283403554317844e-07,3.668430572320157e-11,1.0562581862397143e-09,1.0517365178194634e-07,2.0165002493266718e-11,8.237674310958435e-10,7.113661476066199e-10,2.208551297410828,0.23130813579783788,0.08,3.1e-07,8e-11,1.0e5,1.0e6,2.5e-09,1.2e-06,ood_nonlin,0.6594748124508039,1.3324575273096193,0.8455171013354743,-0.2393975421165804,1.3528579013246382,1.4387315786878687,L,PI,0.01474950380913955,0.01816917498634435,0.001999424932904361,0.0001689273505610965,3.188623304127091e-06,0.00189827325769754,0.1830096975886902,1.4314773443140758e-11,1.7692018449762977e-11,63.89106483631057,0.0005160877657967391,0.04463865419583104,2.1168193259213053e-07,6.860891899089124e-07,3.5009157744346927e-12,0.0006321538732896859,0.14656869116678053,18663621.229339458,29760824.954911284,0.5930964098036511,2.8551084576937233,0.24365853403663473,0.18,0.4366305902625495,1.9424999590686602,-158.66707934339556,249.14590768528416,248.98782783175977,0.802074419525709,10.499759067559769,-179.0681677824472,248.23931672712956,0.058442632558834764,75.1388117724154,0.4869857896030497,9.636895764853803,0.8628633027059641,223.35180414858866,115.35311143158519,85.18091123716106,0.04974755975329255,0.04436177199531844,0.05151403969835114,105.99689918717822,0.4187673588576322,2.4572447429716963e-08,2.7757364091120905e-08,202.13879006876425,0.6594748124508039,1.3324575273096193,0.8455171013354743
icp_design_053__scen_0,icp_design_053,test_id,0,nominal,PI,PI,1.356e7,2.0e6,95.34932732060383,271.34411651695876,-84.7978312556399,50.0,50.0,7.862425950544862e-07,3.6289004847971906e-11,2.7502639822717712e-11,1.2658493493145563e-06,6.324772081796966e-10,9.273143999728125e-11,4.100982954507861e-08,0.7610246103625862,3.332682348923343,0.08,3.1e-07,8e-11,1.0e5,1.0e6,2.5e-09,1.2e-06,nominal,0.9003605236382213,0.9373268194320447,1.0390922489582666,0.11482290568469762,1.0727323525955206,0.9616499243439153,L,L,0.006729176096607836,0.00875437278534844,0.003545482196279154,0.00039369537104820925,8.591033864141548e-07,0.00167849239910458,0.1754604518805399,3.860555216382368e-11,1.0073104583662591e-11,70.72115715217029,0.0018225475244625937,0.005423043172593798,6.595321097169871e-07,7.250060108603244e-08,5.682962369722299e-12,5.5175605744438366e-05,0.12619948093680763,23218571.83762332,5246585.61376904,0.42913262284987647,0.8978060962025479,0.3589335647328573,0.18128583593619066,0.27407417308556137,0.7119710048712894,-99.01213658979181,124.50810288381827,124.45842067962799,1.8615014303291848,6.072566441653004,-89.79062014330212,199.55379463368325,0.09980058961200179,48.39405258148777,1.154784454099615,5.653073836829187,0.41949260482381645,223.32864393857326,66.06407993657983,26.94624491378545,0.11801604434495025,0.07445723605950119,0.03832969681740893,68.34907204607943,0.9191720251033872,5.511499108564679e-09,6.054769292500971e-09,103.00343613061808,0.9003605236382213,0.9373268194320447,1.0390922489582666
icp_design_053__scen_1,icp_design_053,test_id,1,nominal,PI,PI,1.356e7,2.0e6,95.34932732060383,271.34411651695876,-84.7978312556399,50.0,50.0,7.862425950544862e-07,3.6289004847971906e-11,2.7502639822717712e-11,1.2658493493145563e-06,6.324772081796966e-10,9.273143999728125e-11,4.100982954507861e-08,0.7610246103625862,3.332682348923343,0.08,3.1e-07,8e-11,1.0e5,1.0e6,2.5e-09,1.2e-06,nominal,1.0108738256436633,1.0410700406432438,1.0865318323412791,-0.008068015582162618,1.0838306516503764,1.1188132997868534,L,L,0.002321288339765835,0.007438786262990002,0.0030890773123969668,0.0003970883281335129,6.683193337338424e-07,0.0014841274227381546,0.11576090157400269,1.6466888183280624e-11,3.958582626926894e-12,104.28187256775601,0.002042048620496841,0.019965378429642387,1.6118363924934694e-06,2.2444674622081225e-07,1.8091088548704335e-12,0.00033304574709398555,0.16416874721039862,23218571.83762332,5246585.61376904,0.5459289243077773,0.9692828892031182,0.26845332277631795,0.18054897758107735,0.33831213888740685,0.7582095933010475,-99.67133626668742,125.5521904712156,125.50183737951883,2.242662616166492,3.7706491421850763,-90.90611433094357,198.50023007441084,0.043082847961938585,45.732386912861905,1.389960744883095,3.4782768987896895,0.2923722433953872,220.42964008598383,66.50234767448578,29.634066255692,0.049740796833032036,0.03266459344971587,0.01912245946868502,64.51261837189794,1.1033702513877786,1.728573908163629e-08,1.8628368028678085e-08,104.20658386584073,1.0108738256436633,1.0410700406432438,1.0865318323412791
icp_design_053__scen_2,icp_design_053,test_id,2,shifted_surface,PI,PI,1.356e7,2.0e6,95.34932732060383,271.34411651695876,-84.7978312556399,50.0,50.0,7.862425950544862e-07,3.6289004847971906e-11,2.7502639822717712e-11,1.2658493493145563e-06,6.324772081796966e-10,9.273143999728125e-11,4.100982954507861e-08,0.7610246103625862,3.332682348923343,0.08,3.1e-07,8e-11,1.0e5,1.0e6,2.5e-09,1.2e-06,shifted_surface,1.064959392489459,1.229135875879368,1.0362102573745864,-0.18570643443108564,1.1828626215331626,1.2512971362421896,L,PI,0.003289573970005477,0.00849755609959048,0.0007158928185283234,0.001780615091354193,2.225659622688105e-06,0.002185411687008721,0.17761267815387197,1.8490392561903062e-11,4.2633823864914105e-12,88.19015691793872,0.0010081991206478695,0.049873082816704314,1.0398579942729883e-07,6.713856859565943e-07,4.244417673706743e-12,4.335746203213953e-05,0.10415949040453373,23218571.83762332,5246585.61376904,0.7432625184995212,1.0825652659948852,0.21042794802868278,0.18013822117683514,0.446845615692866,0.8415329830526198,-98.9879336452666,126.50041444063145,126.45051668051357,0.641941185620021,0.9867569130008516,-91.30268047736588,195.03838205269582,0.04763230557181786,44.04575903631291,0.3943256387345269,0.578846577734119,0.4079103352667327,214.02245672620595,67.83828949921595,34.7749355746122,0.05479433113079844,0.034157038512939546,0.023403664915464435,62.089428794151594,0.3183719761306594,9.473422699880167e-09,9.849842098166369e-09,104.87033837720907,1.064959392489459,1.229135875879368,1.0362102573745864
icp_design_053__scen_3,icp_design_053,test_id,3,ood_nonlin,PI,PI,1.356e7,2.0e6,95.34932732060383,271.34411651695876,-84.7978312556399,50.0,50.0,7.862425950544862e-07,3.6289004847971906e-11,2.7502639822717712e-11,1.2658493493145563e-06,6.324772081796966e-10,9.273143999728125e-11,4.100982954507861e-08,0.7610246103625862,3.332682348923343,0.08,3.1e-07,8e-11,1.0e5,1.0e6,2.5e-09,1.2e-06,ood_nonlin,0.9692320982030915,1.0239754691903615,1.1462116387012196,-0.23658611681393482,1.6633593707625016,1.3111077716197042,L,PI,0.006593085792848796,0.01749865331152914,0.0006988535562771146,0.0002132557134815993,7.1699998722639e-07,0.0022133448284164204,0.5767956353318954,3.8272049236785867e-11,4.9126689051594834e-12,116.47911257974975,0.0010120094129361882,0.08964052919802545,1.9756798572185337e-06,8.333283218856553e-08,1.9206388569803227e-12,0.000298981569872708,0.0944264153713225,23218571.83762332,5246585.61376904,0.807783139009635,1.1175251776983883,0.2049743466578136,0.18008463314734105,0.4823319569734286,0.8572048107389414,-100.49510416331098,128.5872142281732,128.5353397067892,1.9782386035490358,-0.64093779983963,-92.96962143986337,196.25495220363626,0.09637254517989899,43.891887676983124,1.2096002941750534,-1.1351341326422206,0.49419633280259107,213.4586607042878,72.09262804943307,35.99294736216922,0.11000343881197668,0.06977771344121031,0.04877629519964545,61.8738468882369,0.984961704342271,6.82777026996333e-08,7.176383191734973e-08,107.38814704974999,0.9692320982030915,1.0239754691903615,1.1462116387012196
icp_design_054__scen_0,icp_design_054,test_id,0,nominal,PI,L,1.356e7,2.0e6,153.56537254830934,51.01920487082918,-113.63495497991511,50.0,50.0,2.433309225807945e-07,9.873134189713173e-11,2.8018193127693383e-10,1.2880570987567065e-07,1.890753427389283e-09,4.124229235031685e-10,2.420113167166057e-10,1.074123821552915,2.775595573699805,0.08,3.1e-07,8e-11,1.0e5,1.0e6,2.5e-09,1.2e-06,nominal,0.8360098408651371,1.0572768036597842,0.9485197016744331,-0.0484070039716816,1.10905685020317,1.0369965835656358,L,L,0.005823513099468066,0.00819606729401613,0.0015629368400871476,0.0012847053909670306,5.074047633532368e-07,0.001342863625214447,0.5730227618600809,1.659384946011144e-11,8.390714164215658e-12,82.22475294728403,0.0013628109443090512,0.03297806353101623,1.4506281213306691e-06,2.865265242491888e-07,3.47949576239729e-12,0.0003889358891123333,0.11329327000338583,22574642.901780132,9746938.31909644,0.559320859147431,1.613280370845013,0.25946358552508975,0.1800000133520162,0.36133266360873284,1.1921944621425447,-126.62588065194062,106.93674239998418,106.84434717154397,4.717720607458901,-1.3766406064461956,-126.4159775181808,129.83808908816783,0.00793535357980625,73.23705980635712,2.917670531869401,-1.6346120023608375,0.25797139591464224,25.934394785979073,15.574601581090336,9.100215578107258,0.008408896783800166,0.005063641600912153,0.005582508169242074,103.30740556561261,2.318861719422175,2.499342198221348e-08,2.6368771964771644e-08,129.53089783439887,0.8360098408651371,1.0572768036597842,0.9485197016744331
icp_design_054__scen_1,icp_design_054,test_id,1,nominal,PI,L,1.356e7,2.0e6,153.56537254830934,51.01920487082918,-113.63495497991511,50.0,50.0,2.433309225807945e-07,9.873134189713173e-11,2.8018193127693383e-10,1.2880570987567065e-07,1.890753427389283e-09,4.124229235031685e-10,2.420113167166057e-10,1.074123821552915,2.775595573699805,0.08,3.1e-07,8e-11,1.0e5,1.0e6,2.5e-09,1.2e-06,nominal,1.130874242949199,1.0823027557717708,0.9527354623719849,0.027825446635920282,0.9302022400637446,0.9135115855324184,L,PI,0.007064660376359788,0.01063781998872033,0.002276520148054602,0.003766111209459354,5.566173864440066e-07,0.004339037256368818,0.4969250402425773,2.173793090136126e-11,5.367205227753821e-12,110.45549821009949,0.00468037668441235,0.12509335569361008,7.70620330916595e-08,4.490029786736709e-08,4.7533258383285255e-12,0.0003683472255959882,0.12318553310427525,22574642.901780132,9746938.31909644,0.4822576447381789,1.5672486025850771,0.3076685807492773,0.18000003063646292,0.3189478956836441,1.1596349635047853,-126.68361949894972,106.19744269243687,106.10444884432187,4.446583829352499,3.727142416223457,-126.34075863364367,129.79686706624346,0.010316988794169528,75.51544068253664,2.756217656178147,3.1544017160931057,0.5727407001303513,24.93695987671212,14.91826899423189,8.82097747896923,0.010696898436457486,0.00607472441207355,0.006478085132987819,106.59400671961542,2.18052629315592,1.1105736289625189e-08,1.1963357161727371e-08,129.32441243249005,1.130874242949199,1.0823027557717708,0.9527354623719849
icp_design_054__scen_2,icp_design_054,test_id,2,shifted_surface,PI,L,1.356e7,2.0e6,153.56537254830934,51.01920487082918,-113.63495497991511,50.0,50.0,2.433309225807945e-07,9.873134189713173e-11,2.8018193127693383e-10,1.2880570987567065e-07,1.890753427389283e-09,4.124229235031685e-10,2.420113167166057e-10,1.074123821552915,2.775595573699805,0.08,3.1e-07,8e-11,1.0e5,1.0e6,2.5e-09,1.2e-06,shifted_surface,1.295879667669087,1.0656464203985592,0.977363350851771,-0.12167223771617247,1.0761548048298628,1.2462593718076438,L,L,0.008546967409173633,0.007791295639756995,0.0008805072667696888,0.00220549505240439,2.151821581969257e-06,0.0007609262950229469,0.13628302135260817,1.5822435669212464e-11,9.743514905878218e-13,103.53550808022064,0.001959347582035006,0.050384458393928085,3.182869631267689e-07,1.6788930409697063e-07,5.52009796932517e-13,0.00042478173081318443,0.03511809481766844,22574642.901780132,9746938.31909644,0.6394384478071358,1.6596113558615173,0.22922418080280063,0.1800000050763839,0.40539733737157047,1.2223186597199107,-127.02092336967412,107.99612628395322,107.90299180345534,1.0876945299654823,2.4725880154423256,-126.93953535120954,130.30418218919553,0.006987534325900155,71.81644276094399,0.6707171081197665,2.2943201196993637,0.1782678957429615,26.86235924692184,15.952690634673054,9.334421792169799,0.007533737728974121,0.004352722524121545,0.005058037356842886,101.26091761341739,0.5376376898641733,1.4901052482133669e-08,1.583829679900281e-08,130.13007347814414,1.295879667669087,1.0656464203985592,0.977363350851771
icp_design_054__scen_3,icp_design_054,test_id,3,ood_nonlin,PI,L,1.356e7,2.0e6,153.56537254830934,51.01920487082918,-113.63495497991511,50.0,50.0,2.433309225807945e-07,9.873134189713173e-11,2.8018193127693383e-10,1.2880570987567065e-07,1.890753427389283e-09,4.124229235031685e-10,2.420113167166057e-10,1.074123821552915,2.775595573699805,0.08,3.1e-07,8e-11,1.0e5,1.0e6,2.5e-09,1.2e-06,ood_nonlin,0.8839373552451802,1.1747330125170414,1.2328215282522272,0.14417716625245242,1.3666913600520332,1.5475080962512562,PI,PI,0.010972273248596854,0.01227640902388551,0.0008602922392549738,0.00015429451833695438,4.901797994362863e-06,0.0020548142981635462,0.3114268040735341,4.043892648889304e-11,2.1922420829403797e-12,81.34677298203876,0.0010335897857751348,0.1374090638582183,1.8368145203330399e-06,6.218396182313411e-08,5.510073321994118e-13,0.00028337591522060936,0.2020047752298669,22574642.901780132,9746938.31909644,0.3750172517889189,1.5008387176773108,0.4330889205007764,0.1800001123507163,0.2599656795615512,1.0907411587989295,-130.51967685795032,107.73252275011644,107.6351722669303,0.5551758359186092,4.814318229302049,-129.8940643060054,133.40328548952652,0.014215047324265585,81.48701543269458,0.34302340300712086,4.386289972167908,0.4280282571341418,23.103436286215427,14.69218273622333,8.49531598558679,0.0157667307302596,0.008771129467485416,0.009159966623881341,115.19528086333817,0.2775408523099865,1.0699755863597566e-07,1.1638832978196451e-07,132.83250085325005,0.8839373552451802,1.1747330125170414,1.2328215282522272
icp_design_055__scen_0,icp_design_055,test_id,0,nominal,PI,PI,1.356e7,2.0e6,305.90132041974533,136.75080051520555,-140.28726767877492,50.0,50.0,5.81331150561911e-08,2.9484215453118414e-10,1.233586362920862e-10,6.641922101659159e-07,9.071504143145e-11,7.448456958896453e-11,3.673307885750282e-09,2.9245216417697733,3.522444660873019,0.08,3.1e-07,8e-11,1.0e5,1.0e6,2.5e-09,1.2e-06,nominal,1.164341636730167,1.0874138979506875,0.9273614403848068,-0.03100842002030028,0.9003061354797722,1.0041030529036925,L,PI,0.004076932001600362,0.011205396378296479,0.0003273193383716372,0.00046034987589052074,1.4514175414086286e-06,0.0007838492636915501,0.13876270181578101,1.9923261098942032e-11,5.419638414427068e-12,64.38926041255233,0.007255557673323683,0.08560995581753725,7.406916474349175e-07,1.1013779530198506e-07,2.4454519339161057e-12,0.0004129842080050385,0.10261279888412934,33410787.023433864,14415980.856625212,0.9332538866225366,1.9939704954797108,0.2007962800651716,0.18000000000518435,0.6595157197308839,1.4977126646486638,-152.98840996622368,148.73993092349687,148.61062240577226,3.0358700356448702,-5.389129284540894,-156.25802228091337,173.757575040205,0.024259594322823794,140.48164935296504,1.814385388114519,-5.877732879972027,0.4886035954311325,87.07267203705509,45.71907794750989,30.664846564492972,0.024179452618484663,0.01660012218224484,0.020142689346466194,198.10566736588495,1.5636540114840427,8.185529593231586e-08,9.01166563306151e-08,165.40183787041533,1.164341636730167,1.0874138979506875,0.9273614403848068
icp_design_055__scen_1,icp_design_055,test_id,1,nominal,PI,PI,1.356e7,2.0e6,305.90132041974533,136.75080051520555,-140.28726767877492,50.0,50.0,5.81331150561911e-08,2.9484215453118414e-10,1.233586362920862e-10,6.641922101659159e-07,9.071504143145e-11,7.448456958896453e-11,3.673307885750282e-09,2.9245216417697733,3.522444660873019,0.08,3.1e-07,8e-11,1.0e5,1.0e6,2.5e-09,1.2e-06,nominal,1.0347484094350825,1.077394283703003,1.0473253948683756,-0.00590254234446939,1.1149311217209152,1.0720717726856273,L,PI,0.007521802538291269,0.00592495311425603,0.00024054604263270255,0.0035750835418993515,1.4000249616922071e-06,0.002117601998234915,0.12241711440908762,2.5998050191867383e-11,5.287386961939086e-12,106.60697953977997,0.0010018428166056902,0.1467999722116208,2.6576738347355125e-07,3.039784058562516e-07,4.009441415531345e-12,0.0005120149186366151,0.19357385823973786,33410787.023433864,14415980.856625212,0.907674561302612,1.9787380038332374,0.20112805209998583,0.18000000000762612,0.6454470908049253,1.477452804137447,-154.63143628678998,148.93375899098288,148.80222678965265,3.159064879367157,-7.307944244035456,-157.6252284702267,175.14405970635937,0.029412216499591855,140.51124917221566,1.8909834382739865,-8.054740497507623,0.7467962534721676,86.33835855108686,45.9995246196301,30.567849948765073,0.028904311740689397,0.020394307597400366,0.024308162052402243,198.14583532799392,1.6217394645061676,4.569437090805535e-08,5.1116900707054104e-08,166.82513339415272,1.0347484094350825,1.077394283703003,1.0473253948683756
icp_design_055__scen_2,icp_design_055,test_id,2,shifted_surface,PI,PI,1.356e7,2.0e6,305.90132041974533,136.75080051520555,-140.28726767877492,50.0,50.0,5.81331150561911e-08,2.9484215453118414e-10,1.233586362920862e-10,6.641922101659159e-07,9.071504143145e-11,7.448456958896453e-11,3.673307885750282e-09,2.9245216417697733,3.522444660873019,0.08,3.1e-07,8e-11,1.0e5,1.0e6,2.5e-09,1.2e-06,shifted_surface,1.1256019779737287,1.0258655590214556,1.1171650671183735,-0.02407422786779266,1.1339959369449648,1.2890589489511708,L,L,0.0075951284922507615,0.011129164502728143,0.000971220210185786,0.00042552846672155056,1.1083581486655052e-06,0.0030627525860222413,0.4846442854705076,6.087177284496358e-11,2.963125437771546e-12,57.965341114365614,0.006482843234433901,0.0075876682776152655,1.233997241119518e-07,2.0655258042625831e-07,5.102723640541411e-12,0.0007758795429231297,0.1803242907946759,33410787.023433864,14415980.856625212,0.9261232787064398,1.9897400670229815,0.20087832502725125,0.18000000000520666,0.6555938853770306,1.479567074590268,-155.5879604379537,149.8106611425653,149.67875126151475,3.9731614230043037,4.471374899928074,-158.60839907932302,176.04548301719913,0.06285197053573183,140.48896803137598,2.378836484585773,3.0086702833079544,1.4627046166201199,86.41493804189118,46.140646957984664,30.675244284621904,0.06366691407291478,0.042330117612664274,0.05157061233566954,198.11556873668215,2.046019359103932,3.6824941000640406e-09,3.99396866893405e-09,167.83652847091994,1.1256019779737287,1.0258655590214556,1.1171650671183735
icp_design_055__scen_3,icp_design_055,test_id,3,ood_nonlin,PI,PI,1.356e7,2.0e6,305.90132041974533,136.75080051520555,-140.28726767877492,50.0,50.0,5.81331150561911e-08,2.9484215453118414e-10,1.233586362920862e-10,6.641922101659159e-07,9.071504143145e-11,7.448456958896453e-11,3.673307885750282e-09,2.9245216417697733,3.522444660873019,0.08,3.1e-07,8e-11,1.0e5,1.0e6,2.5e-09,1.2e-06,ood_nonlin,0.7373049973507828,0.982675304834164,1.1098079324470098,0.01688245056278582,1.414314717179472,1.4876742423265943,PI,PI,0.013581565796953078,0.019185162961498345,0.0006059229980778707,0.00028864595441727907,4.066460780845385e-07,0.0018132189839114047,0.5702359233665104,1.0916125285892401e-11,2.2261946745525793e-11,113.8079827784557,0.0060989921554579895,0.02782908979133097,1.0839814586626917e-06,1.0675988876828918e-07,1.8544194209838226e-12,0.0002972927995793641,0.24537543279810997,33410787.023433864,14415980.856625212,0.8850130042166606,1.9651116812887304,0.2016708744411448,0.1800000000107436,0.632983234407652,1.4629157753500013,-155.48719712141656,149.0407782568263,148.90071095964925,10.909933069196695,-31.573171487632976,-158.28395812215223,175.91542834822638,0.026124821083871003,140.56057189206706,6.541259544909859,-32.17262107833694,0.5994495907039546,85.99363572847362,46.998656456212146,30.51101688118558,0.022538985584788344,0.020039464413287102,0.02158033222950953,198.21464403031507,5.586237394869967,3.0468717571224315e-08,3.7445675558574046e-08,167.68368941339466,0.7373049973507828,0.982675304834164,1.1098079324470098
icp_design_056__scen_0,icp_design_056,test_id,0,nominal,PI,L,1.356e7,2.0e6,280.4887055150805,236.8242296600882,-190.03184741550288,50.0,50.0,1.0273261462002073e-06,1.1126176427683912e-09,9.958271391249085e-11,1.5347217433305066e-06,3.0352139596841794e-10,4.983871176039923e-11,2.5257737555161152e-08,3.6462638657179345,1.4658654869232648,0.08,3.1e-07,8e-11,1.0e5,1.0e6,2.5e-09,1.2e-06,nominal,1.1235449325967657,1.0101427866279638,0.9908444618723643,0.03636101539462162,1.0052695053900536,1.026545946220894,PI,L,0.006014557819447813,0.007139924444586904,0.00036232046726021236,0.000790517316314954,4.816446427004078e-07,0.0011403800452813625,0.338800670543314,3.1845513259825444e-11,9.297513638288374e-12,116.56067425496502,0.0009664716872569435,0.045437387075316846,1.0651019740223379e-06,9.370225719116798e-08,6.058948259623787e-13,8.230616656293713e-05,0.13883708954418988,4504049.725087651,6888847.392339168,-1.137862905123533,1.215174570775251,0.20003536641641492,0.18002784679426861,-0.44351140453204646,0.8446479169390498,-203.6020999897307,183.20268568510065,183.0159691337441,8.12054678994879,-33.18033078003396,-196.8960160959333,247.7563863491271,0.06696274993151807,127.6527104975147,4.989417334470062,-34.111464787566014,0.9311340075320474,159.66374372210262,54.342240102765636,30.103638505176466,0.07573371388711975,0.045168524446516034,0.037764239138770805,178.61000686311675,4.2910640723894,3.6288109317270364e-08,4.488066758250807e-08,207.76446411648644,1.1235449325967657,1.0101427866279638,0.9908444618723643
icp_design_056__scen_1,icp_design_056,test_id,1,nominal,PI,L,1.356e7,2.0e6,280.4887055150805,236.8242296600882,-190.03184741550288,50.0,50.0,1.0273261462002073e-06,1.1126176427683912e-09,9.958271391249085e-11,1.5347217433305066e-06,3.0352139596841794e-10,4.983871176039923e-11,2.5257737555161152e-08,3.6462638657179345,1.4658654869232648,0.08,3.1e-07,8e-11,1.0e5,1.0e6,2.5e-09,1.2e-06,nominal,0.9571728018280063,1.064306370657679,0.9298065387330757,-0.1479891586066482,1.153078461858205,1.0586576738342193,PI,PI,0.0043183036118682174,0.008110159010171987,0.001255962624499145,0.00015851762383251226,6.455388696304401e-07,0.004270228865152648,0.2870120967382476,2.3779691896718918e-11,2.226895851908625e-12,66.05239604014625,0.0019229270575786305,0.04587529071621988,1.7051643972350084e-06,1.6962300757298635e-07,5.345391214817035e-12,0.00018575451163236576,0.18434856597092786,4504049.725087651,6888847.392339168,-0.9419913239361467,1.329742331555034,0.20071979067176082,0.18000391204480487,-0.335782034878984,0.9297283833360409,-202.76643121069714,184.95216823305168,184.77294013156526,6.195725139583106,-7.288953583837693,-197.2247265857469,245.9194101811144,0.04336830179943141,127.83585340418672,3.853316566034374,-8.6519637581455,1.3630101743078096,155.41350918259488,57.39149904319477,34.47693836537815,0.048472257693446,0.027559819008885565,0.025760076997571563,179.01696489688072,3.185961929651298,7.27299694087711e-08,8.193654891222558e-08,208.70302639438586,0.9571728018280063,1.064306370657679,0.9298065387330757
icp_design_056__scen_2,icp_design_056,test_id,2,shifted_surface,PI,L,1.356e7,2.0e6,280.4887055150805,236.8242296600882,-190.03184741550288,50.0,50.0,1.0273261462002073e-06,1.1126176427683912e-09,9.958271391249085e-11,1.5347217433305066e-06,3.0352139596841794e-10,4.983871176039923e-11,2.5257737555161152e-08,3.6462638657179345,1.4658654869232648,0.08,3.1e-07,8e-11,1.0e5,1.0e6,2.5e-09,1.2e-06,shifted_surface,1.0788739892539712,1.0092808892062324,1.1219626903615394,-0.05225462044553227,1.2880539373956186,1.2714816433834861,L,L,0.004462412040619468,0.010406737562158843,0.0006692330779159301,0.0008933027782591275,2.109256845061192e-06,0.002095781374006453,0.3296597846656758,1.412838633032867e-11,1.6988955244247037e-11,110.54174427754789,0.008912826320219459,0.046810120989925,1.400388924334934e-06,6.141651784440796e-07,2.7889457838529842e-12,0.0007196492423820695,0.0650013826434836,4504049.725087651,6888847.392339168,-1.0484779517589253,1.2686113948820894,0.2001368448441762,0.18001194429014003,-0.39434968018151223,0.8715642355347026,-205.3980768892814,185.63313374690367,185.45338274271495,1.8721170419885687,2.7568522114425376,-199.0096845856568,248.97994876402393,0.04560862544208334,127.71633228133201,1.1574128885600408,1.8725420316262316,0.884310179816306,157.94078928785706,56.90188480328151,31.9192664514083,0.04713812530896799,0.034782421236090814,0.02900510386255058,178.76392954657993,0.9747245598026771,4.475937909598986e-08,4.773207707140268e-08,210.3900615463131,1.0788739892539712,1.0092808892062324,1.1219626903615394
icp_design_056__scen_3,icp_design_056,test_id,3,ood_nonlin,PI,L,1.356e7,2.0e6,280.4887055150805,236.8242296600882,-190.03184741550288,50.0,50.0,1.0273261462002073e-06,1.1126176427683912e-09,9.958271391249085e-11,1.5347217433305066e-06,3.0352139596841794e-10,4.983871176039923e-11,2.5257737555161152e-08,3.6462638657179345,1.4658654869232648,0.08,3.1e-07,8e-11,1.0e5,1.0e6,2.5e-09,1.2e-06,ood_nonlin,0.9747198755191274,1.3521880708434406,1.0790260972053796,0.24641092618987806,1.6498588428115415,1.2782534833177859,PI,L,0.014541498801583952,0.02152471994310858,0.00025035166508578587,0.0005783227707357464,7.958066080788747e-07,0.003950926154665949,0.4056047172789871,3.205086807817305e-11,1.0462712645369222e-11,73.80999712499388,0.0013283553610835372,0.052826399539744176,2.4927175733479776e-06,1.7633879354576635e-07,1.7575834704120694e-12,0.0004742811110159702,0.19159025815103078,4504049.725087651,6888847.392339168,-1.3224155138243194,1.098868976744404,0.20000123047315357,0.18015495701558176,-0.545015339317479,0.7561794702908157,-204.80804864873167,182.86693608063854,182.68452310424442,4.785308324638009,-19.21709103012783,-196.96727548799382,250.73088768542365,0.06496888567753138,127.54784631999402,2.9017259545260004,-20.604732439620843,1.3876414094930107,164.76128766533176,57.58215504787092,26.1226148255011,0.0736741107723163,0.047482434363376264,0.03225588874522859,178.34817296241698,2.6015141841795555,7.750919003935317e-08,9.204868243575993e-08,208.483706497568,0.9747198755191274,1.3521880708434406,1.0790260972053796
icp_design_057__scen_0,icp_design_057,test_id,0,nominal,PI,L,1.356e7,2.0e6,321.2849230054662,222.5888739720017,-14.781298567865148,50.0,50.0,3.7048375146435296e-07,9.170675632866807e-11,1.2478345518826405e-10,2.555703999231087e-06,1.5024617797325215e-09,1.8114083510503328e-09,3.714171750201212e-09,1.2649109035278525,1.390153327828126,0.08,3.1e-07,8e-11,1.0e5,1.0e6,2.5e-09,1.2e-06,nominal,0.9817648593212708,0.9540996026759078,0.9947126370801505,0.1328434150895066,1.1232697023753684,0.9281596177941486,L,PI,0.005998283916354895,0.011503045478706028,0.00028443686445734566,0.0018423593594360846,2.863518172959222e-06,0.0040102166257175815,0.27425799666369577,3.8742816008091484e-11,8.92921115380558e-12,52.982013312270105,0.0024767783201927736,0.008264692849972846,4.479608067938256e-07,5.781810951392387e-07,5.32830010086711e-12,0.00027648844058622253,0.08135427095752082,21040479.696183294,2186216.743052065,0.31459313565526814,0.012336527519158164,0.48377207810784656,0.7644703705485134,0.2362717697867901,-0.001433775311595012,-20.963218031445777,87.6633965877522,87.63081857450257,2.0204949675337516,-1.4151956133922725,-76.69352072297329,174.70796994217426,0.0929893194060877,175.54769105249673,1.2502585172510736,-1.85738322276939,0.4421876093771166,196.57099836989886,62.48198818078569,19.930612690521418,0.11247397530552293,0.077995495772235,0.0308949474511404,248.26681014997774,0.9874184807492172,7.693384443479829e-09,8.160044707141893e-09,89.18991835913043,0.9817648593212708,0.9540996026759078,0.9947126370801505
icp_design_057__scen_1,icp_design_057,test_id,1,nominal,PI,L,1.356e7,2.0e6,321.2849230054662,222.5888739720017,-14.781298567865148,50.0,50.0,3.7048375146435296e-07,9.170675632866807e-11,1.2478345518826405e-10,2.555703999231087e-06,1.5024617797325215e-09,1.8114083510503328e-09,3.714171750201212e-09,1.2649109035278525,1.390153327828126,0.08,3.1e-07,8e-11,1.0e5,1.0e6,2.5e-09,1.2e-06,nominal,1.1971767985962147,0.9837127313586695,0.9270155573208066,0.028933313215020018,1.0213147677636483,1.0656277558878857,L,L,0.006240418960007747,0.004494658656137408,0.0004123300020146805,0.0013366626811368084,1.7588929167380113e-06,0.001994738408210757,0.23674709962328894,2.959981051128054e-11,5.800575673553016e-12,53.8897564333201,0.0011746887056923005,0.0032252374371352383,1.1233410177968366e-07,4.4639008872336154e-08,4.046626792773567e-12,0.0002078695677161722,0.17501341528843056,21040479.696183294,2186216.743052065,0.41080125696500674,0.07181432994098963,0.36935240666135755,0.8076420323692775,0.28918623650714637,0.04561645276443452,-20.03022935696587,88.94368993017795,88.90592748483387,3.0654722680164754,-3.4421242675920785,-80.45489977310217,176.05673573313237,0.0702440126438757,164.12803134274102,1.8992893684696357,-3.7341946915516604,0.29207042395958216,195.30705464990797,61.54739644602595,19.181180650759202,0.07881237982318398,0.058591956128148985,0.029512543990349183,231.86684398775455,1.5014012587811882,1.1358928742531837e-09,1.2270621596298419e-09,92.76437906230736,1.1971767985962147,0.9837127313586695,0.9270155573208066
icp_design_057__scen_2,icp_design_057,test_id,2,shifted_surface,PI,L,1.356e7,2.0e6,321.2849230054662,222.5888739720017,-14.781298567865148,50.0,50.0,3.7048375146435296e-07,9.170675632866807e-11,1.2478345518826405e-10,2.555703999231087e-06,1.5024617797325215e-09,1.8114083510503328e-09,3.714171750201212e-09,1.2649109035278525,1.390153327828126,0.08,3.1e-07,8e-11,1.0e5,1.0e6,2.5e-09,1.2e-06,shifted_surface,0.9893407606681547,1.1647782712264176,1.1929898040103097,0.07593323489507652,1.2935971482940283,1.2953325936739772,L,L,0.00837072380371376,0.007130561729805834,0.0018256989506925687,0.0009596007459404056,1.1673512158782268e-06,0.0034015043896767566,0.17991128457266492,2.3225381926805945e-11,1.2825010581113594e-11,88.3446298998779,0.000860402447842734,0.1606958752241776,6.70768502488961e-07,6.047910727602223e-08,3.5764015519576474e-12,0.00022555230060678505,0.10466885366254429,21040479.696183294,2186216.743052065,0.36613549388518235,0.04447278424657697,0.41890916789553095,0.8204987824574494,0.2646200668132429,0.005199431043185404,-21.33989790659509,90.39515685868761,90.34646023696465,4.7689981656822,28.635677344758346,-83.18314885800156,177.53571842472468,0.06729531510570516,169.06704901169087,2.9560235132113357,28.256946931330642,0.37873041342770924,194.3666168184877,63.50353776226627,20.61676907233325,0.07913655821430392,0.05980257019266405,0.024482540327152864,238.96902313679865,2.3405552979777964,1.0073297671289149e-07,1.2229479537625724e-07,95.88385641045481,0.9893407606681547,1.1647782712264176,1.1929898040103097
icp_design_057__scen_3,icp_design_057,test_id,3,ood_nonlin,PI,L,1.356e7,2.0e6,321.2849230054662,222.5888739720017,-14.781298567865148,50.0,50.0,3.7048375146435296e-07,9.170675632866807e-11,1.2478345518826405e-10,2.555703999231087e-06,1.5024617797325215e-09,1.8114083510503328e-09,3.714171750201212e-09,1.2649109035278525,1.390153327828126,0.08,3.1e-07,8e-11,1.0e5,1.0e6,2.5e-09,1.2e-06,ood_nonlin,0.8894444587659451,1.4044234364665547,1.1919746852732498,-0.14594072279812473,1.538752090518919,1.2011559326439043,PI,L,0.011518427268072952,0.011840755402802959,0.0010717891040516853,0.0019263357791254763,1.280009009124675e-06,0.0012025070196735148,0.5317758269401961,3.385064694572191e-11,2.4357540476279408e-12,119.35978548855124,0.0008840833971955757,0.1887901807475442,9.86557270587296e-07,7.484500941552881e-07,5.403662883856178e-12,0.00013381422320902497,0.2616303586106612,21040479.696183294,2186216.743052065,0.5970785807046186,0.18066316307580702,0.246326191213588,0.706737802739225,0.3916387645639329,0.10061390572261125,-23.06999983635496,87.06881030112153,87.03966895807409,3.8695732980468054,7.907224019838414,-72.11416786967419,173.47353563149704,0.07621336701479614,151.94317801403105,2.3882763077193956,7.772495289767967,0.13472873007044664,198.7644444494276,63.711958586542806,14.635693240751422,0.08529267364628555,0.06862052497072722,0.03240340159628838,214.3060095416646,1.9078596463962618,9.842090793164087e-08,1.0949120766928535e-07,84.85655958698275,0.8894444587659451,1.4044234364665547,1.1919746852732498
icp_design_058__scen_0,icp_design_058,test_id,0,nominal,PI,L,1.356e7,2.0e6,138.30778094206207,46.38072013200505,-78.2764888983687,50.0,50.0,5.668334526152259e-08,3.988096200944401e-10,2.428108181422416e-10,1.2086176642424004e-06,2.0800145095308022e-10,8.521489010667811e-11,5.0716982176839035e-09,0.3002539078595245,0.9748261583735426,0.08,3.1e-07,8e-11,1.0e5,1.0e6,2.5e-09,1.2e-06,nominal,0.9142417080478319,1.078946147438255,1.0772757203344112,-0.14885987516992502,1.118523681226095,0.9345549789067873,PI,PI,0.005275038335528239,0.00813339719406392,0.0006952379372890909,0.00025214656604684337,6.238354775949336e-07,0.0012659322530611187,0.5533430380360821,1.5450774534039083e-11,3.3772219020131536e-12,68.50667909525345,0.004172512388187532,0.08526919713697297,1.9442574157766364e-07,1.912078593580808e-07,4.641248291048991e-12,8.511364479142518e-05,0.17199722534410006,30586789.399562858,9100427.967376502,0.9746224191988948,1.608733492461064,0.20063332172663323,0.18000003890077343,0.5510550259523684,1.0886726950146688,-93.03085662766101,80.58671068990542,80.53468668804354,3.258658187408055,-2.9594483014626607,-92.45053990016105,96.49017603698032,0.0058225287671152415,63.49657506181658,1.9754315414320038,-3.109717591787699,0.15026929032503775,22.038957110373577,12.522730040714743,7.803893590093395,0.006222321314348798,0.0035742292773287745,0.00392146057982339,89.52236587603869,1.6403025586713185,2.0042782467075632e-08,2.149030699198708e-08,94.955085908304,0.9142417080478319,1.078946147438255,1.0772757203344112
icp_design_058__scen_1,icp_design_058,test_id,1,nominal,PI,L,1.356e7,2.0e6,138.30778094206207,46.38072013200505,-78.2764888983687,50.0,50.0,5.668334526152259e-08,3.988096200944401e-10,2.428108181422416e-10,1.2086176642424004e-06,2.0800145095308022e-10,8.521489010667811e-11,5.0716982176839035e-09,0.3002539078595245,0.9748261583735426,0.08,3.1e-07,8e-11,1.0e5,1.0e6,2.5e-09,1.2e-06,nominal,0.8850643942453296,1.0903666449884015,0.9017151046620502,-0.17121948555389688,0.9945833595409415,1.139728960959823,PI,L,0.002727849552567936,0.009189854297713693,0.0022974196233894405,0.000561459980885662,3.945735044677916e-06,0.0011310166606147193,0.36615251882925465,3.6550973129079666e-11,9.447533705264729e-13,102.12022628382513,0.0026031624651738686,0.029000348249382128,7.969890146095706e-07,9.226112187073385e-08,4.983056911657861e-12,0.0005284804049259033,0.13395774614013836,30586789.399562858,9100427.967376502,1.0012438325755177,1.6235746050880133,0.20042919986233076,0.1800000317616809,0.565696803309511,1.1131063231073224,-90.6263786052283,79.64662462010857,79.59587350023382,0.574206837754981,8.51370364424179,-90.1354636426701,94.23425960280889,0.012958262150318705,63.49040545034494,0.33741205595680074,8.327797604764541,0.18590603947724937,22.59510648346658,12.520492896659446,7.878493158117768,0.014141088130073969,0.007863461837257354,0.009120596732773658,89.5169146809606,0.31768853060367525,1.0157032629108924e-08,1.134249044202626e-08,92.639562222002,0.8850643942453296,1.0903666449884015,0.9017151046620502
icp_design_058__scen_2,icp_design_058,test_id,2,shifted_surface,PI,L,1.356e7,2.0e6,138.30778094206207,46.38072013200505,-78.2764888983687,50.0,50.0,5.668334526152259e-08,3.988096200944401e-10,2.428108181422416e-10,1.2086176642424004e-06,2.0800145095308022e-10,8.521489010667811e-11,5.0716982176839035e-09,0.3002539078595245,0.9748261583735426,0.08,3.1e-07,8e-11,1.0e5,1.0e6,2.5e-09,1.2e-06,shifted_surface,0.7731732292122385,1.3097751055199955,1.0175035817651443,0.03710347464798058,1.2664159571050069,1.0989302415962845,PI,PI,0.008756556169563983,0.010715492433160789,0.0006384956353677213,0.00013603832918811546,1.195067793422331e-06,0.0026590425707367126,0.24893895041383232,5.13928180961338e-11,1.4436963512184466e-11,115.59175800026952,0.005859687277394077,0.029319321230167682,1.5000374529784916e-07,2.2765547030210443e-07,3.790110817132173e-12,0.00041288192947626617,0.1948294871974194,30586789.399562858,9100427.967376502,0.7770122073021527,1.4931563592915618,0.2081942849358935,0.18000038276232605,0.44236940940916025,1.0125504728815589,-92.21221296911003,78.05805816488045,78.0082340464601,1.7321849068053934,-0.23520373399564773,-91.3746885047781,95.6474409469342,0.020883295357966847,63.793050703517885,1.0642000812717956,-0.568095199983338,0.3328914659876906,21.33232015711203,11.84532742034039,7.146028897923678,0.02288820619188318,0.013553039007137146,0.013489442294732262,89.91950396647533,0.8576714601845465,3.750249321052771e-09,3.892639263519893e-09,93.74375398884618,0.7731732292122385,1.3097751055199955,1.0175035817651443
icp_design_058__scen_3,icp_design_058,test_id,3,ood_nonlin,PI,L,1.356e7,2.0e6,138.30778094206207,46.38072013200505,-78.2764888983687,50.0,50.0,5.668334526152259e-08,3.988096200944401e-10,2.428108181422416e-10,1.2086176642424004e-06,2.0800145095308022e-10,8.521489010667811e-11,5.0716982176839035e-09,0.3002539078595245,0.9748261583735426,0.08,3.1e-07,8e-11,1.0e5,1.0e6,2.5e-09,1.2e-06,ood_nonlin,0.865661121283652,1.3457174476912357,0.8576209093197235,0.15794369057575217,1.5155620152559672,1.2643476870733648,PI,PI,0.006052208617810711,0.011184875930540928,0.0002490767746529655,0.00023898975076223978,1.4452915866437327e-06,0.0010520113312894144,0.49521321292065723,4.5419290579100055e-11,1.0479410655390682e-11,60.82497251097888,0.0031682916442768304,0.009479715641753622,8.268024412076793e-07,4.342075967422701e-07,1.5465370920994994e-12,0.0007412190136348049,0.1115658831908599,30586789.399562858,9100427.967376502,0.6667981627373979,1.4246334236464326,0.22658695110806878,0.18000136992767743,0.3817516848985451,0.977375031725602,-90.02244983396528,75.7833369500644,75.73592684175735,1.4591684682550956,-1.4585938158743672,-89.07081671182279,93.54570882673843,0.01781736688410142,64.55937248907884,0.901095890236678,-1.6779219152802152,0.21932809940584794,21.356565694177178,11.789905386431398,6.856151398528279,0.01998561847402506,0.011501954114618528,0.010903208239834272,91.0110680710184,0.718341749953753,6.366942776763528e-09,6.717737636150944e-09,91.42879778910907,0.865661121283652,1.3457174476912357,0.8576209093197235
icp_design_059__scen_0,icp_design_059,test_id,0,nominal,PI,PI,1.356e7,2.0e6,307.8646034706186,215.92879622750874,-54.97446189268344,50.0,50.0,1.7827383858173327e-06,1.6364715082104347e-10,2.358148113276667e-10,1.4831626960907526e-06,1.0609407343719227e-09,5.086134879286073e-10,9.156331996226001e-09,2.2907465809228427,2.852849539191038,0.08,3.1e-07,8e-11,1.0e5,1.0e6,2.5e-09,1.2e-06,nominal,1.1655698017639105,1.0000067758350002,0.9486767520203189,-0.1444164907804196,1.0806949960028454,1.1014790975122337,PI,L,0.004591894896216105,0.011495738562761613,0.0007928977481074702,0.000370557841015744,4.076380154013442e-06,0.0019953257303090364,0.512073784080135,1.542707450527408e-11,1.3095140745050802e-11,97.41860390797733,0.005915483156821171,0.02167441780128078,6.750324235224963e-07,2.7459799877904206e-07,4.478164327894479e-12,0.0006792428791544962,0.1183044765988675,7120937.942313958,3666269.8263861546,-0.4881132563968548,0.6966635732615539,0.3002574499798785,0.19773362098299785,-0.15392496197212804,0.554412838081014,-67.75219822172065,80.02033099997706,80.00344475333253,1.195495423838029,12.064038541994968,-60.99608779708112,158.81698931216715,0.045165242802122474,150.0324146385606,0.7475725745439177,11.779075023024216,0.28496351897075034,187.41747942208033,52.93126857092033,14.30954824867714,0.05417915499957109,0.035856510883085044,0.009755424035808966,210.89973981799338,0.6003631150700299,1.270397356922762e-08,1.4468978532079164e-08,71.58234151126518,1.1655698017639105,1.0000067758350002,0.9486767520203189
icp_design_059__scen_1,icp_design_059,test_id,1,nominal,PI,PI,1.356e7,2.0e6,307.8646034706186,215.92879622750874,-54.97446189268344,50.0,50.0,1.7827383858173327e-06,1.6364715082104347e-10,2.358148113276667e-10,1.4831626960907526e-06,1.0609407343719227e-09,5.086134879286073e-10,9.156331996226001e-09,2.2907465809228427,2.852849539191038,0.08,3.1e-07,8e-11,1.0e5,1.0e6,2.5e-09,1.2e-06,nominal,0.8986808761915885,0.9612316182749718,0.9655570773755104,0.14420574115050847,0.9650157052812426,1.1111265831782624,PI,L,0.007212048083720928,0.004554745390967072,0.0005664264948761612,0.00017403823106259064,3.729067434620105e-06,0.0042370787810337976,0.46214638113930306,1.0166341957678464e-11,1.7180376396351429e-12,78.25332816874659,0.0011617137232692637,0.15278627587661506,1.3072453366474151e-06,5.099703305779622e-07,1.1583667160503139e-12,0.0007515556757858077,0.08365989867371583,7120937.942313958,3666269.8263861546,-0.7787955527441004,0.5230444698862471,0.20657888922023204,0.248443047531755,-0.3138002249631131,0.431529039689884,-67.35283506196808,79.04093487368193,79.02048100846264,1.1886377585464,5.711454884052408,-65.55759207381563,162.70117561072627,0.0215873336109771,140.89717847957033,0.7403236875297625,5.1430946838372265,0.5683602002151814,189.7899297199541,51.88224061235664,7.658433862263032,0.027125769476302387,0.015673334271143657,0.002626242165495237,197.37296849899965,0.6088759285351986,1.2521732837038183e-07,1.3718742896383608e-07,75.93404019628696,0.8986808761915885,0.9612316182749718,0.9655570773755104
icp_design_059__scen_2,icp_design_059,test_id,2,shifted_surface,PI,PI,1.356e7,2.0e6,307.8646034706186,215.92879622750874,-54.97446189268344,50.0,50.0,1.7827383858173327e-06,1.6364715082104347e-10,2.358148113276667e-10,1.4831626960907526e-06,1.0609407343719227e-09,5.086134879286073e-10,9.156331996226001e-09,2.2907465809228427,2.852849539191038,0.08,3.1e-07,8e-11,1.0e5,1.0e6,2.5e-09,1.2e-06,shifted_surface,1.233276695426832,1.0407151729008777,1.0528024846693793,-0.07005716339582747,1.1068592200793272,1.266960920256894,L,L,0.005630229749891524,0.012676196163244684,0.0006056920851391416,0.0025273545432241314,8.321683366316653e-07,0.0013363357543645271,0.1230663515449264,1.2242102677786275e-11,1.652969236282382e-11,109.623799714562,0.0014770314612386412,0.0035953838070678203,4.11458525547723e-07,2.8657766223662533e-07,3.5695048635511996e-12,0.00015877753013060858,0.19128813069971937,7120937.942313958,3666269.8263861546,-0.5714526715524282,0.6489708719071637,0.24757154964682676,0.20670241601011038,-0.19976164030769336,0.512697888521016,-69.03380638771213,80.41457083826431,80.39407131205473,5.587649935679854,-15.140777498680876,-63.0183616365132,160.9829418525498,0.04485802886350745,144.94847090427314,3.497057891859894,-15.345847437381387,0.20506993870050894,189.0379959545749,53.424819765629856,12.19541958962542,0.05293712461804371,0.037704261771574064,0.00919239053527386,203.4485247815577,2.8023466628565905,2.5027989391798003e-09,2.8975869547896615e-09,73.70332558963918,1.233276695426832,1.0407151729008777,1.0528024846693793
icp_design_059__scen_3,icp_design_059,test_id,3,ood_nonlin,PI,PI,1.356e7,2.0e6,307.8646034706186,215.92879622750874,-54.97446189268344,50.0,50.0,1.7827383858173327e-06,1.6364715082104347e-10,2.358148113276667e-10,1.4831626960907526e-06,1.0609407343719227e-09,5.086134879286073e-10,9.156331996226001e-09,2.2907465809228427,2.852849539191038,0.08,3.1e-07,8e-11,1.0e5,1.0e6,2.5e-09,1.2e-06,ood_nonlin,0.8669066327248788,1.085658044806639,1.260578396468417,0.21415502066371822,1.5485913725301017,1.266912894265592,L,L,0.008050948605519343,0.015320305913961881,0.0007597066883081731,0.000862283771933183,9.294244494920513e-07,0.0010278679584064996,0.8209344497804385,2.720315814615341e-11,2.292221337394573e-12,72.22284976785372,0.004146341647271007,0.027123972842205683,7.812778653930561e-07,8.964109032436194e-07,4.372369879648659e-12,0.00025651328727915586,0.06390899597843505,7120937.942313958,3666269.8263861546,-0.8381332109001804,0.48514444322718725,0.2029501085360972,0.26732970488743646,-0.34643593694895713,0.3813973155011096,-70.83024358702126,81.96256544983419,81.93444312058736,4.722170006475333,-9.376637838897892,-70.85500641229758,166.86482142217787,0.05609388072800305,140.5097521338784,2.932792831028663,-9.552272401341568,0.1756345624436737,190.72652747320421,55.90342641407312,6.124761159440963,0.0696092548024125,0.04301672507304433,0.006054302593596892,196.7591484411271,2.433941711739591,2.4585888763389658e-08,2.7653184195992315e-08,82.0356916951122,0.8669066327248788,1.085658044806639,1.260578396468417
icp_design_060__scen_0,icp_design_060,test_id,0,nominal,L,L,1.356e7,2.0e6,285.91476836169545,120.59786205348377,-162.78029490420556,50.0,50.0,1.4174903437289216e-06,1.0926205968807378e-09,3.1455630454773117e-10,2.1338015016460257e-06,9.516642229868958e-11,7.271225662945616e-10,9.58824883467946e-10,0.95073446199739,0.5927067897877423,0.08,3.1e-07,8e-11,1.0e5,1.0e6,2.5e-09,1.2e-06,nominal,0.8340356706494207,0.9218585900961763,1.0657424168751353,-0.03360272070520726,1.17281601245742,1.0405698941692954,L,L,0.005020589231470605,0.0074931193695677144,0.000509111032691416,0.00023440746853166123,1.9583064024624886e-06,0.0027896395404339277,0.3269500230559982,4.824201154939249e-11,7.885724560403722e-12,93.40640418403018,0.0007662935174770887,0.005641169776274336,4.195979523426804e-07,8.940003675949057e-08,2.2753250666139744e-12,0.0007647784304933089,0.20163672637381663,3849337.8594579943,6042217.4446176775,-1.2250428664551496,1.1259915425687752,0.20001009117747973,0.18013227991152203,-0.6262368534504628,0.7325700259375189,-177.374898548926,137.4140833969193,137.26571688007988,1.930925342537699,-1.0814777319186981,-173.27184833272972,190.55344119007304,0.04273508604675432,129.9460771933257,1.157318108936127,-1.9503561305804926,0.8688783986617942,67.36549694198527,25.27503654314869,12.574277060971044,0.051323308401142125,0.027554699717583668,0.018323656149687523,181.62834787409648,1.0751184848513002,3.2017748612536443e-09,3.4168134418720714e-09,178.32685564135946,0.8340356706494207,0.9218585900961763,1.0657424168751353
icp_design_060__scen_1,icp_design_060,test_id,1,nominal,L,L,1.356e7,2.0e6,285.91476836169545,120.59786205348377,-162.78029490420556,50.0,50.0,1.4174903437289216e-06,1.0926205968807378e-09,3.1455630454773117e-10,2.1338015016460257e-06,9.516642229868958e-11,7.271225662945616e-10,9.58824883467946e-10,0.95073446199739,0.5927067897877423,0.08,3.1e-07,8e-11,1.0e5,1.0e6,2.5e-09,1.2e-06,nominal,0.9264868348657671,1.0120402883080792,1.040846923185665,-0.0840785096457108,0.9467047088691316,0.9446937327871769,L,L,0.007236953239852467,0.005439770765048608,0.002172535309735686,0.000472471490561335,2.7400561495379963e-06,0.0017763801726112527,0.30326817636503045,2.3048329118054156e-11,2.4191721052511676e-12,107.08135115371012,0.0009257256506477754,0.14510510353408096,7.198972761861192e-07,5.291884212495557e-07,1.9730618300735417e-12,0.0006439997294286195,0.08570655973243131,3849337.8594579943,6042217.4446176775,-1.1713985063585013,1.1573879334478265,0.20002611516782423,0.1800837398012046,-0.5967324553973063,0.7565391390480125,-177.0346187121317,137.6071702727157,137.45048032818312,1.442312486137651,29.708134862292873,-173.07580443726232,190.0656288377372,0.023097981860861976,129.97142964012838,0.8680153612524628,29.192218216693036,0.5159166455998384,66.7845679824977,24.732139468565375,13.01574283807226,0.027743794241793268,0.014413411194583246,0.01029489217160382,181.68821652996638,0.8275183275499068,8.788406507769634e-08,1.0704460848007546e-07,178.02223233097538,0.9264868348657671,1.0120402883080792,1.040846923185665
icp_design_060__scen_2,icp_design_060,test_id,2,shifted_surface,L,L,1.356e7,2.0e6,285.91476836169545,120.59786205348377,-162.78029490420556,50.0,50.0,1.4174903437289216e-06,1.0926205968807378e-09,3.1455630454773117e-10,2.1338015016460257e-06,9.516642229868958e-11,7.271225662945616e-10,9.58824883467946e-10,0.95073446199739,0.5927067897877423,0.08,3.1e-07,8e-11,1.0e5,1.0e6,2.5e-09,1.2e-06,shifted_surface,1.2550945449487518,1.3374051070307562,1.1239841636091636,0.16107904890004782,1.168449170681598,1.1954180784181547,PI,PI,0.007365798954237878,0.00851436098843918,0.00035904088288934803,0.003442934556995097,3.1960745266082627e-06,0.0011268040244441268,0.37838427642456385,6.570560417537407e-11,1.8535344406874122e-11,56.92475083775655,0.00205500693310443,0.01821842917884757,3.0844829536859787e-07,2.17417178792518e-07,1.9947125632573117e-12,0.00032313157923213886,0.1901384552562335,3849337.8594579943,6042217.4446176775,-1.4085729208657867,1.0133661562845486,0.20000025774917202,0.1805546744193193,-0.7271783833763132,0.6490729157998381,-178.16640190962676,136.5043885404707,136.35583813703158,1.1425505052886735,0.21044706294286544,-173.68226357492765,191.5453330629202,0.05967612626486918,129.87694075261697,0.6742664703389848,-0.47833290136786705,0.6887799643107325,68.51609966775787,24.240019680893,11.060440389933264,0.07283504951669091,0.039296595333092495,0.021855620852851386,181.46925963124121,0.6601754321874594,1.3392398596367431e-08,1.3971126984923956e-08,178.53026751110625,1.2550945449487518,1.3374051070307562,1.1239841636091636
icp_design_060__scen_3,icp_design_060,test_id,3,ood_nonlin,L,L,1.356e7,2.0e6,285.91476836169545,120.59786205348377,-162.78029490420556,50.0,50.0,1.4174903437289216e-06,1.0926205968807378e-09,3.1455630454773117e-10,2.1338015016460257e-06,9.516642229868958e-11,7.271225662945616e-10,9.58824883467946e-10,0.95073446199739,0.5927067897877423,0.08,3.1e-07,8e-11,1.0e5,1.0e6,2.5e-09,1.2e-06,ood_nonlin,0.7252439904809876,0.8851838052445579,1.3397783632075368,0.2073068427275105,1.2638589161583844,1.5052548802172563,L,PI,0.014233574853791654,0.019300046178143414,0.0006532313463088104,0.0013799578559209945,1.6009491891388452e-06,0.0006800325860771657,0.25147114503233303,3.867683595612659e-11,5.724899348795123e-12,39.424551814874796,0.0010673979954941865,0.007499704949147972,1.542426724306639e-06,1.6646967495392365e-07,3.5733828150758157e-12,0.00026667582690512756,0.1962475782207948,3849337.8594579943,6042217.4446176775,-1.4476152626939502,0.9883884665165356,0.2000001239112142,0.180762996769052,-0.7486516713818032,0.6143249969943589,-181.11681461069762,138.79956470585114,138.6471423207589,2.2642933150161904,-1.6654523239760048,-176.48907649679552,194.39990187253315,0.03418762714278901,129.86526108662142,1.330953162346017,-2.05203024414376,0.3865779201677546,68.52443135045131,24.175435207888953,10.671809860409956,0.04194008821284287,0.022541888325506274,0.01163876115742779,181.44400653203962,1.3188387834132143,1.6380006988349486e-08,1.740317059905503e-08,181.3241635383733,0.7252439904809876,0.8851838052445579,1.3397783632075368
icp_design_061__scen_0,icp_design_061,test_id,0,nominal,L,L,1.356e7,2.0e6,362.6766027012686,23.798231856646215,-57.36508599414018,50.0,50.0,8.861309245827146e-07,1.244935905169857e-10,1.4183193163230573e-10,1.4784920904494145e-06,2.8414065629630795e-11,2.7841764838159443e-11,2.3394725705524865e-10,1.8311495990660909,0.6511851843816947,0.08,3.1e-07,8e-11,1.0e5,1.0e6,2.5e-09,1.2e-06,nominal,0.8941506015603881,0.9390387683833161,0.9438170679124737,0.15743445556628669,1.0371566649217538,0.9892183664638227,PI,L,0.003202200290866601,0.009165340080702598,0.0007115009698512399,0.0003097498691004645,4.737271498554754e-06,0.0015647461762983437,0.41214185287800503,9.90394097014134e-12,1.1073268696943941e-11,71.7587380787288,0.0013558935164821168,0.07988058814036009,7.233637164575835e-07,5.8722965506579735e-08,2.41879050537879e-12,3.873412497112163e-05,0.058413384837765724,11847091.574989846,18549758.621947348,-0.2812477612796336,2.137047889944778,0.5105994515335036,0.1800000000000579,-0.06312878875049394,1.4529874167474313,-70.29160455626872,79.88499815347086,79.85413391004565,1.3972190393111752,19.60647453466741,-70.74872326871464,72.00153294738607,0.003732409150988153,200.66405322934617,0.8660721466581961,19.494007432001265,0.11246710266614632,17.50764640957242,9.266510055943607,5.285214267781047,0.0035561707928218216,0.002410699806312914,0.002878847582346074,283.1331472998217,0.694520996281546,2.9475439215377567e-08,3.4696034555899094e-08,72.60202527990336,0.8941506015603881,0.9390387683833161,0.9438170679124737
icp_design_061__scen_1,icp_design_061,test_id,1,nominal,L,L,1.356e7,2.0e6,362.6766027012686,23.798231856646215,-57.36508599414018,50.0,50.0,8.861309245827146e-07,1.244935905169857e-10,1.4183193163230573e-10,1.4784920904494145e-06,2.8414065629630795e-11,2.7841764838159443e-11,2.3394725705524865e-10,1.8311495990660909,0.6511851843816947,0.08,3.1e-07,8e-11,1.0e5,1.0e6,2.5e-09,1.2e-06,nominal,0.9565557038731621,0.9401231474831846,1.012341908794274,0.05933832133222855,1.0097157016250267,0.9964737036989977,L,L,0.007048633642669166,0.006654755890307825,0.00046203452142731176,0.0034469021093573877,1.6026962981365182e-06,0.0030084430355681213,0.09913714474189983,3.5957144290404873e-11,2.1090291015411015e-12,73.73948123126324,0.007053277708225646,0.03209246617793969,1.2713739961469443e-06,3.9385431659299134e-07,1.3997812119603341e-12,0.0004030421229542892,0.12759012965733738,11847091.574989846,18549758.621947348,-0.19268636982140624,2.1923257373055773,0.6646680223861767,0.18000000000001257,-0.014420023448468905,1.486199922629447,-71.2301207769864,80.76603795610552,80.7368114753388,4.487172800104239,-9.467440702039486,-71.76418182342164,72.99514034930434,0.007671214169100232,218.28530115118986,2.7677817344422406,-9.690754900761336,0.2233141987218491,18.270036383745932,9.48407836814662,5.379769660764498,0.007458143674950769,0.0048427316882178216,0.0060503640085351005,308.49994289814276,2.1979743444775153,2.118118777172481e-08,2.384888337118524e-08,73.66099749705096,0.9565557038731621,0.9401231474831846,1.012341908794274
icp_design_061__scen_2,icp_design_061,test_id,2,shifted_surface,L,L,1.356e7,2.0e6,362.6766027012686,23.798231856646215,-57.36508599414018,50.0,50.0,8.861309245827146e-07,1.244935905169857e-10,1.4183193163230573e-10,1.4784920904494145e-06,2.8414065629630795e-11,2.7841764838159443e-11,2.3394725705524865e-10,1.8311495990660909,0.6511851843816947,0.08,3.1e-07,8e-11,1.0e5,1.0e6,2.5e-09,1.2e-06,shifted_surface,1.2431130032501836,1.0263192406673356,0.9703362343760402,-0.21750516607752624,1.3214036060029652,1.2696578045580365,PI,PI,0.008149831320805882,0.014734499344406826,0.0002975330206020181,0.0002394734336261943,5.203250655222116e-07,0.0010312710531563591,0.2077670262274466,1.2764938028729573e-11,6.817109936164458e-12,70.12543885955579,0.004187255377544869,0.03930032967800031,4.501392118568495e-07,9.914678246352266e-08,2.295026832056451e-12,0.00019987045414826695,0.17654818390612376,11847091.574989846,18549758.621947348,0.11022607684028475,2.367150106169906,0.7096377928467454,0.18000000000000008,0.15218182221546117,1.6119374347879354,-70.65481106015443,82.61329659782457,82.56176604630751,14.241843222513095,-82.95666767968702,-71.49086718315989,72.73866611275291,0.0035338391415006406,223.75609304484186,8.76647844927217,-83.0400083901017,0.08334071041468864,20.639319789120826,10.336381457576303,5.669928023025388,0.003212287276076277,0.0023622914942902974,0.0028149909244168697,316.77223969170575,6.9607477418853545,2.0605452904511925e-08,2.8120014912789985e-08,73.55814347467515,1.2431130032501836,1.0263192406673356,0.9703362343760402
icp_design_061__scen_3,icp_design_061,test_id,3,ood_nonlin,L,L,1.356e7,2.0e6,362.6766027012686,23.798231856646215,-57.36508599414018,50.0,50.0,8.861309245827146e-07,1.244935905169857e-10,1.4183193163230573e-10,1.4784920904494145e-06,2.8414065629630795e-11,2.7841764838159443e-11,2.3394725705524865e-10,1.8311495990660909,0.6511851843816947,0.08,3.1e-07,8e-11,1.0e5,1.0e6,2.5e-09,1.2e-06,ood_nonlin,1.2977085435560036,1.3807543751260376,1.0503357191696205,-0.07291034334029953,1.26455440787241,1.206019556331835,PI,PI,0.0107640582759447,0.012592818651394205,0.003141117912048429,0.0032303314869908525,3.1758320675339947e-06,0.002300722339071514,0.5076038771268518,1.822607574914747e-11,8.080508239402143e-12,105.53217995002537,0.006330965583470058,0.11349211779682107,2.3968342743633162e-06,5.715072020233389e-07,1.4668482010623507e-12,0.0007879553008282544,0.1258593938482739,11847091.574989846,18549758.621947348,-0.05933688067303155,2.2720415223868287,0.7432250307540271,0.18000000000000116,0.05892219558313719,1.538961467356295,-71.7504840038873,81.87900471336097,81.8082899046632,2.649129667757719,145.5487022100504,-72.40937521223812,73.63675507375282,0.005267700983710325,227.40740187347293,1.591562643491018,145.40551248687305,0.14318972317732806,19.418821251727245,9.975175771150196,5.532848416561455,0.0050500920567651585,0.0035329516287801507,0.00425207660464512,321.7343293119982,1.4603096923333794,4.3755230744273713e-08,6.487037916474973e-08,74.40441036646816,1.2977085435560036,1.3807543751260376,1.0503357191696205
icp_design_062__scen_0,icp_design_062,test_id,0,nominal,PI,PI,1.356e7,2.0e6,244.6583719648276,202.8146799771146,-81.26123747212623,50.0,50.0,8.279320901405626e-08,7.54231401099544e-11,9.666387017374459e-11,6.187671417535249e-07,3.342735092702531e-11,8.050627839955288e-11,2.2556104026660217e-09,3.426937637486193,2.3484880942499524,0.08,3.1e-07,8e-11,1.0e5,1.0e6,2.5e-09,1.2e-06,nominal,0.8706312128006225,0.9663542071105383,1.0960137972360016,-0.018931156550712834,1.1816230531308558,0.9347268209447269,PI,PI,0.0038517445253670973,0.005175781725129452,0.000351994452808757,0.0020842142900592306,1.6793806139813868e-06,0.0007240491485776289,0.2793614801454385,1.889138255552039e-11,2.2094576127646586e-11,78.06482465620014,0.0007260227103478203,0.1434007785349661,7.728322161936454e-07,1.1396877826213213e-07,2.824908526842286e-12,0.000738063597927262,0.1526003052048831,42057999.56950585,19787757.342344746,1.1510379703489366,2.3033399464544844,0.20002892322403995,0.180000000000001,0.8044177655662249,1.6420812634517565,-96.27224243907048,147.28588064120703,147.22025664344002,2.019724790916208,-2.105775346690857,-104.05923472962199,154.22132463648558,0.059261334378132656,112.28745966048307,1.183328899685819,-2.384236464543903,0.27846111785304517,138.1758677902098,71.8108080835824,53.075794957257855,0.051733102571912416,0.04648518236830904,0.05079941386930975,158.33697104223364,1.084087421381868,9.737333608657117e-08,1.0372900057375818e-07,118.42139634633847,0.8706312128006225,0.9663542071105383,1.0960137972360016
icp_design_062__scen_1,icp_design_062,test_id,1,nominal,PI,PI,1.356e7,2.0e6,244.6583719648276,202.8146799771146,-81.26123747212623,50.0,50.0,8.279320901405626e-08,7.54231401099544e-11,9.666387017374459e-11,6.187671417535249e-07,3.342735092702531e-11,8.050627839955288e-11,2.2556104026660217e-09,3.426937637486193,2.3484880942499524,0.08,3.1e-07,8e-11,1.0e5,1.0e6,2.5e-09,1.2e-06,nominal,0.9641465626058116,0.9151789684118398,0.9108674031106415,-0.013049531511754763,0.9572496258089538,0.9301103789849906,L,PI,0.007295451775546747,0.007322841010748407,0.0007468235462019568,0.003554656717656066,4.899659005076753e-07,0.0013665706590752216,0.28218903969320036,2.334439375975114e-11,1.1956164492516417e-12,98.60300807813299,0.000556515327512119,0.031769304318207243,3.6593653040258874e-07,1.1385648040043012e-07,5.007277919276458e-12,0.00045369986591264883,0.14699098312253975,42057999.56950585,19787757.342344746,1.1450607499889338,2.299776781961766,0.20002918872656933,0.1800000000000011,0.8011302943682234,1.6543987598368826,-93.73647742512956,147.1368453745237,147.07019965948382,6.938254709125896,-13.630048499126042,-101.78367100630757,152.43900721498176,0.0439034161107047,112.28824959507361,4.06303230866198,-13.963254216806924,0.33320571768087653,138.57554950264856,70.94584059013066,52.74388702867368,0.04121145436328138,0.03203899932192342,0.03835410370933834,158.33890057563863,3.7181433988216415,1.1743524687985405e-08,1.3519646354708759e-08,115.9728391243337,0.9641465626058116,0.9151789684118398,0.9108674031106415
icp_design_062__scen_2,icp_design_062,test_id,2,shifted_surface,PI,PI,1.356e7,2.0e6,244.6583719648276,202.8146799771146,-81.26123747212623,50.0,50.0,8.279320901405626e-08,7.54231401099544e-11,9.666387017374459e-11,6.187671417535249e-07,3.342735092702531e-11,8.050627839955288e-11,2.2556104026660217e-09,3.426937637486193,2.3484880942499524,0.08,3.1e-07,8e-11,1.0e5,1.0e6,2.5e-09,1.2e-06,shifted_surface,0.8468128090752994,1.0737403795313765,1.0500870015993162,-0.18937479413335184,1.1088444734319536,1.2132926923093423,L,PI,0.007047636378609097,0.010959501237309117,0.001943307317261216,0.0013348361949540224,4.994398969479614e-07,0.0008708546217214968,0.16693140316243943,3.972307723482932e-11,4.0604526100667925e-12,65.74456628509098,0.003272159834525448,0.00728505472747007,2.2835926342605573e-07,6.339798054886171e-08,3.6344418980647066e-12,0.00018052296097568048,0.14174382155209556,42057999.56950585,19787757.342344746,1.3418747952295993,2.412531277865039,0.20000078152186404,0.18000000000000002,0.9093780192505894,1.7221893390900795,-95.64322904603046,154.05333312656128,153.98625173888323,6.561218563985185,1.7874108293397422,-105.12624276282355,155.44326831004255,0.07752655982189838,112.2483548403485,3.7866504820997138,1.3302900382263392,0.4571207911134043,141.38227070286084,73.71871080463933,54.269470658014846,0.07228516809602432,0.05752186606248204,0.0682666453501788,158.2398253252092,3.653968702055643,4.587351444512896e-09,4.832672145676133e-09,119.86998492375142,0.8468128090752994,1.0737403795313765,1.0500870015993162
icp_design_062__scen_3,icp_design_062,test_id,3,ood_nonlin,PI,PI,1.356e7,2.0e6,244.6583719648276,202.8146799771146,-81.26123747212623,50.0,50.0,8.279320901405626e-08,7.54231401099544e-11,9.666387017374459e-11,6.187671417535249e-07,3.342735092702531e-11,8.050627839955288e-11,2.2556104026660217e-09,3.426937637486193,2.3484880942499524,0.08,3.1e-07,8e-11,1.0e5,1.0e6,2.5e-09,1.2e-06,ood_nonlin,1.3468563278599128,0.9017078420265806,0.930430254476923,-0.25344295879335815,1.5139694868398095,1.3523227308624635,PI,PI,0.009376623175212376,0.019787326066901777,0.00029249593535499505,0.001992728461140911,3.6721719945088415e-06,0.0018526043065196474,0.45783736981425466,1.8704694998809865e-11,4.376880592780754e-12,74.87190274774017,0.0052720810704906754,0.035602256722998445,2.3675290423934504e-07,1.0893844081887311e-07,1.6802176462706198e-12,0.00041649282783350907,0.1783087562664217,42057999.56950585,19787757.342344746,1.4242085786713152,2.4568684612436993,0.20000015903644477,0.18,0.9546616001435331,1.7627979072249333,-94.00441023744216,157.34775513108676,157.28218005022921,0.8777952191572804,0.8993643559218062,-104.37716986465001,155.85268519211365,0.03942141991122179,112.22515106078622,0.5032662243413935,0.5154760728921259,0.3838882830296803,143.50194600271047,77.07936632943115,55.13356981489471,0.0356177495327967,0.03058943085658608,0.03437066305680305,158.17980288903144,0.49757496267223233,1.2511536376535135e-08,1.2986148109403532e-08,119.79304313053625,1.3468563278599128,0.9017078420265806,0.930430254476923
icp_design_063__scen_0,icp_design_063,test_id,0,nominal,L,PI,1.356e7,2.0e6,354.0692262860887,33.14320556685904,-91.67505614259053,50.0,50.0,2.920206210185319e-07,1.8145466300999668e-09,5.6305263771276305e-11,1.0902871073820677e-07,6.318341173670287e-10,2.5003778406228962e-11,1.1398267483587282e-08,2.225115894347532,3.701185934232559,0.08,3.1e-07,8e-11,1.0e5,1.0e6,2.5e-09,1.2e-06,nominal,0.890670012785656,1.0869528553292214,1.0021677328669625,0.025391795636566024,1.0081415969562706,0.9350458189219563,L,PI,0.0029848188999552537,0.004869320274564617,0.00037649875788891933,0.0001912760130745182,1.985472753591006e-06,0.001182362816785418,0.16662502839348367,2.6918451962359108e-11,1.2028225838398508e-12,78.72538249440599,0.001169468550091254,0.03981166903248158,2.9747570729543967e-07,8.171733175096213e-08,1.6773857913848947e-12,2.9110077800671522e-05,0.030728908237114116,6799920.552532131,18046609.882215884,-0.715288133050437,2.184690479409321,0.21335971819507518,0.18000000000002245,-0.2821526784603638,1.6341692136687955,-105.40074541193617,101.6723235432053,101.60269371973112,2.593100953514256,-4.9766565288501265,-106.65103371525397,108.23962460947357,0.008388607585141426,162.83220874977687,1.6181367876729595,-5.196878864527094,0.22022233567696858,30.487497956994964,14.554680224348521,7.609151380307817,0.008435611646558122,0.005804817012684472,0.006931789577509953,228.20025031624985,1.3187261284612253,1.2462379183385177e-08,1.3622610081356506e-08,109.56196976012367,0.890670012785656,1.0869528553292214,1.0021677328669625
icp_design_063__scen_1,icp_design_063,test_id,1,nominal,L,PI,1.356e7,2.0e6,354.0692262860887,33.14320556685904,-91.67505614259053,50.0,50.0,2.920206210185319e-07,1.8145466300999668e-09,5.6305263771276305e-11,1.0902871073820677e-07,6.318341173670287e-10,2.5003778406228962e-11,1.1398267483587282e-08,2.225115894347532,3.701185934232559,0.08,3.1e-07,8e-11,1.0e5,1.0e6,2.5e-09,1.2e-06,nominal,1.1155373651159413,1.0309652402556977,1.0537363397097341,0.07061682401991749,0.9456641207083694,0.9703085890665288,L,L,0.002893588070270518,0.008347368802960258,0.0013417152423215227,0.0012256743789966968,1.7752206835096162e-06,0.0017224089821752566,0.40374076508102646,4.609183492450084e-11,1.9290600616233654e-12,113.43191735718354,0.004329288635295023,0.0036963577501361923,1.5247636661277969e-07,8.722000443043153e-08,5.9807734743991395e-12,0.00023638058167206594,0.1639544056100314,6799920.552532131,18046609.882215884,-0.7584483072744603,2.158313611169518,0.20834598143793878,0.18000000000004204,-0.3058907742835766,1.6115799173535117,-106.10702905125449,101.67105135305165,101.59654587835492,2.8817146842993715,18.65620719697062,-107.27975804714417,108.85263727431193,0.012146471625846299,162.24809597252622,1.795861942499336,18.358606533106087,0.2976006638645365,29.938736961684892,14.361408397985674,7.566086839463483,0.012187781285643991,0.008358356960266865,0.010089808301635264,227.30719978556843,1.4756441906808881,1.3165260101818412e-09,1.5439839563087755e-09,110.15203972674131,1.1155373651159413,1.0309652402556977,1.0537363397097341
icp_design_063__scen_2,icp_design_063,test_id,2,shifted_surface,L,PI,1.356e7,2.0e6,354.0692262860887,33.14320556685904,-91.67505614259053,50.0,50.0,2.920206210185319e-07,1.8145466300999668e-09,5.6305263771276305e-11,1.0902871073820677e-07,6.318341173670287e-10,2.5003778406228962e-11,1.1398267483587282e-08,2.225115894347532,3.701185934232559,0.08,3.1e-07,8e-11,1.0e5,1.0e6,2.5e-09,1.2e-06,shifted_surface,1.2173633469822576,1.2500307996871334,0.9665304403863346,0.07532593292623975,1.230081801871065,1.284797765971116,L,L,0.0036249434079520452,0.007497783056954452,0.00026532956414794854,0.0008017702694886543,2.0613920670929394e-06,0.0010615101306911535,0.27899270899871015,1.3159991462947e-11,1.0386989131249568e-11,104.8626221462006,0.003414404825947386,0.0076275925129518874,3.317792597053862e-07,6.307431892869386e-07,1.7113834154692962e-12,0.0001368293126081043,0.06623001721511168,6799920.552532131,18046609.882215884,-0.7628371628951451,2.1556066619883323,0.20794383586837775,0.1800000000000453,-0.30830464487495324,1.6166615248725538,-104.91265705412121,100.99302061417156,100.92330718284865,2.47655075517774,-7.466537904957028,-106.10406408842907,107.70813996516125,0.005678298600995313,162.20048509334143,1.5427769954344015,-7.626736690391737,0.16019878543470678,29.89023594742571,14.568475631203203,7.58638620483802,0.005609201107861168,0.004039121652645173,0.004638629664114362,227.23357368856804,1.2668993897574574,2.918804093102122e-09,3.2446019520989215e-09,109.01775921466971,1.2173633469822576,1.2500307996871334,0.9665304403863346
icp_design_063__scen_3,icp_design_063,test_id,3,ood_nonlin,L,PI,1.356e7,2.0e6,354.0692262860887,33.14320556685904,-91.67505614259053,50.0,50.0,2.920206210185319e-07,1.8145466300999668e-09,5.6305263771276305e-11,1.0902871073820677e-07,6.318341173670287e-10,2.5003778406228962e-11,1.1398267483587282e-08,2.225115894347532,3.701185934232559,0.08,3.1e-07,8e-11,1.0e5,1.0e6,2.5e-09,1.2e-06,ood_nonlin,1.2824792828144895,1.3308811225739137,1.0652214076417046,0.31860963226315037,1.617093009260441,1.3070641161431078,PI,PI,0.011792289770244498,0.021400409715634824,0.0002202203956702701,0.00042047552750359003,5.11562985756005e-07,0.0016998083779926022,0.5098327161152714,7.698037857766408e-11,3.370035133635764e-12,90.11720441033394,0.006943325576284122,0.02679828194974906,2.3722763505889689e-07,5.726753449581835e-07,8.215925223522631e-13,0.0005008905551809337,0.10234625692516179,6799920.552532131,18046609.882215884,-0.9667912264366716,2.024878194316937,0.20053302673328996,0.18000000000163857,-0.42047937982279276,1.5172563201221476,-106.26432854162898,99.96419171760184,99.87897531113124,9.710341287955325,-53.627928083397045,-107.12117297357786,108.7282491970203,0.021436549484003527,161.22591396990424,5.981340872382023,-54.06384740475985,0.4359193213628117,27.415199039853892,14.203706952870187,7.399059459770635,0.021582944582886194,0.015235795625899716,0.017418251160699682,225.62537858612336,5.102413574180008,1.2544913848292548e-08,1.6249374585801692e-08,109.9619143641519,1.2824792828144895,1.3308811225739137,1.0652214076417046
