time,v_coil,i_coil,v_bias,i_bias,v_coil_clean,i_coil_clean,v_bias_clean,i_bias_clean,v_coil_src,density_state,heating_state
0.0,-34.361022293524286,-0.01921579929198968,-118.69473623079782,0.017900823009078387,-34.41403155096539,-0.030160167877668283,-118.11989858452682,0.01865259709395039,0.0,0.0,0.0
2.5e-09,-12.16969802532217,-0.05581061777107031,-116.31183905967912,0.01844895191163822,-12.317827827762562,-0.08409198141247039,-116.3777154555708,0.017963890449245526,28.314654434860177,1.2773525382435478e-11,6.152220753892438e-11
5e-09,10.546456961472648,-0.09990894230305254,-115.07610397274803,0.016329367081750708,10.228499280007288,-0.09056770109272219,-114.7685410849648,0.01649963314614911,55.34955097024124,2.5502505421777715e-11,1.2278500532787716e-10
7.500000000000001e-09,31.569614662340634,-0.06565383836037826,-113.20760696564935,0.014300522186543147,31.63686207532006,-0.05002041812824334,-113.3068027429248,0.014871702012172505,79.88277384932725,3.80020415408075e-11,1.8300012530139549e-10
1e-08,50.04823329436373,0.045574830921768957,-112.41145895407169,0.012997602073169698,50.49137906816067,0.033885307042232436,-112.0063220313025,0.013082599244001729,100.80547726750407,5.0091825437415446e-11,2.4108449973992976e-10
1.25e-08,65.84803359694997,0.1471030222410656,-111.15758913311394,0.010797809660353678,65.69249738712253,0.15474652588880622,-110.88019806769094,0.011137235308320066,117.17200267755302,6.189443078330506e-11,2.9787824279143464e-10
1.5000000000000002e-08,76.54610666332592,0.2980661086614961,-110.31810140237134,0.009237711708569397,76.55090726523652,0.3041779403078424,-109.94069563913152,0.009043201664116441,128.2426204024363,7.400615737182094e-11,3.576048159937504e-10
1.75e-08,82.62164919861975,0.4721562895029037,-109.28409447542579,0.0064881896569955015,82.81910014056076,0.4727133163375897,-109.19913929029983,0.006810834045114941,133.51696373211243,8.656500392919946e-11,4.281593555865713e-10
2e-08,85.00201715864326,0.6548817550742798,-107.96242113072792,0.004358124828374878,84.65907200522149,0.6507181501414689,-108.66581426285352,0.004453056613419648,132.75664435934468,9.966948506443618e-11,5.202214043335878e-10
2.25e-08,82.85326466847785,0.8609230808392225,-108.41042046534186,0.0022041919611055054,82.5554043245077,0.8291856763163358,-108.34987514639644,0.0019850309033028024,125.99602698830648,1.1337807454063201e-10,6.455471303024291e-10
2.5e-08,77.395793746138,1.007928714127406,-108.3384534382782,-0.0009002732269962606,77.19187892088877,1.0003157930303983,-108.25926303773589,-0.0005763376380798743,113.54067612821149,1.27711987688805e-10,8.14982336648858e-10
2.75e-08,69.61772768626231,1.1615123250647688,-108.65724620268723,-0.0033672562092334894,69.31534346278606,1.1578200218531935,-108.40063193432923,-0.0032129634448038805,95.95354527335928,1.426603694489271e-10,1.0367146824990297e-09
3.0000000000000004e-08,59.592167893234674,1.309673318895749,-108.09408389193264,-0.00627752011597345,59.61179003048429,1.2969472248732863,-108.7792850106473,-0.005906136421602296,74.02953268720742,1.581867217402912e-10,1.3151012315561096e-09
3.25e-08,48.470319921328844,1.4114001242495058,-109.69931464796122,-0.008881448523814206,48.616364655197856,1.4142751245130236,-109.39912134328713,-0.008636997979129006,48.75955381108525,1.742353894847007e-10,1.6501657330315732e-09
3.5e-08,36.29822837983474,1.4950657998031194,-109.96505299422788,-0.01076153030182505,36.67191868168756,1.5073526987653167,-110.26259356276911,-0.011386885460298668,21.285754142858053,1.9073712179592313e-10,2.037659154018264e-09
3.75e-08,24.402483891877793,1.5587756267946355,-110.9027990497585,-0.014061941958531077,23.941060754315455,1.5743011845278538,-111.37067681781119,-0.014137520615191768,-7.1501131385678685,2.0761308893759624e-10,2.469478410347699e-09
4e-08,10.79565618285374,1.6142289765388604,-111.5586172974824,-0.017244488437064113,10.466240537365474,1.6134828444733311,-112.72284934228844,-0.016871048770832606,-35.262811589086716,2.2477719254613355e-10,2.934251029853775e-09
4.2500000000000003e-08,-3.2885134204575257,1.6030036479074625,-114.63100525379654,-0.019194082640612443,-3.736905042010606,1.6233268542537787,-114.31708481688858,-0.019569963944405282,-61.781711259797184,2.4213696645015797e-10,3.417984148709206e-09
4.5e-08,-18.45662325001517,1.5926311792741716,-116.58917198604746,-0.02195903130087704,-18.574190476403146,1.6023645331529432,-116.14985661751896,-0.02221697619766391,-85.50821827708641,2.5959373899066785e-10,3.904790290679842e-09
4.75e-08,-33.7697038118208,1.5626568116824138,-117.81375387311083,-0.02544619469426978,-33.77922683946224,1.5494787191287318,-118.21615394167479,-0.02479488727961437,-105.36994855615917,2.7704294277737453e-10,4.377785109146599e-09
5e-08,-48.56789086784046,1.4749031843284388,-121.16167464138282,-0.027087285398779564,-48.85320795695658,1.4643233072364743,-120.50950970312255,-0.027286537389536545,-120.46919711952957,2.9437547211969546e-10,4.820263465157321e-09
5.25e-08,-62.819102361744015,1.3178042949492978,-123.66284682890735,-0.029109467552151432,-63.05377437791864,1.3478280231316697,-123.02203998526471,-0.029674870416611435,-130.12351231765948,3.114807975616913e-10,5.217183952853382e-09
5.5e-08,-75.54133631897018,1.1923964038352877,-126.14337199059844,-0.03202890743283053,-75.43947887016111,1.2026781859403324,-125.74449474529915,-0.031943140207348515,-133.89654108937023,3.282521853136183e-10,5.556843802118305e-09
5.75e-08,-84.69117280410833,1.0402274282334565,-129.29070635026295,-0.03415407167369071,-84.96589310590585,1.033654508368721,-128.6663193656314,-0.03407525089925895,-131.61775112650076,3.4459390372590163e-10,5.832455274095296e-09
6.000000000000001e-08,-90.50540341424241,0.8586690634556482,-131.823431944898,-0.03557756574376048,-90.61943880789885,0.8477351425451207,-131.77572655676784,-0.03605619561224759,-123.39013854588325,3.6042981660179583e-10,6.04321530334847e-09
6.25e-08,-91.48881739826764,0.655363803434252,-135.0904670313304,-0.037925949807470986,-91.56741037747561,0.653898495455806,-135.05977802791926,-0.03787253514620771,-109.58557269941551,3.757123561002998e-10,6.194466550099428e-09
6.5e-08,-86.76689193058135,0.46287467081211414,-138.54648681221872,-0.03941736889969891,-87.29878077428371,0.46261459609941236,-138.50447525854517,-0.03951284603628171,-90.82798852621303,3.904306162403919e-10,6.296719494685452e-09
6.75e-08,-77.45542378610097,0.28052240853330207,-142.06999630847085,-0.04033145983691042,-77.73098519796531,0.2850663839429662,-142.0948586267876,-0.040968067748355944,-67.96518611424906,4.046162649451508e-10,6.363615814857567e-09
7e-08,-63.03521036250387,0.12549734919416428,-146.04478332284197,-0.04248588770427616,-63.26289740704661,0.13219072042550026,-145.81511407985937,-0.04223169204749112,-42.03051206707302,4.1834615497087967e-10,6.409266372659512e-09
7.250000000000001e-08,-44.65999064180201,0.012553004682215029,-149.57778674776702,-0.043330879657708994,-44.76280189345639,0.01366353791052607,-149.64868646757563,-0.04329976141795027,-14.196154590571105,4.317408987929617e-10,6.445655191804886e-09
7.5e-08,-23.343243477427386,-0.047850344340985604,-154.2126829732975,-0.044540624140844996,-23.49083299029652,-0.06303196126319792,-153.57839860391027,-0.04417067370840939,14.279836744514515,4.44959200149999e-10,6.480843076645178e-09
7.75e-08,-0.9050097258044066,-0.10651947179152986,-157.4277422416208,-0.04447900967937768,-0.966235472484299,-0.0933235546497182,-157.58657507320552,-0.04484482158404523,42.11041197822748,4.587181049080451e-10,6.518486631016944e-09
8e-08,21.06543605689355,-0.10434005604512274,-161.5480875436178,-0.04520112379189669,21.201007553190912,-0.07595430628603973,-161.65516975788685,-0.04532412231583646,68.03769248858661,4.729422603159915e-10,6.558772607206658e-09
8.25e-08,41.236629458495145,0.005487296101443669,-165.67258609518913,-0.046158305419667804,41.488747231497534,-0.01301932625871214,-165.76589603357604,-0.04561151110969111,90.88982424073254,4.874347563178182e-10,6.600404053514152e-09
8.500000000000001e-08,58.42094192607642,0.1082949814666126,-170.0933839471044,-0.04577194445746689,58.624458501034894,0.09036309411126726,-169.90035855562567,-0.04571047638369382,109.633942920639,5.020068348084122e-10,6.642939846756686e-09
8.75e-08,71.73732464258121,0.2608963112310608,-173.72510805493707,-0.04579887188802991,71.70631195857602,0.2266892499830039,-174.04018554849878,-0.045624707153055284,123.42285704996502,5.172500325381812e-10,6.688707994423935e-09
9e-08,80.60380675725015,0.3571204405723025,-177.66835339239782,-0.044502326981752674,80.26669524891827,0.38691521892307756,-178.16716050620386,-0.045357902380032615,131.6333391115662,5.334083497372818e-10,6.743705409007217e-09
9.25e-08,84.51921648347778,0.560870107938897,-183.29852852314085,-0.0455790429254076,84.27124451743215,0.5613808294550537,-182.26335221818195,-0.04491376333959509,133.8942940139929,5.505747841245102e-10,6.817272395470475e-09
9.5e-08,84.01312115436426,0.7415338339859326,-186.06847805769448,-0.04397768861437287,84.05738067002487,0.7406785492696183,-186.31124205057867,-0.04429615781179217,130.10353174452916,5.687992002114935e-10,6.920733703155416e-09
9.75e-08,80.2340289884106,0.9285954915165137,-189.33852158014014,-0.04329951718075775,80.22639261143861,0.9163507538224988,-190.29384743757598,-0.04350941492933725,120.43238612505002,5.880897210836824e-10,7.065480687766247e-09
1e-07,73.72953256679577,1.0809701980839255,-193.63894862139375,-0.042470756022002364,73.5105089399708,1.0813352284620854,-194.1948405711867,-0.04255868707372354,105.31797091345115,6.084170544567458e-10,7.261049170906869e-09
1.025e-07,64.56209730774789,1.221853125685457,-198.00991844520664,-0.041456491220066734,64.63986901541443,1.2301274649573861,-197.9986613203284,-0.041450304271726905,85.4434232572316,6.297206749946401e-10,7.513634252687217e-09
1.05e-07,54.391251841328874,1.362483468465511,-201.58687968106267,-0.03974232104967149,54.23326898950706,1.3586804624720368,-201.69062346072087,-0.040192048987945754,61.70702745013529,6.519156597937215e-10,7.825257570325498e-09
1.075e-07,43.13523505609266,1.474041172555087,-206.1435724542487,-0.03840651068095818,42.73125096463809,1.4641089430834053,-205.25701335573905,-0.03879329453476561,35.18161452773704,6.748990688472876e-10,8.193570504939321e-09
1.1e-07,30.36186552576109,1.546215480115888,-208.37153728569086,-0.036938327206948035,30.38152042405052,1.5442969172732728,-208.6851802942916,-0.03726497571905672,7.066072747793024,6.985550507483352e-10,8.612122854717717e-09
1.1250000000000001e-07,17.21827172213381,1.6048139403383115,-211.9894493842516,-0.035352031144851706,17.2763984966052,1.5975197936171903,-211.96361776449535,-0.03561939120177225,-21.368839428780042,7.227582750137382e-10,9.070885731966091e-09
1.15e-07,3.3120798492155954,1.6253269601373788,-214.88598524192224,-0.03402323718451428,3.431920565622926,1.6221827547027545,-215.08203502074562,-0.03386986777277385,-48.837928726440644,7.473757622727366e-10,9.556875325711962e-09
1.175e-07,-11.311787097220888,1.626001324811749,-217.2622034273315,-0.03188005943744923,-11.109878440668602,1.6167479218686132,-218.03141838604407,-0.03203034177601125,-74.09965486430563,7.722676105095048e-10,1.0054833810435039e-08
1.2000000000000002e-07,-26.239079780132872,1.5886639128518123,-220.8360762297816,-0.029922513184676827,-26.17852798611269,1.5798795044514924,-220.80408182039827,-0.03011492772382492,-96.0122453494849,7.972874169647055e-10,1.0548028227161836e-08
1.225e-07,-41.73302276561943,1.520609217086705,-223.73828346438785,-0.02811611891348691,-41.39581481539474,1.5107868525095551,-223.393706378976,-0.028137546020659203,-113.58530099360101,8.222833126460564e-10,1.1019278721392299e-08
1.25e-07,-56.31750863752714,1.403264350790825,-226.0381253929803,-0.026283470594918836,-56.138742519770986,1.409699379672153,-225.79536827965723,-0.026111670312427,-126.0245597006687,8.471004358893153e-10,1.1452295016813424e-08
1.275e-07,-69.576931973858,1.272517156696575,-228.63420115497638,-0.024271096201997272,-69.55610841549026,1.2783733868131633,-228.00555539784892,-0.024050232322944644,-132.7677953050584,8.715853883975691e-10,1.1833283579580992e-08
1.3e-07,-81.02999091261205,1.111334173352124,-229.91394465498823,-0.02198036894736775,-80.64001860411724,1.1205154320914725,-230.02217210603865,-0.0219656922052667,-133.51022891382544,8.955927934433368e-10,1.2152620296582602e-08
1.325e-07,-88.11819207247567,0.9140557494616794,-231.33159663528906,-0.019829494283774673,-88.34320258965609,0.9420132462612281,-231.8445324757035,-0.019870250805027783,-128.21830421859798,9.189935903376277e-10,1.2406228449289076e-08
1.35e-07,-91.50448322477183,0.7864362994796192,-233.41020980101666,-0.01821669163774407,-91.72399811905761,0.7508925354404477,-233.47334195897355,-0.017776152533647966,-117.13120416429754,9.416842436189415e-10,1.2596237511082821e-08
1.375e-07,-89.96171269494718,0.5550863017049625,-235.36430190430323,-0.015468060951559242,-90.09499840668207,0.5569617781688799,-234.9106677660097,-0.015696008829969514,-100.75004042472013,9.635957077052463e-10,1.2730586140992082e-08
1.4e-07,-82.78657480833112,0.3708540968577891,-235.87478473663708,-0.01342239670923088,-83.14968051832946,0.37115972323417645,-236.15989825053146,-0.01364306591127364,-79.81520429606232,9.84700836212274e-10,1.282148192868647e-08
1.425e-07,-71.15397858845759,0.21167268628490812,-238.06822152251914,-0.012046068075503999,-71.04421058561157,0.2046724706261099,-237.22569170947838,-0.011631347929417878,-55.27290269642655,1.0050189956670729e-09,1.2882978108927694e-08
1.4500000000000001e-07,-54.24734950916442,0.06758560632109001,-238.1169849848373,-0.01879657791764621,-54.41858231852636,0.06792948740544037,-238.1139150925968,-0.019326065780168787,-28.232391767921165,1.0246169326835868e-09,1.2928250565963265e-08
1.475e-07,-34.17925698165204,-0.03196143385284142,-241.2694692286961,-0.01389452041037363,-34.351093268586915,-0.03038697606270736,-240.59387827766642,-0.01351176579405902,0.08415897485426051,1.0436054095749302e-09,1.296731980437833e-08
1.5e-07,-12.173535204701531,-0.07490480026281104,-240.11157849031144,0.0013923090946287423,-12.25118317879289,-0.08418149217489346,-240.43124801107126,0.0018211270467063177,28.39690592362178,1.0625757801140788e-09,1.3006788996580241e-08
1.525e-07,10.68394719875907,-0.08490396308887503,-239.9025918362104,0.003483550418759508,10.294078751736894,-0.0905162021648413,-240.12358697460039,0.0034226212588659532,55.42617739292952,1.0816290737799841e-09,1.304696535172762e-08
1.55e-07,31.803516105763755,-0.07492386125545838,-238.66752074226267,0.005814076875871111,31.696866030179024,-0.04983413100470403,-239.68125840157305,0.004903684657572861,79.95031186613807,1.1005497625899979e-09,1.3086905373260931e-08
1.575e-07,50.31052613374689,0.030379171975261753,-239.23132395977188,0.006353281477067235,50.54203862535644,0.034191204321870915,-239.11533075920738,0.006252731443960793,100.86087431388198,1.1191267184710231e-09,1.3125376651564101e-08
1.6e-07,65.7400581311617,0.18982898992060773,-237.55318886035462,0.007251861811282824,65.73114437738977,0.155149792783406,-238.43747480722013,0.007460257443915218,117.21275493315746,1.137454213540644e-09,1.3163075251395851e-08
1.625e-07,76.82371750330269,0.3051949314385586,-237.68667869504208,0.008139468190833766,76.57616247726187,0.3046517831043832,-237.65985654589917,0.008519180541385828,128.26688595811913,1.1560959866200746e-09,1.3204083530066553e-08
1.65e-07,82.75914715172578,0.4742145132355703,-236.6660912441696,0.0102761371498505,82.83086996030381,0.4732291304948773,-236.79502699503524,0.009424984530826887,133.52364584001663,1.1751592273144223e-09,1.3256155487331705e-08
1.675e-07,84.42291182644942,0.654919530715073,-235.93078184165026,0.009968359758056019,84.65836534339742,0.6512480979780948,-235.85580976911828,0.010175658663990748,132.74544100341018,1.1947119690211637e-09,1.3329827094818167e-08
1.7000000000000001e-07,82.55366572448263,0.818862723022985,-234.56159407979126,0.010637142973765643,82.54401158685718,0.8297047538767804,-234.85518742972502,0.010771457764737207,125.96744453470811,1.2147826813221779e-09,1.3436707527066677e-08
1.7250000000000002e-07,77.46990144515458,1.004166014523471,-233.77467107533056,0.01055423328197702,77.17197676349338,1.000803148164101,-233.80618760292785,0.011214535426214912,113.49600643876106,1.2353631959956846e-09,1.3587492828338575e-08
1.75e-07,69.01709677427954,1.147737759578446,-232.8457148339262,0.011476426585186312,69.28909938111143,1.1582594303354223,-232.7217698477925,0.011508520681634079,95.89480731629384,1.2564140312332816e-09,1.3790220085882383e-08
1.775e-07,59.64666454752153,1.2904133090329823,-231.68206094251585,0.01141993628780746,59.58103774754957,1.2973267864071858,-231.61471425163236,0.011658113606310739,73.95938128442221,1.2778709465135646e-09,1.4049097542296015e-08
1.8e-07,48.83121723301911,1.4047196215560305,-230.74837527232688,0.011739363215192176,48.58240549311481,1.414586377767473,-230.49751270876234,0.011668766820357963,48.6811596462301,1.2996515468999279e-09,1.436400435243415e-08
1.825e-07,36.62403334117247,1.5255891774111772,-229.37164958225216,0.012010540352553169,36.63547858391691,1.507589449774714,-229.3822638122167,0.011546499500496729,21.20266045365755,1.3216609533427014e-09,1.4730553041585726e-08
1.85e-07,23.98511924126065,1.5738583704268987,-228.29183378079392,0.01074537696420037,23.902402069936063,1.5744583791878835,-228.2805722525296,0.011297862077479327,-7.234150706591163,1.3437959201023842e-09,1.5140509490207962e-08
1.875e-07,10.793027626121338,1.6222295781438225,-227.15157333716795,0.010011899786252961,10.425397668841219,1.6135557876736126,-227.2034535745403,0.010930038527116555,-35.34399472923694,1.3659472375091153e-09,1.5582378352686654e-08
1.9e-07,-3.8273811656483736,1.6237354369718167,-225.5877754230173,0.010831727138253075,-3.779821019409237,1.623310991351491,-226.16124509267775,0.010451044783541983,-61.856370679017914,1.3880007180452929e-09,1.6042052638462035e-08
1.925e-07,-18.862214630174364,1.609581614789481,-224.73716254941087,0.01001815529549669,-18.618686719694107,1.602255880657305,-225.1635237077576,0.009869961500614179,-85.57297953965085,1.4098374370067987e-09,1.6503540217278856e-08
1.95e-07,-33.7667922750372,1.5390605938646533,-223.17855650576223,0.008923322704641667,-33.824192389657384,1.5492748849433597,-224.2190313045103,0.00919713087882416,-105.42188460048025,1.4313341135554634e-09,1.694986257894661e-08
1.9750000000000001e-07,-49.36424591861325,1.4684838803842775,-223.78388645011432,0.007811383557371146,-48.896803048261745,1.464024904163293,-223.33560833942562,0.008444252140168708,-120.50596055467796,1.452364531737166e-09,1.7364232123257386e-08
2e-07,-62.80256797045729,1.3414617986130917,-222.16283329393323,0.007660354345570862,-63.093479168608944,1.3474401784138972,-222.52013615367264,0.0076243276290050895,-130.14344152008786,1.4728027097379264e-09,1.7731537742400864e-08
2.025e-07,-75.36125494197708,1.2158759602356963,-222.24908688645127,0.006070669011926666,-75.47230554553505,1.20221180383793,-221.77848846651182,0.006751438327051664,-133.89873530451365,1.4925281636769616e-09,1.804002012203114e-08
2.05e-07,-84.79078326044508,1.0245959486883978,-221.69133771396085,0.006400426599264939,-84.98873421157089,1.0331269615948406,-221.11549242145801,0.005840358964340478,-131.6021111808316,1.5114331464880219e-09,1.8282847408482853e-08
2.075e-07,-90.74280653810241,0.856319504665954,-220.7549348484539,0.0041846460526329754,-90.62949794418924,0.8471701496236989,-220.5348994712358,0.004906053204473399,-123.35737132932896,1.529431260263577e-09,1.8459182797982687e-08
2.1e-07,-91.22228707925203,0.6558590043298106,-219.43157370662755,0.0039767742986127185,-91.5626439079461,0.6533250711113037,-220.0393662990513,0.003963113070506569,-109.53715921554344,1.5464664338262227e-09,1.8574342469050428e-08
2.125e-07,-87.13928620360797,0.4341609640707486,-219.31174994799048,0.002745673343945255,-87.27827422165248,0.46206511811242745,-219.63044588368305,0.0030252195044964242,-90.76611695424229,1.5625210061879165e-09,1.8638814233658812e-08
2.15e-07,-77.48633200193261,0.2789663445074801,-219.94685985642462,0.002154543351668362,-77.69519654577316,0.28457397498111675,-219.3085887251683,0.002104700309035022,-67.89265290833248,1.5776216142273164e-09,1.866621819001329e-08
2.175e-07,-63.12329085490611,0.13856186439598212,-218.93469508710035,0.0008835067774865062,-63.21372020871936,0.131786269597261,-219.07315415723616,0.0012122476719596642,-41.95059556293814,1.591841766052623e-09,1.8670643675870906e-08
2.2e-07,-44.892721015570814,0.014277791626138974,-219.40421555825378,-0.00020423876358150573,-44.70343035571035,0.013372761454259738,-218.92243158292422,0.0003568323866078226,-14.112466832210568,1.605300366846359e-09,1.866405439258725e-08
2.2250000000000001e-07,-23.330897910508675,-0.0778045474005841,-218.385757246207,-0.0005213509489345527,-23.42544394686256,-0.06319101146199171,-218.85367138180072,-0.0004541799136770626,14.363513261004764,1.6181559919972704e-09,1.865449508916785e-08
2.2500000000000002e-07,-0.5547932188134692,-0.07520563725798614,-218.68740512594565,-0.0014929103228492973,-0.8995326627784599,-0.09334218451750778,-218.86312515168797,-0.0012147381413794294,42.19029526485854,1.6311284092031174e-09,1.86456145747743e-08
2.275e-07,21.715302693389045,-0.05057101494473666,-219.4948738886251,-0.0015098115075845538,21.264318588241245,-0.07583384159497938,-218.9460948654917,-0.0019196967427862423,68.1101720027206,1.6441425674294837e-09,1.8637603607595613e-08
2.3e-07,41.609483745256625,-0.027523188036897357,-220.23543535110747,-0.0026836737307239346,41.54447404314514,-0.012770665214776405,-219.09699044542316,-0.002564363044204382,90.95162407338859,1.6570057715714585e-09,1.862918287333448e-08
2.325e-07,58.6101998321086,0.09403547805100405,-218.14266122603874,-0.0032118027001463317,58.669349123739096,0.0907209482406517,-219.3093951832368,-0.003144081636659933,109.68226986011793,1.6695348501511828e-09,1.8619941991490246e-08
2.35e-07,71.89097916453147,0.20412661813195354,-218.58351015845813,-0.004032946808223012,71.73833295676494,0.22713143563664034,-219.5761383667538,-0.003653928544132093,123.45552682865743,1.6823312138706427e-09,1.8612250122349474e-08
2.375e-07,80.49026985607323,0.3955743028042719,-220.45908949046648,-0.004623044943927949,80.28512442473306,0.38741369278234467,-219.88937441049484,-0.0040885675624963485,131.64887512987409,1.6956445886195864e-09,1.861215178604875e-08
2.4000000000000003e-07,83.9815182839083,0.560893610499582,-220.10398156393012,-0.004308418571516756,84.27657394608163,0.5619070742065861,-220.24066773225428,-0.00444229200304366,133.89199407926876,1.7095768468424175e-09,1.862903736986711e-08
2.425e-07,84.09493598635731,0.7435967071282911,-220.07722347642388,-0.004741040756226027,84.05105761221432,0.7412059327643952,-220.62108256840241,-0.004709242295440918,130.08349980858492,1.7241876836334707e-09,1.86742812520285e-08
2.45e-07,80.19338218189631,0.9047250319285345,-220.740374147501,-0.004857734772136514,80.21045234896184,0.9168562416991701,-221.02127687902774,-0.004883759292523787,120.39552758577179,1.7394959143703933e-09,1.875932264376729e-08
2.475e-07,73.57874671747169,1.0841975582145036,-221.46310378444875,-0.00465977802607497,73.48717006695864,1.081800281861018,-221.4315994600853,-0.004960810050989532,105.26595169287596,1.7554837013621588e-09,1.8893743665432033e-08
2.5e-07,64.37559617403413,1.2119926792811313,-221.29543881628265,-0.005037974860187048,64.61116537500548,1.2305381083808804,-221.84218935380014,-0.004936411350632648,85.37859450566664,1.7721026316827114e-09,1.9083785364575393e-08
2.525e-07,54.131502493020534,1.342949392939315,-221.8414135561856,-0.005143809163025351,54.20078275813394,1.3590266563692908,-222.2430766308913,-0.004807978192554542,61.63231927951601,1.7892804439293781e-09,1.9331516447259014e-08
2.55e-07,43.32027549776217,1.4444266825469119,-223.22009993483425,-0.004685392698467196,42.695990227151654,1.4643835145752448,-222.62428360889348,-0.00457453949765707,35.1004035772433,1.806927297177178e-09,1.963463762937031e-08
2.575e-07,30.148805782572214,1.5240147584657664,-223.15523312130563,-0.0040825095240469445,30.343955873799803,1.5444943695859628,-222.97592557001443,-0.004236788399262934,6.982029567444742,1.8249407643252027e-09,1.9986750839590838e-08
2.6e-07,17.212365248351006,1.5957148245094814,-223.16485560024586,-0.0037794361006858557,17.236642897327453,1.5976353187972887,-223.2883100495862,-0.0037969652606321155,-21.451916278622466,1.8432091534107486e-09,2.037788207859254e-08
2.6250000000000003e-07,3.268357205896889,1.6334938056058772,-223.67182778807802,-0.0031210297762357428,3.39000698267299,1.6222117151198452,-223.5520337821508,-0.003258602239574069,-48.916284361355494,1.8616132303066241e-09,2.0795104854965022e-08
2.65e-07,-11.489965421310854,1.605204108613332,-223.84077836796303,-0.00283235483751196,-11.153682859475293,1.6166859554646376,-223.75807641642777,-0.0026261832843265114,-74.16974778803387,1.880026842872341e-09,2.1223220825478104e-08
2.675e-07,-26.668693132308594,1.5632191489860439,-223.12704577430586,-0.0014076132059043895,-26.22344321707546,1.5797232676339943,-223.89789014259193,-0.001904788322733732,-96.07090752149614,1.8983172475325914e-09,2.1645558718093832e-08
2.7e-07,-41.216435081298535,1.5203303193446547,-223.95913261927947,-0.0010686900417945643,-41.44036874582167,1.5105352695620917,-223.9634844151676,-0.0010997923929460395,-113.62988101731271,1.9163460559581777e-09,2.204500295985169e-08
2.725e-07,-56.12244917248579,1.4193419997681842,-224.3546918121343,-0.0006696455132021902,-56.18073775102081,1.4093551458945952,-223.94750500202997,-0.0002166791847118468,-126.05304266053056,1.933971628354515e-09,2.2405330664073133e-08
2.75e-07,-69.08527765774217,1.2821796660910803,-223.08231704886782,0.0005582090209658396,-69.5927544096948,1.2779443974606493,-223.84330664407614,0.000738994055604265,-132.77889383614925,1.9510534562852348e-09,2.2712818990709383e-08
2.775e-07,-80.34538074189895,1.1050491854827977,-223.6542162584731,0.0010504436470007783,-80.66821733367016,1.120015795331849,-223.64501867058655,0.0017614729881311967,-133.5034413878145,1.9674586538454673e-09,2.2957917192511957e-08
2.8e-07,-88.13695531863607,0.9145923474037885,-224.01718325146845,0.0032170964395380835,-88.35994626424663,0.9414635895175889,-223.3476029815859,0.00284454821792274,-128.1939374162037,1.9830701903052835e-09,2.313662276986386e-08
2.825e-07,-91.82240128427371,0.721428752143474,-222.70238378397545,0.004246572555936526,-91.72681494993573,0.7503194225347372,-222.94690388003923,0.003981214656511934,-117.09035940949768,1.9977960418491714e-09,2.3251137278996435e-08
2.85e-07,-90.39238643012416,0.5938237748945984,-222.89110795826278,0.005017828111134735,-90.08237088108405,0.5563962011456837,-222.43968931281617,0.0051633185159591435,-100.69456380741552,2.011578102719096e-09,2.330946567838644e-08
2.875e-07,-82.97645910443428,0.3677032001572201,-221.52155084335612,0.0058403455282827026,-83.1213624828657,0.37063479200520577,-221.82368315935057,0.006381268370809441,-79.74760323301881,2.0243995450770412e-09,2.3323872698816928e-08
2.9000000000000003e-07,-71.17776354694075,0.19109800413537792,-220.58878344407242,0.007344571310238309,-71.00138438912249,0.20422056744480332,-221.09758829007444,0.007623879168941645,-55.196232601745244,2.036289388024976e-09,2.3308457515208746e-08
2.925e-07,-54.35176329235228,0.07003462002867118,-220.56314864294305,0.009493321024608013,-54.36382281160359,0.06757925592000406,-220.26110020227156,0.008878398032866696,-28.150117955281473,2.047323326084712e-09,2.327643081667226e-08
2.95e-07,-34.50973685688635,-0.04041195544438502,-219.05444698282213,0.010532824931606314,-34.28813716970922,-0.030613394505399533,-219.3149111281931,0.010130731597959255,0.16831791648389058,2.0576203336978925e-09,2.323783907973429e-08
2.975e-07,-12.268919052797875,-0.076672773860545,-218.6894530465826,0.01140208410582273,-12.184534654331145,-0.08427058746859135,-218.2607045983264,0.011365861540194245,28.479146201734657,2.0675924369697764e-09,2.319839093080393e-08
3e-07,10.573704195919062,-0.08520975177258644,-216.3228479770379,0.013105015173023794,10.359648153924939,-0.09046429173955303,-217.10114053080503,0.012568403639710572,55.50278193424077,2.0776110685447637e-09,2.315970841127474e-08
3.025e-07,31.770895455879064,-0.07157862166735338,-215.43173225770735,0.013652064186567964,31.756847494983436,-0.049647464721424193,-215.83983100529724,0.01372324169605085,80.01781831983199,2.087465173896037e-09,2.3120863878149442e-08
3.05e-07,50.36835012719961,0.022648165985269756,-214.75553206285866,0.015163125189995142,50.59266606499434,0.03449742441646809,-214.48130696553542,0.014816155071000044,100.91623154198408,2.0969473876694993e-09,2.308064413516146e-08
3.075e-07,66.0734793978181,0.14407857207696814,-213.40650165977533,0.016657980110241742,65.76975324030929,0.15555330881320859,-213.03097617815126,0.015834359773737854,117.25346091502277,2.1061576312149977e-09,2.303976666634669e-08
3.1e-07,76.66855081889936,0.27881973102921653,-211.49517890074384,0.017107078015184615,76.60137744387222,0.3051257919674411,-211.49507285593535,0.01676689759777879,128.29110087606662,2.115660284435462e-09,2.3002334577914794e-08
3.125e-07,82.76607517250125,0.4682469857557772,-209.5596104776934,0.017203969650356688,82.84260101879413,0.4737450262968069,-209.88059943029745,0.017604833275268413,133.53027523490007,2.1255640885006723e-09,2.2976118475883824e-08
3.15e-07,84.6111872769601,0.659469046105991,-208.44957106175292,0.018099398859990082,84.65762423565671,0.6517780486812669,-208.19526102988542,0.018341251428984143,132.7341852416779,2.1359380164403823e-09,2.2971663934002787e-08
3.1750000000000003e-07,82.3441241664999,0.8294691158799213,-206.10984417248423,0.019023566868583884,82.5325904578678,0.8302237662427991,-206.44739328937035,0.018971077666644683,125.93881235115752,2.146810926470575e-09,2.3000581313956247e-08
3.2e-07,77.13495343771216,1.0112350631250338,-204.44056400974395,0.020073910787940474,77.15205280543942,1.0012903834095515,-204.64588417372357,0.019490775761338043,113.4512919428849,2.1581745508239195e-09,2.307355970179934e-08
3.225e-07,69.23175893770971,1.1708970004382169,-203.40211514503457,0.019902062565088797,69.2628395317372,1.1586986777858947,-202.80009055833563,0.019897990694371686,95.83603150147702,2.1699888830431138e-09,2.319862268181557e-08
3.25e-07,59.88164091478046,1.2797429110737046,-200.47732259250287,0.01955242041330839,59.550274379356566,1.2977061574333544,-200.91975035357285,0.02019121236244292,73.88920068364399,2.1821887951553615e-09,2.3379960696976017e-08
3.275e-07,48.42018754533039,1.4081484545592189,-198.74847883961283,0.019740331547728477,48.54843821473129,1.4148974195110988,-199.01489100339248,0.020369526232210652,48.60274626282435,2.1946907031005416e-09,2.3617433003459267e-08
3.3e-07,36.66526525654704,1.4951172593783852,-196.8187813992455,0.01970016117661099,36.599031735637844,1.5078259731901993,-197.09573522106527,0.02043249684990587,21.11955839398231,2.2073982971638842e-09,2.390663181499478e-08
3.325e-07,23.773929720309496,1.5784469253546725,-195.32139544669033,0.02082731683172911,23.86373693258818,1.5746153321451735,-195.1726048506053,0.020380201686657225,-7.318185418686029,2.220206719091643e-09,2.4239303341786215e-08
3.35e-07,10.704307740532272,1.6239855916405275,-193.21214340709503,0.020177960371241043,10.384548405316046,1.6136284754876582,-193.25582375991848,0.020213401556974608,-35.42516391613796,2.2330050248145337e-09,2.4603933805680744e-08
3.375e-07,-3.693237039705886,1.6412672328032618,-191.4601581395171,0.02014155945336141,-3.822742638947349,1.6232948601135488,-191.35562068082464,0.019933805511010424,-61.9310056783229,2.2456772313574037e-09,2.498639948749282e-08
3.4000000000000003e-07,-18.45500410980864,1.62610378542678,-189.02973217509913,0.019189871976705814,-18.663186326858018,1.6021469498185203,-189.4820329118811,0.01954436785277688,-85.63770701935836,2.2581026194249283e-09,2.5370693879309962e-08
3.425e-07,-33.922382115019474,1.5492243461961086,-187.1837754654434,0.01971964766625727,-33.86915696556627,1.54907076906638,-187.6448117923372,0.019049546486211266,-105.473779025911,2.270156177185452e-09,2.5739827421257306e-08
3.4500000000000003e-07,-48.614840948730006,1.4385169482764013,-186.49497122914096,0.01857041914082747,-48.94039066686959,1.4637262271838334,-185.85333083964707,0.018455456710060568,-120.54267641598169,2.2817100839475e-09,2.6077005998931816e-08
3.475e-07,-63.19260356805108,1.3562354896298296,-184.1015480808167,0.018325818422968595,-63.13316821923022,1.3470520829662962,-184.11649741890153,0.01776987202064353,-130.16331934394668,2.2926369405836083e-09,2.6367117612932547e-08
3.5e-07,-75.73981161756343,1.2068416238749278,-181.82358190933357,0.01731824065909082,-75.50510729232178,1.2017452125968158,-182.44266878052215,0.017002050318037504,-133.90087665855688,2.302815091204287e-09,2.6598408141271777e-08
3.525e-07,-85.21979267572651,1.0415569661224526,-181.50117390577915,0.016055955798859798,-85.01154146024982,1.032599266613396,-180.83957326288834,0.016162395313998552,-131.58641928073308,2.3121359146983255e-09,2.6764056372812177e-08
3.55e-07,-90.77641724732621,0.8303302880772413,-179.4666562642336,0.015359016637612202,-90.63951587962438,0.8466050870498036,-179.3142374095819,0.015261993231289099,-123.32455541323809,2.3205124827171326e-09,2.6863239668946282e-08
3.575e-07,-91.68419308378765,0.6554846954305148,-177.48803336919806,0.013651505740010578,-91.5578317213151,0.6527516688278219,-177.8729196970679,0.014312088559188014,-109.48870248813549,2.3278885744742406e-09,2.6901288931984985e-08
3.6e-07,-87.2061863541792,0.4619681176048594,-177.04680217690495,0.013629505166703082,-87.25772120601692,0.4615157602087538,-176.521051508365,0.013323575345561913,-90.70420954924576,2.3342467882369574e-09,2.688870399840112e-08
3.625e-07,-77.28413214860458,0.27485179794875597,-175.25025345013347,0.011636699010876663,-77.6593649227342,0.284081781992942,-175.26318592212766,0.012306579862117226,-67.82009289947143,2.339614447775644e-09,2.6839111780206483e-08
3.65e-07,-63.31730122687498,0.14539186191851966,-173.81782410209323,0.01094518229477592,-63.16450766375903,0.13138211956764667,-174.1029548151747,0.011270196454929956,-41.87066249737216,2.3440661858843347e-09,2.676660242239926e-08
3.6750000000000003e-07,-44.581825930379566,0.01890813339498457,-172.72638799446224,0.010177727421753546,-44.64403454340287,0.013082351355789393,-173.0430347004796,0.010222413354758984,-14.028773502472097,2.3477224730024128e-09,2.668313583161351e-08
3.7e-07,-23.362268202829092,-0.05761006730389459,-171.6558704954606,0.009086893860125208,-23.360043978029296,-0.06334965532568768,-172.0851216426855,0.009170233510655582,14.447184107006859,2.3507438873433443e-09,2.659675169864272e-08
3.7250000000000003e-07,-0.9090792144268054,-0.09229349022402311,-171.8284527170506,0.007506906772228175,-0.8328330693289181,-0.09336039720179967,-171.22991551002906,0.008119962669122733,42.27016189542908,2.35385396331101e-09,2.651109678918955e-08
3.75e-07,21.3823946580322,-0.07922836745697348,-170.9813820017958,0.006953415975361302,21.327613046692015,-0.0757129783075228,-170.47711373591568,0.007077608708898452,68.18262462803764,2.3569779813977023e-09,2.6426366665512174e-08
3.775e-07,41.74057354560127,-0.010117978250562073,-169.16067362050833,0.00670955686655739,41.60017312398048,-0.012521650682212617,-169.82541467603374,0.006049317614117406,91.01338799978383,2.359926529450334e-09,2.6341295795676766e-08
3.8e-07,58.87863290162597,0.11252194633355463,-168.77738937099227,0.004330328536967847,58.71420413223757,0.09107908986390108,-169.27253055864426,0.005041765690752045,109.73055349877404,2.362520196550247e-09,2.625549634028793e-08
3.825e-07,71.26068341336375,0.2327276997745035,-168.98270262112467,0.003981787212521532,71.7703142844116,0.22757382935767137,-168.81520993729842,0.004062435699104783,123.48814786906296,2.3653676153329087e-09,2.6171366377881046e-08
3.85e-07,79.85551013334005,0.3808737306835214,-167.74596406380425,0.0032404131105340725,80.30351368763962,0.38791228999134236,-168.44926946754396,0.0031197250403818696,131.66435917529088,2.3687208177331827e-09,2.6094982088499072e-08
3.875e-07,84.30660596472575,0.5774083449988313,-167.57423472409607,0.002063763700597505,84.28186648671618,0.5624333599433661,-168.16963474295477,0.002222863362885991,133.88964128610584,2.3726864386971784e-09,2.60357646047965e-08
3.9e-07,84.02268399338253,0.7362319482079324,-168.42068577351887,0.0010232661197103153,84.04470300259771,0.7417332833539196,-167.97038984184871,0.001381649769968546,130.0634165177352,2.377329262166982e-09,2.600511553269274e-08
3.925e-07,80.16166877274073,0.9058992909768135,-169.30414540253915,0.0007399622702624182,80.19448700666877,0.9173616351459567,-167.8448351550978,0.0006060504275929037,120.35862151624556,2.382673489913303e-09,2.6014496795578855e-08
3.9500000000000003e-07,73.48268706106607,1.0723284101148791,-167.36027509456824,-0.00019616236845008888,73.46381254692093,1.0822651930597254,-167.78555298822005,-9.427958749365437e-05,105.21389091497043,2.3887069329909013e-09,2.6073509242526253e-08
3.975e-07,64.59332536469334,1.2334374571686608,-167.03826026482997,-0.0002331494625864915,64.58244851757934,1.2309485746592095,-167.78448035817638,-0.0007104748900523936,85.31373204798396,2.395387047813395e-09,2.618841017813126e-08
4e-07,54.249643652350215,1.3582765388535512,-167.40318508860057,-0.001226281812719638,54.16828714860742,1.3593726483495887,-167.83298833763047,-0.0012348655581743014,61.55758677743355,2.402647615093477e-09,2.636128386189241e-08
4.025e-07,42.8523441587612,1.4754132314643238,-167.22594014504543,-0.001427707508597915,42.66072223397558,1.4646578660522143,-167.92196723749535,-0.0016612518198270514,35.01917876966518,2.4104049560812637e-09,2.658984728779966e-08
4.05e-07,30.322287906982275,1.5225214633209772,-168.01823876957246,-0.002519309529101908,30.30638480881853,1.5446915870971984,-168.04191686293854,-0.00198501460269884,6.897983630701998,2.4185628699739688e-09,2.6867720188972167e-08
4.075e-07,17.076042790366255,1.6122491641781753,-168.54961695042357,-0.0022723324698766907,17.196880845666062,1.597750595374157,-168.18304102916716,-0.002203059643043322,-21.53498465958831,2.4270158980383694e-09,2.7184948118783925e-08
4.1e-07,3.4093208935243933,1.62092962217296,-167.64768303063633,-0.0023493077820333544,3.3480872385744003,1.6222404134666761,-168.3353454817105,-0.0023136235283265504,-48.99462068489553,2.435650989842588e-09,2.7528625807324086e-08
4.125e-07,-11.109783600358568,1.603600876003286,-168.93697756665486,-0.0018685613373028238,-11.197492010939285,1.6166237151416323,-168.48873833194745,-0.0023159950781608475,-74.2398114307203,2.444348073393096e-09,2.7883577767033753e-08
4.15e-07,-26.66959345353285,1.57130335685641,-168.03168647015835,-0.001943898552496239,-26.26835991148586,1.5795667497053743,-168.63313209260318,-0.0022102202999140243,-96.12953176623506,2.452980331398947e-09,2.8233157477047916e-08
4.175e-07,-41.43336964870134,1.5018891927959572,-169.42657635694044,-0.0018426108815835078,-41.48491870029185,1.510283407176707,-168.75854638011597,-0.001996861090899186,-113.67441618174695,2.4614151019794127e-09,2.856027660487881e-08
4.2e-07,-56.501504553704244,1.3873044026379018,-168.39431460356911,-0.0019477698076220123,-56.22272154142315,1.4090106477120046,-168.85521034131594,-0.0016768665346760152,-126.08147585664766,2.4695162303351102e-09,2.8848742694394602e-08
4.2250000000000003e-07,-69.50935401114084,1.2697550993812958,-168.37239469765868,-0.0007791797272047711,-69.62938010310187,1.2775151758558339,-168.9136638608698,-0.0012515930925575342,-132.7899399482356,2.4771484137956374e-09,2.9084866892428936e-08
4.25e-07,-80.32347486165202,1.1423673904919427,-168.45921623163775,-0.0008804245287504214,-80.69638654269312,1.119515977654872,-168.9248566134492,-0.000722980298037497,-133.49660115675917,2.4841836582076826e-09,2.9259135516162754e-08
4.275e-07,-88.58274904476492,0.9249496819573337,-168.63865279634732,-0.00030058118353951607,-88.37665211865078,0.9409138220167441,-168.88024404051586,-9.385710434220196e-05,-128.1695200048731,2.4905094778516263e-09,2.9367584526397825e-08
4.3e-07,-91.63850102886745,0.7454877444694756,-169.91884647277254,0.00012919966449476117,-91.72958789335428,0.7497462847459373,-168.77187935587122,0.000631673461004013,-117.04946842927839,2.496038015766462e-09,2.9412452470035153e-08
4.325e-07,-90.00969628750761,0.585414005798022,-168.7896316479423,0.0009001577225824184,-90.06969675106131,0.5558306950920253,-168.59250071647304,0.0014478421748399077,-100.63904743749228,2.5007149244636297e-09,2.9401776290395693e-08
4.35e-07,-82.88578314994092,0.3562892322059486,-168.22918722287562,0.002248841980904453,-83.09299919852393,0.37011002980779406,-168.3356127352125,0.0023468909122416,-79.6799706868847,2.5045266965914815e-09,2.9347844423033174e-08
4.375e-07,-71.36583862346215,0.22333766932676433,-167.6884127215567,0.0033771081008768704,-70.95851855851377,0.20376892472925434,-167.99556156002242,0.0033188885900713593,-55.11954071646588,2.5075052068523103e-09,2.9264769515595662e-08
4.4e-07,-54.20024401137514,0.054393249872542654,-168.29161440995645,0.004819569923714119,-54.30903314296312,0.06722936098811196,-167.56760279844116,0.004351734861834594,-28.067833029420093,2.509728516883616e-09,2.9165765643533876e-08
4.425e-07,-34.24140096737386,-0.03581772044096865,-166.86705457760087,0.005292705919800712,-34.22516329389577,-0.030839423039264457,-167.04796162810732,0.005431371484067056,0.25247679166451076,2.511317461438269e-09,2.906087495370714e-08
4.4500000000000003e-07,-12.408535130469954,-0.10212015878612382,-165.10130902340364,0.0066894230359299325,-12.117882296289295,-0.08435926724496555,-166.43388450107892,0.006542188106617301,28.561375236732335,2.512687308744435e-09,2.8955797967609546e-08
4.475e-07,10.519739657512163,-0.08219541416702887,-165.9594307495756,0.007679794211352123,10.425207446982508,-0.09041196988577588,-165.72368192275974,0.007667577873651052,55.57936456393291,2.514207246752836e-09,2.8852149109622366e-08
4.5000000000000003e-07,31.706871043476067,-0.03448888810423445,-165.86852277434028,0.008698468306541595,31.81680643669759,-0.0494604194527735,-164.91676186394213,0.008790574146716605,80.08529318375903,2.5156665076235095e-09,2.874899680407924e-08
4.525e-07,50.58975654614336,0.024303277000401954,-163.5029109711616,0.010124494262754628,50.643261363750426,0.034803967067976956,-164.01365344635445,0.009894487086863074,100.97154892995631,2.516857602402009e-09,2.8645128735507498e-08
4.55e-07,65.83803706272259,0.1663121981784984,-162.84624646533015,0.011533897931661236,65.80832396391682,0.15595707366465386,-163.0160206274097,0.010963459943380464,117.2941206070781,2.5178825152932464e-09,2.8541266906447722e-08
4.575e-07,76.35564560074633,0.2871821604651005,-160.95671472207658,0.011872481352000287,76.62655216442185,0.3055999665584664,-161.92666569784032,0.011982879464036407,128.31526514671936,2.5193029683274552e-09,2.844151968126769e-08
4.6e-07,82.78149354866072,0.49069943290301626,-160.7324415759506,0.013347842167804762,82.85429332507472,0.47426100340854943,-160.7495224957952,0.01293960026653466,133.53685191414547,2.521226248022909e-09,2.8353660172146468e-08
4.625e-07,84.5554351661104,0.664884189464685,-159.27731799103805,0.014301493559280704,84.656848697888,0.6523080019432826,-159.48963933197157,0.013821974788067409,132.72287707859132,2.523719546310909e-09,2.828823082915146e-08
4.65e-07,82.42496671354712,0.8283948383675365,-158.3557210475872,0.014854319378544893,82.52114095677854,0.8307427131494668,-158.1531517116556,0.014619712950343757,125.91013044895865,2.5268096709374246e-09,2.825683183582978e-08
4.675e-07,77.17240132820432,0.9956352082541631,-157.49995615315638,0.015400512409431494,77.1321070658232,1.0017774985516363,-156.7472450303344,0.01532362322967283,113.40653265823515,2.5304860936452077e-09,2.8270135303165636e-08
4.7e-07,69.120384478358,1.1636451331599396,-155.2699543549491,0.015713554384008385,69.23656393075476,1.159137764038296,-155.2801075090239,0.015925304608521446,95.7772178521129,2.5347063976504165e-09,2.8336142633046728e-08
4.7250000000000003e-07,59.865626324736134,1.2944589670962015,-153.64120144244387,0.01628124759670748,59.519499937245186,1.2980853378272104,-153.7608737228231,0.016416863872612947,73.81899091258015,2.539402954955227e-09,2.8459019117201146e-08
4.75e-07,48.46013116791218,1.411574245242552,-152.6615824120349,0.016601993608171023,48.514462826265266,1.415208249650791,-152.19955916069233,0.016790724173712475,48.52431369182322,2.5444896516028015e-09,2.8638598082080964e-08
4.775e-07,36.56433060986517,1.496426750994503,-150.78120406776844,0.016904449553888177,36.562578138947664,1.5080622689398337,-150.60698633529506,0.01703957039411232,21.03644799664035,2.54986767789536e-09,2.8870446715900167e-08
4.800000000000001e-07,24.036345907067695,1.5800754539560902,-149.2144717717419,0.01712701764926793,23.825065342340732,1.5747720433415258,-148.9947030382294,0.017156448429106515,-7.402217241678138,2.5554297658838063e-09,2.9146288163381033e-08
4.825e-07,10.52374154243498,1.6316405854706524,-146.76873052327056,0.01703627884950689,10.343692747534819,1.6137009078684306,-147.3748934074161,0.017135004278785386,-35.50631911774484,2.561062713799488e-09,2.9454588144936895e-08
4.85e-07,-3.739548016666739,1.6278249791214972,-145.79528771843326,0.017011048940307673,-3.8656698965005667,1.6232784605071753,-145.7602825391642,0.01696982052339077,-62.00561622824848,2.566648496601761e-09,2.9781205483990212e-08
4.875e-07,-19.09116738005905,1.6041120560546664,-144.91970966439067,0.01782436190614498,-18.707689288292727,1.6020377406262563,-144.1640354369227,0.01665678751577334,-85.702400690655,2.572064634336617e-09,3.011011992590321e-08
4.9e-07,-33.921426066002375,1.5379922735611875,-142.70107592949512,0.016030738109397848,-33.91412055112521,1.5488663715213709,-142.59965114139305,0.016193438154547705,-105.52563181196359,2.5771847034771698e-09,3.042433287616034e-08
4.925e-07,-49.065101134204546,1.4646334301207726,-141.31686551914612,0.015191510979447128,-48.98397079068134,1.4634272763676257,-141.0808529320698,0.015579179958922341,-120.579344688946,2.581879888968825e-09,3.070704713335597e-08
4.95e-07,-63.064431215600244,1.3514252155092903,-139.58120951330687,0.01455114725407111,-63.17284150351734,1.3466637369139005,-139.62147552796077,0.014815375489871893,-130.18314578138842,2.5860222822946283e-09,3.0943154676269044e-08
4.975e-07,-75.6601834017172,1.172510599705063,-137.9025906552268,0.013689449393629058,-75.53788408316441,1.2012784124017584,-138.23535024488598,0.013905248827974247,-133.90296515065464,2.5894902681180252e-09,3.112091291950601e-08
5e-07,-85.03196185979819,1.0331125475795497,-137.74639356642516,0.012947469070315546,-85.03431482729508,1.03207142366578,-136.93618908808338,0.012853626999634655,-131.57067543240032,2.5921758760086417e-09,3.1233519146104696e-08
5.025000000000001e-07,-90.43306669291378,0.8641711819295569,-135.76998798329782,0.011838487279359886,-90.64949259616667,0.8460399551101335,-135.7374687716598,0.011666555279496069,-123.29169081056529,2.5939934918324368e-09,3.128017427583825e-08
5.05e-07,-91.90234598776381,0.6254355541630399,-135.37877414017277,0.009705119616765644,-91.55297380947728,0.6521782889184911,-134.6523156605915,0.010350848709679348,-109.44020253632179,2.5948889175629473e-09,3.1266234905365074e-08
5.075e-07,-87.10301278794148,0.44175265310844175,-133.45976578177397,0.008523319246523161,-87.23712173135226,0.46096652270341615,-133.69339262645556,0.00891365465796351,-90.64226633566413,2.5948475183664954e-09,3.120222548103418e-08
5.1e-07,-77.57328539610626,0.27733546022110556,-132.82297588202903,0.006874552827723333,-77.62349034546169,0.2835898052682417,-132.87278879487482,0.007362100426194568,-67.7475061163126,2.593900154904857e-09,3.110179396717923e-08
5.125e-07,-63.13228478129709,0.11613811251870795,-132.34978948375118,0.006106222811502151,-63.11525980022637,0.1309782705751,-132.20191314090624,0.005703085833718245,-41.79071290193218,2.5921257833443413e-09,3.097904724468544e-08
5.15e-07,-45.01212048523733,0.00854482697479056,-132.3647930028334,0.0035060853750654803,-44.58461449323578,0.012792307780701014,-131.69139285845415,0.003943255736790434,-13.945074634395548,2.5896499920522597e-09,3.0845959076588005e-08
5.175e-07,-23.05196666713742,-0.07322000923421658,-131.49533219799872,0.0020380251867452527,-23.294633125122054,-0.06350789277544931,-131.35097739151834,0.002089155961692406,14.530849249489467,2.5866392726980327e-09,3.0710583493016174e-08
5.2e-07,-0.5755623285441698,-0.08690488024809251,-131.690972386027,0.00022715303327252957,-0.7661367334559177,-0.09337819271489285,-131.18944896899922,0.00014754367110909961,42.35001183840868,2.5838251939266727e-09,3.057658637252904e-08
5.225e-07,21.35034590303613,-0.06429609461005027,-131.65962683434438,-0.0023648302941455005,21.390890891764922,-0.07559171652152591,-131.21454043128318,-0.0018742045080347386,68.25505033593386,2.5811380028254635e-09,3.0444190995427255e-08
5.250000000000001e-07,41.52713032440509,-0.010329693261966805,-130.32306840061347,-0.0037744378037300732,41.655844445530484,-0.01227228282989583,-131.4328610763781,-0.003967661272931329,91.07511599553557,2.5783965611798086e-09,3.031217026897778e-08
5.275e-07,58.925633156210665,0.1073744731455078,-132.5439682409039,-0.006135598792303825,58.75902350880217,0.09143751876227571,-131.84983118647375,-0.006122974135684461,109.77879381754569,2.575430564376332e-09,3.018018526704616e-08
5.3e-07,71.82913144722333,0.2479453153854658,-132.89736286768684,-0.00853956942970374,71.80225593533879,0.22801643090205206,-132.4696258230585,-0.008328618681951746,123.52072015830375,2.572861562895488e-09,3.0050691034754324e-08
5.325e-07,80.6904763736399,0.38427156866367423,-133.73391574760524,-0.010272944174974086,80.32186304214206,0.38841101030506364,-133.29512840074221,-0.010571329629467836,131.67979124170384,2.5709499228585945e-09,2.992982508625464e-08
5.35e-07,84.25570393940016,0.5443512948483782,-133.7347223578605,-0.0116224549632361,84.2871221522231,0.5629596864402411,-134.32789446740915,-0.012836230072173936,133.88723563543292,2.5698133974164077e-09,2.98270705372455e-08
5.375e-07,84.39121047073155,0.7351743483806321,-135.6644702491528,-0.01558925450640673,84.03831685919617,0.7422606008475613,-135.56812603195885,-0.015107146261617844,130.0432818799082,2.5695285229471733e-09,2.9753888945859213e-08
5.4e-07,80.01186125066208,0.8934336131575887,-136.1653635682296,-0.01703415275142674,80.17849660413809,0.9178669340139373,-137.0146566914431,-0.01736706467735737,120.3216679310421,2.5701318387661373e-09,2.9721799065446343e-08
5.425e-07,73.43473547298665,1.0699382523087426,-138.70585728521104,-0.019378035115911248,73.44043639774426,1.0827299619506663,-138.6649477176501,-0.01959866535060125,105.16178860028705,2.571624019276573e-09,2.9740455871891296e-08
5.45e-07,64.55840548827577,1.2315891203130482,-140.1402847331094,-0.02208228775411316,64.5537184569806,1.231358863719661,-140.51509516992198,-0.021784854410584097,85.24883590979243,2.573975840263452e-09,2.9816169471191364e-08
5.475e-07,54.149380101476844,1.3323918485421589,-142.99307213475495,-0.02415164038266587,54.135782169655336,1.3597184383645995,-142.55984800703192,-0.023909221491748452,61.48282997338988,2.5771347779965363e-09,2.9951077211405834e-08
5.5e-07,42.747314353997524,1.446927078096977,-143.5725423018332,-0.025534972108097978,42.62544698905951,1.4649319974788335,-144.79263707710928,-0.0259563634008134,34.937940137070804,2.581031136687876e-09,3.014295071400901e-08
5.525e-07,29.992007452734835,1.5251722592471273,-147.38972735465433,-0.027488358782618554,30.268807229873595,1.5448885697746717,-147.2056147717105,-0.02791204138774817,6.813934970744561,2.5855828898431293e-09,3.038546648364592e-08
5.55e-07,16.740479864697207,1.578512682586775,-150.56175824762428,-0.029467373297469224,17.157112341676363,1.597865623313097,-149.7897050389869,-0.029763170769544826,-21.618044538882785,2.5906988430430853e-09,3.066872899561226e-08
5.575000000000001e-07,3.1334458445820794,1.6115384613797061,-152.58025143792173,-0.03186779323855846,3.306161335452372,1.6222688497061055,-152.53466336231494,-0.03149767282795283,-49.07293766613613,2.596280195603266e-09,3.0979893739045404e-08
5.6e-07,-11.295611940588559,1.6077104910251097,-154.847522451826,-0.032982280783822884,-11.241305888391246,1.6165612008655612,-155.4291462254785,-0.03310424420163473,-74.30984576470452,2.6022210047450153e-09,3.130384753640211e-08
5.625e-07,-26.524013226149396,1.557571214872657,-158.56798638173527,-0.03472363358056474,-26.313278056540824,1.5794099506447705,-158.46078950429572,-0.03457211384239682,-96.18811806055757,2.6084083559037113e-09,3.162400772013929e-08
5.65e-07,-41.42403076284831,1.5200300417804593,-161.4824247362629,-0.03567103553237217,-41.529464659569086,1.510031265358161,-161.6162951481516,-0.03589085931137337,-113.71890646932168,2.6147231583293754e-09,3.192335166197214e-08
5.675e-07,-56.17889183203229,1.4212862682057752,-165.15109334556948,-0.03715420775199713,-56.264693866471575,1.408665885166839,-164.8815254439206,-0.0370503424289601,-126.10985927779464,2.6210423927558428e-09,3.2185754858594764e-08
5.7e-07,-69.73070346833974,1.2987507917540857,-169.08429574412972,-0.037576819717070664,-69.66598546845553,1.2770857220877299,-168.24160408984312,-0.03804080116343024,-132.80093363695673,2.627243353320675e-09,3.239759870562576e-08
5.725e-07,-80.08815812803977,1.1139726796387357,-172.6384186738044,-0.038498626713784984,-80.72452620469096,1.1190159791993588,-171.68102324863503,-0.03885310430084409,-133.48970822335983,2.6332100011743767e-09,3.2549441253063985e-08
5.75e-07,-88.38287448457714,0.9127475489838446,-174.73327910544842,-0.03967462298104862,-88.39332013106855,0.940363943943453,-175.1837556979683,-0.039479143345474116,-128.14505199424593,2.638841061399698e-09,3.2637389652232e-08
5.775e-07,-91.59245948024702,0.7381103680589021,-178.7484486360255,-0.039976420599436124,-91.73231693590196,0.7491731222935578,-178.73337115289723,-0.0399123080505299,-117.00853123978267,2.644059039777991e-09,3.266374987942472e-08
5.800000000000001e-07,-90.13255076282535,0.5570602179663473,-182.84879782701998,-0.04053602198225262,-90.0569760143902,0.5552652602445909,-182.313155799223,-0.0401479730645723,-100.5834913368663,2.648818999494727e-09,3.263661865232101e-08
5.825e-07,-82.92785072292223,0.36693939624058913,-185.79187188437945,-0.04001193460328554,-83.0645906756555,0.36958543687417134,-185.90623404947453,-0.04018391687599853,-79.61230668435927,2.653115788062429e-09,3.256833289214769e-08
5.85e-07,-70.80758858274008,0.21608779778212156,-189.871954273761,-0.03927715466699423,-70.91561311639487,0.2033175426844258,-189.49569151439098,-0.040020601785495276,-55.042827070864774,2.656988477126295e-09,3.247304013280686e-08
5.875e-07,-54.43078759833435,0.061828477863945935,-192.75041205502134,-0.038999053828393145,-54.25421334543987,0.06687980276687215,-193.06469817267666,-0.03966126381206729,-27.985537022824605,2.6605210687976308e-09,3.236397552519838e-08
5.9e-07,-34.173211367337146,-0.024247366787015032,-196.92772356960415,-0.03917754398342028,-34.16217168072466,-0.031065061570440686,-196.5966307204509,-0.0391117907736576,0.3366355671708162,2.663838989169104e-09,3.2251190496267574e-08
5.925e-07,-11.615913734982811,-0.09855861918606144,-200.21973617766463,-0.03878004292336199,-12.051226146581396,-0.08444753148127997,-200.07519308924833,-0.03838040017818847,28.64359299615046,2.667362560833359e-09,3.214038664069786e-08
5.95e-07,10.613580967352883,-0.08505827993361431,-203.87155774092295,-0.03748835565903095,10.490756591333252,-0.09035923665119854,-203.48453413756081,-0.03747716018904649,55.65592525177171,2.671459558702653e-09,3.2033175164275455e-08
5.975e-07,31.663344413889593,-0.04064211728003943,-205.18762007965358,-0.036971020149359914,31.87674282230862,-0.049272995307789724,-206.80936154563048,-0.036413421271861215,80.15273643127986,2.6759192743756877e-09,3.192861983683013e-08
6e-07,50.60845370793004,0.05192199349015292,-209.3182303008799,-0.034969014470658345,50.69382449833209,0.03511083212192365,-210.0350509762534,-0.035201238953860355,101.02682645595979,2.6805327457523214e-09,3.182550305317988e-08
6.025000000000001e-07,65.85617414152469,0.17509375004261682,-212.832656575703,-0.033735908854415825,65.8468565362844,0.1563610871580252,-213.14774960548084,-0.03385286723828697,117.33473399327288,2.685401488007962e-09,3.1724539404283674e-08
6.05e-07,76.53033359610895,0.28147764612062104,-215.6669752492552,-0.03132454587320579,76.65168663829623,0.3060743066937682,-216.1344731759215,-0.03238038784001939,128.3393787605374,2.691080783629172e-09,3.162982453455349e-08
6.075e-07,82.88041217719564,0.4875444378543095,-219.95062666786583,-0.030946398920713734,82.86594688821411,0.4747770616616521,-218.98319578143523,-0.030795515148682003,133.5433758751567,2.6976713883184366e-09,3.154910977393694e-08
6.1e-07,84.61933511504542,0.6470683398279772,-221.17630455072185,-0.029201761423901042,84.65603874599522,0.6528379576252972,-221.682931654873,-0.029109585195534176,132.71151651861487,2.7052322902025693e-09,3.149290361628167e-08
6.125000000000001e-07,82.43960771657112,0.8173830619477247,-224.45582716893932,-0.027126955388787437,82.50966310283253,0.8312615944953933,-224.22380829961097,-0.02733370451866021,125.88139883943381,2.7137804341839322e-09,3.1472758485836045e-08
6.15e-07,77.1094533361423,1.008877647998844,-226.42191398338164,-0.025734771183479055,77.11213956373628,1.002264493527073,-226.5971303803341,-0.02547900740697565,113.36172860248206,2.7232937925723615e-09,3.149928501421189e-08
6.175e-07,69.16481028168162,1.1723163472310916,-228.64946601648555,-0.023327015283567676,69.21027259424297,1.1595766890617165,-228.79543386820404,-0.023556952358169535,95.71836639141931,2.733716842544431e-09,3.1580410849793144e-08
6.2e-07,59.39516451635481,1.317018483970445,-230.7418287569227,-0.021786231103025907,59.48871443253935,1.2984643275798304,-230.81253001948195,-0.02157958374323836,73.74875199894774,2.744967280537373e-09,3.172021738396672e-08
6.225e-07,48.76333555760132,1.3890900157806514,-232.02577963505544,-0.020463254881702576,48.48047933392205,1.4155188681871236,-232.6435388541556,-0.019559693358660885,48.44586196419329,2.756942791821105e-09,3.191844601000988e-08
6.25e-07,36.498632310679255,1.4843918739488298,-235.348691852551,-0.017538020899580942,36.526117795933146,1.5082983370218799,-234.28491189135684,-0.01751083706761687,20.953329294440938,2.7695268928986105e-09,3.217056559395877e-08
6.275e-07,24.256488887025956,1.6063353325105443,-234.23242380049322,-0.015061555999940674,23.78638729926178,1.5749285127642227,-235.73444399057115,-0.015447190268857103,-7.48624614239116,2.7825932299848697e-09,3.2468195626318974e-08
6.3e-07,10.305154116243168,1.5997862211217275,-237.0994808419944,-0.013214416440183355,10.302830696247831,1.6137730847885599,-236.99127424102676,-0.013383257244237739,-35.58746030201923,2.796008174241167e-09,3.279969348836142e-08
6.325e-07,-4.165558570034975,1.6271731546153594,-239.0209498001662,-0.011116510447650734,-3.9086027879295617,1.623261792492348,-238.0558759353876,-0.011333477799069252,-62.080202299337905,2.809632013739601e-09,3.3150805545695124e-08
6.350000000000001e-07,-18.887806255138486,1.6111167966828737,-238.5408299766578,-0.009238866335187034,-18.752195594379067,1.6019282530351076,-238.93003575715105,-0.009311794845382134,-85.76706052800186,2.8233194142075086e-09,3.3505395763686994e-08
6.375e-07,-33.738749995029735,1.543056819452261,-239.91812173534817,-0.007806814930023047,-33.95908313025328,1.548661692268572,-239.61682240314434,-0.007331254986204557,-105.57744293816882,2.8369200334611575e-09,3.38463476203335e-08
6.4e-07,-48.98748193465194,1.472953258444733,-240.2023571974516,-0.005028565956619546,-49.027543397581034,1.463128051693079,-240.1205449524255,-0.005403709180462114,-120.61596535909379,2.8502801863092103e-09,3.415674529084802e-08
6.425e-07,-62.95719994084977,1.3549903946196546,-240.50121321719257,-0.0032166380981617643,-63.21249899519666,1.346275140264659,-240.44670137994797,-0.0035396630677163848,-130.2029208245858,2.8632462636700307e-09,3.442136281030367e-08
6.45e-07,-75.73887114739293,1.2018750126016453,-239.90939504871662,-0.0019021262223537548,-75.57063589070748,1.200811403298005,-240.60191769676914,-0.0017482996436724333,-133.90500077998234,2.875670246419979e-09,3.4628341121844614e-08
6.475e-07,-85.23444767611618,1.0356077665794003,-240.75547665900544,-2.931020997055053e-05,-85.05705428807377,1.0315434328367934,-240.59387827766645,-3.7665543756665385e-05,-131.55487964204832,2.8874171882107153e-09,3.477076224879838e-08
6.5e-07,-90.73850676079121,0.8417438783316713,-240.50525742802486,0.0013643362754881348,-90.65942807580265,0.845474753924978,-240.43124801107132,0.00158501810382257,-123.25877753428607,2.898374059621142e-09,3.4847711551009496e-08
6.525e-07,-91.8227015752006,0.660614609874542,-240.73494351513082,0.0036095322616469527,-91.54807016436033,0.6516049315288142,-240.1235869746004,0.0031129829473771097,-109.39165937924957,2.9084589405050086e-09,3.486442725933575e-08
6.55e-07,-87.33425701828615,0.47577834887571563,-239.78730155928866,0.005714125829023678,-87.21647580167063,0.46041740575212925,-239.6812584015731,0.004539554168423719,-90.58028733795123,2.9176292980205727e-09,3.4831309891371124e-08
6.575000000000001e-07,-77.59283900672321,0.2913599625792854,-238.18967416854028,0.005938699033630766,-77.58757283060328,0.2830980449553816,-239.11533075920744,0.005857879394128496,-67.67489258750922,2.925888047561651e-09,3.4761875949215495e-08
6.6e-07,-63.064072950196795,0.10905963854392635,-237.67135426385784,0.007032453937959957,-63.06597664621125,0.13057472274333082,-238.43747480722016,0.007060806359073653,-41.710746808179685,2.9332862789939344e-09,3.467009309783079e-08
6.625e-07,-44.40645657873965,0.010359341734881376,-238.255506905858,0.008490143517479436,-44.52517024193245,0.012502630813702521,-237.6598565458992,0.008140944838072133,-13.861370261024854,2.9399219176126366e-09,3.456779013791598e-08
6.65e-07,-22.97330093053488,-0.07278614646635652,-236.31015524950973,0.009052666426152503,-23.229211429473754,-0.06366572377465879,-236.7950269950353,0.009090916653977774,14.614508655422918,2.945934118280643e-09,3.446287435014694e-08
6.675e-07,-0.5048228138682335,-0.06049577985666736,-235.3681179764117,0.010163388797521183,-0.6994436964730428,-0.09339557107062882,-235.85580976911837,0.00990376475211829,42.429845062273394,2.9520288882668097e-09,3.435886798573772e-08
6.7e-07,21.89177372345398,-0.051471467751804015,-234.0318493375265,0.010645699158539799,21.45415208670268,-0.07547005629661162,-234.85518742972505,0.010573464187398294,68.32744909781799,2.9581076423808016e-09,3.4255858288179945e-08
6.725e-07,41.346677099337285,0.004901546919692003,-233.62477735283395,0.010771630577436837,41.71148797934891,-0.012022561752356387,-233.80618760292788,0.011095459345255859,91.13680803627318,2.9639636401584384e-09,3.415249248707748e-08
6.75e-07,58.556170206136116,0.07805063438457548,-232.95409975520226,0.011594291562039219,58.80380723573726,0.09179623482158378,-232.7217698477925,0.011467146069975596,109.82699079738703,2.969401871814013e-09,3.404831675789447e-08
6.775e-07,71.6584578673726,0.2400800331975206,-231.91385479288007,0.012009976455166054,71.83415790340173,0.22845924015298005,-231.61471425163245,0.011688225588344769,123.55324368352005,2.9750232026187526e-09,3.394568028638416e-08
6.800000000000001e-07,80.16898051838066,0.4062727210140414,-230.12486394381153,0.011278163295910255,80.3401724927731,0.38890985362019964,-230.4975127087624,0.011760877732834296,131.6951713230208,2.9810630732031575e-09,3.385062077211803e-08
6.825e-07,84.17298741761532,0.5517696921720744,-229.7340626075627,0.011103208905117684,84.2923409555097,0.5634860536199379,-229.38226381221676,0.011689730339647977,133.88477712819972,2.9876175908302324e-09,3.377252454127562e-08
6.85e-07,84.19440449101224,0.7119176590045488,-227.98334376728081,0.011566422950624504,84.03189920004057,0.7427878852012166,-228.28057225252968,0.011481634641354516,130.02309590305325,2.994742916380005e-09,3.372275740877411e-08
6.875e-07,80.69790499095996,0.9143362525046338,-228.24205261644596,0.010689643051179412,80.16248116094725,0.9183721382930025,-227.20345357454042,0.01114528719651363,120.28466684474967,3.0024565775729363e-09,3.3712743036855164e-08
6.900000000000001e-07,73.29472417551571,1.0889954368746433,-226.40310068087553,0.010744214781528332,73.4170416373059,1.0831945885524366,-226.1612450926778,0.010690762029660508,105.10964476939438,3.0107416826840426e-09,3.375204306911114e-08
6.925e-07,64.48179553013021,1.2373748303347454,-224.79211044980562,0.01001543176745699,64.52497520703696,1.2317689755993826,-225.1635237077577,0.010129028196465587,85.18390611670839,3.0195529553118918e-09,3.384687808870017e-08
6.95e-07,54.08787081305451,1.3564473215053412,-224.69010911609814,0.009369192180471874,54.10326782999165,1.3600640264571329,-224.21903130451037,0.009471526029289768,61.40804889689948,3.0288233884573742e-09,3.399930199698861e-08
6.975e-07,42.7724094276939,1.4639797190562236,-223.63244734393524,0.008940570389929993,42.59016449633985,1.4652059088905505,-223.33560833942568,0.008729860365745695,34.85668771153098,3.0384704137514185e-09,3.420701092875293e-08
7e-07,30.018643687084715,1.562264669312771,-221.65198142555255,0.00793992663214493,30.23122313772613,1.5450853176357553,-222.5201361536727,0.007915643947851908,6.729883620753508,3.0484007722393717e-09,3.4463615074247636e-08
7.025e-07,16.94488940495021,1.5919035762601101,-221.01028692141168,0.00670547798084372,17.117337385414928,1.5979804026071254,-221.77848846651185,0.007040493542072871,-21.701095883716583,3.0585136954811185e-09,3.475916235247267e-08
7.05e-07,2.935387573248761,1.5954233692810613,-221.31110559535523,0.006369075076106563,3.2642292754440616,1.622297023806142,-221.11549242145804,0.006116150785125791,-49.151235274157216,3.068702475725243e-09,3.508076168962572e-08
7.075e-07,-11.124265266307491,1.5995438869545744,-221.84454612702348,0.005509923941187041,-11.285124485145879,1.6164984125846258,-220.53489947123583,0.005154674885142583,-74.37985076233845,3.0788549299239604e-09,3.541326356658164e-08
7.1e-07,-26.149674796829586,1.559680882497556,-221.33799668475652,0.003944124927111748,-26.358197639416787,1.5792528703907027,-220.03936629905132,0.004168639643124116,-96.24666638133309,3.0888535619560177e-09,3.574005966400987e-08
7.125000000000001e-07,-41.29713391435015,1.5138993102472544,-219.38998256514225,0.002780549267875423,-41.57400660440022,1.5097788440485211,-219.6304458836831,0.003171265492535342,-113.76335186247361,3.098576342437133e-09,3.6044113133522463e-08
7.15e-07,-56.181262481355844,1.4269749985331273,-218.85682864387465,0.0014465815319488207,-56.306654701648455,1.4083208582186337,-219.3085887251683,0.0021764287354281396,-126.13819291276671,3.107898932587519e-09,3.630929747019166e-08
7.175e-07,-69.7392112368805,1.2886536777684747,-219.14051406559017,0.0013908538872766968,-69.7025704784956,1.2766560361453423,-219.0731541572362,0.0011985128312216903,-132.81187489797213,3.116698893601699e-09,3.652200467470988e-08
7.2e-07,-80.88199436128137,1.117611947085474,-220.3238276735771,0.00037738334389517277,-80.75263629317568,1.1185157999915243,-218.92243158292422,0.0002520963842419713,-133.4827625903378,3.124861997988168e-09,3.667281548756388e-08
7.225e-07,-88.41800189613217,0.9536346289344835,-218.51076592482113,-0.000673317922117532,-88.40995027972006,0.9398139553630225,-218.85367138180078,-0.0006484960091459773,-128.12053339398167,3.1322902735507426e-09,3.6757870049011916e-08
7.25e-07,-91.82733255211184,0.7671661005831989,-218.9000075867199,-0.002109981851687604,-91.73500206419723,0.7485999352773458,-218.863125151688,-0.0014897263781168035,-116.96754785717141,3.138910955890705e-09,3.67795145918171e-08
7.275e-07,-90.05843810668988,0.547027298163444,-219.39552767215804,-0.0013238152101980036,-90.04420866888351,0.5546998967269636,-218.94609486549174,-0.0022593873032851885,-100.52789552747149,3.144685189387225e-09,3.674588960046933e-08
7.3e-07,-83.14717577424764,0.368381277023928,-218.84139918616006,-0.002831940941778423,-83.03613692465038,0.369061013336553,-219.09699044542316,-0.002947078987153466,-79.54461125215676,3.149615167475069e-09,3.666937572525798e-08
7.325e-07,-70.54938190032895,0.1783818603314452,-219.34412755337507,-0.003502890712203111,-70.87266808540939,0.20286642143382164,-219.30939518323677,-0.0035445489947085913,-54.96609169522724,3.153748476143817e-09,3.6564161914330586e-08
7.350000000000001e-07,-54.26373691685635,0.05958042332629596,-219.2591547132609,-0.00449867833824583,-54.1993634518899,0.06653058135421525,-219.5761383667538,-0.004045844358293417,-27.903229967980447,3.1571786962044822e-09,3.644352218678258e-08
7.375e-07,-34.211913277029474,-0.030908917262389164,-218.68934365313999,-0.004191386001682893,-34.09916236978586,-0.03129031004022859,-219.8893744104948,-0.004447254941184854,0.42079420977968274,3.160041787335964e-09,3.631754623171311e-08
7.4e-07,-12.307200111373696,-0.09227844850005185,-221.2515314413756,-0.004815700495105681,-11.984566247119135,-0.08453538016642499,-220.24066773225428,-0.004747060117903032,28.7257994475317,3.162771341505389e-09,3.61919767557134e-08
7.425e-07,10.825755614271667,-0.09672617636532774,-221.0246526128741,-0.004443064145444919,10.55629554741547,-0.09030609207409333,-220.62108256840247,-0.004945122167731306,55.732463967532645,3.1657441790306397e-09,3.6068472651144674e-08
7.450000000000001e-07,31.90305547915462,-0.07089939028639738,-221.09297889141453,-0.00518602185188258,31.93665661883105,-0.049085192369158294,-221.0212768790278,-0.005042393809559869,80.22014803577049,3.1687622939112083e-09,3.594615455883835e-08
7.475e-07,50.92570620263337,0.05212710916788592,-222.16954916399564,-0.00475235657555057,50.744355445479925,0.03541801946198221,-221.43159946008532,-0.005040419831664313,101.08206409817276,3.1716300210600702e-09,3.5823871431091786e-08
7.5e-07,65.4296764504123,0.17073355662491502,-221.11961875816667,-0.00493145712474167,65.88535094551602,0.15676534915802498,-221.8421893538001,-0.004940911621317339,117.37530105757241,3.1744652364746443e-09,3.5702412269344715e-08
7.525e-07,76.51689195385693,0.31321897774510826,-222.76651377054336,-0.005096207292069787,76.67678086491287,0.3065488122351962,-222.2430766308913,-0.004745458820841677,128.3634417080012,3.177835584072407e-09,3.558595140434666e-08
7.55e-07,83.01791249999584,0.47177985766825914,-223.69039664640354,-0.004643444440338046,82.87756171730456,0.47529320092992977,-222.62428360889345,-0.004455416943001441,133.5498471153579,3.1818559812768826e-09,3.548231894328188e-08
7.575000000000001e-07,84.85609476018682,0.6493675878786215,-223.7669480114449,-0.004189587155616427,84.65519439589728,0.6533679156243105,-222.97592557001445,-0.004071978085343247,132.7001035662333,3.1865996958941514e-09,3.540209866718387e-08
7.6e-07,82.71405529175964,0.8278488324577329,-223.5540797669573,-0.003563266918612159,82.49815691527799,0.8317804102066503,-223.2883100495862,-0.0035963995041088945,125.85261753392659,3.1920979790860674e-09,3.535691266232799e-08
7.625e-07,77.18792743634503,1.0010812078037936,-223.01068564231156,-0.0033838298082525284,77.09215031826547,1.0027513682910945,-223.5520337821508,-0.0030303374531103757,113.31687979331484,3.198343045868818e-09,3.535743513872196e-08
7.65e-07,68.96307389741979,1.167664769458035,-223.79378547363382,-0.002396460827891053,69.1839655382698,1.1600154528352273,-223.75807641642777,-0.00237621614875663,95.65947714263189,3.205293463420211e-09,3.5411652110511106e-08
7.675000000000001e-07,59.34247942291691,1.2753765764498024,-223.42564079881248,-0.0017491644474895316,59.4579178765476,1.298843126685016,-223.89789014259188,-0.0016375570080597696,73.67848397047521,3.212880777610122e-09,3.5523699644171866e-08
7.7e-07,48.25393577909052,1.406914521574041,-225.15191655790161,-0.0009844150552932318,48.44648774389011,1.4158292751179755,-223.96348441516756,-0.0008192021346388093,48.36739111090252,3.2210161969072033e-09,3.5693371599820495e-08
7.725e-07,36.55209769493677,1.4998072844537278,-224.2469376284004,-0.00018403045765652404,36.48965070867361,1.508534177428737,-223.94750500202994,7.261331414423888e-05,20.870202320200836,3.229596352739507e-09,3.591618809287685e-08
7.75e-07,23.811034429047847,1.595212889043266,-224.18297773086834,0.0008881442214752636,23.74770280341662,1.5750847403941866,-223.84330664407616,0.0010303565831527026,-7.570272087651813,3.2385075213182107e-09,3.6183819033211566e-08
7.775e-07,10.368894378682212,1.6113746095470909,-223.44060628425515,0.0021415800472931457,10.261962252211536,1.6138450062167224,-223.64501867058655,0.0020454458839494647,-35.66858743692882,3.2476281494379913e-09,3.6484671357252216e-08
7.8e-07,-4.209051456659374,1.6194622814475828,-223.97623307954416,0.003364045417271814,-3.9515413090827423,1.6232448560307442,-223.34760298158588,0.003108608904608002,-62.15476386214664,3.2568299858678486e-09,3.6804539998998625e-08
7.825e-07,-18.79355208972256,1.6278216380877997,-222.81535970607686,0.003940206811091377,-18.79670523547718,1.6018184870105066,-222.94690388003923,0.004210287799462154,-85.83168650587002,3.2659784915757927e-09,3.7127336609400766e-08
7.85e-07,-34.04319016696263,1.5559866919892935,-221.98098121878175,0.005556027576767729,-34.00404468684836,1.548456731291765,-222.4396893128162,0.005341018733213177,-105.6292123840716,3.274933414270375e-09,3.743599195108705e-08
7.875e-07,-49.21797084962672,1.465906888574894,-221.60282761845158,0.006650820101027861,-49.07110846544028,1.4628285531781449,-221.82368315935057,0.006491718987050869,-120.65253841196949,3.2835504239224984e-09,3.771363784464613e-08
7.900000000000001e-07,-63.72522079855557,1.3426678062152766,-220.8575193604511,0.007966012659351394,-63.25214066798697,1.3458862930846873,-221.0975882900744,0.007653832088964118,-130.22264446573203,3.29168451225023e-09,3.79450970231503e-08
7.925e-07,-75.56559951446137,1.2217964561008559,-220.38094813107287,0.008810321009820862,-75.60336268759919,1.2003441854089458,-220.26110020227154,0.008819308265523884,-133.90698354573644,3.2991954954332406e-09,3.8118560299091315e-08
7.95e-07,-85.22964147976703,1.0294099374274117,-219.93658381329533,0.009895805181497894,-85.07975981796613,1.0310152943089281,-219.31491112819305,0.009980428881142573,-131.53903191591326,3.3059554927911274e-09,3.822715981616315e-08
7.975e-07,-90.22409095331321,0.8167733217997789,-218.65803696357636,0.011678704771203493,-90.66932230054451,0.8449094837290343,-218.26070459832644,0.011129513748419301,-123.22581559739353,3.31185777230856e-09,3.8270029152474147e-08
8e-07,-91.36425478732367,0.6386526557479829,-217.10785810294013,0.011956346426573686,-91.54312077792528,0.6510315969302468,-217.101140530805,0.012258573756721744,-109.34307303608269,3.316825948669806e-09,3.8252449731789884e-08
8.025e-07,-87.13238684307618,0.43044585752223513,-215.22623407128967,0.013240729888982429,-87.19578342102115,0.45986840964046655,-215.8398310052972,0.01335898384258534,-90.51827258057402,3.3208222705792635e-09,3.8184856892562604e-08
8.05e-07,-77.47059221305885,0.26664031552143114,-214.1789836069381,0.01388054323878071,-77.55161239484625,0.2826065013270234,-214.48130696553545,0.014421250532082562,-67.60225234173164,3.3238536944748804e-09,3.808079105690226e-08
8.075e-07,-63.06103613179825,0.1445507291739129,-213.03725301372307,0.015624896586705028,-63.016658229835684,0.13017147630412063,-213.03097617815126,0.015434934121283427,-41.630764247685825,3.3259746275157868e-09,3.7954232163652574e-08
8.1e-07,-44.2345136257158,0.043117150168768,-210.83215149491568,0.016123522001324934,-44.465701826235026,0.012213320620707353,-211.49507285593535,0.016388760414655378,-13.777660415404702,3.3272856102050743e-09,3.7817011157200064e-08
8.125000000000001e-07,-23.02754829186747,-0.06857783612253329,-210.10248218664688,0.017226585292692484,-23.16377893242248,-0.06382314824178396,-209.88059943029737,0.017270925169890615,14.698162291781692,3.3279277383026084e-09,3.767703083324911e-08
8.15e-07,-0.6154705246217339,-0.10123550094258464,-207.76954042959503,0.01821042155915014,-0.6327539996832812,-0.09341253228136548,-208.19526102988533,0.01806956155528468,42.50966153550995,3.328609643877851e-09,3.7537806814571805e-08
8.175e-07,21.7702198439286,-0.06927521339120753,-206.4604917440981,0.018497215553372498,21.517396594765223,-0.07534799773832848,-206.44739328937035,0.018773312774386076,68.3998208851065,3.3292309348275744e-09,3.7399421652077477e-08
8.2e-07,41.69750408271236,-0.005876844201535309,-204.38678278165042,0.01957504842996154,41.76710369702042,-0.011772487637746529,-204.64588417372363,0.019371933502740007,91.19846409764229,3.329585051988561e-09,3.7260522235609995e-08
8.225000000000001e-07,58.871733818289826,0.08158174505372703,-203.00515270640756,0.019868601770724942,58.8485552953847,0.09215523778972558,-202.8000905583355,0.01985683816447563,109.87514441927333,3.3294767626311614e-09,3.7120658862946e-08
8.25e-07,71.79913466865757,0.22155089882117007,-199.93267031927252,0.020678328137468407,71.86602018249062,0.22890225681817147,-200.91975035357288,0.020221522330202878,123.5857184318728,3.3295093762246767e-09,3.6982187297102745e-08
8.275e-07,80.31106952740096,0.3747505505468359,-198.76600463602776,0.020421940407124195,80.35844204409355,0.3894088196295394,-199.01489100339248,0.02046180417413783,131.7104994131696,3.329915131456436e-09,3.6851151054761e-08
8.3e-07,84.46028644310134,0.5758250809588898,-196.90130845629278,0.021050712167713377,84.29752290950337,0.5640124611835516,-197.0957352210653,0.02057586233400845,133.88226576537684,3.330788779650309e-09,3.6736938324846175e-08
8.325e-07,84.0472436333211,0.732049195235167,-196.03612916377082,0.0206060549442959,84.0254500431716,0.7433151361424751,-195.17260485060535,0.02056407948521205,130.0028585951394,3.332184932025514e-09,3.665091072250765e-08
8.35e-07,80.30550505473319,0.9060295347448816,-193.3905465467822,0.02029486608264776,80.1464406966732,0.9188772477484991,-193.25582375991834,0.020428731673614905,120.24761827197528,3.334119447587196e-09,3.660448116691085e-08
8.375e-07,73.16282742703467,1.0789627653196991,-190.34669809865008,0.02072992522693299,73.39362828347488,1.083659072672039,-191.35562068082456,0.02017358657899416,105.05745944287915,3.3365737180843918e-09,3.660719507570174e-08
8.4e-07,64.28942301563947,1.2234131963292374,-188.90163179116954,0.019458566892297056,64.49621878156552,1.2321789101446228,-189.48203291188108,0.019803485408441877,85.11894269436945,3.339500769256811e-09,3.666525336591822e-08
8.425e-07,54.14884092208768,1.3615968210015916,-187.18257186096952,0.019512146513945547,54.07074413831424,1.3604094125060584,-187.64481179233715,0.019323981139098282,61.33324357748474,3.3428319759553224e-09,3.67806891284327e-08
8.450000000000001e-07,42.847070527312326,1.4557749476959265,-185.01785068243294,0.018548051435791725,42.55487475974061,1.4654796001908574,-185.853330839647,0.018741090856430335,34.775421525121935,3.346483286961744e-09,3.695117849237858e-08
8.475e-07,30.203167177963024,1.5403825978011916,-184.65066418943746,0.01855478704330171,30.193632533130774,1.545281830602225,-184.11649741890145,0.018061194804503185,6.645829613910032,3.3503601464297533e-09,3.7170313760475516e-08
8.5e-07,17.03633016230854,1.5875437178208713,-181.4993439524828,0.017268270734381686,17.077555976942303,1.5980949331940668,-182.4426687805221,0.01729108412432607,-21.784138661299526,3.354360721531681e-09,3.742812780354959e-08
8.525e-07,2.7961132227629397,1.6241959858158215,-181.10162057990252,0.017000502128218416,3.2222910606956967,1.6223249357239826,-180.83957326288834,0.016438128723485153,-49.22951347804813,3.358377515944081e-09,3.771171774257102e-08
8.55e-07,-11.243080118911069,1.6159696227091318,-179.9326014279542,0.015681658278522,-11.328947794501858,1.6164353502842856,-179.31423740958186,0.015510511875754768,-74.44982639598607,3.362297874601886e-09,3.8005925922986136e-08
8.575e-07,-26.565799623260197,1.5775114515979451,-178.19411632646904,0.014167460338212399,-26.40311864727431,1.5790955089700045,-177.87291969706789,0.014517463533758308,-96.30517670545026,3.3660041843300173e-09,3.829414025474304e-08
8.6e-07,-41.68237222504144,1.5063597021600224,-175.72815105378564,0.013048811086560743,-41.61854451551187,1.5095261433307472,-176.521051508365,0.013469422636280367,-113.80775234365487,3.3693746894317397e-09,3.855932547614064e-08
8.625e-07,-56.227249614933136,1.4186396410019597,-175.59220729649056,0.01279745232285633,-56.348604022421696,1.4079755670195038,-175.2631859221277,0.01237807025124399,-126.16647675037723,3.3722857478525953e-09,3.878536308490899e-08
8.65e-07,-69.83615075030673,1.2859406256799817,-174.5303829106602,0.011583434196050834,-69.73913510596117,1.2762261182577919,-174.1029548151747,0.011256198160688407,-132.82276372696293,3.3746160680697485e-09,3.89586601781362e-08
8.675000000000001e-07,-80.82875877556539,1.1242905417857116,-171.8014679247951,0.010184426195750232,-80.7807167816682,1.1180154403372868,-173.04303470047958,0.01011740737571185,-133.4757642604351,3.3762530416356786e-09,3.9069819469854844e-08
8.7e-07,-88.08807189187594,0.9364280549504512,-171.07611650491003,0.008912449401871025,-88.42654254284489,0.9392638566481231,-172.08512164268538,0.00897566267516328,-128.09596421375986,3.3771008005274014e-09,3.9115008481922386e-08
8.725e-07,-91.7381020974582,0.743438641597968,-171.8345302013375,0.007146301551135658,-91.73764326488778,0.7480267241166557,-171.22991551002906,0.007844756863788415,-116.92651829762467,3.3770891739513295e-09,3.909660353547571e-08
8.75e-07,-90.06936038749816,0.550160222378935,-169.9070443711854,0.0059969018919511785,-90.03139471238946,0.5541346049764727,-170.47711373591568,0.006737757006818313,-100.4722600312556,3.376182383860758e-09,3.902277449306971e-08
8.775000000000001e-07,-82.98188881436674,0.3657769798040149,-169.60679762490167,0.005471260201714324,-83.00763795593507,0.3685367596160675,-169.82541467603377,0.005666510978538918,-79.47688441700146,3.3743861699893716e-09,3.890592747341965e-08
8.8e-07,-70.76585232609717,0.1712528129525373,-169.50750316849997,0.004370995103239233,-70.82968348823391,0.20241556134675,-169.27253055864423,0.004641285039017966,-54.88933461984547,3.3717521090412164e-09,3.8760271060947456e-08
8.825e-07,-54.496293816589315,0.056977118660392276,-169.49318619825627,0.0038087999008529234,-54.14448349519862,0.06618169703515901,-168.81520993729842,0.0036705830445569626,-27.820911897382995,3.368378184958575e-09,3.8599093203976466e-08
8.85e-07,-34.15372067789214,-0.04022319693789494,-169.02194060247,0.0023813462611346117,-34.03613540068554,-0.0315151682730082,-168.44926946754393,0.002761168752552967,0.5049526862647077,3.3644051351345656e-09,3.8432494107205494e-08
8.875e-07,-11.583229437849058,-0.0783808049376778,-168.02440601616246,0.0013824408502595776,-11.917902639814915,-0.08462281324856274,-168.16963474295466,0.0019182795698882244,28.80799455842225,3.3602735521777725e-09,3.826622738096666e-08
8.900000000000001e-07,10.542623367995843,-0.08075558462316922,-168.63911643518708,0.0007050248841761469,10.621824275682084,-0.09025253622829134,-167.9703898418486,0.0011459888050701901,55.80898068100115,3.3563625992248658e-09,3.810196726960152e-08
8.925e-07,32.06918052260592,-0.037872464473059954,-168.2595427566181,8.826725222112192e-05,31.99654779330133,-0.04889701082582145,-167.84483515509766,0.00044764949923431984,80.28752797061637,3.3524798946047016e-09,3.793885714668469e-08
8.95e-07,50.663215189756784,0.04761729085609174,-167.27536320752355,0.00035575952977191046,50.79485418196447,0.03572552880531561,-167.78555298821996,-0.00017365957225949278,101.13726183478707,3.3484356849175485e-09,3.7775776890387324e-08
8.975e-07,66.18565676630901,0.13445780830701837,-167.69058555531134,-0.0009344403244501375,65.9238071797515,0.15716985931655225,-167.78448035817635,-0.0007147639514136152,117.41582178396197,3.3443565799712305e-09,3.761355308637651e-08
9.000000000000001e-07,76.45417799577756,0.3148405445608099,-168.29828089366933,-0.0005756376589810278,76.70183484372136,0.30702348280124114,-167.8329883376304,-0.0011721632208176022,128.38745397961165,3.340814767698997e-09,3.7456401018576756e-08
9.025e-07,83.15222953904731,0.4607687387960933,-168.15495179233622,-0.0018411649781337755,82.88913782146444,0.47580942082923516,-167.92196723749532,-0.0015419786072723186,133.55626563219468,3.337931385701587e-09,3.73121912077733e-08
9.05e-07,84.89714138771895,0.6742152066340478,-166.72683545988943,-0.002310944727702625,84.65431566352831,0.6538978755793787,-168.04191686293854,-0.0018200849776816338,132.68863822595256,3.335785966227126e-09,3.719154399161363e-08
9.075e-07,82.58542615987308,0.8328834877380021,-168.63005940038434,-0.0020813721297816713,82.48662241336713,0.8322991599638262,-168.18304102916713,-0.0020024013686232656,125.82378654379912,3.334416027897893e-09,3.710611226905814e-08
9.1e-07,77.0866679983673,0.9905071502839136,-167.6480763911998,-0.002271310554662287,77.07213934849122,1.003238122575324,-168.33534548171045,-0.0020852868545705914,113.27198624843757,3.333820012559527e-09,3.706659509062285e-08
9.125e-07,68.96289576381166,1.1707666244351065,-168.13829833728005,-0.0020551561456390987,69.15764277888876,1.1604540551427374,-168.48873833194736,-0.002065971041839693,95.60055012899585,3.3339626271753514e-09,3.708099842016873e-08
9.15e-07,59.15490707580176,1.2951693692113169,-170.08249899882915,-0.0020083142323481947,59.42711028056425,1.2992217349737767,-168.63313209260306,-0.0019429437902264912,73.60818685490484,3.3347814214318398e-09,3.7153475094828116e-08
9.175e-07,48.3411776624907,1.4005984346196343,-168.6923226460399,-0.001804615534246068,48.41248806234634,1.41613947031282,-168.75854638011586,-0.0017162376201847454,48.28890116293262,3.336193421103152e-09,3.72838342182035e-08
9.2e-07,36.50515965006353,1.5493576968673186,-168.57926324210618,-0.0010144718751015271,36.453176879236366,1.5087697900594412,-168.85521034131597,-0.0013875569436785278,20.78706710673444,3.338100837703969e-09,3.746761076303911e-08
9.225000000000001e-07,23.9476541562916,1.5788125144759342,-169.29048699015456,-0.0005977239338217199,23.709011854866624,1.5752407261538113,-168.91366386086978,-0.0009602369332861541,-7.6542950442917865,3.340395241259958e-09,3.769648963005213e-08
9.25e-07,10.207465527251427,1.6101095036916688,-169.7054846452812,-0.00020494089233378558,10.2210874161899,1.6139166720973015,-168.9248566134493,-0.000439046267840928,-35.74970049044405,3.34296004064213e-09,3.7958892961283095e-08
9.275e-07,-4.1873456413444154,1.601209078305575,-168.25966583492746,0.0007906414047886897,-3.994485455794548,1.6232276510929742,-168.88024404051595,0.00017012356091703208,-62.22930088723893,3.3456715748462993e-09,3.824063108799603e-08
9.3e-07,-18.79452225912104,1.6227212762889274,-169.59378534699943,0.0009887432880259163,-18.841218201932037,1.6017084425584833,-168.77187935587122,0.0008606193997553383,-85.89627859874842,3.348399489813098e-09,3.852563143795002e-08
9.325000000000001e-07,-34.37708381175176,1.5562331490637318,-168.83214780206868,0.002083568827459841,-34.04900520478938,1.5482514886445558,-168.59250071647307,0.001625366605863501,-105.68094012923358,3.3510072870307638e-09,3.879684148067754e-08
9.35e-07,-49.20803115981885,1.4792198870320714,-168.08571047550487,0.0027789274311435077,-49.11466597211157,1.462528780936211,-168.3356127352125,0.002457121729717907,-120.68906383313337,3.353353940677097e-09,3.903741148915538e-08
9.375e-07,-63.138922186946054,1.3630919544855256,-167.96365100314938,0.0032138200731686756,-63.29176649559857,1.3454971955560975,-167.99556156002245,0.003348588633912772,-130.24231669704056,3.3552972857533895e-09,3.9232185125387445e-08
9.4e-07,-75.63594783847304,1.1919599971713892,-168.36488145051234,0.003934759081610531,-75.63606444648684,1.199876758988061,-167.56760279844116,0.004292375768519688,-133.908913447134,3.3566995154760278e-09,3.936937675173507e-08
9.425e-07,-85.16155816795852,1.032947601153117,-166.91733597090357,0.004465326516088737,-85.10243139236634,1.0304870084012583,-167.04796162810732,0.0052808036309171524,-131.52313226025174,3.3574346594205705e-09,3.944214377627151e-08
9.450000000000001e-07,-90.75436555778181,0.8657466019867208,-166.1554002164423,0.00635690352748968,-90.67917525242906,0.8443441448920419,-166.43388450107895,0.006305601573161632,-123.19280501290051,3.3573974320938658e-09,3.9449644607466286e-08
9.475e-07,-91.77850069190893,0.673512601931322,-165.79729965508054,0.007566333153655215,-91.53812564216632,0.6504582855198442,-165.72368192275977,0.007357556583575382,-109.29444352600221,3.3565124366807427e-09,3.939718194031183e-08
9.5e-07,-87.23260702495686,0.44717812291697584,-164.91245940976708,0.008091251007099376,-87.17504459349163,0.45931953476336096,-164.91676186394216,0.00842618913501368,-90.45622208801773,3.35474246031771e-09,3.9295205472974084e-08
9.525e-07,-77.76817976804766,0.2986823290927392,-164.02438884511432,0.009791975060003613,-77.51560905491154,0.28211517474382164,-164.01365344635448,0.00949953028560912,-67.52958540765546,3.3520945581726507e-09,3.915726053921367e-08
9.55e-07,-62.691090678433426,0.13112525551734097,-163.01172274038296,0.010380772622485645,-62.96730457925034,0.1297685315532121,-163.01602062740972,0.010564059947277455,-41.55076525202554,3.3486228099689355e-09,3.899732178685492e-08
9.575e-07,-44.52318680994582,0.03665177927336551,-161.93105325176307,0.011684266050823596,-44.40620928290599,0.011924377407400743,-161.92666569784035,0.011604840999787066,-13.693945130582415,3.3444270205304103e-09,3.882720617098562e-08
9.600000000000001e-07,-22.575048323503363,-0.05814090662543972,-160.4615266170622,0.01321341903265372,-23.09833567531768,-0.06398016607748477,-160.7495224957952,0.012605852087703737,14.781810125536875,3.339647165456044e-09,3.865479728641229e-08
9.625e-07,-0.46804235100973934,-0.08866324897394899,-159.31918190206707,0.0130965694366237,-0.5660676843894494,-0.09342907635942369,-159.48963933197157,0.013550489052317365,42.58946122660355,3.334991722929046e-09,3.848359080983379e-08
9.65e-07,21.684425884931372,-0.08111322722759202,-159.46280014306265,0.014580259352776462,21.58062437923411,-0.07522554096447137,-158.15315171165557,0.014422176783924448,68.47216566922894,3.3303560039602484e-09,3.831365265824447e-08
9.675e-07,41.877853914940445,-0.025062519833041332,-157.3714171721955,0.014672965320454884,41.822691570159144,-0.011522060692803057,-156.74724503033443,0.01520501477943895,91.26008415530349,3.3255314161066473e-09,3.814361879363432e-08
9.7e-07,58.79371897900977,0.1085760761090217,-155.32327474810745,0.015841703998652694,58.893267670115044,0.09251452739527756,-155.28010750902394,0.015884374102594186,109.92325466419163,3.32032056471263e-09,3.7973034380288104e-08
9.725e-07,71.5939295390419,0.2516642257348039,-154.71160999412356,0.01620649529300664,71.89784276652776,0.22934548058991744,-153.7608737228231,0.016447371739795314,123.61814439054078,3.315327540305552e-09,3.7804253819343146e-08
9.75e-07,80.54030800332121,0.41674317832205604,-152.42867133933152,0.017357566678274212,80.37667170069356,0.389907908017618,-152.19955916069236,0.016883169046901417,131.72577550609913,3.3107799831148056e-09,3.7643319814039294e-08
9.775e-07,84.4048771699268,0.5581536591912106,-150.3326698194579,0.017178150070312613,84.30266802715188,0.5645389088327113,-150.60698633529512,0.01718307042802085,133.87970154795576,3.306770166848321e-09,3.7499617094278326e-08
9.8e-07,84.29050011183728,0.7331531790062042,-149.43443966450317,0.017419396992653782,84.01896940663958,0.7438423534083936,-148.99470303822955,0.017340431380901584,129.98256996415563,3.303350303918544e-09,3.738449907009954e-08
9.825000000000001e-07,79.85945021882188,0.9182336465676431,-147.1744951419661,0.017632060910045252,80.13037523089241,0.9193822621631327,-147.3748934074161,0.017350415779693193,120.21052222734514,3.300534009732926e-09,3.730936524212023e-08
9.85e-07,73.3444031738304,1.0903670634046252,-145.57938014319214,0.01753222636113632,73.37019635410988,1.0841234141398604,-145.7602825391641,0.017209665367158428,105.00523264134154,3.2983006616887592e-09,3.728374347396918e-08
9.875e-07,64.36604378709094,1.242035801832317,-144.3047481543052,0.016701721257407563,64.46744919436522,1.2325886672285424,-144.1640354369226,0.01691595589500378,85.05394566841775,3.2966015707254624e-09,3.731381505639725e-08
9.9e-07,54.04460730666058,1.3544842907019234,-143.17757455340907,0.016338781293869488,54.03821110330429,1.3607545964179635,-142.59965114139303,0.016467912272831016,61.258414044674225,3.2953667622920695e-09,3.7401593700685644e-08
9.925e-07,42.4291329247985,1.4448409662373853,-140.8228726578464,0.01524252224818253,42.51957778317477,1.465753071309005,-141.0808529320699,0.015864839976766406,34.69414160992814,3.294511262453657e-09,3.75447383784143e-08
9.95e-07,30.06607219066584,1.5404039118787969,-139.6163558209709,0.01456975510493508,30.15603541683746,1.5454781086168718,-139.62147552796088,0.015106704667579131,6.5617729833992255,3.293940076453838e-09,3.773682779955561e-08
9.975e-07,17.239328792689175,1.6001879036656974,-138.81711095298056,0.014544384510729052,17.037768116318414,1.5982092150251903,-138.23535024488592,0.014194261127438297,-21.86717283885046,3.2935514699956807e-09,3.7967885561309126e-08
1e-06,3.0429209558450885,1.6283182605122115,-136.61762803861737,0.013643421052157573,3.1803466933626736,1.6223525854197711,-136.93618908808344,0.013129301873894115,-49.30777224690767,3.2932386335728e-09,3.822500426993601e-08
1.0025e-06,-11.67011986826062,1.6228688619371519,-134.45643670261217,0.011495553953691947,-11.37277580973904,1.6163720139395532,-135.73746877165985,0.011914970745785458,-74.51977263801889,3.2928902357422657e-09,3.849302698027533e-08
1.0050000000000001e-06,-26.318958321244434,1.5880590872203084,-135.05462187452252,0.010934017653656425,-26.448041067252138,1.5789378663829143,-134.6523156605915,0.010556071939915729,-96.36364900980954,3.292390669965664e-09,3.875534826956047e-08
1.0075e-06,-41.476352485200415,1.4885305397421773,-134.75154143506137,0.008517438539174731,-41.66307837361674,1.5092731632427143,-133.6933926264555,0.009059303118484335,-113.85210789533939,3.2916209135531762e-09,3.899494653148111e-08
1.01e-06,-56.56259293540668,1.4014036071004734,-132.9531845562587,0.006946160275857627,-56.39054180425051,1.4076300116565215,-132.87278879487482,0.007433352677493815,-126.19471077946176,3.290460823217928e-09,3.9195724999956514e-08
1.0125e-06,-70.25498339100616,1.2776012107753545,-132.4714052520479,0.0060335431812682805,-69.77567932358532,1.2757959685690394,-132.20191314090624,0.005688824034644977,-132.83360011963,3.288793405820928e-09,3.934412129579103e-08
1.015e-06,-81.04207522650476,1.1066213759158379,-132.23821036287464,0.0026105018066002583,-80.80876764369724,1.1175149004388154,-131.6913928584542,0.003837979790894331,-133.46871323641452,3.286511177413153e-09,3.943077725019844e-08
1.0175e-06,-88.40121204655867,0.9310581939341422,-131.0155756617146,0.0022867652088102855,-88.44309689870231,0.9387136480525408,-131.35097739151837,0.0018943304618382613,-128.07134446328,3.2835242379154558e-09,3.945190664207971e-08
1.02e-06,-91.97883537071358,0.7227350299388771,-131.42942855493504,-0.0006366741734494407,-91.74024052465089,0.7474534891022496,-131.1894489689992,-0.0001278795650665708,-116.88544257734166,3.279769234565176e-09,3.9409936496606026e-08
1.0225e-06,-90.17087864752428,0.5419326962349679,-131.28868027466484,-0.002835412030910971,-90.01853414279226,0.553569385299468,-131.21454043128318,-0.0022142171637858296,-100.41658487018262,3.2752180523948123e-09,3.931308841162996e-08
1.025e-06,-83.23567175534045,0.3589371800773497,-131.93600778012774,-0.004392005595948057,-82.97909377997382,0.36801267600893617,-131.4328610763781,-0.004350558381671736,-79.40912620563087,3.2698849222440797e-09,3.91738180668934e-08
1.0275000000000001e-06,-70.59463422686858,0.21668131089344925,-132.15969927612036,-0.0064271135985065194,-70.78665934758186,0.20196496268256,-131.8498311864738,-0.006523467852702023,-54.8125558750254,3.263830711383657e-09,3.90063794957165e-08
1.03e-06,-54.10445609842545,0.07146668828867257,-132.9152090045003,-0.008958561674031798,-54.08957350827639,0.06583315000816192,-132.46962582305858,-0.00872040796291817,-27.738582843531056,3.257163454780825e-09,3.882410208104892e-08
1.0325e-06,-33.91231956615359,-0.03024562679484947,-132.32449585197577,-0.010819244996359494,-33.97309081304133,-0.031739636149152206,-133.29512840074227,-0.010929754647664922,0.589110963402409,3.250034653476449e-09,3.8637125698723355e-08
1.035e-06,-11.957881156877436,-0.06315004614386259,-134.9826080630299,-0.012808927210924002,-11.851235366580992,-0.08470983069629896,-134.32789446740915,-0.013140629414977976,28.890178296372774,3.242898208179673e-09,3.845124560714054e-08
1.0375e-06,11.041279947082279,-0.08597426766519133,-136.0867604269904,-0.015155589465310456,10.687342736595179,-0.09019856917025114,-135.56812603195883,-0.015342588249000975,55.88547536196621,3.236142246806656e-09,3.826818365351391e-08
1.04e-06,32.09124672995532,-0.029167197786646372,-136.97223992605745,-0.017637471360751455,32.05641631278271,-0.04870845081215865,-137.01465669144307,-0.0175252320047287,80.35487620921772,3.229586918962713e-09,3.808713959800831e-08
1.0425e-06,51.06496009112208,0.016168547869815367,-138.85744316193254,-0.02002807138772051,50.84532068458992,0.03603335995744345,-138.66494771765008,-0.019677815577090522,101.19241964401208,3.223055553604615e-09,3.790705917757053e-08
1.045e-06,66.05461090034633,0.16140657167866673,-140.79589381947753,-0.02205369464551639,65.96222522716448,0.15757461740192713,-140.51509516992195,-0.021788932336732035,117.45629615644461,3.2166909034204765e-09,3.772884263177618e-08
1.0475e-06,76.99040820325152,0.3088699064511047,-142.0180120454357,-0.024107796964435005,76.7268485742007,0.30749831814755274,-142.55984800703177,-0.023846336282999595,128.41141556588744,3.2110773070558783e-09,3.755678324525556e-08
1.0500000000000001e-06,82.6920024131219,0.47782150247221306,-144.95943166493097,-0.0256560503002923,82.90067520983547,0.47632572112524046,-144.7926370771094,-0.02583693962861586,133.56263142313276,3.2063498998659527e-09,3.7398829802895647e-08
1.0525e-06,84.68089170858521,0.6468405291698307,-147.11104742078186,-0.028427454033505037,84.65340256483748,0.6544278372839799,-147.20561477171046,-0.027746992540837054,132.6771205022988,3.2026023836763752e-09,3.7265677661037e-08
1.055e-06,82.71532115042294,0.8230256912854174,-149.68273070019472,-0.029520284266919765,82.47505961635657,0.8328178435990515,-149.7897050389869,-0.029562420049547997,125.79490588043272,3.199886533107168e-09,3.7169049395636635e-08
1.0575e-06,77.15173135915848,1.0095136354161836,-152.97290067689843,-0.03099379809464513,77.05210667348933,1.0037247562538198,-152.5346633623149,-0.031269264320786486,113.227047985573,3.1982150406512397e-09,3.711970793542138e-08
1.06e-06,69.09494494351614,1.1874978714642719,-154.1214712775515,-0.03345422019298435,69.13130433214418,1.1608924958965263,-155.42914622547843,-0.03285416330451108,95.54158537377798,3.197566760184689e-09,3.712571815586242e-08
1.0625e-06,59.3559576344171,1.286229961573715,-159.2371780253267,-0.0344672782332057,59.3962916558673,1.2996001523878529,-158.46078950429563,-0.03430479217285213,73.53786067998804,3.1978931799850873e-09,3.719128828153969e-08
1.065e-06,48.594789699558525,1.403139047203636,-161.475698715924,-0.03509284965003801,48.378480295451865,1.4164494537315568,-161.61629514815155,-0.035610202670043035,48.21039215126928,3.1991249464022825e-09,3.731628064320938e-08
1.0675e-06,36.351601644181905,1.4868806408419324,-165.2169257437887,-0.035756874534673695,36.416696309681,1.5090051748812168,-164.8815254439206,-0.03676101580513431,20.703923686863153,3.201177460406808e-09,3.749628211684956e-08
1.07e-06,23.600268595616544,1.5643944949345598,-168.89169083644703,-0.037762234520433556,23.670314453675932,1.5753964700099035,-168.24160408984292,-0.037749451456859824,-7.738314979133497,3.2039549359510824e-09,3.772302838330959e-08
1.0725000000000001e-06,10.24375636713488,1.6335170975418074,-172.41632351531723,-0.03918970480610374,10.180206188950795,1.6139880823939137,-171.68102324863503,-0.03856920924793916,-35.830799430545525,3.2073527668481567e-09,3.798499099207243e-08
1.075e-06,-4.261998028048439,1.6084488725698123,-174.26121805058244,-0.039008556141482326,-4.037435223886814,1.6232101776423729,-175.18375569796828,-0.03921524283609643,-62.30381334519044,3.2112585076807888e-09,3.826802794520535e-08
1.0775e-06,-18.661396319249718,1.598950796666785,-178.169018275981,-0.03947524442181322,-18.885734484069292,1.6015981196501827,-178.73337115289715,-0.03968348946227415,-85.96083678113781,3.2155521450890874e-09,3.855611244334842e-08
1.08e-06,-34.23596648338753,1.5410324917966065,-182.07708771477147,-0.039849259819633956,-34.093964667937186,1.5480459643175115,-182.31315579922298,-0.039970624561874196,-105.73262615323407,3.2201065468732206e-09,3.8832236025498844e-08
1.0825e-06,-49.29695938778824,1.4611998486137507,-185.62566481331737,-0.039814122768643205,-49.158215895433656,1.4622287349898702,-185.90623404947448,-0.04007390597646644,-120.72554160816621,3.22478898622747e-09,3.907959178464931e-08
1.085e-06,-63.48426428613994,1.3295852023650823,-189.84868001271053,-0.03986569570116582,-63.331376451733576,1.3451078477442395,-189.49569151439098,-0.039991154695777104,-130.2619375107451,3.2294644435244702e-09,3.928306531939827e-08
1.0875e-06,-76.01785609004887,1.1877296920770197,-192.70471951435854,-0.03953827350479922,-75.66874114002445,1.199409124149672,-193.0646981726766,-0.039720892253282604,-133.9107904834133,3.2340010234361457e-09,3.943091182336272e-08
1.09e-06,-84.9342482335104,1.0313736120911228,-196.46709269614203,-0.03955724825696434,-85.1250689866826,1.029958575276768,-196.5966307204508,-0.039262623720505506,-131.5071806813409,3.2382773581906193e-09,3.9516327159610855e-08
1.0925000000000001e-06,-90.89426787627617,0.8549456706145054,-200.08310030163977,-0.03857868976632218,-90.6889869135183,0.8437787376179471,-200.07519308924833,-0.038617225345559766,-123.15974579383833,3.2421913859953e-09,3.953850330799813e-08
1.095e-06,-91.71863969089247,0.6434349700942094,-203.18750232860654,-0.037470255535388054,-91.53308474911074,0.6498849975278286,-203.48453413756081,-0.03778737272125181,-109.24577086820521,3.245669489032388e-09,3.950276817730511e-08
1.0975e-06,-87.04880725606732,0.4622943705233684,-206.2882473551567,-0.03700834795102787,-87.15425932320589,0.4587707813573155,-206.8093615456306,-0.03677793323520574,-90.39413588477751,3.248674727539653e-09,3.9419584634668246e-08
1.1e-06,-77.4448453374046,0.29535457024858064,-210.4381937737017,-0.0350639239281953,-77.4795628275573,0.28162406542600354,-210.0350509762535,-0.03559624779021369,-67.45689181396841,3.2512128680160984e-09,3.930249628387036e-08
1.1025e-06,-63.017048861873256,0.11276433723980316,-213.47319762544575,-0.03435341799113212,-62.91791572263674,0.12936588867256882,-213.14774960548087,-0.03425224135354905,-41.470749852781175,3.253335090535225e-09,3.9165460090861834e-08
1.105e-06,-44.57019265870285,-0.012476912261738082,-215.83333915643175,-0.0330930026753584,-44.34669264872773,0.01163580129934911,-216.13447317592147,-0.03275832738608306,-13.61022443960746,3.255136648538567e-09,3.902026060311146e-08
1.1075e-06,-23.268396229558082,-0.05397858388160099,-219.30389949781733,-0.031383165840482646,-23.032881699511158,-0.06413677722417398,-218.98319578143517,-0.03112910324516919,14.86545212366752,3.2567512842411244e-09,3.887473751101741e-08
1.11e-06,-0.6612586072308863,-0.0825683525002223,-222.3510357806901,-0.028356160475162734,-0.49938479188201734,-0.09344520331857245,-221.68293165487296,-0.02938086669274327,42.66924410405234,3.258880858942281e-09,3.873233532020421e-08
1.1125e-06,21.92260868361263,-0.07475273664890583,-225.05143420291947,-0.026598083531478495,21.64383540340981,-0.075102686054903,-224.22380829961077,-0.027531011917506832,68.54448342162479,3.261408541073555e-09,3.859306535455716e-08
1.1150000000000001e-06,41.6986741681719,-0.024672418017504538,-226.06084055513526,-0.02539641982049808,41.8782515704044,-0.011271281050536765,-226.5971303803341,-0.02559738206162914,91.32166818492733,3.2641144297645285e-09,3.845550776936112e-08
1.1175e-06,58.78069001725781,0.10500191651606669,-228.90242139997602,-0.02435401874925676,58.937944342336145,0.09287410347058628,-228.79543386820413,-0.023597660896480476,109.97132151314985,3.266788236732419e-09,3.831915064328413e-08
1.12e-06,71.78316035607104,0.2265383806547156,-230.34413027642915,-0.021597801155132743,71.92962564947014,0.22978891128702564,-230.81253001948204,-0.021548878061332717,123.6505215467231,3.270022624656356e-09,3.8186287873014244e-08
1.1225e-06,80.3047060297531,0.3728537647131203,-232.59992310850845,-0.018551159560573162,80.39486146719173,0.39040711861017635,-232.64353885415562,-0.019467081650663024,131.7409995957786,3.274026925778461e-09,3.806289493818199e-08
1.125e-06,84.56108618017596,0.5622257426735479,-233.58586446001812,-0.01773169129217818,84.30777632142325,0.5650653964169491,-234.28491189135678,-0.017367202577213064,133.87708447694865,3.278875726989975e-09,3.795827939671061e-08
1.1275e-06,84.15467041875223,0.7320344561450036,-235.4701150978414,-0.015492929500936337,84.01245730850466,0.7443695368832655,-235.73444399057115,-0.015263102243363537,129.96223001811128,3.2846021306529927e-09,3.7883705444952904e-08
1.13e-06,80.32665253960897,0.9365004211716712,-236.50659302059495,-0.012959636109294143,80.11428478318176,0.9198871814598759,-236.99127424102667,-0.013167764420108476,120.17337872550627,3.291199304374186e-09,3.785047090972259e-08
1.1325e-06,73.42201655176966,1.0666238252130789,-237.59273032400768,-0.011057959785192464,73.34674586706286,1.084587612914591,-238.05587593538758,-0.01109356922366565,104.95296438540342,3.298624931798494e-09,3.7867990688692045e-08
1.135e-06,64.50170675436823,1.2327150259622495,-238.88290706608146,-0.008605390806279976,64.43866645922505,1.2329982468369698,-238.930035757151,-0.009052575676911825,84.98891506451827,3.3068074810597545e-09,3.7942324008500234e-08
1.1375000000000001e-06,53.84382245334135,1.3526348450844856,-239.27527656571795,-0.007146851042574163,54.005668733631026,1.3610995781938589,-239.61682240314417,-0.007056741437653906,61.183560328013684,3.3156530871125273e-09,3.807535590915397e-08
1.14e-06,42.8548670966028,1.4704390907849154,-239.72208409465546,-0.0052110278981240404,42.48427357054107,1.466026322248556,-240.12054495242543,-0.0051180233385915725,34.61284799803484,3.3250519435998455e-09,3.826461227327328e-08
1.1425e-06,30.14621688305768,1.5271757042756062,-240.24982110391187,-0.002861171974554972,30.118431789587998,1.5456741516751955,-240.44670137994794,-0.003248327565475592,6.477713762402462,3.334883391939747e-09,3.850353590407229e-08
1.145e-06,17.018956605632308,1.5904384301343348,-240.16127706295137,-0.0019249863724862062,16.99797380360616,1.5983232480815497,-240.60191769676922,-0.001459308947269581,-21.950198383589743,3.345019318477365e-09,3.87820127290342e-08
1.1475e-06,3.0902507191645876,1.637834299864441,-240.1105300767443,0.0004920618847140422,3.1383961756109966,1.6223799728592276,-240.59387827766642,0.0002379506732338528,-49.38601154984137,3.3553259405759257e-09,3.908699670516293e-08
1.15e-06,-11.449511673721318,1.6127517346469231,-240.600795138784,0.002177768924458378,-11.416608524126392,1.6163084035055606,-240.43124801107132,0.0018333302519150134,-74.5896894608288,3.3656644877789643e-09,3.9403192109272703e-08
1.1525e-06,-26.52414664865373,1.5913045887112947,-241.05076213510304,0.003252718023816484,-26.492964886467732,1.5787799425833782,-240.12358697460033,0.003318054289050326,-96.42208327132364,3.375891582403277e-09,3.9713855771290934e-08
1.155e-06,-41.75095257390472,1.5285280349163834,-239.23567460602453,0.00460092022595018,-41.70760815940352,1.5090199037493137,-239.6812584015731,0.004685003668074555,-113.89641850001276,3.385860237206983e-09,4.0001830861920334e-08
1.1575e-06,-56.43390992797157,1.4057026345525652,-238.36307632124263,0.005940944406390213,-56.43246802257614,1.4072841921178734,-239.11533075920738,0.005928893409437356,-126.22289498887174,3.395422293122499e-09,4.025088950747038e-08
1.1600000000000001e-06,-69.52491388239063,1.2361600699529118,-238.39878277344584,0.006862478549307194,-69.81220310410033,1.2753655871005307,-238.43747480722004,0.0070462810064691106,-132.84438407169566,3.4044328336019187e-09,4.044734357388103e-08
1.1625e-06,-80.86760597562245,1.1297112125946005,-237.12454327155913,0.0075144888424119914,-80.83678885280023,1.117014180356196,-237.65985654589917,0.008035398938061298,-133.4616095210595,3.412756686340983e-09,4.0581714856698566e-08
1.165e-06,-88.39090709627756,0.9453210710983388,-236.41540236401852,0.009138228760798728,-88.45961332557158,0.9381633296744094,-236.79502699503524,0.008895836568677264,-128.04667415226112,3.420276637342291e-09,4.0650101953187284e-08
1.1675e-06,-91.8545380343504,0.7336984996924465,-235.30666980316136,0.009762443467350997,-91.74279383019362,0.7468802303633453,-235.85580976911834,0.009628124226506317,-116.84432071253515,3.4269025283077214e-09,4.065481948276833e-08
1.17e-06,-89.96508152826162,0.5713085038215505,-234.27920176759042,0.010065500575338561,-90.005626958012,0.5530042378437023,-234.85518742972505,0.010233290769888414,-100.36087006623222,3.432580073971661e-09,4.060397663695655e-08
1.1725e-06,-82.93173550815129,0.34658011039336,-234.1233102702507,0.010266239815060363,-82.95050440726844,0.36748876266511177,-233.80618760292788,0.01071247198712287,-79.34133664479485,3.4372980888716587e-09,4.0509914144282906e-08
1.175e-06,-71.09341693834324,0.23177581142325698,-234.1698761601463,0.011187685794965072,-70.74359568619862,0.2015146255759035,-232.72176984779244,0.011066639520685926,-54.73575549107808,3.4410928883337907e-09,4.038676728355258e-08
1.1775e-06,-53.66897068417214,0.06881485536389878,-232.59014899389194,0.011125056575845345,-54.034633524059046,0.06548494037648045,-231.61471425163236,0.011296499899875702,-27.65624283892777,3.4440489220411505e-09,4.024774367014696e-08
1.18e-06,-34.03493094866433,-0.031754896192234136,-229.73647588286448,0.011428943245166776,-33.91002864648514,-0.03196371360878073,-230.49751270876246,0.011402584168303654,0.6732690079684316,3.446295167460283e-09,4.010286134928406e-08
1.1825000000000001e-06,-11.72774048163753,-0.07888302954164893,-228.9332404001713,0.01095285587042075,-11.784564469327913,-0.08479643249912161,-229.3822638122168,0.011385515580893443,28.9723506289403,3.4482660356307963e-09,3.99577981260393e-08
1.185e-06,10.74246511538385,-0.09575214760853411,-227.16589572106776,0.011051736724959568,10.752850890634923,-0.09014419093790259,-228.28057225252965,0.011246411707384697,55.96194798023064,3.450326464157365e-09,3.9814167444844544e-08
1.1875e-06,32.1582156600093,-0.07783285328166477,-227.4510711192664,0.011272542410567344,32.11626214436252,-0.04851951240693356,-227.20345357454033,0.010987353488479274,80.42219272498649,3.4522777549523507e-09,3.967107322972201e-08
1.19e-06,51.22658875682311,0.03437759499322729,-225.83328483276784,0.010607442080494358,50.89575493019186,0.03634151281173737,-226.16124509267786,0.010611841530107436,101.2475375040724,3.453925860197755e-09,3.95273793132935e-08
1.1925e-06,65.98549003554788,0.14993066656731885,-225.759362786622,0.01014151602114999,66.0006050759629,0.15797962329579904,-225.16352370775766,0.010125161337902406,117.49672415904168,3.455400277125886e-09,3.938391695023916e-08
1.195e-06,76.75146079015298,0.3072949467481688,-224.62316781558619,0.010197988287589627,76.75182205586547,0.3079733181607175,-224.2190313045104,0.009534594021785333,128.4353264573711,3.4572692836147603e-09,3.92449205621014e-08
1.1975e-06,82.83511416208925,0.4869714315727472,-223.7232016386536,0.008731500735031877,82.9121738915851,0.47684210172384833,-223.33560833942562,0.008849434606020501,133.5689444856592,3.4596551280183197e-09,3.911828674281843e-08
1.2e-06,84.66964442758402,0.6688808285234202,-223.16498502766015,0.008248091879737988,84.65245511578905,0.6549578006733453,-222.52013615367267,0.008484695934847505,132.6655503998191,3.4626402460005636e-09,3.90146624334834e-08
