time,v_coil,i_coil,v_bias,i_bias,v_coil_clean,i_coil_clean,v_bias_clean,i_bias_clean,v_coil_src,density_state,heating_state
0.0,-1.1691972834365063,0.11621482803721467,132.56221247942892,0.08473056458993386,0.9649781783786295,0.0011864087827235688,135.13099206238306,0.08402333432176141,0.0,0.0,0.0
2.5e-09,75.104784394413,0.0810485963564901,139.28034828945863,0.08010319004934158,77.7270672487833,0.09835314568003245,140.33688024266894,0.08076338421716961,77.06527588893009,4.527382143277794e-11,6.48318739337561e-11
5e-09,147.54322214520965,0.44351725672971687,145.4198870228381,0.07353275986094872,150.88771713735667,0.4130536354298251,145.12287928429257,0.07389633296036568,150.6473768084715,9.211676638873579e-11,1.3187401092921397e-10
7.500000000000001e-09,213.31200926181344,0.9885250906045788,147.43241347169698,0.06469939973997423,216.66865790404407,0.9302288698630773,149.44500749912837,0.06638849039451095,217.42055936561584,1.426878712897326e-10,2.0168961374869247e-10
1e-08,273.457153997561,1.6875451097159522,154.5971656659985,0.056861783847577146,271.72525168356094,1.6244279115829643,153.2611531573368,0.05825606540428947,274.3668277713818,1.989111042481161e-10,2.7678045099335457e-10
1.25e-08,314.79187351879574,2.5300547340329986,158.61691487406944,0.04869934724178313,313.364065663005,2.461329262620039,156.53143061394044,0.04952105290728623,318.91234037759403,2.623704490813118e-10,3.624111980566977e-10
1.5000000000000002e-08,342.2026301885421,3.391990571415088,160.86524186016896,0.03787544128862009,339.70125249047123,3.3998185814464503,159.21852132621174,0.04021194399876258,349.0437414579697,3.3422431644208993e-10,4.667103175656766e-10
1.75e-08,346.1914859144791,4.41121628551374,159.05444046950151,0.03292746556331072,349.74802974805385,4.394434735950117,161.28799682258492,0.030364038836158264,363.3991603019304,4.1514474559422465e-10,5.999796692290144e-10
2e-08,342.75754517627604,5.363569256716978,160.9051963115425,0.0181016096668315,343.4193353343959,5.397968572103998,162.70862082950373,0.020019343101202337,361.32976466933155,5.052846879215751e-10,7.733254381209718e-10
2.25e-08,322.4441703492405,6.467784996716759,162.8685719322063,0.007682248340037388,321.4717087985881,6.363999695773662,163.45262793278678,0.009226074291572588,342.9290865301309,6.042742522101421e-10,9.968731907372136e-10
2.5e-08,282.6081804106931,7.184992843262027,163.84461922635836,-0.0014805666148922979,285.38499705566335,7.24918456908044,163.4959763432722,-0.0019621575545962326,309.02879463234694,7.112444556367404e-10,1.2779154504278884e-09
2.75e-08,235.22105963218075,8.162076530855833,160.17933509788563,-0.013382224855145883,237.20826390254723,8.015158542397904,162.81857255103426,-0.01348740287995841,261.1611049686079,8.248750528340097e-10,1.6193460254030638e-09
3.0000000000000004e-08,179.24006099829901,8.70543618936375,159.08755592739607,-0.027577582953214837,179.3924555572401,8.629976042607455,161.40446588650474,-0.02528855353063054,201.48952810260147,9.434616280440324e-10,2.0186678699548263e-09
3.25e-08,112.88941492778667,9.141201786221721,158.51251495368658,-0.03679996243369443,114.63074167060601,9.069076341731575,159.24201125835185,-0.03730254433306704,132.7110834185596,1.0649964486832578e-09,2.4677438612096787e-09
3.5e-08,45.426819659685776,9.13938209064794,157.50285317856915,-0.04838308479266563,45.72248556032962,9.315816714583589,156.3239986048008,-0.0494654758210994,57.93439998701483,1.1872575910027149e-09,2.9533237397450563e-09
3.75e-08,-26.154182774423678,9.351608072954157,154.040398393543,-0.05992284173166939,-24.530451172328217,9.361652013274922,152.64774787491268,-0.06171356930291648,-19.46078638990523,1.30790144615174e-09,3.458254916334708e-09
4e-08,-94.78342649437576,9.276952735722256,149.39151603258108,-0.07315757325229552,-93.39446357007331,9.206054900288528,148.21516864673865,-0.07398387082106873,-95.97638954006005,1.4245546972626375e-09,3.963190220872834e-09
4.2500000000000003e-08,-162.58355210583778,8.943569336500735,145.1137928749196,-0.08586924563627349,-158.24880877818782,8.856263639878344,143.03278378772748,-0.0862146113423126,-168.15407845008372,1.5349029778890047e-09,4.4485506570187786e-09
4.5e-08,-217.70307951131753,8.30462962706247,138.6376800961523,-0.09642202068112173,-216.61615763840052,8.32691818920891,137.111716866678,-0.09834509820798296,-232.7315859515296,1.636774432712678e-09,4.896484569668213e-09
4.75e-08,-269.5379770237833,7.60400640969342,129.36310047978606,-0.11107997906785012,-266.1934235124026,7.63960760711467,130.4676433332703,-0.11031495229968453,-286.79015576772224,1.7282171032492378e-09,5.292579482128305e-09
5e-08,-305.50611806552644,6.760003558337011,122.83955043584521,-0.12018003364861579,-304.89597870499733,6.822311860088591,123.120705788098,-0.1220624186890818,-327.8864636505777,1.8075693381439874e-09,5.627121501838294e-09
5.25e-08,-331.9694489927951,5.925832522097511,116.5432851933037,-0.13257552925668553,-330.923963054235,5.908688612576551,115.09539397050273,-0.13352138127450572,-354.163050072433,1.8735222671727955e-09,5.895754142213911e-09
5.5e-08,-344.39906876817184,5.009049963473872,107.26639736372424,-0.14250650515855626,-342.85267687741225,4.9371386715889924,106.42039039071966,-0.14461664104179855,-364.4322731667036,1.925172872196831e-09,6.099460824144038e-09
5.75e-08,-338.8324345961621,4.027749585328267,95.53945979230122,-0.15446078516590417,-339.7413562336204,3.949587454921903,97.12838282429013,-0.15525703996450188,-358.22998743563545,1.9620655140638905e-09,6.243880925098357e-09
6.000000000000001e-08,-322.7440934719577,2.9640068894429876,88.92206015410453,-0.16581758161268742,-321.2474808978963,2.9899451277204645,87.25584516783121,-0.16532622995672322,-335.83652206980423,1.984219158295916e-09,6.338062970765702e-09
6.25e-08,-289.4135876260744,2.072541659518345,79.31143671703454,-0.1766156144186656,-287.7286166952911,2.102251537638569,76.8427884236426,-0.1746714378957675,-298.26401070709613,1.992137215072633e-09,6.392849795883332e-09
6.5e-08,-241.5634412567767,1.3834134200648909,65.30232912915565,-0.18310264089456116,-240.3117522566253,1.3285666320874152,65.9324838339229,-0.18309166539329824,-247.21064529720618,1.98679705877436e-09,6.419162674227468e-09
6.75e-08,-179.96605726629895,0.6904704960450763,52.936246027296775,-0.1868039069808937,-180.91171374600438,0.706722991572883,54.57116042137858,-0.19032875675648914,-184.98392169280768,1.9696170254707493e-09,6.426485001285601e-09
7e-08,-114.28053932282405,0.14599091887226584,41.96142056379899,-0.19434315881915476,-112.18542871268937,0.26810398726526696,42.80767940966321,-0.1960683234950576,-114.39634609187075,1.942400002545222e-09,6.421824600323456e-09
7.250000000000001e-08,-37.21411124637679,0.072286955971861,31.696224982137746,-0.20069605619997147,-37.41681159432486,0.035639485425347596,30.693188192513183,-0.19996286240920982,-38.63831616243655,1.9072545096941335e-09,6.409350791788337e-09
7.5e-08,38.933065608061824,0.078894756108421,16.77756408477339,-0.20194206636657178,39.66341505399758,0.022214405805564243,18.280756692950224,-0.20169302397323438,38.86607766648263,1.8664962134387763e-09,6.390767354894095e-09
7.75e-08,117.2049445647438,0.23924842982217495,5.387884231716964,-0.20139439778874338,115.10914409104771,0.22966128014920742,5.624999101986488,-0.20107302915374856,114.61381329461503,1.8225348416032203e-09,6.366321410338456e-09
8e-08,182.265188718822,0.5621718589887775,-6.790775382761144,-0.19850779728530413,185.0198662845864,0.6484583257274811,-7.218315891362323,-0.1981701995376485,185.1812655719246,1.7777531738782407e-09,6.336198769816871e-09
8.25e-08,241.69583569924967,1.2940775721380482,-20.201115319931898,-0.19532871371060098,245.80464646176853,1.2581858440404958,-20.192663171364103,-0.19336442723422304,247.37894635877123,1.7392213485951112e-09,6.3088840432011725e-09
8.500000000000001e-08,294.4580268782175,1.9535757170839696,-33.64067096097256,-0.18672782537364505,294.421489204048,2.028715662645468,-33.241164292767245,-0.18728003506831195,298.3956621263982,1.7126384145096377e-09,6.293900857186934e-09
8.75e-08,330.87615329425165,2.8926543858322673,-45.43582101246495,-0.17847050147206706,328.56750033306196,2.9220322204837745,-46.30699228869421,-0.18060609403883082,335.92557350250087,1.6994382556828546e-09,6.29825065814648e-09
9e-08,349.50965010172536,3.9165356315818367,-55.64862862377828,-0.17594934398154885,346.8018346218231,3.894520877998286,-59.3337748627188,-0.17390644852969778,358.27241395976574,1.7005877850691742e-09,6.33153831738719e-09
9.25e-08,349.55594288951824,4.97370236814015,-73.64789103142908,-0.16700049944638076,348.59250120402527,4.899518122555311,-72.26599265590394,-0.16751623599824383,364.42615719999475,1.7165394070432944e-09,6.4049156975906195e-09
9.5e-08,333.5750304175882,5.824558328618151,-86.39717856029208,-0.16045275056654754,334.2881854035341,5.889904924326697,-85.04936932531417,-0.16154516263415503,354.1086680426523,1.7472123506625941e-09,6.529463033230429e-09
9.75e-08,303.47424789992186,6.852903656316045,-100.93056958871324,-0.15501758527164297,305.02569532333524,6.820539466284462,-97.6312502442706,-0.15594484097569966,327.7862735016271,1.7920025570844959e-09,6.7143233984440835e-09
1e-07,260.0843197775113,7.567840558322943,-110.86291185149375,-0.15381238830674443,262.5909431092043,7.650365123575686,-109.96096673574418,-0.15058780993236107,286.64868586617126,1.849818618157536e-09,6.964951633825849e-09
1.025e-07,206.9534739473392,8.344776007373673,-123.89126650262357,-0.14719791784575864,209.2554092688914,8.344086320163767,-121.9901828778768,-0.14532799999193385,232.5552304147588,1.9191395626782133e-09,7.2818061493442945e-09
1.05e-07,152.58594207303474,8.823069979825352,-134.39741466827803,-0.14194141238876345,147.61028477898228,8.873368658395808,-133.67322207355738,-0.1400356330744042,167.9508081467406,1.998089243172437e-09,7.659715871689422e-09
1.075e-07,80.290195264586,9.079281966263679,-147.16444038875593,-0.13596486163560903,80.41708285197798,9.217579710683683,-144.96737075291114,-0.13461171514258485,95.75539182494829,2.0845217471437907e-09,8.08802381586906e-09
1.1e-07,12.110324390273265,9.30577173232657,-156.96742342688188,-0.12887925223788316,10.487240982729537,9.36413348987132,-155.83315677692082,-0.1289901129383943,19.232049856468922,2.17611258263534e-09,8.551474714738098e-09
1.1250000000000001e-07,-57.76181869854826,9.476766534491007,-164.2334924859052,-0.12298095023120093,-59.4046343915459,9.308528145090976,-166.23460033044663,-0.12313368591582885,-58.16053696836557,2.2704512071292142e-09,9.031702279613466e-09
1.15e-07,-128.73322613346818,8.981719281601164,-175.16147458986885,-0.11745411295027204,-126.57716574330229,9.054170123535046,-176.1394353316912,-0.11702848927438116,-132.924399971249,2.36513155159914e-09,9.50909652109103e-09
1.175e-07,-189.9467717426681,8.627957939049725,-184.29971847285918,-0.10882941163693668,-188.47803081737044,8.612060546848507,-185.51929964059548,-0.11067809292424996,-201.68038280423445,2.4578382849741282e-09,9.964796405659242e-09
1.2000000000000002e-07,-244.10450717500325,7.998109398359678,-195.2898931561963,-0.1026414167947525,-242.71285720433,8.000386516121129,-194.34989261848287,-0.10409883950391215,-261.3208716213046,2.5464274400023546e-09,1.0382553276071009e-08
1.225e-07,-290.1073628149467,7.239430656494251,-201.1763188118109,-0.09975608843985433,-287.0813345313103,7.24401999288365,-202.61109887314856,-0.09731622840345033,-309.1502521472413,2.6290005180607377e-09,1.0750238111843276e-08
1.25e-07,-318.75434852091206,6.530557219994821,-206.3204428162407,-0.09174510437453183,-319.6318012444093,6.373889545911337,-210.2870773150267,-0.09036233247851598,-343.0067453041454,2.7039712423596306e-09,1.1060814024744239e-08
1.275e-07,-338.07497909285183,5.38648639774311,-218.42668489390596,-0.08465980636002969,-338.73985782190977,5.426164717782797,-217.36631494852764,-0.08327405630907238,-361.36011470273314,2.7701237774000988e-09,1.1312660336650208e-08
1.3e-07,-345.10678036812504,4.513331494442453,-223.63050504479074,-0.07705900730188829,-343.2091688046464,4.441185796795722,-223.84164512548986,-0.07609202649241405,-363.3808298423254,2.826660615608231e-09,1.1509213994069526e-08
1.325e-07,-336.8738892585885,3.5687630577901897,-231.42804562569475,-0.06848810965292956,-332.3850029862809,3.4620864533832125,-229.71023029230457,-0.06885991455305324,-348.9775590003882,2.8732376568511747e-09,1.1657984686673435e-08
1.35e-07,-308.9687478814014,2.46885587692611,-234.30097498699536,-0.06293029206708037,-306.26475011736335,2.5330917863969633,-234.97350956597285,-0.06162401141265354,-318.8012972184015,2.9099835076029746e-09,1.176909423966086e-08
1.375e-07,-261.98624844909295,1.6972125339628856,-239.31250328833752,-0.0547061357678224,-265.58595395050764,1.6975244474654465,-239.63711177449292,-0.054432894165739105,-274.21594280849496,2.9374999188857785e-09,1.185357489033927e-08
1.4e-07,-211.41702923863613,0.8417936902611043,-243.05912054575705,-0.04808460949339861,-211.8721680859903,0.9956080686624299,-243.71073489094766,-0.047337052211868,-217.2366522557469,2.9568407170975756e-09,1.1921716298892512e-08
1.425e-07,-145.1523894633741,0.558410216968289,-247.15278894944794,-0.0430170582600396,-147.42040677495206,0.4622099026650265,-247.20799307588692,-0.04038837240020671,-150.4387597341742,2.9694676140900355e-09,1.1981758686184509e-08
1.4500000000000001e-07,-77.04519011510783,0.09335956038674663,-249.51310749863998,-0.034451835798638454,-75.22069222256074,0.12470323468173337,-250.14623281661122,-0.03363942190481936,-76.84137786687941,2.977182854575248e-09,1.203917707654272e-08
1.475e-07,-0.21872178157091215,-0.08819465104832235,-251.7564230055497,-0.06071904645476025,1.1928421568231298,0.0011465772650944334,-252.54631991237224,-0.0604250630041565,0.22905928908982445,2.9820406044805875e-09,1.209669032206842e-08
1.5e-07,78.03492457618817,0.1912079910821885,-261.3599680377333,-0.0385442536777229,77.95010413954405,0.09896626073509952,-260.0953607260606,-0.040676824969100134,77.28914348682966,2.9862410541652834e-09,1.2154976322811707e-08
1.525e-07,150.77257757864922,0.3493403176243585,-258.3943277612419,0.010448991842959214,151.09438817806162,0.4142915527134465,-259.1880695599826,0.011845496578914674,150.85593440956953,2.9939098768038634e-09,1.2216631408672447e-08
1.55e-07,216.11517281442104,0.7765593952402872,-255.62606141649863,0.018213971645980476,216.848340597627,0.9320312065798333,-257.8509296405381,0.016966087202418427,217.604380641291,3.0044628567511937e-09,1.227836112355068e-08
1.575e-07,275.32632111552664,1.703551691815093,-256.6535605792997,0.020088372056802035,271.86894896525416,1.626705567817422,-256.1177053454608,0.021639367962090855,274.5176044185899,3.0198574630299632e-09,1.2342704919531458e-08
1.6e-07,313.23503964047296,2.573167992426991,-250.44691317246173,0.02592283947448186,313.4649690976234,2.463969813798446,-254.02403473657697,0.025834582974906612,319.02325763524505,3.0417353820606814e-09,1.2415002836742832e-08
1.625e-07,341.2039564693081,3.3929727906008647,-252.86721286527623,0.029864430879242693,339.7551060616644,3.4026930541485365,-251.60710388170463,0.029527869164650365,349.1097861186099,3.071336216299831e-09,1.250349370176735e-08
1.65e-07,350.05230865165964,4.455391182005959,-249.56553637850186,0.030899245203150835,349.75326777584206,4.397405157935283,-248.9053114620247,0.0327027223277586,363.41734729730206,3.1094357843221405e-09,1.2618621808571587e-08
1.675e-07,343.05382652942,5.187424800921647,-244.02074968084258,0.03662092405680404,343.37699801931717,5.400895647732338,-245.957926595715,0.03535013116398923,361.2992719886612,3.1563123147695672e-09,1.2771665184795991e-08
1.7000000000000001e-07,317.7121068022034,6.205212220159149,-241.5298874810707,0.0371905949439821,321.385166955125,6.3667500026221475,-242.80474285567558,0.03746839897351757,342.85129237314385,3.2117414169952028e-09,1.2972948621381581e-08
1.7250000000000002e-07,287.965032140775,7.2917377440721385,-240.18009475167224,0.040419891475982135,285.25953927595054,7.25163678947264,-239.48573148007105,0.03906270664660992,308.90721511777826,3.2750183774057014e-09,1.3229990004620102e-08
1.75e-07,237.25644951898295,8.07073623857794,-237.0353852289494,0.03960101016035711,237.05061137047988,8.017208412242901,-236.04069676904456,0.04014449418917758,261.00123521364355,3.3450043618931128e-09,1.3545934098119514e-08
1.775e-07,179.3453533978021,8.630279521875623,-231.3801088181496,0.038589980402006764,179.210270441748,8.631539889402537,-232.50893662941164,0.04073074793588664,201.29859385609402,3.4201917207340067e-09,1.3918560284041887e-08
1.8e-07,112.2463402157216,8.908036885843822,-228.32133084149908,0.04172250864383686,114.43218489087258,9.070093261757956,-228.92891117174273,0.040843275848343664,132.49771447363594,3.4987829090332775e-09,1.4340033274416948e-08
1.825e-07,49.372320408279776,9.398226341955212,-225.2668118237192,0.038060970891657546,45.51586105686279,9.316249577711956,-225.3379221815488,0.04050803550495875,57.708240134080796,3.5787775512240312e-09,1.4797429662659927e-08
1.85e-07,-22.96342075442707,9.356610313853494,-221.53252883737727,0.0383881665513209,-24.736951928890562,9.36148756240026,-221.77180617906524,0.039754552439511884,-19.689515240530948,3.6580627782036843e-09,1.5273947708156255e-08
1.875e-07,-91.94250450190263,9.2592589668924,-215.86587026900872,0.03788016403194653,-93.592926703822,9.205303223100621,-218.26464365138136,0.038615435780265966,-96.1973493652135,3.734502949600853e-09,1.575061323205907e-08
1.9e-07,-160.23641932477187,8.782967187331344,-214.73042490926645,0.03406748151604838,-158.43170196638553,8.854957238366886,-214.84848688757737,0.037125969617180156,-168.35728236885976,3.806025994072691e-09,1.6208239610445665e-08
1.925e-07,-214.75356279677607,8.276586615098623,-209.59493150813503,0.033749382974261624,-216.77641355869852,8.325110773785036,-211.55310867351082,0.035323737572091375,-232.90784960955605,3.8707046109562766e-09,1.6629383300380613e-08
1.95e-07,-266.3951435479412,7.674840648732192,-206.75904452684276,0.03233535726259301,-266.32454494485205,7.637372622816551,-208.40577390950534,0.03324822853959739,-286.93151244906164,3.926831277601002e-09,1.700005126624047e-08
1.9750000000000001e-07,-301.5527280650812,6.815429090781888,-205.09662345117087,0.02934914855978557,-304.9921988486375,6.81974064099434,-205.43103600319336,0.030940375172408222,-327.9865243551451,3.972986282388738e-09,1.731095537704517e-08
2e-07,-329.00314719356606,5.99817714421138,-204.94874942573537,0.026576294371569574,-330.9804776471074,5.90588798437307,-202.65055966304132,0.028441992577937208,-354.21729228425033,4.008097841734058e-09,1.7558165843671785e-08
2.025e-07,-343.4145068171134,4.932866258991336,-199.24784939072296,0.028604786013889973,-342.8659427277183,4.934227801302791,-200.08297147768482,0.025795109716375674,-364.4382452613226,4.031492852488654e-09,1.7743088223865425e-08
2.05e-07,-339.77367845626844,3.9164356299292655,-196.4340906373486,0.026259717737251106,-339.70942812088634,3.946693790256229,-197.74373941427007,0.023041215239870336,-358.1874194879794,4.042936156355856e-09,1.7871774161072477e-08
2.075e-07,-320.459943139733,2.926380867438509,-195.0520150228724,0.02027735062676963,-321.17034002201586,2.987199372616,-195.645082107798,0.020220467229459985,-335.74733805416747,4.0426555767324545e-09,1.795366976127254e-08
2.1e-07,-284.41805202690557,1.9460347552207846,-192.01477360862827,0.01760101504939922,-287.6084328341152,2.0997817596090758,-193.7959085453224,0.017370936906005042,-298.1322415378863,4.031349661502926e-09,1.7999996713944872e-08
2.125e-07,-240.9345974900874,1.334312239101084,-193.9182582590795,0.016573998107999883,-240.15302107490072,1.3264917650099466,-192.20178847616657,0.01452796555507598,-247.04224664079393,4.010175215792263e-09,1.8022033351012033e-08
2.15e-07,-182.67768518466383,0.6897633222539568,-193.46089299932015,0.011657286068501697,-180.72122097625405,0.7051461542971476,-190.8649536045105,0.011723709263900279,-184.78650478496834,3.980712442546112e-09,1.8029596278679084e-08
2.175e-07,-113.29763807654858,0.3077013294821103,-188.98465164374696,0.007781659302206849,-111.97201290908133,0.2671061534440786,-189.78432934621787,0.008986927728465762,-114.17883372726104,3.944906825034554e-09,1.8030001524529206e-08
2.2e-07,-40.11002367753731,-0.005955126061995643,-188.13588174834766,0.004925610190595713,-37.19092376782737,0.03527408908320337,-188.95559666004834,0.006343043930806982,-38.410539404594836,3.9049886702253706e-09,1.802770103417919e-08
2.2250000000000001e-07,40.66603015679604,-0.04924950855333519,-186.67554262884866,0.00389982010522969,39.89032770804474,0.022503436518966073,-188.37128319685337,0.003814465539871206,39.09382382681741,3.863373273811198e-09,1.802465521630729e-08
2.2500000000000002e-07,115.40443215203912,0.23561253489392786,-188.78481014431614,0.0009191661827844397,115.32537679511492,0.23059331061286184,-188.0208827513388,0.0014211223426087117,114.83123524964186,3.822546689952168e-09,1.802134110826906e-08
2.275e-07,183.37130823849435,0.6778393993294627,-189.6324524635119,-0.00254386592406226,185.21424468599042,0.6499887357706883,-187.8910017517871,-0.0008188570096727947,185.3785363444103,3.7849437954775885e-09,1.8018146343846186e-08
2.3e-07,248.04722388015753,1.4071118637395275,-187.31081742717183,-0.0022490977015831226,245.96728213667697,1.260239283245207,-187.965531285971,-0.002888425863196714,247.54714975904525,3.7528264638140145e-09,1.8016800778313033e-08
2.325e-07,295.863382389099,1.9473848041052433,-189.07921172691087,-0.0068317412345763676,294.5444237441628,2.0311905605624427,-188.22584293844164,-0.004770960837462435,298.5271957438181,3.728170018860447e-09,1.8021479152258487e-08
2.35e-07,330.2877701229148,3.05256739152323,-186.76753042411926,-0.006397412660733817,328.6451736631221,2.924806943161454,-188.65100650740885,-0.00644975676815697,336.01449231710103,3.712565643474332e-09,1.8039277936988166e-08
2.375e-07,349.15640739656857,4.032267205867011,-188.72078413248735,-0.008635321525633094,346.83133696621553,3.8974609726802587,-189.21802748035643,-0.007907745090793873,358.3146990436211,3.7071451157264828e-09,1.8079911740257935e-08
2.4000000000000003e-07,347.6851077054802,4.806019888493871,-190.42552097306213,-0.008616000116201563,348.57359719552323,4.90248401080919,-189.90210197801528,-0.009127471900640845,364.4198973636104,3.712532301712809e-09,1.815465355731469e-08
2.425e-07,331.94903790473853,5.882491269230965,-190.6767960875175,-0.009000995780359827,334.2231284432035,5.892759407005115,-190.67688672782404,-0.010091333886246988,354.0541462163774,3.728823502069426e-09,1.8274713558469397e-08
2.45e-07,302.7962309756227,6.809493911337359,-191.50963597676076,-0.010767215046777634,304.9188756664584,6.823154487268908,-191.5147815018306,-0.010782034068265554,327.6859539478471,3.755596336992855e-09,1.8449371951815904e-08
2.475e-07,264.74320241214974,7.617503728972842,-191.99455963197988,-0.009760240711266844,262.44843028165093,7.652627386023845,-192.38722135121793,-0.011183190668177412,286.50710280025834,3.791944669237765e-09,1.8684227319934922e-08
2.5e-07,210.65244784524873,8.342806620323861,-193.7217273331322,-0.009932590930809986,209.08445581897396,8.345901532091512,-193.26497589115382,-0.011280015951045089,232.37878306886648,3.836535365692963e-09,1.897988865709482e-08
2.525e-07,149.58442064173843,8.715854485521847,-190.08981231780913,-0.012811591315103054,147.4188534617266,8.874664372139748,-194.11845283612223,-0.011059979808808422,167.74747153907768,3.8876816564355786e-09,1.9331343036551883e-08
2.55e-07,83.6203902170538,9.141200209459925,-196.36186647194518,-0.012347894841006858,80.21344453754337,9.218306882143729,-194.91800295773305,-0.010513384880847148,95.53435630712481,3.943427523107645e-09,1.9728099994293233e-08
2.575e-07,10.649774520143666,9.409861561424044,-195.48499613175684,-0.011041853788999807,10.27966900452576,9.364266993652814,-195.63422363443587,-0.009633803364322204,19.003305730524392,4.0016378758219164e-09,2.015507970190224e-08
2.6e-07,-59.212215701247885,9.383746329003964,-200.13400450916245,-0.007204275024154488,-59.60807181997087,9.308066526409831,-196.2382581855663,-0.008418355607876675,-58.38665098885692,4.060090097781975e-09,2.0594100233272418e-08
2.6250000000000003e-07,-125.27963291315372,8.899330947163216,-195.28101854324308,-0.004426666690626264,-126.7687353955664,9.05313484543392,-196.7020882304693,-0.006867841289529119,-133.1376640474911,4.116563619600828e-09,2.102574420365548e-08
2.65e-07,-187.3834083131467,8.674011974003086,-196.459440915748,-0.003827682403377634,-188.65042270564322,8.610494913059913,-196.99881638661842,-0.004986759622008264,-201.87115788564697,4.168925277967418e-09,2.143135001936456e-08
2.675e-07,-240.0340465763746,8.016255804307894,-194.51172702911578,-0.0019279175350492123,-242.8592739280574,7.9983543373976245,-197.10293671796182,-0.0027832708274329316,-261.4805351086585,4.2152090876216645e-09,2.179487322124896e-08
2.7e-07,-285.27030521037267,7.273644583245785,-197.7360318633673,-0.004078684868291322,-287.19562077143917,7.241603945613634,-196.9905904652873,-0.0002691542184291207,-309.27158761451255,4.253689550346647e-09,2.2104391122673425e-08
2.725e-07,-318.2699630903409,6.301977923702522,-197.73287798206803,0.002191435896496629,-319.7086393196455,6.371189075074169,-196.63980473306952,0.0025401918105657853,-343.0842686645289,4.282947674706881e-09,2.2353072314156518e-08
2.75e-07,-339.0702134021442,5.46201613933927,-197.6975627117959,0.0024070160518117833,-338.7750352418894,5.4232932859242995,-196.03071197074166,0.0056256836586985074,-361.39032207688433,4.301928527026455e-09,2.2539497604123635e-08
2.775e-07,-346.5789818240893,4.4259313734848,-196.94621201052732,0.008121963346067712,-343.19990086416817,4.438267291688121,-195.1457482691086,0.008964423963328317,-363.3623559257236,4.309988516023158e-09,2.266729841057129e-08
2.8e-07,-338.0696470409432,3.4916855860755627,-189.17892367325825,0.01230798079254568,-332.33027218972927,3.459250642194078,-193.96982869302371,0.012529543534310982,-348.9112387719933,4.306929937801449e-09,2.2744169255237043e-08
2.825e-07,-306.7465547366422,2.384057811212063,-192.773468805279,0.015367038748397371,-306.1656089182949,2.5304688334971623,-192.49049808765054,0.016290071323471447,-318.6901282015057,4.2930198091464426e-09,2.2780405206753297e-08
2.85e-07,-266.6745328320924,1.801722015239137,-190.16216938553782,0.021895873370892747,-265.44573122950266,1.6952386751999706,-190.69805602565668,0.02021090487078888,-274.06494958949594,4.2689899101432825e-09,2.2787199102903205e-08
2.875e-07,-210.18803172075573,0.9925086557701998,-192.76079575123467,0.02699680281398549,-211.69652462415252,0.9937713067348378,-188.58565480444906,0.02425295539702734,-217.0526593842881,4.23601539316771e-09,2.277498850636004e-08
2.9000000000000003e-07,-146.6852275286588,0.39541249331754313,-184.7777203561647,0.027614934639728833,-147.21720040594556,0.46091491111169103,-186.14936965385442,0.02837352917774639,-150.2300832690371,4.1956703485809195e-09,2.275214972626775e-08
2.925e-07,-73.95417465513835,0.09085811727345208,-182.3398677330628,0.03163364280013293,-74.99963712835536,0.1240177698606205,-183.3882405732065,0.03252698150823595,-76.61744950907095,4.149860289881955e-09,2.272428363895885e-08
2.95e-07,3.0113222027484947,0.12047443330068318,-182.35546408509902,0.03466831003037001,1.4207091907191427,0.0011086803468862124,-180.30428548026407,0.03666564525464594,0.45811848775066916,4.1007334667012506e-09,2.2694226583101366e-08
2.975e-07,80.71939912247237,0.008259228304275959,-174.8576872527506,0.04063595503912747,78.17310946037756,0.09958127641545958,-176.90248462038156,0.04074099815388952,77.51298057219942,4.050574983600993e-09,2.266276726317999e-08
3e-07,151.8846463596648,0.46828773436129173,-172.82249857359005,0.04605217837824754,151.30099459217283,0.41553123845785994,-173.19073645046427,0.04470499784783753,151.0644324551338,4.00168960368942e-09,2.2629890258187646e-08
3.025e-07,216.83950623423232,1.066943652106225,-169.42733990530039,0.04873963220558063,217.02792941515065,0.9338350887041051,-169.17978547605784,0.04851148689614237,217.788116010203,3.956280561614046e-09,2.259623841351935e-08
3.05e-07,270.2725407579582,1.6675356393271548,-166.75410422841827,0.04992701910376164,272.01252883662454,1.6289844688846422,-164.88312277908216,0.05211755606311679,274.6682726905954,3.9163324680818996e-09,2.2564425616474747e-08
3.075e-07,314.8358038456822,2.4350848894247163,-163.25441024958124,0.055655488836294016,313.5657386893881,2.4666112499550827,-160.3168602258371,0.05548475517414753,319.134048947567,3.8835063200125505e-09,2.2539857696575325e-08
3.1e-07,340.00115885451874,3.3850717864604465,-156.5094824385722,0.05785336455318466,339.8088172038905,3.4055680141538804,-155.49957958775624,0.05858005637006362,349.175692956235,3.859053718659999e-09,2.253082870963262e-08
3.125e-07,350.92129381918636,4.381571257544686,-148.9817870317904,0.06246627845183475,349.7583627038003,4.400375654507115,-150.45215803872932,0.061376501770842834,363.43539082126046,3.8437557485954956e-09,2.2547825858779278e-08
3.15e-07,341.382097093821,5.484969297320277,-143.45508536219347,0.06425645840674526,343.3345242957238,5.403822392399098,-145.197571710586,0.06385350162050675,361.26863667276024,3.8378897971526464e-09,2.2602156656098357e-08
3.1750000000000003e-07,321.63533666806075,6.138056017814815,-141.23537437252799,0.06474733016605466,321.2985017109443,6.369499600131124,-139.76067919056445,0.06599678421821784,342.77336286389607,3.841225183844543e-09,2.27041618548605e-08
3.2e-07,288.20194893227915,7.112925154360469,-134.24831119769928,0.06675458586428437,285.1339760616003,7.254087965908833,-134.16798702944823,0.06779802987285137,308.7855136515337,3.853046135913619e-09,2.286136281906924e-08
3.225e-07,236.83934644856626,7.969525922683094,-129.32352271448755,0.07045590351428893,236.8928748565038,8.019256959798852,-128.4473994948751,0.0692542436532663,260.8412624195247,3.872198678868534e-09,2.3076897369344153e-08
3.25e-07,177.61226972232103,8.707523430082285,-123.37187236388267,0.06997159403644874,179.02802488308077,8.63310220021109,-122.62795494960751,0.07036693400119733,201.1075801400882,3.897156628723398e-09,2.334853031791495e-08
3.275e-07,117.71577016612152,8.995301671586759,-118.71522223633545,0.06999442763116868,114.23359210339876,9.071108501296521,-116.73955135800377,0.0711411671078801,132.2842932207137,3.926101191459585e-09,2.3668407304480142e-08
3.3e-07,42.73117362124801,9.180435387782836,-109.56463066415284,0.07292045341816858,45.30922497598698,9.316680686521924,-110.81266352438492,0.0715845634236991,57.482057498847006,3.957008692651199e-09,2.4023584395300953e-08
3.325e-07,-26.027835362742653,9.37859605803648,-104.34303386988825,0.07205814197124998,-24.943440447377426,9.361321353272901,-104.87805474362453,0.0717062971555414,-19.91823631804706,3.9877415618293604e-09,2.439724049761038e-08
3.35e-07,-93.5162459272132,9.270766125065151,-100.1777351896467,0.06929065408402851,-93.79135477738464,9.204549851368721,-98.96648559631011,0.07151615619108374,-96.41827121317735,4.016138681015637e-09,2.4770385236550954e-08
3.375e-07,-157.53003585954772,8.820718361471219,-97.33785821067534,0.06933740982783089,-158.6145385205886,8.853649270467397,-93.10842264784229,0.07102372059775103,-168.56041982284637,4.040102327505306e-09,2.5123820168925163e-08
3.4000000000000003e-07,-217.3265811503764,8.349392889803328,-87.30877741657157,0.06787318774343559,-216.93659277813077,8.323301980639123,-87.33374981255619,0.07023772134437793,-233.08402131925254,4.057679951026238e-09,2.54400947621056e-08
3.425e-07,-267.1657131224572,7.6506257494321765,-81.38667519595737,0.06937583304588348,-266.45557149520494,7.63513650514,-81.671485120372,0.06916564234165852,-287.07275585438447,4.067139725596013e-09,2.5705213579431598e-08
3.4500000000000003e-07,-304.95656563643854,6.935874026599206,-74.53009796694676,0.06693902145567655,-305.08830839068276,6.817168582373114,-76.14950557480736,0.0678136214086211,-328.08645557582736,4.067039091127632e-09,2.590988987771991e-08
3.475e-07,-333.58676983386454,5.99611519027765,-67.5367097844333,0.06577421626646833,-331.0368691719687,5.903086851902347,-70.79428271785659,0.06618668340254333,-354.2713946566906,4.0562853373355456e-09,2.605019786987889e-08
3.5e-07,-341.19469737444786,4.73896151223552,-62.35451029175829,0.06356276819449816,-342.8790772530654,4.931316792827578,-65.63063141990023,0.06428930004102336,-364.44407348149383,4.034186775293293e-09,2.6127548407916574e-08
3.525e-07,-335.4938028163392,4.070002386936442,-60.91425020376007,0.06287751937758584,-339.6773656436748,3.943800370880947,-60.681474292357684,0.062126221385293987,-358.1447101336027,4.000492367495566e-09,2.6147998513898327e-08
3.55e-07,-323.9193310493538,2.967633808118118,-58.74178567945131,0.06139808489368938,-321.09306786008335,2.9844542474846447,-55.96762397827538,0.05970347567409508,-335.6580214907989,3.95541707213715e-09,2.612099893649621e-08
3.575e-07,-291.18433117285053,2.1112533230265003,-53.363843489099004,0.056925001466062296,-287.488127499214,2.097312978989188,-51.50758541276982,0.057029402228806585,-298.00035467078857,3.899649832142535e-09,2.6057775083954907e-08
3.6e-07,-243.47559097359013,1.2965734927883619,-50.78041399227642,0.05876308305062151,-239.9941851342693,1.3244182258547563,-47.31737996267041,0.05411557835297199,-246.8737504560144,3.834341292144582e-09,2.5969608687680163e-08
3.625e-07,-179.77138516169256,0.643417428143046,-42.78740071855258,0.05068759111718696,-180.5306466691003,0.703570919064614,-43.4103931544691,0.05097752855458212,-184.58901492634251,3.7610690628338026e-09,2.5866320850848302e-08
3.65e-07,-118.11693020710801,0.3237930571340514,-40.41605885607175,0.046876235798982854,-111.75854428965398,0.26611012182635785,-39.79724748359563,0.04763515503818458,-113.96127628665508,3.6817796705250774e-09,2.5755235266081054e-08
3.6750000000000003e-07,-36.102912364555465,0.024836938792240654,-38.183836351823615,0.04494099297924935,-36.96501576759494,0.03491060719372795,-36.485701568036426,0.04411288600302898,-38.182747482881766,3.598708116346995e-09,2.5640817103232444e-08
3.7e-07,41.330288925501485,0.040697759074884064,-33.65168359266959,0.03795244689851199,40.117226004108794,0.022794397198184792,-33.480576667476505,0.04043958491458368,39.32155455352807,3.5142780122638e-09,2.5525047811176878e-08
3.7250000000000003e-07,117.02132366713093,0.21984649225063996,-30.210039768527643,0.035534807700669274,115.54156101090166,0.23152718718913423,-30.783711337636163,0.036648287093826684,115.04861187111531,3.430987283506788e-09,2.5408434927231378e-08
3.75e-07,187.61352365730224,0.5214008701569977,-27.367853420376626,0.0322479771671638,185.40854318739224,0.6515208127350499,-28.393944730596274,0.03277582689004112,185.57573393238656,3.3512861328976516e-09,2.5291406693033584e-08
3.775e-07,248.65268064839822,1.2297452730483607,-27.862590732551286,0.0312044986789812,246.12981131851467,1.262294125305455,-26.307128787931603,0.028862396040240552,247.71525543162494,3.2774550865841864e-09,2.5175743151459365e-08
3.8e-07,294.9677587676228,1.9332723397811675,-22.06217274220903,0.023074581175045128,294.667231683272,2.033666528399234,-24.516169306866303,0.02495104381560372,298.65861150742967,3.2114912937431802e-09,2.5065677185901524e-08
3.825e-07,329.83192244147887,2.9506962877195537,-22.91652522284119,0.022625766912773494,328.72270784388655,2.9275823540439636,-23.011095592754835,0.02108710477604314,336.10327847850095,3.155010755246369e-09,2.496836897402597e-08
3.85e-07,342.5392383271474,3.760963964564545,-20.442386520546247,0.018758523779629197,346.86069557704434,3.9004013474423336,-21.779158146447614,0.01731752903158922,358.35684267050755,3.109172853059183e-09,2.4893599733374284e-08
3.875e-07,349.1375675597606,4.773077378351969,-21.797068988681232,0.017567517618684813,348.5545525782645,4.905449767331484,-20.80495357488543,0.013690095576038019,364.41349366002197,3.0746316066483176e-09,2.4852709585821814e-08
3.9e-07,332.0811193298895,5.927079671456164,-21.524459662573914,0.009150716293784129,334.1579408878608,5.89561336373859,-20.07057565995175,0.01025250866597422,353.9994846151329,3.0515157507199537e-09,2.485697468374878e-08
3.925e-07,306.8660099895146,6.812457116323979,-18.380194095976783,0.007066889517088247,304.81194109034334,6.825768624101532,-19.555791276483667,0.00705140377204588,327.585505028841,3.039437316838445e-09,2.491573939519947e-08
3.9500000000000003e-07,262.2915904750125,7.527482098541179,-17.751034920696682,0.00475630198721133,262.30582243285113,7.654888456713805,-19.23823961762498,0.0041313153693026535,286.36540662587936,3.03752621752924e-09,2.50346649680629e-08
3.975e-07,206.82699485983417,8.31136792788397,-17.724816458426073,-0.0010240657526285654,208.9134300110807,8.347715305661053,-19.093652966508692,0.0015336766136274783,232.20224398350877,3.0444866345803792e-09,2.521442270342794e-08
4e-07,149.80688702550228,8.827346484471617,-16.169121377606743,-0.0010765676229900277,147.22737390652762,8.875958468304399,-19.096097049573395,-0.0007040740019492417,167.5440687073707,3.058669973828191e-09,2.545006322399883e-08
4.025e-07,77.22168800586,9.161500930146927,-21.400811192065607,-0.0040656207047348025,80.00978251176676,9.219032327087104,-19.21822882052391,-0.0025492132083901834,95.31328307384791,3.0781588238660608e-09,2.5731162526124198e-08
4.05e-07,10.735835742646348,9.340704322836803,-19.57938353549326,-0.004751689550715817,10.072097496645215,9.364398732498191,-19.431569356719258,-0.003974236937971915,18.774554102376364,3.10085668528959e-09,2.60427115234686e-08
4.075e-07,-59.43527572419408,9.398041651457065,-19.398738227097503,-0.0034777897903186033,-59.811485424058674,9.307603173282539,-19.706789403176554,-0.004957134319167562,-58.61274195922377,3.1245790582263034e-09,2.636660411556192e-08
4.1e-07,-121.09721620713253,9.044213544999794,-22.241357938551406,-0.003955562550602155,-126.96025899828048,9.052097929505193,-20.01400497474003,-0.005481451103644362,-133.35087556309077,3.1471425590606766e-09,2.6683503906511557e-08
4.125e-07,-186.1129019692036,8.609756720844834,-23.007453182178825,-0.008469346483388235,-188.8227476888024,8.608927800613996,-20.3230803254703,-0.005536190740579066,-202.06185327152338,3.1664498295044276e-09,2.6974834772783576e-08
4.15e-07,-240.9221302500293,8.107936269419818,-24.485939663543235,-0.004517728803397014,-243.00560456690488,7.996320897386265,-20.603935516873555,-0.005115620527369006,-261.64009536763956,3.1805688743988766e-09,2.7224640816586952e-08
4.175e-07,-292.17211467042233,7.258008368748832,-20.54256572844743,-0.007371339018736409,-287.3098038941063,7.2391869071848305,-20.826855763991013,-0.004219056258015672,-309.3928009862589,3.1878059579117695e-09,2.742108902863122e-08
4.2e-07,-323.6164528471491,6.52912378133576,-20.01337626894957,-0.0070926050818323014,-319.78536007804314,6.368487928902096,-20.96279971108561,-0.002850690571841412,-343.161656580677,3.186771236251706e-09,2.755743640880949e-08
4.2250000000000003e-07,-338.3146292760846,5.439219625564699,-18.40454788936788,-0.0033995490221997277,-338.8100848634752,5.420421530959398,-20.983703787008988,-0.001019509623840868,-361.42038677985977,3.176435950453947e-09,2.7632348335873075e-08
4.25e-07,-342.6189309445581,4.506230269216394,-20.958916189979544,0.0028176126925457488,-343.19049936139544,4.435348840120403,-20.862779814368267,0.0012606859254652666,-363.34373855941834,3.156179383860258e-09,2.7649534461338708e-08
4.275e-07,-332.2679177744271,3.356044455794682,-23.55830273726157,0.006587502035547055,-332.2754077604533,3.456415270764335,-20.574803096140784,0.003971170325627816,-348.8447807989668,3.1258231129794643e-09,2.7616759063770845e-08
4.3e-07,-310.8260530229105,2.664025387152552,-18.08928475373734,0.00803926668030957,-306.06634048938224,2.5278466987284287,-20.096388278062413,0.007088133721292171,-318.57883337079465,3.0856495820782278e-09,2.7544376987129996e-08
4.325e-07,-266.65226790226734,1.6966050394214403,-21.142278121876803,0.010020552714782721,-265.3053945646313,1.6929540723733862,-19.406250384265388,0.010582532488539196,-273.9138481739965,3.0364019258809037e-09,2.744363021379805e-08
4.35e-07,-211.17047539479074,0.9794368956068087,-16.760275609412226,0.013761268687617139,-211.52078728375943,0.9919360187252818,-18.48544854646468,0.014420009965551591,-216.86858082387738,2.9792624020097997e-09,2.7324995131989187e-08
4.375e-07,-143.391988050339,0.47975682805422737,-17.153642537073434,0.02095384620055554,-147.01392630161834,0.459621632401762,-17.31761009240891,0.018560937805961433,-150.02134749544348,2.915807829285942e-09,2.7196877770514117e-08
4.4e-07,-72.37220936523835,0.16958680829225697,-15.076911668044907,0.022308713245366943,-74.7785452158893,0.12333417530240937,-15.889132826087838,0.02296060571045188,-76.3934909039043,2.8479420012726254e-09,2.7064901490914385e-08
4.425e-07,1.6666144341845763,0.11935540804281736,-11.913932646671114,0.027662990661411275,1.6485791779178585,0.0010727180685871419,-14.189363518858112,0.02756955845891225,0.6871775055542377,2.7778069902713305e-09,2.6931920012751026e-08
4.4500000000000003e-07,82.14829742744493,0.013679663042096182,-11.82581828486091,0.03297468420760114,78.39608311031704,0.10019819226080254,-12.21075083559672,0.032334051297394764,77.73678705667393,2.7076773259263007e-09,2.679873622774269e-08
4.475e-07,149.1643008944792,0.43420469120240596,-10.308346178533057,0.03890255925697853,151.5075362867687,0.41677269173969483,-9.948971141423215,0.0371965757781697,151.27287086285313,2.639842932115854e-09,2.6665346955330443e-08
4.5000000000000003e-07,219.74114103523917,0.908033706120407,-9.067197762787982,0.043805054170170055,217.20742427796304,0.9356405149141733,-7.403025870502802,0.04209640481768764,217.97176539981743,2.5764881490587465e-09,2.6532405624786132e-08
4.525e-07,269.44768483505425,1.6991038837097143,-6.006538508798233,0.04577863722053017,272.15599123822295,1.6312646131510535,-4.575309386888307,0.04697012140887712,274.8188325279172,2.519574922283699e-09,2.640253432885849e-08
4.55e-07,316.5725141007394,2.635682996087589,-2.690780549617193,0.05269879469224532,313.6663744012315,2.4692535692455913,-1.4716465260814857,0.051752128243038445,319.244714270819,2.4707381689798138e-09,2.6281143197217392e-08
4.575e-07,341.6609446925523,3.3573683218200037,1.754708968713603,0.053281291919457505,339.8623859036594,3.4084434595150492,1.8987007272746936,0.05637517731635249,349.2414619448269,2.431200417538534e-09,2.617652477094097e-08
4.6e-07,353.37709329609754,4.4143889447257045,8.135401756268315,0.06148746186058409,349.7633145412493,4.4033462237218615,5.523057697786797,0.060770995704893006,363.45329086668204,2.4029830735676198e-09,2.6100979042994734e-08
4.625e-07,341.85592934242703,5.4483708994686175,8.263449686322556,0.06586711841311219,343.29191419330823,5.406748804262804,9.385392610382887,0.06487110008116337,361.23785873372276,2.3874516410349977e-09,2.606744211474913e-08
4.65e-07,318.9844625154793,6.3146318130467955,13.233710519477883,0.06886956782337213,321.2117131124686,6.372248486644725,13.466403034246952,0.06860787564694727,342.6952980331541,2.3844353071374423e-09,2.6086438490694372e-08
4.675e-07,284.3019166327873,7.189101796048561,15.860889644875254,0.06973766336931382,285.0083074714895,7.2565380969830615,17.743632625039524,0.07191594239134148,308.6636902816579,2.393261824959802e-09,2.6165645909963753e-08
4.7e-07,238.24396165346553,8.169837126862406,20.86765702337561,0.0743365358509027,236.73505442763627,8.021304183952902,22.19161734014805,0.07473375441046347,260.68118664940687,2.4128033032774174e-09,2.630833032687525e-08
4.7250000000000003e-07,177.294747645698,8.624619892454588,26.412116122054506,0.07748021805213204,178.8457189525225,8.634662974236036,26.782060037544767,0.07700530005079653,200.91648702999635,2.4415412467064135e-09,2.6512356469556123e-08
4.75e-07,116.77422820577652,8.890041849858168,29.261692776752493,0.07754893561623391,114.03496338062443,9.072122059870276,31.484032113490294,0.07868171886186169,132.07081974404505,2.477645360333541e-09,2.6769942217283554e-08
4.775e-07,47.02677302778361,9.306601797229904,35.837101958235365,0.07932411691034531,45.10257738909528,9.317110040845643,36.2642005901344,0.079722644127977,57.25585217060853,2.519060650773521e-09,2.7068188877543823e-08
4.800000000000001e-07,-24.252651297217678,9.301368126039247,39.57773863191919,0.08017101188999204,-25.149916658864587,9.361153386011773,41.08707883315588,0.08009711828009379,-20.146949532161504,2.563597957075466e-09,2.739029409863155e-08
4.825e-07,-97.26940075152889,9.076509262757456,46.67662225386527,0.0811467061123761,-93.98974772516978,9.203794785468105,45.91529886406575,0.07978399714373165,-96.63915499673345,2.60902402885132e-09,2.771725985639918e-08
4.85e-07,-158.06717752340182,8.825558640429573,51.633030330995815,0.07987491025673071,-158.79731837924166,8.852339736775795,50.709903033583174,0.07877183422988557,-168.76349073185102,2.6531483879493317e-09,2.802985329742015e-08
4.875e-07,-212.50243828959856,8.365833285128078,54.00080622073277,0.07730187130766213,-217.09669524006026,8.32149181054859,55.430652643349276,0.07705829812198511,-233.2601010110677,2.6939052176333073e-09,2.8310561876835434e-08
4.9e-07,-269.0748318781222,7.513243510616962,60.47496742672173,0.07348486451401677,-266.58650311313056,7.6328992550023065,60.03635094482322,0.07464921504714855,-287.21388592792806,2.729429220526053e-09,2.8545299320424273e-08
4.925e-07,-305.1232708989125,6.928281327355074,65.43588527746144,0.07030442070253315,-305.18430728913694,6.814595685238413,64.48517780791016,0.07155734609942635,-328.1862572731734,2.758124658213804e-09,2.8724657762660082e-08
4.95e-07,-334.70165577693194,6.01385051199989,66.26098491627626,0.06887062913705519,-331.0931375977746,5.900285216228618,68.73503323894616,0.06780101120024196,-354.32535716839476,2.778726619963119e-09,2.8844558506034568e-08
4.975e-07,-342.99735806247907,4.9868573835161705,73.07448730944265,0.06105744581673207,-342.8920804363286,4.928405647231563,72.74388683917775,0.06340266702341191,-364.44975782491656,2.7903530583009648e-09,2.8906226389354212e-08
5e-07,-339.04098191479983,3.9836660377166493,78.04094553784043,0.056616150443428895,-339.6451688016805,3.94090719782154,76.47013023158965,0.05838753839727592,-358.1018593893667,2.7925454528758733e-09,2.8915498455917857e-08
5.025000000000001e-07,-324.0281765997969,2.990689702631277,79.70813408172499,0.05404191878999455,-321.0156644309331,2.9817097532644037,79.87292944651563,0.052782393593313284,-335.56857241495777,2.7852953478052715e-09,2.8881571371222124e-08
5.05e-07,-289.4063771766379,2.0602150378411186,81.5976975394953,0.047340350056067626,-287.3677007297917,2.0948451965899073,82.91257424524055,0.04661454272381748,-297.8683501578703,2.7690536821802917e-09,2.8815383180918356e-08
5.075e-07,-240.23422761915083,1.2780534560660792,83.47614633573174,0.041930346744706394,-239.83524449400937,1.322346015274629,85.55082137592532,0.039911123675205225,-246.70515680938885,2.7447199862499632e-09,2.8727896915483014e-08
5.1e-07,-177.86181243944625,0.7222616410236831,87.70516105501827,0.032185476402941865,-180.33999090182724,0.701997286350624,87.75122879758212,0.03269872037619559,-184.3914521948992,2.7136092524817402e-09,2.8628586704149366e-08
5.125e-07,-116.2744209310449,0.24608304933199548,89.80864763501097,0.02261750581972309,-111.54502294583803,0.2651158927053579,89.47947797514927,0.025003333637300385,-113.74367385594329,2.6773956095161717e-09,2.8524405009459943e-08
5.15e-07,-33.40235269532753,-0.0145949015532238,95.52535766837525,0.018429530413163746,-36.7390876937949,0.03454903987968248,90.7036814414419,0.016850696787445434,-37.95494048722339,2.638033713621423e-09,2.8419426133087515e-08
5.175e-07,43.97490686497195,0.13508683472232993,89.49059255417498,0.006725377352298709,40.34410983976347,0.023087287823027627,91.39467293908245,0.008266900039451562,39.54926975671171,2.5976608144841424e-09,2.8315225762273267e-08
5.2e-07,113.50479220467615,0.1810782894086901,90.56591035505741,-0.0030679776627800075,115.75769664063904,0.2324629097561597,91.52627759648081,-0.0007207365638105001,115.26594307321757,2.55848447324254e-09,2.8211895150120094e-08
5.225e-07,182.6804344595282,0.6852144910213533,90.77524600174672,-0.009669818837570194,185.60276170231234,0.6530545564479613,91.07555975532054,-0.010082616542148306,185.77285825800084,2.5226626145764287e-09,2.810943932204519e-08
5.250000000000001e-07,243.56604511861056,1.114345765546212,89.41600845736112,-0.01758084061115078,246.29223393774743,1.2643503700506395,90.02304625141377,-0.019785722392922554,247.88326331014673,2.4921837161786406e-09,2.8009210776724263e-08
5.275e-07,294.71896867683535,1.9527858070701396,87.15727794662291,-0.02937073228798674,294.7899129728777,2.036143566033981,88.3529231546531,-0.0297924322313042,298.78990936535195,2.4687552891935448e-09,2.7915012195282618e-08
5.3e-07,334.9929631194273,2.7914541593616273,86.37316021902701,-0.04275037248286872,328.8001028500917,2.930358453094831,86.05320419531907,-0.04005932234253459,336.19193195165036,2.4537083029896976e-09,2.783357193093109e-08
5.325e-07,348.6972655455207,3.8698340889503795,83.00121391084718,-0.05178339230972489,346.8899104524684,3.9033420023557,83.11586934132578,-0.050535930255058086,358.39884482378784,2.447923902231516e-09,2.777423862415705e-08
5.35e-07,349.43191108470216,4.755776131796877,79.66311238770098,-0.059573808612267194,348.5353673721785,4.908415392306723,79.5369722420116,-0.061163393781305066,364.4069460917574,2.451786817348934e-09,2.7747920280169778e-08
5.375e-07,336.78358438760546,5.926587654786797,77.47993223797079,-0.07435261360234266,334.09262277609463,5.89846679481318,75.31671551666184,-0.07187282456711783,353.94468326049764,2.4651675371970045e-09,2.7765463369613057e-08
5.4e-07,303.97778107924967,6.889954871703393,68.8355131904406,-0.08252642659945969,304.70489164820907,6.82838187714229,70.4594931377907,-0.08258323767119385,327.4849267842665,2.487432901667377e-09,2.7835787974312634e-08
5.425e-07,262.2608573159611,7.662933864325027,63.941277751423684,-0.0934863405513073,262.1631196262831,7.657148336039084,64.97389943795076,-0.09319886824580034,286.223597398973,2.5174825898272843e-09,2.796414038492331e-08
5.45e-07,208.07846914444724,8.319091135051426,59.798762458915995,-0.10123381892527292,208.742331914811,8.349527641251017,58.87270455206319,-0.10360580370391052,232.02561322838648,2.5538072848350905e-09,2.8150790950200416e-08
5.475e-07,148.64914514262904,8.687621729338822,53.277755445794284,-0.11520450862367426,147.03584618557502,8.877250947202496,52.17279639249947,-0.1136681102401595,167.34059973191654,2.594563260504063e-09,2.8390408386707505e-08
5.5e-07,82.75988882234256,9.301467083740812,41.74095601560119,-0.1266798166805743,79.80609684678703,9.219756045712485,44.89508953891498,-0.12322413744166968,95.09217221239882,2.6376578127196124e-09,2.867221080740627e-08
5.525e-07,8.450990513648573,9.440727003215061,38.72265855204502,-0.13173780282983072,9.86452652937455,9.364528706452234,37.06440170664834,-0.1320845729201089,18.545795062331706,2.6808402910564518e-09,2.8980859781472373e-08
5.55e-07,-62.02857383763186,9.367899735673781,32.39529459119571,-0.13604703645643346,-60.014875136468646,9.307138085572477,28.70929873392544,-0.14003514637149936,-58.83880979020705,2.7217943095623387e-09,2.929795215752086e-08
5.575000000000001e-07,-126.76687962011813,9.110310526072462,19.34764919875628,-0.1473044038746086,-127.15173648779236,9.051059375418456,19.861909296689234,-0.1468483056789181,-133.56403443387904,2.7582278006922985e-09,2.9603889594413913e-08
5.6e-07,-189.462287576576,8.614786797215054,9.205273533619422,-0.1540469139449196,-188.9950057076237,8.60735920899045,10.55771081832421,-0.1523083977360303,-202.25246888657912,2.787958669831084e-09,2.987987093307412e-08
5.625e-07,-240.8114303168184,8.093438739471592,1.3870847994770048,-0.15385906738615931,-243.15184906718986,7.9942861953963735,0.8352882875575709,-0.15625145511818433,-261.79955233525544,2.808994681780269e-09,3.0109752975250134e-08
5.65e-07,-289.7924047863398,7.274727672330209,-6.724256536052564,-0.1545605753035615,-287.42388385286876,7.236768876769329,-9.26393207071073,-0.15861190424576402,-309.51389221462665,2.8196067042854694e-09,3.028155309433911e-08
5.675e-07,-318.95269295483365,6.372176820846969,-19.11930054303282,-0.15887522008880428,-319.8619634827412,6.365786106469693,-19.69597211202831,-0.15945758424169765,-343.2389090220372,2.8246002429638516e-09,3.0397304707113357e-08
5.7e-07,-340.12555251642635,5.387101835108163,-31.18955697415017,-0.15540817702638363,-338.8450066622257,5.417549451910094,-30.414611720411703,-0.15899120535659916,-361.45030879979043,2.823576226580024e-09,3.045667075244311e-08
5.725e-07,-343.3902020018855,4.628128453877168,-42.2436689136002,-0.15564120804406678,-343.1809642872981,4.4324304411094095,-41.37171685547054,-0.15750915804418236,-363.3249777507591,2.815961171901415e-09,3.0463541081767244e-08
5.75e-07,-329.81118554624555,3.4687138782520863,-53.356609375587055,-0.15584580448067517,-332.2204097075119,3.453580338152517,-52.51758301181033,-0.15533179467083286,-348.77818510754577,2.801615577732638e-09,3.042584534703874e-08
5.775e-07,-301.65151515548405,2.4635929940941055,-66.79857091936292,-0.1564824247886602,-305.96694485960654,2.525225381235254,-63.801291272385065,-0.1527348141634386,-318.46741277020556,2.7808516248944903e-09,3.035408640497043e-08
5.800000000000001e-07,-265.80704399656884,1.6900436950563509,-73.48022179358094,-0.15095785203065296,-265.16494400530274,1.6906706382557257,-75.17107403022567,-0.14990717618894048,-273.762638621646,2.754432164677354e-09,3.0259635195861765e-08
5.825e-07,-213.31419820426188,0.9409951012669138,-85.95929147695821,-0.15011355023899786,-211.34495613348415,0.9901022040637896,-86.57468737081415,-0.14694321432178903,-216.68441664718338,2.7235483664578184e-09,3.015307726816477e-08
5.85e-07,-146.07148008795772,0.5116278572838819,-97.79097484442529,-0.14427716971798282,-146.81058454692925,0.4583300661535372,-97.95978705111622,-0.14386034972903539,-149.81255249579777,2.689774431025032e-09,3.004290816875705e-08
5.875e-07,-73.75032974458165,0.16991739228340372,-108.6456975108525,-0.13997600405040306,-74.55741658173528,0.12265245083590277,-109.27430498133597,-0.14062769196732966,-76.16950213980233,2.654999350397243e-09,2.993482195238744e-08
5.9e-07,-2.7599601130998677,-0.07544771202106776,-120.08527550767636,-0.13440120119007778,1.8764520162645963,0.0010386904852598472,-120.46682311214204,-0.1371934689363552,0.9162362520697146,2.621337641023643e-09,2.983172529373673e-08
5.925e-07,78.18194831465978,0.0798973708916188,-134.66559389592246,-0.1301433882228906,78.61902498840655,0.10081700856148602,-131.486941653412,-0.13350512553120247,77.96056285189347,2.591023045627593e-09,2.9734457187259606e-08
5.95e-07,152.13312557020467,0.4811409195136931,-141.50003256084628,-0.12997530300337298,151.7140131689619,0.41801591308566155,-142.28563860025454,-0.12952093171370424,151.48124955043758,2.56629109695722e-09,2.964303395128823e-08
5.975e-07,218.33156889586533,1.0132946937790994,-153.2593709367431,-0.12442309629300785,217.38682510745986,0.9374474859662045,-152.81561761779636,-0.12521467233091904,218.15532873762882,2.5492578776175255e-09,2.9558111237261785e-08
6e-07,274.95038182042356,1.7483287209964533,-163.50601724850964,-0.12100591428198,272.29933611066355,1.633546001586283,-163.03164143721287,-0.1205758114823675,274.96928387111535,2.5418030619374572e-09,2.9482294442498965e-08
6.025000000000001e-07,310.9870237442145,2.3623295798490016,-172.74358811167036,-0.1163498054649121,313.76687619616155,2.4718967728269514,-172.89084804095177,-0.11560728160661814,319.3552535613155,2.5454652514871297e-09,2.9420955690602696e-08
6.05e-07,338.4286954752239,3.3857193579053586,-183.53742454741015,-0.11066531504263277,339.9158121475505,3.411319391539068,-182.35304706387157,-0.11032242938699267,349.3070930584201,2.5613566980535416e-09,2.9382325491490582e-08
6.075e-07,351.14529462671527,4.347453910462084,-191.76733358669432,-0.10333940586666877,349.76812329757456,4.40631686698591,-191.38099400781624,-0.10474203558005699,363.4710474265007,2.5901028533758536e-09,2.9376793403077174e-08
6.1e-07,343.6876213494854,5.41437400710061,-199.93374239793133,-0.0997684467444015,343.2491677418183,5.409674884765936,-199.940640058466,-0.09889185602148028,361.2069381836997,2.6318100081210237e-09,2.9415532312780445e-08
6.125000000000001e-07,318.67635491943093,6.309113431213448,-210.9169520526221,-0.0927964156665027,321.12480120615885,6.374996663571202,-208.0013555034862,-0.0928008222691198,342.61709791173433,2.6860618708057918e-09,2.9508710584222026e-08
6.15e-07,287.1904184974857,7.127260229025719,-213.99350872076593,-0.08589536076187065,284.8825335645247,7.258987183995561,-215.53612497817488,-0.08649986105888495,308.54174505624474,2.7519436042013932e-09,2.966364100106565e-08
6.175e-07,236.2332879157113,8.076423029493156,-220.47570243430485,-0.0815206845806542,236.57715015090696,8.02335008582549,-222.52171300701136,-0.08002120319961369,260.52100796648307,2.8280898712152048e-09,2.9883220339284726e-08
6.2e-07,177.01069276495167,8.643288262908094,-229.95036832198727,-0.07348625079404049,178.66335272135723,8.636222212353132,-228.9387985646011,-0.07339802327993142,200.72531460125725,2.912752062935465e-09,3.016494519614628e-08
6.225e-07,115.11704154978156,9.04752727501298,-234.37920004112914,-0.06730146579002994,113.83629879499547,9.073133938057353,-234.77207764528563,-0.06666425949476423,131.85729412791324,3.003879203563908e-09,3.0500671897836846e-08
6.25e-07,48.28717037933822,9.266512129889147,-241.1308271185428,-0.061152807819386666,44.895918367566566,9.317537640926977,-240.01033310480173,-0.059854492880528395,57.029624238663814,3.099207047328269e-09,3.087715214029068e-08
6.275e-07,-24.610876077346077,9.299757448339198,-245.354163626679,-0.051370410794139766,-25.356380494432514,9.360983660509199,-244.64647131742385,-0.05300380630750541,-20.375654792576753,3.1963504861651286e-09,3.1277250740542645e-08
6.3e-07,-97.14656450360647,9.204942891380714,-248.53287941692147,-0.04591172629015777,-94.18810548160295,9.20303802494355,-248.67752547560326,-0.04614758706608131,-96.86000062868163,3.2928953726059927e-09,3.168165768947948e-08
6.325e-07,-157.23550217413404,8.937274102284317,-252.56094598952942,-0.03822788738786223,-158.98004148079875,8.851028636514577,-252.10462564369672,-0.0393212757078636,-168.96649501569993,3.386486982330864e-09,3.207085216047017e-08
6.350000000000001e-07,-216.56285026446898,8.381861409663923,-255.65349094480055,-0.03236825341238021,-217.25672088787326,8.319680262458531,-254.9329359605303,-0.03256009244404941,-233.43608861549114,3.474913349028019e-09,3.242705988995068e-08
6.375e-07,-269.9026713818242,7.7469034664286145,-257.78701652613614,-0.025751111447978942,-266.71733974832716,7.6306608711325286,-257.17155966475707,-0.02589878730205286,-287.3549026139804,3.5561824016780425e-09,3.273596051952904e-08
6.4e-07,-306.03388563825996,6.8202041736944095,-256.98257917524205,-0.01803094050627823,-305.2801955020306,6.812021948176477,-258.8334128898342,-0.01937146019346515,-328.2859294077802,3.6285921061196117e-09,3.298794037351972e-08
6.425e-07,-334.239403246977,5.824862808862129,-261.6169194223474,-0.012698067551217005,-331.14928289351803,5.897483075874716,-259.93506843959904,-0.013011483358084618,-354.37917979805906,3.6907926476342186e-09,3.317874328994381e-08
6.45e-07,-345.6483594250494,5.042300435734432,-262.47528110784754,-0.010144637553807288,-342.9049522604284,4.925494363053995,-260.49657100853057,-0.006851534919636161,-364.45529828934673,3.741839182409773e-09,3.330944471019923e-08
6.475e-07,-340.7127404812689,4.032714419353394,-261.592003338394,-0.0007758165606027253,-339.6128375946491,3.938014269707928,-260.5412255507043,-0.0009237238067191747,-358.05886727218723,3.781233010921963e-09,3.3385759971487403e-08
6.5e-07,-317.5199976293134,3.1171678085787575,-257.54160283124435,0.0065125775367855165,-320.93812975346066,2.978965888739845,-260.0953607260609,0.004740240876692699,-335.4789908619601,3.808948412325448e-09,3.341679151825234e-08
6.525e-07,-283.1256137800137,2.019922222453568,-258.16296103760095,0.010721255644480766,-287.24715256511126,2.092378411399429,-259.18806955998264,0.010108903018721527,-297.7362280512454,3.825442056358726e-09,3.3413410862635904e-08
6.55e-07,-237.1492388826612,1.3911847511143525,-260.80298649533495,0.016928116745250108,-239.67619921345113,1.3202751324935742,-257.8509296405382,0.015151010690512553,-246.53646576747443,3.8316420655363e-09,3.338654295680311e-08
6.575000000000001e-07,-179.5388732326097,0.7962539488661884,-254.41447411157404,0.02062383564110384,-180.14925375175358,0.7004252556292366,-256.11770534546093,0.01983563540474668,-184.1938166686251,3.828914540665793e-09,3.3345653656713854e-08
6.6e-07,-111.65153961193144,0.2693599051647737,-255.1229480259298,0.02269078538715167,-111.33144896908945,0.2641234658026248,-254.024034736577,0.024132510287152045,-113.52602652102794,3.819006684956768e-09,3.329771872964797e-08
6.625e-07,-35.91600705134979,0.10936099775920863,-252.9237289273598,0.030534641438089594,-36.513139646612714,0.03418938709283961,-251.6071038817048,0.028012607766795608,-37.727118507556895,3.803967451467521e-09,3.3246869224134256e-08
6.65e-07,38.43245009109576,0.026132844821613283,-247.15412542332962,0.03173862330089819,40.570979112587956,0.023382108546937213,-248.90531146202474,0.03144894089811294,39.77696934647,3.7860486829787966e-09,3.319477252024709e-08
6.675e-07,118.33204437247777,0.1816869536285174,-243.04203156816425,0.03691566387045517,115.97378358658493,0.23340047863317623,-245.9579265957152,0.034417535708048654,115.4832287701485,3.7675917356419056e-09,3.314164718092341e-08
6.7e-07,188.41004062394194,0.7562575521333821,-244.61115148533463,0.03833714835382776,185.79690014432182,0.6545899673551516,-242.8047428556757,0.03689849122258522,185.96990924343498,3.750906281926194e-09,3.3087660622321786e-08
6.725e-07,241.64459134101273,1.255651446744162,-239.17890864871072,0.04160978895099846,246.45454992488965,1.2664080180136044,-239.48573148007122,0.03887702436366497,248.05117332828002,3.7381491093968235e-09,3.303436090159166e-08
6.75e-07,296.9978036227572,2.0822593719783695,-238.43247798337438,0.04080894710793606,294.91246756454274,2.038621674050134,-236.04069676904453,0.04034439216535918,298.921089265747,3.731211081107975e-09,3.298577622808505e-08
6.775e-07,329.4171839300208,2.9774157930800085,-231.30732269566215,0.040582574929624096,328.87735865653946,2.933135240915812,-232.50893662941178,0.041298594718834014,336.2804527015483,3.7316199220098694e-09,3.294888631312929e-08
6.800000000000001e-07,349.0724233318589,3.8131489843600135,-227.78213287726996,0.04730326115011264,346.91898159071377,3.906282938013308,-228.9289111717428,0.04174478725474265,358.4407054868806,3.740465189394135e-09,3.293331241649611e-08
6.825e-07,346.8764044635677,4.964833222980215,-223.9819054178867,0.03941400819547728,348.516041597255,4.91138088629668,-225.33792218154883,0.04169536478160833,364.4002546614015,3.7583498380695686e-09,3.2950251983205165e-08
6.85e-07,337.46701971441956,5.924025579004804,-218.91453211404678,0.0405167889611167,334.0271741465464,5.901319700741545,-221.7718061790654,0.04116972202650632,353.8897421741074,3.785370458899397e-09,3.3010853898664323e-08
6.875e-07,306.91169739236864,6.764453001277997,-220.57805492831451,0.04049056360959333,304.597727393309,6.830994246840564,-218.26464365138148,0.040193728701540525,327.3842192538294,3.821125859329129e-09,3.312435065853198e-08
6.900000000000001e-07,260.33912984904777,7.849106152302476,-213.6715746103283,0.038518484409625624,262.0203219254504,7.659407024374727,-214.84848688757748,0.03879898941184937,286.08167517552175,3.864751474077959e-09,3.3296308898156866e-08
6.925e-07,209.13957519782377,8.286065992272341,-208.5366160485778,0.037458998845906956,208.57116159976408,8.351338539153804,-211.55310867351088,0.03702197435663894,231.8488908732207,3.914975402057356e-09,3.3527325902805085e-08
6.95e-07,145.55930234690956,8.874920447182038,-207.40408823343162,0.03594475892123877,146.8442703710727,8.878541809038602,-208.4057739095054,0.034903109117465934,167.13706469304603,3.970190831595877e-09,3.3812402982727355e-08
6.975e-07,84.25630296604228,9.199237811387457,-205.05838135984487,0.031038097290018787,79.60238761473661,9.220478038135214,-205.43103600319338,0.032485899648311896,94.87102381006612,4.028539296597199e-09,3.414109559368071e-08
7e-07,6.1815813798102575,9.375793805123031,-201.38496386405774,0.03037580287179308,9.656956172997509,9.364656915543684,-202.65055966304135,0.029816144967215533,18.317028700700867,4.087999540101676e-09,3.449840617128087e-08
7.025e-07,-62.76648366175511,9.26614668116497,-197.43270929471643,0.027228377357057864,-60.21824088987132,9.306671263228957,-200.0829714776848,0.026941259862875388,-59.06485439256262,4.146477586275443e-09,3.486627416092385e-08
7.05e-07,-124.47511649333626,9.12900560472971,-196.2259609888174,0.026476106290719306,-127.34316780045059,9.050019183055152,-197.74373941427018,0.02390969911621735,-133.77714057569935,4.201894706897784e-09,3.522544305528763e-08
7.075e-07,-186.9608400708869,8.720310395312593,-195.50950590320446,0.019727480326471234,-189.16719670289638,8.605789138017991,-195.645082107798,0.020770449233470347,-202.44300465556313,4.252271061004268e-09,3.5557449554147985e-08
7.1e-07,-239.12626464110477,8.016629080717692,-192.8586524949854,0.017005750591772104,-243.2980073752418,7.992250231221371,-193.79590854532242,0.017572538335749545,-261.9589059485506,4.295803658663794e-09,3.584648048606882e-08
7.125000000000001e-07,-289.89643823462404,7.22801071633504,-195.1183193375205,0.014474899493244472,-287.53786060130864,7.234349854143057,-192.2017884761665,0.014364512510629455,-309.6348612518129,4.330937791453395e-09,3.608087105963477e-08
7.15e-07,-320.3017386667505,6.330806745010122,-188.02278516121626,0.012019768685155582,-319.93844949691197,6.363083607563142,-190.8649536045105,0.01119383795785361,-343.3160259581129,4.356431118802279e-09,3.625406654515796e-08
7.175e-07,-338.5630670819288,5.459332994036293,-191.56242002498712,0.008526419736032825,-338.8798006137392,5.414677048600733,-189.78432934621787,0.008106210438323158,-361.4800881248628,4.371409243404331e-09,3.6364934622581214e-08
7.2e-07,-344.43786326406945,4.501369104944765,-191.57528310768305,0.005644543000525481,-343.17129563289654,4.429512094540287,-188.95559666004823,0.0051447824861181445,-363.3060735071528,4.375410989512843e-09,3.641739519498212e-08
7.225e-07,-334.95677793909493,3.440990702246796,-189.35010984595803,0.002412565578367046,-332.1652780400214,3.450745844318382,-188.37128319685337,0.002349348837511943,-348.7114517240209,4.36842092277669e-09,3.641942517791301e-08
7.25e-07,-306.2852634818655,2.6616045655902045,-189.4059409450021,0.000638987831189505,-305.8674220580104,2.5226048810540496,-188.02088275133877,-0.00024444445744809494,-318.3558664437242,4.350886153975785e-09,3.638158994922814e-08
7.275e-07,-264.17629586873744,1.6205056349853917,-188.9676765894137,-0.003148418747213904,-265.024379600994,1.6883883729496025,-187.89100175178717,-0.0026057869543955805,-273.61132099214296,4.3237143660753655e-09,3.631533695889812e-08
7.3e-07,-211.2192984794716,1.0393273141064974,-191.28294835998827,-0.005603720724082923,-211.16903124206252,0.9882698628959208,-187.9655312859709,-0.004709205273206106,-216.5001669269154,4.2882504448092254e-09,3.623134177838517e-08
7.325e-07,-146.59956455894655,0.5570888401158178,-188.49279151869194,-0.009617156274582029,-146.60717522688347,0.4570402125222288,-188.22584293844147,-0.006534811010076981,-149.6036983525289,4.246230130896891e-09,3.6138203754391304e-08
7.350000000000001e-07,-74.87903827497696,0.16036291078919263,-190.37573543129446,-0.008694421528809225,-74.33625132247792,0.12197259658573868,-188.65100650740882,-0.008068253398606326,-75.94548330518215,4.19971068786663e-09,3.6041735282746775e-08
7.375e-07,5.038019992192504,-0.043376476703448796,-189.79347981530725,-0.009026414627121428,2.1043276036003054,0.0010065976484209228,-189.21802748035626,-0.00930037036757175,1.1452946368722199,4.150980526507256e-09,3.594497679355626e-08
7.4e-07,76.71057994894683,-0.0433785908426494,-188.7118132801362,-0.011214702746904715,78.84193499370753,0.10143772525569549,-189.90210197801534,-0.010226570287044207,78.18430786951747,4.102451795379466e-09,3.584891696355118e-08
7.425e-07,149.78832649314214,0.3933399474215419,-189.6008093044926,-0.014126993816268143,151.9204251458983,0.4192609022874458,-190.67688672782407,-0.01084601226557934,151.6895684356237,4.056541843927266e-09,3.5753737438692375e-08
7.450000000000001e-07,215.279988115406,0.9967664316871601,-188.61585655707674,-0.010313326970202262,217.56613182509196,0.9392560014831876,-191.51478150183073,-0.01116067942108168,218.33880595117338,4.015550903882866e-09,3.5660273487585676e-08
7.475e-07,276.94140155175205,1.731646947393658,-193.56570607529613,-0.012018856430302203,272.44256339462385,1.6358286336360242,-192.38722135121787,-0.011174452624109254,275.1196266607966,3.98154408405511e-09,3.557132194262448e-08
7.5e-07,309.8229578226738,2.5653607749733034,-192.42408720485395,-0.009737635065813665,313.86724403724725,2.474540859973889,-193.2649758911536,-0.010892289578645511,319.46566677541426,3.956245696570235e-09,3.549245481473385e-08
7.525e-07,339.6936542468185,3.5366278301056777,-192.1286581370955,-0.010366225161502575,339.9690959222128,3.414195809351253,-194.11845283612215,-0.010319596170116414,349.37258627110486,3.9409530122154015e-09,3.543210713105309e-08
7.55e-07,350.99573146230216,4.413177204793181,-192.77944435834635,-0.008305824493123282,349.77278898222556,4.409287583312615,-194.91800295773288,-0.00946184674456942,363.48866049370577,3.93647488584197e-09,3.540087386299172e-08
7.575000000000001e-07,342.4981598915936,5.44542651431982,-198.28591363760387,-0.00927424465894207,343.2062849710562,5.41260063286094,-195.63422363443578,-0.008324472399185124,361.17587503489756,3.943098514481193e-09,3.541013108116958e-08
7.6e-07,320.0069816002572,6.499347332166145,-195.80919718090232,-0.009692544727193447,321.03776603852424,6.377744129860261,-196.2382581855663,-0.006912997644136833,342.5387625305112,3.9605851784216835e-09,3.5470245951479476e-08
7.625e-07,281.0577626679699,7.185794605503168,-200.14195344774183,-0.0044489705441465716,284.75665439964655,7.2614352259553145,-196.70208823046923,-0.005233372213556518,308.41967802343976,3.98819348256121e-09,3.558872464831356e-08
7.65e-07,236.40036461242033,8.052038968343739,-195.40702835257943,-0.00276815511898318,236.41916209337202,8.025394664546337,-196.9988163866184,-0.0032924216406493957,260.36072643399484,4.0247266507567555e-09,3.576865192432613e-08
7.675000000000001e-07,175.58002089667,8.633217276233298,-198.94794915995823,0.0014645639194205353,178.4809262608771,8.637779913871155,-197.10293671796165,-0.0010983308520584878,200.53406292934068,4.068599048002938e-09,3.6007707685327174e-08
7.7e-07,111.42346380708214,9.139274722874063,-192.78702262186434,-0.0013989126669352744,113.63759841894301,9.07414413539838,-196.99059046528723,0.0013389196023083664,131.64371645660503,4.117916428850573e-09,3.629792801046627e-08
7.725e-07,43.04619035564586,9.266717775691141,-197.6949937784361,0.003527227909234964,44.689247982786,9.317963486584265,-196.63980473306944,0.004007226659183762,56.80337379233175,4.170564432171513e-09,3.662624188197402e-08
7.75e-07,-22.14400805586584,9.383037427789441,-197.13641414208254,0.0047184683006154604,-25.562831885173694,9.360812176898914,-196.0307119707417,0.006892181643880105,-20.60435200900359,4.224300446890363e-09,3.697568967825214e-08
7.775e-07,-89.63162277405773,9.245051375931636,-195.71901193679741,0.007241010464779131,-94.38642798112035,9.202279570272067,-195.1457482691086,0.009977034239507954,-97.08080802183802,4.276844959055509e-09,3.7327135406837774e-08
7.8e-07,-158.82157330490648,8.847768654699605,-194.37081675055273,0.011596331736377257,-159.16270776373204,8.849715970520393,-193.9698286930237,0.013242777954645443,-169.16943259425256,4.325969609994586e-09,3.7661230235381704e-08
7.825e-07,-220.43511846631205,8.285048031081201,-192.35522378705966,0.01623559294732297,-217.41666966496305,8.317867337567831,-192.4904980876505,0.016668310434723638,-233.6119840630397,4.369580202128111e-09,3.7960368743705114e-08
7.85e-07,-271.2723421353326,7.754357920971265,-191.03163576793526,0.01713399668762393,-266.8480813505077,7.628421355077628,-190.69805602565663,0.020230612514991322,-287.49580585686806,4.405793584667581e-09,3.821039457320463e-08
7.875e-07,-308.38803942259693,6.9111850273700846,-188.58335907138473,0.02394822646193013,-305.37597298742907,6.809447373048823,-188.58565480444906,0.023904893738993464,-328.38547194030343,4.433007621148444e-09,3.840185109363611e-08
7.900000000000001e-07,-331.1274537761139,5.8277109925657244,-184.40414055420092,0.02627987086310732,-331.20530502822885,5.894680432961871,-186.14936965385436,0.027664668261095895,-354.4328625244355,4.449963273747127e-09,3.853062989916285e-08
7.925e-07,-343.16280155753367,5.024213438504621,-184.13479522517565,0.03390136946927888,-342.91769270833083,4.922582942598695,-183.38824057320636,0.03148175033543275,-364.46069487259706,4.4557973290012875e-09,3.859794257442447e-08
7.95e-07,-342.48592862257794,3.9042520950559214,-179.2487777217502,0.034583319680949215,-339.58037202238205,3.9351215889283284,-180.30428548026384,0.035326187905933844,-358.0157337990375,4.450083613916197e-09,3.860962694272746e-08
7.975e-07,-320.0331986822023,2.899725176905151,-176.4286894103879,0.040973226028741996,-320.8604638466173,2.9762226562672796,-176.90248462038164,0.039166180226343085,-335.3892768671698,4.432859937401453e-09,3.857489279067652e-08
8e-07,-288.4976254707751,2.227022897479158,-176.4203100886347,0.041958065872361464,-287.1264830444954,2.0899126256145695,-173.19073645046421,0.04296804523604695,-297.60398840307295,4.404637669971035e-09,3.8504703146459085e-08
8.025e-07,-240.6052923107212,1.3042116289562362,-169.93577649297674,0.04865981765108338,-239.5170493519799,1.3182055794176384,-169.17978547605784,0.04669631012419176,-246.3676773968639,4.366391031969847e-09,3.8410058935344414e-08
8.05e-07,-178.83023403424139,0.6918488957806199,-161.4506342048993,0.053706421803366725,-179.9584352962645,0.6988548283909095,-164.8831227790822,0.05031399172582502,-183.99610842555376,4.319523902113865e-09,3.83004877097026e-08
8.075e-07,-108.80655433858232,0.28493041068182456,-159.80919613816496,0.05446074935220046,-111.11782245090804,0.26313284208457416,-160.31686022583722,0.05378311223315811,-113.30833436783769,4.265813281489597e-09,3.8183014743974445e-08
8.1e-07,-34.9517032205669,-0.09603852484750333,-159.35403166567616,0.05504135428874843,-36.28717172624763,0.0338316491935546,-155.49957958775633,0.05706546284847302,-37.4992816338215,4.207330338320777e-09,3.8061810975070473e-08
8.125000000000001e-07,39.67320856569743,-0.0028492664430218514,-148.26556997129163,0.06314179279233195,40.7978337201691,0.023678859076512394,-150.45215803872907,0.060123588273670966,40.00465323291588,4.146342003145367e-09,3.79385766454612e-08
8.15e-07,111.4735034359365,0.18474094616241293,-147.424682666377,0.06074594930233261,116.18982175103126,0.23433989286468607,-145.19757171058586,0.06292192453443797,115.700468876137,4.085198105482192e-09,3.7813558284763975e-08
8.175e-07,188.29806360850776,0.5523805272925951,-139.37656219949915,0.06708535441614813,185.99095842702545,0.6561270438716779,-139.76067919056436,0.06542798821008611,186.16688681089198,4.026210745627032e-09,3.7686947658492563e-08
8.2e-07,244.26130728917744,1.29483685208142,-137.73031912019576,0.06747037385971263,246.61675921052097,1.2684670670518083,-134.16798702944845,0.06761349274741718,248.2189854197384,3.971533713977211e-09,3.756031379454053e-08
8.225000000000001e-07,294.115555282265,2.088993029115402,-126.99234911315293,0.07128683260084877,295.03489540990864,2.04110084985292,-128.44739949487473,0.06945526179529872,299.05215115683444,3.923050116945068e-09,3.743770176510604e-08
8.25e-07,325.1683854123373,2.919511479525599,-119.85796047443107,0.06925237354501101,328.9544752381063,2.9359127145908355,-122.62795494960756,0.07093582293191275,336.36884069325015,3.882275864551747e-09,3.7326102658707485e-08
8.275e-07,344.5259999092013,3.7042036274857435,-116.84207222381714,0.06861989270532179,346.9479089900734,3.9092241513243677,-116.73955135800391,0.07204359782269978,358.4824246432589,3.850285366215908e-09,3.723514208731379e-08
8.3e-07,351.31632726451465,4.8413339115466325,-112.49553790559995,0.07356421360579965,348.4965752735446,4.914346246188236,-110.81266352438503,0.07277265417131439,364.3934193715961,3.8276638324152205e-09,3.717601365044127e-08
8.325e-07,332.51389314317777,5.785093373038765,-102.80493612382753,0.07547523209401588,333.96159503790443,5.9041720785365435,-104.87805474362472,0.07312204561166613,353.83466137765214,3.8144882472473865e-09,3.7159853820192676e-08
8.35e-07,303.22076838272017,6.882569096742368,-101.18374915606124,0.0764213690000531,304.49044837893183,6.833605730471268,-98.9664855963099,0.07309483024294217,327.28338247728607,3.810336667315317e-09,3.7195874785351456e-08
8.375e-07,259.0674710052511,7.749276414564806,-93.65122913552428,0.0731102043576632,261.87742939388284,7.661664519375856,-93.10842264784213,0.07269691698852726,285.9396400115574,3.814323323219619e-09,3.728961670309421e-08
8.4e-07,205.25275907779076,8.363458921769562,-84.9059265689545,0.06909375427799172,208.39991913557012,8.353147997502045,-87.3337498125562,0.0719359301781682,231.67207698779058,3.825155309849506e-09,3.7441646765818685e-08
8.425e-07,146.24200339328132,8.882887666991216,-82.68849048893931,0.07154719691019013,146.65264653522007,8.879831052497703,-81.67148512037204,0.07082029576911326,166.93346367111164,3.8412056200877375e-09,3.7646935606690024e-08
8.450000000000001e-07,81.90154130392823,9.30605021874605,-77.72017358269301,0.06876895328049662,79.39865488774113,9.221198303645478,-76.14950557480718,0.06935872926958185,94.64983795415317,3.860596959539693e-09,3.789501051083982e-08
8.475e-07,8.679089810350538,9.42610563631285,-72.15290743210453,0.06710975822432828,9.449386497784385,9.36478335970035,-70.79428271785648,0.06756024349041041,18.088255107794595,3.881291115887513e-09,3.817085102088559e-08
8.5e-07,-59.63318593677941,9.279103855366417,-64.62572444622894,0.06744588999726175,-60.42158261694046,9.306202706830836,-65.63063141990015,0.06543470030093494,-59.29087567704397,3.9011794826118006e-09,3.845638113264819e-08
8.525e-07,-130.88742447775633,9.083763499351516,-59.98987882804184,0.06457993020094904,-127.53455287262338,9.048977353640483,-60.68147429235777,0.06299382094589454,-133.99019390442075,3.9181714227572184e-09,3.8732337726041276e-08
8.55e-07,-189.5364124220045,8.632369706162718,-53.179983666576106,0.0584230231171752,-189.3393206154279,8.604217589545177,-55.967623978275455,0.06025246801659278,-202.6334605032572,3.9302782511908874e-09,3.8980260293083835e-08
8.575e-07,-242.97595617716576,8.084242128414536,-50.364732321719494,0.060546115800024475,-243.44407943742215,7.990213007290587,-51.50758541276969,0.057229944293320525,-262.1181561446218,3.935691485744193e-09,3.918434764317256e-08
8.6e-07,-288.9705922366546,7.209966240805971,-44.55664860895534,0.05445706487999752,-287.6517340930286,7.231929842251938,-47.31737996267032,0.053951038453875395,-309.75570805005674,3.932854508514513e-09,3.933295526416665e-08
8.625e-07,-319.4554905029278,6.320349027083813,-42.20429481271176,0.04788487256763711,-320.01481808375706,6.360380435545063,-43.41039315446911,0.05044659079591376,-343.39300735845694,3.920526824494244e-09,3.941955560535193e-08
8.65e-07,-341.13724430698915,5.388237604185357,-39.118713881601884,0.047578998419253615,-338.91446669365774,5.411804324681378,-39.79724748359565,0.046753443321647235,-361.5097247433217,3.897839748292575e-09,3.944304872940924e-08
8.675000000000001e-07,-344.2653276773997,4.431628825131044,-36.108406329137516,0.04463497964459191,-343.1614933892602,4.426593804195943,-36.48570156803644,0.04291375456997821,-363.28702583606236,3.864341730433577e-09,3.9407390384156476e-08
8.7e-07,-325.3279614133801,3.4304879418899166,-33.8399148919796,0.04085944312435167,-332.11001276715365,3.4479117930032688,-33.48057666747627,0.03897377215786079,-348.6445806747374,3.820030860336005e-09,3.932059528086778e-08
8.725e-07,-306.5700428931256,2.583335611244214,-30.820372072522467,0.03282001731306664,-305.7677721136971,2.5199852016989484,-30.783711337636092,0.03498224069774981,-318.2441944353885,3.765371588233101e-09,3.919326753406485e-08
8.75e-07,-261.4019618086238,1.6821048784164319,-27.72843782062284,0.032877440443860644,-264.88370140123453,1.6861072795556222,-28.39394473059626,0.030988665460639473,-273.4598953452237,3.7012926073507973e-09,3.903689397674388e-08
8.775000000000001e-07,-213.19693967121026,0.8633024369958513,-25.13239767579503,0.02991686717674385,-210.99301267827474,0.986438997735262,-26.30712878793164,0.02704165082463323,-216.3158317358102,3.6291632807453613e-09,3.886219073089004e-08
8.8e-07,-145.51773545453722,0.4460236260326471,-24.56547364084779,0.02492456928879321,-146.40369842652015,0.4557520732865922,-24.51616930686629,0.023187494934891917,-149.39478514808448,3.5507470373583094e-09,3.867780013484415e-08
8.825e-07,-68.91553013507881,0.11915011915950982,-26.110709032313046,0.01877724236702724,-74.11504953473906,0.12129461348620772,-23.011095592754792,0.019469161210171355,-75.7214344884879,3.4681317396050316e-09,3.8489581797722466e-08
8.85e-07,3.698198117783578,0.09251159009624302,-22.947347350663147,0.014799040037191258,2.3322058377539494,0.000976439586229013,-21.779158146447493,0.01592567752179187,1.3743525695279504,3.3836389730914e-09,3.830062947224258e-08
8.875e-07,77.16769551306857,0.07802460467699322,-20.792268442791688,0.01036023644364572,79.0648130252963,0.10206034145820726,-20.804953574885253,0.012591947333131676,78.40802202121493,3.299716277826161e-09,3.811199278586137e-08
8.900000000000001e-07,152.51917922342238,0.4754532156768779,-19.039020978577224,0.010052429242634896,152.12677212476413,0.42050765759515285,-20.07057565995146,0.009498902900477887,151.8978274361752,3.218818236851111e-09,3.792392267373341e-08
8.925e-07,218.17559825856566,1.064677068228337,-19.29513810396694,0.008015056809087142,217.74534435235512,0.9410660589517813,-19.55579127648329,0.006673894412786391,218.52219696801313,3.1432837759755457e-09,3.773733164838037e-08
8.95e-07,272.61139602620483,1.7470612158388126,-21.12421273891742,0.0018930746689122132,272.5856730308408,1.63811250616949,-19.23823961762475,0.004141193079029889,275.26986083760465,3.0752177757013687e-09,3.755510021673428e-08
8.975e-07,312.96229129865236,2.547051587467163,-17.11768952657913,0.002923720591992461,313.967477887632,2.4771858271171667,-19.093652966508635,0.00192249019275294,319.57595386952715,3.016385017122333e-09,3.738288804791515e-08
9.000000000000001e-07,339.1469386141451,3.394913795323229,-17.25427779842214,-0.0004190895061882642,340.0222372143636,3.4170727091415722,-19.09609704957329,3.729519301402893e-05,349.4379415570271,2.968123560963678e-09,3.722921887439298e-08
9.025e-07,352.29973880805323,4.401747391650235,-21.04329273285271,-0.0024629464892271576,349.77731160471603,4.412258368851992,-19.218228820523937,-0.0014968311856013022,363.5061300613448,2.931283000468884e-09,3.7104774535504084e-08
9.05e-07,339.8042956758372,5.335654164868267,-15.679983154185209,-0.00480559988624275,343.16326591088153,5.415526044847826,-19.43156935671932,-0.002664233603323995,361.1446692995802,2.906190849474967e-09,3.702101381444711e-08
9.075e-07,320.20464384493863,6.247701238846372,-19.69359829488657,-0.001221221108778081,320.950607656116,6.380490882130738,-19.706789403176465,-0.0034512953116936237,342.46029192040936,2.8926479144077303e-09,3.698838104839893e-08
9.1e-07,284.3204673828298,7.27161180000219,-20.257219195030416,-0.00225228304528622,284.63067003582194,7.263882219938611,-20.0140049747398,-0.0038467030760000773,308.297489231429,2.889951166640525e-09,3.7014453728857655e-08
9.125e-07,236.7976787203413,7.954255329971225,-20.054351523048044,-0.0027907973613275567,236.26109032209536,8.02743791775356,-20.323080325469977,-0.0038417790986913533,260.2003421152097,2.8969406684313434e-09,3.710238273726507e-08
9.15e-07,173.31311943827055,8.542260737716065,-20.470789779124146,-0.005344061520616113,178.29843964239316,8.639336077058566,-20.603935516873193,-0.003430809351707879,200.3427320897541,2.9120657295661538e-09,3.724991028318054e-08
9.175e-07,114.93910017833504,8.999000349024435,-18.91112492592629,-0.004120371189761125,113.43886232491924,9.075152650826858,-20.82685576399077,-0.0026113060654240766,131.43008681444488,2.9334647973363455e-09,3.744913260259972e-08
9.2e-07,45.27651577354129,9.384512991460502,-19.134689861627066,-0.002339186460059001,44.48256630612519,9.318387577420166,-20.962799711085598,-0.0013841624156131012,56.57710092092474,2.959053605854687e-09,3.7687038290384246e-08
9.225000000000001e-07,-26.90897141181175,9.318767113878643,-21.798376857289014,0.0007233463641485087,-25.76927076219262,9.36063893543085,-20.983703787008768,0.000246314481319191,-20.83304109116633,2.9866167163762066e-09,3.794672799774445e-08
9.25e-07,-96.62803134253919,9.23374925553074,-18.346463691020794,0.0023761440409597744,-94.5847151581565,9.201519422307811,-20.86277981436836,0.0022724756611042624,-97.3015770890264,3.0138985664576484e-09,3.820912725819336e-08
9.275e-07,-158.24160966288898,8.879589369193036,-20.700844972829305,0.005060549750165388,-159.34531716651935,8.848401740191397,-20.574803096140844,0.004683463569841226,-169.3723033873923,3.038691264781449e-09,3.845494990545153e-08
9.3e-07,-213.46504612822926,8.408608092155266,-20.836360559512407,0.007759909885056937,-217.57654151474546,8.316053037744126,-20.096388278062367,0.007465343344565536,-233.78778728427866,3.0589173742016806e-09,3.866665351539599e-08
9.325000000000001e-07,-268.5478385843138,7.562206743684349,-21.707702502525425,0.009840640076412098,-266.9787278694036,7.626180709088296,-19.406250384265327,0.010601161320433455,-287.636595600963,3.072706619613074e-09,3.8830143637379726e-08
9.35e-07,-306.2299288709328,6.767814802202152,-18.68261279797737,0.0168549783602862,-305.47163970341563,6.806871962392222,-18.485448546464568,0.014070865408353629,-328.48488483144183,3.0784657251384108e-09,3.893602258372137e-08
9.375e-07,-334.1464132872277,5.927356582741013,-20.012454329951233,0.017942925330216738,-331.26120397097196,5.891877290206722,-17.317610092408938,0.017851039975700853,-354.4864053263309,3.0749404163994155e-09,3.898023578602346e-08
9.4e-07,-347.56839047091603,4.9008376393526065,-16.57027943453465,0.02221171511209119,-342.9303017630467,4.919671388648325,-15.889132826087806,0.02191443605218419,-364.4659475725367,3.0612681119709962e-09,3.896404139778562e-08
9.425e-07,-340.6484150686496,3.805521143474942,-11.087049952858264,0.0261429876257264,-339.547772084735,3.9322291582129405,-14.189363518858102,0.026229312498593123,-357.9724589869464,3.037019151749392e-09,3.889331462674801e-08
9.450000000000001e-07,-324.89253060175605,2.9686662264916803,-14.4216743766917,0.030995537923887928,-320.78266672941703,2.973480058405706,-12.210750835596706,0.030758641141912683,-335.2994304660046,3.002223795880686e-09,3.8777292072729826e-08
9.475e-07,-287.0812974890001,2.1106043423774183,-13.001030147727189,0.032395560310890595,-287.0056922073316,2.087447841509172,-9.948971141423208,0.03545926485155924,-297.471631265559,2.9573819064725917e-09,3.862695239872367e-08
9.5e-07,-236.68272878312936,1.3380795144028002,-9.554276142444454,0.040785145930023754,-239.35779496905354,1.3161373579329558,-7.403025870502844,0.040281128573167964,-246.19879176419985,2.903452382677871e-09,3.84533013227357e-08
9.525e-07,-182.82119961893954,0.7469943424412389,-7.382562468431599,0.04656906817898688,-179.76753561278468,0.6972860060493092,-4.575309386888279,0.04516672608214683,-183.79832754373274,2.841820162461821e-09,3.8265861648483116e-08
9.55e-07,-107.82985176975201,0.20633995810735462,1.346486623240033,0.04880721662607658,-110.90414348282656,0.2621440224323674,-1.4716465260814786,0.050050915792985394,-113.0905974823115,2.774239928760859e-09,3.807164646648036e-08
9.575e-07,-35.28412252281071,0.1258770684513167,2.7634639681638,0.05390723635669792,-36.0611840329228,0.03347582649981586,1.8987007272746013,0.054861252322488625,-37.27142995596358,2.702757448458862e-09,3.787480967078682e-08
9.600000000000001e-07,40.03471395253439,0.08727759034020721,4.620566153104244,0.060233882966298447,41.024673560075854,0.023977539168407114,5.523057697787053,0.0595189506599855,40.23232132615307,2.6308834261238934e-09,3.7678854072319444e-08
9.625e-07,115.49382752831552,0.20036693563495314,7.136654508800309,0.06140677307932389,116.40581103626599,0.23528115168143696,9.385392610383008,0.06394054172502128,115.9176633054078,2.5620589251898063e-09,3.7485653105684255e-08
9.65e-07,184.8232159016098,0.7525253367368461,10.906562344130313,0.06816399633891984,186.18493646407165,0.6576657847691407,13.466403034247108,0.06804019156689115,186.36379088261032,2.498658600731806e-09,3.729559050998798e-08
9.675e-07,245.75165785253782,1.421992192488113,19.82558044786147,0.07481231172320885,246.77886172527448,1.2705275155701918,17.74363262503949,0.07173255043237876,248.3866995182762,2.442881962837427e-09,3.7110409012124205e-08
9.7e-07,296.29186858823437,2.0702621343752656,21.014613506900456,0.07520906441251948,295.1571964606656,2.0435810915911214,22.191617340148156,0.07493589256183701,299.18309498686574,2.3966398749275366e-09,3.6934305444994284e-08
9.725e-07,328.55816102023186,2.9057275540813707,28.407408760183614,0.07858795091428611,329.0314525697325,2.9386908721320015,26.782060037544824,0.07757523082805061,336.45709589185975,2.3614570989472023e-09,3.677439656880044e-08
9.75e-07,347.5226051872161,3.972690291274557,31.43233008708381,0.08007891237029206,346.9766926489077,3.912165640282961,31.48403211349028,0.07958506846643577,358.5240022764533,2.3383972385846834e-09,3.6640403455733585e-08
9.775e-07,348.9345507142615,4.925460401949455,36.449905192081886,0.07871309037772747,348.4769684211575,4.917311470066004,36.264200590134365,0.08091149584061999,364.3864402250397,2.328014479747865e-09,3.6543581414328504e-08
9.8e-07,333.4335109698131,5.93561139900532,41.04837822466042,0.08272109020072112,333.8958854889068,5.907023926464652,41.08707883315549,0.08151344504181662,353.7794408928755,2.3303341925647744e-09,3.649509237723409e-08
9.825000000000001e-07,304.7961895259818,6.756826586917298,46.22769472731868,0.08049913793555626,304.3830546584072,6.836216326551769,45.91529886406575,0.08136305173169622,327.18241649444536,2.3448620481332026e-09,3.6504136553545544e-08
9.85e-07,258.92683969550006,7.507447348708646,50.34817880545322,0.08285131608287391,261.73444209513093,7.663920819855112,50.709903033583444,0.08044520661354095,285.79749196314833,2.370619123476525e-09,3.657620481677141e-08
9.875e-07,208.14861749930398,8.381139130088354,54.22473369909036,0.07846285887573524,208.22860459185407,8.35495601542312,55.43065264334939,0.07875647841062206,231.49517164188742,2.4061987780628515e-09,3.6711779038513136e-08
9.9e-07,148.56681253485414,8.8444029519499,57.77874323008098,0.07526635582231178,146.46097475021782,8.881118677019304,60.03635094482335,0.076303640752532,166.7297967464826,2.4498400539872375e-09,3.6905710544748316e-08
9.925e-07,84.33386544501687,9.211557632486382,67.07671968462009,0.07064159642437455,79.19489873793698,9.221916841974084,64.48517780790996,0.07310203680844438,94.42861473198569,2.499512035220019e-09,3.714737575904687e-08
9.95e-07,6.461504204301607,9.322048256254451,68.63443477108538,0.06849020085824986,9.24181757401253,9.364908038910242,68.73503323894595,0.06917397849623182,17.859474373934255,2.553003937297938e-09,3.7421574249929246e-08
9.975e-07,-61.0662551413493,9.514964436637332,73.80687077838734,0.06625658740286725,-60.62490025036626,9.305732416580701,72.7438868391779,0.06454731696629705,-59.51687355442914,2.6080165243926083e-09,3.771002309763377e-08
1e-06,-131.52874368851207,8.953144163626629,78.01772683536151,0.06053615340268473,-127.72589164068837,9.047933887544918,76.47013023158956,0.05925425328778809,-134.20319433593804,2.662251535353508e-09,3.7993227060332394e-08
1.0025e-06,-192.44797576190982,8.740674236530838,78.83978630736587,0.05329214095243087,-189.51137738602472,8.60264456406314,79.8729294465154,0.05333039601457064,-202.82383635446368,2.7134968911563375e-09,3.825246954782761e-08
1.0050000000000001e-06,-240.06067628434218,7.967078759691687,81.39195872113461,0.04672933375277768,-243.5900652000977,7.98817452417048,82.9125742452404,0.04681402527767104,-262.277302860598,2.759706325678746e-09,3.847167011905528e-08
1.0075e-06,-290.4665072649902,7.116568086065446,85.96069466791182,0.039177164701961406,-287.76550428166274,7.229508841695712,85.55082137592555,0.03974549690886343,-309.8764325616568,2.7990725699125467e-09,3.863888228523908e-08
1.01e-06,-321.9150466070475,6.411078093475877,84.5636102785146,0.03144751618094615,-320.0910692065154,6.357676591014801,87.75122879758216,0.03216671629956702,-343.4698531926825,2.8300932629874055e-09,3.8747254039197883e-08
1.0125e-06,-336.34188785403666,5.2493737199258925,89.88706713141565,0.025521376477260053,-338.94900487766114,5.408931280723451,89.47947797514932,0.024120627783495538,-361.53921864346626,2.8516284047495163e-09,3.879533875563787e-08
1.015e-06,-343.181513964312,4.476948304662726,89.50535096226714,0.014994830462390377,-343.1515575475093,4.423675570597978,90.70368144144189,0.015650695806908147,-363.2678347450075,2.8629475437850202e-09,3.8786723747986516e-08
1.0175e-06,-337.82959863532034,3.410497011344999,92.89919780161985,0.009435586286953887,-332.0546138981397,3.445078184662224,91.39467293908231,0.006800391806665081,-348.57757198609494,2.8637642196403926e-09,3.872903452579208e-08
1.02e-06,-303.1425355185152,2.5841805872709207,88.35265629100044,-0.002208076490426962,-305.6679950558361,2.5173663435472844,91.52627759648092,-0.00238726186645859,-318.13239678928875,2.8542546832166208e-09,3.8632466955826356e-08
1.0225e-06,-261.87820759934453,1.743643400819045,90.97030981283126,-0.010703378702802795,-264.7429094556194,1.6838273583685481,91.07555975532051,-0.011870008692622228,-273.3083617406685,2.8350578191557598e-09,3.850808323081768e-08
1.025e-06,-212.1939019069761,1.0713635675482456,91.76177599474636,-0.0208495855954672,-210.81690051096228,0.9846096087956506,90.0230462514139,-0.021606432621316805,-216.13141114664046,2.8072536383729997e-09,3.836616209916101e-08
1.0275000000000001e-06,-144.8801304408533,0.4644938401901831,91.35725945055341,-0.03347597882389579,-146.20015423094077,0.4544656485879877,88.3529231546529,-0.031555679047090654,-149.18581296494952,2.7723187504521586e-09,3.821490036515379e-08
1.03e-06,-72.76419002023448,0.08899311221310674,89.09309722337446,-0.041189383107935205,-73.89381131517098,0.12061850162178277,86.05320419531884,-0.04167671213900805,-75.49735577817304,2.732058804613184e-09,3.805970915401334e-08
1.0325e-06,3.750144165832248,-0.02574449710234611,84.45571368236897,-0.05029899810547913,2.5600866165483054,0.0009482163481768109,83.11586934132563,-0.05192700740448585,1.6034099596110518,2.688519837005841e-09,3.790323620169825e-08
1.035e-06,76.0737405839656,0.07173103945151774,77.61119450897272,-0.060587002989570135,79.28765898225596,0.10268485721000589,79.53697224201164,-0.0622605914327729,78.63170521866702,2.6438825309694694e-09,3.774609270106153e-08
1.0375e-06,148.26706769444073,0.3699216221743422,78.87735175806124,-0.0730135085459214,152.3330540127585,0.4217561790698724,75.31671551666187,-0.07262535743822207,152.10602646986533,2.600345292852208e-09,3.758810307556097e-08
1.04e-06,220.43134309838382,0.9393439423707953,72.5190088016374,-0.08256169508123533,217.92446261079573,0.9428776584810284,70.45949313779079,-0.0829596109322725,218.70550171575027,2.5600034825235953e-09,3.742976849684811e-08
1.0425e-06,271.5816143736923,1.5404550404796122,65.25092918582045,-0.09459631599424538,272.72866496011335,1.6403976193671186,64.97389943795083,-0.09318785093721267,275.419986342231,2.5247328834907463e-09,3.727357537776328e-08
1.045e-06,313.60574622094714,2.5499134641297903,63.124971212293715,-0.10534041323354516,314.0675777105238,2.479831674524508,58.8727045520632,-0.10321590314055339,319.6861148001146,2.496085416522572e-09,3.712480762881142e-08
1.0475e-06,340.41808606057725,3.424430440106049,53.3094716131375,-0.11459193393559158,340.0752360107873,3.419950091270646,52.172796392499905,-0.11292575584312525,349.50315889038103,2.475204176650298e-09,3.6991632061525886e-08
1.0500000000000001e-06,347.2291784539612,4.411438106278182,48.87448603302179,-0.12164565609313512,349.78169117462426,4.415229224051538,44.895089538914625,-0.1221709119896056,363.52345612252003,2.4627632141606613e-09,3.688439285705196e-08
1.0525e-06,343.65907712887156,5.446136105436452,34.88928876765995,-0.13088558832002645,343.1201105912064,5.418451121242516,37.064401706648354,-0.13077389774644393,361.1133209900668,2.458935300930906e-09,3.681423123417621e-08
1.055e-06,325.86522117404115,6.39658627080592,29.623824319447117,-0.13831233853764727,320.8633261055247,6.383236920937081,28.709298733925287,-0.13852882689613077,342.38168611240604,2.4633885119715175e-09,3.6791295631373085e-08
1.0575e-06,286.36830841101704,7.204886362261317,20.395267579130802,-0.14601096440311098,284.50458053204613,7.266328166499961,19.86190929668933,-0.14521327929672284,308.1751787284491,2.47531012189972e-09,3.682289173206622e-08
1.06e-06,235.08809249887915,8.059236299228049,9.155094078679008,-0.15390385887977345,236.10293490417155,8.029479845957978,10.55771081832432,-0.1506139130325788,260.0398550734539,2.493454355842634e-09,3.69119258568113e-08
1.0625e-06,178.15350358228898,8.824051179799456,1.5846941358807518,-0.15454111771390872,178.1158929372116,8.64089070233823,0.835288287557816,-0.15456677332779695,200.15132215802967,2.516209161767548e-09,3.705592648367182e-08
1.065e-06,112.79140549292804,9.046584873215396,-8.51217581714628,-0.1530227867086509,113.2400905853602,9.076159484636953,-9.263932070710446,-0.1570044782410239,131.21640528576788,2.5416765005515024e-09,3.7246810549777556e-08
1.0675e-06,42.9795622804029,9.295174560588068,-22.07041420228689,-0.1576092592145352,44.275873408952265,9.31880991356816,-19.69597211202835,-0.15799156330015993,56.3508057137743,2.5739664375432118e-09,3.748031412158932e-08
1.07e-06,-26.210175454043757,9.288592422298366,-28.566038800371558,-0.15432818462002204,-25.975697056584256,9.360463936055018,-30.41461172041106,-0.157726055603805,-21.061721948764028,2.6114923066685026e-09,3.774051097553171e-08
1.0725000000000001e-06,-96.18894942926005,9.164158245715525,-41.27820265613232,-0.15687061771401245,-94.78296694717508,9.200757580805874,-41.371716855470645,-0.15649818925656594,-97.52230774309805,2.6520449947764725e-09,3.800849000862225e-08
1.075e-06,-154.42787157871203,8.756225550295165,-51.666792103801896,-0.15462994381661757,-159.52786962766203,8.847085945088889,-52.517583011810245,-0.1546204429276564,-169.5751073150336,2.6934549090586265e-09,3.8265123213255085e-08
1.0775e-06,-219.3159403781364,8.334944065697433,-64.81019784753407,-0.15193036472840077,-217.73633638065465,8.314237362368843,-63.80129127238497,-0.15235863425066665,-233.9634982098057,2.7336739200836518e-09,3.849301927554149e-08
1.08e-06,-266.8456780043715,7.63675857855049,-77.38833753451729,-0.14755143549851932,-267.10927925477483,7.6239389323916,-75.17107403022551,-0.14988962626938523,-287.7772717906853,2.770851276210568e-09,3.86782253392223e-08
1.0825e-06,-305.4132571231507,6.861704814996215,-87.68499076697228,-0.1437188959584978,-305.56719560810944,6.804295715314281,-86.57468737081396,-0.14729344173802492,-328.5841680419499,2.803402700882278e-09,3.881147285942115e-08
1.085e-06,-333.9403878199753,5.883102270537575,-99.59838093744598,-0.1433765813173456,-331.31697969085076,5.889073646639152,-97.95978705111605,-0.14457128428054017,-354.5398081826075,2.830071714011213e-09,3.888882075872498e-08
1.0875e-06,-345.208037664296,4.9012566751312505,-108.52925733431302,-0.14038907274788281,-342.9427794076341,4.91675970020101,-109.27430498133572,-0.14167479976296007,-364.4710563870925,2.84998170580105e-09,3.8911621811138086e-08
1.09e-06,-338.73682625159984,3.8733476225294248,-119.32964755835313,-0.1410428892328186,-339.5150377816157,3.9293369765752812,-120.46682311214187,-0.13853450301184306,-357.92904285299863,2.862676614340802e-09,3.888582401628516e-08
1.0925000000000001e-06,-320.4328470984618,2.9567397366053814,-130.90323173632598,-0.13472012777297315,-320.704738420928,2.970738094230055,-131.48694165341215,-0.1350811272892622,-335.2094516939323,2.8681474442323226e-09,3.8820712528809745e-08
1.095e-06,-287.14805186354465,2.1944932768532195,-141.72027943297306,-0.13164692081089216,-286.8847800930609,2.084984058262693,-142.28563860025463,-0.1312586002319078,-297.339156690953,2.866841542688394e-09,3.8727288729030854e-08
1.0975e-06,-241.21637813645643,1.2602580535635441,-151.63588472661854,-0.12474345657531606,-239.19843612417057,1.314070467362468,-152.81561761779685,-0.12703004726763814,-246.0298089361519,2.8596517089078392e-09,3.861655459395683e-08
1.1e-06,-176.3728216519043,0.7980259064117281,-164.72359003067228,-0.12168101134993949,-179.57655477878495,0.695718788105214,-163.03164143721318,-0.12237903700809487,-183.6004741012428,2.847882956382347e-09,3.849800311514573e-08
1.1025e-06,-112.43476409869388,0.23581934293339651,-173.01148460289562,-0.11829435026348072,-110.6904121564075,0.2611570065534512,-172.8908480409517,-0.11730806281435388,-112.87281595040842,2.833196073099622e-09,3.837859274353035e-08
1.105e-06,-35.98800328308009,0.08766070219229136,-182.9847740400048,-0.11647416243790351,-35.83517666687045,0.03312191894876942,-182.35304706387134,-0.1118356851873274,-37.043563563935386,2.8175289157193792e-09,3.82623996787507e-08
1.1075e-06,38.328890539970736,-0.07398383087782551,-192.5226505305944,-0.10398319173035377,41.2514985299036,0.02427814900571018,-191.3809940078162,-0.10599321163198439,40.45997353630696,2.802998417600185e-09,3.8151005952521246e-08
1.11e-06,114.13627026829016,0.23946012514540102,-198.29639092866208,-0.10008983593846855,116.62175134462532,0.2362242555187985,-199.94064005846585,-0.0998213952610518,116.13481197222092,2.7917883097318244e-09,3.80445199862305e-08
1.1125e-06,185.08719507490866,0.6380008861271761,-206.5499217855463,-0.09098125251519681,186.37883416915557,0.659206190729867,-208.00135550348563,-0.09336739420484091,186.56062138085545,2.7860292522507426e-09,3.794297748712649e-08
1.1150000000000001e-06,242.85447698154428,1.265927702933113,-216.7355426985716,-0.083996566641283,246.9408573998346,1.2725893644803832,-215.53612497817488,-0.08668210780858349,248.5543155576749,2.7876791876974004e-09,3.784777343235114e-08
1.1175e-06,296.0281919581128,2.0741558341936788,-223.79169529813498,-0.0811580944653357,295.2793706685836,2.046062400375429,-222.52171300701164,-0.07981794516045948,299.3139207041492,2.798412067794261e-09,3.7762758975372356e-08
1.12e-06,328.7913391907084,2.95539261719901,-225.66143737771108,-0.07117879952191787,329.10829062643313,2.9414697148066415,-228.93879856460134,-0.07282705092312818,336.54521826253637,2.8195225954707856e-09,3.769470836045048e-08
1.1225e-06,348.96149443577514,3.9588808232449795,-236.4178923097234,-0.06623546188026859,347.0053325656452,3.915107406259992,-234.7720776452859,-0.06575999138738421,358.56543837004955,2.8518533099067125e-09,3.7653004173653104e-08
1.125e-06,349.5721741933772,4.876845581127612,-240.07116837557552,-0.05806130293995536,348.45722106026346,4.920276559343056,-240.0103331048017,-0.05866488068131173,364.37931722448724,2.8957483895023145e-09,3.7648568415853925e-08
1.1275e-06,331.9241544347056,5.942633261476174,-243.88514712952082,-0.05184000779517633,333.83004553833985,5.9098752459143995,-244.64647131742356,-0.05158690178197139,353.72408074157727,2.951036212800085e-09,3.7692236738267875e-08
1.13e-06,302.1872421932407,6.896639642125412,-248.17067217073435,-0.044327306791585655,304.2755462851043,6.838826036377769,-248.67752547560326,-0.04456815252171279,327.0813213451728,3.0170403075008513e-09,3.7792892864547575e-08
1.1325e-06,262.67251063170244,7.653551933704366,-250.56495740365733,-0.040396431304380837,261.5913600927787,7.666175926950155,-252.10462564369638,-0.03764772792762146,285.6552310864221,3.0926161401090495e-09,3.795572465622232e-08
1.135e-06,209.2978258671653,8.410597526857162,-251.1468539471157,-0.02963222788561854,208.0572180382727,8.356762593838717,-254.93293596053044,-0.030861941296342472,231.31817490536474,3.1762095115813264e-09,3.818092880119133e-08
1.1375000000000001e-06,145.18360802534718,8.922424977546955,-255.7991116687458,-0.02248432107311805,146.2692550882828,8.88240468326271,-257.1715596647568,-0.0242445899001666,166.5260639995749,3.2659312964957247e-09,3.846309392675859e-08
1.14e-06,78.47197273927061,9.248802012880995,-260.78482407709026,-0.018931224347468904,78.99111923743865,9.222633653486662,-258.8334128898339,-0.01782718719121901,94.20735423089154,3.359642950060824e-09,3.87913607747721e-08
1.1425e-06,8.763366464681152,9.462729147560987,-262.9416194784664,-0.014799194881473592,9.034249471932805,9.365030953231765,-259.9350684395992,-0.011639109369583917,17.6306865894311,3.455047546510074e-09,3.915032426514811e-08
1.145e-06,-59.96130025225757,8.982700723774236,-258.74871744662954,-0.0020085193567803547,-60.828193722851466,9.305260392235402,-260.49657100853045,-0.005707635755529204,-59.74284793550031,3.5497819407209595e-09,3.952153106773626e-08
1.1475e-06,-128.58262978676078,9.057762881837363,-263.00820845562964,-0.003565100833462078,-127.9171840410397,9.046888784248384,-260.54122555070444,-5.7893976661581303e-05,-134.4161417861644,3.6415067316319917e-09,3.9885351987733285e-08
1.15e-06,-189.94109822053585,8.539880496995353,-259.1690583166455,0.003500385233840879,-189.68336695553498,8.601070060816662,-260.09536072606056,0.005287253077950946,-203.01413213404027,3.727991798259639e-09,4.0222974113690947e-08
1.1525e-06,-245.70314177165858,8.115436951448839,-258.9016965198737,0.007823195990600242,-243.73596460965197,7.986134780926438,-259.1880695599828,0.010307325876337632,-262.4363460336415,3.807196049455499e-09,4.051825848041385e-08
1.155e-06,-287.74691638393534,7.184009291618336,-260.31372189046004,0.015091038932371776,-287.8791711208577,7.2270868514253515,-257.85092964053797,0.014984297005058352,-309.9970347389433,3.877340517264156e-09,4.075923713653798e-08
1.1575e-06,-320.713977704291,6.256235871854101,-252.7688488009028,0.02091706632129289,-320.16720282844983,6.354972072877749,-256.1177053454611,0.019302565108391033,-343.5465634304461,3.9369739675204e-09,4.093907220123587e-08
1.1600000000000001e-06,-341.16957304296653,5.554295590481191,-252.67226049005393,0.022551117991162235,-338.9834151414736,5.4060579156536805,-254.02403473657682,0.02324881055342587,-361.5685698136536,3.985029843478494e-09,4.105636476689186e-08
1.1625e-06,-340.5967987994863,4.4071504661731105,-249.73130602020126,0.027761291795581962,-343.14148809881254,4.420757392754046,-251.60710388170438,0.02681173765407907,-363.2485002415641,4.020872738706265e-09,4.111478118705897e-08
1.165e-06,-336.4698376011118,3.5395963072536407,-249.11664708435293,0.030176183892017445,-331.99908144226345,3.4422450184316413,-248.90531146202483,0.02998173774939056,-348.51042568454596,4.044331922270394e-09,4.11220550743647e-08
1.1675e-06,-307.1302872443731,2.522510276910066,-246.27481366662653,0.03171108808780907,-305.56809091364227,2.5147483058967355,-245.9579265957151,0.032750532178243336,-318.0204735495518,4.055718947026712e-09,4.1088517487366307e-08
1.17e-06,-262.6054722793671,1.6920508136017207,-242.56993644960832,0.03842537780456114,-264.60200381379826,1.6815486088631242,-242.80474285567593,0.0351108691129869,-273.1567202383004,4.055826274721771e-09,4.10253914317739e-08
1.1725e-06,-207.71013403068227,0.9681905814880836,-237.79144040146517,0.03653192056768399,-210.64069480901372,0.9827816957283348,-239.4857314800709,0.03705634992170241,-215.94690523221243,4.045904299225191e-09,4.094314123803643e-08
1.175e-06,-146.58091275541233,0.5324377154571699,-238.63441168657485,0.03752645275038504,-145.9965427252725,0.4531809382398437,-236.0406967690447,0.038581448201182485,-148.976781885623,4.027615193951148e-09,4.085017377134792e-08
1.1775e-06,-75.98648871547418,0.09706842621023307,-231.34997680424846,0.038763519280686845,-73.67253676044452,0.11994426094278807,-232.50893662941166,0.039681759416208044,-75.27324726270285,4.002963591239978e-09,4.075213473405493e-08
1.18e-06,1.7295362041430562,-0.12524917528866295,-228.85236242829274,0.0390520326929978,2.7879698378044795,0.0009219279901610402,-228.92891117174273,0.040354485083028246,1.8324667166932944,3.974206052484829e-09,4.0651930933753216e-08
1.1825000000000001e-06,80.59588363948374,-0.01509075380506146,-225.98068000229782,0.04245923134058586,79.51047276369589,0.10331127263970785,-225.3379221815489,0.04059911819595508,78.85535737357226,3.943743357687069e-09,4.055045658748068e-08
1.185e-06,153.62033549578317,0.39821936911590083,-222.31637382158257,0.04030020982127076,152.53927071713485,0.42300646688268645,-221.7718061790651,0.040418262357304495,152.3141654545051,3.914001539070557e-09,4.044784161051529e-08
1.1875e-06,213.98762254357172,0.9956004831883123,-218.39576954835664,0.03912015647850966,218.10348652201426,0.9446908002598131,-218.26464365138148,0.03981849166884053,218.88872012201892,3.88730901898276e-09,4.034491243892819e-08
1.19e-06,276.6262428254846,1.5506214425726461,-213.11802132136071,0.0374800899760998,272.8715391233064,1.6426839734183953,-214.84848688757745,0.038811146275022385,275.5700031154086,3.865777956430257e-09,4.0244496590921794e-08
1.1925e-06,310.2682569393259,2.639774366514297,-212.13522488078766,0.03628531023811141,314.1675434692025,2.482478402376406,-211.55310867351102,0.037412961699860504,319.7961495236867,3.85119782354047e-09,4.01522299929527e-08
1.195e-06,338.990244795223,3.3928310391662135,-210.0666455896012,0.035905177085424525,340.1280922983449,3.4228279559069823,-208.40577390950554,0.035646448375170815,349.5682382454259,3.844948307128103e-09,4.007663690791847e-08
1.1975e-06,350.4252674510044,4.482397329635161,-204.44205748132202,0.033144660502669614,349.78592770159287,4.418200149068666,-205.43103600319338,0.03353996807942207,363.5406386703919,3.84793696953709e-09,4.002841894551924e-08
1.2e-06,340.4986326875779,5.342212087839964,-203.40014832915446,0.03472965171247854,343.076819041999,5.421375862194568,-202.65055966304138,0.032407205561303325,361.08183011873325,3.8605649224989546e-09,4.001906982335849e-08
