time,v_coil,i_coil,v_bias,i_bias,v_coil_clean,i_coil_clean,v_bias_clean,i_bias_clean,v_coil_src,density_state,heating_state
0.0,22.972400501187067,-0.004834114923304007,89.7391695183637,0.17483822625897624,24.100893876926044,0.006788585619759202,85.35465689365276,0.17896351396264015,0.0,0.0,0.0
2.5e-09,45.31065270076893,0.1057147754177981,94.42964656059085,0.17563694347278327,45.229310000699854,0.09920329218559949,94.49090595308213,0.17458618081536922,27.616742208372006,1.3234609292746918e-11,2.726183338482288e-11
5e-09,63.51748465268459,0.30388158687685163,101.7571888292739,0.16436238668829942,64.21756391923849,0.26681462037813447,103.14720730725905,0.16519291936924338,53.98527056054631,2.8886900423715414e-11,5.744589901304146e-11
7.500000000000001e-09,80.32629190563702,0.4582889415805348,110.57050792935658,0.15659560149456067,79.69556972618597,0.5015586940298439,111.27788888412105,0.15470171718058037,77.91378762406731,4.771438763223624e-11,9.295898780196367e-11
1e-08,90.50913244439084,0.7734113242964872,123.30530530441037,0.1482278177376132,90.56053273799792,0.790531661221079,118.83934198277467,0.14323794276605298,98.32077892008759,7.037710988161489e-11,1.3956928688582028e-10
1.25e-08,95.7050209671985,1.1008538932134193,126.12569504165857,0.13294716622014416,96.09886882100086,1.1169829588872193,125.79034553134095,0.13090976053517878,114.28389491487843,9.738435718321565e-11,2.0667666194533727e-10
1.5000000000000002e-08,96.04177295921862,1.4850665912072192,132.75245348108314,0.11754849065431613,96.05823045478435,1.4617319166436866,132.0923738130877,0.11781279901645804,125.08163911828726,1.2905253625799962e-10,3.063527161650363e-10
1.75e-08,90.25636446564242,1.8097875727754964,137.01728945752274,0.1058349999549627,90.65927464887983,1.804825785265573,137.70988511549845,0.10403475808823004,130.2259780820282,1.6547885725940445e-10,4.5129880294702295e-10
2e-08,80.74394972317104,2.163064509143071,143.96567859090885,0.09607693876180096,80.54657605435763,2.12722284207572,142.6105889129493,0.08965910940655378,129.48439940014583,2.0653349821154824e-10,6.522235289582198e-10
2.25e-08,67.27862361190493,2.360971800847365,150.25643173944707,0.07362941142288479,66.68789538271703,2.4122848472561698,146.76568937025203,0.0747675900058489,122.89042074026375,2.5187049915826394e-10,9.153350553749451e-10
2.5e-08,48.86754993461671,2.6841921765562593,143.61390305851646,0.06316567974435854,50.23915402261537,2.6468984599658096,150.15010314995055,0.059441537499869766,110.74207492133776,3.009552432797359e-10,1.2406088853518845e-09
2.75e-08,31.867611330694732,2.8487258306758285,151.81178455482527,0.046064997684060784,32.39753467540387,2.822108898282029,152.7426497192506,0.04376230582653327,93.58843950894934,3.5310438264425656e-10,1.621249599443905e-09
3.0000000000000004e-08,14.966507187498358,2.9546760691992415,153.4453063571607,0.025237154078273257,14.266266807341616,2.933229880244331,154.526212580974,0.02781107756990854,72.20481975975606,4.0753277584844323e-10,2.044412850180764e-09
3.25e-08,-2.8003197285605728,2.966596241440361,157.00702644754676,0.012922652943287894,-3.248294399376138,2.979477570895911,155.48787009499915,0.011668389523983497,47.557706589493606,4.634016122096806e-10,2.4929212202695064e-09
3.5e-08,-19.58694726932508,2.9654769294134926,152.56975148044404,-0.005303609821272537,-19.49315985873197,2.9632483718340774,155.61899481016732,-0.004586359225062478,20.761093384574806,5.198624338593556e-10,2.9475008030498735e-09
3.75e-08,-34.45118481706324,2.8725238289178803,152.9281039435501,-0.021086348688186436,-34.07344050138941,2.889208621858165,154.9153204894344,-0.020875220216086017,-6.973873962078521,5.760931034218216e-10,3.3890299549231683e-09
4e-08,-46.87726124525827,2.75957921371152,147.99250753058055,-0.03584688449154018,-46.80953866422343,2.763380705872155,153.3769762808306,-0.037121711949778605,-34.39363808725253,6.31323634947984e-10,3.800404585430537e-09
4.2500000000000003e-08,-57.712791101235915,2.6282498197706228,152.84446980426452,-0.05038668907757564,-57.659574067317536,2.5923925347211827,151.00848776124462,-0.05325049003042926,-60.25888809553182,6.848518557919311e-10,4.167815987199296e-09
4.5e-08,-66.35622567277757,2.3670337315134047,143.94109001375227,-0.07086590652056585,-66.62586772390287,2.383009816906562,147.81874485678563,-0.06918666415100846,-83.40057358948872,7.360507200357099e-10,4.4814270919969145e-09
4.75e-08,-72.43708752466534,2.1596608938488413,139.33598123304094,-0.08311825410558082,-73.66676466790601,2.1420023210291057,143.82093692010875,-0.08485476209142422,-102.77274308536826,7.84370417112232e-10,4.735561277831729e-09
5e-08,-78.59565131582997,1.9278352128139138,140.7496696263416,-0.10016556631221643,-78.63352367562837,1.876319418728584,139.03245551922438,-0.1001773087428225,-117.4998186382079,8.293389836022257e-10,4.9285607344239546e-09
5.25e-08,-82.31254916905355,1.6101457316717966,134.47228646551136,-0.11072233618663423,-81.24674379270515,1.5934809030238162,133.47476576157442,-0.11507292246267256,-126.9161699709957,8.705648474232334e-10,5.0624400840147295e-09
5.5e-08,-82.35875554213294,1.2520361100698516,132.0686059264757,-0.1294858318018545,-81.11880852724047,1.3020394159267155,127.17324723922835,-0.12945375129302353,-130.5961994473512,9.077436862385428e-10,5.142389732681316e-09
5.75e-08,-77.23333848857229,1.0572092294431696,117.74707567418541,-0.1424599419627259,-77.81957870852979,1.011950174171703,120.15700593365631,-0.14322201693689704,-128.37357811547614,9.406703847393686e-10,5.176115095598396e-09
6.000000000000001e-08,-71.47692964133424,0.712998025594441,113.21250013424616,-0.1545176758936806,-70.97375392853859,0.7346960977054787,112.45865865950685,-0.15626547124817733,-120.34876339799452,9.692550511910264e-10,5.1729703733833155e-09
6.25e-08,-60.77132530924642,0.4577277813904481,104.42326454314019,-0.17264578747370538,-60.37157397879899,0.4830598906932747,104.11409185406045,-0.16845179761229084,-106.88445864522211,9.935403694666383e-10,5.142880534324886e-09
6.5e-08,-46.12180475588336,0.2554330320701076,97.01885065884407,-0.17836070988379835,-46.07110121707128,0.2705013459694697,95.16219673060063,-0.17962253395309302,-88.58921976971615,1.0137163629006838e-09,5.095138365324835e-09
6.75e-08,-29.999629443014904,0.07883185717596707,84.46850323783681,-0.19076338238689333,-28.47087281324849,0.11017605144059453,85.64458300802029,-0.18958806774832282,-66.28994990489313,1.030128188387518e-09,5.037280952104849e-09
7e-08,-7.049242340851647,-0.030913761371822786,73.23088052355683,-0.19743067660908686,-8.336183624586438,0.013706513265096336,75.60527360388924,-0.19812664864058038,-40.99452526650469,1.0432729864453282e-09,4.974334934127457e-09
7.250000000000001e-08,13.00201260834647,-0.02408787491700845,66.65089554165766,-0.2030338938899438,13.230106022543758,-0.01012538647463907,65.09038283246045,-0.2049918593102292,-13.846241442922809,1.0537830503000064e-09,4.9087130539555105e-09
7.5e-08,36.23313697790416,0.033278760960536384,52.25392630857728,-0.20966643180362984,34.87188299136757,0.04343432269118835,54.14778078136842,-0.20993372290047857,13.927860961826461,1.0626191945009144e-09,4.840913084538583e-09
7.75e-08,53.19796027413862,0.2268976837822146,44.018561778688,-0.21196484765838317,55.10924298401886,0.1742396060373332,42.826746649944006,-0.21273718849901527,41.07245576902596,1.0701269596627326e-09,4.7709324812717865e-09
8e-08,71.48320906197284,0.35305562717145006,27.552716608952604,-0.21556507362801142,72.49506483644177,0.3768444183405126,31.17761391722379,-0.21327668650096313,66.36066910978933,1.0773316503389879e-09,4.700042374468864e-09
8.25e-08,87.210319304113,0.6624267509078454,11.965912008398838,-0.2104136061054688,85.77558946075322,0.6406655461704513,19.25141026815639,-0.21157659091756317,88.64953132997496,1.0849798770299613e-09,4.632370051341969e-09
8.500000000000001e-08,94.44614477168423,0.9136349547670521,7.810155889680202,-0.2122386468312353,94.0307337579294,0.9507158285582642,7.099495241699605,-0.20785733837960688,106.93163661566722,1.0937077377894475e-09,4.575715220117518e-09
8.75e-08,95.89667204635889,1.2746627242138244,2.4227746398114,-0.20321710965549045,96.77284591834898,1.2888290562033176,-5.226801425793386,-0.20254167299981773,120.38067544180026,1.1039921327755241e-09,4.541208649986438e-09
9e-08,93.84598072195195,1.6267052629126588,-17.34218632716953,-0.19733287422325504,93.98921963349308,1.6352233195610697,-17.676537804351494,-0.19620284149716039,128.38878188093585,1.1177273268378702e-09,4.54510382119696e-09
9.25e-08,86.72552820530588,2.032602311939192,-32.19738743744161,-0.23983486082206382,86.12278608198599,1.9701994655030681,-30.19951120499698,-0.24099226349336764,130.59400775888966,1.1372090402519852e-09,4.604238766064279e-09
9.5e-08,74.4919855958387,2.2926108106225773,-56.09904454093854,-0.21527469496609888,73.99541029254159,2.2757541184969825,-49.88235662267013,-0.2126577388624854,126.89668188794018,1.1623146971782834e-09,4.727515480752104e-09
9.75e-08,57.745196651584386,2.519362380834439,-62.27620191900504,-0.1327957184124078,58.6873908963449,2.5369051865807744,-59.49946027911716,-0.13459584379349376,117.46391497753231,1.1938146348629818e-09,4.920606061579743e-09
1e-07,41.32426114146039,2.756264860012265,-69.82318608003217,-0.13035631975346287,41.39350893897818,2.742578460024152,-69.08115144424963,-0.1315876287859228,102.72204661077174,1.2296562618488808e-09,5.176981215134181e-09
1.025e-07,23.723899949217913,2.900312765243751,-79.31953831251123,-0.1320193487627084,23.2791352747457,2.885977793047499,-78.58530958829647,-0.12858697126757646,83.3373756661719,1.269213034256357e-09,5.4868218178205e-09
1.05e-07,6.2878816404819355,2.987313432346705,-82.81005694920256,-0.1253591239105067,5.358968042961109,2.964445436560409,-87.97183809136484,-0.12556775384351876,60.186045125707956,1.3117772718069666e-09,5.835012336137752e-09
1.075e-07,-11.8726498712706,2.9893002711679,-98.49902430198351,-0.11864964112792509,-11.583858580495686,2.97889870591053,-97.20293701250614,-0.1224828452066546,34.314442407272395,1.3566064979205776e-09,6.203182737497889e-09
1.1e-07,-26.44365221584629,2.8811473606184683,-113.07699340001363,-0.12143537871523229,-27.028376854116615,2.9329906114910167,-106.24335389122899,-0.11928002878321384,6.891905036324574,1.4029635124514213e-09,6.5720100572602965e-09
1.1250000000000001e-07,-41.44107384901194,2.832727080467873,-114.29761479318735,-0.11838871519373616,-40.69557281499259,2.8321750144440907,-115.06061059598332,-0.1159134143016686,-20.842130747326145,1.4501471380701356e-09,6.923312818553735e-09
1.15e-07,-53.16593607901065,2.7604868991672418,-130.9958145268673,-0.11344098438631971,-52.48609393632104,2.6828561492057457,-123.62520444881531,-0.11234998166247016,-47.634149684992174,1.4975125886430982e-09,7.241634141764777e-09
1.175e-07,-61.0478182795779,2.503588647091641,-125.73805741201639,-0.10933157673726178,-62.392081360608316,2.4917689119562296,-131.91078208492922,-0.10857203604655614,-72.27321353416946,1.5444824048438607e-09,7.515209491509205e-09
1.2000000000000002e-07,-69.94935803283732,2.2742318743577807,-132.67921302889252,-0.10262531617577894,-70.40367417738791,2.2656769569196116,-139.8942847482377,-0.10457681235226339,-93.64569271942742,1.5905505255252911e-09,7.736379349789597e-09
1.225e-07,-75.91622743667767,2.042457004904054,-152.58387079374307,-0.10211078646952759,-76.43118720959845,2.011401799311289,-147.5560639770038,-0.1003744635361617,-110.78559985314935,1.635283025958666e-09,7.90159312572849e-09
1.25e-07,-80.44698180521029,1.7392705692202202,-160.4408759993523,-0.09471855969264471,-80.26046993124802,1.736121763854158,-154.87996689511692,-0.09598542662161937,-122.91825016561049,1.6783191959682663e-09,8.011153106508612e-09
1.275e-07,-81.08198739604138,1.484200606254565,-162.1016995840011,-0.09390547303100691,-81.55216826534169,1.4478187195487946,-161.8533905921033,-0.09143784522670034,-129.49527549237803,1.7193759475449303e-09,8.06879077443258e-09
1.3e-07,-79.89450182735585,1.1882570467024505,-167.99589604403872,-0.08829909607980492,-79.88678470250342,1.1557145626092682,-168.46730534627727,-0.0867654297352736,-130.21940926654503,1.758257183132156e-09,8.081092704137206e-09
1.325e-07,-73.08193721068491,0.8214277202106601,-174.29814057491217,-0.0834061188833785,-74.84818736022685,0.8705352134930565,-174.71624671810537,-0.08200589493108212,-125.05792229058943,1.7948679998354089e-09,8.05674144073656e-09
1.35e-07,-67.42469599879706,0.6335464655752502,-180.87611178570302,-0.07619111743269844,-66.13025560391394,0.6044685032579229,-180.59827681247174,-0.07719994043230805,-114.24410202156753,1.8292318045233014e-09,8.005539342610227e-09
1.375e-07,-54.37427292522167,0.35024174552491755,-186.56025699173773,-0.0731058439593962,-53.64614132458374,0.37073872565236327,-186.11491527671487,-0.07239062931859,-98.26670850932088,1.8615069342897968e-09,7.937249945765755e-09
1.4e-07,-37.15209581014903,0.19442634141349746,-186.47497083527907,-0.06550810459389766,-37.61815042142742,0.18279466665404617,-191.2710408636997,-0.0676229681378826,-77.84788355527688,1.89199852405975e-09,7.860402788438147e-09
1.425e-07,-18.655375919985175,0.003985237184873799,-194.2898251460749,-0.06469184696141174,-18.628817556864576,0.053186109677448704,-196.07476464348244,-0.06294348848627808,-53.91051154755793,1.921161333163877e-09,7.781316708954434e-09
1.4500000000000001e-07,4.416751137074577,0.024951943637295235,-194.14260292847715,-0.058252288848230145,2.380059802218409,-0.007728234442928175,-200.53727619110015,-0.05839966654479341,-27.536507188324197,1.9495900805277826e-09,7.703642034900344e-09
1.475e-07,25.95098603973947,0.01222510550946719,-204.15161349646218,-0.0486838585695797,24.164918035169432,0.006946591168950903,-204.67266430953572,-0.05403908051478398,0.08208458692010352,1.9781669618515124e-09,7.628654082554657e-09
1.5e-07,44.10091743845981,0.0860723335972906,-205.2330055778357,-0.04950976813021615,45.289187364493976,0.09958982023603737,-208.49771406395297,-0.04990828338931339,27.696966325767114,2.0073371675517776e-09,7.556339646761977e-09
1.525e-07,65.59760624093722,0.2567927205556205,-211.81715097661123,-0.04459827525053692,64.2690056135568,0.2674135859869075,-212.03168210397283,-0.04605144583567224,54.060008261004576,2.0380889245361887e-09,7.487052165304403e-09
1.55e-07,80.74449854494347,0.5643635538162294,-213.78334943573233,-0.041607500810684615,79.73485979858867,0.502338787032775,-215.2960524333326,-0.042508887944069464,77.97966093372821,2.0712097267979857e-09,7.4232653953445886e-09
1.575e-07,90.03155520758743,0.7790768234520798,-222.4188406258772,-0.03934893852517483,90.58494473278665,0.7914485189655559,-218.31427494915732,-0.03931565868586192,98.3748105153678,2.1073997403464717e-09,7.3708373406058104e-09
1.6e-07,94.8603616271181,1.1074732165941141,-220.1324489310302,-0.03876054122140244,96.1069589327696,1.1179827986855948,-221.11148921486506,-0.036500331827773735,114.32364269071748,2.1472185259881226e-09,7.33927667610196e-09
1.625e-07,96.82652573890263,1.4878316013479442,-224.95781227192018,-0.03699854839932744,96.04996363791598,1.4627561728807372,-223.71423605022363,-0.03408416569456081,125.1053065657349,2.1910428250714705e-09,7.340778618023876e-09
1.65e-07,90.97090613857506,1.8214528394346658,-224.01170306460835,-0.037622001100111144,90.63596710581,1.8058161472099816,-226.15015961825554,-0.032080725847330384,130.23249548635758,2.2390400856349286e-09,7.3881795774502515e-09
1.675e-07,79.60809006181502,2.104371377387398,-226.2068906396609,-0.034373275645262324,80.51066726525008,2.128126037350867,-228.44770276074166,-0.030496003338541747,129.4734721895234,2.291160380485413e-09,7.492333000626282e-09
1.7000000000000001e-07,65.68932754189098,2.441884521273959,-225.71954902807772,-0.027887115016154346,66.64259009593644,2.4130565708248417,-230.63579838141925,-0.029328988649767046,122.86254279972505,2.3471469643091075e-09,7.659601957808916e-09
1.7250000000000002e-07,48.775047096074545,2.6792889004864047,-232.76369907637473,-0.031248818062503285,50.187994672147354,2.647505999137084,-232.7435596982347,-0.02857259559824314,110.69850627030871,2.406563323565001e-09,7.890128736393435e-09
1.75e-07,33.26789697321633,2.8743734144052735,-229.73881507679323,-0.031196255027150607,32.343974089358355,2.8225322238217516,-234.79997218303944,-0.028214781988297598,93.53114935123773,2.4688325757448274e-09,8.177298972265902e-09
1.775e-07,15.347648408615779,2.939921838309209,-238.92864106919097,-0.025869941382571482,14.213308278323451,2.9334612235255992,-236.83358997900547,-0.028239692821874374,72.13639748002342,2.5332837873196386e-09,8.508465569489702e-09
1.8e-07,-3.1925528580107385,2.9607071874701676,-238.0549343496438,-0.027891984534257213,-3.2983369727221064,2.979519743601194,-238.87223953306753,-0.028628660933013354,47.481244718965534,2.5991993905470413e-09,8.866665191135097e-09
1.825e-07,-19.864535709496643,2.9763516576723776,-237.1855424131647,-0.029818839583492053,-19.53875230733014,2.96311226726739,-240.94273310340577,-0.029360937077403726,20.680047825672712,2.665858419244131e-09,9.232853833119573e-09
1.85e-07,-33.64923452137385,2.8600759095948307,-241.0245533083768,-0.03152907072910001,-34.113767662218116,2.8889104347222596,-243.07059470110448,-0.03041407989575764,-7.055840134657357,2.732571622559124e-09,9.588153086891694e-09
1.875e-07,-46.859053929666324,2.785260096634405,-241.53617650041605,-0.0348809728542873,-46.84431859100789,2.762939405122838,-245.27980090159335,-0.03176400514014273,-34.47282018916915,2.798706387350364e-09,9.915711962654433e-09
1.9e-07,-58.15627366162774,2.638267420076493,-255.3420792365797,-0.034786598136566114,-57.68879536787061,2.591828024605264,-247.5925388164682,-0.033384760638087235,-60.331707276100985,2.8637014502198472e-09,1.0201980891598912e-08
1.925e-07,-67.21972168838298,2.359291575954938,-249.32311155499238,-0.033885724035445146,-66.64951112415137,2.382342044760921,-250.02898335111314,-0.035248146611805184,-83.46373858757991,2.9270732324393743e-09,1.0437384300604495e-08
1.95e-07,-72.57081628630014,2.158609326013707,-251.00336218709853,-0.03623054863269091,-73.68457124920182,2.141251370838997,-252.60709568973627,-0.03732333067908068,-102.82339898691345,2.9884169524046374e-09,1.0616506156103227e-08
1.9750000000000001e-07,-78.84431932817382,1.8515671223901093,-256.520378691845,-0.04433169780717332,-78.64486184333583,1.8755064083385364,-255.34244474866426,-0.03957660791151881,-117.53567591181593,3.0474062323840738e-09,1.0737945506270645e-08
2e-07,-81.32412717400246,1.5951005889279035,-258.3793901778922,-0.03921580457294907,-81.25060685969282,1.592629321815936,-258.2480531228416,-0.041971428681482424,-126.9356079495573,3.1037946352895787e-09,1.080396756451031e-08
2.025e-07,-81.85646994821462,1.3080893835915892,-263.48668503275496,-0.04291903354567985,-81.11394855610077,1.3011764327877786,-261.3342688214201,-0.04446876584775528,-130.5983395785015,3.1574215178964935e-09,1.0820004600178373e-08
2.05e-07,-77.48551103351868,0.9351656961856334,-263.6801403667549,-0.04480270556249529,-77.80475477215631,1.0111074330645384,-264.6086638481704,-0.04702782752625303,-128.35832367016084,3.2082229886049663e-09,1.079399264058951e-08
2.075e-07,-72.53036831918452,0.7948242900124324,-269.7210748248755,-0.048797085096867004,-70.94804927424582,0.7339096031821931,-268.07596043338685,-0.04960705424244368,-120.31680384240299,3.256246933385571e-09,1.0735502684781456e-08
2.1e-07,-58.49022755096043,0.5505271487068912,-271.5251888958257,-0.05361027836114975,-60.33472109387427,0.4823687533374269,-271.73798546822786,-0.05216528205017986,-106.83723847848549,3.301669390205221e-09,1.0654660299032847e-08
2.125e-07,-45.994363453345386,0.26621201534363836,-282.44365762846525,-0.05124763743419438,-46.023749405151136,0.26994537783919204,-275.59365343236084,-0.05466291679058209,-88.52887323583653,3.3448083540000796e-09,1.0560940807261693e-08
2.15e-07,-28.226930741594895,0.13200138628303387,-277.037824989046,-0.05540838184536262,-28.414740520154556,0.10979243402840029,-279.63897784369067,-0.05706295589424829,-66.21920452977463,3.3861306385239786e-09,1.0462044781452605e-08
2.175e-07,-8.021027793158227,0.05371853130279263,-285.4691888691824,-0.06008462403854514,-8.274056155166729,0.01352596252891265,-283.867110997225,-0.0593317148801193,-40.91657857999419,3.426247830929345e-09,1.036314333199949e-08
2.2e-07,12.938342862959919,-0.05397853164896297,-283.27498537076303,-0.05705341547675784,13.294546768598021,-0.010082399573576472,-288.26841150110084,-0.06143916254497186,-13.764616457742202,3.4658986140972667e-09,1.0266775531372299e-08
2.2250000000000001e-07,34.753244853664675,0.0720794068942357,-293.40068610201666,-0.06565262471856594,34.934381137275,0.04370794747900287,-292.8305388638162,-0.06335883362947936,14.00947498223141,3.5061403960744822e-09,1.0173548497655503e-08
2.2500000000000002e-07,55.173336583840104,0.19206762523977325,-293.9184319941353,-0.06691607782555758,55.16540114443519,0.17473566088738457,-297.5385741400371,-0.06506735908858444,41.150370056792475,3.5474086219799096e-09,1.0083552698266038e-08
2.275e-07,72.88580817382386,0.3679004221403983,-305.29290624842355,-0.07023482233755987,72.54082397050826,0.3775390148458774,-302.3751654052175,-0.06654371934420103,66.43136211654424,3.590805459214403e-09,9.998135359296088e-09
2.3e-07,84.44836453775385,0.6578957959310057,-306.60494677737785,-0.06449967131002149,85.8076841751015,0.6415204574200528,-307.32069660378255,-0.06776837344440065,88.70980789280249,3.637144630405238e-09,9.9214807794062e-09
2.325e-07,92.7599012913299,0.9464947296688128,-312.3547807536849,-0.06706541975194008,94.04705388946633,0.9516814382435521,-312.3534781038235,-0.06872243837128894,106.9787723711955,3.6871182118293646e-09,9.861423084780772e-09
2.35e-07,95.76025592235176,1.207468826474856,-318.52521665170406,-0.07068496397289012,96.77264980301425,1.2898485631488064,-317.44995709501404,-0.06938708392736398,120.41253996122178,3.7412476236984645e-09,9.829100844644909e-09
2.375e-07,94.31180294513344,1.592272123823652,-324.0973808861181,-0.07061921106879884,93.97316834836944,1.6362376569420987,-322.5849457875428,-0.06974327111588177,128.4039349605378,3.799848321488541e-09,9.837406789772861e-09
2.4000000000000003e-07,85.99278316192137,1.9747414335872948,-330.05141912095394,-0.06869092496232874,86.09279698429368,1.9711522920100268,-327.731865209862,-0.06977190221377978,130.591764513982,3.863011924046248e-09,9.898571749387567e-09
2.425e-07,74.65817140442311,2.306255825328906,-335.265247502593,-0.06729516915637383,73.95435731399549,2.2765962408971516,-332.8630022634032,-0.06945437924721411,126.87714370808425,3.930607251453702e-09,1.0021508320316625e-08
2.45e-07,59.29609182343084,2.567097257428375,-341.1564140408172,-0.06801195428134857,58.63870322035034,2.5375978784449034,-337.94977757434305,-0.06877349682401986,117.42796494396346,4.002299295909839e-09,1.0209621518466326e-08
2.475e-07,39.75627068424688,2.7272533769843412,-343.83067041607035,-0.06974881847839683,41.34073471670253,2.7430953308358426,-342.96302158706584,-0.06771453761184927,102.67130958313786,4.077582908250836e-09,1.0459646136709029e-08
2.5e-07,24.433942327056016,2.882185344963633,-349.65800847636154,-0.06505894744526602,23.225540379624366,2.886305101986672,-347.8732562720136,-0.06626640419003213,83.27414484257915,4.15582630832487e-09,1.0761757358577491e-08
2.525e-07,4.5127490885830746,2.995753303848661,-354.4554195047183,-0.06470222688621845,5.307231055334311,2.9645809939000283,-352.65097977275735,-0.06442261544341658,60.11317839538644,4.2363186755965644e-09,1.110084289913313e-08
2.55e-07,-9.753399328466102,3.0437941116589307,-367.14969811920037,-0.05919211822533495,-11.631813236711611,2.978849719066077,-357.2669512937803,-0.0621820198443828,34.235233180494006,4.318316158740764e-09,1.1458545728325458e-08
2.575e-07,-26.504196769897522,2.9449515156092785,-360.1616172686553,-0.05929464745984836,-27.07139189465822,2.9327709757817333,-361.69247353184517,-0.05954912734360738,6.809933389755839,4.401081608442834e-09,1.1815564948897429e-08
2.6e-07,-40.347032362882665,2.820501419669983,-360.8735077609973,-0.05547495072525798,-40.733129838262165,2.8318025970597955,-365.8996699798655,-0.05653402716559443,-20.92315988193416,4.48391498298192e-09,1.2153748374550965e-08
2.6250000000000003e-07,-53.365043891464246,2.688876920873624,-371.1290136824885,-0.05402068173703687,-52.51808199850532,2.6823505623630473,-369.8617544826866,-0.05315192875012127,-47.71057397528309,4.566173383938965e-09,1.2457673226822416e-08
2.65e-07,-64.02569995489897,2.543423297843376,-380.49096766594096,-0.052394214529186175,-62.41851839769436,2.4911501295873144,-373.5532904986271,-0.04942242485058027,-72.34157877626298,4.6472816755298714e-09,1.2715611471084174e-08
2.675e-07,-70.53090516003839,2.295725239380922,-378.6226802347129,-0.049706515893891655,-70.42444455675717,2.264964926233072,-376.95043761833927,-0.04536861838413434,-93.70290896006861,4.7267362626208705e-09,1.2919940465642934e-08
2.7e-07,-76.36987780051993,1.987664253886031,-375.7371169714342,-0.0422211015908439,-76.44585404050675,2.010616972844841,-380.03118301264044,-0.04101627051974752,-110.82908104856078,4.804105562622545e-09,1.3067145362877041e-08
2.725e-07,-80.98008585956882,1.7515727757061073,-379.6189578198328,-0.035704489052683745,-80.26820510066196,1.7352862717146993,-382.77555562233016,-0.03639311402532957,-122.94603106477865,4.879030845673479e-09,1.3157561973604217e-08
2.75e-07,-82.238390592067,1.5215723539702168,-380.6712667899314,-0.029509140119865808,-81.55181939695645,1.446957754085364,-385.1658210643635,-0.03152843572574497,-129.50610046192628,4.951230431576149e-09,1.3194952207241365e-08
2.775e-07,-80.23030546343315,1.1909276989296065,-389.3178234469424,-0.027921105955370052,-79.877070734079,1.154857486638088,-387.1866554086273,-0.026452972531461658,-130.21278904250138,5.020508871690214e-09,1.3185929098415167e-08
2.8e-07,-74.79911905738639,0.8484327801145541,-390.6463755975497,-0.020644332521281526,-74.82798825057924,0.8697159403631178,-388.825296176326,-0.021199097847322875,-125.03415609200442,5.08677098712411e-09,1.3139196739722597e-08
2.825e-07,-66.512318463302,0.5867962609910508,-391.14926159791366,-0.013608626656947932,-66.0989416406116,0.6037248264207848,-390.071669122841,-0.015801211734175185,-114.20426402649444,5.1500388344427855e-09,1.3064573210236194e-08
2.85e-07,-52.94860779252285,0.364983692935753,-391.72834434242526,-0.011999315516497829,-53.60387733409826,0.37011047388996227,-390.9184895929675,-0.01029620070608395,-98.21259930441362,5.21046819078277e-09,1.2971831337389187e-08
2.875e-07,-36.45402951345198,0.17706654402633987,-388.5082528418372,-0.004513091953820684,-37.566111842611036,0.1823207927600627,-391.36133747259396,-0.004723810384157611,-77.78194875337493,5.268360299510642e-09,1.28695035852665e-08
2.9000000000000003e-07,-17.885136953330186,0.015484119739436294,-394.4345480793588,-0.00031565025953722526,-18.569268657373367,0.052901042792735824,-391.39870500605934,0.0008732191815260728,-53.8357312515534,5.324164589897975e-09,1.2763906340090759e-08
2.925e-07,2.3924931744086697,-0.049521241021441405,-393.85747263799294,0.00598221224063831,2.4438525791641306,-0.007798470661512761,-391.03201700034566,0.006449370708002108,-27.456261297299903,5.378468924290801e-09,1.2658683993529237e-08
2.95e-07,23.848670567629544,0.05469532793177169,-394.55193679658055,0.006998453532677121,24.22893648109715,0.007105278958034212,-390.265623193685,0.01195697713500666,0.1641691414345121,5.432148610544019e-09,1.2555104850563765e-08
2.975e-07,42.98444578591693,0.09557034048203578,-389.82205505771253,0.020863373559163168,45.34904598433516,0.09997700635341994,-389.10676282473327,0.01734724723703504,27.777179508838557,5.485635649106474e-09,1.2453149828871769e-08
3e-07,64.52142275601707,0.28628462593270526,-391.04861531525364,0.02163162701821875,64.32041653340772,0.2680131390219363,-387.5655016968568,0.022571607382008647,54.13472461942776,5.539908137311784e-09,1.2353168822127135e-08
3.025e-07,80.86385018923,0.517420913901771,-390.60717662667133,0.027222515178598965,79.77410941887861,0.5031193543262293,-385.6546422879356,0.02758321987764009,78.045503458254,5.595740301981869e-09,1.2257633977065525e-08
3.05e-07,89.63821334440988,0.8182436814592221,-386.69699242093304,0.03650563678422432,90.60931002414432,0.7923657041133032,-383.3896077071097,0.03233850345631393,98.42880327383084,5.653817551096479e-09,1.2172401546263279e-08
3.075e-07,97.41146374013144,1.1328352389679541,-377.6245732218514,0.03397327864668314,96.11500014907563,1.118982797718789,-380.78830054376743,0.03679847555149375,114.36334533339318,5.714683323537047e-09,1.2106975108173986e-08
3.1e-07,95.79882006607224,1.4892359090895955,-377.5835920026427,0.034847264712190254,96.0416498940564,1.4637804134940429,-377.87093788862364,0.040929760336005205,125.12892462358869,5.778697038649342e-09,1.2073538127375193e-08
3.125e-07,90.69875058214947,1.7767322457219634,-378.56191845085334,0.04432848689119623,90.61261832923975,1.8068063267848824,-374.6598640297958,0.04470515692693423,130.23896147696024,5.8460078161663855e-09,1.2084906345838636e-08
3.15e-07,81.04419050986513,2.1048585016514507,-378.2919997473714,0.048079496647891226,80.47472577058977,2.129028904735846,-371.1793425363401,0.04810373000104953,129.4624938648246,5.9165466092996e-09,1.215190326168007e-08
3.1750000000000003e-07,66.23119992811829,2.3685434958574763,-367.8334188006731,0.05026537908348743,66.59726227380521,2.4138278520402134,-367.4553296358564,0.051110458535436526,122.83461635500016,5.990036988666604e-09,1.2280854496676224e-08
3.2e-07,48.064389185917626,2.6113579703332213,-359.8991204479156,0.053842539083787506,50.136823303036735,2.6481130180756587,-363.5152309697208,0.05371554474234765,110.65489391726268,6.066022421860196e-09,1.2471860859643416e-08
3.225e-07,32.83631414826359,2.825747955945169,-354.8330451452681,0.056064317227499536,32.290411156598445,2.8229549887402974,-359.3876439676528,0.05591353304529294,93.47382226890949,6.143905897868139e-09,1.271826669489723e-08
3.25e-07,13.074523505965058,2.864839216202243,-354.4044741590076,0.05490806927572491,14.16035532473869,2.933692000002278,-355.1020882212185,0.05770241000566362,72.06794672198293,6.222996460648676e-09,1.3007387687664068e-08
3.275e-07,-3.7633235193205303,2.965660484986733,-350.52849350281423,0.05677720606519235,-3.3483682924526263,2.9795613711067923,-350.6887263522447,0.05908284707543917,47.404764103594275,6.302556829736547e-09,1.3322230070184371e-08
3.3e-07,-18.828969008683252,2.9485862816853876,-349.44008446481297,0.06107291222278688,-19.58433010480158,2.962975658833542,-346.17807796587545,0.060057710889199194,20.598994102615077,6.381846828275281e-09,1.3643727375570138e-08
3.325e-07,-34.67686129695715,2.9093574439852437,-340.4527734275212,0.061885189245175685,-34.15407867195279,2.888611796705298,-341.60072934831527,0.06063190746901651,-7.1378035217019615,6.460158679811805e-09,1.3952986482231497e-08
3.35e-07,-46.58565133910428,2.759424390382502,-337.6954457128925,0.06257704338091169,-46.879082074570874,2.7624977115189946,-336.98704161545106,0.06081255787965937,-34.55198868176247,6.536842107860001e-09,1.4233148306146875e-08
3.375e-07,-58.39023236906569,2.6194618771719833,-334.4260730039311,0.06160440796247011,-57.71800031120203,2.5912631806024318,-332.3668600401243,0.06060943603118547,-60.404502638667374,6.611319222687575e-09,1.4470660354049747e-08
3.4000000000000003e-07,-66.56940791948723,2.3824956737605287,-328.629993474358,0.06182515769254032,-66.67313784975934,2.3816739975007812,-327.76922728259365,0.0600355465478013,-83.5268706355091,6.683091030927483e-09,1.4655948015733285e-08
3.425e-07,-74.08754240043523,2.1060913923581754,-321.7160806631415,0.057187686355141876,-73.70235987596652,2.140500205716485,-323.2221032206778,0.05910769138457513,-102.87401429540924,6.751738723140691e-09,1.4783599241164322e-08
3.4500000000000003e-07,-78.70545282468628,1.8867383721239124,-320.37118303768153,0.05817338120535097,-78.65617960535334,1.874693248119678,-318.7520940234273,0.05784687337524093,-117.57148678420062,6.816923454266746e-09,1.4852219630856411e-08
3.475e-07,-80.75888753293519,1.5489818936812183,-313.63719670462643,0.05685591327212724,-81.25444609712225,1.5917776649504491,-314.38419303538063,0.056278413125054855,-126.95499581595118,6.878388048547233e-09,1.486408330653249e-08
3.5e-07,-81.2535272522395,1.3181216230442003,-312.4128350503886,0.052362523807322356,-81.10906094007551,1.3003134605559945,-310.1415359381582,0.05443170741142728,-130.60042815149558,6.935963009365743e-09,1.48246335977458e-08
3.525e-07,-77.84130164192023,1.0484889380895102,-303.70052440865885,0.05441161700122195,-77.78989984554622,1.010264802984524,-306.04517253323786,0.052339623050419365,-128.34301855101214,6.989577615116041e-09,1.4741819389071833e-08
3.55e-07,-70.61416704299523,0.7189088549950291,-295.2357072682602,0.050574983813592586,-70.922311733871,0.7331233313992284,-302.1138573452633,0.05003758799945894,-120.28479678764279,7.0392750578326355e-09,1.4625225832722206e-08
3.575e-07,-60.119786007656586,0.49073092430619214,-299.18790123998775,0.04840221846192204,-60.29783578181628,0.48167795657289836,-298.36386108047856,0.0475624988727607,-106.78997613409894,7.0852288991410495e-09,1.4484993493814585e-08
3.6e-07,-45.63461487754118,0.26715561012460975,-296.2754421341317,0.04410506600262185,-45.97636862347032,0.2693898656596086,-294.8088047912678,0.04495160046435519,-88.46849175215952,7.127756921954422e-09,1.433061347467634e-08
3.625e-07,-28.15677974738455,0.06060153127479634,-291.1313173527687,0.04033590515183387,-28.358585947220455,0.1094093746114506,-291.45951839695744,0.042241501472323854,-66.14843301236259,7.167328003293493e-09,1.416980355172903e-08
3.65e-07,-7.107957864879934,0.03338656156835333,-287.88280061026245,0.04032646015114089,-8.211916072630665,0.013346046992576804,-288.3239249947636,0.039467469551943746,-40.838615740266114,7.204558045966003e-09,1.4007754964047177e-08
3.6750000000000003e-07,14.327426339616123,-0.049029303326591785,-287.34518297711304,0.038721031113880255,13.358988226629041,-0.01003873557850597,-285.4069521649779,0.03666310158325694,-13.682986038509469,7.240192248496282e-09,1.3847031986777237e-08
3.7e-07,35.882634155481576,0.0473597255294025,-280.8920371781245,0.032525798336427054,34.996867000479575,0.0439822482497703,-282.7104712331999,0.0338603998320517,14.091083471916928,7.2752956896278605e-09,1.3688274247014959e-08
3.7250000000000003e-07,56.1819405215729,0.18576879119375356,-286.4435492160138,0.034058775568786635,55.22153431394519,0.17523234406982874,-280.2332652018015,0.03109021298970349,41.22826809904449,7.31031642566471e-09,1.3531613546404567e-08
3.75e-07,73.00946748204268,0.3852697228713855,-281.63090539016383,0.03166106502878313,72.58654710703384,0.37823414692023266,-277.9710258050904,0.02838293560438508,66.50202889724974,7.346368254581877e-09,1.3378447339086823e-08
3.775e-07,86.71322920915007,0.6678968037712876,-275.8251533121852,0.0253485794255874,85.83973482277865,0.6423757728155073,-275.91637988007534,0.025769311821364802,88.77004943440274,7.384279321214771e-09,1.3233017309976121e-08
3.8e-07,94.88067816348418,0.9959402665704006,-269.36000020091416,0.0212633953355476,94.0633256916251,0.9526472927757028,-274.0589449797518,0.023281168175381506,107.02586589319894,7.424757834554693e-09,1.310321883234036e-08
3.825e-07,96.25220204722395,1.2908687026082564,-267.60638501281295,0.020193135348241277,96.772405274518,1.2908681415277194,-272.38541389069877,0.020951909314692926,120.44435694367942,7.468342944422383e-09,1.300025155018923e-08
3.85e-07,93.74998392604961,1.6061169097690695,-270.5097722541927,0.01804753622110418,93.95707257232654,1.6372518931729954,-270.87966745395255,0.01881664851882555,128.41903734829967,7.515369313837713e-09,1.2937065477537576e-08
3.875e-07,86.61983349140463,1.9549582949556885,-272.94906947319254,0.019538675929932914,86.06277064504938,1.9721048597945476,-269.5229148299115,0.016911905148252054,130.58946971351395,7.565949118437684e-09,1.2925942791376484e-08
3.9e-07,73.38452901593621,2.2749702594208445,-268.37710287436164,0.014071400628617812,73.91327660583545,2.277437973650503,-268.2938600967705,0.015274873242199345,126.85755543914144,7.619972940628039e-09,1.2975841413320887e-08
3.925e-07,59.047878451998,2.4765454150619153,-265.20029324754745,0.013927549747817496,58.58999831887791,2.538290084145001,-267.16889382992133,0.013942336799235027,117.39196855169335,7.677128576654474e-09,1.3090207525635548e-08
3.9500000000000003e-07,42.22445114264143,2.7252413686539607,-261.37025789955544,0.013622504339631565,41.28795349674206,2.7436116565752213,-266.1223080790875,0.012949365430754669,102.62053202249724,7.736934535492774e-09,1.326581602045439e-08
3.975e-07,23.74966348689007,2.86674577296801,-272.02201931134925,0.013011664524273889,23.17194737077236,2.886631843261585,-265.12653294275486,0.012327959025237496,83.21088114367211,7.79878333630926e-09,1.3492884380419452e-08
4e-07,6.783920431152319,2.939153650938405,-271.75817296962083,0.012218897706938448,5.255502784084209,2.9647159922780384,-264.15239273767156,0.01210581589236985,60.040287933334504,7.861988862197582e-09,1.375634727376225e-08
4.025e-07,-12.36900377821074,2.9882990474135838,-262.9203238869504,0.010385992125245432,-11.679754665593704,2.97880020581362,-263.1693795766825,0.01230537483715057,34.15601043818684,7.925832113143277e-09,1.4037900311874222e-08
4.05e-07,-26.957513100054477,2.9675005810930455,-262.4244734597874,0.012918255810425714,-27.114391332411923,2.932550861800092,-262.14594200256283,0.01294323230040528,6.727959054733482,7.989600669072978e-09,1.4318300448627557e-08
4.075e-07,-41.93924374078453,2.853784932598216,-263.42653398310586,0.01290768273488938,-40.77067046377771,2.831429757615477,-261.0497861803877,0.01402997011031884,-21.004180756410246,8.052618820833775e-09,1.4579456916912236e-08
4.1e-07,-52.468415018088386,2.6896907553754996,-269.0763941870474,0.013564729854640165,-52.55005366555015,2.6818446122994724,-259.84818702760765,0.015570359374309953,-47.78697943019457,8.114267335264174e-09,1.4806009702580307e-08
4.125e-07,-62.69947086843962,2.4767527661325044,-266.15373198716037,0.01707725565555406,-62.444939010793895,2.4905310428353595,-258.50830656057155,0.017563844168045566,-72.40991545904687,8.173993816079852e-09,1.498629264860296e-08
4.15e-07,-70.21684632421011,2.2627698351557655,-258.85399244836196,0.02084159929147081,-70.44519776228965,2.2642526503068856,-256.9975166596497,0.020005165977035298,-93.76008820828582,8.2313162422423e-09,1.511274224835682e-08
4.175e-07,-77.45636528479831,1.9947334358460966,-258.00709345584426,0.021125586669724934,-76.46050183133852,2.009831963285383,-255.28372340313055,0.02288497383748466,-110.87251849040621,8.285823223301498e-09,1.5181898695424072e-08
4.2e-07,-80.42937892233522,1.7612838305702656,-253.9967124015491,0.026267132858218956,-80.27591824074288,1.7344506656386152,-253.33569009316759,0.02619027848305605,-122.97376342680101,8.337174647827497e-09,1.5194147808003146e-08
4.2250000000000003e-07,-81.68731055154205,1.4292960297375708,-248.14039159995068,0.029574969428372018,-81.55144478565663,1.4460967547674144,-251.1233560955467,0.02990464889778238,-129.51687430451707,8.38510571270496e-09,1.5153295729060337e-08
4.25e-07,-81.08768613703332,1.150762481396395,-249.26546497924912,0.03658223254118455,-79.86732732370999,1.1540004702098767,-248.61814863901395,0.03400810904555836,-130.20611741251085,8.429435959042781e-09,1.5065993210987627e-08
4.275e-07,-73.86899384890782,0.8502900407525789,-250.34901673562027,0.036303806309198355,-74.80775695810351,0.8688968331702275,-245.7932847691155,0.03847676026934759,-125.0103405319147,8.470083182758933e-09,1.4940974725317876e-08
4.3e-07,-66.58858354654612,0.616150465238645,-242.06203736480967,0.04568821253459351,-66.06759467862804,0.6029814312008374,-242.62406072568479,0.04328221852189747,-114.16438094538667,8.507080288019224e-09,1.4788080595126466e-08
4.325e-07,-54.17892397765118,0.3600612730879116,-235.64181545691883,0.04602222759938355,-53.56158224989537,0.36948262158016143,-239.08812611154025,0.04839100356878994,-98.15845132672801,8.540591673624803e-09,1.46170972705613e-08
4.35e-07,-36.99747124516243,0.1638935382173207,-233.21623994460776,0.05324981744212684,-37.51404724892498,0.18184742842048682,-235.16574034190157,0.05376404085382062,-77.71598324439164,8.570924893675932e-09,1.4436562396654615e-08
4.375e-07,-20.23822160197573,0.11459980560687343,-228.24652929492206,0.06219994097995584,-18.509701989240966,0.05261657644637319,-230.84000900840562,0.059356431607840765,-53.76092970205517,8.598533308510845e-09,1.4252790203231712e-08
4.4e-07,3.3451180792785813,-0.04589807911503071,-230.70826864426283,0.06416088965334284,2.5076522167947815,-0.007868045695473001,-226.09709795720806,0.06511761411580771,-27.37600456697757,8.624006284135406e-09,1.4069417600965926e-08
4.425e-07,23.686315847789327,-0.007447319583225594,-220.8534619689059,0.06855506065797794,24.292949176204196,0.007264648962649833,-220.92642306605336,0.07099198513396432,0.24625363113777562,8.64821972854644e-09,1.3887702618833284e-08
4.4500000000000003e-07,45.39244192509226,0.09403403228599602,-214.4260886466414,0.07995065309188769,45.408885822559355,0.10036485035399044,-215.3208139087991,0.0769199857114563,27.85738172592012,8.67159917392701e-09,1.3707615437811358e-08
4.475e-07,64.71669717894463,0.29379640855581163,-208.0424334218222,0.08500326696068397,64.3717966461687,0.26861327914383687,-209.2766497159309,0.08283959288952435,54.20941960631919,8.695118507418094e-09,1.3529496083489618e-08
4.5000000000000003e-07,79.68926150843717,0.5007030026866135,-202.5951702352945,0.08677632012118022,79.81331856314453,0.5039003954357867,-202.79396627418367,0.08868811073862994,78.11131517165157,8.719543922235094e-09,1.3355807442495825e-08
4.525e-07,90.24884362133325,0.7327175350640837,-195.98250914850027,0.0944783872484701,90.63362859945002,0.7932832160902683,-195.8765326554872,0.09440413141357533,98.48275717416129,8.745550665607863e-09,1.3192395191279108e-08
4.55e-07,96.9072979978472,1.1376417179626495,-187.76781017547899,0.10188880569845023,96.12299246969332,1.1199829553590415,-188.53189692288439,0.0999295452788537,114.40300282723075,8.773670086929703e-09,1.3048747976645865e-08
4.575e-07,96.92216621360656,1.4978570073419766,-177.19814414980843,0.10434564236164161,96.03328923486063,1.4648046378529018,-180.77140022663093,0.10521151829413249,125.15249328252483,8.804247830462806e-09,1.2937026848511293e-08
4.6e-07,89.04525611503465,1.8272707132508106,-174.02531001758533,0.10913468879286482,90.58922834068736,1.807796323405761,-172.61015897503017,0.11020441682460763,130.24537605128344,8.837417836823491e-09,1.287001558855102e-08
4.625e-07,78.69376178834243,2.1161161941155733,-164.93709918784154,0.11353140978467725,80.43875159859435,2.1299314437339865,-164.06701503932572,0.11487172859055717,129.4514644303835,8.873094787818056e-09,1.2858496044246618e-08
4.65e-07,66.5127291523809,2.4128032694959995,-149.1014822376591,0.11485660245244678,66.55191194746845,2.4145986905229226,-155.1644542277686,0.11918807862549097,122.8066414171144,8.910985223240336e-09,1.2908744507368468e-08
4.675e-07,50.432728950703435,2.6332411798302315,-143.60099342522037,0.1196120756487515,50.08563994558715,2.6487195165343294,-145.9284935383622,0.12314143747664615,110.61123787941675,8.950615165747816e-09,1.3020808493775069e-08
4.7e-07,32.397907273910384,2.7989703510023807,-140.1681974875117,0.12552933533576746,32.23684590341957,2.823377192922608,-136.38853797039587,0.1267355257121116,93.41645828459673,8.991370095783844e-09,1.3187979568044218e-08
4.7250000000000003e-07,13.773076026179918,2.970597075749145,-125.93594858720678,0.13107730390284986,14.107407966769,2.9339222096787947,-126.57720793927996,0.12999219467260867,71.99946751265902,9.032541835832534e-09,1.3397525306476248e-08
4.75e-07,-3.458952525704079,2.9913573507143068,-119.62055873305518,0.1344950750917411,-3.398388345285083,2.9796024535152656,-116.53013859514898,0.1329531854114455,47.32826477357203,9.073376519436689e-09,1.3632411503710433e-08
4.775e-07,-19.877320062959498,3.001225273126684,-105.23611266119245,0.13497084739377777,-19.62989324420857,2.9628385467081624,-106.28575259084232,0.13568016117440335,20.517932247401248,9.113118365371902e-09,1.3873540405884182e-08
4.800000000000001e-07,-35.113997887410534,2.906212282898943,-97.17432319778695,0.13177675573174147,-34.19437352834788,2.8883127080322555,-95.88500807718331,0.13825139580348544,-7.219764090855702,9.151045320170534e-09,1.410199685028776e-08
4.825e-07,-46.58331224048125,2.776025945282852,-85.89484477034448,0.14018821261020087,-46.91382911502441,2.7620556253167274,-85.371123920786,0.14075325111802678,-34.631143533777404,9.186494505800582e-09,1.4300908153595691e-08
4.85e-07,-58.25087451577137,2.558650096686282,-77.566425651961,0.14609457931149436,-57.747188897314125,2.5906980029896958,-74.78928434008333,0.143265012763085,-60.47727415449357,9.21887745960755e-09,1.4456715554566955e-08
4.875e-07,-65.3386566654308,2.390725411150697,-58.19821662396772,0.14747695573480854,-66.69674789856467,2.3810056754222835,-64.18632533711076,0.14583722188278786,-83.5899697083522,9.247687003578857e-09,1.4559844571568875e-08
4.9e-07,-73.73748368904002,2.1578763592747325,-51.101106426827755,0.1508141126612588,-73.72013054269581,2.1397488259818,-53.61040546415359,0.14846646988040701,-102.92458899087285,9.272498897497327e-09,1.4604889166549546e-08
4.925e-07,-80.20748739815386,1.8589375845043887,-39.70813424493862,0.15117189037345624,-78.66747695281322,1.8738799384246483,-43.1106636042834,0.15107304668697466,-117.60725124122449,9.292971987898166e-09,1.4590466739994404e-08
4.95e-07,-80.57351345481219,1.5967778012569376,-27.694203901053754,0.1520926651444832,-81.25826149394614,1.5909259328196723,-32.73686656181349,0.15349011582455868,-126.97433356252331,9.308850278949125e-09,1.4518869144837453e-08
4.975e-07,-81.15345730450198,1.2906797206541758,-24.872959967576303,0.1539200654066691,-81.10414566813449,1.2994504996650824,-22.53904935172291,0.15547199256201732,-130.60246516550896,9.319969298268473e-09,1.4395563521767455e-08
5e-07,-78.5764868385357,0.9923132662694736,-12.193709605915007,0.1556106861179923,-77.7750139204929,1.0094222843994123,-12.56715114537323,0.15672352155999467,-128.32766276407241,9.326267530256145e-09,1.4228528638315717e-08
5.025000000000001e-07,-72.3111684375708,0.733284988508043,0.7913171525475073,0.15299454007044022,-70.89654130490675,0.7323372828399312,-2.8706498726579266,0.15694427651756848,-120.25274224634923,9.327801865108846e-09,1.4027385438187853e-08
5.05e-07,-59.82981610614917,0.4383622078015216,6.780342065475656,0.154235226353521,-60.26091804818704,0.4809875008695132,6.5018015022153435,0.15587481545637327,-106.74267163072105,9.324764330596723e-09,1.3802316062387115e-08
5.075e-07,-46.0749094440519,0.2566562947802304,13.197512128999378,0.15172785641170322,-45.928958887011255,0.26883480984960284,15.502734023055346,0.15333161898115474,-88.4080753425234,9.319500966906805e-09,1.3567012145753607e-08
5.1e-07,-29.168576867038038,0.1539520062697638,23.54060351946774,0.1505558066549699,-28.302409118834866,0.10902687351676035,24.086214128695556,0.14922285126158236,-66.07763538059758,9.313277413495603e-09,1.3330767367378174e-08
5.125e-07,-7.439895352924595,-0.02352016851836493,29.137841036147787,0.1438727966039748,-8.149763409275101,0.013166766852629084,32.20818447171861,0.14354495535711137,-40.76063677809976,9.30661141753497e-09,1.309846722292293e-08
5.15e-07,14.11913537608628,-0.013144803662585693,44.67273288918863,0.13557379957594193,13.423430359275187,-0.009994394453558568,39.826791341503096,0.13636593171412145,-13.601350217450081,9.300142058135909e-09,1.2872359888461297e-08
5.175e-07,35.09805446824006,0.04533866394869102,44.73751735357758,0.12756269245436833,35.059340542364865,0.044257224862128436,46.90269597414874,0.12780302503161187,14.17268639866585,9.294820116225214e-09,1.265276277145612e-08
5.2e-07,54.53324811968012,0.19443857866704575,53.466012248488745,0.11762762923041217,55.277642456906456,0.17572965526661669,53.399367165234096,0.11800122888948894,41.30614986502874,9.290975943070619e-09,1.2439482984839599e-08
5.225e-07,71.20798452600121,0.34070015005384,53.26224392091078,0.10825813813155041,72.63223421736222,0.3789298140875846,59.283352757026705,0.10711633932019067,66.57266942400702,9.289597211133154e-09,1.2233593138324848e-08
5.250000000000001e-07,86.17038409683653,0.6102012024103263,62.25233704654345,0.09423846474477487,85.87174138529902,0.6432314917582334,64.5245277483942,0.0953037349552337,88.830255930994,9.291382413710877e-09,1.2039010520041638e-08
5.275e-07,94.40899477606052,0.9165997775962254,67.05845335413736,0.08373771189277557,94.07954915796388,0.9536133914814088,69.09631697168867,0.0827123371904064,107.07291716308575,9.296906602923467e-09,1.1863305671368122e-08
5.3e-07,97.7253478368382,1.2978274059545363,71.5848231477179,0.06976206623770337,96.77211233875686,1.2918877906465998,72.97589049462738,0.06948239307395349,120.47612637661278,9.306573314802632e-09,1.1717351406710956e-08
5.325e-07,94.49187596486685,1.581451996162424,76.80072224695108,0.054728619143418276,93.94093232230018,1.6382660275944017,76.14433013479186,0.05574559771009224,128.43408903825937,9.320580219771628e-09,1.1613767798528748e-08
5.35e-07,86.35685920016505,1.9522640495021064,78.99574539135219,0.04117440933916789,86.03270708957807,1.9730571682787892,78.58676571784595,0.04162633196482618,130.58712335839138,9.338902215001123e-09,1.1564504342788737e-08
5.375e-07,74.68777191785053,2.279930938096294,81.68788620681873,0.02626425696802752,73.87216819823229,2.2782793162961203,80.29247996579491,0.027243191544065598,126.83791708884455,9.361293410276203e-09,1.1578185956713719e-08
5.4e-07,56.89820024605851,2.5155462256747114,79.77864857255578,0.011863572891619963,58.541276223097924,2.5389818033572,81.25498116637053,0.012710373846150442,117.35592581493358,9.38730700956071e-09,1.1657929825738262e-08
5.425e-07,41.10059208872115,2.6874576953058393,83.50434019666407,-0.0003809177416025833,41.23516530772822,2.74412743705961,81.472043046624,-0.0018612031024940452,102.5697139488958,9.416329852431147e-09,1.180019134957671e-08
5.45e-07,24.45686121317693,2.864718192399138,82.52462171711535,-0.016779720241624774,23.11835627160373,2.88695801682031,80.94571155067753,-0.01636297206422326,83.14758459442841,9.44762670968495e-09,1.1994883612331658e-08
5.475e-07,5.260381580081251,3.002335668139982,81.51131983752353,-0.03150770138014853,5.203783245942994,2.9648504317519304,79.68227850092072,-0.03068779902869496,59.96737376832694,9.480388581295578e-09,1.222665665091639e-08
5.5e-07,-12.219651658044597,3.014183506949453,90.27551266463593,-0.046348819626308595,-11.727682857186526,2.978750166292762,77.69222240131617,-0.044728884441990455,34.076774211628575,9.513779333208242e-09,1.2476944343662011e-08
5.525e-07,-26.02332798922726,2.9301877911633,76.58909463383017,-0.060308073538560755,-27.15737516305449,2.9323302697399636,74.9901169184627,-0.05837835314738568,6.645982063619441,9.546975980133052e-09,1.272626628773171e-08
5.55e-07,-40.81135916253243,2.8338458154504367,80.35152640086665,-0.07512504732222457,-40.808194690789094,2.831056496335688,71.59450784826798,-0.07152552846680175,-21.08519333876795,9.57919957051238e-09,1.2956318893409759e-08
5.575000000000001e-07,-52.552410025306706,2.652128171982025,68.49001427226492,-0.08353518453258271,-52.582008937808155,2.6813382992543136,67.52775964111936,-0.0840550651361678,-47.86336601956423,9.609735639197859e-09,1.3151553260655143e-08
5.6e-07,-62.69568934582946,2.466034112246615,66.49834478850649,-0.09723982775747311,-62.47134319903465,2.4899116519476423,62.81587281403575,-0.09584533811832384,-72.47822355554251,9.637945188915173e-09,1.330013748740199e-08
5.625e-07,-70.2537355184741,2.2678397159987083,59.35839489573739,-0.10581619970802764,-70.46593379022643,2.2635401293979824,57.48827382220068,-0.10676773011231469,-93.8172304415054,9.663268780587952e-09,1.3394364839010487e-08
5.65e-07,-77.2238952138702,2.059656431484116,50.916735967114484,-0.11200765014899831,-76.47513057482837,2.0090467709070694,51.57757919242222,-0.11668768897345737,-110.91591216153698,9.685227268835125e-09,1.3430654461954707e-08
5.675e-07,-79.47680290083095,1.70291821717669,42.196997733633594,-0.12983074253260662,-80.28360934131132,1.7336149459268444,45.11933593542897,-0.12546856004659843,-123.00144724072894,9.703422853795982e-09,1.3409293156103719e-08
5.7e-07,-81.29948914051745,1.4312398885196551,41.34442994120147,-0.1334144861841117,-81.55104442007918,1.4452357219297964,38.151740450662295,-0.1329791154423026,-129.5275970158971,9.717543430574322e-09,1.3334009886976791e-08
5.725e-07,-79.28208047539802,1.1601036448121738,32.25668464247592,-0.1403839865960208,-79.85755446141297,1.1531435136941188,30.71533831465387,-0.13910524956491027,-130.1993943792071,9.72737185473278e-09,1.3211399638945678e-08
5.75e-07,-73.47878623129002,0.8268507632431356,25.547182339259674,-0.14545744945491532,-74.7874934771101,0.8680778923099878,22.852707500649846,-0.143765359907378,-124.98647561972244,9.732799984722109e-09,1.305016176727351e-08
5.775e-07,-66.0145638698961,0.6229576140054018,11.46796577369614,-0.14955845752823238,-66.03621471925949,0.6022383180011937,14.608127711558112,-0.14692748827322125,-114.12445279398933,9.733845563501814e-09,1.286012115337868e-08
5.800000000000001e-07,-54.15756933810871,0.38277734759693166,4.0318087640987486,-0.1493358587060502,-53.51925608217083,0.3688551691059258,6.027238619336084,-0.14862463384094007,-98.10426459763973,9.730668525807808e-09,1.2651067567304408e-08
5.825e-07,-36.99317976780263,0.17908641074083925,-4.783910825991121,-0.1466202400149482,-37.46195666016206,0.18137457396471993,-2.8433101092609148,-0.14896340980208106,-77.6499870543682,9.723582471802734e-09,1.2431560245166146e-08
5.85e-07,-19.325435815652142,0.0381276770426956,-11.557564687016555,-0.14447746627535438,-18.450117581098326,0.0523327108794882,-11.956214058884852,-0.1481213354563633,-53.68610692859332,9.713933741716563e-09,1.2209769595827748e-08
5.875e-07,2.6299124585215354,0.039159525728279666,-20.322008790037756,-0.14924958663861623,2.5714586798441026,-0.00793695942245974,-21.263871605783102,-0.14633031999859625,-27.295737029044002,9.704269889259057e-09,1.1993363755501632e-08
5.9e-07,23.90974125021204,0.011517663918078246,-30.12723992874062,-0.1438836263959733,24.35695608198141,0.0074247011652560785,-30.718740763540932,-0.14384814552837208,0.32833802362354136,9.695560344423035e-09,1.1783700581405427e-08
5.925e-07,44.01104985659494,0.06804177038182294,-49.49540978729375,-0.13949907343190857,45.46870684150987,0.10075335207261006,-40.27369236132917,-0.14092435650926727,27.93757294534764,9.68831362580264e-09,1.158084060643654e-08
5.95e-07,64.20489252556395,0.28107829862541905,-48.851752244083656,-0.13776550862539919,64.42314591923747,0.26921400604761825,-49.88235662267032,-0.1377694188299846,54.28409319218985,9.683584770663612e-09,1.1385205093906597e-08
5.975e-07,79.1931337091652,0.48451622107055126,-63.83795605295085,-0.1340432795211375,79.85248720750448,0.5046819099396019,-59.49946027911676,-0.1345347492812516,78.1770960479382,9.682212726772363e-09,1.119932784619337e-08
6e-07,90.07250580118483,0.7945610987774566,-70.88928170668345,-0.12966263073652695,90.65790044611846,0.794201054393455,-69.0811514442492,-0.13130692925302928,98.53667219505857,9.684938251167704e-09,1.1029112290780237e-08
6.025000000000001e-07,95.72777863553193,1.0958521187312682,-79.63322376807484,-0.13050925894573395,96.13093589443429,1.1209832710661845,-78.58530958829647,-0.12811453827235586,114.44261515657529,9.69235063516648e-09,1.0884087739192408e-08
6.05e-07,96.0873825185169,1.414167696876852,-89.83530530692573,-0.12307361453369815,96.02488167201683,1.4658288454264008,-87.9718380913649,-0.12494288418146267,125.17601253323852,9.704845631235351e-09,1.0776434854194537e-08
6.075e-07,90.21488718195486,1.8331806504349661,-95.54150424343474,-0.11714258919862566,90.56579716169509,1.8087861365940292,-97.20293701250604,-0.1217512773485813,130.25173920679498,9.722599242999322e-09,1.0718933127821284e-08
6.1e-07,80.17202925291285,2.1112581354358184,-109.36567709803123,-0.11668998166003033,80.40274477749652,2.1308336539532067,-106.24335389122882,-0.11848874826401617,129.44038389055441,9.745560008049417e-09,1.0722335337424474e-08
6.125000000000001e-07,66.29578414572228,2.371039857629556,-118.96109803543325,-0.11248853719451592,66.50653914807226,2.415369085989042,-115.06061059598363,-0.11510604184954629,122.77861799711101,9.77345999637124e-09,1.0792865260340428e-08
6.15e-07,49.01194702179943,2.6522337163074368,-125.99712573925677,-0.10945880502560645,50.03444463009487,2.649325494344459,-123.6252044488156,-0.11156339728127253,110.56753817400558,9.805842355006202e-09,1.0930497557562302e-08
6.175e-07,31.96389041761512,2.8765988887713947,-131.94988423609453,-0.10922009582993049,32.18327835610019,2.8237988363086686,-131.91078208492902,-0.10783464266166363,93.359057420945,9.842101236743426e-09,1.1128434528513659e-08
6.2e-07,13.969903334818653,2.8589003973332043,-141.95436622459263,-0.10389814230731818,14.054466224574378,2.9341518525858006,-139.89428474823734,-0.1039085299154348,71.93095987908558,9.881528670048505e-09,1.1373841757216398e-08
6.225e-07,-2.5442151479921935,2.97778001870557,-148.84938740223183,-0.09890916941453538,-3.448397117955164,2.9796429909229065,-147.55606397700342,-0.099788225442211,47.251746759102126,9.923362545993922e-09,1.1649572922221107e-08
6.25e-07,-20.921185090064927,2.8975428696789365,-152.36144223900664,-0.09432853846304222,-19.675441718631895,2.962700931026046,-154.8799668951171,-0.0954896823873377,20.436862292031794,9.96683044517872e-09,1.193640919466801e-08
6.275e-07,-32.47320942946437,2.884597616611344,-164.73352282965593,-0.08738710197372583,-34.23465222916698,2.888013168852014,-161.85339059210335,-0.09103940447868207,-7.301721809759993,1.0011185372081843e-08,1.2215305246434757e-08
6.3e-07,-46.67664416587315,2.7604263288901496,-168.85446159330297,-0.08489330100384115,-46.94855971248432,2.761613146661178,-168.46730534627724,-0.0864719423438721,-34.71028471396533,1.0055731338621827e-08,1.2469248198973476e-08
6.325e-07,-58.44708038953443,2.600982796931974,-175.18579840880236,-0.08222982923180924,-57.77636112620448,2.5901324918995083,-174.71624671810537,-0.08182735685992253,-60.55002179484888,1.0099838788612047e-08,1.2684527913996077e-08
6.350000000000001e-07,-65.25144108605564,2.413600804859413,-183.52805490154788,-0.07469930101941391,-66.7203412683971,2.3803370786454328,-180.59827681247165,-0.07714882627138459,-83.65303578119979,1.014295170329898e-08,1.2851406469866562e-08
6.375e-07,-74.41247586325672,2.1594119035393247,-183.11571346892796,-0.0720785459177864,-73.73788324387564,2.1389972317504324,-186.11491527671524,-0.07248054106321504,-102.97512305333957,1.018458954338849e-08,1.2964301961819624e-08
6.4e-07,-78.67490521037956,1.9008286218471928,-191.2303182815074,-0.0648629864254229,-78.67875387683851,1.8730664793769396,-191.27104086369997,-0.06786600203149042,-117.6429692687673,1.022434773756873e-08,1.302164364669317e-08
6.425e-07,-81.46498633592773,1.5936728034266339,-194.47356866318572,-0.05995340049981332,-81.26205303911352,1.5900741255682458,-196.07476464348218,-0.0633467997209588,-126.99362118163931,1.0261900139008988e-08,1.3025523440846831e-08
6.45e-07,-80.22387278126341,1.3087352356461301,-201.81127943745014,-0.060366220462528805,-81.09920272925153,1.298587550290673,-200.53727619109998,-0.05896190341468693,-130.60445061973743,1.029700581594671e-08,1.2981197340000255e-08
6.475e-07,-78.05686582719025,0.9802828358628273,-204.74847692143135,-0.054533338272958164,-77.76009698880165,1.008579877519054,-204.6726643095359,-0.054747428772017444,-128.3122563154035,1.0329520940624651e-08,1.289642228038699e-08
6.5e-07,-71.77031105802716,0.7241808757396624,-210.50195982489618,-0.05189176534267098,-70.87073798486759,0.7315514577432339,-208.49771406395325,-0.050736793626708146,-120.22064023117798,1.0359414716101266e-08,1.2780587148104365e-08
6.525e-07,-59.50069615313146,0.4610543822699241,-210.10061243850723,-0.04583930940786274,-60.223967898575076,0.48029738648141607,-212.03168210397288,-0.0469611219983009,-106.69532498702713,1.0386786600138995e-08,1.2643632390676608e-08
6.55e-07,-45.44145920484228,0.22872164076065019,-218.72129458393624,-0.04273508692910661,-45.881520210784224,0.268280210658069,-215.2960524333326,-0.04344972679338553,-88.34762403077923,1.0411880892987119e-08,1.249484643430993e-08
6.575000000000001e-07,-27.568279772788493,0.07618077453078216,-218.20226348642944,-0.037780074998338437,-28.2462100594098,0.10864493096337668,-218.31427494915755,-0.04023049853608708,-66.0068116624266,1.043509430777864e-08,1.2341744585537627e-08
6.6e-07,-7.622064798688547,0.02670307194023238,-224.69998949653407,-0.04087948621713741,-8.0875981974152,0.012988122273356162,-221.1114892148649,-0.03733005262283902,-40.68264172427864,1.0456972559889178e-08,1.2189320320875777e-08
6.625e-07,13.5852249412424,0.02569582442462301,-229.43333645074154,-0.034714304736437177,13.487873129163393,-0.009949376110265945,-223.71423605022358,-0.034773537699814075,-13.519709026793496,1.047819325789727e-08,1.2039950681907153e-08
6.65e-07,34.11340862852154,0.01278266740220893,-222.60200295954556,-0.031916389237939616,35.12180172431618,0.04453287731531911,-226.1501596182555,-0.03258407479725603,14.254283730262635,1.0499755095496602e-08,1.1894104580217947e-08
6.675e-07,56.27663291625223,0.1873706753759054,-231.0092710704164,-0.032362448537845825,55.333725537691144,0.1762275943846619,-228.44770276074155,-0.03078186955623507,41.38401532399831,1.0522049452956554e-08,1.1751764170768748e-08
6.7e-07,72.53337970314088,0.384470654072485,-229.32946368912908,-0.028716806570423147,72.67788527286389,0.3796260161707101,-230.63579838141936,-0.029383105750461175,66.64328366892951,1.0546131805322713e-08,1.1614199957794742e-08
6.725e-07,85.42711055278247,0.6084293918817432,-232.54777448557198,-0.02960748729993813,85.90370384420929,0.6440876140055167,-232.74355969823486,-0.02839877587156729,88.89042735880635,1.0572778807351834e-08,1.1485547361926801e-08
6.75e-07,94.45527501911778,0.9646958168301112,-237.991886686118,-0.028587135646375043,94.09572428207707,0.9545797340791764,-234.79997218303947,-0.027833625440184955,107.11992616227953,1.0602652549304086e-08,1.1373611005053532e-08
6.775e-07,96.81687244203161,1.3034556412157592,-238.18570766687614,-0.027805294679260503,96.77177100166269,1.2929075102159795,-236.83358997900564,-0.02768537818102712,120.50784824747907,1.0636251936881427e-08,1.1289508601935443e-08
6.800000000000001e-07,94.87857234759616,1.6301651325523603,-243.783102223196,-0.030399764354702354,93.92474761525519,1.6392800599394144,-238.87223953306759,-0.02794437083498221,128.44909002447488,1.0673877734191545e-08,1.1246111138467481e-08
6.825e-07,85.14288845541572,1.9773700369122076,-242.14120507652416,-0.027944336577455046,86.00260634322468,1.9740092172441395,-240.9427331034058,-0.028593665806837934,130.58472544954057,1.0715614985852496e-08,1.1255621621385102e-08
6.85e-07,73.76195875976214,2.272683781450659,-241.76927478873844,-0.02907919504359284,73.83103212136689,2.2791202686811194,-243.07059470110457,-0.02960963759827471,126.81822866494694,1.0761334269000019e-08,1.1326919639330278e-08
6.875e-07,56.43101930154904,2.56757251005213,-239.10497452140422,-0.03301539732837977,58.49253696417637,2.5396730360013318,-245.2798009015934,-0.030962957622421714,117.31983674791289,1.0810710777113036e-08,1.1463378654947939e-08
6.900000000000001e-07,41.838857758702176,2.7745212526262306,-247.71859405464974,-0.033957896014482,41.18237017828018,2.7446426722776214,-247.59253881646848,-0.03261984392040999,102.51885538239507,1.086325800124389e-08,1.1661713561401119e-08
6.925e-07,22.88502424955505,2.8488458242333223,-245.53795561640644,-0.03646279006851259,23.064767105509603,2.8872836227067715,-250.02898335111337,-0.034543407501762935,83.084255219833,1.0918371106921936e-08,1.191210188840916e-08
6.95e-07,6.1906943137919335,2.970303468965874,-256.0511821226271,-0.03531734341733051,5.152072457624586,2.964984312400879,-252.60709568973652,-0.03669492135686902,59.89443592915072,1.0975374261903197e-08,1.2199463957607693e-08
6.975e-07,-11.394560573998541,2.9727297570301388,-252.4940900271004,-0.03687979351414715,-11.775597801554827,2.9786996005952524,-255.3424447486645,-0.03903486230855444,33.997524532099526,1.1033566261311885e-08,1.2505509217287104e-08
7e-07,-26.91218277850696,2.9084725198286434,-254.92915396957306,-0.04372438390236792,-27.200343382276145,2.9321091996845174,-258.24805312284184,-0.04152362516257492,6.564002448776933,1.1092259769969406e-08,1.2811036048026369e-08
7.025e-07,-40.91957214756288,2.7855181686081107,-260.46004266015996,-0.042923676462501434,-40.84570251855373,2.8306828132791764,-261.33426882142027,-0.04412187401793917,-21.16619759702617,1.1150811152441932e-08,1.309801963177359e-08
7.05e-07,-52.769787652971075,2.6528986844774196,-261.8504020142075,-0.046979828026803394,-52.61394781562999,2.6808316232540443,-264.6086638481706,-0.04679056522451619,-47.93973371323413,1.1208639871281355e-08,1.3351186044666307e-08
7.075e-07,-62.1207119352037,2.498597518998204,-267.08940448930736,-0.05140294634190109,-62.4977309615379,2.489291956919465,-268.075960433387,-0.04949073775979848,-72.54650303878331,1.1265238428863493e-08,1.3558970807085194e-08
7.1e-07,-71.96639181086749,2.293595423487769,-273.11926283300596,-0.05312144550770835,-70.48665263679784,2.2628273634799885,-271.73798546822803,-0.052183208737839146,-93.87433563716691,1.132017544554283e-08,1.3713923715835839e-08
7.125000000000001e-07,-74.78410368790264,1.9943667665559228,-279.7603617090592,-0.05971592411436657,-76.48974026370107,2.0082613956774176,-275.59365343236107,-0.05482832689615137,-110.9592620448227,1.1373095420655788e-08,1.3812706780028422e-08
7.15e-07,-81.17528625003854,1.726268425641646,-282.5547483083653,-0.0561047310691995,-80.2912783921815,1.732779112559116,-279.63897784369095,-0.057385922634746775,-123.02908249563377,1.1423718854993464e-08,1.3855833691885689e-08
7.175e-07,-83.08854276913377,1.4550828116211256,-282.14283336891685,-0.06241654112027607,-81.55061828886136,1.444374655581593,-283.86711099722527,-0.05981555223883122,-129.5382685918329,1.1471845720904848e-08,1.3847242312507862e-08
7.2e-07,-80.64402136059208,1.1381444002171839,-284.8864988194305,-0.059252580134186,-79.84775213721349,1.1522866171415067,-288.268411501101,-0.06207707386927764,-130.1926199452445,1.1517363901318928e-08,1.379371658180341e-08
7.225e-07,-74.67391903784302,0.8871158509610444,-290.4086658168668,-0.06420972179118242,-74.7671978019263,0.8672591178794119,-292.8305388638163,-0.06413152478860187,-124.96256136484901,1.1560262460310706e-08,1.370412294123758e-08
7.25e-07,-68.03335089648081,0.5445508412721678,-296.88292009787153,-0.07050912511713553,-66.00480176382615,0.6014954869609809,-297.53857414003727,-0.06594220562427594,-114.08447958806495,1.1600647809120028e-08,1.3588429691062984e-08
7.275e-07,-54.547113919291725,0.3562733830272394,-306.75327750019403,-0.0654058447244949,-53.47689884115034,0.36822811663587485,-302.37516540521773,-0.06747583000507065,-98.05003913854205,1.1638759356606706e-08,1.3456544976817132e-08
7.3e-07,-39.14627720642035,0.18577430792126737,-306.81704741544047,-0.07315549207688045,-37.40984009614506,0.1809022295716116,-307.3206966037826,-0.06870357550324854,-77.58396020936034,1.1674980388989992e-08,1.3317120775180184e-08
7.325e-07,-20.341172596730765,0.06920040787028349,-310.0370480641688,-0.06952894810312195,-18.3905154616003,0.05204944625873098,-312.35347810382353,-0.06960187885242679,-53.61126296070667,1.170983990369348e-08,1.317657893524308e-08
7.350000000000001e-07,2.645626211705342,-0.02712111131332512,-317.15924815909773,-0.07137798414036968,2.6352719330358374,-0.008005211710048992,-317.44995709501444,-0.07015285398046624,-27.215458715183917,1.1744001969361562e-08,1.3038659633994027e-08
7.375e-07,23.776181230043722,0.04313811974718247,-322.7301803477462,-0.07104068055481214,24.420957159917553,0.007585435645922048,-322.5849457875429,-0.07034426945483255,0.4104222864875835,1.1778418462623626e-08,1.2904723106946795e-08
7.4e-07,45.66652389162324,0.13373655337598725,-329.8268349746308,-0.07449353639828665,45.52850900354082,0.10114251152586667,-327.73186520986195,-0.07016909237437007,28.017753135463813,1.1813579139526978e-08,1.2774843495384471e-08
7.425e-07,63.78235360760485,0.29358864228855674,-339.76322349526066,-0.06988860116677335,64.47446432003329,0.2698153196842939,-332.86300226340336,-0.06962467617038873,54.358745347560216,1.1850527849778895e-08,1.2649467267641154e-08
7.450000000000001e-07,80.03470497009569,0.48602008657011253,-346.0965682257311,-0.06979534862216064,79.89161532810833,0.5054638977305099,-337.9497775743434,-0.06871172775639628,78.24284606114615,1.1890093554604544e-08,1.2531163727321811e-08
7.475e-07,90.37909612535773,0.7576074277315545,-335.28125568411116,-0.06683820659657765,90.68212555160046,0.795119218873218,-342.963021587066,-0.06743322469279416,98.5905483152388,1.193300944186535e-08,1.2425879070594466e-08
7.5e-07,94.7162699900648,1.0968530903778149,-350.76668900861154,-0.06516137666312803,96.13883042314603,1.1219837446695542,-347.87325627201375,-0.06579345920449306,114.4821823057873,1.1979859362254502e-08,1.2343188448438868e-08
7.525e-07,95.9574052432277,1.4604312796709664,-353.3973936370901,-0.06174833816425219,96.01642721724551,1.466853036046736,-352.6509797727575,-0.06379736182450298,125.19948236644487,1.2031035479513294e-08,1.2295317108139348e-08
7.55e-07,90.03506575902033,1.7776641440099636,-357.79142341294744,-0.05806704363761989,90.5423248138316,1.809775766206953,-357.26695129378027,-0.061450207281954536,130.2580509409825,1.2086711793987621e-08,1.2295084578777564e-08
7.575000000000001e-07,80.20631737799114,2.1792399934809596,-361.961677991535,-0.059812106061993296,80.36670533554238,2.131735535293009,-361.69247353184534,-0.05875773776198069,129.42925224971157,1.2146836165545726e-08,1.2353277728201346e-08
7.6e-07,65.48742667085507,2.410961023353412,-361.47736587384895,-0.05585995185705898,66.46114390676837,2.416139038389611,-365.89966997986556,-0.05572666563773673,122.75054610605397,1.2211141054409616e-08,1.2476149216072015e-08
7.625e-07,49.42661439782102,2.6252521765408243,-372.1343482609175,-0.05110394545125152,49.983237386850476,2.649930951509088,-369.86175448268665,-0.05236545196644893,110.52379481828237,1.2279170806765125e-08,1.266369980992885e-08
7.65e-07,32.72564293629533,2.7700432952086267,-377.26499408925804,-0.04552904306117593,32.1297085409064,2.8242199189452735,-373.55329049862723,-0.048685209896920274,93.30161970061724,1.2350321320758433e-08,1.290915832925555e-08
7.675000000000001e-07,13.308704891014662,2.9297953661210783,-377.33328420305725,-0.04625520616932189,14.001530118295552,2.9343809287988796,-376.9504376183394,-0.044700561763369895,71.86242384830756,1.242388665018628e-08,1.3199720170395946e-08
7.7e-07,-2.532000995366841,3.0396482574678574,-375.97521914704316,-0.04268394251165944,-3.4983945972217976,2.979682983415424,-380.03118301264055,-0.0404302883776212,47.17521009038918,1.2499106724342355e-08,1.3518273858846688e-08
7.725e-07,-19.69886308998784,2.983894120088354,-379.6260276700453,-0.038895610337303696,-19.720975521165784,2.962562811864428,-382.7755556223303,-0.0358976468672502,20.355784268514597,1.2575210912124884e-08,1.3845640702392165e-08
7.75e-07,-33.573883817528774,2.9059217204758925,-384.65227019813483,-0.030183981980453696,-34.27491477218439,2.8877131792184736,-385.1658210643635,-0.031130292354242917,-7.383676646059223,1.2651453504761168e-08,1.4162819716661798e-08
7.775e-07,-46.104780106483325,2.7311166402770173,-392.998663387843,-0.0267626760579682,-46.9832738670691,2.7611702755747634,-387.18665540862736,-0.02615980812557777,-34.78941219108345,1.2727139066664727e-08,1.4452844649354521e-08
7.8e-07,-59.88211529870666,2.557945255703207,-389.99800145528206,-0.022159448716859716,-57.8055169978674,2.589566647323068,-388.82529617632593,-0.02102091622017144,-60.622745531014516,1.2801637653562648e-08,1.4702052106042483e-08
7.825e-07,-68.2611452170146,2.400828996221529,-388.6938745448426,-0.01526607635899565,-66.74391795707623,2.37966820713904,-390.07166912284106,-0.015750493498169447,-83.71606882915222,1.2874391744145321e-08,1.490074911091324e-08
7.85e-07,-73.73291923245786,2.1449904985804915,-394.49980781211934,-0.010262680793323754,-73.7556179739804,2.1382454229845185,-390.9184895929675,-0.010386547822882584,-103.02561646285854,1.2944918044465962e-08,1.504339549285115e-08
7.875e-07,-79.63072332554086,1.8611391202391807,-392.4929354374062,-0.004121826984471957,-78.69001036854446,1.8722528709516724,-391.361337472594,-0.004967309815740611,-117.67864085272977,1.3012807876202026e-08,1.5128458119537636e-08
7.900000000000001e-07,-78.94471104597274,1.549527810699315,-394.9380467325824,0.0026669655477802165,-81.26582072157015,1.589222243203987,-391.3987050060593,0.0004694322117732283,-127.01285866568487,1.30777295686306e-08,1.5158061814991807e-08
7.925e-07,-80.56803806890329,1.3169465276061698,-393.22133848079176,0.006246906230556664,-81.09423211240467,1.2977246124888424,-391.03201700034566,0.005886677851676041,-130.6063845133972,1.3139435216523162e-08,1.5137490301860774e-08
7.95e-07,-77.43993601511384,0.97034495548408,-388.4038130228069,0.009870612547253904,-77.74514904229173,1.0077375824555792,-390.26562319368486,0.011248229700513163,-128.29679921108786,1.3197772562865264e-08,1.5074522531293387e-08
7.975e-07,-69.87713033910879,0.7147199167645418,-394.2937749023799,0.017938118043874532,-70.84490177128812,0.7307658562747558,-389.1067628247333,0.016518434191896008,-120.18849075480193,1.3252700940174007e-08,1.4978563114085644e-08
8e-07,-59.82299018561714,0.5097435513192985,-378.63545190484433,0.017612809615165696,-60.18698533859559,0.4796076136142972,-387.56550169685664,0.021661761207538977,-106.64793622170865,1.3304308524562358e-08,1.4859561505668169e-08
8.025e-07,-46.52548087412043,0.22680243451735277,-381.81756621655285,0.023863045732569185,-45.83405260982779,0.2677260683072007,-385.65464228793553,0.026642371394195202,-88.28713784079089,1.335282696592798e-08,1.4726808481065631e-08
8.05e-07,-27.066968828443706,0.1100101558330654,-381.82424128960145,0.033713823477186794,-28.189988793389176,0.1082635471599293,-383.3896077071096,0.03142382828421991,-65.93596188581331,1.3398639011750038e-08,1.4587815903804752e-08
8.075e-07,-8.026117687500996,0.034792099559076264,-374.98937303322145,0.03561650852018425,-8.025420469388786,0.012810113417780124,-380.7883005437674,0.03596909099198115,-40.604630609595745,1.3442275161951436e-08,1.4447569825902602e-08
8.1e-07,12.799951815988186,0.015841710114970105,-379.5841561347864,0.040258380532354324,13.552316498911619,-0.009903680460121796,-377.8709378886237,0.04024087596658907,-13.438062498769897,1.3484396640590758e-08,1.4308438428602475e-08
8.125000000000001e-07,34.967831171113694,0.02567325677558149,-380.20989262594236,0.041697536356445845,35.18425050772241,0.04480920560223976,-374.65986402979564,0.04420241125204579,14.33587543449579,1.3525983673887048e-08,1.4170883031400174e-08
8.15e-07,54.34624589261912,0.14196964253624944,-368.7152166183727,0.050327297199736144,55.38978352068897,0.17672616131155836,-371.1793425363399,0.04781853540207977,41.461864445216676,1.3567411274525428e-08,1.4034881525138532e-08
8.175e-07,72.2134052159971,0.4332476794549599,-362.88825005368716,0.052740421724788204,72.72350024493316,0.38032275295546225,-367.45532963585623,0.051057028285565985,66.71387160413826,1.3609714713240926e-08,1.3901704151824114e-08
8.2e-07,86.81643236823689,0.6802412494031226,-363.7038351073316,0.05445018507340068,85.93562218109052,0.6449441392581631,-363.5152309697208,0.05389001409312433,88.95056369408573,1.3653650846989213e-08,1.37754890031764e-08
8.225000000000001e-07,94.02042290973078,0.9465446399192801,-359.2408370137538,0.05564438860415969,94.11185105759702,0.9555463202121889,-359.3876439676524,0.05629525638420831,107.16689287222447,1.3699861570767186e-08,1.3664043734520378e-08
8.25e-07,96.13055784361283,1.302463363074755,-353.0369758018718,0.05553918673131318,96.77138126920246,1.2939272998557159,-355.10208822121837,0.05825717481543574,120.53952254375568,1.3748825434401421e-08,1.3578486204845533e-08
8.275e-07,92.91180525646213,1.597702758136391,-353.65243056372753,0.06151001611536068,93.90851846818623,1.6402939898407127,-350.6887263522446,0.05976745173831851,128.46404030102372,1.3800822941174762e-08,1.3531681864709756e-08
8.3e-07,86.10042558019397,1.954975657897963,-345.5447547270546,0.06151600400886144,85.97246843135508,1.974961006369135,-346.17807796587533,0.06082515755946164,130.58227598790825,1.3855919235784517e-08,1.3535821226154217e-08
8.325e-07,73.90511821296607,2.274652286236857,-342.4596030919508,0.059919622736622914,73.78986840542822,2.2799608305552588,-341.60072934831527,0.06143639611791406,126.7984901752213,1.3913965622653268e-08,1.3599765220465794e-08
8.35e-07,58.34273701037884,2.5529394774885197,-340.30020374826427,0.062097627282795664,58.4437805732771,2.5403637819130123,-336.98704161545066,0.06161354281333436,117.2837013648782,1.3974618906832871e-08,1.3726865243082673e-08
8.375e-07,41.26932136988886,2.6991802998176424,-321.67125923285823,0.05782140847375659,41.12956813700748,2.7451573621535768,-332.36686004012404,0.06137420646019259,102.46795634307442,1.403737531464842e-08,1.391381467939277e-08
8.4e-07,22.647488673221638,2.8732281174448095,-332.0644055125546,0.06547874270695941,23.011179895870104,2.887608660926053,-327.7692272825934,0.06074008086940515,83.02089304489155,1.4101614086100415e-08,1.4150774234287943e-08
8.425e-07,4.733053129015055,2.986790425157811,-325.90433019197246,0.05975489312987205,5.100370435821837,2.965117634294615,-323.22210322067764,0.05973585813551989,59.82147444460057,1.4166644990715895e-08,1.4422655369311656e-08
8.450000000000001e-07,-10.879945502825983,2.9389341358154355,-317.5508799655259,0.052924634671957724,-11.823499488781612,2.978648508835107,-318.75209402342693,0.05838835186889318,33.9182614308853,1.4231754112790734e-08,1.4711168464868947e-08
8.475e-07,-27.15656867232236,2.902928161347078,-311.95633864111613,0.05715726658233063,-27.243295985780946,2.931887651771945,-314.38419303538035,0.05672592976358213,6.482020242569285,1.4296243227723922e-08,1.4997122901423826e-08
8.5e-07,-41.081948678417525,2.8498345745921574,-311.561459370417,0.05595800956751781,-40.88319394633356,2.8303087085925003,-310.1415359381579,0.054778289970152376,-21.24719349920295,1.4359459743614483e-08,1.526251399617845e-08
8.525e-07,-50.24334753864203,2.673918500688559,-308.7511843352551,0.05265929281342846,-52.64587029936623,2.6803245844449575,-306.04517253323763,0.05257654658919129,-48.01608248105552,1.4420816192935638e-08,1.5492095529775497e-08
8.55e-07,-60.29140327049923,2.474021768375113,-301.054689040493,0.04978634124833111,-62.524102297418246,2.4886719578967167,-302.1138573452631,0.050153528734210126,-72.61475388181441,1.447980025362753e-08,1.5674336660016192e-08
8.575e-07,-71.23976117786901,2.235654512124847,-295.2577464285465,0.04882408794035237,-70.50735429822552,2.2621143527059715,-298.3638610804782,0.04754415598297018,-93.93140377272864,1.4535977894893055e-08,1.5801825423071727e-08
8.6e-07,-75.06522494126236,1.9675726025197795,-292.99053784460995,0.040743711269697454,-76.50433089067046,2.007475837769551,-294.8088047912675,0.04478573807020411,-111.00256812314802,1.458899319476096e-08,1.5871265763444628e-08
8.625e-07,-80.06657498704621,1.7362471065895082,-290.48650685365794,0.040827602248504534,-80.29892538316071,1.7319431657428,-291.4595183969572,0.04191806094675517,-123.05666918060463,1.4638568506304164e-08,1.5883216423521407e-08
8.65e-07,-81.24370913779624,1.4049624941110843,-290.1610522189282,0.03742271141025562,-81.55016638064035,1.4435135559755448,-288.3239249947634,0.03898316211121196,-129.548889028112,1.4684507954913352e-08,1.584166295594709e-08
8.675000000000001e-07,-79.77967322473836,1.1049952196503352,-287.18871568529494,0.03251970915461861,-79.83792034114526,1.151429780854055,-285.4069521649777,0.036024757874208856,-130.18579411329742,1.4726705882788438e-08,1.5753439062783554e-08
8.7e-07,-74.37960027784654,0.8519818299703925,-283.7461256002386,0.03577375012775276,-74.74686992689679,0.8664405102233098,-282.7104712331994,0.03308735296001408,-124.93859777673539,1.4765160097749106e-08,1.5627462269369378e-08
8.725e-07,-66.71816519984834,0.6259509244864185,-281.2936640361998,0.03027163049554516,-65.97335581367331,0.6007529384496373,-280.23326520180126,0.03021512613356153,-114.04446134339479,1.4799987985445126e-08,1.547375246222535e-08
8.75e-07,-53.98809213237584,0.343338084055846,-280.7055902083743,0.027507641415724673,-53.434510537086695,0.3676014645348926,-277.97102580509016,0.02745073268543824,-97.99577497084177,1.483144207083731e-08,1.530226926873022e-08
8.775000000000001e-07,-37.39324313841507,0.17025760930658246,-276.17769145407846,0.022728202904317964,-37.357697576723524,0.180430395564446,-275.9163798800752,0.024834186811938965,-77.5179027354337,1.4859920773157685e-08,1.512171600466606e-08
8.8e-07,-19.235004336420644,-0.013968856506038595,-279.4825546629608,0.023843662026856213,-18.33089565942451,0.0517667828254006,-274.05894497975163,0.022401979859800483,-53.53639782794075,1.4885970081357604e-08,1.4938566503943922e-08
8.825e-07,2.8908686857219665,0.019249974279708225,-276.60584846350616,0.021689655011256283,2.699091941073722,-0.008072802436631953,-272.38541389069854,0.02018655499279712,-27.13516965709174,1.4910272727004702e-08,1.4756615171630636e-08
8.85e-07,24.551767694998087,0.01921313497790521,-268.197384153953,0.020801222340881626,24.484952371494536,0.0077468523777706405,-270.8796674539522,0.018216201117227854,0.49250638732247853,1.4933802212445134e-08,1.4577280729331598e-08
8.875e-07,44.4358287697835,0.05904535089939366,-268.9376720112093,0.021389638047454945,45.58829227101387,0.10153232852353165,-269.5229148299111,0.016515358955599566,28.097922264614763,1.495706665719592e-08,1.4400701784171117e-08
8.900000000000001e-07,64.23289264148927,0.2983670062401775,-267.6236991246939,0.01199375706615746,64.5257518159966,0.270417219702417,-268.2938600967701,0.015105262320594347,54.433376042960475,1.498113379155915e-08,1.4227395874451706e-08
8.925e-07,78.82794265484596,0.5522656879879666,-270.2555875908567,0.016667319750859645,79.93070290113404,0.506246358315615,-267.1688938299208,0.014004780302276582,78.30856518531687,1.5006855742421003e-08,1.406000892918038e-08
8.95e-07,90.26634465070813,0.8228119443552814,-263.5131975682404,0.009005410729272923,90.70630390338235,0.7960377089307916,-266.12230807908725,0.013231291478336125,98.64438551343133,1.503498943195781e-08,1.3904566542199944e-08
8.975e-07,96.63148822977239,1.12321309614923,-261.6886618678018,0.01213997360418086,96.14667605571329,1.1229843755115905,-265.12653294275475,0.012801415641792178,114.52170425924682,1.5066142804957105e-08,1.3770722077356057e-08
9.000000000000001e-07,95.57326971973743,1.4665985400057675,-264.2893668783403,0.011552587611522745,96.00792588229982,1.4678772090501,-264.15239273767133,0.012731453051935793,125.22290277287888,1.5100732279602616e-08,1.3670773717580147e-08
9.025e-07,90.4101374471676,1.8078428189554978,-264.4070767049775,0.010778321349154699,90.5188113186877,1.8107652116259743,-263.1693795766824,0.013037431677275954,130.26431125135463,1.5138956078517393e-08,1.361760558354535e-08
9.05e-07,81.05653929192064,2.092054524395014,-261.99856504850396,0.012608613180445212,80.33063330099306,2.1326370872241944,-262.14594200256283,0.013734730548460696,129.41806951224984,1.5180786062004992e-08,1.3622059607495224e-08
9.075e-07,66.77939999914776,2.3947021606605032,-260.44042122843507,0.016487755841559787,66.41572625470852,2.4169085473167895,-261.0497861803875,0.014837320378555077,122.72242575502534,1.522597827746849e-08,1.3690434928355259e-08
9.1e-07,49.58563874450067,2.6612873721001056,-259.65749471406616,0.015173513375949169,49.932018246132316,2.650535887758558,-259.8481870276074,0.016356728301083538,110.48000782951485,1.527410004795829e-08,1.3822772829613668e-08
9.125e-07,32.4083431643742,2.8016994349210025,-260.3033639439882,0.016265300080932,32.0761364840822,2.8246404407024635,-258.50830656057116,0.01830088050698577,93.24414514628569,1.5324569433233197e-08,1.4012340047005844e-08
9.15e-07,14.651224731722115,2.9608638130552762,-256.33504266168893,0.02216435064816676,13.948599668053335,2.9346094383159844,-256.99751665964925,0.020672996660682005,71.79385944738345,1.537670162083942e-08,1.4246370331995875e-08
9.175e-07,-5.02044909090904,2.9562709013463015,-259.27412135645017,0.02514877842461856,-3.5483807698619954,2.979722431097687,-255.2837234031303,0.02347069994677442,47.09865479765128,1.5429756428587592e-08,1.4507792893532829e-08
9.2e-07,-20.49081910690083,2.93094503925832,-254.8619399498299,0.026317059148414357,-19.766494644926183,2.962424189409887,-253.33569009316759,0.026685468498532518,20.27469820885523,1.5482981651986096e-08,1.477747244305666e-08
9.225000000000001e-07,-35.10723212066769,2.903270452887331,-250.04901895266704,0.028345115456806024,-34.315161155188584,2.887412739375704,-251.12335609554663,0.030302494818773864,-7.4656285674026295,1.553564833834068e-08,1.5036453166356207e-08
9.25e-07,-46.54040908357499,2.733493038947725,-251.2027748004633,0.031199972418152866,-47.017971578900884,2.7607270123401135,-248.61814863901415,0.034300950370740324,-34.8685259338917,1.5587075945319414e-08,1.5267813946117933e-08
9.275e-07,-57.55587018154631,2.6106827523243563,-242.97294418172362,0.04136512296910273,-57.83465651229448,2.5890004695705353,-245.79328476911564,0.03865458533467148,-60.69544533428029,1.5636647391196604e-08,1.5457934441224654e-08
9.3e-07,-65.54378549141109,2.4034816048899716,-245.54650322263936,0.04673496279308635,-66.76747796241551,2.3789990612380225,-242.62406072568487,0.043332540704185796,-83.77906882732722,1.5683815849796644e-08,1.5597160846670138e-08
9.325000000000001e-07,-72.705958411736,2.1115256730959464,-237.95441917048822,0.046481369941105126,-73.77333472747478,2.1374934000476693,-239.08812611154008,0.048300220962999026,-103.07606919949517,1.572810645395693e-08,1.56799869776909e-08
9.35e-07,-79.27342301978697,1.8439936985124632,-232.56564987177458,0.05323241328427904,-78.70124641903683,1.8714391135482784,-235.16574034190137,0.05352007580945908,-117.71426597902808,1.576911662054844e-08,1.570490770390062e-08
9.375e-07,-81.0186228491715,1.566103471338756,-237.2788831927534,0.05933729193014124,-81.26956453025785,1.5883702861679938,-230.84000900840573,0.05895216890138907,-127.03204600706533,1.5806518416143134e-08,1.5674069397077453e-08
9.4e-07,-80.67995392839914,1.3152924828796615,-224.03505129376072,0.06378316780477673,-81.08923380657586,1.2968616867423233,-226.09709795720818,0.06455446537030694,-130.60826684572467,1.584006532251945e-08,1.5592770508374897e-08
9.425e-07,-79.26493654598514,1.0397940480009644,-226.77797558402787,0.07296472785946889,-77.73017007279405,1.0068953997239058,-220.92642306605342,0.07028283873283782,-128.2812914572279,1.586960415646275e-08,1.5468797483444845e-08
9.450000000000001e-07,-71.55659447723495,0.705342509246939,-217.58878123387856,0.07690392920607435,-70.81903266172277,0.7299804789609524,-215.32081390879927,0.07609087018155705,-120.15629382991314,1.5895091072791176e-08,1.5311554738340894e-08
9.475e-07,-60.726505974377964,0.49965655223648525,-209.36349811743932,0.08339152307828751,-60.14997037388882,0.47891818277459497,-209.2766497159311,0.08192957712029483,-106.60050535347392,1.5916608900593766e-08,1.5130983549593545e-08
9.5e-07,-46.539125467581535,0.34278040961142237,-197.08755649616936,0.08661956725288858,-45.78655609921054,0.26717238324385717,-202.79396627418384,0.08774725309815985,-88.22661679644008,1.5934381873482376e-08,1.493635872910601e-08
9.525e-07,-27.199231279607464,0.12818929200514753,-191.1478798424716,0.09463586023179395,-28.133745345237177,0.10788272245056885,-195.87653265548735,0.09348962141089734,-65.8650860787265,1.5948783370921984e-08,1.4735169414357075e-08
9.55e-07,-7.920476709328762,0.006595893949757077,-189.3717673838619,0.10027609165115822,-7.963230257549397,0.012632740486697134,-188.53189692288456,0.09910049740896874,-40.52660346484774,1.5960332709961747e-08,1.4532374145096126e-08
9.575e-07,14.480998289009447,-0.014661986223379062,-183.17700472224,0.10655548412219351,13.616760431129652,-0.009857307477717347,-180.77140022663124,0.1045231219278852,-13.35641066561204,1.596967827693499e-08,1.433031152851229e-08
9.600000000000001e-07,34.421329634836695,0.048513971301173464,-172.31441043568245,0.11146829778862026,35.24668685397245,0.0450862095549981,-172.61015897502986,0.10970227466473131,14.417461479150518,1.5977784964338517e-08,1.41294141435652e-08
9.625e-07,56.731100125824106,0.13471181463604037,-165.40279894466155,0.11530202595427345,55.44581637030045,0.17722535568606435,-164.06701503932555,0.1145872056972771,41.53969719794581,1.5985014294899396e-08,1.3929634237925798e-08
9.65e-07,74.21483333887633,0.3811382123064696,-155.35721296392776,0.12001880899219863,72.76907910499303,0.38102002390641254,-155.1644542277684,0.11913533515342775,66.78443320176702,1.599238397239992e-08,1.373222039994212e-08
9.675e-07,86.20049247068863,0.6160724187624163,-139.29008143345447,0.12336815625123253,85.96749637755855,0.6458010668434363,-145.92849353836243,0.12331655623070463,89.01066491309263,1.6000633628999918e-08,1.3541292222764173e-08
9.7e-07,93.09039235208778,0.9776635514979652,-140.35330156668522,0.12674042886186007,94.1279294781916,0.956513149121064,-136.38853797039576,0.12711781550226361,107.21381727437627,1.601038758347915e-08,1.3364639699190293e-08
9.725e-07,96.78041087714554,1.2894874523688726,-124.92682134365616,0.13049412423559598,96.77094314737859,1.294947158778343,-126.57720793928013,0.13054740923398675,120.57114925293743,1.6022106830025432e-08,1.3213360881018503e-08
9.75e-07,93.19515633371357,1.6063113779184763,-116.92355061291667,0.13030240247645997,93.89224489811639,1.6413078165421604,-116.53013859514928,0.13363810419038208,128.47893986200393,1.6036054737216237e-08,1.3100296766154698e-08
9.775e-07,85.7815305392894,2.048367328716531,-107.63483434847444,0.13739085521522104,85.94229337935319,1.9759125349821718,-106.28575259084262,0.13644778280846606,130.57977497446137,1.605228015576021e-08,1.3037607795233975e-08
9.8e-07,74.04446593874756,2.2478087837017813,-103.0839341099823,0.13709589835690209,73.74867708061178,2.2808010013727538,-95.88500807718393,0.13905593041669073,126.77870162745961,1.6070619365827058e-08,1.3034120326493225e-08
9.825000000000001e-07,57.55062901041147,2.5126362880021182,-86.46196015654188,0.14104699074131094,58.39500708156059,2.541054040697806,-85.37112392078593,0.14155417315204805,117.24751968009522,1.6090715845932152e-08,1.3093149764294193e-08
9.85e-07,40.91230443661084,2.7115456908113456,-74.89770086023496,0.1459457011060401,41.07675921250305,2.745671506452884,-74.78928434008303,0.14402963666662852,102.41701685102622,1.611205461133618e-08,1.3211356392185748e-08
9.875e-07,22.78872255528507,2.868903018275369,-60.825494313472184,0.14649088610326536,22.957594666038116,2.8879331313960637,-64.1863253371106,0.14654155125056398,82.9574980946142,1.613400620683487e-08,1.3378875168720314e-08
9.9e-07,4.968265467451584,2.910459039215069,-57.64593889939992,0.15288459821685627,5.048677197202878,2.965250397484023,-53.610405464153416,0.14909439394731197,59.74848934347722,1.6155874601110843e-08,1.3580602792344634e-08
9.925e-07,-12.160299843286968,2.9921347117607375,-50.67138992166454,0.15219350041038554,-11.87138790896897,2.978596891169537,-43.110663604283815,0.15161425798626296,33.83898493927954,1.617694332680973e-08,1.3798248039134782e-08
9.95e-07,-27.92534853339894,2.960085000482094,-35.236799060430435,0.15699178647575934,-27.28623296928717,2.9316656262375784,-32.7368665618139,0.15393734550062338,6.400035477363628,1.6196515188635985e-08,1.4012632468436361e-08
9.975e-07,-39.675556855777955,2.8338233612750887,-23.68940929726943,0.1534615338220832,-40.92066897340166,2.8299341825643936,-22.539049351723083,0.1558182657518631,-21.328181013325146,1.6213942515841374e-08,1.4205776774895694e-08
1e-06,-53.11355616304735,2.7084705691861,-5.976652924708202,0.15789978526216003,-52.67777638936914,2.6798171831516404,-12.567151145373572,0.15696010621430265,-48.09241229288884,1.6228646946706523e-08,1.4362472092813319e-08
1.0025e-06,-63.79043706285793,2.443150155236321,-8.174870373936418,0.1560597846482988,-62.550457205783374,2.488051655231005,-2.8706498726587633,0.1570598413641625,-72.68297605768836,1.62401297266349e-08,1.4471235609641578e-08
1.0050000000000001e-06,-69.45870896137662,2.258980251563946,8.910004814103782,0.15340430600565602,-70.52803877072071,2.261401097453803,6.501801502215265,0.15585605622290435,-93.98843482566042,1.6247975115957917e-08,1.4524713060519194e-08
1.0075e-06,-77.39231025454481,2.019242463382635,18.278872646792166,0.15446280602459742,-76.5189024484421,2.0066900975919864,15.502734023055591,0.15316530418249552,-111.04583037941886,1.625385524055235e-08,1.4523828087807228e-08
1.01e-06,-80.80417219534667,1.7501316647648253,25.2584262059429,0.1485434162701525,-80.30655030405052,1.731107105922659,24.086214128695655,0.14889893689177386,-123.08420728475225,1.6258289004926802e-08,1.4470736312354286e-08
1.0125e-06,-81.67799478209652,1.3873271783594903,33.778029800854824,0.1465096464854597,-81.54968868405318,1.4426524235948763,32.208184471718674,0.14306017786094719,-129.55945832054124,1.6260982216372187e-08,1.4369138353318481e-08
1.015e-06,-79.11558862954064,1.1104683998494018,36.25654519497327,0.13904084075923387,-79.82805906324984,1.1505730053482126,39.8267913415029,0.1357271557530776,-130.17891688606053,1.6261723041623564e-08,1.422556973324964e-08
1.0175e-06,-74.85789307420262,0.8903648429064278,47.661740417543406,0.12449320863015982,-74.72650984638211,0.8656220698759132,46.9026959741484,0.12702962269240875,-124.914584864842,1.626039607922432e-08,1.404863780404251e-08
1.02e-06,-65.50229435920356,0.5737957002006677,48.52211079632786,0.11676172337923743,-65.94187687016951,0.6000106729929869,53.39936716523392,0.1171259020618138,-114.00439807577877,1.625699934347809e-08,1.3848041599406302e-08
1.0225e-06,-52.36544443261912,0.34108042432183583,62.06394611951423,0.10304255144201162,-53.39209118025949,0.3669752132852434,59.28335275702652,0.10618404456842696,-97.94147211596146,1.6251660734947244e-08,1.3633410856572908e-08
1.025e-06,-36.55056210171593,0.24531836607617674,67.65543352257981,0.09931474269811952,-37.30552912177369,0.17995907234158062,64.5245277483938,0.09436868745596141,-77.4518146586667,1.624464973257512e-08,1.3413112269856869e-08
1.0275000000000001e-06,-18.442222620060498,0.0018865585397321583,68.73769702304682,0.07996750763775312,-18.271258203274176,0.05148472085380731,69.0963169716887,0.08183340148684096,-53.461511559854515,1.623638002751653e-08,1.319327952763677e-08
1.03e-06,3.739611754479824,0.024769208168639506,69.30489406902822,0.06537199657451337,2.7629186686491085,-0.008139731485817541,72.97589049462735,0.06871745486382802,-27.05486988646523,1.6227399670879365e-08,1.2977367433965153e-08
1.0325e-06,25.13909927601063,0.06750747340827123,68.51112784503336,0.05748219190152895,24.54894167819459,0.0079089512971752,76.14433013479183,0.05514570151431018,0.5745902937236517,1.6218547575637575e-08,1.2766460169094189e-08
1.035e-06,44.78072872402974,0.07988832987608564,79.59072274462802,0.04303669475300094,45.648056606301246,0.10192280281584701,78.58676571784585,0.04123042986249743,28.178080301150988,1.62101924183821e-08,1.2560371087064737e-08
1.0375e-06,65.37204817529368,0.2638845539231619,80.59203013453288,0.030382697420509565,64.57700837458654,0.27101970567805433,80.29247996579478,0.027074266583535306,54.50798524892425,1.6203267559610735e-08,1.235930487690805e-08
1.04e-06,79.9096330700981,0.5004559103717338,78.70526639333168,0.014183959506952571,79.96974990279219,0.5070292911264344,81.25498116637044,0.012773491583629696,78.37425339450621,1.6198490894652277e-08,1.216560842772697e-08
1.0425e-06,90.70701317890405,0.8630332593048827,84.67461501545142,0.0007245653778591176,90.73043548898625,0.7969565238972622,81.47204304662392,-0.0015786642670807048,98.69818376838268,1.6196487751529375e-08,1.1985021716639115e-08
1.045e-06,96.01748900506594,1.1438501843059792,83.08158042109719,-0.016033932059390285,96.15447279205694,1.1239851628764612,80.94571155067746,-0.015889004261641075,114.56118100135116,1.6197738120570683e-08,1.1826924276566656e-08
1.0475e-06,97.91250401441975,1.4832360059008667,81.46904367181214,-0.028751799724971796,95.99937767896635,1.46890136373015,79.68227850092086,-0.03006177883359017,125.24627374329297,1.6202535086941427e-08,1.170335037517307e-08
1.0500000000000001e-06,90.66497681730044,1.8033193275672117,78.62413861246645,-0.041935400577858925,90.49525669788216,1.8117544722068692,77.69222240131599,-0.04399658384358081,130.27052013543948,1.6210959109697922e-08,1.1626929170893277e-08
1.0525e-06,80.87276196012623,2.1260532808825814,68.23909641708723,-0.0550392235594027,80.2945287021234,2.1335383092073137,74.99011691846269,-0.05758674672615408,129.40683568258385,1.622287075487579e-08,1.1608257368978282e-08
1.055e-06,66.0986774997178,2.425252788359601,73.45613729649928,-0.06760806984320002,66.37028622304788,2.417677612364219,71.59450784826794,-0.0707181898959008,122.69425695512594,1.6237922082078235e-08,1.1653401364924323e-08
1.0575e-06,48.40012380072746,2.6177701645183005,69.15486768801442,-0.08205455016732241,49.88078723821364,2.651140302831656,67.52775964111946,-0.0832688044337102,110.43617722498891,1.6255584494159253e-08,1.1762186432607143e-08
1.06e-06,32.32877459231674,2.7693178499273685,62.9920685637827,-0.0906113072151371,32.02256221186372,2.825060401460328,62.81587281403584,-0.0951084806918319,93.18663378064362,1.6275188872304694e-08,1.1927684829869715e-08
1.0625e-06,13.885311624384578,2.922005754705961,54.70485467281672,-0.11034355546743793,13.89567489394867,2.9348373811416413,57.488273822200924,-0.10610012560773212,71.72526670338065,1.629597254601932e-08,1.2136961627162867e-08
1.065e-06,-3.9381983735080994,2.966272297573575,58.5527249869302,-0.11719442261380669,-3.598355622673296,2.9797613340731353,51.57757919242252,-0.11610221910594352,47.02208091111036,1.6317127274861457e-08,1.2372806046830232e-08
1.0675e-06,-20.82614438129741,2.999064725783145,49.326666994068574,-0.12527195991985196,-19.811999083041787,2.962285063836062,45.11933593542899,-0.12497364737536998,20.193604145066097,1.6337842974286614e-08,1.2615972680942943e-08
1.07e-06,-35.03247525796661,2.880453978186368,42.40234574414982,-0.13090980769096164,-34.35539137597182,2.8871118495408825,38.15174045066283,-0.13258156718858305,-7.547577541430402,1.6357343268880814e-08,1.2847425056468529e-08
1.0725000000000001e-06,-45.9279555259401,2.816923833124235,30.25612853395739,-0.14292481081308064,-47.05265284810538,2.760283357197522,30.7153383146539,-0.13881273156601656,-34.94762591115991,1.637491083420306e-08,1.3050189363773521e-08
1.075e-06,-57.89066666595947,2.5369287700066963,18.570781658677756,-0.1451625351944041,-57.863779669472905,2.5884339588936145,22.852707500649963,-0.14358789167976108,-60.76812117594713,1.638990253863057e-08,1.3210618553618086e-08
1.0775e-06,-66.78258984742162,2.377318742386403,13.451510816330007,-0.1472244012288619,-66.79102128221824,2.378329641202953,14.608127711558282,-0.14687756243907527,-83.84203575085408,1.6401756242105848e-08,1.3319056114590455e-08
1.08e-06,-72.60905421675318,2.1606284091022605,2.3207847083830284,-0.1508766030948905,-73.79103349881267,2.136741163214157,6.027238619336348,-0.14871585222551012,-103.12648124333208,1.640999241834131e-08,1.337001542733525e-08
1.0825e-06,-78.75787626509357,1.871776728132192,-2.433975137707369,-0.15096641497067265,-78.712462019413,1.8706252074635366,-2.8433101092606154,-0.14920784071398477,-117.74984463359844,1.6414214314648516e-08,1.3362031726310676e-08
1.085e-06,-81.2137690333467,1.590973955432262,-16.408969687440116,-0.14700064841273366,-81.2732844541152,1.5875182547880067,-11.956214058884575,-0.14852607408761648,-127.0511831982058,1.6414986783786808e-08,1.3299127286581663e-08
1.0875e-06,-81.88719439892219,1.2994548981967,-24.39899690999537,-0.14493024677618993,-81.08420780075107,1.2959987734135745,-21.263871605782704,-0.14689392472832086,-130.6100976159769,1.6414021378825398e-08,1.3190650078157642e-08
1.09e-06,-76.87301703632247,1.0460673417823092,-28.448834118636466,-0.1424500093240507,-77.7151600721532,1.0060533297169016,-30.71874076354061,-0.14455769088288759,-128.265733059946,1.6411256927282258e-08,1.3044500290869241e-08
1.0925000000000001e-06,-70.54436439589284,0.7604015827466569,-37.45750131252517,-0.1409405015316664,-70.79313065374741,0.7291953262109179,-40.27369236132913,-0.14175377440255965,-120.12404946922172,1.6406735832094212e-08,1.2870179442304599e-08
1.095e-06,-59.68029894554047,0.48414485139201907,-52.87888586474103,-0.13932392609671748,-60.11292301012215,0.4782290943638057,-49.88235662267028,-0.13867960398173634,-106.5530324010468,1.6400620950896303e-08,1.2677708009489068e-08
1.0975e-06,-47.36279505569713,0.22789911083810133,-58.374650536352426,-0.1356927181509506,-45.739030694028024,0.2666191558307777,-59.49946027911719,-0.1354756158086942,-88.16606092161823,1.639320988967844e-08,1.2476421362446016e-08
1.1e-06,-29.667510973545653,0.13707582693080705,-74.6034748714079,-0.13139565828377273,-28.077479739447305,0.1075024571249211,-69.08115144424934,-0.13222127380330528,-65.79418426914683,1.6384942330815334e-08,1.227385066289412e-08
1.1025e-06,-7.817987680057037,0.010503380325304427,-85.6762347005348,-0.12946363725269053,-7.901027594272794,0.012456003664086102,-78.5853095882962,-0.12894324920725495,-40.448560320838496,1.6376396440040996e-08,1.2074979039002748e-08
1.105e-06,13.937542746248177,-0.004015439217420499,-89.2833483433559,-0.12437526911448071,13.681204888415877,-0.009810257110072693,-87.97183809136448,-0.12563079238576697,-13.27475355955478,1.636827164913182e-08,1.188215413579814e-08
1.1075e-06,36.242186101035855,0.0014646454718435023,-96.95450222893382,-0.1202104304562258,35.309110724460304,0.04536388908192205,-97.20293701250571,-0.12225281596135444,14.499041832019781,1.6361574743555056e-08,1.1695804120374982e-08
1.11e-06,54.08183031488613,0.22852145761143156,-105.2310990016338,-0.11625688776977482,55.50182405094407,0.17772517727286716,-106.24335389122854,-0.11877259957158293,41.61751355146037,1.6356703912712782e-08,1.1515864898840086e-08
1.1125e-06,73.17146827122163,0.39514150394544867,-113.34361016846314,-0.11635711433395804,72.81462182449064,0.38171782866103815,-115.06061059598284,-0.11515809882296908,66.85496843395923,1.6354701838567155e-08,1.1343556993707463e-08
1.1150000000000001e-06,85.9529867990801,0.6859919709741766,-118.34230980190459,-0.1117963348282887,85.99932641525965,0.6466583963019609,-123.62520444881554,-0.11138762955039792,89.07073099209731,1.6356325496881265e-08,1.1182958751125057e-08
1.1175e-06,93.8952149691852,0.9595429505275039,-127.34804315890358,-0.10793561374800217,94.14395953756618,0.9574802202901354,-131.9107820849293,-0.1074517869654164,107.26069935021093,1.6362207810200316e-08,1.1041802865568407e-08
1.12e-06,96.92418951308873,1.2406537592903522,-140.15776891791583,-0.10636548539712078,96.7704566422284,1.2959670864574093,-139.89428474823774,-0.10335286622577419,120.60272836253894,1.637280964373303e-08,1.0931110585065619e-08
1.1225e-06,94.22813413047119,1.6126336994908044,-146.78177184507476,-0.0969213965458336,93.87592692209826,1.6423215395510995,-147.55606397700365,-0.09910299320294753,128.4937887015334,1.6388385574267928e-08,1.0863623706619789e-08
1.125e-06,85.98661974117456,1.9145394104083016,-152.54822088372262,-0.09608214114213272,85.912081212623,1.976863802662368,-154.8799668951168,-0.09472188643367688,130.5772224101873,1.6408967124349205e-08,1.0851379794291197e-08
1.1275e-06,73.67036858501103,2.289896619622009,-163.0292655951951,-0.09361681681752883,73.70745817712312,2.281640780811298,-161.85339059210312,-0.09023482449818834,126.75886302947386,1.643436488473471e-08,1.0903059553270085e-08
1.13e-06,57.49101283282725,2.5723410987424007,-168.58556988103956,-0.08150074854798596,58.34621652018868,2.5417438121449094,-168.46730534627704,-0.08567108373669641,117.21129170784997,1.6464188498997927e-08,1.1021812912411426e-08
1.1325e-06,40.702159586998306,2.723089639145594,-172.31418499012423,-0.0787257115082636,41.02394343335475,2.7461851050749226,-174.71624671810525,-0.0810628799317186,102.36603692636406,1.64978812509819e-08,1.120411912427321e-08
1.135e-06,21.841720662075605,2.9059834383153738,-180.9743093702893,-0.07869318391609863,22.904011439357888,2.88825703411247,-180.59827681247168,-0.0764447022369741,82.89407039403325,1.6534764334518626e-08,1.1439921077766037e-08
1.1375000000000001e-06,4.573553081187934,2.9780605252828054,-188.45310792111457,-0.0690858981619169,4.99699275842244,2.9653826020381597,-186.11491527671498,-0.07185286000771451,59.67548065459816,1.6574085049480906e-08,1.171391613428457e-08
1.14e-06,-11.403630602905581,2.978636382050567,-189.76416565533222,-0.06652382137379596,-11.91926305223863,2.978544747713789,-191.27104086369977,-0.06732505822581193,33.75969508857662,1.66150632676802e-08,1.2007608879550173e-08
1.1425e-06,-26.707644846295217,2.963704491407945,-196.24618623192683,-0.06377443937986904,-27.329154328527558,2.9314431232163516,-196.07476464348258,-0.06289985730220793,6.318048185523467,1.6656931492338323e-08,1.2301612788972417e-08
1.145e-06,-42.397156967968805,2.8318535471538144,-198.32315771927557,-0.058755535906775895,-40.95812759903548,2.829559235328092,-200.53727619110015,-0.058615939901619,-21.40916010742108,1.6698965490242875e-08,1.257773642752512e-08
1.1475e-06,-53.30117856077104,2.6975929879608094,-210.03132625418013,-0.050997173819948456,-52.70966608598873,2.6793094194924008,-204.6726643095359,-0.05451118332974048,-48.16872311860114,1.6740504487197276e-08,1.2820554060630103e-08
1.15e-06,-62.42054777092895,2.450844793733566,-204.48718668305426,-0.05005574460847865,-62.576795685736606,2.487431049021918,-208.497714063953,-0.050621605008990884,-72.75116953947752,1.6780961910573988e-08,1.3018360590597911e-08
1.1525e-06,-72.28717240994206,2.244685332816367,-218.1605700460785,-0.043331653447291237,-70.5487060504829,2.260687597809359,-212.03168210397283,-0.046980297910082444,-94.04542877344403,1.6819829275480287e-08,1.3163573758847822e-08
1.155e-06,-76.91902352179855,2.0205699638131445,-215.24894488896578,-0.04500697762004857,-76.53345492970907,2.0059041752287623,-215.29605243333262,-0.04361649429621552,-111.08904879655255,1.6856676758293894e-08,1.3252730782214541e-08
1.1575e-06,-81.37569251974922,1.7438115393842952,-218.398238165032,-0.04034606695429524,-80.31415314464486,1.7302709331959067,-218.31427494915744,-0.0405548869815478,-123.11169679720288,1.6891154126190745e-08,1.3286227541049293e-08
1.1600000000000001e-06,-82.29451553391091,1.3780006451404854,-218.78365673680184,-0.03702740752564871,-81.54918518773718,1.4417912585637789,-221.1114892148651,-0.03781530030635006,-129.5699764649484,1.6922994992357345e-08,1.3267891136856015e-08
1.1625e-06,-79.99952015168974,1.1525782592387865,-226.93555810099699,-0.034459390087719644,-79.81816829357767,1.1497162907839462,-223.71423605022372,-0.035412745922358456,-130.17198826624877,1.69520259972715e-08,1.320440160162626e-08
1.165e-06,-75.80842017210354,0.8937278573528588,-221.06469463086023,-0.03133854302377833,-74.70611755476038,0.864803797033986,-226.1501596182558,-0.03335783248177174,-124.89052263864824,1.6978180756283742e-08,1.3104527594419524e-08
1.1675e-06,-65.6842348577646,0.597558296281507,-228.15340537605948,-0.032588679732102756,-65.9103649347052,0.5992686908164976,-228.44770276074183,-0.03165743611013165,-113.96428980103003,1.7001516616857342e-08,1.2978144818927289e-08
1.17e-06,-53.89503306848859,0.3454521317087726,-228.10178110112395,-0.03195529348159893,-53.349640780977964,0.36634936312441574,-230.63579838141948,-0.03031549199110878,-97.88713059533906,1.702223079885036e-08,1.2835073693937238e-08
1.1725e-06,-36.399445635939365,0.20068666484876327,-237.01706590384742,-0.02587832344597445,-37.25333475120151,0.17948826012947286,-232.74355969823472,-0.029333745457643768,-77.38569600514988,1.704067165436259e-08,1.2683884701757778e-08
1.175e-06,-17.633276233059615,0.04521220318964605,-235.04942642687968,-0.027729230778051523,-18.21160312187512,0.05120326053362313,-234.7999721830395,-0.02871230811847702,-53.38660418601187,1.7057340772030897e-08,1.2530928230743044e-08
1.1775e-06,1.233978903094978,-0.0647342909506138,-237.0193404685698,-0.031137166753215467,2.826752080436533,-0.008205998729102836,-236.8335899790053,-0.028449899907431787,-26.974559435006373,1.7072882505982518e-08,1.237988920175871e-08
1.18e-06,24.454288461763127,-0.024368415843843604,-238.42384215661087,-0.025321915655386034,24.61292504149381,0.008071732452775532,-238.8722395330674,-0.028543715540709773,0.6566739732856766,1.7088241251153668e-08,1.223209614799499e-08
1.1825000000000001e-06,45.15656129478251,0.09453312559408032,-241.84946571029693,-0.031882994957125974,45.70780197178384,0.10231393436198101,-240.94273310340577,-0.028988923657023512,28.258227213429176,1.710389369599404e-08,1.208762144464859e-08
1.185e-06,62.88431715908943,0.2980275460567509,-250.51675382152004,-0.02809883816636758,64.62823396328511,0.2716227774823683,-243.07059470110468,-0.029777876576579362,54.58257293599869,1.7120891755715798e-08,1.1946942721690971e-08
1.1875e-06,80.66307476862427,0.48162103047039717,-243.15623201519776,-0.0315554086616209,80.00875630932204,0.5078126959588206,-245.2798009015932,-0.03089916576920787,78.43991066278151,1.714007567500268e-08,1.1812691237819383e-08
1.19e-06,90.58944431621964,0.7593699499652102,-245.59540410710974,-0.032007609012238515,90.75452029597007,0.7978756635155551,-247.59253881646845,-0.03233669253663256,98.75194305885415,1.716219750767452e-08,1.1690898488487366e-08
1.1925e-06,97.31453416344445,1.1095742017743873,-249.58915278503562,-0.03393892067263628,96.16222063213463,1.1249861064829734,-250.02898335111303,-0.03406892883957083,114.60061251651554,1.7187867431841453e-08,1.1591237181159513e-08
1.195e-06,95.80839208067748,1.4827141513324305,-250.58988180695272,-0.038390807726871694,95.990782619063,1.4699254998125828,-252.607095689736,-0.036068518496836184,125.26959526846277,1.7217511249847176e-08,1.1526030762013317e-08
1.1975e-06,90.04407385941657,1.7842861253953928,-258.1034947446547,-0.036505613644092084,90.47166097305636,1.812743547710621,-255.34244474866424,-0.038302318321918154,130.27667759078614,1.725134371991378e-08,1.1508188932974101e-08
1.2e-06,80.96605902063392,2.1329174681892886,-258.8452064614351,-0.040716353149366155,80.25839156722267,2.1344392010606517,-258.2480531228412,-0.03947365918404298,129.39555076514853,1.7289360328897403e-08,1.1548577549900492e-08
