time,v_coil,i_coil,v_bias,i_bias,v_coil_clean,i_coil_clean,v_bias_clean,i_bias_clean,v_coil_src,density_state,heating_state
0.0,26.689647551878124,-0.008223815239614463,-27.278353808988545,0.06643098189039191,26.62589175255167,0.010614920301303673,-27.93686346490122,0.06570076295071642,0.0,0.0,0.0
2.5e-09,55.420766941553715,0.1684869865063149,-23.922099755852223,0.06425667099501171,55.58833635636718,0.13016625670649898,-23.85681340408065,0.06489742836433281,34.99503291399568,5.787540988913456e-11,1.6549980744810544e-11
5e-09,82.34372062255723,0.38175823268361075,-21.46582304871539,0.06237669494035101,81.93914231935253,0.36615927932882436,-19.925663928745138,0.06305978887738224,68.40837003448455,1.0767162070548281e-10,3.077933451982806e-11
7.500000000000001e-09,104.23672166540406,0.735074486631152,-16.003691334652256,0.06063499645963394,103.95798894557694,0.7073143340490087,-16.15892535800681,0.060891062173213314,98.72980461582968,1.5031267871532388e-10,4.481561156250743e-11
1e-08,120.75435870706687,1.1741745671837833,-12.237994154053858,0.057077638352658035,120.23269280041139,1.1354963261112279,-12.571501057830812,0.05839048688207862,124.58887686597221,1.866945042898993e-10,6.373998790704979e-11
1.25e-08,130.25155690131564,1.6588214179571568,-9.888294363726196,0.05608509770164212,129.79756985625042,1.6270198046255517,-9.177589881494335,0.055562266973546666,144.8168156080838,2.1764940879079835e-10,9.604296666852533e-11
1.5000000000000002e-08,132.35551757311003,2.084389069762528,-5.557173176530516,0.05220332444385273,132.21821293927775,2.1544939348300995,-5.9905935482766335,0.052415707269223476,158.4993640761159,2.439170900520783e-10,1.530185195824108e-10
1.75e-08,127.86062326182868,2.7401811053484577,-2.3987860018259055,0.04945234611823214,127.61150069207028,2.68898553924025,-3.023029686390439,0.04896509596178168,165.0181022385879,2.6612479496221037e-10,2.47164749086778e-10
2e-08,118.11018800212172,3.1169812757308337,-1.254170577353733,0.04355094771674225,116.59986670708724,3.202237094442676,-0.286451219266155,0.04522935196134463,164.0783979756816,2.847782171743385e-10,3.8995251270494047e-10
2.25e-08,100.26930106628484,3.535198988494713,3.593747989462284,0.04189813458643124,100.20912580243719,3.6686767238019327,2.208627278294051,0.041231478320029796,155.72272378009148,3.0026337506813967e-10,5.895080190292579e-10
2.5e-08,79.61751300662395,4.081586424104863,5.845593793180258,0.03645416382229249,79.72771017005985,4.066998349373433,4.452795685410889,0.03699788051562969,140.3287370970772,3.220009972665567e-10,8.513890961177335e-10
2.75e-08,55.42974697483177,4.321894911306238,7.054338543764224,0.03262533501781389,56.55055130367811,4.381164729986958,6.437806395764481,0.03255761791465374,118.59221106797747,3.502910962265958e-10,1.1724097353825099e-09
3.0000000000000004e-08,32.47299626926705,4.537414014592276,6.6581488501622,0.02920550034498279,32.03216043959125,4.600780891277566,8.15662389424474,0.027941657235293106,91.49558716870621,3.8414930727069254e-10,1.5430154592364564e-09
3.25e-08,7.593517999827887,4.741303937041239,8.443939211984278,0.023663728908814807,7.370539866848652,4.7208838845307595,9.603465480684632,0.02318218844483845,60.26357109235538,4.2252860293774074e-10,1.948699496935518e-09
3.5e-08,-17.765849465685,4.776375037508989,9.376743947344227,0.01839450362777392,-16.463020424260208,4.741279938013507,10.773832845163792,0.018312047623258308,26.30777884089038,4.6434934880245025e-10,2.3717335665656652e-09
3.75e-08,-39.496312583881945,4.729799149003785,10.616784385838478,0.0122337366547078,-38.742217677733116,4.665617538641119,11.664534275166478,0.013364270340876968,-8.837065103465076,5.085259831027584e-10,2.7931735843218024e-09
4e-08,-60.05437355080967,4.444412510906814,10.78786976096027,0.008988948244952553,-58.955837353503526,4.500405588911346,12.273697352404733,0.008371776229682664,-43.58249382979665,5.539889916216712e-10,3.194785344999671e-09
4.2500000000000003e-08,-76.69179646920054,4.2385425111564805,10.967046996582646,0.002783073454158826,-76.74224371784527,4.254167042571941,12.60077207570492,0.003367164159490859,-76.35809308545626,5.997019019824824e-10,3.5606411426745726e-09
4.5e-08,-91.56583488886368,3.947826680772871,11.725853752513219,-0.0018801972719446607,-91.80706070319606,3.9368649732852936,12.646524425324692,-0.0016174190027251033,-105.68248042397637,6.446739762666377e-10,3.878268047643247e-09
4.75e-08,-103.87776331962466,3.6150148747409188,13.915368244641087,-0.00687846856895049,-103.84539971833993,3.5596607488035494,12.413020462741832,-0.006550382210245846,-130.23026031809775,6.87969964189301e-10,4.139335306500598e-09
5e-08,-112.65922101936907,3.1356572356476424,10.494085786510725,-0.010190805484786073,-112.48842942835924,3.1349779748041295,11.903601137655755,-0.011400813363711473,-148.89192901927746,7.28718572680788e-10,4.339926270207106e-09
5.25e-08,-116.9013474755226,2.626056111805634,10.782516348552992,-0.015751171123787454,-117.28871617311039,2.6767677156865446,11.12284805000535,-0.016138660626563623,-160.82402160044947,7.661211694786033e-10,4.480448714880777e-09
5.5e-08,-117.87141301359819,2.192804757810789,8.625156806173873,-0.02102717865944088,-117.7505977658669,2.200815226878853,10.076540488573348,-0.020734996051990345,-165.48723464990525,7.994617093027575e-10,4.565215998290352e-09
5.75e-08,-113.74717669422749,1.755425074310274,7.6419106693820495,-0.0245928834623801,-113.40240340694261,1.7249067965278988,8.771604138593649,-0.025162366641752996,-162.6708015573467,8.281180675685724e-10,4.6017098328956194e-09
6.000000000000001e-08,-103.47258524899956,1.1737495597238865,5.452616813493323,-0.030077782920616223,-103.89835082478612,1.2686918039218773,7.216051918093255,-0.02939521803110435,-152.50201868469296,8.515740579774699e-10,4.59954114448272e-09
6.25e-08,-89.45070564589398,0.8126594321704186,5.421777115363074,-0.06043389709579751,-89.13111184066561,0.8531271905667194,5.418917465915429,-0.06049058246412499,-135.4404918604139,8.694305882151844e-10,4.5691727182532456e-09
6.5e-08,-69.44155680029768,0.4852873112661021,1.5197668020371815,-0.052906011298480896,-69.33263135056495,0.4994700048385539,0.25678235144868555,-0.05323423870910035,-112.25736324274315,8.814138502440591e-10,4.520548975503593e-09
6.75e-08,-44.23758583068362,0.22740913868661494,1.3980208834658807,-0.018210285962052573,-45.14148884372123,0.22787432434855703,-0.7164729906547569,-0.018771847177490666,-84.00045745024941,8.808929353080639e-10,4.460008552552281e-09
7e-08,-17.849192200064373,0.14240115818957497,-4.033154185628458,-0.024305973822057184,-17.61984324603609,0.05573503352922185,-1.913851020317293,-0.02243297628053183,-51.94692227528774,8.799650863703167e-10,4.396669834404315e-09
7.250000000000001e-08,12.840096256758894,0.0035715710319935605,-4.580322352900624,-0.027108711864876005,11.78899272474955,-0.004013464425850959,-3.323833798235347,-0.025857110403068945,-17.545504512234743,8.806569678734388e-10,4.333984390366268e-09
7.5e-08,41.81580895920336,0.085504231097825,-5.771597810035227,-0.02851253142943714,41.36142883540029,0.05559686164082681,-4.934181330068596,-0.02903314951209525,17.64893009838487,8.84005283033144e-10,4.272983105295618e-09
7.75e-08,69.38403967372572,0.2607809172877953,-6.321872784973307,-0.03298113870361417,69.24199395953198,0.23448991810192604,-6.7320355930072004,-0.03195328932651619,52.045673260474885,8.909314995616296e-10,4.213883473373618e-09
8e-08,93.79424774078576,0.4578013442589231,-5.417941384505012,-0.03417551734595776,93.61994514299008,0.5250809352637988,-8.704027746202966,-0.034612761655841456,84.09007051482891,9.024470008433831e-10,4.157745156100563e-09
8.25e-08,112.3208699956216,0.9423109039012469,-10.404450856262445,-0.03540185664035917,112.90952861816581,0.9125297666116021,-10.836387601997231,-0.037009507416750145,112.33378808027203,9.194532195345422e-10,4.108004299435257e-09
8.500000000000001e-08,125.08864816503761,1.3837831559360911,-13.109875924650275,-0.03917971656951683,125.9081530754658,1.3757165906772357,-13.115054421532994,-0.03914382760434408,135.50027424227795,9.427451151179859e-10,4.071387322278457e-09
8.75e-08,132.0840865148571,1.9156863854609358,-15.87121832838208,-0.040776184343085095,131.9098642681564,1.8888414048341986,-15.525788093167883,-0.04101805600989643,152.54245658337445,9.729795457263734e-10,4.057846195241656e-09
9e-08,131.13036694989395,2.362056174735265,-16.377543423137563,-0.04192185442167147,130.75842453308314,2.4234597382802368,-18.05427975512903,-0.04263628876138562,162.6900672719145,1.010652009807388e-09,4.079426579503974e-09
9.25e-08,122.25821394398147,2.9809884835950275,-22.37523112841032,-0.044856021550686576,122.83381370058842,2.950707133230046,-20.686260935021057,-0.04400419148376959,165.4844574139347,1.0560839078396662e-09,4.148291980437317e-09
9.5e-08,110.06234690350182,3.365336889254432,-23.32826820335938,-0.04358156288230357,108.97643670275443,3.443444034168339,-23.40761029799235,-0.04512888768070215,160.79932693868187,1.1094212241854416e-09,4.274376483879728e-09
9.75e-08,91.69703827755305,4.01426283501307,-27.46306262023732,-0.045790240266029014,90.36294140722495,3.878073942369422,-26.204457122391617,-0.046018914968461874,148.8464330741875,1.1706441793860963e-09,4.4632429610925405e-09
1e-07,69.56672217683673,4.311742668256967,-30.52517336185292,-0.04716946378635905,68.3546671128644,4.235846928259747,-29.063280656344347,-0.046684222108307555,130.16601940279563,1.239586165207994e-09,4.714654165862142e-09
1.025e-07,45.13507377585126,4.588759838095053,-30.147205406968805,-0.04786631892759196,44.343156882884365,4.503547221765009,-31.971004550521208,-0.04713617181965587,105.6023980815378,1.315959338533034e-09,5.0221548365504535e-09
1.05e-07,19.79804512606385,4.6228942496236085,-35.62624408253488,-0.04866737390602727,19.61633230926239,4.673562378462191,-34.91508561106854,-0.047387513488360594,76.26578885538792,1.399383751772414e-09,5.3736928358730194e-09
1.075e-07,-4.54346908507032,4.716291210320406,-37.285686388421865,-0.048825760763768024,-4.735941978369111,4.743425302342565,-37.88359617177224,-0.04745229618822882,43.48213965309325,1.4894168959742551e-09,5.753066694171727e-09
1.1e-07,-28.33139180453593,4.6267858032214155,-38.28459804058416,-0.04773296389893583,-27.86616075481483,4.714993188232225,-40.86529944552879,-0.047345704679319124,8.733196760376634,1.5855810011860537e-09,6.141842517372478e-09
1.1250000000000001e-07,-48.23954618000965,4.600508483842253,-41.76117688407608,-0.04701387416996824,-49.16223126936575,4.593467187930948,-43.84971728154095,-0.04708381691985091,-26.41046673779542,1.687386269841712e-09,6.521358239075839e-09
1.15e-07,-67.6566520199176,4.44630520468396,-46.561774994249895,-0.047262337245679874,-68.19767967848499,4.3864573374135345,-46.827189825740646,-0.046683298147611754,-60.36043728398783,1.7943492460079247e-09,6.874506996877904e-09
1.175e-07,-84.01060848244705,4.090512912174727,-51.04317518721657,-0.046458369896569505,-84.65510700082012,4.103260130568397,-49.78892665712292,-0.04616106063512561,-91.582253523798,1.906006550068341e-09,7.187115987851808e-09
1.2000000000000002e-07,-96.94493121782733,3.707065739390062,-53.66859925489327,-0.04494018992637966,-98.24348179470931,3.7544490422661245,-52.727049051273795,-0.04553392711085999,-118.664760464644,2.021925045081529e-09,7.4488601346810356e-09
1.225e-07,-108.02237355831726,3.336075154943403,-56.64543988949128,-0.045822288404255576,-108.63035578196501,3.351794594967086,-55.634623103686884,-0.04481833779306804,-140.3838904678055,2.1417099984644224e-09,7.653733794668482e-09
1.25e-07,-114.85181005777618,2.8920058211902653,-58.42971433120376,-0.044325185145772494,-115.40653368739673,2.9084464464564546,-58.50568352875477,-0.04403013547761412,-155.75798831812563,2.2650128789177514e-09,7.800135488876775e-09
1.275e-07,-118.46984664151844,2.5059549718613567,-60.16024423830406,-0.04382161221087553,-118.09379518572756,2.4392416268160413,-61.33524803484956,-0.0431844509893492,-164.09217980421042,2.391540083282388e-09,7.890610749633892e-09
1.3e-07,-116.19133317357853,2.071507038104618,-64.63803342879643,-0.041564063555371566,-116.19724554920154,1.9609636601116351,-64.11932226091379,-0.04229569460896416,-165.00977845034723,2.521063201978646e-09,7.931272778900883e-09
1.325e-07,-109.74200238512007,1.4669505949313506,-67.0807237009886,-0.04103275722590828,-109.29443483374746,1.4923746731459884,-66.85489534471388,-0.04137764075746944,-158.46931088737847,2.653430551260432e-09,7.930909811960207e-09
1.35e-07,-95.6340909057663,0.988017181820772,-71.53563026135339,-0.04063953615460137,-97.14528599512677,1.0538777064811866,-69.53992627660521,-0.040443576548326796,-144.7663913545404,2.7885788106317916e-09,7.899814038031897e-09
1.375e-07,-79.99809847432445,0.6030931867087919,-71.84853032009254,-0.038759695079983794,-79.80162697267293,0.666733272433578,-72.17332127458096,-0.039506472859903496,-124.52036060905178,2.9265428935382162e-09,7.848433794251604e-09
1.4e-07,-57.58220222669112,0.32361546843822875,-72.56802460565397,-0.03768552502117024,-57.69373707642873,0.35184077230292876,-74.75490249579799,-0.03857913160795045,-98.64629313431293,3.0674618070060124e-09,7.786039667710438e-09
1.425e-07,-31.47253741394928,0.07560978944182306,-78.16824734749203,-0.03677455657446011,-31.674107261376832,0.12818590551673725,-77.28536847599302,-0.03767426597121634,-68.31363785715506,3.2115783187647168e-09,7.719667493337218e-09
1.4500000000000001e-07,-3.110666578570921,-0.03315334814065574,-80.70709050747128,-0.03768387377697089,-3.0051381313077994,0.011132920489258779,-79.76624676054263,-0.03680448108990917,-34.89336171953535,3.359230766588647e-09,7.65361168902821e-09
1.475e-07,26.99789016526164,0.015274905508092625,-81.01792215563174,-0.03531121278155366,26.713356626336942,0.010790764845099774,-82.19983925875417,-0.03598213949224243,0.10401490513714352,3.510836248163721e-09,7.589659029210706e-09
1.5e-07,56.010179883514375,0.10497141423691494,-84.88210503101476,-0.036180515939613855,55.67080501577354,0.13069490092766303,-84.58916091569873,-0.035219115404135755,35.09669029297092,3.66686558135377e-09,7.528076896074822e-09
1.525e-07,81.25610291273996,0.3564344330697479,-85.99732203378244,-0.03478317336113043,82.01125081890547,0.36701831820635783,-86.93787235296749,-0.03452646176324337,68.5030752052726,3.827811635453034e-09,7.469144011136947e-09
1.55e-07,103.92882810073888,0.7205920913691587,-87.90388311962465,-0.03412989389542847,104.0150397838805,0.7084598700056552,-89.25020718065413,-0.033914029795886744,98.81327712038303,3.994153698528505e-09,7.4148106174536984e-09
1.575e-07,119.74119184469357,1.096817415133487,-91.4580190987223,-0.033915789564984686,120.27112434082389,1.1368658595118302,-91.5308947271948,-0.0333900906326365,124.65734393717707,4.166321278662568e-09,7.36997932568864e-09
1.6e-07,129.47985975589313,1.6352937929278233,-93.72015943062037,-0.032700611089038774,129.8152930263644,1.6285369755162784,-93.7850789710562,-0.03296100994359358,144.8671826902418,4.34466100488939e-09,7.34295860563426e-09
1.625e-07,132.1555210953723,2.2150592246579217,-96.69405145515307,-0.03286074877214002,132.21476858125752,2.156074558960907,-96.01823448833083,-0.032631019679188876,158.52935469181458,4.529410040520167e-09,7.344854450477417e-09
1.65e-07,128.14907971207887,2.6121793430188642,-99.02614311868255,-0.0323972706864817,127.58801920352954,2.6905442035412643,-98.2360802528327,-0.03240211687614156,165.02636088029513,4.720678678036957e-09,7.387969222626756e-09
1.675e-07,116.19526300104533,3.1763613353257347,-99.75340850479832,-0.03280760156816026,116.55884272030058,3.2036935150503303,-100.44449214009013,-0.03227410055567245,164.06455137159972,4.91844366367597e-09,7.483569864684225e-09
1.7000000000000001e-07,99.89598121674668,3.6626225657534586,-103.80885294605143,-0.0333681552635383,100.1540492290367,3.669961132834326,-102.64941499360695,-0.03224473725567546,155.68739776519206,5.1225524770419795e-09,7.639571791853934e-09
1.7250000000000002e-07,79.51349399858496,4.110515633786242,-103.52171013064802,-0.03229829367029468,79.66261608305315,4.068055352721702,-104.85677511085565,-0.03231002720925066,140.27352832678577,5.332737475060774e-09,7.8587014988322e-09
1.75e-07,55.65183442261775,4.382841983254667,-108.9567030074712,-0.03339265946866776,56.479561263796505,4.381955335846177,-107.07239399770482,-0.032464529755008846,118.51961485298446,5.548637705406474e-09,8.137553581417976e-09
1.775e-07,32.38544179132728,4.642696150023873,-108.76107584658692,-0.03382308825090337,31.95908538461959,4.601282702660237,-109.30190422347498,-0.03270170046950061,91.40888469260572,5.769825468717102e-09,8.466706623204985e-09
1.8e-07,6.045891679862941,4.805379518820986,-112.19481988074537,-0.03237995117360999,7.298600197087596,4.72108972766696,-111.55066818471816,-0.03301419467209249,60.16668110961932,5.995834460928079e-09,8.831796558313282e-09
1.825e-07,-16.603002084280796,4.770818469895599,-114.13054167054052,-0.03271758729013346,-16.53132566730734,4.74119541474742,-113.82370055437414,-0.033394101827273245,26.205080558091037,6.2261865730066545e-09,9.215247861019451e-09
1.85e-07,-38.425708957200094,4.7780889518536656,-117.89974802535765,-0.03416794227130163,-38.80508926019952,4.665258108911414,-116.12559515446532,-0.03383309105814885,-8.940929957820021,6.460415096371241e-09,9.598278472848439e-09
1.875e-07,-58.10124713790304,4.516440233858318,-119.00517176879453,-0.033715531130216456,-59.01202694158185,4.499793791424416,-118.46045694531995,-0.03432246657305637,-43.68283080082183,6.698083037902949e-09,9.962823743893268e-09
1.9e-07,-76.09567731823516,4.274687086617532,-120.52963237183293,-0.03530419718182059,-76.79082549704032,4.253330351185714,-120.83183977288688,-0.034853149891096585,-76.45036717055872,6.9387963027769956e-09,1.0293130740797706e-08
1.925e-07,-92.40263010125418,3.8457496742403565,-124.02435927154188,-0.035177091414583264,-91.84718475460484,3.9358345870672404,-123.24269045850131,-0.03541562005088548,-105.76252104464535,7.1822124588601476e-09,1.0576904014529674e-08
1.95e-07,-103.29826709363081,3.5583206580994733,-124.79754529874633,-0.03621873129502617,-103.87608986196075,3.5584713647630184,-125.69529975301441,-0.03599985092954885,-130.29444982055557,7.42804647978374e-09,1.0805990553650049e-08
1.9750000000000001e-07,-112.86704455590895,3.1106867978974364,-127.6534885852804,-0.036687413211936075,-112.50847767206729,3.1336683421373484,-128.19126061009,-0.036595284985219044,-148.9373661841918,7.67607515691274e-09,1.097664943002212e-08
2e-07,-118.6361328296251,2.5864871768255804,-130.2008721149222,-0.036916473152680276,-117.29670529156876,2.6753815670962826,-130.73143416231648,-0.03719087518392199,-160.84865277144033,7.92614173138207e-09,1.1089459979065434e-08
2.025e-07,-118.58162693031542,2.208665539433231,-132.96933721424074,-0.03896639073287316,-117.74505671229606,2.199402065348747,-133.3159237092409,-0.03777521301067027,-165.48994655413634,8.178161767466881e-09,1.1148900888533921e-08
2.05e-07,-113.8285592680998,1.6526895498097598,-137.3012808488038,-0.03696472824290498,-113.38207220370916,1.7235220080400195,-135.94405694918956,-0.03833674287662679,-162.65147162292266,8.432130484190392e-09,1.1162610951615866e-08
2.075e-07,-103.81977524016266,1.213777723849808,-136.8088464428276,-0.038783716185375426,-103.862507496276,1.267395670940022,-138.61437660750346,-0.03886404518635715,-152.46152058062972,8.688130852958497e-09,1.1140348038821501e-08
2.1e-07,-88.86297371711225,0.8771550032608223,-142.17491995196204,-0.03786315098105738,-89.07989835257005,0.8519825797480085,-141.3246395333215,-0.0393461551829357,-135.38065600878866,8.94634094665951e-09,1.1092710199232711e-08
2.125e-07,-69.29068478034874,0.4825240900719481,-142.57830723893548,-0.03968900090836501,-69.26731139569722,0.49853875977816753,-144.07182425601667,-0.039772875292897414,-112.18089408778532,9.207038467860731e-09,1.1029764510196068e-08
2.15e-07,-44.28303850655475,0.26100459083618976,-148.63839767919586,-0.04103537646409049,-45.0645785973757,0.22721266328648487,-146.85214691158478,-0.04013503686766992,-83.91081122361975,9.47060022134965e-09,1.0959815568319199e-08
2.175e-07,-17.195414932652838,0.07474368314906976,-149.59634356943462,-0.03988868275637583,-17.53507559939957,0.05538848305104423,-149.66108536943298,-0.04042467342225623,-51.84815078227851,9.73749458848067e-09,1.0888592165675841e-08
2.2e-07,11.134300163472684,-0.10319794597742256,-153.16047072485094,-0.04138286976453753,11.876882771552033,-0.004014919311308206,-152.4934113118474,-0.04063508071586275,-17.442071999397157,1.0008265783127042e-08,1.081909641740072e-08
2.2250000000000001e-07,40.830291723093325,0.09893793903860806,-156.91307398654396,-0.040323053691319596,41.44707971834852,0.05595103054987364,-155.34322994265878,-0.04076075703546817,17.75234871701719,1.028354993959621e-08,1.0752227039038836e-08
2.2500000000000002e-07,69.80095202830157,0.2143323497326036,-160.26783838640932,-0.04117868357745715,69.31990818620812,0.2351884362106552,-158.20402692894953,-0.04079723668847885,52.14440369885488,1.056388256376643e-08,1.0688079534574406e-08
2.275e-07,93.2435157071469,0.6296370212713576,-160.0986442654633,-0.040719516047456675,93.68502845888241,0.526090388748816,-161.06872211073792,-0.04074084752273723,84.1796503819802,1.0849903697939611e-08,1.0627602066518113e-08
2.3e-07,113.83509997863264,0.8325131523339363,-165.0930386371158,-0.03987189059799723,112.95760137403195,0.9137964419765587,-163.9297294490456,-0.0405884361092415,112.41016857020007,1.1142157821639275e-08,1.0574128533758019e-08
2.325e-07,124.92619238923501,1.4053405368353487,-164.26003915356375,-0.04050624455283703,125.93636043369793,1.3771703482857072,-166.77902262321072,-0.04033710974642468,135.56000313077945,1.144109707858087e-08,1.05342897518243e-08
2.35e-07,132.77922720947277,1.850952309169737,-168.30586584609622,-0.040280372600888945,131.91692715157475,1.890401152910082,-169.60820563428103,-0.039984041651734484,152.58283426070986,1.1747049300984424e-08,1.0517945395443743e-08
2.375e-07,130.0159338927029,2.456020261705676,-172.03223503768493,-0.03970137049448759,130.74469818148094,2.4250398481547966,-172.4085877233136,-0.0395263750350456,162.70926875902032,1.2060194329167795e-08,1.05370489844077e-08
2.4000000000000003e-07,122.70099040260796,2.876379604720065,-175.7648853707664,-0.038683061244624374,122.80115105520854,2.952224014308957,-175.17126187185195,-0.03896124502278394,165.48161484732114,1.2380550783708555e-08,1.0603669948167213e-08
2.425e-07,107.58447046918937,3.462978079563903,-177.6347299847133,-0.03830431746702752,108.92788434318312,3.44482208797694,-177.88718611713648,-0.03828591751007154,160.77456879588652,1.2707974197101746e-08,1.0727645890957379e-08
2.45e-07,90.94471412335304,3.882552413959772,-179.64623088829947,-0.03885424251683959,90.30232116443096,3.879250237621727,-180.5472668870389,-0.03749802440244184,148.80087836688318,1.3042166062329146e-08,1.091444199561001e-08
2.475e-07,68.18784152311906,4.309730979383174,-183.224161393426,-0.03669870728034056,68.28611244104323,4.23677416074959,-183.14244353956093,-0.0365958587543575,130.10172710001027,1.338269211852049e-08,1.1163724550406969e-08
2.5e-07,44.254724531819015,4.507954351732939,-185.32624823621757,-0.037120616899634605,44.270676941089945,4.5041948046463345,-185.66377327917814,-0.03557868374928914,105.52227404894512,1.3729007258818827e-08,1.1468945962384553e-08
2.525e-07,20.423910581086705,4.697983365860452,-186.00544879308526,-0.03437487774388524,19.543467980698402,4.673915800925868,-188.10251561746847,-0.03444700788852331,76.17345451679373,1.4080483948473642e-08,1.1817968498373358e-08
2.55e-07,-4.237559038232969,4.821110351432439,-190.94284654226234,-0.03261422010904529,-4.806325486375577,4.743484147422584,-190.45021554837842,-0.03320278533976078,43.38176831032997,1.4436441040942384e-08,1.2194513531996707e-08
2.575e-07,-28.049957605090516,4.669625577648499,-191.57088180420567,-0.030834246405469532,-27.93192689062211,4.714768370878333,-192.69878461914183,-0.03184951387563805,8.629324969560638,1.4796170349124017e-08,1.258007901187843e-08
2.6e-07,-49.33986208420655,4.546311374192764,-196.64059402402395,-0.029412753026322087,-49.22188198001807,4.592978035238497,-194.84057909616268,-0.03039222072808731,-26.513144208266233,1.515895916048936e-08,1.2955943224862269e-08
2.6250000000000003e-07,-68.0782459274763,4.382399591205589,-194.52732803851373,-0.028719797256966672,-68.25015956740376,4.38572907669904,-196.86847445096257,-0.028837345752956926,-60.4572796462759,1.5524107911719866e-08,1.3304946956769654e-08
2.65e-07,-83.71090504030309,4.128088286394734,-198.86681936249397,-0.027238938239381283,-84.69955776101726,4.102322191682217,-198.77593542433075,-0.027192548113018692,-91.6688837236668,1.589094326431326e-08,1.3612870796777777e-08
2.675e-07,-98.65114714562226,3.6990369495442037,-202.4102052909537,-0.027045815252596767,-98.27901043772454,3.7533343505207424,-200.55708096681263,-0.025466474249644995,-118.7372630143418,1.6258827657775235e-08,1.3869347236930143e-08
2.7e-07,-108.18580612207826,3.3185194313447273,-202.91745101580148,-0.024220091511744368,-108.65587550094534,3.3505397752630004,-202.20674340026295,-0.02366852919382723,-140.43898841719727,1.662716691250699e-08,1.4068330971458401e-08
2.725e-07,-115.99408772693066,2.9291976831499653,-203.07523393674077,-0.022577049409853372,-115.4207202068144,2.9070926268889776,-203.72052119796598,-0.021808689563609537,-155.79319136537265,1.6995417528645056e-08,1.4208182396948414e-08
2.75e-07,-118.78331716246588,2.466228711842832,-202.4945387255274,-0.019149063155006606,-118.09517715335681,2.4378353659058294,-205.09482483929818,-0.019897385657058834,-164.10589685174546,1.7363094979827118e-08,1.4291409345919562e-08
2.775e-07,-114.87962491645771,1.9096192958741935,-204.77498266406334,-0.018796112516158887,-116.18441942627615,1.9595574577356611,-206.32691525855566,-0.017945463941384722,-165.0013895188593,1.772978361306127e-08,1.4324086680188473e-08
2.8e-07,-109.66328636237928,1.4106397081673736,-208.39349491519695,-0.015828352631340706,-109.26636804662034,1.4910265746013798,-207.4149344758218,-0.015964222964626983,-158.4391951374668,1.80951478841608e-08,1.4314962654628363e-08
2.825e-07,-95.97423572029695,1.057295155669199,-206.826155425569,-0.013912817785611046,-97.10165179809255,1.0526496642034295,-208.35792806997665,-0.013965498680274857,-144.71590994951833,1.84589437675664e-08,1.4274287044090366e-08
2.85e-07,-79.60740826717716,0.7081697150783617,-211.141486078519,-0.011998238529105297,-79.74310437300554,0.6656881633068357,-209.15585922951058,-0.01196176256598765,-124.45179519346465,1.88210284688954e-08,1.4212462995025902e-08
2.875e-07,-58.450137718231396,0.3267313747636589,-209.8433498062085,-0.00890497300332448,-57.62221129446982,0.3510382380091873,-209.80961419500548,-0.009966190132763567,-98.56274270880195,1.9181366196251978e-08,1.4138713496688728e-08
2.9000000000000003e-07,-31.844986848155365,0.1498477050135783,-209.6856029163929,-0.00789188858826011,-31.592720347776066,0.12767743947707702,-210.32099898728117,-0.0079926596321931,-68.21887871068326,1.9540027809504703e-08,1.4060025602405638e-08
2.925e-07,-2.6769316129206384,0.06686752303228959,-211.0910461569597,-0.006993441711133634,-2.91816317520078,0.01095681981055476,-210.69272739654508,-0.006055650707517095,-34.791676749729,1.9897182683189718e-08,1.3980645742988931e-08
2.95e-07,26.4380261798485,0.0619407172905233,-210.65345613407294,-0.003864825810181296,26.800814912318064,0.010967661746567813,-210.92840028969098,-0.004170028730974145,0.20802976921084979,2.0253082022229267e-08,1.3902315838871339e-08
2.975e-07,55.60896739514577,0.12289182255757275,-210.63989780565004,-0.0015890883415979108,55.75325080323286,0.13122456496289442,-211.03247637441783,-0.0023507198524317465,35.19833381632867,2.0608034020719097e-08,1.3825263624917482e-08
3e-07,82.39763729559515,0.4114383980673277,-209.65534377011343,-0.00011741839030108593,82.08332135531953,0.3678782787218187,-211.01023463934686,-0.00061230096588695,68.59775333213146,2.0962372463690064e-08,1.3749734517917796e-08
3.025e-07,105.09535409049542,0.6741015551239595,-211.30084001784047,0.0009291665175223467,104.07204027845424,0.7096061691920518,-210.86772876806316,0.00103145551632268,98.89671061501954,2.1316421434663833e-08,1.36776515225398e-08
3.05e-07,119.76270323639703,1.0581218267652104,-210.71732968596527,0.0038244847372581976,120.30949708484304,1.1382359489461102,-210.61173390127794,0.0025680328094442695,124.72576179563681,2.1670459522503912e-08,1.3613894322826295e-08
3.075e-07,129.71861878285307,1.6745469755843339,-210.46645387880844,0.003425771711913809,129.83295361976013,1.630054462661346,-210.2496861944039,0.003986566176088895,144.91749258113066,2.2024687186802826e-08,1.3566749961374596e-08
3.1e-07,131.48447467386634,2.1869587748161288,-209.3489083842706,0.005081493618639801,132.2112627116094,2.1576552459933644,-209.78961568708127,0.005278140913015316,158.5592827226345,2.2379200685742395e-08,1.3547301437638019e-08
3.125e-07,126.58261775380032,2.705607874868236,-209.46241722208495,0.006437281692625045,127.56448170739102,2.6921026833129984,-209.24007306595672,0.0064359622980819185,165.03455437220865,2.2733975224945374e-08,1.3567824164946868e-08
3.15e-07,116.79371127830383,3.172851802634014,-209.55332181527774,0.008477716599494813,116.5177717652813,3.205149527280641,-208.61005096169333,0.007455386741767262,164.05063999743126,2.308885886340297e-08,1.3639553212762455e-08
3.1750000000000003e-07,100.36690282892054,3.66393505318972,-208.0272676673767,0.008787568095351563,100.09893701926067,3.671244947095119,-207.90890047523212,0.008333823751020614,155.65201028737354,2.3443577389087432e-08,1.3770367957774713e-08
3.2e-07,79.94094058541118,4.0477338783226395,-207.92599470037743,0.009887868189834233,79.59749860724109,4.069111621141958,-207.14624367622835,0.00907053669303281,140.21826417872705,2.3797749060855395e-08,1.3962956963465176e-08
3.225e-07,56.828435171539454,4.373410122010092,-205.85169661347635,0.009685741743794291,56.40855970444805,4.382745116091445,-206.33188285789345,0.009666383609529502,118.44697184832434,2.4150907009775094e-08,1.4213878157142045e-08
3.25e-07,32.621559876850235,4.5450058309465655,-206.26888016109905,0.009999585339122628,31.886009281006835,4.601783645305062,-205.4757073668069,0.010123545261084511,91.32214612972453,2.4502526368392617e-08,1.451367794375458e-08
3.275e-07,7.0771882209009505,4.712551428733951,-206.93176807329252,0.01128139097264244,7.226667936974689,4.721294700614434,-204.5875988532823,0.010445285264759374,60.06976737403074,2.4852052949954564e-08,1.4847967147003674e-08
3.3e-07,-16.5365514306946,4.8095924213118835,-203.3357788453838,0.009637077026263551,-16.59961720980977,4.741110053312496,-203.67733580731803,0.010635777178307229,26.10237192994068,2.519893054706808e-08,1.5199153698269677e-08
3.325e-07,-39.35869526560885,4.689847063980724,-204.2275934640373,0.010372789949796344,-38.867942747953066,4.6648978978368,-202.75449825684464,0.01070001759054944,-9.044791282437048,2.5542624591576524e-08,1.5548447911570917e-08
3.35e-07,-58.51939813413022,4.510137648189615,-200.6278885368586,0.01064629681979617,-59.068195352770225,4.499181286771689,-201.82837350875806,0.010643825622651412,-43.78315052655743,2.588264087395454e-08,1.5877785843596938e-08
3.375e-07,-77.51985630831796,4.226332584659622,-202.52470508298194,0.0100961178727409,-76.83938359679061,4.25249303914619,-200.90786380906238,0.010473911137368576,-76.5426110742667,2.6218539075265912e-08,1.6171422463446935e-08
3.4000000000000003e-07,-92.46430257937986,3.967337918433412,-199.11443775915234,0.00911368252885731,-91.88728251255445,3.934803676972404,-200.00139678633178,0.010197979675790008,-105.84251991194623,2.654994182019717e-08,1.6417076090456556e-08
3.425e-07,-103.64455078113684,3.528113661988597,-197.8983537246898,0.00862697659303939,-103.90675051183219,3.55728156453376,-199.11683952274316,0.009824834262296812,-130.35858788482827,2.6876540642643135e-08,1.660661207262453e-08
3.4500000000000003e-07,-112.80624961689942,3.1133065781072036,-198.5728999340224,0.010427903209694415,-112.52849250436353,3.1323584143187952,-198.26141706927248,0.009364434134285279,-148.98274455099283,2.719810054787374e-08,1.6736311302751994e-08
3.475e-07,-118.71293075866973,2.708328919275282,-199.33375779025678,0.0077266822053225,-117.30465663141663,2.673995260551204,-197.44163618652033,0.008827878137823602,-160.87322044193044,2.7514464715783372e-08,1.6806777380238114e-08
3.5e-07,-118.23142887886793,2.2225995886256666,-196.6443329680983,0.007620755423680482,-117.73947370181861,2.197988900797783,-196.6632150503249,0.008227294543945047,-165.4925931255574,2.7825560359652366e-08,1.6822514712570902e-08
3.525e-07,-113.58941655047212,1.6682132961452516,-197.5175302982449,0.007905811483948167,-113.36169595552379,1.7221373880830118,-195.93101961219708,0.007575636789653587,-162.63207747627345,2.8131405950819463e-08,1.6791188276987918e-08
3.55e-07,-104.31115932856679,1.2468736679431418,-194.01397941133996,0.006284124384093967,-103.82661812118107,1.2660998898414635,-195.24900724907886,0.006886402854478207,-152.42096228717273,2.84321191114863e-08,1.6722581672564706e-08
3.575e-07,-88.72777703326194,0.9661351850004197,-195.1035522749485,0.006697644521616171,-89.02864079550528,0.8508385071429059,-194.62017827547658,0.006173311275564725,-135.32076671102425,2.8727923657068143e-08,1.662731757294666e-08
3.6e-07,-69.01076491706075,0.4762035103086786,-194.99297933620235,0.005220658830571474,-69.20195292638168,0.49760822990503517,-194.0465358241682,0.005449976324333715,-112.10438064558677,2.9019153713747644e-08,1.6515486466110907e-08
3.625e-07,-44.295484634459456,0.2371494844062646,-193.06711515869875,0.004718513969167473,-44.98763912066699,0.2265518704392161,-193.52905453002316,0.004729626789856874,-83.8211318703303,2.9306252676868183e-08,1.639541579330099e-08
3.65e-07,-17.418673969913797,0.04026869209950698,-195.1728102665438,0.004493386792817639,-17.450291364643586,0.055042914859761344,-193.06765837561483,0.004024906676318492,-51.749358820440044,2.9589765070447863e-08,1.627285806600299e-08
3.6750000000000003e-07,10.924368837203037,-0.014367831635451212,-194.0148415424531,0.0027006719797900906,11.964774293367682,-0.004015330094150341,-192.66120797792365,0.0033477829144361814,-17.338632600706358,2.98703200926726e-08,1.6150841981361685e-08
3.7e-07,42.01838492514069,0.10966893835580287,-191.25803282516833,0.0020731677612283376,41.532715798963594,0.05630624358394149,-192.30749751320923,0.002709567180144467,17.855760327302647,3.0148646908717844e-08,1.6030297710200033e-08
3.7250000000000003e-07,69.75732671944562,0.1676716302981196,-192.2483258132352,0.0023487884328003104,69.39779172439577,0.2358879325368722,-192.00326139279775,0.002121039257277997,52.24311355144997,3.042538120556151e-08,1.591135844356093e-08
3.75e-07,93.88488322148423,0.5644251485523717,-192.12390274444508,0.0018685357722229813,93.75006717873455,0.5271006908039485,-191.7441907168312,0.001592641543364846,84.26919701633904,3.070126942981025e-08,1.5795016368153006e-08
3.775e-07,112.97500475195534,0.9365111733286422,-190.6860720138967,0.0008051301414253862,113.00561899715629,0.9150637810835168,-191.52495944670238,0.0011347014483369079,112.48650468237378,3.0976967657015604e-08,1.568465431054126e-08
3.8e-07,124.63339117855945,1.4008766861592972,-190.87470332894173,0.0008484993415502629,125.96450649098747,1.378624543686422,-191.33926015073413,0.0007576328807488309,135.6196785023389,3.125304375289221e-08,1.5586954128166327e-08
3.825e-07,131.94765200256452,1.9899071516316433,-191.32818329255164,0.00021407556919073023,131.9239273991105,1.891961089610956,-191.17984909239556,0.0004720707840299069,152.62315170075865,3.152994428045951e-08,1.551182514874314e-08
3.85e-07,130.76891385714626,2.401140688279337,-189.56737849570246,0.0006695987484853555,130.73091256994024,2.4266198938351766,-191.03860034675324,0.00028890334226091353,162.72840601108354,3.180796966216798e-08,1.547126585032702e-08
3.875e-07,122.98648886823123,2.9736890815569734,-191.09353451139702,0.00038259530281547333,122.76843656539421,2.9537405935813674,-190.90656854966844,0.00021918320025652677,165.4787069511868,3.2087259760910854e-08,1.547738369737511e-08
3.9e-07,108.80512213370812,3.4111522939165635,-191.96491316900202,0.00013091387234796602,108.87929049703563,3.4461996335454064,-190.77405980619443,0.0002739189489140579,160.7497471818377,3.236779079352215e-08,1.5540046807052132e-08
3.925e-07,89.78575255724562,3.8556275248909238,-190.46538348146933,0.0001941280390873903,90.2416713979912,3.880425860807161,-190.63071021039974,0.0004637677720838814,148.75526491534814,3.2649383141437796e-08,1.5664744434425817e-08
3.9500000000000003e-07,68.54664989067737,4.175243111686781,-192.76683561478887,0.0014385980141745874,68.21754045202108,4.23770060594663,-190.46557135910817,0.0007986661487893706,130.03738343512381,3.2931718387059556e-08,1.5851162820565103e-08
3.975e-07,45.55197924811488,4.460899561856394,-191.0298370861508,0.001324685833399922,44.19819095447687,4.504841534151344,-190.26720217743014,0.0012874451224655103,105.44210835782889,3.321436297078127e-08,1.6092773017140437e-08
4e-07,19.692882114661455,4.683065312827586,-188.6842936483251,0.0019064273003284876,19.470607117152433,4.674268348971772,-190.0237663150406,0.0019374782916841418,76.08109010612654,3.3496795368221835e-08,1.637745713780811e-08
4.025e-07,-4.520768285134915,4.8178851567376375,-189.42700567174035,0.0023494034186720826,-4.8766981670145135,4.7435421347960585,-189.72313431947927,0.002754404165817086,43.281379841130445,3.3778433688574016e-08,1.6688959228242813e-08
4.05e-07,-27.904106946104207,4.703113290948856,-189.0757413605904,0.003954369101055851,-27.99767691620526,4.714542741606363,-189.35298974677443,0.0037419511279326453,8.5254497720241,3.405866106560764e-08,1.700880322560812e-08
4.075e-07,-49.050679344579784,4.583671659779045,-189.36195616417302,0.004894939962986802,-49.281512930876666,4.592488137240425,-188.90093833085584,0.004901875431483427,-26.61581121176789,3.4336847045257936e-08,1.7318296176994455e-08
4.1e-07,-66.66467521041953,4.453812342438205,-186.3751690168039,0.007490566949805516,-68.30261699842185,4.385000151762806,-188.35461930187367,0.006234003667942606,-60.55409814098689,3.461236420065703e-08,1.7600309142799466e-08
4.125e-07,-84.29964895911857,4.122970018873173,-187.1859229243538,0.007213137533491835,-84.74398358141188,4.1013836805620105,-187.70181791998166,0.00773635440330798,-91.75547773411203,3.48846002306893e-08,1.7840652922905453e-08
4.15e-07,-98.67340748333656,3.7396106651324685,-185.80111147613124,0.009171080823289839,-98.31451127300028,3.7522191887937413,-186.93057827558854,0.009405302185128068,-118.80971868844924,3.515296663205722e-08,1.802898857753937e-08
4.175e-07,-107.74129968196038,3.3423559865306305,-186.02849359618224,0.01147059280503222,-108.68136384391359,3.349284599782916,-186.0293153997014,0.011235742894682668,-140.49403092350056,3.541690552861683e-08,1.815929632024116e-08
4.2e-07,-114.32946793244707,2.8005383489157976,-183.65035288066304,0.012485798782505293,-115.43487114880881,2.9057385805152913,-184.98692572884835,0.013221223159338066,-155.82833290793525,3.567589631393674e-08,1.8229957808181615e-08
4.2250000000000003e-07,-118.16021893324552,2.384200805479273,-184.17024088780659,0.015992144788215545,-118.09651917148443,2.4364290243035707,-183.79289497819542,0.015354007494683422,-164.1195491128713,3.592946341381951e-08,1.82434967974275e-08
4.25e-07,-115.15575610914368,2.0074019751011156,-183.19624554488905,0.018244817103818124,-116.17154959922601,1.9581513382994042,-182.4374024938104,0.017625072948247996,-164.99293544743597,3.617718578604264e-08,1.8205997724377216e-08
4.275e-07,-109.17430570552835,1.439074725833217,-180.26480045976996,0.019543362349369483,-109.23825539079832,1.489678737247024,-180.9114211804167,0.020024039259004294,-158.40901683827,3.6418707891588905e-08,1.8126211141306514e-08
4.3e-07,-97.06782784960708,1.2036098314189867,-181.20634171122416,0.022616526683663388,-97.05797212744478,1.0514220691404108,-179.20681213425695,0.022539059523556212,-144.66537141294705,3.665375098020747e-08,1.8014381141147242e-08
4.325e-07,-79.35280439301107,0.6493452750489804,-177.7845558074401,0.02408487162922453,-79.68454002140585,0.6646436844945711,-177.31641315154206,0.02515670888003772,-124.38318064628031,3.688212282232927e-08,1.7880896979140116e-08
4.35e-07,-58.42084444774773,0.29314348859317735,-175.75297671690385,0.027006906326253997,-57.55065119821092,0.35023650054456695,-175.2341203310801,0.027861914383194242,-98.47915337228133,3.7103723647039714e-08,1.773496004701941e-08
4.375e-07,-32.16178716163864,0.11325698214174185,-173.11188399278987,0.031563510752426284,-31.511310167954313,0.12716990515379029,-172.95496204464516,0.030637966871425743,-68.12409263247905,3.7318546109087784e-08,1.758352947305118e-08
4.4e-07,-2.6198916086020123,-0.02976968925064906,-170.9901489833096,0.0330918238637224,-2.831178974571903,0.010781739706901543,-170.4751646100048,0.03346664547919556,-34.689978044718515,3.752666762434527e-08,1.743081959041551e-08
4.425e-07,26.600944679975665,-0.08644168457666679,-167.79683059733037,0.03723357203735131,26.88826656228441,0.011145610428576272,-167.7922090687482,0.03632846918068592,0.3120445511579918,3.772823431629563e-08,1.7278538585561788e-08
4.4500000000000003e-07,55.40107156277247,0.17317627477010422,-164.98678100415194,0.03847547344947565,55.835673671684894,0.13175524736840427,-164.90487854357613,0.03920307011805236,35.299963443942524,3.7923436966305934e-08,1.7126881115130813e-08
4.475e-07,82.73959187686792,0.3443324529716533,-163.97790017431808,0.041957524163118064,82.15535388739504,0.36873915858848383,-161.8132957269175,0.042069663834499026,68.69240437768396,3.811248056858496e-08,1.6976061549256965e-08
4.5000000000000003e-07,104.03827713814064,0.7044633252489327,-159.02090458349375,0.04425942809521296,104.12899039809173,0.7107532285708351,-158.51895013394432,0.0449075752717249,98.98010506680164,3.8295550151547406e-08,1.6827973863528366e-08
4.525e-07,120.46045260741677,1.133532666328661,-156.7856889064068,0.04776216357351401,120.34781101421535,1.1396065907810742,-155.0247148376059,0.0476967692828311,124.79413041434124,3.84727762554153e-08,1.6687469261938202e-08
4.55e-07,129.18981244026148,1.6537416474597737,-150.6405519667535,0.0503944119362929,129.8505516325147,1.6315722620364812,-151.33485249042576,0.05041833214749014,144.9677452608878,3.8644203718792345e-08,1.6562804354650668e-08
4.575e-07,132.8956851631063,2.2263944551494,-147.6765007830052,0.05470182826885693,132.20769534037615,2.159235991746825,-147.45501052679097,0.053054856462228815,158.58914815676087,3.880976716880486e-08,1.646502702659053e-08
4.6e-07,127.38347148191617,2.768488735075309,-143.77896553947483,0.05664815396835451,127.54088822566726,2.693660974461886,-143.3922055295238,0.05559069469053939,165.04268271109365,3.89692758614109e-08,1.640637086655681e-08
4.625e-07,115.87200593939275,3.148887163739721,-138.82840842809745,0.058540904315395166,116.47665387275086,3.2066051273575686,-139.15479683488945,0.05801206425522618,164.03666385866816,3.912240939396877e-08,1.639802182454708e-08
4.65e-07,99.30829356143904,3.6782856904171766,-134.60410928763577,0.06005047779656079,100.04378920856944,3.672528163324398,-134.7524495400908,0.06030700622412721,155.61656136060685,3.926872448725696e-08,1.6447804025738893e-08
4.675e-07,82.07104336193233,4.0058131931537435,-132.1682977971072,0.06347424083885787,79.53235777877794,4.070167152042835,-130.19608716593905,0.062465217076114604,140.16294467471798,3.940767171741676e-08,1.6558347344678204e-08
4.7e-07,55.9918317941314,4.395552912242309,-124.69125762708558,0.06465726894131613,56.33754665898888,4.383534068901896,-125.49783431402413,0.06447778586796862,118.37428208267579,3.9538619974751674e-08,1.6726151175140098e-08
4.7250000000000003e-07,31.688868553751973,4.63441459183432,-121.31931440536255,0.06568799442358714,31.812932156855098,4.6022837182138465,-120.67094974156556,0.06633687546690341,91.23537151430706,3.9660885702135686e-08,1.694170722220665e-08
4.75e-07,8.586770944901467,4.666542882776751,-114.17401548519784,0.06849491962200589,7.154743108218231,4.721498803205964,-115.7297503575175,0.06803538582486728,59.97282992384824,3.9773763720000435e-08,1.7190578485463192e-08
4.775e-07,-16.57453425004813,4.715724443200494,-109.97897413442809,0.06889660149445176,-16.667895036239234,4.74102385434656,-110.68952671968012,0.06956663045153193,25.999652996987844,3.987655669308253e-08,1.7455133922531293e-08
4.800000000000001e-07,-39.857352986019144,4.661662874910574,-105.37579740968663,0.06979373452641677,-38.93077813031509,4.664536906810923,-105.5664506839432,0.07092404645085179,-9.148649036314893,3.996860096695724e-08,1.7716554557636355e-08
4.825e-07,-59.76167164448076,4.479414249030212,-100.97597757221786,0.07153890726968631,-59.124342579201915,4.498568077039841,-100.37747592267678,0.07210094667321258,-43.88345296739803,4.004928745908658e-08,1.7956756754841655e-08
4.85e-07,-76.67336853181789,4.299345875246215,-95.41145753995197,0.07286525064154337,-76.8879180098515,4.25165510916318,-95.14023208915832,0.07309031279370126,-76.63482476016506,4.01180773435724e-08,1.8159984750432294e-08
4.875e-07,-90.75602608074561,3.9665965976806508,-93.5823365507729,0.07370221385424905,-91.92735396862439,3.9337722462588336,-89.87291345825871,0.07388462296826807,-105.92247699429599,4.0174513223567816e-08,1.8313954265166526e-08
4.9e-07,-105.35610727575606,3.5499565623304656,-84.85841429582983,0.07327392642352837,-103.93738165741979,3.556091351839646,-84.59416291992898,0.0744757084395637,-130.42267448559423,4.0218227167250036e-08,1.8410535412418925e-08
4.925e-07,-112.45338369365301,3.159974952026283,-80.35157962811085,0.07519494978804174,-112.5484739127966,3.1310481954423515,-79.32295224095314,0.07485463975544465,-149.028064101766,4.0248947274692743e-08,1.844602058607107e-08
4.95e-07,-117.17174852547062,2.7290043493724268,-72.7413700842553,0.07498135114013774,-117.31257017965822,2.67260880039845,-74.07845954161435,0.07501165319548268,-160.8977246022209,4.0266504302467366e-08,1.842103109857511e-08
4.975e-07,-117.40730640781848,2.2187989717512777,-68.80430111723433,0.07373582759330399,-117.7338487232368,2.1965757376821062,-68.8799449570907,0.07493613842450471,-165.4951743631236,4.027083934212817e-08,1.834009478010449e-08
5e-07,-113.50926597521108,1.7076586888820264,-63.46391623536892,0.07552366249017736,-113.34127465587977,1.720752941047214,-63.7466254683722,0.07461671570737233,-162.6126191250559,4.026201274467218e-08,1.821090522093606e-08
5.025000000000001e-07,-104.1030892530205,1.2805881035726596,-58.89139234808721,0.07427481425788965,-103.79068270056956,1.2648044647475973,-58.6975498941158,0.07404143214287286,-152.38034382033302,4.024021357553504e-08,1.8043279360185158e-08
5.05e-07,-89.26442619484155,0.8137676106952001,-53.652497018690305,0.07280200034271062,-88.97733918040056,0.8496949763814514,-53.751475033109905,0.0731980996435347,-135.26082399076424,4.020576806521269e-08,1.7847877727733776e-08
5.075e-07,-67.80589364125875,0.5391799294281404,-51.17277555239929,0.07180251550259849,-69.13655596457156,0.49667841813120683,-48.926743936885025,0.0720747831157161,-112.02782294635458,4.0159144966766966e-08,1.763483348975984e-08
5.1e-07,-43.573976707735,0.20774917255374664,-43.43976839073845,0.07197068632703463,-44.91067044626571,0.2258919477896712,-44.2411672736152,0.07066042777635644,-83.7314194257865,4.010095557378072e-08,1.7412522625634978e-08
5.125e-07,-17.83595017538885,0.06850479571125394,-41.123096626782576,0.06886386640713893,-17.365490583270066,0.05469832983766747,-39.71190871792451,0.0689455934779203,-51.650546428774824,4.003194644945898e-08,1.718675384603906e-08
5.15e-07,11.782544867426177,-0.034156937915574934,-34.784532164335445,0.0667076715921453,12.052667243170264,-0.004014697105172921,-35.35537526681306,0.06692324541280202,-17.235186356997417,3.9952983644536624e-08,1.6960622022837485e-08
5.175e-07,42.16482724065549,0.07652583508339958,-31.714510163155726,0.06495313741077766,41.61833702901366,0.05666249916240983,-31.187113339930978,0.06458953809302727,17.95916488841671,3.986506845386169e-08,1.6735135776906945e-08
5.2e-07,69.12061037869258,0.20540134384046907,-26.721141704541242,0.06076520777582224,69.47564452940534,0.23658840429890468,-27.221711473222623,0.06194452508172675,52.341802779290646,3.9769144260828824e-08,1.6510520631723148e-08
5.225e-07,93.69385414871493,0.49734018461718904,-24.705620005772488,0.059848312265187095,93.81506126590331,0.5281118375816481,-23.47271035898601,0.05899273093219069,84.35871038255293,3.966630079290296e-08,1.6287875299887164e-08
5.250000000000001e-07,113.06112949449152,0.9497786939337152,-20.44440941263892,0.055642785921763666,113.05358146255134,0.9163317792319962,-19.952520923098692,0.05574353308042028,112.56279638665775,3.9557572861803056e-08,1.60707020551694e-08
5.275e-07,126.24936603081818,1.3374374777545457,-15.347350322125964,0.05279163573708895,125.99259123620458,1.3800791715992564,-16.672351062133885,0.052211318088998766,135.6793003333974,3.9443942151571524e-08,1.586581245063009e-08
5.3e-07,132.93829480391472,1.922334897350112,-12.993782963130368,0.0487983274823539,131.9308650139984,1.8935212093870013,-13.642141589885977,0.04841539643022503,152.6634088876047,3.932630354497316e-08,1.568325232500091e-08
5.325e-07,130.97608442354814,2.4157578708789056,-11.789555519719348,0.04502416048600336,130.71706771484588,2.42819986982113,-10.870511865109068,0.04437968080795898,162.74747902054918,3.920543948932522e-08,1.5535160199316366e-08
5.35e-07,120.73734404704327,3.0031110799705876,-7.343883201645697,0.039826334404020114,122.73567025799096,2.9552568658983684,-8.364715490695968,0.04013215295822446,165.4757337266796,3.908200456457292e-08,1.5433784856799973e-08
5.375e-07,107.75462366178813,3.4281090262928275,-6.931188326400607,0.036744047209749955,108.83065519792433,3.4475766663369507,-6.130606389818393,0.03570416121750906,160.7248621063342,3.8956521167145864e-08,1.5389136330012212e-08
5.4e-07,90.31968139626923,3.8839059151721376,-3.882527165436661,0.031878296239554994,90.18099214419865,3.881600808204166,-4.172615477433974,0.031129604294864874,148.70959273759084,3.88293858758277e-08,1.5406847331758203e-08
5.425e-07,68.28889105923818,4.2578573181827934,-2.7448251713753367,0.025969048843315017,68.14895118092844,4.238626261081169,-2.4937380567996623,0.026444064186259254,129.9729884335378,3.870088483193135e-08,1.548675123143145e-08
5.45e-07,43.95753522400142,4.651186063848387,0.7753899654326388,0.021501906154409577,44.12569895399457,4.505487408531953,-1.0955319809900725,0.021683951955220288,105.36190103983995,3.8571215535136815e-08,1.562247243963736e-08
5.475e-07,18.80782422397808,4.743010076164275,0.0695356093966808,0.017125213131069805,19.39774974357237,4.674620021883308,0.021873470332611333,0.016885723759239808,75.98869565984884,3.8440511963814795e-08,1.5802054860590155e-08
5.5e-07,-5.765465901312603,4.693051333357678,1.4584157999001708,0.011046656629545194,-4.947060001781536,4.743599264739851,0.8597581377258692,0.012085211525966645,43.180974285128734,3.830896047797842e-08,1.6009439931399257e-08
5.525e-07,-29.1103767144725,4.701431564949463,3.2035277572828584,0.007414069217761686,-28.063410818692162,4.714316301615016,1.4207811788186113,0.007317094596541448,8.42157120877501,3.8180019218948446e-08,1.622729913914506e-08
5.55e-07,-50.77298255601656,4.588131248102381,3.560933308597021,0.0017380038836960214,-49.34112411295127,4.591997495965621,1.7089412271167959,0.002614517891231049,-26.718467707768212,3.805261241203981e-08,1.6436787105955952e-08
5.575000000000001e-07,-67.94551734846365,4.383492761832606,2.574376576108057,-0.00199565728816156,-68.35505196424822,4.3842705653630025,1.7295269071838266,-0.0019911582607265205,-60.650892729900015,3.792570307674634e-08,1.6620639134517863e-08
5.6e-07,-84.98383989701621,4.155564733583874,1.7893674135738635,-0.0076811238680816836,-84.78838445435021,4.100444600591096,1.4890581794904385,-0.006470508416486986,-91.84203552094732,3.779830756912704e-08,1.6764546167298062e-08
5.625e-07,-98.52525070276263,3.7576618005405447,2.004259485566994,-0.011657263459531974,-98.34998429110712,3.7511035609867736,0.9952190627855328,-0.010796134989871854,-118.88212745836172,3.766950633761781e-08,1.6858064402389042e-08
5.65e-07,-108.75217366930727,3.3050667781011933,-1.8549166178135468,-0.01555283226292527,-108.70682079927425,3.3480290728335085,0.2567823514486909,-0.01494274929347576,-140.54901796498513,3.753845245995785e-08,1.6895083309225504e-08
5.675e-07,-114.32356250715124,2.8956694807028573,-1.4661422541867177,-0.01809042703047999,-115.44898650041556,2.904384311920744,-0.7164729906546912,-0.018887280533486407,-155.86341293193962,3.740437960315609e-08,1.6873907088007745e-08
5.7e-07,-118.20939894482906,2.463407270145,-2.877714676329038,-0.021770627972853996,-118.09782122767692,2.4350226067264926,-1.9138510203173142,-0.02260903972929573,-164.13313658219846,3.726957653704626e-08,1.6797843242340764e-08
5.725e-07,-116.37050294287964,2.041125106567394,-3.273391521058962,-0.02571224720083426,-116.1586360588298,1.9567453064806775,-3.323833798235322,-0.026089947486983622,-164.98441623941457,3.713544421104824e-08,1.6673480047413338e-08
5.75e-07,-109.39283771615352,1.4294276422107766,-6.094004123954226,-0.02914502171490745,-109.21009686323622,1.488331165526165,-4.934181330068621,-0.029314814561927548,-158.37877600170222,3.700237529837699e-08,1.6509756424740438e-08
5.775e-07,-96.33835696051553,1.0632468724572497,-6.977407892373935,-0.0317157846459477,-97.01424698896983,1.050194925288506,-6.732035593007193,-0.03227164576916016,-144.6147757647782,3.6870829621679496e-08,1.6317096495280957e-08
5.800000000000001e-07,-80.28176782517404,0.6725668915289814,-7.0662392263507146,-0.03538496570718751,-79.62593393426957,0.6635998393294064,-8.70402774620299,-0.03495192437602254,-124.3145169945853,3.674134079808099e-08,1.610606009496114e-08
5.825e-07,-56.262694447449505,0.3011533757162576,-9.916895421470848,-0.03707702400733335,-57.479056815114234,0.34943556237452383,-10.836387601997238,-0.03735082815906269,-98.39552515774962,3.6614519134711296e-08,1.5886009356071614e-08
5.85e-07,-32.041018658830765,0.07901380863829678,-12.10804820398584,-0.03898098641161189,-31.4298767593395,0.12666330397552727,-13.115054421532957,-0.03946733107490465,-68.02927965996196,3.649104861733061e-08,1.5664054774856904e-08
5.875e-07,-3.5143254986639643,-0.01831796594311529,-14.408600956308872,-0.03995557721703269,-2.7441855741839847,0.01060768045465859,-15.52578809316784,-0.04130415572802939,-34.58826564465639,3.637167635187667e-08,1.5444553912253746e-08
5.9e-07,27.66404964951791,-0.01633906324564486,-17.245497668454774,-0.043174489038918476,26.975711528022547,0.011324609970406766,-18.05427975512891,-0.04286755978408573,0.4160592099142986,3.6257193722240057e-08,1.5229351648653784e-08
5.925e-07,56.28868742665788,0.2187903002283595,-18.96450095911759,-0.044224424513212644,55.918073574079216,0.13228694606251196,-20.68626093502114,-0.04416696124804805,35.4015791356887,3.614840967743747e-08,1.5018774160616847e-08
5.95e-07,82.84934262825577,0.3952243042729624,-23.61423179290247,-0.044273885224804244,82.2273483739568,0.36960095468227866,-23.40761029799239,-0.04521442947760682,68.78702830456255,3.604611776846826e-08,1.481316261060311e-08
5.975e-07,104.95692209652066,0.6554430386682234,-25.3225242745769,-0.04545879167624451,104.18589011162075,0.7119010441689076,-26.204457122391517,-0.04602408723602724,99.06346044280484,3.5951059614212135e-08,1.4614532104722975e-08
6e-07,120.44339308154174,1.152516216125745,-29.6450659666253,-0.046964407787233306,120.38606611072888,1.1409777804464765,-29.063280656344233,-0.04661148087960093,124.86244976629894,3.5863888201501694e-08,1.4427846942774824e-08
6.025000000000001e-07,130.30106346336598,1.671812197135524,-32.19039453313724,-0.04667006522616528,129.86808706074933,1.6330903687618659,-31.97100455052123,-0.0469929789189436,145.0179407096758,3.578513468468734e-08,1.4261465412720702e-08
6.05e-07,133.50172852683468,2.177722158507915,-35.87010647950198,-0.04730476467797558,132.2040664776396,2.1608167913285663,-34.915085611068555,-0.04718525316505281,158.61895098240294,3.571518208902375e-08,1.4126522076189708e-08
6.075e-07,127.58564841946038,2.742552318198677,-36.96677440394816,-0.048562150535291025,127.51723878040065,2.695219072361926,-37.883596171772204,-0.04720488251971612,165.0507458937414,3.5654248571509656e-08,1.403531934983065e-08
6.1e-07,116.3355293498028,3.2563984916018858,-41.153930088082944,-0.04721599262157694,116.43548907345108,3.20806031116113,-40.865299445528755,-0.04706809963552083,164.02262296082804,3.560238176597061e-08,1.399909279537784e-08
6.125000000000001e-07,100.18484838975937,3.6738801474581546,-44.95471666697012,-0.04708815655963472,99.98860583242805,3.6738107780907066,-43.84971728154106,-0.046790678550743356,155.58105099888562,3.5559464412472795e-08,1.4025697355037202e-08
6.15e-07,79.83059329533111,4.139452289995579,-46.91524362929891,-0.04574029809194034,79.46719363381374,4.071221942797963,-46.82718982574073,-0.04638794074859654,140.10756983659778,3.552523015321822e-08,1.4117776922840997e-08
6.175e-07,55.523636470242096,4.429500733556481,-49.45438826361926,-0.04610235681753559,56.266522160759656,4.38432219250663,-49.78892665712285,-0.0458748413343511,118.30154558473453,3.549928727285131e-08,1.4271831057389185e-08
6.2e-07,32.00629711539281,4.576429352986976,-52.30278634697211,-0.04434931890450447,31.7398540402449,4.60278292046206,-52.727049051273696,-0.04526608868342575,91.1485608806098,3.548114743662611e-08,1.4478340853805869e-08
6.225e-07,6.5719850212167605,4.722193926527864,-52.95338596493816,-0.044935398431885244,7.082825732508763,4.7217020353070795,-55.63462310368675,-0.0445762511489359,59.875868797344474,3.547025623397183e-08,1.4722850426694128e-08
6.25e-07,-15.812367162876654,4.63456010082087,-58.43505753939215,-0.04321135555038689,-16.736159131088048,4.740936818416598,-58.505683528754815,-0.043819812846662205,25.896923799782602,3.5466022583001675e-08,1.4987703066598633e-08
6.275e-07,-37.99442720009657,4.6987057390565745,-61.46956686618573,-0.041937093287190357,-38.993595396617344,4.664175136996163,-61.335248034849585,-0.043011155328328124,-9.252503178449812,3.5467844723851666e-08,1.5254047765406037e-08
6.3e-07,-59.20558861454832,4.432754601850089,-66.83800341843863,-0.042448360596786784,-59.180468613017155,4.497954163875543,-64.11932226091378,-0.04216446018339452,-43.983738083746374,3.547513148447091e-08,1.5503762054450826e-08
6.325e-07,-76.45988756413895,4.21930443968594,-68.26913128602179,-0.041449697517958996,-76.93642872897658,4.250816563259946,-66.85489534471387,-0.041293545796885246,-76.72700819184723,3.548731855544244e-08,1.5721043622353798e-08
6.350000000000001e-07,-91.76668979589368,3.9734394196036464,-70.11062262259534,-0.0415611356841987,-91.9673991143905,3.9327402972259002,-69.53992627660517,-0.040411666243005524,-106.00239226013024,3.5503880463165755e-08,1.5893552897522744e-08
6.375e-07,-103.34634336968585,3.5035724764784115,-72.18810129570117,-0.038871955713842304,-103.96798328818433,3.554900729162879,-72.17332127458108,-0.039531308916567885,-130.48670959755486,3.5524339610297714e-08,1.6013095056094462e-08
6.4e-07,-112.90261598589237,3.1991989248426687,-73.81647092933524,-0.037960406902257965,-112.56842188491052,3.1297376880841656,-74.75490249579809,-0.03866402847942541,-149.07332481861857,3.554827404123741e-08,1.607588722673558e-08
6.425e-07,-116.62327356340379,2.6821325554923976,-78.18310078499486,-0.037878375463793024,-117.32044592329893,2.671222189220056,-77.28536847599293,-0.037820347949147945,-160.92216524263767,3.5575325447475985e-08,1.6082464625775706e-08
6.45e-07,-118.6374882282555,2.234680305920362,-78.92814491816533,-0.037914282462798515,-117.72818176536205,2.1951625785000664,-79.76624676054251,-0.0370097446431621,-165.4976902658159,3.560520839484171e-08,1.6037257750857236e-08
6.475e-07,-112.65374944117258,1.6688987481651412,-83.5486784969629,-0.036459349881083375,-113.32080829828709,1.7193686692562675,-82.19983925875424,-0.036240721753213335,-162.59309657695124,3.5637720949034026e-08,1.5947851277116223e-08
6.5e-07,-103.10481818353622,1.2978719243603154,-84.6296410058538,-0.03611715448552559,-103.75470123553684,1.2635093977185199,-84.58916091569881,-0.03552094880894383,-152.3396651961475,3.5672755967400964e-08,1.582394143176543e-08
6.525e-07,-89.20595898905206,0.8631487703807428,-87.06837458434136,-0.035390310082703734,-88.92599351821575,0.8485519891796791,-86.93787235296752,-0.03485743955380392,-135.20082787167337,3.571031150521571e-08,1.567605634992783e-08
6.55e-07,-70.95101333796565,0.4514144744376424,-88.77681911572664,-0.034228259258658626,-69.07112053225084,0.49574932576529007,-89.25020718065409,-0.03425672665627242,-111.95122102031203,3.575049823124235e-08,1.5514185824833638e-08
6.575000000000001e-07,-44.30943963886115,0.18406973373751553,-91.97244022536036,-0.03440809725547366,-44.83367260686683,0.22523289620145595,-91.53089472719492,-0.03372499104480591,-83.64167392540182,3.5793541590471775e-08,1.534655299363427e-08
6.6e-07,-15.647064988619158,-0.047339092590083266,-92.8609119831732,-0.032922398297249245,-17.28067329679945,0.054354728398851325,-93.78507897105608,-0.03326810995661635,-51.55171364629075,3.583977675000636e-08,1.517880659673513e-08
6.625e-07,12.967485031790458,-0.003450163544242912,-96.53243395612427,-0.03228739018799293,12.140561573922227,-0.004013020347681191,-96.01823448833075,-0.03289160104845027,-17.131733309110437,3.588963509193832e-08,1.5013877327855334e-08
6.65e-07,41.813152097318266,0.09959477847079312,-97.90677297165395,-0.03317787108346869,41.703943360270515,0.057019796932347724,-98.23608025283264,-0.03260045787354936,18.062562359536894,3.5943662273098324e-08,1.4852608389349408e-08
6.675e-07,69.3615723702685,0.2617955731808326,-102.75574127925367,-0.03207306529682615,69.5534665565654,0.23728985089152244,-100.44449214009005,-0.032398891546980155,52.44047134341539,3.600232748870583e-08,1.4695060979014029e-08
6.7e-07,92.9499301355317,0.5203980792034321,-100.78789609540813,-0.03286754112331706,93.88001068377565,0.5291238283405612,-102.649414993607,-0.03229001104826827,84.44819044528498,3.606622999755976e-08,1.4542171669264262e-08
6.725e-07,112.61848453095078,0.9598854548079643,-104.29656053531416,-0.033624252205589594,113.10148874526558,0.917600435665695,-104.85677511085568,-0.032275487193547246,112.63904365293149,3.613590030499491e-08,1.4397282341225546e-08
6.75e-07,126.29058607139429,1.349664944446487,-106.4177896192792,-0.03337049553764775,126.02061465826048,1.3815342313644337,-107.07239399770485,-0.032355250562615026,135.73886860041557,3.621180429920936e-08,1.4267044113950177e-08
6.775e-07,131.95045120955893,1.8006091221485114,-109.43637788479384,-0.032619061597350237,131.93773999951395,1.895081511762736,-109.30190422347503,-0.03252727058075152,152.70360580535421,3.629431191655494e-08,1.4161339848181263e-08
6.800000000000001e-07,130.24882669972405,2.5202716490848682,-112.47704272223453,-0.03308903036163348,130.703163632618,2.4297797758751374,-111.55066818471815,-0.03278745198443704,162.76648777988774,3.638367380323504e-08,1.4092140231956607e-08
6.825e-07,123.21254022931234,2.950461389130678,-114.05727863301341,-0.032353720781698674,122.70285215987067,2.9567728312738244,-113.82370055437413,-0.033129667883212095,165.47269517497335,3.6480008119070143e-08,1.4071520113197813e-08
6.85e-07,107.0798909240539,3.4515365503396365,-117.10461511380399,-0.03390555459722362,108.78197847947803,3.4489531865895477,-116.12559515446533,-0.03354592846873593,160.6999135792008,3.658329837997416e-08,1.4109309846608063e-08
6.875e-07,89.87384483866991,3.953775950437416,-119.70846207348454,-0.03386513629088749,90.12028343934712,3.882775080211362,-118.46045694531993,-0.03402666456836846,148.66386185164143,3.6693401889455e-08,1.4210958732407179e-08
6.900000000000001e-07,68.82207746462883,4.169936680767082,-121.21458488187234,-0.03630904934443134,68.08034466288814,4.239551126621327,-120.83183977288701,-0.03456108908548535,129.9085421206736,3.681006707717856e-08,1.437611619963934e-08
6.925e-07,43.8506511334111,4.4653389011518705,-122.47297244315043,-0.03438901739733527,44.05320097057161,4.506132428218037,-123.2426904585014,-0.03513758964337764,105.28165212663839,3.693295713393173e-08,1.4598225840192733e-08
6.95e-07,19.56823167198784,4.657488163335913,-125.01404971565253,-0.0346291637729788,19.32489588489151,4.67497081993974,-125.6952997530145,-0.03574410404271423,75.89627121443856,3.70616768423746e-08,1.4865157157071063e-08
6.975e-07,-5.070145586266453,4.7615698107865905,-127.39180145354923,-0.036621318892502086,-5.017410972191335,4.743655537276861,-128.1912606100901,-0.03636843662312692,43.08055168196225,3.719579950988004e-08,1.5160660043830067e-08
7e-07,-27.527680646194298,4.673994648232138,-130.89036146178327,-0.03656619810695137,-28.129128585223174,4.71408905058123,-130.73143416231653,-0.03699848701118194,8.317689320822977,3.733489138547787e-08,1.5466283976173683e-08
7.025e-07,-48.644706312830095,4.620230020147296,-133.31317437185982,-0.037060780789018886,-49.40071551725975,4.591506110678686,-133.315923709241,-0.037622380551098046,-26.821113655741787,3.747853177950253e-08,1.5763380276043752e-08
7.05e-07,-68.29765894804953,4.297374701690402,-136.81851658065594,-0.038940485637138166,-68.40746445759004,4.383540316312254,-135.9440569491896,-0.03822850869814708,-60.74766337480012,3.762632813446974e-08,1.603488051995665e-08
7.075e-07,-84.59825863103991,4.09945560010796,-138.0335610688911,-0.03704303849626777,-84.83276037217423,4.0995049501186935,-138.61437660750346,-0.03880550437435032,-91.92855705000147,3.77779263226503e-08,1.626666901133167e-08
7.1e-07,-98.72908576073183,3.7188113299254395,-142.1560547159515,-0.03912487910806861,-98.38542948260763,3.7499874650030454,-141.32463953332152,-0.03934218874275831,-118.9544892954914,3.793301728028285e-08,1.6448489927685935e-08
7.125000000000001e-07,-107.89832454894275,3.3729360470667147,-144.42469659114346,-0.039326115470639356,-108.73224635542618,3.3467731919181216,-144.07182425601678,-0.03982753002173154,-140.6039495199439,3.809134158186432e-08,1.6574413064432753e-08
7.15e-07,-115.09446710838968,2.851219097503553,-145.24897027651798,-0.0408832054190513,-115.4630662486688,2.903029818283815,-146.85214691158492,-0.04025065113711206,-155.89843142353737,3.825269362947108e-08,1.664291324897076e-08
7.175e-07,-119.571304397584,2.5139561151771734,-150.7135572950121,-0.03966868854732267,-118.0990833095063,2.4336161101337175,-149.6610853694331,-0.04060091195485948,-164.1466592543623,3.8416926782239965e-08,1.6656608264372395e-08
7.2e-07,-115.99278569042396,2.0419101275765774,-153.4373256329363,-0.04070445467538542,-116.14567879588114,1.955339359153788,-152.49341131184747,-0.040868075621655,-164.97583189815862,3.8583960061552684e-08,1.662167471697247e-08
7.225e-07,-109.28472210481092,1.5262648444948756,-154.92009832320161,-0.04172140266104398,-109.1818924609119,1.4869838563885438,-155.34322994265878,-0.04104255017843117,-158.34847263970192,3.87537861851822e-08,1.654695081531593e-08
7.25e-07,-96.97723934704126,1.129355720197065,-158.03446002536563,-0.04062183165937666,-96.97047638848412,1.048968229853289,-158.20402692894962,-0.04111567951134477,-144.56412302498552,3.892647979385857e-08,1.6442761486149548e-08
7.275e-07,-79.57588509654936,0.5677740751775906,-159.7278393723025,-0.04160594349259615,-79.56728612802897,0.6625566254647935,-161.06872211073798,-0.04108004505775244,-124.24580426548853,3.910220402535278e-08,1.6319568533488198e-08
7.3e-07,-57.03359280415458,0.3740321031515682,-163.0246780600194,-0.04121413904209471,-57.407428172677854,0.3486354217915775,-163.92972944904562,-0.0409297338888245,-98.3118580982238,3.928121322186094e-08,1.6186637523922593e-08
7.325e-07,-30.390592528764437,0.11764779616261746,-167.2882971370542,-0.03957606543839189,-31.348420159387636,0.1261576350494851,-166.77902262321072,-0.04066053101471,-67.93443983056262,3.946384962286402e-08,1.6050984962638973e-08
7.350000000000001e-07,-2.8588547083320557,-0.03517227670019209,-170.18086392389472,-0.03911073090946364,-2.657183018810752,0.010434642118985983,-169.6082056342812,-0.04027000372907571,-34.48653958969245,3.9650532414802356e-08,1.59168788087998e-08
7.375e-07,27.671326127201624,0.004575931994566378,-172.41187351671533,-0.03930828792028077,27.063149761316396,0.011504661489956212,-172.4085877233137,-0.039757461855192223,0.5200737044181949,3.984173841393272e-08,1.5786080858007992e-08
7.4e-07,55.35199626639511,0.09534232411570533,-175.43154762683437,-0.039727159851025,56.00045046337729,0.1328196632483355,-175.17126187185198,-0.03912379709907836,35.503180851452086,4.0037974809534285e-08,1.5658842537466715e-08
7.425e-07,82.57981879619634,0.3746204303056396,-177.79618169636996,-0.03745490623949757,82.2993047738535,0.3704636702528432,-177.88718611713648,-0.03837122396894904,68.88162507541175,4.023974560197028e-08,1.5535439437556016e-08
7.450000000000001e-07,104.60155838893326,0.7094950199421092,-178.86326245168405,-0.03821842935709087,104.24273938790515,0.7130496201699876,-180.54726688703903,-0.037502960488442136,99.14677671012366,4.044751442870335e-08,1.5417829668036292e-08
7.475e-07,119.29779894583368,1.0930961871977534,-184.22716264897335,-0.036112228090715966,120.4242623562131,1.1423495228785572,-183.14244353956101,-0.036522896415306046,124.93071982453971,4.066166719605965e-08,1.5310927006400648e-08
7.5e-07,130.3428136315869,1.6924860226924259,-182.86680909573994,-0.034872599964229964,129.88555990062622,1.634608788287365,-185.66377327917823,-0.035435298176056014,145.06807890767686,4.088247819324359e-08,1.522304252048852e-08
7.525e-07,131.65474067973534,2.1526844018163427,-187.90393290544804,-0.032683440238045945,132.2003761335205,2.1623976504236686,-188.1025156174685,-0.03424459294139407,158.6486911877952,4.111008310248934e-08,1.5165263423943456e-08
7.55e-07,127.79845169685026,2.6439001407744143,-188.88751314712,-0.032411969928871125,127.49353339366618,2.6967769826364525,-190.45021554837848,-0.032955260354981974,165.05874391696844,4.134446156702128e-08,1.514984190529744e-08
7.575000000000001e-07,116.67389193553218,3.2207715383661695,-191.90742883815835,-0.03049819076878101,116.3942773981429,3.209515083960033,-192.69878461914197,-0.031571841800851805,164.00851730945388,4.1585430850469634e-08,1.5187959088991406e-08
7.6e-07,99.92818631349607,3.6144729123457306,-193.99124099261005,-0.03016527472996364,99.93338692631312,3.675092796039729,-194.84057909616277,-0.03009905698956724,155.54547921622975,4.1832650793984004e-08,1.528741167314636e-08
7.625e-07,79.21730226985991,3.9949225873607372,-196.67002581464095,-0.028565952760103534,79.40200620849782,4.072275997203315,-196.86847445096257,-0.028541999549378777,140.05213968622914,4.2085638959178516e-08,1.5450783422196152e-08
7.65e-07,55.18065808369033,4.322232235820852,-200.2342287794712,-0.026449667354644723,56.195486243093164,4.385109489677903,-198.77593542433084,-0.026906370348380816,118.22876238321824,4.2343793741121564e-08,1.567451469092376e-08
7.675000000000001e-07,31.62400578074894,4.544565800693032,-201.61788992167104,-0.024926403767450693,31.666774959240165,4.603281253682462,-200.55708096681272,-0.02519870165012419,91.06171426290324,4.260642251171946e-08,1.594903119122722e-08
7.7e-07,6.5707940242564415,4.7614810397847664,-200.99770125461313,-0.023001520343156424,7.010915831513572,4.721904397353316,-202.20674340026298,-0.023426527813936723,59.77888403279375,4.2872771608643775e-08,1.62598277394438e-08
7.725e-07,-15.128901731264293,4.695304227840288,-204.47954794761614,-0.020534450216686494,-16.804409478860073,4.740848944757119,-203.72052119796604,-0.02159846852593849,25.794184378884296,4.314205523351963e-08,1.658920562379276e-08
7.75e-07,-39.17863227763115,4.707165745680532,-204.8364936945286,-0.021666124781648366,-39.05639453620305,4.663812586469622,-205.0948248392982,-0.019724206565365505,-9.356353667841832,4.341348099561275e-08,1.6918279222012857e-08
7.775e-07,-59.075442067706625,4.424018109479894,-206.2251787022271,-0.01866813323222919,-59.236573446360104,4.497339544282569,-206.3269152585557,-0.017814360943813914,-44.08400583601263,4.3686270792619225e-08,1.722889804081071e-08
7.8e-07,-77.25358106918772,4.340405429996656,-208.73741800548765,-0.01602178517273947,-76.98491574691863,4.249977397485556,-207.41493447582187,-0.015880274492546444,-76.8191613329217,4.3959676772126085e-08,1.7505237020038324e-08
7.825e-07,-92.41015101606152,3.8422838539471704,-208.23394912921475,-0.0135637913484956,-92.00741794142039,3.931707825117169,-208.3579280699767,-0.013933749337038738,-106.08226567789696,4.423299306847649e-08,1.7734937653759275e-08
7.85e-07,-105.16509666827893,3.610775803042635,-209.93990798682415,-0.012028666690268025,-103.99855539357806,3.5537096911188013,-209.15585922951058,-0.011986771629621305,-130.55069319542906,4.45055646872913e-08,1.7909788636591557e-08
7.875e-07,-111.75820313277376,3.20346230547858,-209.78398879202794,-0.009438171982838254,-112.58833640824643,3.128426886435362,-209.80961419500548,-0.010051267028100264,-149.11852668368442,4.477679519649061e-08,1.8025991897196236e-08
7.900000000000001e-07,-116.84858797410922,2.6753333843757865,-211.76855420557433,-0.008587210590607953,-117.328283849346,2.6698354210117463,-210.32099898728117,-0.008138920750837783,-160.94654235353212,4.5046154737400243e-08,1.80840677185134e-08
7.925e-07,-116.87714214406395,2.1518741069960514,-211.47410509213648,-0.005491923043156335,-117.72247281701547,2.193749417301458,-210.6927273965451,-0.006261082059974983,-165.50014083264108,4.531318933469939e-08,1.808843099353254e-08
7.95e-07,-113.44971718838961,1.6990647272319,-209.774749993921,-0.005015195255155489,-113.30029687627571,1.7179845670766762,-210.928400289691,-0.004428755326732761,-162.57350983966705,4.557753167674961e-08,1.8046649226024462e-08
7.975e-07,-103.19908131749496,1.2464915253329647,-212.52135281313792,-0.0018720128919808925,-103.71867372720368,1.26221468370142,-211.03247637441785,-0.0026526616982927706,-152.29892643067475,4.583891262841147e-08,1.7968399128465676e-08
8e-07,-87.75233859525365,0.8534010081093483,-210.66076328583387,-0.0019446790810096024,-88.87460381994275,0.8474095413158084,-211.0102346393469,-0.0009433401843561434,-135.1407783774368,4.609717191836561e-08,1.7864186519476995e-08
8.025e-07,-67.8603728292136,0.4254367405787597,-212.21318357418204,0.0007936476529149206,-69.00564665143654,0.49482094963504114,-210.86772876806316,0.0006887524377360663,-111.87457489769868,4.63522658896197e-08,1.7743976199691983e-08
8.05e-07,-43.337813887332246,0.2598635730663675,-209.91923711717783,0.0027998422720776715,-44.75664563520306,0.2245747137203307,-210.61173390127794,0.002233185324311676,-83.55189540461092,4.66042700454525e-08,1.7615964563374182e-08
8.075e-07,-16.947158452571284,0.09696590644175054,-210.84713712280072,0.004085108214808556,-17.195839546778487,0.054012109908996145,-210.24968619440386,0.0036795770798746016,-51.45286051200767,4.6853374421743206e-08,1.7485773613806805e-08
8.1e-07,11.744413647348003,-0.000910102296149511,-209.58280802279262,0.0047142463423901345,12.22845723857612,-0.004010299112204466,-209.78961568708127,0.005017722036187382,-17.028273497886463,4.70998705449776e-08,1.7356309648081527e-08
8.125000000000001e-07,42.57610933543774,-0.018807354909279157,-207.70060684048724,0.007224384255299484,41.78953474451032,0.057378138887793244,-209.24007306595675,0.006237824237405467,18.16595269984585,4.7344169964137053e-08,1.7228396195956143e-08
8.15e-07,69.58388673281738,0.13503258126966705,-210.36864425358414,0.007394676867391964,69.63125776122494,0.23799227545388088,-208.61005096169328,0.00733082446419172,52.5391192048759,4.7586614152450046e-08,1.7102081259575327e-08
8.175e-07,93.76506525032401,0.5142627058770721,-207.07077028915293,0.009061429350328604,93.94491539576616,0.5301366671560799,-207.9089004752321,0.008288787892230738,84.53763716920783,4.7827681421579234e-08,1.6978295211362172e-08
8.2e-07,113.71508029227891,0.8841995281393568,-204.52070130534193,0.008621513799073601,113.14934082038786,0.9188697551356357,-207.14624367622835,0.009105307277343015,112.71524645109467,4.806778878394573e-08,1.686037972575126e-08
8.225000000000001e-07,128.27109102198176,1.3436658335251273,-206.0192605146657,0.009464115576950087,126.04857674611145,1.3829897281182755,-206.33188285789333,0.009775871184862846,135.7983832798801,4.830729664029899e-08,1.6754989367818082e-08
8.25e-07,131.8441733349058,1.8778782679452217,-204.70121935473813,0.01004211465922691,131.94455235897445,1.8966420019638828,-205.4757073668068,0.010298149748870625,152.74374243813895,4.854647802214742e-08,1.667201105815399e-08
8.275e-07,131.35830189002112,2.409446182141529,-203.77273518498458,0.012031925812560035,130.68920033971253,2.431359617033663,-204.5875988532822,0.010672161306636636,162.78543228159444,4.878549581757281e-08,1.6623417328299664e-08
8.3e-07,123.42981717819377,3.0170790711039084,-203.28125914913156,0.012095920214190599,122.66998229793181,2.958288494312947,-203.67733580731797,0.010900300169668994,165.46959129726764,4.902439011353947e-08,1.6621280904598925e-08
8.325e-07,107.13058687022962,3.4678307726870576,-203.63395380833106,0.010633013806860261,108.73326037533813,3.4503291982852318,-202.7544982568446,0.01098722586666108,160.6749016102868,4.926307653841927e-08,1.6675425930754993e-08
8.35e-07,89.6023089123127,3.91461971070838,-201.59651771059896,0.01157544671887028,90.05954531973197,3.883948680052815,-201.82837350875795,0.010939633978091551,148.61807227555323,4.95013551424751e-08,1.6791292946851934e-08
8.375e-07,67.87150046663066,4.267821942917769,-201.90173232828587,0.009680554019902069,68.01172093301655,4.2404752049564784,-200.90786380906232,0.010765944791625168,129.844044521975,4.9738928122830296e-08,1.696852282797202e-08
8.4e-07,43.61660634357963,4.4917557801344925,-198.7450700665005,0.010781788066149947,43.98069703512943,4.506776594741526,-200.00139678633164,0.010475955716339027,105.20136164991062,4.997542377239669e-08,1.7200554031724636e-08
8.425e-07,19.398275404841243,4.786769928405578,-200.1785595879959,0.01088446459845408,19.25204556602202,4.675320743838843,-199.11683952274305,0.010080505118506175,75.80381680638342,5.021042354432097e-08,1.74752572228017e-08
8.450000000000001e-07,-5.277666264664629,4.792797645707776,-196.61356860697393,0.008395506669565213,-5.087751059777453,4.743710952330668,-198.26141706927237,0.009591188816615569,42.980112071275066,5.044348913257976e-08,1.777639170268631e-08
8.475e-07,-26.78578435254151,4.659849808064106,-198.17912859278874,0.008702968197067194,-28.19483020295424,4.713860987741376,-197.44163618652018,0.009020157175250617,8.213804149177752,5.067418694710661e-08,1.8085525379479272e-08
8.5e-07,-50.30991281809041,4.628228854231564,-195.40679104020623,0.008350293225071331,-49.46028713482573,4.591013980034461,-196.6632150503248,0.008380003052136311,-26.923749015162134,5.0902108200102014e-08,1.8384036732066025e-08
8.525e-07,-67.86904839975602,4.417603671542866,-196.0346935106908,0.006939212476483184,-68.4598544711579,4.382809402802599,-195.93101961219702,0.007683732025802676,-60.844410037483684,5.112688385129878e-08,1.8654892161042413e-08
8.55e-07,-84.64228050634304,4.156473376075718,-194.741052524627,0.006799718758771787,-84.87711132722289,4.098564727001745,-195.24900724907883,0.00694478978576393,-92.01504228711815,5.13481946875616e-08,1.8884017034135564e-08
8.575e-07,-99.17557725119771,3.838653653927253,-193.60617856117267,0.005172797194545517,-98.42084683806075,3.748870898497462,-194.62017827547643,0.006177110288597708,-119.02680417127418,5.15657776468672e-08,1.906120135304553e-08
8.6e-07,-108.60566056498811,3.3084034162736375,-192.809799115214,0.004124416812391103,-108.75764050076131,3.3455169546243617,-194.04653582416805,0.005395144286001806,-140.65882556668888,5.1779429990090146e-08,1.918056413202672e-08
8.625e-07,-116.36308806776036,2.865167560739899,-193.02641550782263,0.004742304334218162,-115.47711038060034,2.9016750972560796,-193.52905453002302,0.004613831798037229,-155.9333883689026,5.1989012995317904e-08,1.924063158276203e-08
8.65e-07,-118.6299514047669,2.4259588868327406,-193.67042681244752,0.0033964449885004284,-118.10030540454984,2.4322095323603943,-193.0676583756147,0.0038484932681962297,-164.16011712402496,5.219445649952054e-08,1.924407387778549e-08
8.675000000000001e-07,-114.36337236717675,1.941191522361616,-192.87785823990012,0.0020819806444444394,-116.13267780118696,1.953933494438247,-192.66120797792354,0.003114630417546241,-164.9671824270569,5.239576492309197e-08,1.919711986091366e-08
8.7e-07,-109.81670816978747,1.515939225494675,-192.69113337246623,0.0026395708355200793,-109.1536421808256,1.4856368083127043,-192.30749751320906,0.0024276461984774566,-158.3181067642324,5.2593024531271314e-08,1.910865868997174e-08
8.725e-07,-96.44104205756463,1.0765571606969708,-193.10659717494244,0.003082625499356326,-96.92666033183392,1.0477419817139744,-192.0032613927977,0.00180251032866371,-144.51341321356657,5.278641079798013e-08,1.8989063981076334e-08
8.75e-07,-78.96301759451723,0.7204539160640411,-191.72997617594817,0.0019288439892408212,-79.50859661914662,0.6615140421843779,-191.74419071683116,0.0012534094796579523,-124.17704248611591,5.297619403107982e-08,1.884884340793804e-08
8.775000000000001e-07,-56.66698431812974,0.34364947638472765,-191.65658395892083,0.00020816855951658107,-57.335765298428804,0.34783607844902403,-191.52495944670235,0.0007934269169730125,-98.22815222673336,5.316274105091272e-08,1.869730570103563e-08
8.8e-07,-33.00260462495183,0.1534918095602603,-191.90516505896179,0.0007647704295525046,-31.26694040557868,0.12565289832853194,-191.33926015073408,0.0004342940848280735,-67.83957318172018,5.334651078268279e-08,1.8541508754253425e-08
8.825e-07,-2.452257607982409,0.01462641082601081,-191.57975462534634,0.00039741552528813084,-2.5701713532477974,0.010262624854986021,-191.17984909239544,0.00018624658696514293,-34.38479991998884,5.3528042144561295e-08,1.838576178806636e-08
8.85e-07,25.926806710959898,0.09870865911689657,-190.71036804547126,-0.0010552888007371302,27.150581213943262,0.011685765231691316,-191.03860034675307,5.8000920001361253e-05,0.6240879936040526,5.3707933520213406e-08,1.8231869702664703e-08
8.875e-07,56.60794122335758,0.16846780603168812,-191.75474489391593,-0.0007686386218824364,56.082804292550534,0.13335339914552624,-190.9065685496683,5.684895314469653e-05,35.60476855112194,5.388681425644536e-08,1.8080130543603152e-08
8.900000000000001e-07,82.28135929131784,0.30143271190657883,-189.05180215294476,0.0008897935456535049,82.37122304595924,0.37132730539392467,-190.77405980619426,0.00018884791008005774,68.97619465288837,5.40653098345323e-08,1.79308707363995e-08
8.925e-07,105.24320575213969,0.7649880814074849,-190.12503022814226,0.0014599742704947938,104.29953819584117,0.7141989564665014,-190.63071021039957,0.00045906789098824934,99.23005383586428,5.424400342221257e-08,1.7786102712372163e-08
8.95e-07,120.65227750947201,1.102022413005317,-189.77416906004095,0.0014759953836428288,120.4623997325373,1.143721817727746,-190.46557135910803,0.0008718495687079641,124.99894056211004,5.442339723728453e-08,1.7650795837917666e-08
8.975e-07,129.7071447383294,1.632678931257519,-190.01350814055465,0.0011995590100708454,129.90297014835102,1.636127520019324,-190.26720217743008,0.0014310232961235137,145.11815983509783,5.460387741131305e-08,1.7533314760792876e-08
9.000000000000001e-07,131.53598264573608,2.117310627041708,-189.57088298200568,0.0022478858260236013,132.19662431817838,2.1639785682292345,-190.02376631504052,0.0021400477608247287,158.67836876119736,5.478568577805585e-08,1.7444794744997468e-08
9.025e-07,127.94760442173323,2.715704421698882,-190.67383940020216,0.0024585230968334508,127.46977208756759,2.698334704338836,-189.72313431947924,0.0030020403489899507,165.06667677761763,5.4968901257833116e-08,1.7397527671211168e-08
9.05e-07,116.11073859197211,3.2236147992805093,-188.06546637584242,0.004524770450229235,116.35301887760876,3.2109694447500003,-189.3529897467743,0.004019690112226774,163.99434691011461,5.515343238019062e-08,1.7402724605958032e-08
9.075e-07,99.63200124602483,3.764777654402484,-189.61062207700817,0.0051954613884138846,99.87813252570672,3.6763742162048514,-188.9009383308557,0.005195064423977907,155.50984602668208,5.5339021159423135e-08,1.7468202791505166e-08
9.1e-07,79.26665177403407,4.067857305685339,-187.63803221266554,0.006948247860855194,79.33679553897156,4.073329314422799,-188.35461930187358,0.006529338572523484,139.99665424549315,5.552525721954636e-08,1.7596559021175824e-08
9.125e-07,56.1638333463442,4.406702678583888,-188.12533472790648,0.008267298767305926,56.12443893930287,4.385895959791837,-187.70181791998147,0.008022490541873609,118.1559325068565,5.571159996196091e-08,1.778424194747128e-08
9.15e-07,31.062261064529714,4.532078134184186,-186.07527885098034,0.00916490214388102,31.593694941888963,4.6037787175281615,-186.93057827558835,0.009673008878599086,90.97483169547499,5.589740584604908e-08,1.802168372842401e-08
9.175e-07,7.5429849559448465,4.779102662023504,-185.36267334757616,0.010915041988072187,6.93901342688601,4.722105889320979,-186.02931539970132,0.011477658939752859,59.68187566848743,5.608195760866576e-08,1.8294386037441985e-08
9.2e-07,-18.096937687206086,4.7697008976303215,-185.7636613100299,0.012623181245415093,-16.872646064080996,4.740760233696609,-184.98692572884832,0.013431342535593685,25.691434774849334,5.6264492497777716e-08,1.8584658655087292e-08
9.225000000000001e-07,-39.94345343798289,4.79283372983521,-183.46455291790357,0.014259239772965173,-39.11917553843021,4.663449255927303,-183.79289497819533,0.015527069947005041,-9.460200463497124,5.6444227268326494e-08,1.887362620935848e-08
9.25e-07,-59.398606139407235,4.455187803417889,-182.3318219002709,0.018989393990691158,-59.292657071378414,4.496724219330167,-182.43740249381045,0.017756044443689924,-44.184256184610405,5.662037864345799e-08,1.914314946545915e-08
9.275e-07,-75.65236521674329,4.253678925755688,-179.7631537806757,0.019338433075286213,-77.03337905642918,4.249137613281389,-180.91142118041677,0.020107841165267835,-76.91128414700785,5.679217899525252e-08,1.9377414384899022e-08
9.3e-07,-92.61477362231471,3.882965223279071,-177.45321036485439,0.02263872573042878,-92.04741044127925,3.9306748317382887,-179.20681213425695,0.022570647828392788,-106.16209721606612,5.695888794863307e-08,1.9564071873919787e-08
9.325000000000001e-07,-104.00992424852184,3.543498829220212,-177.03701712089125,0.02556646438040856,-104.02909796304708,3.5525182398601367,-177.31641315154198,0.02513152674106047,-130.61462525395638,5.71198012875088e-08,1.9694917177587024e-08
9.35e-07,-113.49866308129961,3.0741215468991703,-176.1998341474686,0.028484210358078473,-112.6082174703398,3.127115792963619,-175.23412033108,0.027776657412066523,-149.163669679117,5.7274258826356036e-08,1.9766154872164914e-08
9.375e-07,-116.02019729976239,2.672917882987976,-174.181946069123,0.030875720052250175,-117.33608394480797,2.6684484985020664,-172.95496204464519,0.030491526585025172,-160.97085592528055,5.742165276267986e-08,1.9778303121912715e-08
9.4e-07,-117.24097454545873,2.2025202144808502,-170.11619806035276,0.03372340085295741,-117.71672186702806,2.1923362569928164,-170.47516461000484,0.03326104633198535,-165.50252606263157,5.756143748866541e-08,1.973576917028734e-08
9.425e-07,-113.22326077412413,1.736929939683992,-166.94854109107897,0.03539171893166882,-113.27974038339354,1.7166006374771352,-167.79220906874824,0.036069598289283626,-162.55385892093605,5.769314103120913e-08,1.96461066411352e-08
9.450000000000001e-07,-104.32675489896359,1.2677032967040927,-167.2125745464785,0.03838947027050297,-103.68260017671726,1.2609203255785644,-164.9048785435762,0.03890101990366264,-152.25812753999782,5.781637737870869e-08,1.9518971579220494e-08
9.475e-07,-87.79332661294364,0.822747198612448,-162.19404593939123,0.042885004008604524,-88.82317009660487,0.8462676354098595,-161.81329572691752,0.04173856328782406,-135.08067553176116,5.7930858132072274e-08,1.936484213244877e-08
9.5e-07,-68.96728500886374,0.4895999798581406,-158.48227619166,0.044774676900894345,-68.94013434418245,0.49389329190695247,-158.5189501339444,0.04456486609115515,-111.79788460877663,5.8036401363710326e-08,1.9193648820657238e-08
9.525e-07,-43.772684682752114,0.14266566777838063,-154.88400494401665,0.04778002952936769,-44.67958956403058,0.22391740186911702,-155.024714837606,0.047361974843548434,-83.46208389885494,5.813293541177859e-08,1.9013548363955336e-08
9.55e-07,-17.246030445675952,0.14267717022514062,-151.42047456458394,0.05142352256768499,-17.110989374772384,0.05367047507852466,-151.33485249042582,0.05011145407409138,-51.35398706495011,5.8220495635645814e-08,1.883011976781815e-08
9.575e-07,11.78714901573769,-0.0024730273109780498,-145.7126311705478,0.051440602456736095,12.316354190074176,-0.004006533627710624,-147.4550105267911,0.05279460015623826,-16.92480696416979,5.829921288674673e-08,1.8646225677697137e-08
9.600000000000001e-07,41.3415717798735,0.0863599258463619,-143.46139815830543,0.054111250877429545,41.87511113350727,0.05773752379314017,-143.39220552952364,0.05539275960523323,18.269335868522038,5.836933363964315e-08,1.8462648056680045e-08
9.625e-07,69.64201114887166,0.3088564612159741,-138.41059583786944,0.05791412049389564,69.70901809874283,0.2386956757487618,-139.15479683488934,0.05788773068241038,52.637746324721974,5.843103179907844e-08,1.8279397552649993e-08
9.65e-07,94.46341381415624,0.5232790622906948,-133.64686374507477,0.06032744877921984,94.00977536532126,0.5311503508716068,-134.75244954009068,0.06026220824005479,84.62705051901033,5.848461725070853e-08,1.8097372308297122e-08
9.675e-07,111.96773704055866,0.9171849105405033,-130.88624215420361,0.06246048395492579,113.19713766304605,0.9201397337213113,-130.19608716593916,0.06250021812285193,112.79140475106533,5.853033983690593e-08,1.7919886302826754e-08
9.7e-07,126.75476880112198,1.370972906345931,-125.74354508402975,0.06503814919120404,126.0764774887531,1.3844456573927888,-125.49783431402406,0.06458748168089239,135.85784434829222,5.856839605469653e-08,1.7753569031339603e-08
9.725e-07,132.05661537352222,1.9227585834272511,-118.86871828703293,0.06684971639016203,131.95130209573827,1.8982026752331564,-120.67094974156564,0.0665116543806823,152.7838187701127,5.8598900417475364e-08,1.7608282380714637e-08
9.75e-07,130.92447522802155,2.405109685246366,-115.82178633818529,0.06824863515543203,130.6751778526205,2.4329393885264365,-115.72975035751762,0.06826239503341065,162.8043125181905,5.862186485385621e-08,1.749597152190536e-08
9.775e-07,123.37315401733008,3.01023788219483,-108.62956000306198,0.07052880008361626,122.63706069909738,2.9598038505020945,-110.68952671968023,0.06983124230103374,165.46642209478782,5.863718825771212e-08,1.742867822666239e-08
9.8e-07,108.99912433020036,3.409460167430549,-104.18986711843621,0.07235500864607237,108.68450091915889,3.4517046974077417,-105.56645068394344,0.07121130023370786,160.649826209466,5.864465705295671e-08,1.741619245842616e-08
9.825000000000001e-07,90.11914432907969,3.860376107164044,-101.33537600992265,0.07239616857103273,89.99877782165122,3.885121604404302,-100.37747592267675,0.07239676121605007,148.57222402740322,5.864395629026551e-08,1.746391939145803e-08
9.85e-07,69.85278298538242,4.231820857804058,-96.21353007658459,0.07282553600311384,67.9430800264177,4.241398493592869,-95.14023208915823,0.0733823191531649,129.77949566290255,5.863468956208872e-08,1.7571466607950786e-08
9.875e-07,43.77401675088702,4.534303866707842,-91.34959356557208,0.07422427805900937,43.90818717856398,4.5074199065186455,-89.87291345825865,0.07416254451771974,105.12102964134863,5.861640509624464e-08,1.7732245062383015e-08
9.9e-07,18.733057893263304,4.75215412156535,-86.28522457277847,0.07587918820561858,19.179198811853745,4.675669792932108,-84.59416291992892,0.0747313031566248,75.71133247217877,5.8588624901891203e-08,1.7934107083243703e-08
9.925e-07,-4.84242885191391,4.745490885426155,-79.97644349136635,0.07554155642260041,-5.158080246089396,4.743765510168787,-79.3229522409533,0.07508130065972089,42.87965549272147,5.8550873852345977e-08,1.8160805249365577e-08
9.95e-07,-27.00707039415011,4.699170647072935,-73.26715081196066,0.07520432912152032,-28.260515659053432,4.713632114227755,-74.0784595416145,0.0752038230040982,8.109915734853908,5.8502706068508955e-08,1.83939136277823e-08
9.975e-07,-49.784822440784474,4.627057953990152,-68.35463630353763,0.07398156881676389,-49.519838956685106,4.590521105959048,-68.87994495709077,0.07508872288868121,-27.026373745513915,5.8443726806157224e-08,1.8614829918910843e-08
1e-06,-67.47589677112704,4.376229013384361,-62.769672753692504,0.07444480184953499,-68.51222199766522,4.382077827472572,-63.746625468372365,0.07472467190818279,-60.941132679758866,5.837360908232924e-08,1.8806552219322728e-08
1.0025e-06,-84.89679340632883,4.1066519546989175,-59.13571307820987,0.07489819041474798,-84.92143731182902,4.097623934504376,-58.69754989411622,0.07409966510207251,-92.10149119815044,5.829210530399353e-08,1.8955049094493526e-08
1.0050000000000001e-06,-99.71635862853296,3.7530287515010166,-54.59763325547749,0.07278385658166368,-98.45623634801709,3.7477538652674864,-53.75147503310989,0.0732017311448105,-119.09907205716053,5.819905499684744e-08,1.9050164200812177e-08
1.0075e-06,-107.16152707518937,3.3506307254529624,-49.69712513964661,0.07203888408785189,-108.78300322366802,3.344260365180925,-48.92674393688495,0.0720197736973479,-140.713646083559,5.809439022522609e-08,1.9086079711945828e-08
1.01e-06,-115.34550694096298,2.9187424145709775,-44.07728778322108,0.0711653165478817,-115.4911188832416,2.900320153378756,-44.241167273615105,0.07054445201378155,-155.96828375423675,5.797814036514859e-08,1.9061393661297042e-08
1.0125e-06,-118.43078292816887,2.4220753892782163,-40.43249238666509,0.06897364413178926,-118.1014875003901,2.4308028781182283,-39.71190871792443,0.06876900517518365,-164.17351018587306,5.7850437542611346e-08,1.897885590236198e-08
1.015e-06,-115.85569918131439,1.8930067373675348,-35.50019838032758,0.06662257236579891,-116.11963306556825,1.9525277170459496,-35.35537526681316,0.06668993533943461,-164.95846782952418,5.771152336035752e-08,1.8844781986560847e-08
1.0175e-06,-108.33551866476384,1.404418856466721,-28.61461442891123,0.06271796992176155,-109.12534602,1.4842900258115987,-31.187113339931138,0.06430748932139327,-158.28767838728155,5.756175665586502e-08,1.86681539589055e-08
1.02e-06,-97.18939291254769,1.0029787175545504,-27.22870422297737,0.061525876108304504,-96.88279882489581,1.0465161849626838,-27.22171147322275,0.06162591012582699,-144.46264635054243,5.7401621146492345e-08,1.8459443781760594e-08
1.0225e-06,-79.14862989317444,0.6703794520775711,-23.909116754504254,0.058220016714698335,-79.44986542411846,0.6604720929274516,-23.472710358986156,0.058653464438812815,-124.10823168361351,5.72317311134535e-08,1.8229262584995538e-08
1.025e-06,-56.49217326831654,0.2817334161878255,-19.76876390554179,0.05655199197314996,-57.264068219926735,0.3470375349092215,-19.95252092309896,0.05540228190376726,-98.14440757632407,5.705283291185847e-08,1.7987027946297032e-08
1.0275000000000001e-06,-31.736595767657192,-0.008328470229051532,-15.08737978045717,0.052558829605200426,-31.185437535424285,0.12514909530349785,-16.672351062133828,0.05188806186391541,-67.74467975089075,5.6865800165669874e-08,1.7739913049382223e-08
1.03e-06,-2.3330906473549655,0.023978713394928595,-12.96661778911149,0.04753530628653625,-2.4831506223060646,0.010091628939198693,-13.64214158988593,0.04812971018798515,-34.28304667571193,5.667162103063274e-08,1.7492350566597902e-08
1.0325e-06,26.34804454077634,-0.032461625827291965,-9.151316054577514,0.043683094256472675,27.2380058376799,0.011867920186224517,-10.87051186510904,0.04414896281998764,0.7281020364098543,5.6471376817625086e-08,1.7246279002190345e-08
1.035e-06,56.20192430614088,0.0957632391893315,-8.043290715780023,0.04009218097530181,56.16513501458099,0.13388815147147606,-8.36471549069601,0.03997003652789977,35.70634219459304,5.626621242296532e-08,1.7002141793681757e-08
1.0375e-06,81.93831213524122,0.36249806447748323,-7.254073430276368,0.03525475915438807,82.44310314916719,0.3721918566515912,-6.130606389818496,0.035619325531821615,69.07073699965358,5.605730022155084e-08,1.6760423159326896e-08
1.04e-06,104.79909727747612,0.6982373224139705,-4.537373835000938,0.030985407031586802,104.35628650436145,0.7153490486196259,-4.17261547743405,0.031125140497139662,99.31329178715117,5.5845800137991645e-08,1.652330484789379e-08
1.0425e-06,121.15533817425566,1.1228448374939848,-5.7826662470638635,0.026691926339932434,120.50047822161319,1.1450946598269531,-2.4937380567997245,0.02651746851606537,125.06711195207822,5.5632819335202725e-08,1.6295934648306565e-08
1.045e-06,130.19062078875584,1.6468185607406665,-3.3401457199031195,0.021467263885385043,129.92031780017183,1.6376465583673994,-1.095531980990165,0.0218277225183805,145.1681834721675,5.54193752175091e-08,1.6086861205123526e-08
1.0475e-06,131.80197819284334,2.271555913969545,0.36434455467857213,0.016619949906306976,132.1928110418121,2.16555953905824,0.021873470332566924,0.01708844751171141,158.70798369089118,5.5206365181347304e-08,1.5907405525190816e-08
1.0500000000000001e-06,127.19304949810207,2.6605007660412263,1.7083308463485942,0.012688787200839834,127.44595488424206,2.699892232005524,0.8597581377258834,0.012332958654005504,165.07454447255682,5.4994636338435184e-08,1.5770069701227254e-08
1.0525e-06,117.23049288386741,3.208148431852446,1.2563784051127378,0.007037776448883102,116.31171354264966,3.212423388579204,1.4207811788186095,0.007594900233659132,163.98011176840436,5.478817209059111e-08,1.568721216288039e-08
1.055e-06,100.18823251060009,3.609934132093455,-0.5776994434046534,0.002554001307555993,99.82284266609803,3.677655034380726,1.7089412271167301,0.0029077318867322317,155.4741514443092,5.458626896630296e-08,1.5666485437021976e-08
1.0575e-06,79.61603167354203,4.046511371237587,2.106342412684521,-0.0019946550244636834,79.27156166137424,4.074381891166354,1.7295269071838213,-0.001695834895346221,139.9411135362939,5.4388106882464135e-08,1.571032930963233e-08
1.06e-06,56.31959846543602,4.440543873453969,0.6858244175674818,-0.006777805506859703,56.05338028269773,4.386681600572434,1.489058179490426,-0.0061844141324429915,118.08305598440546,5.4192773787556045e-08,1.5815046730289107e-08
1.0625e-06,31.433485743884972,4.588166523587645,-0.4837075661106556,-0.009890218821062143,31.520614016219007,4.6042753107704195,0.9952190627855693,-0.010528494421693011,90.88791321262397,5.3999295044286314e-08,1.597093900967983e-08
1.065e-06,6.1649028946958095,4.8206237511459085,0.6509981595789212,-0.015467017124005916,6.867118540257007,4.722306511006608,0.25678235144870865,-0.0147009187981993,59.584843742721766,5.380666436074444e-08,1.6163394617007843e-08
1.0675e-06,-16.609294669616382,4.676612362711151,-1.9245441304856252,-0.017881880050840796,-16.940868871290107,4.74067068599422,-0.7164729906547693,-0.018677263035113478,25.5886750282428,5.361387333314765e-08,1.6374629370403865e-08
1.07e-06,-39.584146926592766,4.6352592930877625,-1.5685784131250897,-0.022298308203496556,-39.18193839266049,4.663085147002357,-1.9138510203171784,-0.022436094139241164,-9.564043524410394,5.342290317613969e-08,1.658654229144082e-08
1.0725000000000001e-06,-60.308842944761146,4.495458026260387,-2.8457570676558945,-0.026320891703604677,-59.34871948022784,4.496108191423301,-3.323833798235317,-0.025959107725699707,-44.28448908996584,5.323479274160779e-08,1.67814960408868e-08
1.075e-06,-77.68427857196112,4.181907843376357,-4.481169419839865,-0.02874929441754948,-77.08181865025958,4.248297213716956,-4.93418133006854,-0.02923115946221583,-77.00337659773913,5.304952275588056e-08,1.694387009808455e-08
1.0775e-06,-91.38933337332062,3.930722133351891,-8.729276214242812,-0.03113409855002776,-92.08737660552599,3.9296413207143255,-6.732035593007106,-0.032240218748384515,-106.2418868431224,5.286709155504385e-08,1.706150696551918e-08
1.08e-06,-104.26027037294074,3.5231889362363638,-7.902544631767601,-0.03432505320623088,-104.0596109860317,3.5513263794550056,-8.704027746202916,-0.03497727983433728,-130.67850574789819,5.268752090650415e-08,1.71263894325048e-08
1.0825e-06,-112.2576386735874,3.1019605184953387,-10.407679713090959,-0.036026060148442896,-112.6280650587228,3.1258044120587773,-10.836387601997188,-0.0374362654400745,-149.20875378709508,5.251086085205163e-08,1.7134903628082424e-08
1.085e-06,-118.51337517172006,2.575676086337939,-13.636468997387508,-0.03926356711604689,-117.34384619669505,2.6670614262659162,-13.115054421532914,-0.039613950745015676,-160.99510594828433,5.233719510558412e-08,1.7087741500258056e-08
1.0875e-06,-116.92851250318765,2.218331253202064,-15.81900661884084,-0.042091148455985765,-117.71092890423952,2.190923102176993,-15.525788093167737,-0.04150992286132101,-165.50484595484593,5.216664800000093e-08,1.6989474617657176e-08
1.09e-06,-112.81546400724983,1.7262616596725748,-16.90902421247175,-0.04267312471586844,-113.25913881320682,1.7152168849091907,-18.05427975512886,-0.04312657513467255,-162.53414382851636,5.1999393167441265e-08,1.6847809840621055e-08
1.0925000000000001e-06,-104.17131928137816,1.2141508485398882,-20.122215864414763,-0.04414369257079875,-103.64648058525025,1.2596263274526909,-20.686260935021053,-0.04446911996797847,-152.2172685402225,5.183566322543505e-08,1.667254387373411e-08
1.095e-06,-88.20277169752406,0.7914890206119768,-23.243649292430703,-0.04504342588454779,-88.77169235925578,0.8451262750099415,-23.4076102979923,-0.04554559146902651,-135.0205193583727,5.167575892025901e-08,1.647428180771926e-08
1.0975e-06,-69.9579905394681,0.5152718069207954,-26.114129479135283,-0.047538074746999615,-68.87458363257082,0.4929663553756441,-26.204457122391553,-0.04636680262506189,-111.7211501838203,5.152005562508714e-08,1.6263066866848763e-08
1.1e-06,-44.62046681857736,0.2530617546896506,-29.72087513738362,-0.046370570217060134,-44.60250442613689,0.2232609625159858,-29.06328065634426,-0.04694622238306629,-83.37223944359,5.1369004934202514e-08,1.6047154555452742e-08
1.1025e-06,-17.2020442096171,0.025036031957076616,-32.14826968515781,-0.048349437231631015,-17.02612282236899,0.05332982472149228,-31.971004550521144,-0.04729974609813896,-51.25509334415175,5.1223129393364774e-08,1.583220993444573e-08
1.105e-06,12.452878305017682,-0.04191517230206361,-36.90926374823319,-0.04701937831555527,12.40425238134847,-0.0040017241993755715,-34.91508561106845,-0.04744534706177766,-16.821333748807362,5.108300913444859e-08,1.5621170792097493e-08
1.1075e-06,41.0817830485728,0.05757795081561194,-38.22067129111468,-0.047419343320223885,41.96067247904493,0.05809795023314692,-37.88359617177214,-0.047402614835902336,18.372711824753754,5.0949300324285814e-08,1.5414885235870997e-08
1.11e-06,68.50466041348282,0.3080110817141057,-40.15248741906635,-0.045607855720166665,69.7867475245016,0.239400049338386,-40.86529944552865,-0.04719220476191071,52.73635266401942,5.0822545744789256e-08,1.5213422396288895e-08
1.1125e-06,94.75218374309178,0.5146536993472937,-44.75097892910174,-0.04745296479608508,94.07459055591642,0.5321648761878901,-43.849717281540784,-0.046835238972602715,84.71643045939352,5.070338185837147e-08,1.5017731397660468e-08
1.1150000000000001e-06,113.43317925653655,0.9397401999012929,-47.10713301944071,-0.04483611205413695,113.24487924840315,0.9214103674833061,-46.82718982574063,-0.04635270960268665,112.86751852277395,5.059234201315349e-08,1.4831168403554664e-08
1.1175e-06,124.58225715040457,1.4173112973337085,-50.566936378934834,-0.04624963243741466,126.10431687522579,1.3859020148695131,-49.78892665712292,-0.04576493768953783,135.91725178217894,5.048986236485887e-08,1.4660393731787735e-08
1.12e-06,132.2538843776976,1.8531175572868126,-53.93864274846361,-0.04627556860631104,131.9579892132054,1.8997635271492748,-52.727049051273774,-0.04509113577996177,152.82383478545447,5.039625274848557e-08,1.4515285542538509e-08
1.1225e-06,130.26491823259897,2.40428466126498,-55.153459574676255,-0.04437111300307756,130.66109618786834,2.434519086095165,-55.634623103686856,-0.04434910922709192,162.8231284822223,5.0311675823047826e-08,1.4407787829341044e-08
1.125e-06,121.49949579754528,2.954180419136645,-58.01776867820201,-0.04440053071352497,122.60408739031567,2.961318895978234,-58.505683528754744,-0.043555112596152405,165.46318756878497,5.0236136599048565e-08,1.4349921994106139e-08
1.1275e-06,109.29570611515646,3.548961936971819,-61.3564386157929,-0.040349764022639546,108.6357001446089,3.4530796806701867,-61.3352480348495,-0.04272385648838069,160.6246873866374,5.016948320566999e-08,1.4351438397292788e-08
1.13e-06,90.4818134120386,3.907125679996604,-64.93091311463819,-0.04242372336638885,89.93798098140815,3.886293850674106,-64.11932226091369,-0.041868639887464476,148.52631712529418,5.011141840680781e-08,1.4417685074916422e-08
1.1325e-06,68.10717634632054,4.196137354365953,-66.67739137374552,-0.040571641841588874,67.87442197819414,4.242320990688907,-66.8548953447138,-0.0410015671472894,129.71489556894343,5.006152014336902e-08,1.4548197919999281e-08
1.135e-06,43.33736648327561,4.526872603977507,-70.54630372481807,-0.040681612190568664,43.835671431766116,4.508062362453741,-69.53992627660517,-0.040133799580448014,105.04065613267257,5.001926845288296e-08,1.4736305159254451e-08
1.1375000000000001e-06,18.60306367487293,4.625189723775128,-72.50200849537356,-0.04083129396423218,19.106355647264895,4.676017966817394,-72.17332127458094,-0.03927579071812496,75.61881824834117,4.998407563103529e-08,1.49697685991178e-08
1.14e-06,-4.299263184138793,4.7208047982570545,-77.46347781168254,-0.03902602754625669,-5.228398512698993,4.743819210996172,-74.75490249579798,-0.03843746172089039,42.779181985956676,4.995531651058211e-08,1.523224488962232e-08
1.1425e-06,-28.1443280807966,4.626028018716953,-75.04070944068691,-0.03730802544972091,-28.326184940706842,4.71340243074702,-77.28536847599304,-0.03762828772974786,8.006024118861417,4.993235621243923e-08,1.5505208046884417e-08
1.145e-06,-48.92009012614235,4.565612470031745,-80.18264523162763,-0.03653243444660494,-49.5793709738807,4.590027489549829,-79.76624676054264,-0.03685728457902341,-27.12898780628368,4.9914573562988515e-08,1.576995187284823e-08
1.1475e-06,-68.06235580742327,4.430806638454494,-82.0202454345457,-0.03588382359160575,-68.56456702982666,4.381345591703701,-82.19983925875421,-0.036132904939513266,-61.03783126344216,4.9901379402875336e-08,1.6009366300782325e-08
1.15e-06,-84.94478252559466,4.110117408424116,-85.60131040537665,-0.03603139748708745,-84.96573831832738,4.096682574195927,-84.58916091569871,-0.035462870166142677,-92.18790374897651,4.989223003935884e-08,1.620930674304508e-08
1.1525e-06,-97.91907545275278,3.7111026186049805,-88.18333718442196,-0.035225920332141336,-98.49159800301919,3.746636366986141,-86.93787235296745,-0.034853975894753836,-119.17129292461613,4.988663692734477e-08,1.635949799146166e-08
1.155e-06,-108.46391700441974,3.31643242710212,-90.5036003258987,-0.03390019450848737,-108.8083345125255,3.343003425291486,-89.25020718065409,-0.03431191376262776,-140.76841104890764,4.988417415555933e-08,1.6453997088347888e-08
1.1575e-06,-115.68791603031161,2.8722257032918224,-91.5385586462933,-0.0332699204764724,-115.50509174362034,2.8989649883218505,-91.53089472719478,-0.03384114785405414,-156.00311756576096,4.9884485383573415e-08,1.6491270294941794e-08
1.1600000000000001e-06,-118.29874482825986,2.4222102393762253,-94.57270898272864,-0.03308862773417613,-118.10262958461497,2.4293961489856906,-93.78507897105617,-0.03344487338925027,-164.1868384346196,4.9887291523931117e-08,1.647392878626844e-08
1.1625e-06,-115.84161476280356,1.8431045439676217,-96.72111494110904,-0.03296031948988847,-116.10654457985962,1.9511220284117259,-96.01823448833085,-0.03312506888697717,-164.9496881090006,4.9892399773701764e-08,1.6408142300656998e-08
1.165e-06,-110.46758722310811,1.488060312000064,-100.10178615971043,-0.03166840282951101,-109.09700397547964,1.4829435101316024,-98.23608025283278,-0.032882634575323096,-158.25718752086144,4.989971371887487e-08,1.630273975670755e-08
1.1675e-06,-95.37448313676667,1.0560184872324334,-99.71903553463578,-0.032432337392890795,-96.83889187357072,1.0452908406232884,-100.44449214009018,-0.032717592624748465,-144.41182245595107,4.990924334850444e-08,1.6168032685987228e-08
1.17e-06,-80.87409241949841,0.7096500453182972,-102.69676359754325,-0.03275560384560783,-79.39109255947317,0.659430778477026,-102.64941499360701,-0.0326293120280609,-124.03937188514674,4.992111311219108e-08,1.601446492110735e-08
1.1725e-06,-57.147747117519515,0.38171179474783795,-104.62536118102715,-0.0323530269761395,-57.19233696476301,0.34623979171656244,-104.85677511085562,-0.03261671504620706,-98.06062418005698,4.993556579152058e-08,1.5851280997727498e-08
1.175e-06,-30.934006264169916,0.1337927964383737,-105.80265282375319,-0.03336790795069718,-31.103911586458544,0.12464622630656044,-107.07239399770484,-0.03267842423593073,-67.64975957553679,4.995296002945525e-08,1.5685477253536527e-08
1.1775e-06,-1.907756155897227,-0.05243917968947997,-109.44125195716269,-0.03200159622744147,-2.39612087081278,0.009921654542305291,-109.30190422347484,-0.03281281889060209,-34.181279897033434,4.9973759887687346e-08,1.5521308362711177e-08
1.18e-06,26.89552037448213,0.03064425798318436,-110.6125855823978,-0.03232039918185128,27.325423584298665,0.012051126434677107,-111.550668184718,-0.03301798557747089,0.8321157917725027,4.999851571296131e-08,1.53605366394239e-08
1.1825000000000001e-06,55.74965789015314,0.21343530687082463,-113.1238733482788,-0.03281183009702777,56.24744258246319,0.13442392030371633,-113.82370055437428,-0.03329156656320447,35.80790174176802,5.0027836748673215e-08,1.5203433777269742e-08
1.185e-06,83.41370689198128,0.3509955842078773,-116.36327623916745,-0.032382402769254304,82.51494504239935,0.3730573241894574,-116.12559515446543,-0.033630528900288795,69.16525207838569,5.0062357138108325e-08,1.505031833922869e-08
1.1875e-06,105.24460102434338,0.7361772379516837,-116.67103517806997,-0.03456717064225839,104.41298428243277,0.7164998969602735,-118.46045694532003,-0.03403089241435713,99.39649053112325,5.0102698025180375e-08,1.490321268404801e-08
1.19e-06,120.95697005201504,1.146784723110683,-121.52363639803616,-0.03514847185461586,120.53849780539316,1.146468049735267,-120.83183977288698,-0.03448746400490085,125.13523396753129,5.014942918265131e-08,1.4767110127967739e-08
1.1925e-06,131.79856053352864,1.6051251323503664,-123.80542145773498,-0.03309391502342861,129.93760285237926,1.6391659041493305,-123.2426904585014,-0.03499362686791519,145.2181497991374,5.020303385500498e-08,1.465040731611801e-08
1.195e-06,132.42909728702392,2.204967073421008,-126.45886163052069,-0.03430597691363518,132.18893631465883,2.1671405639808237,-125.69529975301435,-0.035541226190160424,158.73753596518782,5.026388023881137e-08,1.4564272998022325e-08
1.1975e-06,126.8785855299943,2.727027303055875,-128.57636417893033,-0.03575930958711249,127.42208180585587,2.701449566913916,-128.19126061008993,-0.03612057872673125,165.08234699868015,5.033220227001702e-08,1.452102875132427e-08
1.2e-06,116.41381552705842,3.22789710457943,-132.06465050935742,-0.03651348251505137,116.2703614240868,3.2138769168499883,-130.7314341623164,-0.036424535885929414,163.96581188994293,5.040809125955372e-08,1.4531909039564818e-08
