time,v_coil,i_coil,v_bias,i_bias,v_coil_clean,i_coil_clean,v_bias_clean,i_bias_clean,v_coil_src,density_state,heating_state
0.0,-35.21308747855708,-0.017556356498418055,264.1294319952051,0.0710967119658317,-34.93972457214708,-0.007848111651206451,263.4581320761102,0.07125095807651517,0.0,0.0,0.0
2.5e-09,32.6297247051881,-0.036472678494004145,270.54550083828497,0.0702682624849791,32.714665199710524,-0.01234969814426344,272.6487588837414,0.06910265659974826,80.21185234438171,6.242319014154606e-11,1.0088450088666563e-10
5e-09,99.07836123917787,0.03804591402650635,278.99300161886106,0.06269545428797692,98.63179771654023,0.020900110306373565,281.2753089168954,0.06461048751937698,156.79831162928843,1.269436519862572e-10,2.0487183971052542e-10
7.500000000000001e-09,160.83700381482757,0.07540054458962586,292.1487345178248,0.059288602228148184,158.4519593397458,0.08994262488332157,289.2855044384475,0.05973559840290245,226.29784430542406,1.934383766010495e-10,3.1177712950503174e-10
1e-08,209.84444661496678,0.21674665727625592,299.18204708834304,0.05490081859828302,208.3839805326608,0.1904889801469228,296.6294511576427,0.05449083514883461,285.56922976714736,2.6196408283067003e-10,4.2304813346081113e-10
1.25e-08,245.0435140706968,0.3147270024690742,303.7741331137746,0.049407913352799086,245.57096488640576,0.31632281252168465,303.2600241127655,0.04889320850127307,331.933536370344,3.3246701873688233e-10,5.431403686264626e-10
1.5000000000000002e-08,270.0946423208627,0.4551437605852328,311.1545506795253,0.04219537353297046,268.3266779589538,0.45988007416535304,309.1332347924765,0.04296404322487196,363.2952030420078,4.048612157055445e-10,6.799331698031851e-10
1.75e-08,274.794191077544,0.6060072957641174,312.305398292607,0.03592473744576351,276.21273852525997,0.6129263573845538,314.20857641928967,0.0367289007193811,378.2367538685187,4.790246976616199e-10,8.440354462758157e-10
2e-08,274.5901496880739,0.7698370713480753,318.69606901256054,0.028950289273702506,269.95294868043885,0.7672411556339103,318.449344495336,0.030217273595992505,376.0828647789194,5.547980808978188e-10,1.047169688489411e-09
2.25e-08,249.20386613938336,0.9059109191103939,322.27165910525343,0.023474846427336993,251.20748989195278,0.9152223495578178,321.8229299123333,0.0234620814987642,356.9308866550071,6.319855786172084e-10,1.3000800004117923e-09
2.5e-08,222.3566198644775,1.0495906155650958,325.201915152782,0.01782247227686642,222.2517052410702,1.0503419594916705,324.3010821528286,0.016499023879716898,321.64644529317343,7.103581287870193e-10,1.6105049989911524e-09
2.75e-08,185.8258714354809,1.1789857860704123,327.6426108775491,0.010516090464750263,185.61799060033616,1.1674125181346315,325.86014035637425,0.00936586264739297,271.8243170896974,7.896581292642942e-10,1.981677469332192e-09
3.0000000000000004e-08,144.7892062235576,1.2626745476074301,326.4137086668611,0.0002932493711138497,143.7626091980585,1.262657149939087,326.4812302902045,0.0021017124523863553,209.71634877941906,8.696051262013253e-10,2.411612044967172e-09
3.25e-08,98.63408648065723,1.3313378559149651,328.1792057315771,-0.004293436433690131,98.81158580267238,1.3336095728079311,326.1504255469282,-0.005253592028524555,138.12967909145587,9.499017787591626e-10,2.8932069271918243e-09
3.5e-08,49.11489562637398,1.3775007255127591,321.8109764087513,-0.013903258669120847,52.42274228876292,1.3788969296942157,324.85887158928335,-0.012660002560825185,60.29986247134549,1.030239512927423e-09,3.4149984523203974e-09
3.75e-08,7.786474088231906,1.374602899019818,323.7674273573063,-0.02082179913709752,5.777594972493642,1.397974009155511,322.6028715715561,-0.020077616494349235,-20.255370611563027,1.1103034577128813e-09,3.962316334482488e-09
4e-08,-37.79724643685508,1.4059122424389976,316.26904184793074,-0.027768975265699058,-40.308465277403094,1.3908794663673387,319.3839331861717,-0.0274668986221737,-99.89510707039443,1.1897764904422605e-09,4.5185958895412524e-09
4.2500000000000003e-08,-83.24866531159103,1.3784092962949646,309.98236456515946,-0.03484930034478857,-85.19193000024119,1.3580730426370733,315.20877610945973,-0.034788804239126475,-175.01981218082094,1.2683424581077704e-09,5.066678825312129e-09
4.5e-08,-132.52670626857562,1.2839265419276231,309.7474432679781,-0.04158889870319241,-128.17295463142676,1.3003899251259468,310.0892999498676,-0.042004862478976605,-242.23402035337915,1.3456888420908021e-09,5.590027640248896e-09
4.75e-08,-165.81573399616565,1.2218934634536665,305.6573150601502,-0.04868031276552538,-168.28947199859456,1.2191187534744345,304.0425129321014,-0.04907728797941952,-298.49980244561914,1.421509256062268e-09,6.073846076867667e-09
5e-08,-206.45438916642152,1.117326726536716,298.50932618934695,-0.05742077980718222,-204.1853992872063,1.116179056595023,297.09042187893806,-0.05596918449582094,-341.2740732410651,1.4955061884464718e-09,6.506113577335624e-09
5.25e-08,-233.23181267584422,0.9745796671664683,288.4668063901581,-0.06234245071913115,-234.09022551500448,0.994347972485051,289.259884375968,-0.0626448867372779,-368.62353310963084,1.567394318000813e-09,6.878503747727174e-09
5.5e-08,-257.4764334122406,0.8685088563101395,283.690909197862,-0.0689197262333269,-255.92550661423752,0.8574699702303422,280.58242432045535,-0.0690704589478953,-379.3120487481958,1.636904560260917e-09,7.187087329637883e-09
5.75e-08,-266.0859829780253,0.7536890743783213,272.3427406623717,-0.07656780888167318,-267.5287229647184,0.7105801713299205,271.09401236114746,-0.075214334508508,-372.8565235908588,1.7037887772731694e-09,7.432657768392133e-09
6.000000000000001e-08,-272.77050259271414,0.5496484112293694,263.4355934388831,-0.08070859616218086,-266.9611591882325,0.5598825935663264,260.8348130285623,-0.08104804440023096,-349.54873267356066,1.7678248475074845e-09,7.620505337023632e-09
6.25e-08,-251.47646267582925,0.4133573493898591,254.09044417069043,-0.08501604219613682,-252.84832883082007,0.41254751084283353,249.84890063250444,-0.08654694730813584,-310.44213506691983,1.8288215942123014e-09,7.759534661145542e-09
6.5e-08,-224.44023162308716,0.30587827573767823,233.0774301693395,-0.08977445142076168,-224.692370153572,0.2763231871055523,238.18394626292692,-0.09169084216142252,-257.3042599252818,1.886622949974845e-09,7.860771483879616e-09
6.75e-08,-186.09893329964945,0.15960753053620386,223.58119116306042,-0.09807139668905243,-183.09755779616933,0.15899100622041928,225.8908784695137,-0.09646431417099208,-192.53681819413978,1.9411107206233613e-09,7.935499716225998e-09
7e-08,-129.95787181576654,0.05949504171289036,217.5066265870405,-0.10182147138310704,-129.86245015544498,0.06772342090531132,213.02352041245382,-0.10085663475098819,-119.06715074481406,1.9922054118664728e-09,7.99343890315448e-09
7.250000000000001e-08,-63.86391604462431,-0.010381373213339278,201.17132453440465,-0.10583350016943939,-67.91315452456703,0.008425639503970626,199.6382064699453,-0.10486100045970913,-40.21591923350377,2.039864785594937e-09,8.041437013770781e-09
7.5e-08,-0.2466293640324162,-0.03140664525792625,183.441365172548,-0.10513640249929751,-1.078124420803245,-0.014849469211922501,185.79338145534595,-0.10847285709284454,40.45298024342747,2.0840800891293187e-09,8.083062864550495e-09
7.75e-08,63.69448526520461,0.011377989647755068,168.27579439115087,-0.11081443892605612,66.26871774592952,-0.0003299318205830843,171.54918573714866,-0.11168702735381893,119.29349713694805,2.1249711902171122e-09,8.119242088644975e-09
8e-08,129.38827748872998,0.04277080045104569,160.4976969363717,-0.11457526708125979,129.64754158707777,0.05126654350257187,156.96702966690333,-0.114493389350926,192.74221962701867,2.162377333787742e-09,8.149760206100143e-09
8.25e-08,183.41461580725033,0.13461109428652723,140.96606238660473,-0.11450394247486989,184.9317523620182,0.13677599128501736,142.1091608028961,-0.11687103337139813,257.47943272190054,2.1964463346266302e-09,8.175168129426121e-09
8.500000000000001e-08,229.87056405434467,0.2351780776448058,122.74573640732132,-0.11975680627128175,228.7600866124297,0.2508798972837879,127.03822747012812,-0.11878130724761414,310.57916181579185,2.2272355141241632e-09,8.198479166613585e-09
8.75e-08,259.34777021302824,0.395274411874208,111.0332713978584,-0.11979548763466819,258.84271150641257,0.3866054260383482,111.81684221949712,-0.12016110553387187,349.6414200776882,2.2547966160061974e-09,8.226102330270183e-09
9e-08,271.7681715906436,0.5268806402109352,94.12587067767981,-0.11997403215002626,274.119933900785,0.5359651119038676,96.50714874089329,-0.12091916098074677,372.90068239065243,2.279172424900868e-09,8.267697306691522e-09
9.25e-08,271.4939464116832,0.7090977939524254,78.1196317660011,-0.12142080067527652,274.75647646803475,0.6906490910309915,81.17039574629827,-0.12093948073713315,379.30568306646774,2.300393218870959e-09,8.33497353069352e-09
9.5e-08,261.1710358571389,0.8343573734262258,64.88640431798645,-0.12195916796475012,261.9811639914435,0.8426793826376974,65.86652127027983,-0.1200962664770902,368.5669306606986,2.318475480184717e-09,8.439767631548571e-09
9.75e-08,237.48341622002326,1.008710853569254,47.492142292563,-0.11904116104339532,237.80659061065114,0.9849468314765618,50.653750737150254,-0.11828227555723761,341.1697923267196,2.3334227343233636e-09,8.591915427255399e-09
1e-07,207.9668215376671,1.103019311376834,35.95127764965969,-0.1153919043056821,204.6816196731454,1.1115749196457863,35.588212017372534,-0.11544733615039535,298.3525563257098,2.3452281182730095e-09,8.797439463265669e-09
1.025e-07,159.0456500238865,1.2135992037322751,20.702653475523174,-0.11005833905940668,165.13827762494844,1.2180864085259757,20.72357054171958,-0.11163703200096317,242.0504642172023,2.3538780908098116e-09,9.057423514529235e-09
1.05e-07,121.30186426186826,1.304720830295623,9.998385412431126,-0.10837576434174534,121.49233418387716,1.3013829685022182,6.110687361571472,-0.10701515975124282,174.80824234771924,2.3593566173651525e-09,9.367715986438156e-09
1.075e-07,75.36419126826466,1.363708498847813,-7.816197291913698,-0.12686044940127725,75.64416634726864,1.3595785299426946,-8.202697160808789,-0.1288497227016086,99.66508601501614,2.361649198293115e-09,9.719384314358902e-09
1.1e-07,23.87341023505938,1.3995047344207532,-30.87312468100135,-0.11074952694881657,29.00579278380122,1.3917487071997001,-29.966155075027352,-0.11212130721021955,20.017294761783397,2.3646316457910495e-09,1.0105981453033522e-08
1.1250000000000001e-07,-14.401959322693859,1.4288494757237395,-38.089220905692414,-0.0703444115577848,-17.444934206045044,1.397667648634173,-40.37676116330887,-0.06906757612252587,-60.53523262928606,2.372873336926304e-09,1.0519613748837523e-08
1.15e-07,-62.91567781671269,1.3750942571449405,-50.74721118012037,-0.06272911521492663,-63.00652292773745,1.3775987121113513,-50.40341819954301,-0.06525275732950497,-138.3517053624264,2.3835882610614218e-09,1.0939241597765385e-08
1.175e-07,-104.92376553965371,1.3325781134531223,-58.776429530804755,-0.05912678477651818,-107.03566273677932,1.3321876679613944,-60.01544804292575,-0.06154077309806405,-209.91499608159285,2.3965933667378753e-09,1.1348068586509906e-08
1.2000000000000002e-07,-147.7908518267132,1.2586297206290187,-70.9930628064919,-0.05660353095542821,-148.72319843480423,1.2624802184795074,-69.1861099015388,-0.05793247883514139,-271.9906070173963,2.4117008103200394e-09,1.1730475735184939e-08
1.225e-07,-188.464746426885,1.1703770247627905,-77.42586400803047,-0.05307434505487171,-186.9196255161185,1.1700546933679465,-77.89273870351016,-0.05441424701840437,-321.7728619203566,2.4287202556509724e-09,1.2073098711154421e-08
1.25e-07,-219.4910538110998,1.0542546386843634,-85.11770305654053,-0.04969378376444888,-220.0557230366808,1.0572317563009368,-86.11684844323688,-0.050967921163001986,-357.011716238015,2.4474616541908356e-09,1.2365811566469922e-08
1.275e-07,-249.896972425178,0.9424125235860806,-90.74278431409526,-0.04861613525167312,-246.1853848922845,0.9273014083785129,-93.8441998392445,-0.047577278777762355,-376.1144540046734,2.467738758472428e-09,1.2602553954140154e-08
1.3e-07,-261.0455711400284,0.7743395144132713,-96.72033269194903,-0.04311017080646743,-263.1537353659865,0.7846977033501071,-101.06483194986308,-0.04423138490653583,-378.21767497595283,2.4893734181230184e-09,1.2781867360340618e-08
1.325e-07,-270.9985072136225,0.6293892852463702,-106.64136376934286,-0.04171058466065821,-268.86860277862024,0.635055467935334,-107.77305770480237,-0.04092578168975155,-363.22631835361767,2.512200470934898e-09,1.2906963641530544e-08
1.35e-07,-264.31608065839123,0.4978553602498403,-110.97078993312421,-0.04043806675690589,-261.6319651160612,0.48510050222280443,-113.96742362217663,-0.037662422748377604,-331.8179593171736,2.5360728183211766e-09,1.2985175308466521e-08
1.375e-07,-241.39346417763463,0.3365824794752908,-118.89060534706438,-0.03471896400363442,-240.47404444958875,0.3423523255105815,-119.65063428883073,-0.03444899640616136,-285.4121841687964,2.560866110182064e-09,1.3026749298412119e-08
1.4e-07,-205.9432100393233,0.2032754221207023,-122.94609139044717,-0.03310036914981903,-205.42894944250884,0.21465169862953742,-124.82944248425912,-0.03129800660038318,-226.10642826529792,2.5864823940326693e-09,1.304312628451276e-08
1.425e-07,-154.19547048943653,0.10266038142486303,-124.27412857558127,-0.026745485557274108,-157.69797180789453,0.10955798189627065,-129.51450612234518,-0.02822577990686978,-156.58117671648841,2.612852126019534e-09,1.3045039721135053e-08
1.4500000000000001e-07,-103.40854227847741,0.03196458655866495,-132.80006824994848,-0.024218593809693285,-99.66369160088753,0.03368794229153372,-133.72021346801216,-0.025251452659431132,-79.97881256248547,2.6399340958584527e-09,1.3040894522977839e-08
1.475e-07,-35.05021881965559,0.009944205925946921,-135.47881111618707,-0.02160271752640079,-34.74202728300351,-0.007916990904802239,-137.46447835520993,-0.022395945240881943,0.23841178355167916,2.6677130622565173e-09,1.303587547867375e-08
1.5e-07,32.490994650183254,-0.012835540839127725,-141.37690397973185,-0.019984124427214128,32.91388555431093,-0.012306778486427864,-140.76850738611546,-0.019680926420534844,80.44486045990823,2.696249031742877e-09,1.3032064898453053e-08
1.525e-07,99.99358022343627,0.023292308305369047,-145.68621786182288,-0.017971252615191374,98.81926891949443,0.021052706317255997,-143.6565413268126,-0.017127787246749994,157.0153846405975,2.7255391465210738e-09,1.3029556274523786e-08
1.55e-07,157.52777130976705,0.08033879904971808,-150.11738831397534,-0.013433006118308196,158.61545705872646,0.09019552752125776,-146.1555731299839,-0.014756665195598519,226.48917100674493,2.7554985515992902e-09,1.3028231426381715e-08
1.575e-07,210.1815782514338,0.18074341101595398,-149.13685088212893,-0.015311926636937149,208.5135513269421,0.19082643800372995,-148.29504520845848,-0.012585574381459698,285.7261626272888,2.7862394673848565e-09,1.3029639971006085e-08
1.6e-07,245.03350294716557,0.3338314049441337,-152.7523589516608,-0.011022047922348784,245.65983433899893,0.31672417676551157,-150.10652875313744,-0.01062970097187153,332.0489823814109,2.8177826192971077e-09,1.3038372038437957e-08
1.625e-07,269.82049046373277,0.455268281822431,-152.0665908436376,-0.008468655851126501,268.37172097559187,0.4603216964345982,-151.62338803342593,-0.008900913015548266,363.36394430720543,2.8501350245491335e-09,1.3062470736960303e-08
1.65e-07,279.0599688861832,0.6204020260236217,-153.8495113365858,-0.009341050617458574,276.21446120930807,0.613383643113898,-152.88043273660287,-0.007407512530623153,378.25568343920423,2.883285861574845e-09,1.311273411322406e-08
1.675e-07,266.97588521037517,0.7402022650207242,-156.0974726326159,-0.006140478748919535,269.91501109042116,0.7676905040340485,-153.91356149357696,-0.006154229152902286,376.05112708160624,2.9172045669992535e-09,1.3201096102645257e-08
1.7000000000000001e-07,251.4569665973922,0.9067936582647863,-150.46456217891523,-0.005192213241478674,251.1358724693202,0.9156427444983024,-154.75939980144636,-0.005142424491409576,356.84991616133755,2.9518411773572207e-09,1.3338532795634686e-08
1.7250000000000002e-07,219.19191703882123,1.0772501884463421,-159.08270362893668,-0.004276267705191285,222.15367601356203,1.0507160456863414,-155.4549355877183,-0.004370450369736616,321.5199016850672,2.9871286387697417e-09,1.3533034881677492e-08
1.75e-07,183.93621293992396,1.1478400262270583,-154.33490124464785,-0.0029096694097942113,185.50105613536658,1.1677270914119413,-156.0371556666868,-0.0038340872688563082,271.6579198500637,3.0229865747359808e-09,1.3788107720557048e-08
1.775e-07,146.96112055845077,1.272637947743568,-158.67721115131988,-0.003948782437951275,143.63362551725433,1.2629030920168594,-156.54268631534453,-0.003526984708572372,209.51761868455227,3.0593258658552002e-09,1.410205963526476e-08
1.8e-07,97.81003823783482,1.3270370761593042,-157.86561739144886,-0.003207674889897397,98.6761677189059,1.333781351856042,-157.0074411445631,-0.003441033897199946,137.9075982890753,3.0960533738754717e-09,1.4468103799001012e-08
1.825e-07,52.22867930895249,1.3656321899622634,-158.83293939726843,-0.005557707544673522,52.28504805232263,1.3789918521987152,-157.4662793616392,-0.0035666232034596585,60.06446850797454,3.1330762336801837e-09,1.4875112120046016e-08
1.85e-07,2.5239384862769496,1.400744897774226,-159.7163389273592,-0.0023065242320875045,5.640489091870754,1.3979914353176641,-157.95267741344452,-0.003892755194800899,-20.49343846484279,3.170305318549681e-09,1.5308768858790384e-08
1.875e-07,-43.259129848694016,1.3769916755284162,-157.32511441209152,-0.004087772943465736,-40.44294109766267,1.390820186506454,-158.49841686631788,-0.004407035025829698,-100.12508868876678,3.2076577185523262e-09,1.5752880448987684e-08
1.9e-07,-83.51450904573468,1.347643273705458,-160.36288169064593,-0.004175208936836969,-85.32190641154402,1.3579389594178657,-159.13329122076422,-0.00509556821438843,-175.2313129188726,3.2450583128867223e-09,1.6190673403740267e-08
1.925e-07,-125.50369136806668,1.314039528956474,-157.98816605150822,-0.007426969888503527,-128.29606684302232,1.3001841063891233,-159.88483417740787,-0.005942826181366202,-242.41748085940102,3.2824407179434917e-09,1.6606005626600565e-08
1.95e-07,-171.21931346531002,1.2269684338245528,-164.12376591052123,-0.007114208969129808,-168.40233928239317,1.2188458284675252,-160.77807166716394,-0.006931546659839321,-298.64693072253374,3.3197480156429255e-09,1.6984483726830227e-08
1.9750000000000001e-07,-203.51312678970842,1.1176165322535399,-161.1284661631972,-0.008082803988459317,-204.28338745338073,1.115845842084022,-161.83529973509837,-0.008042731613867829,-341.37821942581115,3.3569336883505506e-09,1.7314494272003694e-08
2e-07,-233.25853717376398,1.0065250475774998,-165.70168509156727,-0.006414727024674697,-234.1675728638816,0.9939641511320213,-163.0758901259636,-0.009255788461830432,-368.67999003183013,3.3939631038837824e-09,1.7588118834982285e-08
2.025e-07,-259.8975216721686,0.8391229629895116,-163.7045085796165,-0.008756124108306389,-255.97582259772778,0.8570486142444729,-164.51612516212933,-0.010548834247490658,-379.3182646835342,3.4308157233074803e-09,1.7801833143020123e-08
2.05e-07,-268.14417986117513,0.712375322388049,-168.9459046422666,-0.011927179667907507,-267.5457944329626,0.7101379158963649,-166.16906323388542,-0.01189915172731332,-372.81221759321454,3.4674879788582973e-09,1.7956828313784584e-08
2.075e-07,-263.8009848016915,0.5773583781422394,-169.44332735229034,-0.012230271116377889,-266.93993529520185,0.5594393156037853,-168.0444359403315,-0.01328375677669137,-349.45590727312936,3.50399653378077e-09,1.8058780237293e-08
2.1e-07,-255.73713967380257,0.4132119201382257,-164.59771773911987,-0.014126243116483719,-252.78591422948764,0.4121254506351192,-170.14857762881843,-0.014680013523524355,-310.3049857604094,3.5403814371979306e-09,1.8116962307009322e-08
2.125e-07,-222.94105109544662,0.2745313312113096,-177.8819586624552,-0.017015041535538664,-224.58884486459954,0.275945548928419,-172.48438778477885,-0.016066221499469787,-257.1289855490167,3.5767085665818186e-09,1.8142747902338423e-08
2.15e-07,-181.70558392926588,0.1409664152199544,-172.93321729765597,-0.017718371069333966,-182.95646353549967,0.15868017166807868,-175.0513264244468,-0.017422100219941686,-192.33134075077456,3.613070735629396e-09,1.8147744268030678e-08
2.175e-07,-126.30320045801194,0.0758461550639551,-178.44764974071427,-0.01804215034845332,-129.69083356330256,0.06749898756722378,-177.84544234308765,-0.018729110951434907,-118.84075734685494,3.649586945343537e-09,1.8141968322778002e-08
2.2e-07,-68.00019080280414,0.026546231232558233,-176.04580998340694,-0.018969839135219126,-67.72112900137144,0.008302543400973592,-180.85943377364606,-0.019970580606644375,-39.97884234697171,3.6863994591992264e-09,1.8132539300857675e-08
2.2250000000000001e-07,-0.9482358505859484,-0.040730816672005385,-185.28471636255233,-0.017905750133352116,-0.8779917651549631,-0.01486248528867051,-184.0827407178163,-0.021131624375771513,40.69002528315589,3.723668658955224e-09,1.8123272047293357e-08
2.2500000000000002e-07,64.30353164637589,-0.008040288137131568,-186.21952192349875,-0.022314524092425354,66.46367089794471,-0.00023128172701760368,-187.50166792607553,-0.022198896328585745,119.51979643389957,3.761667014778903e-09,1.8115314021795932e-08
2.275e-07,130.68517261757455,0.05662182634587198,-187.2187517682505,-0.01936987487214914,129.82440237521587,0.051471039209834264,-191.0995372277377,-0.02316022508688818,192.94754496832144,3.800367694759826e-09,1.8108648625547934e-08
2.3e-07,182.94735536169594,0.15380429750300653,-194.42280553983113,-0.024864882891477716,185.07929845492157,0.13707361184289188,-194.856867649045,-0.024004209879488227,257.65450386971617,3.840035992417027e-09,1.810399951357207e-08
2.325e-07,226.7317533016844,0.24067556809811758,-196.06386661257974,-0.02674924835645834,228.86987054215788,0.2512522183617952,-198.75158150904784,-0.024719857659171767,310.716065952929,3.880825048736481e-09,1.8104524822855533e-08
2.35e-07,260.3706231313905,0.3597870615656067,-202.54383740555463,-0.026132558353522923,258.9097604175974,0.38703004131140817,-202.75923445174936,-0.02529633355225984,349.7339694489203,3.922862866925156e-09,1.811674660136591e-08
2.375e-07,274.40545633904395,0.5429781301182416,-206.37663701735408,-0.027663192924425144,274.1429762556739,0.5364176428701316,-206.8532671607515,-0.025722876217001533,372.94469397516247,3.966247743594658e-09,1.8150401708763804e-08
2.4000000000000003e-07,273.4146855696359,0.6769776470932848,-214.4715319806311,-0.027210763645410987,274.7376851135084,0.6911052160053328,-211.00527631131789,-0.02598890035079046,379.29916764086306,4.01104436974999e-09,1.821723765810087e-08
2.425e-07,262.7860100598069,0.8435320449503688,-214.62844839775593,-0.02569073565390516,261.92548339982534,0.8431166274903599,-215.1853021460572,-0.026084275752387094,368.51018270737893,4.057282355706693e-09,1.8329088435163574e-08
2.45e-07,240.24793432788383,0.9797938167155071,-221.6570404615329,-0.025282763666560785,237.7207814014487,0.9853459175836189,-219.3621299158113,-0.02599974174788658,341.0653767239434,4.104957050277799e-09,1.8495746754140165e-08
2.475e-07,204.37660030498128,1.133690944053049,-222.67826208860447,-0.024985328938726042,204.5731944446276,1.1119205487521227,-223.50360230806876,-0.02572739273687303,298.2051924209359,4.154032254354234e-09,1.8723153503440832e-08
2.5e-07,160.99162096369096,1.230777551093328,-230.4229373012315,-0.02526260530910305,165.014511792513,1.218367464506049,-227.57693989237572,-0.02526115905622565,241.86681252333605,4.204444239506535e-09,1.9012275193290354e-08
2.525e-07,121.55831603780173,1.3020370845470304,-231.58334217167013,-0.02453423841072286,121.35951264944876,1.3015922144297363,-231.5490665465527,-0.024597209188528226,174.5966035030913,4.256106401027563e-09,1.935881063044273e-08
2.55e-07,75.42144424142111,1.3235159625085868,-235.88655860882238,-0.025529923409094067,75.50717592683561,1.3597119581162727,-235.38693678963614,-0.023734214074413482,99.4350256134408,4.308913910007708e-09,1.975364835412256e-08
2.575e-07,30.533156380510853,1.3827377689041331,-242.85309097051862,-0.022409329222043927,28.868100891448933,1.3918047461503644,-239.0578619376344,-0.022673439151835385,19.77921100949331,4.362747868044347e-09,2.018385450667429e-08
2.6e-07,-16.7536294049648,1.3831737874468117,-242.7254717661296,-0.020701745631881697,-17.58094932457486,1.397646437082454,-242.52983201648058,-0.02141866018335002,-60.77057888887496,4.417478680380677e-09,2.0633932239081666e-08
2.6250000000000003e-07,-64.24295883937333,1.385336542062189,-246.0094327011705,-0.020077945450448657,-63.138992379644776,1.377501615161625,-245.7718304127845,-0.019975929419894553,-138.57367701433546,4.472968605613924e-09,2.1087141525934117e-08
2.65e-07,-106.5400337744405,1.3447493014892067,-252.88160148730393,-0.01737650447554835,-107.16254664602306,1.3320171427586478,-248.75413831668186,-0.018353243682260892,-210.1135605126513,4.529073665119506e-09,2.152675893646053e-08
2.675e-07,-150.73050916518847,1.2640961478422434,-250.98075808266984,-0.016555662520960406,-148.8416725423548,1.262240048387366,-251.44862611155276,-0.016560181021045648,-272.15678956750975,4.585645259730735e-09,2.1937241829365038e-08
2.7e-07,-190.37129233684965,1.1453611175615381,-260.18774866452594,-0.014957561880145112,-187.025688565101,1.1697505183731058,-253.8290289917059,-0.014607575054493454,-321.89915151671033,4.642531913801474e-09,2.230530441875351e-08
2.725e-07,-218.35541970563483,1.0830400627988097,-256.8316885099646,-0.014245405349477526,-220.14413568403944,1.0568717502964105,-255.8712042401266,-0.012507285484744493,-357.0924048784513,4.699581534106621e-09,2.262090033527489e-08
2.75e-07,-245.8328460008713,0.919644154600947,-261.84987922407515,-0.012018986218867433,-246.24998615363884,0.9268969060854769,-257.55336777267945,-0.010272101622439635,-376.14589474639763,4.75664443980659e-09,2.287804843375475e-08
2.775e-07,-264.38033073913647,0.78999383004726,-257.60235547198226,-0.0076977126970739764,-263.18810805584735,0.7842635704449442,-258.85630775114464,-0.00791578698289824,-378.19844676903875,4.81357721553887e-09,2.307536720048842e-08
2.8e-07,-269.41228465258115,0.6489623322440478,-256.19329240129167,-0.003908358940981893,-268.8669886980779,0.6346100399201426,-259.76357328335735,-0.005453242426709104,-363.15729026922946,4.870247202460785e-09,2.321614101467949e-08
2.825e-07,-263.22028564263735,0.470373112123077,-259.8685869443322,-0.003081737838287268,-261.59027687999037,0.48466498562918436,-260.26163646254656,-0.0029007385265068897,-331.7022512675279,4.926537218567418e-09,2.3307767913671105e-08
2.85e-07,-242.83295023447755,0.34866334380633784,-260.6619868052243,-0.0018418485151508119,-240.39079387946074,0.34194964740186656,-260.3400262475927,-0.00027614981285869485,-285.2550258942343,4.982349935047958e-09,2.3360551057214136e-08
2.875e-07,-204.8399727065898,0.2113803794890001,-260.4815796900058,0.0005355014827103288,-205.3059176371654,0.21430489072291534,-259.99143294909214,0.002400882305488122,-225.9149229619348,5.037611265089263e-09,2.3385976527055055e-08
2.9000000000000003e-07,-158.59790012906205,0.12431319712402966,-257.61584041628174,0.005598576168185227,-157.5404828557571,0.10928827594586692,-259.2117823604119,0.005108923600578321,-156.36397998791966,5.0922721641495e-09,2.3394812170504303e-08
2.925e-07,-95.63687234984275,0.04907257548833377,-252.47180627076577,0.007313539526092273,-99.48041424741277,0.0335128171900313,-258.0002788558683,0.007824903919882406,-79.74574120622201,5.146308394929398e-09,2.3395487583106006e-08
2.95e-07,-33.87094798297047,-0.001434744438927475,-261.4486923882243,0.010821341470090793,-34.54430595576841,-0.007985544494168823,-256.35941706719257,0.010524474094319135,0.47682347298216193,5.199718054508551e-09,2.3393205061756824e-08
2.975e-07,30.549175314250668,-0.0018227224892549652,-250.68379496388943,0.013562065691962197,33.113090583606684,-0.012263528551208528,-254.29496204192833,0.013182547448961326,80.67783681707787,5.252571263260037e-09,2.3390060307787827e-08
3e-07,96.15047763504015,0.041890930858077526,-251.56155495155127,0.014785607236844963,99.00668654156658,0.021205615296904585,-251.8158980806919,0.015773979705182684,157.2323956647194,5.3048698890582e-09,2.3386158697259456e-08
3.025e-07,155.61487011935898,0.0934540651565033,-251.45562477736675,0.01880286378937271,158.77886795717004,0.09044870540388013,-248.93434674164791,0.018274317460679652,226.68040829372814,5.3565324380086566e-09,2.33813937246076e-08
3.05e-07,206.74174691310884,0.1709519106263907,-247.2822679518284,0.019301675188022997,208.6430102946429,0.1911641165171451,-245.66545478747918,0.02066053318896367,285.8829826872664,5.407669591224375e-09,2.3377326018738304e-08
3.075e-07,242.94266156846118,0.34251946745495554,-244.63495841697812,0.023892384386685735,245.74857726781042,0.3171256953198438,-242.02725312994,0.02291166597832831,332.16429730479894,5.45829742386846e-09,2.337855401665507e-08
3.1e-07,270.6283046460293,0.4563200863522168,-238.3929444060206,0.026251441309103417,268.4166337501437,0.46076340086812245,-238.0404880972531,0.025009301817697793,363.432542122072,5.508415086485713e-09,2.3393123516598942e-08
3.125e-07,275.4585693891204,0.5943401927891991,-232.62213223594472,0.025093274616562897,276.21606014542874,0.6138409390726087,-233.72842660767822,0.026937852573592002,378.27446368053637,5.558000904209295e-09,2.343182686132758e-08
3.15e-07,268.2721873550251,0.7758463575198283,-230.21917226865654,0.028443300203908284,269.8769644578502,0.7681397962413034,-229.1166370762091,0.028684624437609597,376.0192409252638,5.607010739884489e-09,2.3506582173700146e-08
3.1750000000000003e-07,251.68464071713674,0.9015322636520114,-220.82363982798898,0.029712774738813105,251.06416608036992,0.9160630263212355,-224.23274810832538,0.030239699006908843,356.76880478897243,5.65537863368593e-09,2.362833950508952e-08
3.2e-07,219.42356439013344,1.0247710071777931,-220.33985774166285,0.03155293847642306,222.0555801046541,1.0510899736486692,-219.1061872429778,0.03159567762769083,321.39323114599625,5.7030194376543395e-09,2.3805054761641496e-08
3.225e-07,186.79934447731318,1.1869998997105662,-216.2353206996165,0.0331144917198394,185.3840765445497,1.1680414737333018,-213.7679021946151,0.03274735741745125,271.49141536418506,5.749832930541294e-09,2.4040192398724075e-08
3.25e-07,140.87750829020527,1.258656268026798,-204.9827464606101,0.0335480922060708,143.50461530080264,1.2631488218903777,-208.25006720936847,0.033691412467079296,209.31880587544623,5.795708762145206e-09,2.433201678211607e-08
3.275e-07,98.13953280404772,1.3270574563353668,-202.48303226378718,0.03234212511884949,98.54073751700291,1.333952906982839,-202.5857772919798,0.03442614537890019,137.68546304295973,5.8405315551120154e-09,2.467369692422918e-08
3.3e-07,51.015815386765304,1.3801069975832423,-196.4322457221952,0.033907019885916864,52.147351884063625,1.3790865462304696,-196.80873317638068,0.03495135421406,59.829050832102155,5.88418558360443e-09,2.5054062570026727e-08
3.325e-07,8.177872733741635,1.4127549338530214,-196.13695356733913,0.03321001375199653,5.503388221517254,1.3980086334582031,-190.952920002971,0.03526833191888274,-20.731498227636756,5.926558630141469e-09,2.5458759247884287e-08
3.35e-07,-42.455096634067374,1.3934871654494658,-184.0048459803021,0.0334296620851007,-40.57740648069872,1.390760682638158,-185.05228272872054,0.03537998463476968,-100.35503077934028,5.967544856517379e-09,2.587155889647596e-08
3.375e-07,-88.78697117525562,1.359765225386209,-179.54122638441166,0.03426439276043163,-85.45186644587179,1.3578046593713202,-179.14040133167836,0.03529102772747795,-175.4427444783764,6.0070467656720795e-09,2.6275658214435364e-08
3.4000000000000003e-07,-128.46697165079098,1.3166915415169822,-172.7660349212276,0.035024149232885035,-128.4191543963293,1.2999780818726667,-173.25016887894847,0.035008199110875764,-242.60084566284112,6.044976532244676e-09,2.6654890300969508e-08
3.425e-07,-168.3299140048411,1.2150604130498575,-167.06377655354146,0.03324348596651424,-168.51517011295078,1.218572714182169,-167.41347550660413,0.034540422193885194,-298.79394109837017,6.081257102194138e-09,2.69948423079337e-08
3.4500000000000003e-07,-202.97429454103525,1.1224597522468194,-162.14380530653662,0.03232508107363477,-204.3813236717282,1.1155124622751351,-161.66090131151452,0.03389885704836424,-341.48223083984294,6.115823483484705e-09,2.728388699061462e-08
3.475e-07,-234.61965786790077,0.9968810528185114,-152.0110784104547,0.03359869418079388,-234.24485000773961,0.9935801978203769,-156.02142107906258,0.0330967971653703,-368.73630140500825,6.148624566973521e-09,2.751409783316631e-08
3.5e-07,-255.69812496133204,0.8616615727432988,-152.56358922038254,0.030203456844528236,-256.0260493317886,0.8566271701164913,-150.52212366790394,0.03214939705423992,-379.32433087002886,6.179625645866463e-09,2.7681947834451264e-08
3.525e-07,-267.1627907541209,0.7220584047393199,-145.20097928144096,0.029703906963888967,-267.56275953901866,0.7096956264525697,-145.18794874415084,0.03107324778241938,-372.7677644152109,6.208811576948712e-09,2.7788629804381254e-08
3.55e-07,-264.1113816168381,0.5393109349472025,-139.14162767877488,0.02842494542528373,-266.9185928662061,0.558996066318441,-140.04144340379693,0.029885847355874476,-349.3629439130403,6.236190291610452e-09,2.7839824300357532e-08
3.575e-07,-252.89151082267034,0.41149140989425487,-133.60929454482084,0.02900640334295009,-252.72337661796192,0.41170348694665315,-135.10254104518626,0.02860503488703755,-310.16771395040445,6.261796166562982e-09,2.7844810736968964e-08
3.6e-07,-222.47310884653618,0.2577447122942277,-136.8818199110766,0.02894696896340838,-224.48520178469272,0.27556807548025264,-130.38836465445286,0.027248467453440523,-256.95360966229947,6.285692644249282e-09,2.7814968606958728e-08
3.625e-07,-183.88961949965287,0.14362450979801658,-121.15137449505133,0.025639620935611007,-182.8152672135646,0.15836956477293304,-125.9130564478638,0.025833214301308628,-192.12578737804105,6.307973478937588e-09,2.776191103267345e-08
3.65e-07,-129.79159940269116,0.06510286440176413,-123.6413425994489,0.024376208256597615,-129.51914056476798,0.06727483373561312,-121.68763557786477,0.024375525124221944,-118.61431703244594,6.3287620852394535e-09,2.769566155686616e-08
3.6750000000000003e-07,-66.8048776746881,0.016886310990115602,-116.27479361497063,0.02403548085569193,-67.52906066850335,0.00817976241880174,-117.71988535644448,0.022890800629268817,-39.74174967742718,6.348208669583135e-09,2.762334904827663e-08
3.7e-07,-1.3925282474710863,-0.01956431532278543,-109.43876700648282,0.022096574103343574,-0.6778546937820868,-0.014875170644008062,-114.01427118247955,0.02139375953778282,40.92705425910506,6.3664851014587004e-09,2.7548804032181132e-08
3.7250000000000003e-07,70.6091709150746,0.006855177357887775,-113.76293001449413,0.01946505540896657,66.65858914758283,-0.0001323071684279434,-110.57189008137294,0.019898762606979238,119.74604854632797,6.383878945093654e-09,2.7473198624618792e-08
3.75e-07,128.7869310081644,0.0278362766141379,-112.25352199958778,0.018279746415404165,130.0011920630804,0.051675831647915595,-107.39045247805865,0.018420227133592728,193.15279413699002,6.400380986866064e-09,2.7396551728248332e-08
3.775e-07,188.78630732119996,0.15391647711571413,-107.95945247921017,0.014737619285592864,185.22674399743858,0.13737148248672376,-104.4642965308665,0.01697304945002363,257.82947329961416,6.416279772451084e-09,2.731963346914142e-08
3.8e-07,229.0555626607596,0.24005578269533914,-109.3831187113312,0.01521500060458767,228.9795339100352,0.251624728374608,-101.7844350564876,0.015572950876583986,310.85284742428485,6.431752803630091e-09,2.724565766427953e-08
3.825e-07,259.10193262708646,0.405907552355109,-100.22826782375304,0.013909459939672722,258.976679583576,0.38745477549391405,-99.33863477799153,0.0142366747389881,349.82638075071975,6.446956161451963e-09,2.718120807551381e-08
3.85e-07,272.1744963521617,0.545235838206015,-98.72442080862908,0.013687343611189898,274.1658904486862,0.5368702199388622,-97.11152733122539,0.012981986251843682,372.9885583270133,6.462019056278097e-09,2.7136085634004187e-08
3.875e-07,274.3540389031484,0.7131871375437001,-93.11034218141032,0.011649828890606147,274.7187765227518,0.6915613172479569,-95.08475117262903,0.011827459140221507,379.29250247395396,6.477039689700603e-09,2.7122101125899915e-08
3.9e-07,258.24290927300353,0.8339446659015297,-91.4021749778423,0.010752293516746963,261.86970335882023,0.8435537864657912,-93.23712324617073,0.010792067376558927,368.4532892720755,6.492083510251726e-09,2.7151149147208325e-08
3.925e-07,239.18954060185615,1.0132066245221731,-89.07696364501535,0.01093382172655644,237.63489432039472,0.9857448665421179,-91.54483899131691,0.009894631556399188,340.96082647395684,6.507183735527586e-09,2.723308007040586e-08
3.9500000000000003e-07,205.84847474222485,1.108472048528374,-89.30946910301734,0.01019714200373626,204.46471359652878,1.112266001756918,-89.98169901018935,0.009153192062131499,298.05771078947544,6.5223437436258e-09,2.737389053980457e-08
3.975e-07,165.463523682398,1.2368055703506995,-91.36597939837775,0.007874139564691294,164.89071062955804,1.218648317543953,-88.51936046272488,0.008584391603391424,241.68306534428055,6.537540747866436e-09,2.7574602708968204e-08
4e-07,121.00787178349208,1.3024990453976475,-84.38741913179156,0.008165052205467219,121.22667236142604,1.3018012411920565,-87.12761102599637,0.008202946420070918,174.38489573049054,6.552730088139691e-09,2.7830972747689982e-08
4.025e-07,73.50389298567669,1.3563129491533286,-88.14206409215235,0.007500535952919742,75.37017898540684,1.359845159288002,-85.77466303999941,0.008021269200900343,99.20492595648949,6.567849507930749e-09,2.8133949602601784e-08
4.05e-07,31.196924460986896,1.3811110522121246,-86.45703572358161,0.006840104392390857,28.730410858603133,1.3918605563129411,-84.42746526910204,0.008049280642277518,19.541119448684633,6.582822925509846e-09,2.84706634251984e-08
4.075e-07,-17.633981319320586,1.3994852204453432,-85.26144871150044,0.008121824255442094,-17.716956647632983,1.397624999151345,-83.05202953777285,0.008294415277445335,-61.0059011572024,6.597563420240342e-09,2.8825684805544305e-08
4.1e-07,-61.70194784308217,1.3800408437818328,-83.55143939811089,0.007331264996547125,-63.27144860466119,1.3774042974922789,-81.6137693527034,0.00876179633979269,-138.7955939595502,6.6119753973912505e-09,2.918234392266322e-08
4.125e-07,-111.56089325845599,1.3571938122554847,-81.07755792852282,0.008466594621972266,-107.28941041150819,1.3318464059081903,-80.07784750239796,0.009454529457853147,-210.31204199420364,6.62595611975213e-09,2.9523989446780015e-08
4.15e-07,-146.82728488200945,1.2635304991780876,-78.46947319022225,0.010145463349752628,-148.96011655335133,1.2619996803151063,-78.40952953083232,0.01037405028287948,-272.32286467443424,6.639396958486759e-09,2.983515186976861e-08
4.175e-07,-187.03521570940305,1.143587801763694,-79.63658846630663,0.011694798380948045,-187.1317078209511,1.1694461655286938,-76.57453991479548,0.011520459186531192,-322.02531403237685,6.652184787881334e-09,3.0102618763150235e-08
4.2e-07,-219.47784122616193,1.0321485099287067,-77.37399154516802,0.013099476136917528,-220.23248747160915,1.0565115950576298,-74.5394177356646,0.012892787004274563,-357.1729525444618,6.664203915546065e-09,3.03164164792095e-08
4.2250000000000003e-07,-249.17846494685804,0.9210607243444301,-70.17560764861264,0.013336733225732847,-246.3145076006881,0.926492293218541,-72.27186862603975,0.01448915701488697,-376.1771869916796,6.6753388079803985e-09,3.047063484297362e-08
4.25e-07,-267.2741679112879,0.7901747364112819,-72.63524536250954,0.017053942613955302,-263.2223824857147,0.7838293761886153,-69.74110979003004,0.01630683532798143,-378.17906925536744,6.685477666885338e-09,3.0563960005423164e-08
4.275e-07,-268.08547366561726,0.6269287421150794,-68.46018048470967,0.014578416927638699,-268.8652613482376,0.6341646093844029,-66.91820494291403,0.01834218846133021,-363.08811881609415,6.6945166740937996e-09,3.05997386797529e-08
4.3e-07,-260.5963727237995,0.4756433438712301,-60.20857256094185,0.02255317948044207,-261.5484667535363,0.48422953234254806,-63.77638609107433,0.020590586368281732,-331.58641226708687,6.702364499316556e-09,3.05854236202562e-08
4.325e-07,-241.19131269546716,0.3401926288200094,-57.8811414887835,0.023666380141056008,-240.30742162240793,0.3415471012660398,-60.291359175876494,0.023046295192839118,-285.09775500550694,6.7089465002526865e-09,3.0531362995388737e-08
4.35e-07,-206.5236033055931,0.230614835365079,-52.54163731783173,0.025635247915177645,-205.18277461775588,0.2139582809862843,-56.44159073470655,0.025702391823976448,-225.72332847093847,6.714207974218997e-09,3.044907688069481e-08
4.375e-07,-154.93077643051956,0.12759692637448738,-50.87977561799275,0.02965833457068775,-157.3829035599925,0.1090188260714591,-52.20857288757503,0.02855069996750834,-156.14672152932914,6.718115863022263e-09,3.0349356091683975e-08
4.4e-07,-96.45146100248883,0.010462743158167781,-49.14191469555847,0.032949802670702355,-99.29707651650894,0.03333799221080698,-47.57706413724163,0.03158169743635841,-79.5126383676002,6.7206584668957535e-09,3.024064365017631e-08
4.425e-07,-35.49905166157341,-0.005695122197508331,-44.70657120919522,0.03595253021815642,-34.346560704181414,-0.008053772310470187,-42.53530367315402,0.034784285627390846,0.7152349741709629,6.7218429673397315e-09,3.012814844704775e-08
4.4500000000000003e-07,39.021364076361166,-0.02393710507694178,-41.40398228043631,0.03550378986681933,33.31228017111163,-0.012219948430718075,-37.075197092884835,0.03814526253143952,80.9107813239172,6.721745624464018e-09,3.0013969162194183e-08
4.475e-07,96.6561755715341,0.031362682082758477,-29.997837958367683,0.04035291017625224,99.19405047552564,0.02135883691453013,-31.19247169726465,0.041648328358890964,157.44934461598217,6.720369442825909e-09,2.989821329980555e-08
4.5000000000000003e-07,158.8377765985809,0.09100955219187057,-22.15756327203857,0.04287748584800837,158.94219194786862,0.09070215794476515,-24.886799774933372,0.04527251396067306,226.87155609087765,6.717633179722406e-09,2.9780777082296777e-08
4.525e-07,205.02037273570778,0.2131664711431336,-16.549499365471966,0.049238935270369,208.77235737655982,0.19150201485162058,-18.16188856631024,0.04899008790313824,286.03968988517033,6.7136434409148465e-09,2.9663224165171475e-08
4.55e-07,245.62517923058405,0.3404474002868885,-11.811897982007128,0.05504789164622183,245.83719364575765,0.31752736712967017,-11.025535883619348,0.0527642676039587,332.27948109498124,6.70840979779396e-09,2.9550154426629842e-08
4.575e-07,269.89212520457903,0.471898325540111,-3.506584278032404,0.05861290732758897,268.46141628745966,0.46120518624109735,-3.489650660096089,0.056547365060467536,363.5009964595271,6.701922466810632e-09,2.9449610775155158e-08
4.6e-07,274.4318755009663,0.6074236473782043,4.741747055617356,0.058568595234467,276.21753536616234,0.6142982439301397,4.429761994746833,0.0602801877671268,378.2930945851008,6.694148749382858e-09,2.937237573329767e-08
4.625e-07,269.5996937401688,0.8110567309460811,12.72667886562585,0.06465525676603981,269.8388088355791,0.768589030892547,12.712651348583428,0.06389341021304475,375.9872063224798,6.6871300370672535e-09,2.9333741197199712e-08
4.65e-07,248.98870530239316,0.9007433100136558,26.0487113898044,0.06703444259297008,250.99237078914368,0.9164831937055337,21.33500701301496,0.06731115381649469,356.6875525699342,6.6826082948623525e-09,2.934756637582479e-08
4.675e-07,220.49435637075996,1.0653588860982326,27.06219522219574,0.07274085787240216,221.95741758031627,1.0514637421681374,30.268979818767342,0.07045631245501797,321.2664337259668,6.680638382031283e-09,2.9422006387172208e-08
4.7e-07,182.4151828774784,1.1573582721451354,35.81138194842745,0.07179499324095641,185.267051887954,1.1683556640566302,39.483036788685105,0.0732565706527891,271.32480369779574,6.681246319371525e-09,2.95606987360813e-08
4.7250000000000003e-07,142.36665727623944,1.225120784552263,46.993959098386455,0.07567369597746913,143.37557859768268,1.2633943387312614,48.94214909832013,0.07564986799723739,209.11991043059234,6.684433023597949e-09,2.9762055255789454e-08
4.75e-07,99.20511963856909,1.338202935641164,58.164360677305325,0.07724585192844713,98.40529523298225,1.334124237606746,58.60801162323977,0.07758829705272684,137.46327344080137,6.690178313200637e-09,3.0019367373787176e-08
4.775e-07,51.622429949765454,1.3802811319448423,67.32280286073801,0.08017679519712496,52.00965380852974,1.3791810114778102,68.43929239301647,0.07903989534415905,59.593609536669334,6.698444615775857e-09,3.032156227183057e-08
4.800000000000001e-07,3.107714837424255,1.4062175851569407,74.59630922045605,0.08096008191576966,5.366292378696026,1.3980256035513736,78.39191000660321,0.07998829940966033,-20.969549805966235,6.7091799878498684e-09,3.065435745888311e-08
4.825e-07,-38.55093298037775,1.4051237005090331,85.59956964145023,0.08142444121189442,-40.71186141073984,1.390700955033929,88.41933681485901,0.08043065613604373,-100.58493325133567,6.722320291735347e-09,3.1001570527398524e-08
4.85e-07,-85.8522339660649,1.3611867451125303,97.69174512042092,0.07936884617848264,-85.58181008301892,1.3576701430737637,98.47292544555086,0.08037447044823101,-175.65410677586556,6.737790613622819e-09,3.134641652364979e-08
4.875e-07,-130.20375596287946,1.3067696435752216,110.37454716745698,0.08051592175696311,-128.5422172620777,1.299771852460618,108.50225603624544,0.07983415606894541,-242.78411469130836,6.75550620647874e-09,3.167271876308647e-08
4.9e-07,-169.66804614451286,1.21353930992179,116.25292131011537,0.08019228561051457,-168.62796444981757,1.2182994118051451,118.45550135304677,0.07882793766736486,-298.940833515089,6.7753733623420924e-09,3.1966025945012856e-08
4.925e-07,-205.01395682192873,1.082207165901767,128.41121775572435,0.07945161029514329,-204.47920789172008,1.115178918640573,128.279806809749,0.07737549466271397,-341.58610744209864,6.7972906385153636e-09,3.221464341761816e-08
4.95e-07,-234.0700963764156,0.9799879998533804,134.1031506270551,0.07516004916368861,-234.32205689036533,0.9931961142732892,137.92168226415086,0.07549645234403089,-368.79246720693425,6.821150777571058e-09,3.241054809545723e-08
4.975e-07,-256.2515012330813,0.8526576900549057,149.006891278488,0.07261398994859608,-256.0761867616413,0.8562056397651201,147.32740235727303,0.07320961150579991,-379.3302473052851,6.8468434886726844e-09,3.255008689794638e-08
5e-07,-268.7842991511812,0.7082952915905634,159.30080639520264,0.06972014523712562,-267.57961823824076,0.7092533050350819,156.44341207799238,0.07053270432024755,-372.7231640743978,6.874259031017761e-09,3.2634296426680414e-08
5.025000000000001e-07,-265.796790554787,0.5540799067390314,165.1095571528902,0.06818740037330107,-266.8971318755078,0.5585528477665619,165.2167341809851,0.06748245931322659,-349.26984262999224,6.903292303644441e-09,3.2668670081612174e-08
5.05e-07,-250.50340560654607,0.397303367320022,174.56986698167375,0.06314848065557589,-252.66071599666103,0.41128162174072386,173.59537506030816,0.06407481259179656,-310.0303196910982,6.933846946498393e-09,3.266226847619246e-08
5.075e-07,-223.74760372242903,0.2823418507912344,183.85658586205508,0.06109064207192436,-224.38144094472858,0.2751907685131383,181.5287256847495,0.06032517478196001,-256.7781323343675,6.965838836688105e-09,3.262622061913496e-08
5.1e-07,-185.50077985967707,0.16842723109662883,187.09483553402313,0.056037404689825494,-182.67396889209277,0.1580591869636115,188.96795423420386,0.05624872460068094,-191.92015815709172,6.999198348869842e-09,3.2571858646215944e-08
5.125e-07,-128.1046588684374,0.06008005664480323,200.36463084743772,0.053360105725877995,-129.34737124856431,0.06705096042149801,195.8663871385654,0.051860736838736515,-118.38782989098434,7.033870848542366e-09,3.250889737468199e-08
5.15e-07,-66.87482429294191,0.011026812202342156,199.4387744495967,0.04840097707826904,-67.33694963393812,0.008057297085810164,202.17987531143294,0.04717696305419684,-39.504641318467925,7.0698150899153965e-09,3.244413351132948e-08
5.175e-07,-2.251040710426542,-0.013983437280612174,207.58344385483366,0.041712178979858176,-0.4777133233113653,-0.014887525260211273,207.86714248953598,0.04221407314070235,41.16406707770137,7.106999465365682e-09,3.2381047295841373e-08
5.2e-07,64.96617050673456,-0.0016032599501474745,210.28549299973383,0.03501120236486736,66.85347238153396,-3.3008624943718905e-05,212.89011273422864,0.036990144103148596,119.97225338491154,7.145497600369052e-09,3.2320447861531486e-08
5.225e-07,126.46877785348411,0.050894163077444134,217.7921094382278,0.034099908279169526,130.1779105522752,0.05188091989100397,217.2142143223827,0.03152515818223729,193.35796705199323,7.185076437876042e-09,3.226198299421877e-08
5.250000000000001e-07,184.74300350627558,0.14820231990152732,220.80902771176997,0.024092731883352394,185.37408891563106,0.1376696019303975,220.8086574491127,0.025841453768429425,258.00434094252125,7.225795626887497e-09,3.2206046563030356e-08
5.275e-07,228.5226439964484,0.22761605321669356,224.41893073129853,0.019288221134930995,229.0890766727196,0.25199742578429335,223.6466833822779,0.01996406463743279,310.9895061758603,7.267596035270896e-09,3.215547224922694e-08
5.3e-07,260.5963274357777,0.40634531990442346,224.24836666135843,0.012287879816885713,259.04346899357284,0.3878796269153473,225.7057829467646,0.013920888213600434,349.9186539466054,7.31039391615893e-09,3.211645977449415e-08
5.325e-07,275.4509670960041,0.5138070278030531,228.8496262363704,0.006474805548144314,274.18867649931263,0.5373228414240848,226.9678824730992,0.007742641132575402,373.03227542888834,7.354076568663664e-09,3.2098421698913e-08
5.35e-07,272.2537381687271,0.6781694261475443,226.30304795234602,0.0031964013307282197,274.69975073956033,0.6920173931611123,227.4194956177549,0.0014625871090792964,379.28568756837166,7.3985000027854315e-09,3.211277627170782e-08
5.375e-07,261.07598825943535,0.8530294236115966,227.05045616648786,-0.004950110632673434,261.81382392807893,0.8439908581361666,227.05183974923744,-0.004883946938403342,368.396250377248,7.443488997784813e-09,3.217102288316393e-08
5.4e-07,235.74946290843758,0.9917798669092608,225.26971280091533,-0.010210686676877228,237.5489294336021,0.986143677149246,225.86091589216858,-0.011260221071081595,340.8561416180369,7.488839410326453e-09,3.228261711239255e-08
5.425e-07,205.51649228232574,1.1158940823386099,222.94170568889604,-0.01709813512397247,204.3561771926959,1.1126112777100705,223.84755152856212,-0.017628830663960687,297.9101114895511,7.534322319282507e-09,3.245316561937672e-08
5.45e-07,161.70893793221987,1.208228214718821,221.22276619903843,-0.026894069907922466,164.76687419104314,1.2189289669452785,221.01740586862473,-0.023952472697623434,241.4992227525825,7.579689405696906e-09,3.2683310465232994e-08
5.475e-07,125.53795276422451,1.2745778590995478,221.24207196775546,-0.02848604007295683,121.09381336230315,1.3020100483337598,217.38093752000762,-0.03019465028184335,174.17311911349233,7.624678886515805e-09,3.2968442660460954e-08
5.5e-07,75.41375977534821,1.371625576988388,207.31009517141064,-0.036445253385877646,75.23317555287349,1.3599781332111378,212.95333480173014,-0.03632024799704889,98.9747871350071,7.66902135724901e-09,3.329916534651477e-08
5.525e-07,29.733005832626745,1.4137305830843194,208.19244320832,-0.04103554539122586,28.59272270550075,1.3919161376111298,207.754409264228,-0.04229593174020355,19.30302017335147,7.712445039076228e-09,3.366228573716743e-08
5.55e-07,-17.398940934799523,1.395512310096066,201.60143852695288,-0.048116080944365376,-17.852956159470672,1.3976033348953554,201.80845328743789,-0.048090351704063346,-61.24119934136488,7.754680139295173e-09,3.4042076969389225e-08
5.575000000000001e-07,-60.708120694781854,1.3728237813822632,196.99145519273972,-0.053577795994785765,-63.403891585485866,1.377306759251621,195.14406293177694,-0.053674149940198694,-139.01745611046505,7.79546227733561e-09,3.442159918549643e-08
5.6e-07,-106.02431982832928,1.3101739079665786,186.80449722586317,-0.05759576165936668,-107.41625400892737,1.3316754576186347,187.7939275097257,-0.05901978882157253,-210.5104404478914,7.834535154335385e-09,3.478395994580273e-08
5.625e-07,-147.85672741624253,1.2931072620722754,182.93218847484442,-0.06611066166614678,-149.0785304329917,1.2617591145017943,179.79458762589258,-0.0641012192397362,-272.48883227260546,7.871652809256835e-09,3.51134788337824e-08
5.65e-07,-190.37271084778382,1.1633579181851115,174.45741853169483,-0.06712421509053061,-187.2376832378149,1.1691416350775843,171.1861636985364,-0.06889339603351419,-322.15134941754866,7.906581877604601e-09,3.5396763784114536e-08
5.675e-07,-227.24120321963602,1.0676185450075468,160.16581245063864,-0.07242247316599187,-220.32077834526842,1.0561512908074915,162.01205722320893,-0.07337162587026992,-357.2533592042467,7.9391042366391e-09,3.562369352193191e-08
5.7e-07,-244.3184129940636,0.9220922908792047,152.91330658967985,-0.07590120938335522,-246.37894917691756,0.9260875699599445,152.31862726734784,-0.07751070860505045,-376.2083307281659,7.969020290376892e-09,3.5788242441500975e-08
5.725e-07,-261.72856673734606,0.7647308938963094,139.48555807137137,-0.07944745617607064,-263.2565586047615,0.7833951207062377,142.15484489129935,-0.08128382369917198,-378.15954244258853,7.996152944342208e-09,3.588901289886992e-08
5.75e-07,-269.10334555686035,0.6422897939986719,132.8420742640642,-0.08624546686495362,-268.8634206928974,0.633719176385653,131.57192837458675,-0.08466114342560212,-363.0188040215201,8.02035208389574e-09,3.5929298097657485e-08
5.775e-07,-263.03434570770867,0.48304982247888034,119.75328138777354,-0.08733596440096697,-261.5065347233268,0.48379414235059653,120.62296228474082,-0.08760825438669483,-331.4704423615816,8.041499147837922e-09,3.591652563047176e-08
5.800000000000001e-07,-239.27872954855593,0.3582251861901001,113.73252633413878,-0.08883771517255326,-240.2239276938112,0.3411446870287233,109.36250355820643,-0.09008466281399967,-284.9403715646992,8.059511226019693e-09,3.586104477954414e-08
5.825e-07,-206.7314783024044,0.2379150538212179,100.90089750275621,-0.09078691922124352,-205.05952043084216,0.2136118693020585,97.8461778677199,-0.09204294251090603,-225.53164486794464,8.074344041070489e-09,3.5774401389817564e-08
5.85e-07,-158.22832876072425,0.11584949001619055,78.70594624250305,-0.0931664186700575,-157.22523399660543,0.10874963214174577,86.13026962711345,-0.09342938779766304,-155.9294014264859,8.085993218712134e-09,3.5667436046422916e-08
5.875e-07,-101.794697436477,0.010025885699434325,70.3026765708465,-0.09210381921240117,-99.11367850773769,0.033163467246964125,74.27130903219538,-0.09418719620747543,-79.2795041386533,8.094493406958501e-09,3.554866605122446e-08
5.9e-07,-31.854074670222534,-0.009072757306714859,57.80174276595059,-0.09375366953169192,-34.148791642010664,-0.008121674393156466,62.32565955470204,-0.09426300181156855,0.9536461929949752,8.09991505012852e-09,3.5423400498429286e-08
5.925e-07,36.30229271735198,-0.021708487451326884,45.816165195790774,-0.09403730311725723,33.51145420034326,-0.012176038053834801,50.349109295245555,-0.09361684497743511,81.14369388845881,8.102414152561208e-09,3.5293865800107446e-08
5.95e-07,100.0919327057821,0.025570521596872942,34.19595789235718,-0.09052851185581562,99.38136061418227,0.02151237138961499,38.3964695607965,-0.09223445324297815,157.66623140873602,8.102086764835727e-09,3.5160325572960686e-08
5.975e-07,160.4111649646378,0.09073176844441301,26.909234402011343,-0.09196930582537075,159.10542894368197,0.0909558855390487,26.52118396288057,-0.09013929897221401,227.06261432272763,8.098960798413025e-09,3.50228597830799e-08
6e-07,206.19329616239074,0.20123268736022817,21.215357933475772,-0.08636511442895349,208.90159251357872,0.1918401335906218,14.77495123506148,-0.0874006190558101,286.1962841591338,8.093263200379498e-09,3.488324069373717e-08
6.025000000000001e-07,244.93583362331304,0.34276854871374696,2.1233830778527043,-0.08393986990630384,245.92568344585942,0.3179291929624028,3.2073648431932114,-0.08413294502722664,332.39453370648863,8.085135343952802e-09,3.4746297060992564e-08
6.05e-07,270.7458790635479,0.487549019415866,-3.915124303994257,-0.07875678898757289,268.50606859247915,0.46164705348294344,-8.134427689439839,-0.08048394256841551,363.5693072925451,8.074708929572269e-09,3.462031526561401e-08
6.075e-07,273.2690427752995,0.6090413271444162,-18.648079952009798,-0.07746324709320727,276.2188869041218,0.6147555587426007,-19.206042996303342,-0.07661171504887225,378.31157614554274,8.065953922549457e-09,3.452255903541491e-08
6.1e-07,267.5081168508806,0.7742718727487223,-27.495663500979326,-0.07272051786616623,269.80054427650913,0.7690382091191938,-29.96615507502719,-0.07265862115788567,375.9550232859014,8.060354972053491e-09,3.446740675726723e-08
6.125000000000001e-07,246.72159412245873,0.8982232758387343,-40.5313314134971,-0.067197489641452,250.9204866596997,0.9169032477946798,-40.37676116330923,-0.06873134793279903,356.6061595362977,8.057837506667788e-09,3.4465763791651934e-08
6.15e-07,218.95614312535068,1.0491800061640035,-44.671824231216945,-0.06417343831556459,221.85918850651285,1.051837352334289,-50.403418199543474,-0.06489354704719133,321.1395094750365,8.058292253648389e-09,3.4525505608270776e-08
6.175e-07,185.05488102193803,1.1517329678987964,-58.63802464293168,-0.06228247660082922,185.1499822256192,1.168669663354283,-60.0154480429255,-0.061170608737761,271.158084916669,8.061579801610062e-09,3.464998538707857e-08
6.2e-07,145.28968318931246,1.261461173802659,-69.19495658536096,-0.059878681640527634,143.24651545683344,1.263639643338387,-69.18610990153847,-0.057561365768989486,208.92093242850956,8.067536102662306e-09,3.483733129170992e-08
6.225e-07,100.28322399042219,1.3298445013531879,-79.44621719197032,-0.054379980412997575,98.26984090283165,1.3342953443065615,-77.89273870350983,-0.054050917875261686,137.24102957032468,8.075978237772923e-09,3.50805568038924e-08
6.25e-07,51.98654064697959,1.352201060078565,-84.5858043816868,-0.048934333906467384,51.871953850232394,1.3792752482638684,-86.11684844323707,-0.05062087841770869,59.35814471462059,8.086709860238052e-09,3.5368321243820183e-08
6.275e-07,6.899845645038798,1.3920497981296838,-97.00750978315422,-0.04830428434115693,5.229201580661386,1.398042345640324,-93.84419983924471,-0.047255825996069416,-21.207593105846858,8.099525913567776e-09,3.56860878609134e-08
6.3e-07,-40.487563043766045,1.3891988748947401,-98.85266322136444,-0.04370278588813932,-40.84630587201217,1.390641003443765,-101.06483194986319,-0.04394634701121669,-100.81479601399235,8.114216454032146e-09,3.601743638906626e-08
6.325e-07,-80.9590768513266,1.3416423707191303,-110.33118436651039,-0.039608364300818474,-85.7117373027544,1.3575354099799313,-107.77305770480243,-0.04068967778377319,-175.86539972789282,8.130569648181115e-09,3.6345362747829456e-08
6.350000000000001e-07,-127.4721432177042,1.3237810340717788,-114.61773252962058,-0.03886482321255986,-128.66525541096968,1.29956541732176,-113.96742362217648,-0.03748896533750669,-242.96728787245416,8.148374215426544e-09,3.665349195286093e-08
6.375e-07,-168.90380993511815,1.207285036389511,-119.61585106974367,-0.033477381824520494,-168.74072225251527,1.218025920240878,-119.65063428883123,-0.03435192802606597,-299.08760791470354,8.16742170723017e-09,3.692719719646919e-08
6.4e-07,-203.1776216922582,1.121614869628147,-122.00239481509317,-0.032179758990997134,-204.57704006279963,1.1148452098553174,-124.82944248425949,-0.03128942359729246,-341.6898491915664,8.187509034857539e-09,3.715463288946581e-08
6.425e-07,-236.80391943419374,0.9882335731748021,-129.72948915777152,-0.02774969682327765,-234.39919345553767,0.992811898985218,-129.51450612234498,-0.02831420772802592,-368.84848741543436,8.20844157372473e-09,3.732765097304985e-08
6.45e-07,-254.97094822220274,0.8455285839717166,-134.51573619235407,-0.026884201140956798,-256.1262348325227,0.855784021566937,-133.7202134680121,-0.02544000595744326,-379.33601398696715,8.230037000761283e-09,3.744250013696162e-08
6.475e-07,-266.62193334904725,0.7022001985654852,-135.29636868083418,-0.020940043167230693,-267.5963704860266,0.7088109499770696,-137.46447835521013,-0.022680915951757294,-372.6784165883816,8.252129795550458e-09,3.75001455188525e-08
6.5e-07,-266.3177199253101,0.5622745346764915,-142.19844707760367,-0.018761591883568723,-266.8755522974378,0.5581096583205265,-140.76850738611577,-0.02005109084606542,-349.17660346074325,8.274576100692268e-09,3.750603514934246e-08
6.525e-07,-258.2444348455608,0.4050053686597205,-144.13043709369427,-0.017376312866819954,-252.59793236608843,0.41085985351402615,-143.65654132681283,-0.01756461727469303,-309.8928030367324,8.297258438945216e-09,3.746920932814669e-08
6.55e-07,-227.72728207036187,0.2632428401727142,-144.9587843542665,-0.014856830262388697,-224.27756237567502,0.27481362672892035,-146.1555731299841,-0.0152354870320794,-256.60255363449545,8.320089665354317e-09,3.740080093096175e-08
6.575000000000001e-07,-182.07629620665026,0.1646945430767745,-150.7996566549639,-0.014281066243674504,-182.53256863289243,0.15774903721630287,-148.29504520845873,-0.013077564991101026,-191.71445316909754,8.343015519309511e-09,3.731217000080509e-08
6.6e-07,-124.74772964731349,0.09146244291490929,-148.53553142913245,-0.0076448677407753175,-129.17552570348005,0.06682736692632227,-150.10652875313744,-0.011104474471009276,-118.16129601187983,8.36601524307243e-09,3.721308426975948e-08
6.625e-07,-67.22914849776669,0.02120057517256086,-151.32452764220974,-0.008303039307755942,-67.14479600569803,0.007935147056258585,-151.62338803342604,-0.009329350668100237,-39.267517363703256,8.389099937907188e-09,3.711042041124068e-08
6.65e-07,0.8845955538561663,-0.01057662083345669,-154.5527880861021,-0.008495190296924842,-0.27756777037951785,-0.014899549128516088,-152.88043273660293,-0.007764448068716048,41.40106364537591,8.412308605911542e-09,3.7007768293302855e-08
6.675e-07,65.74438285425427,-0.009808664670567045,-152.7734995106418,-0.005812201468310496,67.04832048651502,6.661424294401984e-05,-153.91356149357694,-0.006420623306429231,120.1984108603469,8.435803455753309e-09,3.690607864064732e-08
6.7e-07,131.92357486905703,0.029355436625112644,-152.7309885221166,-0.005825650055368847,130.35455774446783,0.05208630456343194,-154.75939980144648,-0.005306745068251755,193.5630636323356,8.459456904908817e-09,3.680517383561802e-08
6.725e-07,183.92663306341757,0.1517917760137685,-153.26586529758504,-0.005387397448448275,185.52133313563888,0.13796797102060535,-155.45493558771858,-0.0044291026418626445,258.1791067293986,8.483451672552356e-09,3.670565445773329e-08
6.75e-07,232.218498585455,0.232594316918684,-155.0157942194992,-0.00432217928332903,229.1984987869612,0.2523703115880123,-156.037155666687,-0.0037908914497740915,311.1260421537007,8.507866783583811e-09,3.661059005918341e-08
6.775e-07,260.7619486062706,0.38276527186564085,-157.9473463430599,-0.003580095625648139,259.1101286369041,0.38830459664940226,-156.5426863153449,-0.0033918465807146214,350.010789000147,8.532771740958789e-09,3.6526440861189396e-08
6.800000000000001e-07,274.2716153254415,0.5638634886250068,-156.08060039262406,-0.004673630416848246,274.2113344271259,0.5377755084068103,-157.0074411445632,-0.003228075433091977,373.07584526352923,8.558220853047437e-09,3.646289936720147e-08
6.825e-07,274.7763168939728,0.6944231419960492,-157.46026362923303,-0.0038807617905442424,274.6806078077891,0.6924734447737588,-157.46627936163927,-0.003292111791289462,379.2787229268066,8.584249665230518e-09,3.643167840909967e-08
6.85e-07,260.5141575606526,0.8518565826860535,-153.08726065586268,-0.004075197466972152,261.7578451672869,0.8444278434321069,-157.95267741344466,-0.0035731811180867634,368.33906604541585,8.61087366999434e-09,3.64445829569239e-08
6.875e-07,237.1856763538179,0.9764229742731296,-153.2325774478931,-0.005465383149479112,237.46288680718578,0.9865423502052229,-158.498416866318,-0.004057636313196715,340.7513221975104,8.63808916269458e-09,3.6511382981729984e-08
6.900000000000001e-07,208.9922856030822,1.120725952267851,-157.38545955027732,-0.002699583357908096,204.24758529695723,1.1129563772629663,-159.13329122076453,-0.0047294999880174715,297.7623945794311,8.665875841817608e-09,3.6638007395568945e-08
6.925e-07,165.27621728686964,1.255580263763834,-160.11661544970056,-0.005678160888144327,164.64300253188335,1.219209413206008,-159.884834177408,-0.005571037416931183,241.31528482080972,8.694200565255434e-09,3.682542806871588e-08
6.95e-07,117.92698513782227,1.2822186495346388,-162.2848068751815,-0.004575745877077637,120.96093569454115,1.3022186361985015,-160.7780716671642,-0.006563285676725284,173.96127373570744,8.723021595223715e-09,3.7069373042859095e-08
6.975e-07,73.11411327145035,1.3534340638409172,-159.36959502501193,-0.0071420927452087325,75.09616565908824,1.3601108800875772,-161.83529973509866,-0.007686478636449904,98.74460923984623,8.752292701889507e-09,3.736078881404223e-08
7e-07,29.092189729439774,1.3772669234027213,-167.00115831649887,-0.006895469044598465,28.45503645235795,1.391971490121303,-163.0758901259639,-0.008920331691444334,19.06491327749164,8.781966636806951e-09,3.768683057142882e-08
7.025e-07,-18.203110580707847,1.3970681081411518,-161.2463217064807,-0.01104281052998854,-17.988947844346473,1.397581444286,-164.51612516212955,-0.010244179951534083,-61.47647334847441,8.81199770107994e-09,3.80321215989096e-08
7.05e-07,-64.29335951621049,1.371273244868401,-172.01029806820975,-0.010362667362097903,-63.53632130479905,1.37720900033049,-166.16906323388557,-0.01163699353494976,-139.2392633794873,8.842343376662713e-09,3.838007141621005e-08
7.075e-07,-108.6948202372998,1.337547944581843,-169.08926497371107,-0.011154633956427129,-107.54307741394709,1.3315042977269678,-168.0444359403317,-0.013077318243659325,-210.70875579539106,8.87296521487204e-09,3.871413306481328e-08
7.1e-07,-150.28278518198647,1.2552402273767636,-169.33314867046323,-0.01490139655850223,-149.1969141464372,1.2615183507588807,-170.1485776288186,-0.014543204750111182,-272.6546922964974,8.903829340808648e-09,3.901896462600103e-08
7.125000000000001e-07,-184.77103053000434,1.1640498998281834,-172.0153221507634,-0.016837253163897888,-187.34361476981084,1.1688369268338024,-172.48438778477913,-0.016012191840311406,-322.27725762247104,8.934907004907309e-09,3.9281502569510736e-08
7.15e-07,-218.7286544348987,1.0422748610008092,-174.65632470454787,-0.01588141085900219,-220.4090082508819,1.055790837388295,-175.05132642444704,-0.017461398820403637,-357.3336248260641,8.966175579965147e-09,3.9491941228344404e-08
7.175e-07,-246.66131702529964,0.9276249164443248,-173.58687140598016,-0.018515173079441845,-246.44331082581476,0.9256827362009837,-177.84544234308785,-0.01886776081699481,-376.23932594356046,8.997620270612018e-09,3.964455454012324e-08
7.2e-07,-263.88729399957737,0.7950794782240018,-181.4326951300498,-0.018025384394382064,-263.2906363621894,0.7829608039513315,-180.85943377364617,-0.020208412282714965,-378.1398663384115,9.02923659805312e-09,3.973822486243046e-08
7.225e-07,-271.3283759041667,0.6491432001912181,-182.2614635321356,-0.022654143935798662,-268.86146669591204,0.6332737409435143,-184.0827407178165,-0.02146119374344346,-362.94934591287137,9.061033485982344e-09,3.977650202417692e-08
7.25e-07,-258.73150687759124,0.47169925547892705,-188.62968160151138,-0.02254138063984886,-261.4644807760675,0.48335881573275435,-187.5016679260758,-0.022605230240433156,-331.3543415967939,9.09303655067112e-09,3.9767042900263345e-08
7.275e-07,-240.31412379856553,0.3357830223725858,-191.4029084383879,-0.022542192936388837,-240.1403121091457,0.34074240481337564,-191.09953722773798,-0.023621511947642723,-284.78287563394707,9.125291034526597e-09,3.972039508287517e-08
7.3e-07,-203.84003583594927,0.20663759581892538,-195.05862603000347,-0.022240203326116495,-204.93615512308236,0.21326565581448326,-194.8568676490452,-0.02449340148711178,-225.33987222863132,9.157863753030147e-09,3.964826906328589e-08
7.325e-07,-151.55976572487498,0.12254004114511191,-197.80163084408906,-0.025268505191763144,-157.06747424168117,0.10848069429451779,-198.75158150904787,-0.025206999796795446,-155.71201976518438,9.190843468506899e-09,3.9561635176071905e-08
7.350000000000001e-07,-100.76673243301413,0.044019847487468886,-202.48905949142687,-0.02555224957612491,-98.93022032070282,0.03298924240265329,-202.7592344517496,-0.025751321927252047,-79.04633861140842,9.224339259078867e-09,3.9469106004752856e-08
7.375e-07,-33.934180125676995,-0.01633998401064931,-209.4991384898498,-0.02501672709078308,-33.95099888304433,-0.0081892506946437,-206.8532671607516,-0.026118262566551285,1.1920570353372697,9.258476695697174e-09,3.937605328449024e-08
7.4e-07,35.32464497185923,0.017738619869263228,-213.56266440413438,-0.02642349552189446,33.71061255483576,-0.012131797444751213,-211.00527631131797,-0.026302363511208564,81.37657441875514,9.29344762739641e-09,3.928473593727635e-08
7.425e-07,103.56224204897681,0.006382002476194833,-213.0578065324214,-0.027114415372910684,99.56861685039459,0.021666218620906553,-215.1853021460573,-0.026300426061253303,157.88305595735864,9.32936225292814e-09,3.919542219529328e-08
7.450000000000001e-07,160.28608796017315,0.08740231135549606,-220.17321609514062,-0.025379667662771513,159.2685788575497,0.09120988801361196,-219.36212991581155,-0.026111035023633534,227.25358291385558,9.36624478973112e-09,3.910816985048194e-08
7.475e-07,210.02217989612691,0.18953910926157044,-226.1075051606254,-0.02489465295399103,209.03071564667962,0.19217847250364825,-223.50360230806893,-0.02573407348706252,286.3527654473386,9.404297059528044e-09,3.902470174272296e-08
7.5e-07,244.38512371184248,0.28861042522422115,-223.29978829044478,-0.024080301651255843,246.01404664122552,0.31833117255131227,-227.57693989237578,-0.025170306582270683,332.5094550938969,9.44361576732947e-09,3.8949768103186295e-08
7.525e-07,266.1480279413008,0.44259592754024996,-232.72212625223918,-0.026327113240174813,268.5505906702318,0.46208900231504657,-231.54906654655267,-0.02442109823233783,363.63747459415833,9.484268487647755e-09,3.8891545163117825e-08
7.55e-07,280.4266724222045,0.6377994487270658,-233.61263495384495,-0.02465792359737861,276.2201147919917,0.6152128832355587,-235.38693678963602,-0.023488299939481448,378.32990835456536,9.526289088231797e-09,3.886092382357366e-08
7.575000000000001e-07,269.20724955762734,0.7859291389598673,-238.8634971858432,-0.024318814773571652,269.76217083358705,0.7694873306649973,-239.05786193763458,-0.02237431935469102,375.9226918282335,9.569675543971174e-09,3.8869881611168446e-08
7.6e-07,249.50674092429423,0.9187370344443323,-238.90468198523277,-0.019608421313511478,250.84851375611862,0.917323188364019,-242.52983201648073,-0.02108234425144655,356.52462572019783,9.614390156082352e-09,3.892938640288044e-08
7.625e-07,219.91333239061882,1.0522164539557752,-246.34814788311314,-0.019315569268359884,221.76089294920348,1.052210803962753,-245.77183041278454,-0.01961667021596783,321.0124584433166,9.66036189666354e-09,3.904737281026539e-08
7.65e-07,184.09593698711026,1.1759129398439152,-250.1589415162268,-0.017290818448442016,185.03286761756385,1.1689834714858127,-248.75413831668186,-0.017983062634076823,270.9912590866284,9.707490365132358e-09,3.9227250854786606e-08
7.675000000000001e-07,146.43755520418463,1.2636160184409488,-251.20335068643303,-0.014000800578115091,143.11742592715632,1.2638847356144896,-251.4486261115528,-0.016189078430395874,208.7218719477491,9.755650706539737e-09,3.946720476653065e-08
7.7e-07,101.36684153260057,1.3641086731726488,-252.88722932060253,-0.013747987466706867,98.13437456249076,1.3344662270243441,-253.82902899170588,-0.014244281266449384,137.01873151925795,9.804698820286031e-09,3.976030464692326e-08
7.725e-07,51.009747301891416,1.3737963103897628,-257.7923743058386,-0.012882742279549256,51.73425203366173,1.3793692565647282,-255.87120424012653,-0.012160303903509573,59.1226564589217,9.854476278823083e-09,4.009526770824642e-08
7.75e-07,5.948815843859224,1.4080641647413807,-259.25230715507683,-0.00968428138478446,5.092115844651763,1.3980588597300827,-257.5533677726794,-0.009950739462301012,-21.445628033302892,9.904814557187309e-09,4.0457616371742274e-08
7.775e-07,-42.63425112490498,1.3776818456957864,-257.05340530891914,-0.006833021072122721,-40.98073984873733,1.39058082789795,-258.85630775114447,-0.007630874222903684,-101.04461897656675,9.95553840781708e-09,4.0830990272215406e-08
7.8e-07,-84.68718187766358,1.3457688368019838,-258.1894112397837,-0.0023715617689606338,-85.8416480848303,1.3574004601436116,-259.76357328335746,-0.005217302769165894,-176.07662325104542,1.0006468454681483e-08,4.1198445129459896e-08
7.825e-07,-128.55226300551283,1.2841899545266635,-257.1196036669603,-0.001984246512311728,-128.78826881366942,1.2993587765332966,-260.2616364625466,-0.0027274865784053188,-243.1503651339584,1.0057423279876763e-08,4.15436648081673e-08
7.85e-07,-169.53922252306901,1.2048210541778968,-262.46368887588415,-0.00018754531519230827,-168.85344348052746,1.2177522395905418,-260.3400262475927,-0.00017932591525753616,-299.23426423926713,1.0108221396547063e-08,4.185207965741723e-08
7.875e-07,-206.37774207912395,1.1079986626165557,-259.62982188754154,0.0033856821540130563,-204.67482013439277,1.1145113360443022,-259.9914329490922,0.002409189465467837,-341.79345604729536,1.0158683521594056e-08,4.2111898882686755e-08
7.900000000000001e-07,-235.07190476882485,0.9890532032844984,-264.62692913346694,0.004483509912309168,-234.4762596470295,0.9924275521024953,-259.2117823604118,0.005020201959455938,-368.90436200839315,1.0208635476910727e-08,4.23150260850717e-08
7.925e-07,-253.97689443247742,0.8672398308151141,-255.89190793823425,0.0098416790562708,-256.17619348968856,0.8553623156841733,-258.00027885586815,0.007636057164944744,-379.3416309127985,1.0257911875547608e-08,4.245775738877486e-08
7.95e-07,-268.32103796899816,0.7200371541309594,-253.4726601875984,0.010027708413815572,-267.6130162378168,0.7083685614478703,-256.35941706719234,0.010239231852414965,-372.6335219748286,1.03063605229536e-08,4.2541099603793995e-08
7.975e-07,-263.191038677564,0.5566051737379363,-256.18820039885185,0.012484837622695165,-266.8538541063943,0.5576664981454238,-254.29496204192827,0.012812155746230538,-349.08322644210114,1.0353847227658508e-08,4.2570534765031954e-08
8e-07,-253.65500630375254,0.4065825846128678,-255.52879106422162,0.01483282723469483,-252.53502572683232,0.41043818241532953,-251.8158980806919,0.015336986940509995,-309.7551640415957,1.0400260517559857e-08,4.255512756793406e-08
8.025e-07,-222.4088776372175,0.2826181726137583,-246.06041675230617,0.018010644260986537,-224.17356610859068,0.27443665024950187,-248.93434674164791,0.017795412966548158,-256.4268736319951,1.04455156384321e-08,4.250602423851108e-08
8.05e-07,-179.91870495121466,0.16946443467504027,-245.76920904406285,0.019404562546529686,-182.39106649787198,0.15743911561954466,-245.66545478747906,0.020168548626448943,-191.5086724952781,1.0489557197890782e-08,4.2434586764236704e-08
8.075e-07,-129.25448595806563,0.0967454318299906,-239.90085798857157,0.02345772373690236,-129.00360401838012,0.06660405330475695,-242.02725312994,0.022436987680161575,-117.93471548456955,1.0532359919534244e-08,4.2350574503942566e-08
8.1e-07,-64.8004366293091,0.015096202359337944,-240.98767713641658,0.025183076649327816,-66.95259989184376,0.00781331235759671,-238.04048809725313,0.024581040643157113,-39.030377906744604,1.0573927176441632e-08,4.2260847941217576e-08
8.125000000000001e-07,-0.4066709299819065,-0.018953235718149143,-231.20485189684644,0.029182911579879373,-0.07741815162615762,-0.01491124223509501,-233.72842660767796,0.026581159582894236,41.63804386857155,1.061428724994155e-08,4.216897633318045e-08
8.15e-07,65.2481414661526,0.006961334225748498,-226.23347202859378,0.02642513498045838,67.243133349281,0.00016656145442813392,-229.1166370762089,0.02841851834246753,120.42452088336091,1.065358896885918e-08,4.2075888777972455e-08
8.175e-07,128.16812486280884,0.04591688205768025,-220.0311303744268,0.03084411188754669,130.53113354137903,0.052291985711427735,-224.2327481083252,0.030075688734903294,193.76808379704357,1.0691688681638611e-08,4.198138746919439e-08
8.2e-07,187.52817457486464,0.1299679536729813,-219.88196323233865,0.031763535459976164,185.6684765836903,0.1382665898515822,-219.10618724297777,0.03153733481911274,258.35377059125335,1.0728751145389149e-08,4.18860550492753e-08
8.225000000000001e-07,232.24254774867094,0.2744256374891689,-213.52238697555853,0.031541857480717785,229.30780020961475,0.2527433859447275,-213.76790219461466,0.03279084161148613,311.2624553039116,1.0764835556675522e-08,4.1792944415220465e-08
8.25e-07,255.8091583308498,0.37631058008588436,-212.71708173151364,0.035477151397488575,259.1766585029841,0.3887296849292501,-208.2500672093683,0.03382680250873482,350.1027858749732,1.0799990170589591e-08,4.1708498127225347e-08
8.275e-07,273.87696259137095,0.5501313645594655,-202.2689865838979,0.03605305300560797,274.23386425178006,0.5382282211946545,-202.5857772919797,0.03463930991086265,373.11926781373427,1.0834247012009222e-08,4.164238732103753e-08
8.3e-07,275.0669551901674,0.6929081815680662,-197.8400457721078,0.03616886187515861,274.6613477713537,0.6929294724583654,-196.80873317638054,0.03522602251777024,379.27160855200844,1.0867618702460355e-08,4.1606297649335915e-08
8.325e-07,261.5534880226375,0.8482560178030744,-190.45034906831765,0.03565172895725403,261.7017671361613,0.8448647427721966,-190.9529200029708,0.035588015516047636,368.2817362991544,1.0900097571258005e-08,4.16120003381163e-08
8.35e-07,234.57848253350332,0.9686588328075408,-181.0496059763822,0.035332327693472415,237.37676650726624,0.9869408861487485,-185.05228272872017,0.03572945076597407,340.64636825375715,1.0931656912553961e-08,4.166922591396923e-08
8.375e-07,204.74576366067947,1.1322399073124676,-179.7420481528968,0.0349949682140466,204.13893797312704,1.1133013008438566,-179.14040133167813,0.03565712793908385,297.614560117435,1.0962253981807614e-08,4.1783860372102e-08
8.4e-07,167.18942500446468,1.1997900214436061,-172.98759289438993,0.03701925115412844,164.51909570697612,1.2194896567118834,-173.25016887894822,0.03537999045720411,241.13125162159042,1.0991834138265294e-08,4.195683217135452e-08
8.425e-07,119.43109396267533,1.303338358013945,-170.8125619623721,0.032557609715742154,120.82803940055933,1.302427005098761,-167.413475506604,0.03490866013838438,173.74935968076906,1.102033546162658e-08,4.218382846382358e-08
8.450000000000001e-07,75.49202103896398,1.3549336025195327,-163.3911798948182,0.03224071159379989,74.95914933386956,1.360243400129494,-161.66090131151404,0.03425506203450901,98.51439236187481,1.1047693209028386e-08,4.245575987141501e-08
8.475e-07,24.876711115041072,1.3925388712811126,-153.0344701029759,0.032127215067052066,28.317352119367612,1.392026613933834,-156.02142107906218,0.03343217858145026,18.826798855103288,1.107384361999911e-08,4.275975242505399e-08
8.5e-07,-19.307200415658894,1.400343772536818,-148.34509717453767,0.03185198341572833,-18.124931686516526,1.3975593272771076,-150.52212366790346,0.03245394407196128,-61.71172308564053,1.109872679127226e-08,4.308040790082452e-08
8.525e-07,-66.14034487073845,1.359404689063643,-145.6278432526749,0.029612550777823415,-63.668737745270704,1.3771110205389157,-145.18794874415053,0.031335261691575245,-139.461015679051,1.1122288587155342e-08,4.340112235448299e-08
8.55e-07,-109.63975822920649,1.309480546397004,-139.60889750532812,0.030263395623810536,-107.66988060220771,1.3313329259000912,-140.04144340379668,0.030092101004306,-210.9069879584132,1.1144481777022306e-08,4.370534353579584e-08
8.575e-07,-146.62629759464647,1.2727674141253476,-134.66046318766413,0.027895446360864537,-149.31526765882444,1.2612773886189697,-135.102541045186,0.02874161803391889,-272.8204446806385,1.1165266756248412e-08,4.397773246589736e-08
8.6e-07,-182.41676299715948,1.173993878405166,-127.80128508023076,0.028540208801106838,-187.44950237102185,1.1685320402127224,-130.38836465445266,0.027302235584829426,-322.4030385974331,1.1184612279513773e-08,4.4205236815900225e-08
8.625e-07,-219.49844771655177,1.0570470869712163,-123.48855556074317,0.026852550701922363,-220.49717713429223,1.0554302341231772,-125.91305644786362,0.025793628832738984,-357.4137493782237,1.120249660263023e-08,4.4378070262584334e-08
8.65e-07,-246.69090201077466,0.9192321100073926,-121.14835218836119,0.025845855665291236,-246.50759249087614,0.9252777912046888,-121.68763557786463,0.024236579079328843,-376.2701726256283,1.1218909297827123e-08,4.4490533748692996e-08
8.675000000000001e-07,-264.7575946727944,0.7926591217938367,-120.4288930266504,0.02414758673422531,-263.3246157072313,0.7825264251645605,-117.7198853564442,0.022652683688112175,-378.12004095060365,1.1233853803578477e-08,4.454154326536357e-08
8.7e-07,-272.4269003759509,0.6316673156658145,-113.46136609919016,0.02161615172428112,-268.8593993211921,0.632828302317159,-114.01427118247912,0.021063938104710946,-362.8797445175689,1.1247350533545336e-08,4.453468728115163e-08
8.725e-07,-260.1381729063756,0.4872195071178984,-110.83856671742886,0.019941533245526895,-261.42230489854234,0.4829235518074036,-110.5718900813726,0.01949223148894889,-331.2381100185598,1.1259440146881234e-08,4.447766431164497e-08
8.75e-07,-239.0496223593502,0.3463706901848012,-107.54165594160614,0.01805522825971098,-240.05657488397395,0.34034025403412566,-107.39045247805831,0.0179588161455523,-284.6252672754258,1.1270186419129315e-08,4.438106465690927e-08
8.775000000000001e-07,-206.2915824314973,0.2157973420996851,-106.22632473354844,0.015659874614733907,-204.81267874122176,0.21291964006190103,-104.46429653086625,0.01648381908702761,-225.14801062870512,1.1279678084326255e-08,4.425664130744559e-08
8.8e-07,-154.4172597669603,0.08844079009559846,-102.47648147175013,0.017632276320101153,-156.9096243713816,0.10821201220915103,-101.7844350564873,0.015085859971897235,-155.49457663123854,1.1288029063255518e-08,4.411540677862896e-08
8.825e-07,-101.14421448100649,0.029558662573296975,-100.51740349427442,0.014835384435856067,-98.74670205507773,0.032815317501145136,-99.33863477799125,0.013781823804474349,-78.8131418779209,1.129537664843434e-08,4.396601676717639e-08
8.85e-07,-30.804064291712713,-0.03167047292227887,-96.16287431822548,0.01308899559737952,-33.75318254110407,-0.008256501259530287,-97.11152733122512,0.0125868118053396,1.4304674070716288,1.1301877461594019e-08,4.3813889393684376e-08
8.875e-07,37.094747031489696,-0.008162922641444255,-94.68261986960003,0.010280783644332474,33.90975511813092,-0.012087226540944143,-95.0847511726287,0.011514264156258962,81.60942282286865,1.1307757444480625e-08,4.366133594721414e-08
8.900000000000001e-07,99.21031235175705,0.0066201142992456195,-94.56685903336307,0.010378664890918533,99.7558190770682,0.021820378743009818,-93.23712324617026,0.01057621924580066,158.09981817625604,1.1313161516945826e-08,4.350868513163065e-08
8.925e-07,159.3431902862251,0.08066429771760823,-93.78707853069338,0.005984779117311753,159.4316416024766,0.09146416553471806,-91.5448389913164,0.00978365092729739,227.44446178886585,1.1318152899736392e-08,4.335606399663137e-08
8.95e-07,211.079961041917,0.1945629638553775,-92.09127998658622,0.01005617555923288,209.15972671692833,0.1925170317482268,-89.98169901018883,0.009146812461659217,286.5091336880048,1.132297272243537e-08,4.320527224044793e-08
8.975e-07,241.27459569084067,0.321004912591164,-90.35101286088396,0.00992932863896921,246.10228320506607,0.3187333060100465,-88.51936046272459,0.008675515725671516,332.6242452118383,1.132775863079291e-08,4.3061141682739e-08
9.000000000000001e-07,268.3027696558822,0.47019588224429476,-85.05358707313707,0.009184116325436491,268.59498252583785,0.46253103278148766,-87.127611025996,0.008379287078921507,363.70549833745713,1.1332620112125142e-08,4.2931931052062197e-08
9.025e-07,277.2168405427058,0.6312577369976728,-86.22790659791846,0.007209703451193388,276.22121906252846,0.6156702173775729,-85.77466303999923,0.008267364801091802,378.34809120493236,1.1337633551547448e-08,4.2828610901955577e-08
9.05e-07,270.436747209009,0.7897726607716583,-89.52439918517773,0.007654903272086781,269.72368855980767,0.7699363954307114,-84.42746526910189,0.008348533081467567,375.89021196224064,1.1342839671589747e-08,4.27632328172517e-08
9.075e-07,249.69465627725,0.9381272325297745,-85.93341021265253,0.009884909850956757,250.77645214249736,0.9177430152620155,-83.05202953777268,0.008630818813564126,356.44295115382204,1.1348243373854219e-08,4.27468319361572e-08
9.1e-07,222.91541706268845,1.0468095199270608,-81.41417343798324,0.010118939621802374,221.66253097433474,1.052584096870485,-81.61376935270319,0.00912110434749107,320.8852806809605,1.1353815706535697e-08,4.2787403689117436e-08
9.125e-07,185.56951437973285,1.1874677861195266,-81.16302679761802,0.011885365457446194,184.91570812376926,1.1692970882597278,-80.07784750239752,0.009824727094294449,270.8243262735248,1.135949744831807e-08,4.2888413937188854e-08
9.15e-07,141.31376033498123,1.2572423888882873,-73.36155077425178,0.010115135934970368,142.98831005751998,1.2641296153827597,-78.40952953083183,0.010745142309926037,208.52272906690138,1.1365203662940016e-08,4.3048099659538966e-08
9.175e-07,94.53552202614145,1.3243497822147485,-77.40987577073476,0.011342951753351623,97.9988962478724,1.334636885620241,-76.574539914795,0.01188371753361467,136.7963793753685,1.1370828557533751e-08,4.325958228295479e-08
9.2e-07,53.24378682454391,1.4013058425216465,-73.26159929315753,0.012855844641428764,51.59654838326975,1.3794630362989417,-74.53941773566459,0.013239707328650553,58.8871448625317,1.1376250069092384e-08,4.351162995503734e-08
9.225000000000001e-07,4.949962571425232,1.4126860205415976,-70.52149039598122,0.01575883779432584,4.955035187885961,1.3980751458189518,-72.27186862603945,0.014810428447308044,-21.68365449437269,1.1381333784740337e-08,4.378981594165883e-08
9.25e-07,-38.07904560780349,1.4083473468966263,-69.91964421597424,0.01640356322418745,-41.115163325127824,1.39052042849657,-69.74110979003002,0.016591622831545215,-101.27440204832325,1.1385936034975423e-08,4.4077830351874425e-08
9.275e-07,-89.3418664243654,1.3526787907071343,-65.28370370806576,0.01987060648925746,-85.97154240897629,1.357265293789537,-66.91820494291403,0.018577963738771564,-176.2877772619357,1.1389906238327857e-08,4.435877843084577e-08
9.3e-07,-132.44910880893647,1.3098225273531552,-65.60160571729234,0.020417478733015727,-128.91125744081816,1.299151930467259,-63.77638609107414,0.02076363272161856,-243.33334640355133,1.1393088774545598e-08,4.4616392001999587e-08
9.325000000000001e-07,-166.6928966588755,1.2049715815453879,-61.82113955069474,0.02296769022609579,-168.96612809330549,1.2174783703935095,-60.291359175876174,0.023142874490397643,-299.38080243088046,1.139532478352125e-08,4.4836147281075816e-08
9.35e-07,-205.53324633341725,1.110519023465388,-54.2182731123536,0.023259127993805792,-204.7725480558929,1.1141772979279343,-56.4415907347063,0.025710423054711756,-341.8969279683797,1.1396454306115723e-08,4.5006296778208484e-08
9.375e-07,-235.87509870605857,1.004505531402389,-51.238468192317235,0.028403727322188727,-234.55325540860602,0.9920430745293184,-52.20857288757517,0.028461684467911422,-368.96009096375207,1.1396319097625911e-08,4.5118784250572264e-08
9.4e-07,-255.63591813995583,0.8396899780712287,-46.71314060218669,0.029842740243465306,-256.22606267840683,0.8549405231920181,-47.57706413724166,0.031392557246043104,-379.3470980805613,1.1394766271687284e-08,4.516994191382972e-08
9.425e-07,-269.78790297886593,0.710448833625845,-41.6679538164567,0.03404869849928262,-267.62955544909545,0.7079261406616885,-42.53530367315414,0.03449877194213351,-372.588480251463,1.1391652705601681e-08,4.516080723415355e-08
9.450000000000001e-07,-266.50904596150525,0.5662397253605103,-38.11603260077195,0.03586638401776594,-266.832037276843,0.5572233685416361,-37.07519709288478,0.03777464370340517,-348.98971161092965,1.1386849901890533e-08,4.5096885721994436e-08
9.475e-07,-254.8678110899467,0.409892394149226,-25.7915776753025,0.04064969095339331,-252.47199607956657,0.41001660975840204,-31.19247169726463,0.04121117306335746,-309.6174027600258,1.1380248802372663e-08,4.498725658565488e-08
9.5e-07,-227.83219928428295,0.284846104182213,-28.063885715703915,0.0445890300966848,-224.06945217463388,0.27405984031333896,-24.88679977493335,0.044793527051090076,-256.2510923962299,1.1371763931317781e-08,4.4843070323567826e-08
9.525e-07,-181.7327814021953,0.15360705521774431,-20.14660303583033,0.04827728779253186,-182.24946254901664,0.1571294232387428,-18.16188856631019,0.04849810964344116,-191.30281621686765,1.1361336230686132e-08,4.467568275674189e-08
9.55e-07,-130.1981837350474,0.06774541249690193,-7.319247820045108,0.053340415458755036,-128.83160628219346,0.06638102035167659,-11.02553588361937,0.052289684750993895,-117.70808839850132,1.1348934051792498e-08,4.449483789303844e-08
9.575e-07,-67.0429516537981,-0.014809776864121573,-4.114083946980601,0.05560581013500126,-66.76036140047924,0.00769179342721209,-3.4896506600963164,0.056119280573060655,-38.79322304121088,1.1334551971964339e-08,4.4307374352944456e-08
9.600000000000001e-07,1.6745205018271727,-0.018077242486665267,4.871391524765015,0.06023362514952395,0.12273541628748896,-0.014922604566393162,4.429761994747302,0.059923737478741704,41.87500765372153,1.131820738116805e-08,4.411683659070792e-08
9.625e-07,67.2076717419411,0.018113525450460168,11.790159313690301,0.06292143422367233,67.4379108565946,0.000266832562177291,12.712651348583663,0.06362759226491158,120.65058336467611,1.1302134828416222e-08,4.392752160044144e-08
9.65e-07,129.49984702232715,0.03457205786100197,20.824644800565675,0.0664061900322226,130.70763784479493,0.05249796242553005,21.33500701301518,0.06714745386796334,193.97302746518073,1.1287998518571703e-08,4.374214652360513e-08
9.675e-07,188.41972332091746,0.12387397627611005,27.75213809970011,0.06827922713305332,185.8155191860984,0.13856545708771087,30.268979818767342,0.07039827906337913,258.52833245913496,1.1276103345481448e-08,4.3561509994404433e-08
9.7e-07,229.4075840167309,0.2580916843580609,35.99579330991409,0.07187087801502554,229.416980897618,0.25311664716252735,39.48303678868526,0.07330034312175351,311.3987455726315,1.1266634763922745e-08,4.338886212868305e-08
9.725e-07,263.6496951532761,0.3867438914129054,49.93991224333648,0.07683524777912952,259.24305858131856,0.38915488980314344,48.9421490983202,0.07578550981582188,350.1946445347632,1.125975227860875e-08,4.323081915394226e-08
9.75e-07,275.8081016645081,0.5557415695675368,56.74207855538785,0.07721825137051243,274.2562659930116,0.5386809776889238,58.608011623239726,0.07780166749712836,373.16254306236146,1.125558306566178e-08,4.309719730303202e-08
9.775e-07,276.4858529655284,0.6924210732010422,67.60380196900795,0.07914988855315601,274.64197067422936,0.6933854740871863,68.43929239301639,0.07931472038239663,379.2643444467857,1.1254217836725335e-08,4.299979452907671e-08
9.8e-07,260.0064509924858,0.8677394753639089,77.05940939324186,0.08219302836399572,261.6455898944508,0.8453015541117213,78.39191000660266,0.08030809238162369,368.2242611610952,1.1255709122557718e-08,4.295045890357838e-08
9.825000000000001e-07,231.56596408192306,0.9815880485455546,86.35753144036258,0.08029540046357918,237.29056859997013,0.9873392831156226,88.4193368148591,0.08078018955875808,340.5412798282113,1.1260071844768958e-08,4.295896153799161e-08
9.85e-07,206.62282355479113,1.1147963802217997,98.73784701246022,0.07997206911289165,204.03023528499546,1.1136460468463432,98.47292544555123,0.08074060253755634,297.46660816192053,1.1267285775186156e-08,4.3031193560667806e-08
9.875e-07,164.92396081965913,1.2272849648595918,109.05134473002254,0.08255290091521254,164.39515377116868,1.219769696169327,108.50225603624568,0.08020594990458878,240.94712322756553,1.1277299294380554e-08,4.316805493609995e-08
9.9e-07,120.40493161564075,1.3142253613286996,117.72627208133085,0.07885181036207856,120.69512452273241,1.302635154087902,118.45550135304698,0.07919615248722947,173.53737703232795,1.1290033781465693e-08,4.3365172835889494e-08
9.925e-07,73.43631495381076,1.3538488682362355,128.53213049747967,0.07636282155405319,74.82212660700641,1.3603756927541146,128.27980680974872,0.07773165156848694,98.2841365919841,1.1305388004166207e-08,4.361336832320363e-08
9.95e-07,30.98855039519467,1.3772707713091208,140.93063646841634,0.07517537735680037,28.17966972670576,1.3920815088343457,137.92168226415058,0.07583175830546811,18.588677000195602,1.1323242018524405e-08,4.389964970456626e-08
9.975e-07,-14.76537514485318,1.4318995354069182,144.86556707688544,0.07579897331896203,-18.26090767025045,1.3975369840192715,147.32740235727306,0.07351405112945637,-61.94694845999835,1.1343460300569926e-08,4.420847381603287e-08
1e-06,-65.56671177645077,1.3546088375358936,155.8830008732471,0.0715921453404299,-63.8011408895604,1.3770128203839918,156.44341207799215,0.07079457381616623,-139.68271292161688,1.136589407466745e-08,4.4523065272303396e-08
1.0025e-06,-108.5939301715733,1.342422747159975,169.375036485982,0.06696237917746747,-107.79666354931518,1.3311613429887215,165.21673418098442,0.0676885279401871,-211.10513685868986,1.1390383027588197e-08,4.482667463540844e-08
1.0050000000000001e-06,-154.66825587476765,1.262552503489317,174.03152391894537,0.06501630544275364,-149.43359093525,1.2610362292574036,173.59537506030807,0.06421116998112791,-272.98608935959055,1.1416756760472705e-08,4.510374097795503e-08
1.0075e-06,-187.99484140463937,1.1570774591619901,181.8365117236757,0.06181177626603228,-187.55534599551032,1.1682269766856992,181.52872568474976,0.06037868127656242,-322.5286922927857,1.144483640180153e-08,4.534096651187024e-08
1.01e-06,-220.38996063688074,1.055783866831798,191.03643183028055,0.05739226839900036,-220.58528494133338,1.0550694827372034,188.96795423420403,0.05620885219389718,-357.49373282909806,1.1474436770101397e-08,4.5528297329073426e-08
1.0125e-06,-248.55273858629334,0.9422231398726868,191.88029110980267,0.05141029093576568,-246.5717941155972,0.9248727368904586,195.86638713856556,0.0517214945979289,-376.30087076219064,1.1505369342389304e-08,4.565974595666329e-08
1.015e-06,-263.7036946097442,0.789746170729652,199.7957465204992,0.04764995210373091,-263.35849658915004,0.7820919863819431,202.17987531143282,0.04693856089435115,-378.10006628699205,1.153744607917103e-08,4.57339201399632e-08
1.0175e-06,-267.6893050185097,0.616188639972065,208.24165425774407,0.04103122101695138,-268.8572185327043,0.6323828625649403,207.86714248953567,0.04188399975375657,-362.8099998630901,1.1570483919184149e-08,4.5754080923943916e-08
1.02e-06,-260.22261828599886,0.46134554502693886,208.44552707415477,0.03753503274733636,-261.3800070776139,0.4824883525496645,212.89011273422855,0.03658341594942871,-331.1217476727695,1.1604309533865225e-08,4.572758071523967e-08
1.0225e-06,-240.63795615098553,0.3271765869975321,217.71209748576828,0.03231244979149221,-239.97271603394992,0.33993823647440063,217.2142143223826,0.031063623282187404,-284.4675465513566,1.1638763767840665e-08,4.566464578510958e-08
1.025e-06,-207.09626035408368,0.2221568009396154,221.31879021791573,0.02576441320575286,-204.68909133209863,0.21257382353501786,220.8086574491125,0.025352184889517106,-224.95606014391007,1.1673705122658136e-08,4.557664877758681e-08
1.0275000000000001e-06,-153.5947141479248,0.11743081766440874,224.56474743630582,0.02155862413734768,-156.75168446195917,0.10794358700087105,223.6466833822778,0.019477025205004925,-155.27707211050134,1.1709011684976314e-08,4.547420846516807e-08
1.03e-06,-96.67569560007135,0.04290143405995729,228.46912512992168,0.01267228369433098,-98.56312381059067,0.03264169322732786,225.70578294676451,0.013466174934033083,-78.57991403025576,1.1744581055833466e-08,4.5365577812308836e-08
1.0325e-06,-35.87285444759619,-0.008639669042197654,229.57537505144518,0.005144843288840163,-33.555342730030226,-0.00832342585360233,226.96788247309917,0.007347678756997216,1.66887721408011,1.1780328082587966e-08,4.5255768809853e-08
1.035e-06,33.31689621345638,-0.01751788447334523,226.92911865231133,0.001470423870268451,34.10888177378068,-0.012042325542224635,227.41949561775493,0.0011496604070312685,81.84223900887447,1.1816237095112244e-08,4.514668924692972e-08
1.0375e-06,98.7101682978224,0.04015572820526139,229.95483352270412,-0.0046865544328582,99.9429671871405,0.02197485117358649,227.0518397492374,-0.005099492855992325,158.31651797984418,1.185221122884219e-08,4.5038272434157586e-08
1.04e-06,163.13392034279175,0.09551961258489655,224.0486968916727,-0.01106259744095208,159.59461709154573,0.09171871721736935,225.86091589216858,-0.011370889088280971,227.63525087240467,1.1888077480155269e-08,4.493026217665583e-08
1.0425e-06,212.15681091109212,0.17916173047596876,220.4068791248388,-0.01583139942721379,209.2886256654859,0.19285581023505827,223.8475515285622,-0.01763490921076585,286.6653888194024,1.192384440757237e-08,4.4824089229676044e-08
1.045e-06,248.40929596952247,0.33979703419656165,220.3617019068222,-0.025527586083455258,246.19039311068667,0.31913559215019494,221.01740586862476,-0.02386107706986573,332.7389040149954,1.195942412332351e-08,4.472423118882822e-08
1.0475e-06,270.7548186466013,0.45886233908376434,219.62406909373223,-0.032416297226299906,268.63924416450294,0.4629731436950451,217.38093752000788,-0.030018080092191157,363.77337849558205,1.1994708959771688e-08,4.463860666471244e-08
1.0500000000000001e-06,274.2318155271235,0.6193806089777597,214.38552191249516,-0.03467606219486034,276.2221997485603,0.6161275600654541,212.95333480172985,-0.036073971114511175,378.36612468946436,1.202956809883884e-08,4.457785954540018e-08
1.0525e-06,270.09012582356013,0.758645525944821,206.83381270359948,-0.03963786301226117,269.68509750821136,0.7703854024571518,207.754409264228,-0.04199654683773838,375.85758370074507,1.206384649677042e-08,4.455372841562972e-08
1.055e-06,250.94093705686626,0.9323772734541965,200.23682927328645,-0.04733845422257524,250.7043018829506,0.9181627277088641,201.80845328743774,-0.04775386072814557,356.3611358694123,1.2097366109233268e-08,4.4576950671847244e-08
1.0575e-06,221.7494599346023,1.0713754942310187,197.39836440113436,-0.05145007732172516,221.5641026478484,1.052957230468601,195.14406293177703,-0.05331479327472349,320.75797623817454,1.2129929127892554e-08,4.465524221717932e-08
1.06e-06,187.9673611034798,1.1629129592522307,190.06146454282066,-0.05662896116744534,184.7985038042033,1.1696105132690893,187.79392750972582,-0.05864957472643586,270.6572865432699,1.2161322707528458e-08,4.4791811444578376e-08
1.0625e-06,142.5808613854404,1.2576383763273176,179.56782411368863,-0.06482159004853257,142.85916789675144,1.2643742823938562,179.79458762589286,-0.06373013789618658,208.32350386458256,1.2191324527932861e-08,4.4984663952249213e-08
1.065e-06,101.64909829588308,1.3288322687101368,173.8446186655143,-0.06873314672659661,97.86340599484566,1.3348073199684174,171.1861636985367,-0.06853017324694421,136.57397322643493,1.2219708515146239e-08,4.5226719416433596e-08
1.0675e-06,51.291446936671434,1.4048343041591607,164.36793405176044,-0.07279137158060121,51.45884292348603,1.3795565874257898,162.01205722320887,-0.07302476693116848,58.65161001842949,1.2246250139395295e-08,4.550657649470281e-08
1.07e-06,6.692203380584646,1.4379780802812572,151.75742666935798,-0.07871166802945839,4.817959627586636,1.3980912039129745,152.3186272673486,-0.07718952804405217,-21.921672395068324,1.2270730889933215e-08,4.5809672824153845e-08
1.0725000000000001e-06,-38.89474409481191,1.4090652399214876,146.54817665714856,-0.08118359524982022,-41.24957628539891,1.3904598052570973,142.15484489129932,-0.08099916161259921,-101.50414513855488,1.229294176192719e-08,4.61195974602757e-08
1.075e-06,-82.7585230298618,1.3535346435833273,131.79179659366233,-0.0817509831134217,-86.10142025490408,1.3571299109159343,131.57192837458692,-0.08442553270127265,-176.49886167720814,1.2312685831164575e-08,4.641938926682845e-08
1.0775e-06,-127.22355688260308,1.3226693523808344,117.21515281197823,-0.09054354739526924,-129.03422126302294,1.2989448790773037,120.62296228474095,-0.08743541380329603,-243.51623160899695,1.2329780192264994e-08,4.669274808949222e-08
1.08e-06,-165.58123719058864,1.2223165666555038,108.67975600449658,-0.088016905699457,-169.0787760502701,1.2172043125390508,109.36250355820668,-0.08998832827898867,-299.52722243169427,1.2344057657368975e-08,4.692515206211938e-08
1.0825e-06,-203.2208878916149,1.1178189133677738,99.34336766631868,-0.09271803748385148,-204.8702237766733,1.1138430953169391,97.84617786772014,-0.09203518734220781,-342.0002649139715,1.2355368632356596e-08,4.71048887224982e-08
1.085e-06,-236.62134477673905,1.0045579008314773,83.22093058410154,-0.09417843269296905,-234.6301806840251,0.9916584659899312,86.1302696271137,-0.0935186972425109,-369.0156742595103,1.2363583503397435e-08,4.722396872872636e-08
1.0875e-06,-255.5203199186584,0.8434154572994575,73.30487002413258,-0.0951815653687819,-256.27584234396875,0.8545186437275829,74.2713090321958,-0.09437662986138365,-379.3524154880976,1.236859569488857e-08,4.727882117565369e-08
1.09e-06,-270.8160155971132,0.7168365386309641,59.83324273078109,-0.09494133190776877,-267.6459880753901,0.7074836871764837,62.32565955470231,-0.09454878690360476,-372.5432914360671,1.2370325334334147e-08,4.7270607715390545e-08
1.0925000000000001e-06,-268.3548977862896,0.5583994622333087,53.00851237895426,-0.094920341344275,-266.8101017833172,0.5567802690059378,50.34910929524558,-0.09398769083114186,-348.8960590041448,1.2368723224920903e-08,4.72049819935563e-08
1.095e-06,-254.6652267528724,0.419737277296653,35.12282963300866,-0.09233954219975904,-252.408843425049,0.4095951350075913,38.39646956079653,-0.09267177091676347,-309.4795192464056,1.2363774629510464e-08,4.709119161067301e-08
1.0975e-06,-229.2175889625331,0.2814534096013669,27.255240286373127,-0.08971498894319693,-223.96522060504824,0.2736831963916447,26.521183962880173,-0.09061836810909402,-256.0752099965918,1.2355502251523959e-08,4.69405722444137e-08
1.1e-06,-183.89559222520776,0.1495973766426015,10.41538644480851,-0.0886391563333599,-182.10775684840215,0.1568199596001635,14.774951235061181,-0.08789259081159413,-191.096884415135,1.2343967786131845e-08,4.6764679026871514e-08
1.1025e-06,-129.23759305254993,0.09606472624191574,2.6125318462135856,-0.08571234970606967,-128.65953258392062,0.06615826770214984,3.207364843193375,-0.08460743224569021,-117.48141484314391,1.2329271517872757e-08,4.657346796152967e-08
1.105e-06,-69.51113656118531,0.02136019328568147,-6.994460417583198,-0.0796164570549742,-66.56808063975026,0.00757059006365839,-8.134427689439601,-0.08091185021462277,-38.556052860727064,1.231154964627603e-08,4.637400209604155e-08
1.1075e-06,0.1725245572961971,-0.04969755421912629,-22.529344812129732,-0.07646983518084291,0.3228928167060299,-0.014933636110342506,-19.206042996303207,-0.0769679225350376,42.111954907281664,1.2294822357388247e-08,4.6176292053314864e-08
1.11e-06,68.6374667874603,-0.0007767301606138189,-32.243166397597385,-0.07290536482571948,67.63265289526191,0.0003674278323894349,-29.96615507502704,-0.07292415092514909,120.87659821505173,1.2280767646861785e-08,4.5983715399145696e-08
1.1125e-06,130.23869455323882,0.047577916978734654,-41.783554511669436,-0.07135200640494219,130.8840705565595,0.0527042352486656,-40.37676116330856,-0.06889473759356154,194.1778945558386,1.2269233119018602e-08,4.579604117822596e-08
1.1150000000000001e-06,185.8320202815578,0.12831525557282544,-47.805339830667826,-0.0627250967589627,185.96246086924967,0.13886457354863788,-50.40341819954325,-0.06495127112231858,258.7027922641213,1.2260359662725992e-08,4.561380511143647e-08
1.1175e-06,232.86661446904282,0.23480757113369818,-57.523565529872556,-0.06268213084682817,229.52604080801274,0.2534900963140722,-60.01544804292585,-0.06112654814706799,311.5349129060583,1.2254167316511672e-08,4.5439997100530255e-08
1.12e-06,260.31354452550977,0.38193189761015284,-71.75850731841989,-0.059917106185516496,259.30932886151015,0.38958021255114367,-69.18610990153876,-0.05742547236276401,350.2863649432535,1.2250650602968196e-08,4.5280975828121e-08
1.1225e-06,272.79957105921426,0.5359438609795296,-73.0682195732824,-0.05617762616328574,274.2785396706389,0.5391337793139548,-77.8927387035101,-0.053837341725372724,373.2056709923264,1.224977391589848e-08,4.5146302173382605e-08
1.125e-06,272.7454634978141,0.692170416094865,-88.2891010432238,-0.04846008197345771,274.6224765604506,0.6938414511543776,-86.11684844323685,-0.0503458968524799,379.25693061400597,1.2251469129160088e-08,4.504752099210664e-08
1.1275e-06,262.2413895083204,0.8730411297339002,-96.05670467484447,-0.04886670520642722,261.5893135019373,0.8457382789358161,-93.84419983924458,-0.04693592384431967,368.16664065392797,1.2255635587789188e-08,4.499623085906352e-08
1.13e-06,237.04453029081162,0.9970478282398862,-101.45536603170741,-0.04452712276318514,237.2042931514343,0.9877375425054121,-101.06483194986309,-0.043596746472083246,340.4360569623661,1.2262142334174484e-08,4.5001959859547805e-08
1.1325e-06,204.1358839527958,1.1112782734609397,-109.53604291127775,-0.04130769792680043,203.92147729634564,1.1139906165157436,-107.77305770480234,-0.04032351397074987,297.31853877130686,1.227083215351687e-08,4.5070366689311704e-08
1.135e-06,167.82127140668592,1.2211700589139536,-115.05607716502524,-0.037504610416780396,164.2711767792934,1.220049532612354,-113.96742362217668,-0.037117169149895345,240.7628997114406,1.2281526835734118e-08,4.520213421959828e-08
1.1375000000000001e-06,122.05465595760258,1.3195141118629234,-119.81460410946016,-0.034541108017494944,120.56219110340986,1.302843083945168,-119.65063428883079,-0.033983736459677234,173.32532587408352,1.229403297259698e-08,4.539269251183557e-08
1.14e-06,75.85555855306518,1.3509613333318267,-123.83992344633576,-0.03167093241736569,74.6850975082459,1.3605077584563638,-124.82944248425918,-0.030933314901647406,98.05384202106752,1.230814764693273e-08,4.5632689470807725e-08
1.1425e-06,33.81048716028198,1.413889678966704,-128.7671280827845,-0.028295429368464877,28.041989294519148,1.3921361750171082,-129.51450612234518,-0.027978977359825494,18.350547806767235,1.232366351230158e-08,4.590898720994598e-08
1.145e-06,-21.98393157008121,1.415711244108752,-130.91002304105876,-0.02650263714140028,-18.396875779819,1.3975144144018903,-133.72021346801242,-0.02513567387928711,-62.182149378687306,1.2340372975699359e-08,4.6205925414134296e-08
1.1475e-06,-60.95248374708054,1.3875639068369756,-136.27171672507464,-0.021825951062230807,-63.93353072031281,1.3769143994571789,-137.46447835521025,-0.022419191031804276,-139.90435501966485,1.2358071439373147e-08,4.6506641945042755e-08
1.15e-06,-108.83360930115667,1.3131018587799297,-140.8062506639548,-0.01769784730693965,-107.92342623086412,1.3309895483040066,-140.76850738611563,-0.019845207406973972,-211.3032024180107,1.237655978325482e-08,4.67943319140033e-08
1.1525e-06,-149.13400012141383,1.253820093668723,-143.8802250581304,-0.015811912085180516,-149.55188394077166,1.2607948717333937,-143.65654132681283,-0.01742848580000059,-273.15162626795035,1.239564643368502e-08,4.705341088642041e-08
1.155e-06,-187.5793639405207,1.176244691350879,-145.95465692343603,-0.013355866202569887,-187.66114559729428,1.1679217350993758,-146.15557312998416,-0.015182242305578592,-322.6542186589127,1.2415149436088028e-08,4.727058992282172e-08
1.1575e-06,-222.40028210582986,1.064400695517719,-147.30350755901983,-0.015506006153521637,-220.6733316178103,1.05470858191476,-148.29504520845873,-0.013117724424404512,-357.57357514710475,1.2434898915946255e-08,4.7435856379494784e-08
1.1600000000000001e-06,-244.86510225200809,0.9369099222845442,-149.92568235654525,-0.01048174924329075,-246.63591564348224,0.9244675718407415,-150.10652875313747,-0.011244012938086568,-376.33142034112933,1.245474018086145e-08,4.754329595684135e-08
1.1625e-06,-263.90163204099645,0.7825991208754564,-153.91330132389868,-0.010884365949071351,-263.392278957239,0.7816574861520641,-151.62338803342615,-0.009568038009251992,-378.0799423554617,1.2474537512590641e-08,4.759162021968433e-08
1.165e-06,-271.4173121585309,0.5900385279836787,-150.79118755988773,-0.005838336665626017,-268.8549242944716,0.6319374202736687,-152.88043273660278,-0.00809477330192972,-362.74011197696774,1.2494178461748134e-08,4.758422262560919e-08
1.1675e-06,-260.6129834936863,0.480256161644548,-157.1670628878268,-0.007171355877273814,-261.3375873002178,0.4820532166555636,-153.91356149357722,-0.0068275483239229814,-331.005254605352,1.2513578236221892e-08,4.7528613955346684e-08
1.17e-06,-237.34260761036435,0.3431364227637766,-157.51271462527941,-0.005850735470869956,-239.8887355748179,0.33953635100349994,-154.75939980144634,-0.005768403658061055,-284.30971352400513,1.2532683612346561e-08,4.743520206577757e-08
1.1725e-06,-203.53339494630595,0.21235061329189686,-153.2325386118233,-0.0056307316883863765,-204.5653929426427,0.21222820532776887,-155.45493558771847,-0.004918409784495345,-224.76402085002502,1.2551475730520874e-08,4.731556212345112e-08
1.175e-06,-159.9702385178797,0.13626249389350104,-157.0192148373403,-0.005515195583840546,-156.59365458973926,0.10767541802221917,-156.0371556666867,-0.004277879151989391,-155.05950628884008,1.256997118267132e-08,4.7180535075945806e-08
1.1775e-06,-96.8731489620198,0.03260330164733241,-156.12416925849695,-0.002022306896910213,-98.37948568702669,0.03246836920582491,-156.54268631534424,-0.0038464219662884542,-78.34665516049033,1.2588220955992073e-08,4.703861562294263e-08
1.18e-06,-33.585314223728126,-0.008134795022764495,-156.52601703643035,-0.004617070831886291,-33.35747956369065,-0.008390024587689159,-157.0074411445631,-0.0036228255393429545,1.9072863622422969,1.260630704383384e-08,4.689507788649066e-08
1.1825000000000001e-06,33.08935452064012,-0.020654793309983464,-156.5053013040095,-0.0038058998231735256,34.30799240535177,-0.011997094321558112,-157.46627936163918,-0.003604770069539243,82.07502288486573,1.2624393888773514e-08,4.675211323742706e-08
1.185e-06,101.30399046098343,0.03756897163151148,-155.11265843591818,-0.004941130118743729,100.13006107360624,0.022129636235775907,-157.95267741344475,-0.003788424745149207,158.53315528257824,1.264257422631143e-08,4.6609960348565386e-08
1.1875e-06,157.20674048926344,0.09900199097224334,-156.37514963263763,-0.0035098005032793943,159.75750523791137,0.09197354352954105,-158.49841686631785,-0.004167991705160709,227.82595008915146,1.2660876630128547e-08,4.6468688933935e-08
1.19e-06,212.0991720593229,0.20497361867624966,-160.6705231721524,-0.004797730343021976,209.41741243360283,0.1931948085223716,-159.13329122076456,-0.0047352775234825156,286.82153077984435,1.267951800404395e-08,4.633007299987155e-08
1.1925e-06,244.2655178303161,0.309240897234607,-161.0861499719467,-0.005481940476704564,246.2783763314896,0.31953803156814775,-159.8848341774078,-0.005479370367285444,332.8534314581028,1.2698625635669148e-08,4.619894576146765e-08
1.195e-06,272.9730977673703,0.4410177743611325,-158.63318934422685,-0.008340494840237979,268.6833755915294,0.46341533564531456,-160.77807166716374,-0.006386486063451436,363.8411150417413,1.2718311870423514e-08,4.6083587827503215e-08
1.1975e-06,275.40495074691245,0.6246051778178656,-160.328374779084,-0.008006086255589023,276.22305688298724,0.6165849118470155,-161.83529973509846,-0.00744002058449331,378.38400880104257,1.2738669009489856e-08,4.5995005493498045e-08
1.2e-06,272.50061690359234,0.7578922500072564,-162.1946546360687,-0.007003981852590699,269.64639773188554,0.7708343522265654,-163.07589012596344,-0.008001902484774219,375.8248070566279,1.2759766470144133e-08,4.594529516420366e-08
