time,v_coil,i_coil,v_bias,i_bias,v_coil_clean,i_coil_clean,v_bias_clean,i_bias_clean,v_coil_src,density_state,heating_state
0.0,13.918921864494292,0.028986159495889514,-46.42687777460967,0.05042414731217965,13.649249894732163,0.014536075867525202,-46.715728588377445,0.05082610167257304,0.0,0.0,0.0
2.5e-09,49.8247972316825,0.06554847047070936,-45.12051610610718,0.04884394340237849,52.18899235973722,0.06991846058212083,-43.39381968219421,0.04919957654282665,41.7474566828418,9.323517814220459e-12,2.354003578483577e-11
5e-09,87.14265480272202,0.15418264245881252,-39.24122684405693,0.0452645973384189,88.28841491836477,0.16318820149750018,-40.30700776015499,0.045691694912195234,81.60802339512293,1.8217262429964976e-11,4.575931761890242e-11
7.500000000000001e-09,120.75054899561201,0.29971389249338076,-35.94151123855763,0.04166266886812063,119.88092640724969,0.2895808651960185,-37.47880575160471,0.041758627326586105,117.78009329593661,2.69284169343993e-11,6.955363978811739e-11
1e-08,145.64819595871458,0.4389228576351546,-35.184971580987,0.03738942179674527,145.19595682082556,0.44247630628596124,-34.931711126350905,0.03741195169270251,148.6287712004387,3.5682316589010065e-11,1.0075458703278722e-10
1.25e-08,165.14827685390645,0.6136939372173902,-35.007985534298435,0.032230824972650514,162.90023292975476,0.6138600940466011,-32.687021714087514,0.032669474906072284,172.75976711905523,4.467270256068422e-11,1.4820713614433852e-10
1.5000000000000002e-08,171.0558795838241,0.7960455749015471,-27.330742458680945,0.027695050727512657,172.19183893360483,0.7948830673139501,-30.764659643528045,0.027555183046975865,189.08241498979368,5.4054412511180136e-11,2.2294120465873226e-10
1.75e-08,171.61140215866817,0.9688303987547338,-26.678065740098603,0.022200308235862488,172.83676918281648,0.9764584562788289,-29.183004905044218,0.02209897487635907,196.85896830047076,6.393900596379128e-11,3.3659268865094236e-10
2e-08,163.28320124679092,1.1527245546346545,-29.47381767817385,0.01637641086004991,165.14626582399512,1.149834340709102,-27.958739962854256,0.01633621482916369,195.73794455099252,7.439350318603896e-11,4.994188915882721e-10
2.25e-08,149.62725816670073,1.294087717257285,-29.555345049243087,0.010158309313140759,149.901907040048,1.307086657053195,-27.10670675261013,0.010307150775952604,185.77001146192748,8.544209051697936e-11,7.183449800303359e-10
2.5e-08,128.31002622114352,1.4476804659322047,-28.54532713152506,0.0029446029123856967,128.24270753072466,1.4414930543732332,-26.63977729836294,0.004056242304384442,167.40569690892244,9.70703602442627e-11,9.954534091073298e-10
2.75e-08,101.53422751195502,1.5547545686895088,-26.6438511593956,-0.0031061699465736014,101.53320023031004,1.5477678941993926,-26.568739070218093,-0.002368561807361046,141.4750260887105,1.0923144894099399e-10,1.3272054713465337e-09
3.0000000000000004e-08,72.8036686960102,1.630897115476623,-27.184787545510968,-0.007824851522411523,71.23283969944879,1.6221600769873405,-26.902196081496804,-0.008916570918432211,109.15000627043587,1.2185333969680143e-10,1.7045085197175893e-09
3.25e-08,40.813587224059745,1.6690963380398345,-27.380150442185933,-0.015285657072425232,38.784949681766186,1.6624344900565087,-27.646486592951742,-0.015535114288791943,71.89165473610088,1.3484660749399517e-10,2.1135676838647414e-09
3.5e-08,5.614634686642919,1.66696020990725,-27.340707615854996,-0.022410125709611387,5.538293610434006,1.6677715368173256,-28.805618152680392,-0.02217032246826543,31.383964126595043,1.4811200046747692e-10,2.5373303598376727e-09
3.75e-08,-29.549564159451673,1.6515758674148364,-30.104518336113586,-0.027996997159885538,-27.292828601170697,1.6386253047796158,-30.38122055504033,-0.028767945604084123,-10.54221019071583,1.615474338476787e-10,2.9572664918568728e-09
4e-08,-59.406401809312605,1.5944500893524933,-32.75664319814549,-0.03551469096135677,-58.63191799605122,1.5765787565431375,-32.37251715135228,-0.03527423118754031,-51.991900615186836,1.7505418804370333e-10,3.355224736755451e-09
4.2500000000000003e-08,-87.37275424308932,1.4720978024749622,-29.67032186217593,-0.04035192577835678,-87.51611116777481,1.4842247045615293,-34.776314790789314,-0.04163687913033744,-91.09167553303249,1.885423041924247e-10,3.7151440329047304e-09
4.5e-08,-114.09142148589407,1.3470490304671925,-32.34724206866418,-0.04845429160019273,-113.0586207934548,1.3650864361160822,-37.58701251292838,-0.04780607585031303,-126.0743141599028,2.0193532076356374e-10,4.024456295938284e-09
4.75e-08,-134.9095836744789,1.2293082169264338,-41.57729348134761,-0.05388921286342392,-134.41397236801458,1.2235748168564469,-40.79662895534748,-0.05373558185573013,-155.35868089584358,2.151745662891776e-10,4.275068544568147e-09
5e-08,-150.6495338645756,1.0646159044300074,-48.44102094368829,-0.058888387648154183,-150.7609865856739,1.0649630147333655,-44.3948482817611,-0.05938381307356086,-177.62118905369314,2.2822320530396269e-10,4.463853061170139e-09
5.25e-08,-161.18768315075903,0.8858244600116052,-46.177764024372856,-0.06598548034467211,-161.31414898533512,0.8953488693858989,-48.36908427986779,-0.06471482249151236,-191.8556239631376,2.4107013478560973e-10,4.592606039793554e-09
5.5e-08,-165.98352299749052,0.7196764220793982,-54.35860492948253,-0.06934791369283269,-165.36745498757068,0.72157073224929,-52.70456212469617,-0.06969906596361522,-197.41862158235568,2.5373367117036226e-10,4.667470417446297e-09
5.75e-08,-162.84501389929764,0.5474261703626563,-59.57154602621087,-0.07434923784087956,-162.36725758756765,0.5510463601585593,-57.38441715411106,-0.07431383480425895,-194.058747087576,2.662647898810051e-10,4.697869365697745e-09
6.000000000000001e-08,-149.49298137807102,0.3981126183236016,-62.020606500255106,-0.07827431789016807,-152.00350758525494,0.39151569446922785,-62.38980985957514,-0.07854326484216059,-181.92785915451864,2.78749521927772e-10,4.695067464959653e-09
6.25e-08,-134.85350172327557,0.2425325446554597,-68.08859005820267,-0.08215892211116027,-134.3034264051435,0.25068520113013026,-67.70005615850118,-0.08237788612992192,-161.57424629208094,2.913100145073122e-10,4.670557618366342e-09
6.5e-08,-110.51781469549904,0.13301569947380726,-73.56863357600075,-0.08553573698081708,-109.70913876230155,0.13579088922212562,-73.29277188576256,-0.08581374945892546,-133.91784545035208,3.041037534473142e-10,4.634540287106734e-09
6.75e-08,-79.00662588097218,0.039473078897909394,-75.98686898217152,-0.08853738205873439,-79.12165974455462,0.05311560753885414,-79.14403032227345,-0.08885123788567666,-100.20866296544315,3.173205378116509e-10,4.594787356618629e-09
7e-08,-44.08697932482214,0.005643629712180766,-83.06032549852122,-0.09232907033224275,-43.89781366167548,0.007510258848625598,-85.22853146904276,-0.09149372451222643,-61.970277119734,3.311769853142415e-10,4.5561401631667e-09
7.250000000000001e-08,-4.406412943470477,0.016358567999791435,-91.63394237549032,-0.094128012431625,-5.793495366797376,0.0019753947153306806,-91.51978167669802,-0.0937462577047669,-20.930975873155475,3.459086075679943e-10,4.520772007667393e-09
7.5e-08,32.61731659356023,0.034051109568204965,-97.81455937426207,-0.09548813502755699,33.14498135286908,0.03735770048424166,-97.9902821540162,-0.09561443779656392,21.054357816767624,3.617597884660391e-10,4.48916846633561e-09
7.75e-08,70.98269943215566,0.11398978588014386,-102.402120498256,-0.09708405178015377,70.73130213016877,0.11220509986790797,-104.61172480524002,-0.09710360211756594,62.08808248047247,3.789722811116114e-10,4.461588211437564e-09
8e-08,106.46880073882247,0.2441223716988425,-109.11745547333551,-0.09772152451450396,104.81418374095199,0.22280608747346806,-111.35519378553224,-0.09821837252556186,100.31556720928094,3.9777306267606085e-10,4.439620584364902e-09
8.25e-08,133.71141568704263,0.3743587995067026,-120.41552276408981,-0.09909956503275036,133.45548482515628,0.3634162122495782,-118.19137111735209,-0.09896255788797467,134.00901674892094,4.183625144285429e-10,4.42740499989363e-09
8.500000000000001e-08,154.75071662361023,0.5384192236328935,-123.84756643398958,-0.09918302129833742,155.0888886899065,0.5266509771117228,-125.09074467821875,-0.09933935599197155,161.6455639103098,4.409039027501814e-10,4.432145918748471e-09
8.75e-08,169.5494103770682,0.7120232737513136,-134.25536013627465,-0.09939177839515463,168.6392801045527,0.7040035759822069,-132.02381685253604,-0.09935177141147984,181.97609969847525,4.6551502193075955e-10,4.463731879494324e-09
9e-08,172.3808242719116,0.8771156877249877,-139.40637071752073,-0.09875266800356666,173.58873643878906,0.8864311826093704,-138.96131213703697,-0.09900315766263186,194.08173019453176,4.922626364541268e-10,4.53349863171554e-09
9.25e-08,171.03292217823136,1.063003192204496,-144.26414049059034,-0.09860097523402973,169.98304056842645,1.064947220789179,-145.87438200097748,-0.09829779884321195,197.41530846821567,5.2116006206668e-10,4.652396440795911e-09
9.5e-08,158.69171195863873,1.2274830823946628,-153.12600261363096,-0.0982579518331393,158.3814413106312,1.2311600366124231,-152.7348053283656,-0.09724146157132715,191.82616437311594,5.521678956634158e-10,4.828966740021644e-09
9.75e-08,142.50499054972948,1.3748920382322913,-160.74475562624787,-0.09596061314348674,139.76054244702698,1.377709941956486,-159.51518281000685,-0.09584186678131426,177.56691449417053,5.851975925543239e-10,5.067566588396387e-09
1e-07,113.74553048523703,1.5150211281151074,-170.90245499265444,-0.09393981565636307,115.38932580824175,1.4985745513911588,-166.18912370762595,-0.09410904903275362,155.2820444533109,6.20117340556831e-10,5.3672011541165435e-09
1.025e-07,86.64394345424198,1.579011697256858,-175.08997512444992,-0.09269051536299758,86.6954064857029,1.5892334925450144,-172.7314234802931,-0.09205558666525551,125.97877962703835,6.567595266283941e-10,5.721168504103373e-09
1.05e-07,56.34864157785693,1.6417455738248048,-181.88762164505852,-0.08925452174710008,55.14221964083086,1.6467042586234268,-179.11823084424591,-0.08969669905698799,90.98156085316089,6.949290495157479e-10,6.117539364566578e-09
1.075e-07,23.643148028002475,1.6783826914452837,-186.56327381847336,-0.08812767446467051,22.13310869776072,1.6694776941694363,-185.32720293023402,-0.08705021777207037,51.87218272107416,7.344117979727387e-10,6.540337758503991e-09
1.1e-07,-12.454519571356295,1.6605349279325268,-191.9172833177443,-0.08373846041551232,-11.048029136107221,1.6573916574465304,-191.3376473069016,-0.08413644691162166,10.418300058541927,7.749827670684222e-10,6.971189566313049e-09
1.1250000000000001e-07,-42.856545323061646,1.6052972491609159,-196.97491173509047,-0.08039122304484646,-43.2575854552457,1.611483344694129,-197.13064975354555,-0.08097793461489611,-31.506466041036187,8.16413489575809e-10,7.3911737268454575e-09
1.15e-07,-73.54460289899988,1.5308456910695791,-204.4915741348204,-0.07720186373778302,-73.48027634994237,1.533854657559477,-202.6891867898273,-0.07759918213672438,-72.00721162524985,8.584786727166157e-10,7.782632241323792e-09
1.175e-07,-101.3832046192012,1.4085419515677695,-207.06225101277778,-0.07378777390848172,-100.79628978302453,1.427572384587727,-207.99822210258876,-0.07402631880836352,-109.25339522606127,9.009621105738039e-10,8.130746072136722e-09
1.2000000000000002e-07,-122.9916721731171,1.2817178128500977,-210.21665205270773,-0.0696976121096443,-124.34310433957344,1.296608569430154,-213.0447861496498,-0.07028677008637675,-141.561574165466,9.43662055520521e-10,8.424740315553678e-09
1.225e-07,-142.94628329376872,1.1569562192395177,-216.59569047736844,-0.06649360835447876,-143.2879610456195,1.1458096434582974,-217.81803836613545,-0.06640894172953124,-167.47149233083417,9.863962587167555e-10,8.65862870143676e-09
1.25e-07,-155.8296695378449,0.9899990508989944,-220.5561930000092,-0.06217244491975493,-156.82412139074404,0.9808691452438701,-222.30931154920185,-0.0624219362977895,-185.81208042576128,1.0290068285913065e-09,8.831442400165185e-09
1.275e-07,-162.62472286042114,0.8120750870354659,-224.51577107395886,-0.05729912749478185,-164.19847741862353,0.8082709819179988,-226.51213815069303,-0.058355309508445176,-195.75438563538677,1.0713649237064459e-09,8.946919966620647e-09
1.3e-07,-165.9698070393799,0.6527594317305184,-228.52395338076403,-0.07518765238557314,-164.7708483668158,0.635169940661734,-230.42225836291647,-0.07619111657190829,-196.84903840585207,1.1133751237074391e-09,9.012677087153557e-09
1.325e-07,-157.46858797862845,0.4701732686256863,-237.58635698115805,-0.06286891150574382,-158.0977689865926,0.4691838257564602,-237.1786104835237,-0.06311428793069304,-189.0465629247855,1.1549791492425737e-09,9.03893572560196e-09
1.35e-07,-140.6256246800818,0.31871769294995134,-238.13529735926363,-0.027992977187661427,-144.02717752587682,0.318085967662112,-239.21997293327877,-0.02819909313619674,-172.69961331534995,1.1967802475587335e-09,9.038550615457514e-09
1.375e-07,-124.95716968428556,0.20398944544125144,-240.77817771084503,-0.024157979514712883,-122.78638115915459,0.1894054211387356,-240.9839450526757,-0.024330266383893333,-148.54703447297553,1.2379214994194882e-09,9.019995767679818e-09
1.4e-07,-95.1370426022137,0.08644517930274596,-237.20778074475015,-0.020541250839267753,-95.04482788527426,0.08996158557571021,-242.47562931061532,-0.020539686169008767,-117.68046795865779,1.2784693803003267e-09,8.99210480054316e-09
1.425e-07,-59.24080413050155,0.027608536515317326,-240.15022683520039,-0.017686588114535873,-61.93579097573585,0.02537664007250427,-243.7019877733371,-0.016854102578912067,-81.49501228639635,1.3185265436566273e-09,8.960958603894165e-09
1.4500000000000001e-07,-25.991923374096004,-0.0075112964737583,-246.27620174335635,-0.012906583522031308,-25.02670135900474,-0.0003801125871425258,-244.67175448412826,-0.013299387314566676,-41.62616764742192,1.3582257001016254e-09,8.929761927170974e-09
1.475e-07,13.222959294516643,0.01582191831035057,-246.34803331386993,-0.01072969064703945,13.764383842375123,0.014640627563044689,-245.39533389565014,-0.009900226795670236,0.12408497392343198,1.3977251097204148e-09,8.899485141567801e-09
1.5e-07,50.8359465681051,0.07342405000741967,-246.98671026200873,-0.0068343644534136164,52.300133385769925,0.07013970910752816,-245.8846862986085,-0.0066797841205038355,41.86872923702656,1.437182320755084e-09,8.870127088852545e-09
1.525e-07,89.04655744823367,0.16375486322436186,-244.6888773047085,-0.0048149804037476325,88.38919484423708,0.16351517030958274,-246.15320129928733,-0.003659349931618215,81.72100228629391,1.4767665583264761e-09,8.842279142380774e-09
1.55e-07,120.92135001374518,0.28468003490659993,-247.7557628381255,-0.0013271532584286927,119.96560821661369,0.28999656009778263,-246.21556049782689,-0.0008580068385573008,117.87967213549975,1.5166310300815565e-09,8.818566790252865e-09
1.575e-07,143.3156927942691,0.4444632866694662,-242.84131948953763,0.0024396526777400534,145.2599052385979,0.44295887962235847,-246.08759060819912,0.0017076670715884183,148.71044925161672,1.5569059345385895e-09,8.804553185266871e-09
1.6e-07,163.0125653256512,0.5981079826831208,-248.2469766662648,0.003990262181941592,162.9402683276382,0.6143843789932095,-245.78610833885799,0.004023833144057992,172.81985271994037,1.5976891562344057e-09,8.808815155308249e-09
1.625e-07,171.648048549022,0.7927687982157755,-245.38991173909017,0.006733632153832329,172.2064327548321,0.7954223151684606,-245.32875841934376,0.006079549473521805,189.118192408059,1.639039402510843e-09,8.842113276494404e-09
1.65e-07,170.87420924771882,0.9741835774357747,-246.77096719750685,0.0073049860971164575,172.82606280980318,0.976986091019146,-244.73384621214527,0.007866843460284314,196.8688204782864,1.6809722759911668e-09,8.9158122007757e-09
1.675e-07,167.01318644054254,1.1499680053670156,-241.71519554418458,0.01014221169068106,165.11192101278846,1.150325553995084,-244.02016639041403,0.009380702171396542,195.72142619235765,1.723459457532643e-09,9.039896565313088e-09
1.7000000000000001e-07,150.8629559850006,1.3007298161828367,-240.00497051048396,0.010588766576828595,149.8468202739159,1.3075197011859425,-243.20682919033786,0.010618992072920804,185.7278691590351,1.7664308487145236e-09,9.22101921029059e-09
1.7250000000000002e-07,129.7447700632388,1.4302212498975932,-241.53925050381665,0.01199231192543581,128.17063883685762,1.441850144085859,-242.31308576189963,0.011582326485270527,167.33983539789259,1.8097792383362388e-09,9.460993405914172e-09
1.75e-07,102.01359713175789,1.5544940490956543,-241.57859450240394,0.012265886703219583,101.44837618386634,1.5480356910267974,-241.3581541432542,0.012273902604247468,141.3884221598556,1.8533668535653404e-09,9.756017768746114e-09
1.775e-07,71.37918497244898,1.6089161536965115,-241.6750659934279,0.012504706152352812,71.13958914323095,1.6223297914296955,-240.36104737207188,0.012699329634653764,109.04657422411674,1.897033058328854e-09,1.0096746869644375e-08
1.8e-07,39.57760992831356,1.6583610632015502,-243.9490986566582,0.012663177599967396,38.68741959405003,1.662501686418867,-239.34040522204333,0.01286646568200572,71.77606946526498,1.9406024757996447e-09,1.0469145879650905e-08
1.825e-07,3.5279287476523638,1.6601936756216757,-237.91014647148566,0.012778579943726862,5.4402737784062225,1.6677357554411343,-238.31433101457242,0.01278527435618844,31.261449822262065,1.983892925715153e-09,1.0855937235873602e-08
1.85e-07,-24.909437963073604,1.6249325577448301,-236.81646141370965,0.01333559643576338,-27.387966342182537,1.6384896221017686,-237.30023490485146,0.012467703859337514,-10.666116160991931,2.0267227516382087e-09,1.1238382247074116e-08
1.875e-07,-57.77038923188241,1.5743151841866403,-234.47825474755888,0.012258539927668916,-58.72118296814634,1.576349385219069,-236.3146849785015,0.011927583207888639,-52.111597983720706,2.0689173281300112e-09,1.159813779134565e-08
1.9e-07,-87.29023709582192,1.4864282388373449,-236.28050954538762,0.009856163617965525,-87.59679498187704,1.4839106983485337,-235.3732674203398,0.01118052369399607,-91.20175425135321,2.1103147397675556e-09,1.191896777687827e-08
1.925e-07,-110.31596979936631,1.3664074993259818,-233.56827963599974,0.010169865165298449,-113.12818270945131,1.3646995154149073,-234.4904569312956,0.0102438099384917,-126.16979892062466,2.1507707742098157e-09,1.2188145252482065e-08
1.95e-07,-133.85180161805133,1.2277879018718953,-230.1996541547736,0.009050196096467622,-134.46995643783484,1.223129280835025,-233.67949847380683,0.009136264618230739,-155.43525600522943,2.190163442958516e-09,1.2397433606092092e-08
1.9750000000000001e-07,-152.0645625669206,1.049718937044118,-231.49068263348198,0.007795215003620687,-150.8010096614203,1.0644756650230056,-232.95230132106545,0.007878074211212522,-177.6753934911833,2.2283972254468204e-09,1.2543575555433226e-08
2e-07,-161.63051685805976,0.8931358291648855,-236.52996673963312,0.006207373146615677,-161.33598211961095,0.8948388469148006,-232.31934627218055,0.00649056928621215,-191.88500781159732,2.2654071323195337e-09,1.262825047398401e-08
2.025e-07,-165.5029329159206,0.7042001463869055,-231.3007902016921,0.004990413182065197,-165.3691992502089,0.7210591680133326,-231.78960677472313,0.0049959608199761085,-197.42185675875044,2.3011625266814873e-09,1.2657495869173892e-08
2.05e-07,-161.41929299394874,0.5472786366066732,-232.0322586799648,0.004120158349630013,-162.347592933024,0.550555763498127,-231.37048456928,0.003417042269797126,-194.03568736930018,2.335670464204003e-09,1.2640639669348998e-08
2.075e-07,-154.02962160621234,0.39404691823405874,-232.2251859285809,0.001969543298520455,-151.96197437932955,0.39106904512745067,-231.06776033872472,0.0017768741119233889,-181.8795467883245,2.3689781559793574e-09,1.2588860573913481e-08
2.1e-07,-134.30687032417669,0.2668021371403118,-233.34722346554665,0.0003037006270596432,-134.24068722896394,0.2503047665691896,-230.8855597090796,9.847194143630604e-05,-161.50286488689852,2.4011740608585194e-09,1.2513574758994783e-08
2.125e-07,-110.72263921691065,0.1296559774209063,-227.72622743368015,-0.0015913342391560682,-109.62716557705872,0.13549684640119544,-230.82633481032292,-0.0015954798604820163,-133.82662128313893,2.4323871054728375e-09,1.242491567588871e-08
2.15e-07,-78.5753967639148,0.04728182847729162,-227.01507934360507,-0.0037966552236385386,-79.02379914924082,0.05292459790174589,-230.89086146551512,-0.0032828697083699208,-100.10171916081237,2.4627836231582736e-09,1.2330599237791332e-08
2.175e-07,-43.80191825941735,0.010072596941003757,-231.59336177817838,-0.004481622066551618,-43.788699698146495,0.007434037115819639,-231.07825193643146,-0.004942342602838155,-61.85244729411171,2.492561791834364e-09,1.2235423685595933e-08
2.2e-07,-5.9282568582234285,0.0011026641903279593,-230.55353514180757,-0.007569622719054243,-5.67880236190542,0.0020197396314173333,-231.38598301474363,-0.006553421539520003,-20.80758566632536,2.521943611666765e-09,1.214153400958747e-08
2.2250000000000001e-07,32.7251778009967,0.057283002437397944,-234.63254259584195,-0.008323417379510253,33.25892799655581,0.037521736487852966,-231.8099391109253,-0.00809657126857971,21.17773144845309,2.5511647578740824e-09,1.204940367135302e-08
2.2500000000000002e-07,72.86619508419356,0.11313883767289158,-231.56093091363755,-0.0092711205265369,70.83801587620361,0.11248113490680726,-232.34446985968557,-0.009553217723558527,62.20586332981977,2.5804629262685023e-09,1.1959295817586133e-08
2.275e-07,105.8654491994757,0.22237405436184884,-231.4174799066148,-0.01109742580912963,104.90754897595403,0.22318001035910037,-232.98246163203706,-0.01090574279839654,100.42243185012136,2.6100655130517968e-09,1.187281992133633e-08
2.3e-07,132.80209314200113,0.36005845051535723,-231.89699262058326,-0.011654530793298836,133.53026428371814,0.36386842270935493,-233.71542222123142,-0.012137477172892432,134.10013514285194,2.6401775981135327e-09,1.179414895792023e-08
2.325e-07,156.70376033262878,0.5249351061495116,-238.18548253932758,-0.012858254404033034,155.14114201986692,0.5271577542621232,-234.53357785382045,-0.013232713035643714,161.71681771342975,2.6709712094506703e-09,1.1730531234165768e-08
2.35e-07,170.04856330260367,0.6904536148729444,-234.05588373252198,-0.013322175934737036,168.6666421486056,0.7045387371096442,-235.42598156905734,-0.014176753969328685,182.02426840114958,2.70257673111545e-09,1.1691905998501125e-08
2.375e-07,173.58473765765044,0.8829434910495108,-236.57700496044419,-0.014488770004482274,173.59052474656056,0.8869678524229917,-236.3806319106897,-0.014956011735553736,194.1046366810942,2.735077093863512e-09,1.1689663580823322e-08
2.4000000000000003e-07,170.95163511220463,1.0692113504264595,-238.25871845788902,-0.01484414570591624,169.96018717026234,1.0654595264592022,-237.38460078578296,-0.015558150525841998,197.4119174176383,2.768505089216643e-09,1.1734810703423485e-08
2.425e-07,158.43162983068905,1.2347488408495026,-236.41667618644777,-0.01641688429668441,158.33626954558747,1.2316245661229355,-238.42416926633888,-0.01597227001309967,191.79662905316246,2.8028438184695797e-09,1.1835946417188512e-08
2.45e-07,140.21434425279335,1.3942623042782403,-241.12239054094607,-0.0159421502452709,139.69643129361455,1.3781068482075176,-239.48497004181849,-0.016189110827513387,177.51256983404232,2.83802997689352e-09,1.1997487051876582e-08
2.475e-07,116.12832461337128,1.502762230573165,-242.88526834868642,-0.01593388617971797,115.31031811936921,1.4988882439368105,-240.55213517484304,-0.01620126119832631,155.20534670788604,2.8739594245626242e-09,1.2218500038381481e-08
2.5e-07,87.75061620226435,1.5939322641010782,-237.3850952128377,-0.016233540771005677,86.60582156316883,1.5894529224006375,-241.61044776879433,-0.016003342247858106,125.88319535974709,2.9104943418411016e-09,1.2492350364993023e-08
2.525e-07,54.83831295614353,1.633218161808354,-245.5372195203642,-0.015375648586560589,55.04632424943409,1.6468228583158075,-242.64449612515725,-0.015592151950843387,90.87141025520964,2.947471225670838e-09,1.2807181818581862e-08
2.55e-07,24.55467510702676,1.6810503683390738,-240.68382734669098,-0.015099588639509253,22.03488529838178,1.669493075720256,-243.63882895048056,-0.014966753566569832,51.752444348645504,2.9847090491550017e-09,1.3147098535995324e-08
2.575e-07,-9.964651723392654,1.65295073164966,-244.95601832736273,-0.013053390215908227,-11.144999502459576,1.6573051889830872,-244.5781101679361,-0.01412850232672207,10.294385813388418,3.022017060074363e-09,1.3493813726768339e-08
2.6e-07,-42.51685806528061,1.6098080024641694,-245.68782472673027,-0.013148560205212993,-43.35013157910695,1.6112997197960184,-245.44727189664115,-0.01308101285673487,-31.62895551722324,3.059201898472992e-09,1.3828500285105264e-08
2.6250000000000003e-07,-72.2633436777055,1.5387464019954062,-247.62091880893547,-0.011686561010747925,-73.5655636082847,1.533581542731085,-246.23166418309106,-0.011830077650494524,-72.12274008709247,3.0960739266165157e-09,1.4133599579320363e-08
2.65e-07,-100.08702403874972,1.4243396649778826,-244.59488624173756,-0.011829023321874303,-100.87170726051261,1.4272201858841018,-246.91720010301523,-0.010383552507405419,-109.35674105017684,3.1324528444088893e-09,1.4394395684755627e-08
2.675e-07,-125.60836203029086,1.2944654212305564,-248.15528168620264,-0.007485750420821208,-124.40616049583915,1.2961903085616187,-247.49049489839697,-0.008751227200715344,-141.64806635595326,3.168172776037291e-09,1.4600218600524767e-08
2.7e-07,-142.13097355315952,1.1511043922694426,-247.52920203441397,-0.007218051631470721,-143.33623238702825,1.1453408870490567,-247.9389978728529,-0.006944698398429613,-167.53722163765323,3.203087039915023e-09,1.4745186626220579e-08
2.725e-07,-153.8730307296189,0.9680953864979324,-245.84011232286548,-0.004850266723704687,-156.85528577055436,0.9803678978843592,-248.251115838504,-0.004977257289800785,-185.85407603392835,3.2370727524627097e-09,1.4828432975535556e-08
2.75e-07,-164.0886616808813,0.803383722720397,-249.39626520457296,-0.003650884772375275,-164.2104440875383,0.8077574411985454,-248.4163269882521,-0.002863797379750377,-195.77074943904975,3.2700352834097523e-09,1.4853793563001583e-08
2.775e-07,-166.2405248541456,0.6545000572738079,-247.8090393885516,-0.0008691318695234812,-164.76197441027816,0.6346660235875722,-248.4252841582482,-0.000620739847522269,-196.8390307983505,3.3019124073599414e-09,1.4828974782558103e-08
2.8e-07,-156.67569811281632,0.4902877941202257,-247.63294744541992,0.001573959912105257,-158.06713056978833,0.46871240942495807,-248.26990654548533,0.001734033724765527,-189.01063622718817,3.33267782341811e-09,1.4764281086310106e-08
2.825e-07,-145.1485803868044,0.3225324999545719,-250.96706986955243,0.004086173059297881,-143.9748484753816,0.31766983718201036,-247.9434590539426,0.004181257089503986,-172.6393913325724,3.362343583033397e-09,1.4671060099604608e-08
2.85e-07,-121.98448755921423,0.18339080952704562,-244.57421219775867,0.006889551019313119,-122.7136639577093,0.18906597557531726,-247.4406185585658,0.006700381936664757,-148.46523910149526,3.3909609105815458e-09,1.4560101292540628e-08
2.875e-07,-95.23206853595204,0.08860739721965198,-247.8792215650488,0.009840306104251849,-94.95438475293965,0.08971740764060554,-246.75752649854343,0.009269724671954796,-117.58079616299396,3.418618942964884e-09,1.4440274984236175e-08
2.9000000000000003e-07,-63.36143265883503,0.02429371065195667,-247.1276647932564,0.01162629054056908,-61.83163515958484,0.02524207698573015,-245.8918273387044,0.011866670017570318,-81.38196900472958,3.4454410573744868e-09,1.4317692012530965e-08
2.925e-07,-24.725945246348516,-0.012282796598698843,-243.41168981233,0.013329003918496469,-24.914029073909095,-0.00039618938237400526,-244.84269256928116,0.01446793658163044,-41.50486217865098,3.471578685222648e-09,1.4195582510672595e-08
2.95e-07,14.053100831609052,0.01642398201100876,-242.32363192523746,0.017727658776800492,13.879515608767537,0.01474553313871111,-243.61083004854987,0.0170499004561748,0.24816989886008142,3.4972069305488525e-09,1.4074939778274491e-08
2.975e-07,53.96039118516374,0.07969518150451928,-246.25513031767244,0.01987190299701558,52.41125302988593,0.07036128866701147,-242.19847862876418,0.019588963788897167,41.989985262100106,3.522497618308442e-09,1.3955784588216283e-08
3e-07,88.71101793651285,0.14752887023837324,-237.62528500982717,0.02294576944115731,88.48993528475798,0.16384242831114626,-240.60938814211238,0.022061947713784388,81.83394891530745,3.5476327000989537e-09,1.383872961518461e-08
3.025e-07,120.87612845117276,0.27946630449854976,-237.435682552486,0.024886620625633873,120.05023503929183,0.29041248610720555,-238.84878495890757,0.024446484348797707,117.97920443803527,3.5727759152715256e-09,1.3726420140404156e-08
3.05e-07,142.65742659267042,0.4486083548714746,-240.41864455116277,0.027358325814912883,145.32378701159192,0.44344161380826425,-236.92332346365419,0.026721381612374754,148.7920685942646,3.5980660216369518e-09,1.362443567980332e-08
3.075e-07,161.33969419421493,0.6269974714157989,-235.61081031766412,0.029129130392644514,162.98023009059474,0.6149087472752172,-234.84102392480028,0.028866937571937402,172.87987009428497,3.6236075656775485e-09,1.3541363548694636e-08
3.1e-07,175.32386352352881,0.8038568779691387,-230.90771335055484,0.029756943779570964,172.220950936686,0.7959615668338782,-232.61119735972045,0.030865187437159193,189.15389516545682,3.6494641142419934e-09,1.3487966653794497e-08
3.125e-07,174.9581150908935,0.982989326453547,-232.88349016204592,0.032546178437873906,172.81528357480175,0.9775136530578682,-230.24435811662696,0.03270007507631721,196.87859493540952,3.675654439552919e-09,1.347560235720773e-08
3.15e-07,164.0067273937371,1.162279998662181,-228.16736085727953,0.03446907288491445,165.07751023515914,1.1508166253959033,-227.7521250086081,0.034357550589743914,195.70483056600338,3.70215182986802e-09,1.3514238167427342e-08
3.1750000000000003e-07,151.067596092098,1.3087270152704962,-223.5153089974263,0.036414004804852254,149.79167755785835,1.3079525448418976,-225.14711194079933,0.03582560440118125,185.68565353372125,3.728886372343819e-09,1.3610501076672656e-08
3.2e-07,129.41728529485556,1.4590963167130735,-224.0027148808812,0.03748452184926779,128.0985261672706,1.44220698735932,-222.44280906885936,0.037094255048733246,167.27390782374613,3.75574977015051e-09,1.3766172004678799e-08
3.225e-07,104.15386760876801,1.5482412826081864,-220.91220592587013,0.037050821869322605,101.36352094398983,1.5483032089107889,-219.6534556145649,0.03815551129703966,141.3017624130906,3.782602052249719e-09,1.3977413557184502e-08
3.25e-07,70.16761544730447,1.6266593521109884,-213.95762004239802,0.039633935450675464,71.04632000863823,1.6224992076887048,-216.79390554166642,0.03900332886512629,108.94309912793626,3.809279436465087e-09,1.4234843554348596e-08
3.275e-07,39.69135201909083,1.6604025654101604,-215.4600148046582,0.03969741360050556,38.5898826899398,1.6625685777118901,-213.87948736145614,0.03963357815519741,71.66045585837398,3.835602621005822e-09,1.4524392204320713e-08
3.3e-07,7.5130541993745865,1.6793945805748027,-209.80295526003854,0.03970056766031067,5.34225769417346,1.667699673196,-210.92585939218986,0.040044032694265944,31.138923176403523,3.86138489371606e-09,1.482875060699244e-08
3.325e-07,-29.70161782365177,1.6343136755842858,-207.06681282484638,0.04070292281099402,-27.48309099040094,1.638353652556556,-207.94886183908721,0.040234379863181964,-10.790017920453852,3.886439632835339e-09,1.5129153409596468e-08
3.35e-07,-60.64862353521827,1.5583242102174588,-204.2312063721445,0.040812552418078164,-58.810426500289154,1.5761197497814665,-204.9643670917062,0.04020624743182801,-52.231274779421234,3.910586987947631e-09,1.5407235828445576e-08
3.375e-07,-88.36367338094091,1.4912806448555247,-199.69514271360413,0.03982839347226695,-87.67744966766897,1.4835964588372117,-201.98812965279242,0.03996323295583248,-91.31179696466538,3.933659731683732e-09,1.5646744856513223e-08
3.4000000000000003e-07,-111.05410733792061,1.3628500178993246,-199.93527624426122,0.039985083856082196,-113.19770815422156,1.3643123999300144,-199.03563711706002,0.039510919422890964,-126.26523387150831,3.955508422856766e-09,1.5834940706806583e-08
3.425e-07,-133.13705304070757,1.218941761687266,-197.9062486078309,0.03825871064747524,-134.52589688356107,1.2226835960428808,-196.1219636097491,0.038856860345085606,-155.51176975123806,3.976006092955226e-09,1.596357706314469e-08
3.4500000000000003e-07,-149.17833812477906,1.0423803613307572,-192.07966473743332,0.03813325630375946,-150.8409822469519,1.0639882197470207,-193.2616270732729,0.03801052081103976,-177.72952778524214,3.995052649721175e-09,1.602938894014469e-08
3.475e-07,-159.32372958671138,0.895268691321943,-192.09197556252516,0.036427388498790444,-161.35775856921975,0.8943287885604916,-190.46845175602567,0.03698316722088698,-191.9143159068949,4.012579091652259e-09,1.6034048783922103e-08
3.5e-07,-164.01035930060414,0.7174308875045693,-187.2414968253734,0.03565256820944518,-165.37088194781157,0.7205476326607441,-187.75543721076087,0.03578770637242596,-197.42501399612263,4.028551470167994e-09,1.5983586749191526e-08
3.525e-07,-162.61277100442095,0.5485053654714582,-184.7349683382315,0.03406847717353126,-162.32786395324723,0.5500652633300049,-185.13463505129064,0.034438482764908435,-194.01255104880784,4.042974358415822e-09,1.5887321986205905e-08
3.55e-07,-149.9878542715115,0.3886167914035479,-183.51326702135353,0.03230268812572039,-151.92037703681274,0.3906225596175648,-182.61703464612202,0.03295104989600687,-181.83116261896575,4.055893428949794e-09,1.5756422421046123e-08
3.575e-07,-134.62850454472928,0.25426394681265196,-182.3957801727946,0.03158621810204402,-134.1778877416455,0.24992455907927588,-180.21245884665996,0.03134193562865173,-161.43141972294254,4.067396645731994e-09,1.5602291553647637e-08
3.6e-07,-110.20413292618075,0.14079741924138392,-179.43735898813432,0.030171097640260786,-109.54513993462413,0.13520308555342367,-177.92947075650218,0.029628422542327632,-133.7353442832947,4.077613567817641e-09,1.5435049162351938e-08
3.625e-07,-76.74776306067197,0.053857441578742934,-173.27625716521544,0.027882514546588417,-78.92589795594988,0.05273391259868935,-175.77529244793226,0.027828361325026016,-99.99473583760769,4.086712355567585e-09,1.5262398192303663e-08
3.65e-07,-45.47294085606882,0.014831646203225569,-173.5454464177956,0.026524962134232232,-43.67956050473461,0.007358165862777001,-173.75573642289885,0.02596002914258397,-61.73459305012227,4.0948942594922936e-09,1.508912687522572e-08
3.6750000000000003e-07,-8.414055028781256,0.013915807974347612,-170.43053238468147,0.024285172526278032,-5.564102049910254,0.00206444229464959,-171.87515049951327,0.024042036571788553,-20.684187244990646,4.102385632945738e-09,1.4917375502923957e-08
3.7e-07,33.868144834370355,0.02970142555279366,-172.21232220088493,0.02232543247508199,33.37286279235649,0.03768611736049957,-170.13637668246315,0.022093277546487773,21.301096719504702,4.109427804632497e-09,1.4747620029450836e-08
3.7250000000000003e-07,70.48042422993949,0.11394114086774235,-170.37785068151024,0.020006886093506468,70.94469892654148,0.1127574821450234,-168.54072444781212,0.020132908444432513,62.32361962127721,4.116265429195054e-09,1.4580134168341437e-08
3.75e-07,105.59116753363458,0.2290058517775371,-168.45924663394976,0.018138816171495924,105.00086654094144,0.2235541949824634,-167.08795874060647,0.01818033641275948,100.52925684577653,4.1231341580276155e-09,1.4416545610601837e-08
3.775e-07,132.6194262652072,0.3591657337678589,-168.08685708722177,0.01723539041094515,133.60498236618608,0.3643208301151277,-165.77630284870008,0.016255194378133515,134.19120059617327,4.130248600040695e-09,1.4261051496056527e-08
3.8e-07,155.25906136085982,0.5061881802512225,-162.30732750039982,0.013554089657079021,155.19332458385762,0.5276646537928094,-164.60245617948524,0.014377281416273393,161.78800767331157,4.137791550280558e-09,1.4120927635247027e-08
3.825e-07,168.53539430799694,0.7045253269564701,-160.1070366088914,0.011023012344963055,168.69392893024119,0.7050739414314312,-163.56162682898287,0.012566452092423807,182.0723652435254,4.145905348914814e-09,1.4006141242496374e-08
3.85e-07,174.41460776747147,0.8945714396622276,-164.26579663672797,0.01061743567328765,173.59223824197835,0.8875044868244386,-162.64757869626138,0.01084244621084566,194.12746653821995,4.154686009746505e-09,1.392810863216383e-08
3.875e-07,167.66766302059338,1.0658142758086302,-164.12173069146823,0.009135786868587955,169.9372639096964,1.0659717234107646,-161.8526927616347,0.009224659806182742,197.4084484319624,4.164180458956432e-09,1.3897859086020857e-08
3.9e-07,155.56814702635197,1.2220704676198213,-164.09528203125836,0.007168405527661796,158.29103651803703,1.2320889227288823,-161.16804201576414,0.007731867580517398,191.7670180149375,4.174386895714917e-09,1.3924010619995471e-08
3.925e-07,142.66122249557588,1.3765344520624512,-161.71450081263743,0.006084691165560453,139.63227002461795,1.3785035291438674,-160.58347939983656,0.0063819147544364775,177.4581550947622,4.185257975283867e-09,1.4010995965219195e-08
3.9500000000000003e-07,116.04714080121565,1.492174302895852,-159.0965284507531,0.005004023111513688,115.2312728304944,1.4992016719491958,-160.08773799556604,0.005191401163160826,155.1285876898487,4.196706266765048e-09,1.415789825550672e-08
3.975e-07,86.83829698992426,1.5930422198605905,-157.88732603341285,0.0029640845568376876,86.51621184487661,1.5896720619776339,-159.668542588968,0.0041753816083700155,125.78756139576284,4.2086112846836715e-09,1.4358099661834862e-08
4e-07,56.00377346283897,1.6603518523609275,-160.48181509231426,0.003047101131559426,54.95041631432433,1.6469411548590256,-159.31273162472917,0.0033471038404874263,90.76122378266535,4.220827352124881e-09,1.459976460835094e-08
4.025e-07,24.817574527614752,1.6637852119814973,-157.787954532396,0.00253908091956186,21.936660538251235,1.669508152989727,-159.00638846951608,0.002717799631181035,51.63268554517006,4.23319161986886e-09,1.4867022712781475e-08
4.05e-07,-12.518997157923483,1.6568873144636167,-156.5819122754736,0.0021193276672222872,-11.241961291801388,1.6572184255283746,-158.7349808136325,0.0022965363074989287,10.170467504174772,4.245531719380879e-09,1.5141618125820383e-08
4.075e-07,-43.212326614852714,1.6057457049377093,-157.50195029083125,0.0014514508264108412,-43.44266031967015,1.6111158184271577,-158.4835069618623,0.00209012733266593,-31.751432506799908,4.257672732145938e-09,1.5404759986785258e-08
4.1e-07,-74.81136424343424,1.522647161682257,-156.3648344608696,0.0011256155513302219,-73.65082551068858,1.5333081783071718,-158.2366476968476,0.002103092613704714,-72.23824007601884,4.2694433709910364e-09,1.563893040827233e-08
4.125e-07,-102.65141844894018,1.4265400928250087,-158.2388304991946,0.0031866850391142044,-100.94709189899464,1.4268677723017085,-157.97892234257083,0.0023376535934862826,-109.46004370198291,4.280681448674868e-09,1.582945742867614e-08
4.15e-07,-124.37141956860991,1.308960516239464,-156.0271337827071,0.00290603052092516,-124.46917657073956,1.2957718751197738,-157.6948476119618,0.0027937458163089053,-141.73450262602793,4.291238821463986e-09,1.5965716633231393e-08
4.175e-07,-142.34380149230114,1.151671417957385,-159.97265414019748,0.0030594855640576376,-143.3844566079571,1.14487200774433,-157.3690977917418,0.0034690329114326,-167.60288480343047,4.3009860214212e-09,1.6041871742041868e-08
4.2e-07,-158.57451286769208,0.979803465718181,-157.65380641794079,0.0034286122384485913,-156.88639643485567,0.979866584206354,-156.9866647996496,0.004358910520925266,-185.8959982698498,4.309816729314388e-09,1.605709933840827e-08
4.2250000000000003e-07,-163.02384547163135,0.814575179793964,-156.21555337412735,0.004586391551324814,-164.22235141207403,0.8072438966113643,-156.5330166443551,0.00545649569788316,-195.78703595552128,4.317652106963302e-09,1.6015274780035688e-08
4.25e-07,-164.78176919888162,0.6331898300486962,-158.32052475958426,0.00639904033918913,-164.75303718632637,0.6341621691651778,-155.99425282671982,0.006752605362462387,-196.82894548191697,4.324444834763716e-09,1.5924138264980336e-08
4.275e-07,-158.1604999649432,0.47638714546054595,-152.4213070065291,0.00852293562209457,-158.03642750547363,0.4682411236485017,-155.35725524255622,0.00823573496817693,-188.97463491118492,4.3301825271492704e-09,1.5794021073576454e-08
4.3e-07,-146.93011997190814,0.3170787369591263,-155.27729134456874,0.009921726053666795,-143.92245671898073,0.3172539030428288,-154.60983318151278,0.009892054121411226,-172.57910119449738,4.3348900671788896e-09,1.563628996747404e-08
4.325e-07,-121.87552956928783,0.17868936631025129,-153.24348893196785,0.01174335155119603,-122.64088987083224,0.1887267859401438,-153.74086106387492,0.011705438382363608,-148.3833851182905,4.338630345944921e-09,1.5461745974137856e-08
4.35e-07,-95.43643025310416,0.09646988413986256,-152.39834601343608,0.013369454898708695,-94.86389462962865,0.08947353474302154,-152.7404076165312,0.013657555278575982,-117.48107794829423,4.341502934419312e-09,1.52792644136727e-08
4.375e-07,-62.1447467563896,0.023281582938579248,-152.74830003991332,0.01646553373303821,-61.7274460632357,0.025107853567248803,-151.5998552606023,0.01572801776613262,-81.26889359475092,4.343640358358285e-09,1.5094956376124666e-08
4.4e-07,-26.31073140949136,-0.009045996075585826,-151.48571439044872,0.01699821428451539,-24.801340303044604,-0.0004119095793596682,-150.3120085656554,0.017894610711967546,-41.3835403244164,4.345201875805702e-09,1.4912049737099526e-08
4.425e-07,13.73469515226012,0.010989573521896041,-147.0195437601756,0.02035610862426613,13.994645137212743,0.014850792539473094,-148.8711907183142,0.020133586699287918,0.3722547258235358,4.34636924112003e-09,1.4731535171555143e-08
4.4500000000000003e-07,52.108093350195524,0.05764836731963421,-146.41060849418136,0.02178374197367215,52.522351236291925,0.07058319910469645,-147.27332705561963,0.022420018134685013,42.11122471019349,4.347319096175128e-09,1.4553431938679511e-08
4.475e-07,86.88575956399053,0.17391830813583994,-144.6663761532378,0.023886199754695667,88.5906361896815,0.16416997525908275,-145.5160148248021,0.02472818484491151,81.94686323757425,4.3482373849377754e-09,1.437835268632205e-08
4.5000000000000003e-07,120.6501745538814,0.29126599561826166,-143.38222250087816,0.027294271692527673,120.1348068347228,0.2908286429136469,-143.59857845022498,0.0270319714252335,118.07869016425013,4.349290395859307e-09,1.4208943277102711e-08
4.525e-07,144.97521243679742,0.4404976413875168,-140.62668266569906,0.0289823718842891,145.38760211203686,0.44392450848932635,-141.52210971410273,0.02930524738382783,148.87362919616038,4.350618219367182e-09,1.4050782489031664e-08
4.55e-07,163.4005453572051,0.6086115551874896,-137.74177070193585,0.032034107590337556,163.0201182053533,0.61543319852005,-139.28949238908305,0.031522205826505244,172.93981921839392,4.35232559934774e-09,1.3912453125805484e-08
4.575e-07,172.62000053528539,0.8016757337627339,-135.097728003383,0.0334223578580932,172.2353934805504,0.796500821944092,-136.90541099675463,0.03365764258237429,189.18952324789265,4.35447526468009e-09,1.3804707518124748e-08
4.6e-07,174.4387629202578,0.9791799463808305,-135.62079444979088,0.03492643372671235,172.80443149252056,0.9780411420569104,-134.3763435054041,0.035687166240122,196.88829166798124,4.35708423108733e-09,1.3738884914875078e-08
4.625e-07,164.3652289401047,1.1584250054817429,-130.74514189662912,0.03774824780757442,165.0430335166135,1.1513075546182823,-131.71053792166586,0.03758733910931275,195.6881576784813,4.360123243816284e-09,1.37249269476521e-08
4.65e-07,148.70532949073166,1.2956879287939393,-128.37485076317583,0.03892438640322035,149.73647892490544,1.3083851877835453,-128.91797287284615,0.03933575807139639,185.64336460265258,4.363519205750375e-09,1.3769428081009035e-08
4.675e-07,129.86088625825892,1.4413776639301035,-123.94533497658524,0.04049366367691315,128.02636955901718,1.4425635840168725,-126.010302418387,0.040911091219957986,167.20791421250962,4.367160151085233e-09,1.3874132268297358e-08
4.7e-07,100.40887664165673,1.5533077879405144,-123.55428605931372,0.04246638136278744,101.27863454855662,1.5485704477349802,-123.00078546893432,0.042293090089863795,141.21504688262783,4.3709021211934e-09,1.4035163550070997e-08
4.7250000000000003e-07,69.26162802104554,1.6477821861064184,-121.41032424247378,0.043985540264272545,70.95303233187825,1.6226683257036814,-119.90420032851887,0.04346259769890205,108.83958102274649,4.374577201714765e-09,1.4243102504158429e-08
4.75e-07,40.84802980173471,1.662545295578515,-118.90673504211742,0.044507670532858666,38.4923390024438,1.6626351639231618,-116.73674500826132,0.04440156977571646,71.54481396106858,4.378001994634712e-09,1.448384595260272e-08
4.775e-07,5.8481538836418405,1.6482805402996965,-110.34434422162956,0.044826096020548226,5.244245387036708,1.6676632901091226,-113.51592408756404,0.04509312121389892,31.016384237391946,4.380985913369706e-09,1.4740057314539104e-08
4.800000000000001e-07,-28.16866693669236,1.6394776251427499,-107.75861723192891,0.04489495012116023,-27.578202519887846,1.6382173962022533,-110.26042301984113,0.04552160318107355,-10.91391542018898,4.383338873447306e-09,1.4992950329441935e-08
4.825e-07,-59.84934390924374,1.568255083281553,-106.02526092654615,0.04609123178888203,-58.89964856900527,1.5758898503122158,-106.98997089337084,0.045672709798630584,-52.35093095504099,4.384878166203783e-09,1.5224146427341858e-08
4.85e-07,-88.89687353561715,1.4896529507351572,-106.46096537387972,0.04564970112166488,-87.75807520311015,1.4832819861271163,-103.72519276281342,0.045533608154298674,-91.42180362952746,4.385434504645909e-09,1.5417385714364326e-08
4.875e-07,-112.80310390100722,1.355040632419084,-99.76944447526482,0.04387820910177854,-113.26719710640674,1.3639250897741904,-100.48745276240379,0.045093082511093785,-126.36061897487674,4.3848573804922275e-09,1.5559927786360492e-08
4.9e-07,-134.97121400892425,1.2319468805685345,-98.33364882255331,0.044312995345113425,-134.58179368439872,1.2222377626026617,-97.29868929691519,0.04434168328651145,-155.58822210366196,4.383019942368674e-09,1.5643531074877273e-08
4.925e-07,-148.91861102869322,1.0776377853244048,-95.28709486484767,0.04318669787651639,-150.88090432274942,1.0635006790349664,-94.18124368045642,0.043271873451970456,-177.78359191449837,4.379823586666117e-09,1.5664939623965086e-08
4.95e-07,-161.68452405825832,0.9027982140778594,-89.38722966881197,0.04152240486395204,-161.37947831746456,0.893818694456209,-91.1576836553303,0.0418781686784181,-191.9435482374599,4.37520235247613e-09,1.5625838016673392e-08
4.975e-07,-165.0879877851141,0.7291517877829587,-90.38098815895408,0.0406366452235536,-165.3725030687012,0.720036126324403,-88.25062327297448,0.040157271726746144,-197.42809329322597,4.3691270548328615e-09,1.5532270504571647e-08
5e-07,-161.91705302024835,0.5362033151439641,-83.77401712137649,0.03793626782146994,-162.30807064406852,0.5495748597816532,-85.48254065598793,0.038108205066499375,-193.98933813523317,4.36160891277171e-09,1.5393571349400698e-08
5.025000000000001e-07,-152.94370981046552,0.3618062148248865,-84.45816255290106,0.03653296132426218,-151.87871556336074,0.3901762380556426,-82.87559518404711,0.03573244749863302,-181.78270666554283,4.352702272162202e-09,1.522092408799513e-08
5.05e-07,-134.76136211605836,0.24946905405340383,-84.01514023316977,0.03443339979584276,-134.1150279603326,0.2495445787587752,-80.45144565693019,0.03303408004156466,-161.35991082841866,4.342505926800257e-09,1.5025748475080412e-08
5.075e-07,-109.60648649862104,0.14361131755481746,-78.53513749216219,0.029955303432669406,-109.46306186421702,0.1349096067536234,-78.23107098476616,0.03001994339875385,-133.64401448685504,4.3311625335474245e-09,1.4818182142051497e-08
5.1e-07,-76.36558904408747,0.05244869426221679,-74.955414303454,0.027249593759681345,-78.82795620521871,0.052543551676415126,-76.23459493902749,0.02669980434479787,-99.88771303806615,4.318855711206726e-09,1.4605949228324592e-08
5.125e-07,-42.307923709329955,0.006647344588174747,-77.09153849381262,0.023432690725461072,-43.57039613112545,0.007282645105847956,-74.48111646780733,0.02308652213388252,-61.616714434293854,4.305804602475187e-09,1.4393864786858704e-08
5.15e-07,-7.189675454581659,-0.0061052156664291625,-73.29187053931527,0.019190101038735453,-5.4493944862236745,0.002109502691559926,-72.98854703581414,0.019196199585966828,-20.56078065786569,4.292255939737895e-09,1.4184103929143882e-08
5.175e-07,31.698631868552315,0.05661536121904123,-72.06172931119859,0.015144073028865846,33.48678568343892,0.03785084306254685,-71.77345639363814,0.015048297954693209,21.424453581220668,4.278473950409219e-09,1.3977187312996899e-08
5.2e-07,71.61459390000341,0.10015605852867952,-72.36420114919497,0.010513993428760731,71.05135122760835,0.11303414152328085,-70.85092811266158,0.010665691058411607,62.441351308355976,4.264728719898764e-09,1.377344411263645e-08
5.225e-07,104.49973076682659,0.21998639014996782,-71.9723791279657,0.005391108237429181,105.09413639006081,0.22392864127337678,-70.23442614208658,0.006074633288177207,100.63604215407254,4.251283854110417e-09,1.3574567785662558e-08
5.250000000000001e-07,132.58705955075888,0.36009377761245087,-70.31066309354917,0.0003971333760820956,133.67963903810656,0.3647734343957202,-69.93567355361901,0.0013046185231506855,134.28221307293484,4.238384410828782e-09,1.3384829794033385e-08
5.275e-07,155.05871681343027,0.5277438033436499,-73.07979065271584,-0.0029433159427068407,155.24543636126245,0.5281716756413952,-69.96454453815718,-0.0036118871497034005,161.85913376185061,4.226246077361158e-09,1.3211586153812324e-08
5.3e-07,171.38019458164337,0.6948153089056037,-66.9161853621811,-0.007912730430789217,168.7211404436165,0.7056091889023889,-70.32897060826409,-0.008639846939398715,182.12039020661544,4.215046456267491e-09,1.3064887206133971e-08
5.325e-07,175.51047094147424,0.9146197040551732,-71.31543929709335,-0.0133760261334425,173.5938769333583,0.8880410857916159,-71.03486184120473,-0.013742185488514419,194.15021975689632,4.20491909759645e-09,1.2956232762760504e-08
5.35e-07,169.47308398784995,1.081579698728978,-71.35339189860686,-0.01931007390339839,169.9142708072261,1.0664838116474626,-72.08604387093733,-0.018880434973610135,197.4049015125574,4.195950617637346e-09,1.2896734398669407e-08
5.375e-07,158.47698280285195,1.236307678012519,-76.22803938133448,-0.02450265858432304,158.245742257694,1.2325531064585131,-73.48421120475079,-0.02401546538434309,191.73733127013043,4.188180915334923e-09,1.2895090891664896e-08
5.4e-07,139.07845262820123,1.3714498889463822,-74.80774719118746,-0.0287440461684092,139.56805867551617,1.378899984813999,-75.22889730239723,-0.029108257727643073,177.40367029781342,4.181606186829196e-09,1.2955815048021303e-08
5.425e-07,114.0759309651838,1.4837321281927383,-78.82687078462497,-0.033345788408334784,115.15218997944639,1.499514835489785,-77.31746171377166,-0.0341206708272644,155.05176742950175,4.176184190567027e-09,1.3078071038981058e-08
5.45e-07,85.0105102880424,1.601593885292746,-79.3415738786672,-0.03791264438070853,86.42657736812157,1.5898909113415431,-79.74509442667149,-0.039016149301314446,125.69187777284355,4.171841062983367e-09,1.3255324966430072e-08
5.475e-07,54.447382532578246,1.6427381351807537,-79.07931186284733,-0.0432103533193431,54.85449587022828,1.6470591483132455,-82.50483743018997,-0.043760323358945946,90.65100147902606,4.1684789438084466e-09,1.3475829775798594e-08
5.5e-07,23.437576533408603,1.6608563844990547,-86.79878935068385,-0.048616275686610456,21.83843444852416,1.6695229260239048,-85.58762335312224,-0.04832146067879831,51.512906357929424,4.165983737268102e-09,1.3723809277132097e-08
5.525e-07,-10.471257488645804,1.663309767305362,-90.72509232083483,-0.05196872803000271,-11.338914476605947,1.6571313671073986,-88.98233089167304,-0.05267074622396638,10.046545179821624,4.164232489240285e-09,1.3981107763241039e-08
5.55e-07,-41.057178624352275,1.6111491159795936,-95.958331817861,-0.05714651616448958,-43.535171652363054,1.610931640587085,-92.67585659799848,-0.05678238567424864,-31.873896961413173,4.16310006531799e-09,1.42290399425884e-08
5.575000000000001e-07,-77.54900562826542,1.5377073096537435,-96.29324944190687,-0.0607804244572023,-73.73606203452083,1.5330345642602312,-96.65320246196114,-0.06063354942785453,-72.35371154643339,4.162465027993399e-09,1.4450197725314234e-08
5.6e-07,-101.14739158157893,1.4240962676940732,-102.05021312355656,-0.06404009359487972,-101.0224436768324,1.4265151437872097,-100.89757858410553,-0.06420419339160668,-109.56330314069668,4.162214790795601e-09,1.4630021475332193e-08
5.625e-07,-124.76565435218836,1.309948165416222,-105.99180867515713,-0.06749506097372673,-124.53215254316504,1.2953532690289506,-105.3905201094779,-0.06747680658968738,-141.82088294156608,4.162250239537423e-09,1.475799959086558e-08
5.65e-07,-143.11904871887822,1.1443717791416435,-110.49802309157164,-0.06964671031203537,-143.4326336881078,1.1444030054512266,-110.11201747060537,-0.07043614131895333,-167.66848180224272,4.1624900366688e-09,1.4828406835910443e-08
5.675e-07,-157.6857897621178,0.976431725369852,-113.89569975253727,-0.07369865796353041,-156.91745336530286,0.9793652041056475,-115.04065887479942,-0.07306897800510444,-185.9378471169749,4.162874762756283e-09,1.4840526694378893e-08
5.7e-07,-166.2591486640564,0.8096855482990908,-117.7657589469549,-0.07421858560852625,-164.234199377748,0.8067303480468682,-120.15378386692298,-0.07536396478405569,-195.80324517837178,4.16337091591106e-09,1.4798334898372453e-08
5.725e-07,-163.87448273352362,0.6397031077020193,-121.66842592872625,-0.07603572812712867,-164.7440366867359,0.6336583772849987,-125.42764670477634,-0.07731155363481731,-196.8187824605328,4.163974616891699e-09,1.4709663258457038e-08
5.75e-07,-159.27395506640136,0.45747455524727,-130.0551775473008,-0.07870331471303182,-158.00565979414728,0.4677699683221311,-130.83758820113684,-0.07890403431219274,-188.9385589909888,4.164714694714261e-09,1.4584924033173137e-08
5.775e-07,-143.29875181327452,0.3176160622781081,-134.30607088400365,-0.08032857027245062,-143.87000226794237,0.31683816514813684,-136.3582146149268,-0.08013564838337708,-172.51874292492636,4.165654696210414e-09,1.4435553067130384e-08
5.800000000000001e-07,-123.82970430479013,0.19274355441330204,-143.51414974687557,-0.0812392113749961,-122.56805892172743,0.18838785214824577,-141.96358211465594,-0.08100275178494666,-148.30147255567434,4.166893307726114e-09,1.4272408137469268e-08
5.825e-07,-94.10585882023436,0.08170419309398659,-148.1601344443011,-0.08187864831011146,-94.77335755041739,0.08922996681222231,-147.62738529064222,-0.08150398761713112,-117.38131335392433,4.168562719337591e-09,1.4104409449231957e-08
5.85e-07,-62.22734422308933,0.048680171496839675,-154.5946092550375,-0.08122416843932347,-61.623223732166906,0.024973969763522882,-153.3231481590188,-0.08164043189376582,-81.15578610110015,4.1708246051884285e-09,1.3937702366413008e-08
5.875e-07,-23.33413641832281,0.0022559836707291814,-161.62902403725946,-0.08244804317902184,-24.688635099466115,-0.0004272732108942202,-159.02441608042747,-0.08141568264119818,-41.26220213261823,4.173863622603625e-09,1.3775540116168171e-08
5.9e-07,13.548185133045264,0.01960240064419983,-167.1686531336868,-0.08067007023472031,14.109772371009443,0.014956405757470415,-164.70494700978728,-0.08083587491623637,0.4963394058260182,4.177883077453009e-09,1.361893140236241e-08
5.925e-07,52.639081516462184,0.0871515889285475,-170.48913789234965,-0.08060757873073111,52.63342794920194,0.07080544044230246,-170.3389005006413,-0.07990961824452639,42.2324475334409,4.183076435719623e-09,1.3467907136934404e-08
5.95e-07,89.05346367363897,0.16928733208576008,-176.2026742909125,-0.0791322660458266,88.69129750878417,0.16449781120928172,-175.90102290825806,-0.07864786593157747,82.0597452085166,4.1896424918985716e-09,1.3323085105213127e-08
5.975e-07,125.08473321700703,0.2948014635067073,-182.2235807551628,-0.07624692910656057,120.21932356237734,0.29124503061094464,-181.36682726973868,-0.07706373543665909,118.178129274867,4.197755581629192e-09,1.318710842016994e-08
6e-07,145.10345790489325,0.45019297115473367,-187.8540277080008,-0.07366395592305774,145.45135051220296,0.4444075637994152,-186.71276638650076,-0.07517230412059575,148.9551310251046,4.207559044615039e-09,1.306554282935631e-08
6.025000000000001e-07,160.29741466626726,0.6026272027373419,-189.0910700781378,-0.07319543663020994,163.0599326586889,0.6159577329011541,-191.91639769431714,-0.07299040474474575,172.9997000686021,4.219155949947489e-09,1.2966944936767978e-08
6.05e-07,172.4111983129953,0.7856663318361018,-199.46783686106667,-0.07062936599635287,172.24976038785107,0.7970400807083841,-196.95653857801415,-0.07053644060335035,189.22507664130072,4.232602331996708e-09,1.2902025015856511e-08
6.075e-07,171.93762933691684,0.9612287324806744,-201.1643550823065,-0.0676066619195353,172.79350657770365,0.9785685582541156,-201.8134108713574,-0.06783023236148573,196.89791067217368,4.2479034273123714e-09,1.288206257036794e-08
6.1e-07,164.4329340689564,1.155558715554433,-205.59707228055046,-0.06414373969824333,165.00849088268563,1.1517983419177844,-206.46877337683577,-0.06489289926826995,195.67140753637375,4.26501308291182e-09,1.2916921257922064e-08
6.125000000000001e-07,151.32215585036303,1.3010494584612502,-212.0307279964459,-0.06192726629950031,149.6812244081016,1.3088176302703822,-210.90604134418322,-0.06174676829088141,185.60100238252286,4.283836180253826e-09,1.3013100184419187e-08
6.15e-07,127.80019777736315,1.4544147388664426,-215.9152236365665,-0.05811348015492064,127.95416904915798,1.4429199343060304,-215.11039195961197,-0.05841529756346676,167.14185459023628,4.30423363467418e-09,1.3172232551503703e-08
6.175e-07,102.53138432324668,1.5648670649687708,-220.05901140830335,-0.055355648564296873,101.19371703543888,1.5488374077181817,-219.06885501890005,-0.054922996604925715,141.12827560269997,4.326029326602849e-09,1.3390318925535435e-08
6.2e-07,67.3707823559991,1.6125430713825983,-221.22691164336425,-0.05147310081258396,70.85972614914779,1.62283714564854,-222.7703880855968,-0.05129532562504926,108.73601994941379,4.349018223384594e-09,1.3657806493999809e-08
6.225e-07,39.54205241714582,1.6652695356183398,-226.28431011371242,-0.04774277135249046,38.39478856456333,1.6627014451674222,-226.20593556957908,-0.047558559784081175,71.42914381900631,4.372974965331927e-09,1.3960451247552973e-08
6.25e-07,5.20198362217061,1.6566033431888336,-228.40429008117817,-0.04397331320018895,5.146236886282563,1.6676266062248761,-229.36847129982013,-0.04373961070084597,30.893833053601696,4.397662303916345e-09,1.4280770183676352e-08
6.275e-07,-28.552482740718588,1.6429156439423174,-231.04506336336402,-0.04002183001348029,-27.673300904711603,1.6380808530056532,-232.25302430730432,-0.039865805516032166,-11.037808611281744,4.4228389644885375e-09,1.4599826161597076e-08
6.3e-07,-57.092450900366224,1.5725839588904134,-235.85796826912264,-0.03540453641355765,-58.98884915082719,1.5756596866977879,-234.85668767831282,-0.03596463184602935,-52.47056646334228,4.448266720550621e-09,1.4899085749270357e-08
6.325e-07,-90.07562645190215,1.4806843733658102,-233.14729672715492,-0.031529548560759284,-87.83867156616004,1.4829672800262548,-237.17861048352376,-0.03206346347177465,-91.53177420250806,4.473716668005762e-09,1.5162130180669086e-08
6.350000000000001e-07,-113.74773653430633,1.3504134686664793,-238.30395211074475,-0.027984027971813947,-113.33664954465115,1.3635375846831725,-239.21997293327874,-0.02818928536431478,-126.45595419307507,4.498974837267511e-09,1.5376055799607793e-08
6.375e-07,-136.8534027631769,1.210470620502805,-236.49757031586986,-0.02453617439968539,-134.63764681955772,1.2217917801879021,-240.9839450526759,-0.02436843694782574,-155.6646130323211,4.523847351613167e-09,1.55324528271021e-08
6.4e-07,-151.89469375925768,1.0618492292700445,-244.44512615478965,-0.02031779876063064,-150.92077586929796,1.0630130425114288,-242.47562931061543,-0.020626389284843137,-177.83758585760685,4.548165321249477e-09,1.562789144716428e-08
6.425e-07,-159.47709743756315,0.8982362130280995,-248.27017252622926,-0.0167582967428843,-161.4011413476596,0.8933085641932809,-243.70198777333707,-0.016987565736868143,-191.97270479175168,4.57178956208279e-09,1.5663876016587126e-08
6.45e-07,-163.92451651820772,0.7236130772476698,-244.412820266615,-0.013097223225671306,-165.37406260121872,0.7195246485798308,-244.6717544841283,-0.013475207750213346,-197.43109464884472,4.594615070721335e-09,1.5646263568713003e-08
6.475e-07,-161.03075322636826,0.5528079944642588,-246.0852753946867,-0.009693980919520388,-162.28821300134382,0.5490845524313112,-245.3953338956502,-0.010111279220973594,-193.96604863773962,4.61657500938058e-09,1.5584193794547356e-08
6.5e-07,-151.6745306187951,0.4074597414007845,-243.4247263762837,-0.00690891395577221,-151.83698996466373,0.3897300800417114,-245.88468629860864,-0.006916395947891595,-181.73417894718702,4.6376437978107835e-09,1.5488648438034603e-08
6.525e-07,-133.29772996901113,0.2729235660010192,-249.7706289624919,-0.004015588205932595,-134.05210790220517,0.24916482524841474,-246.15320129928742,-0.003909762315597113,-161.28833823155782,4.6578388130174945e-09,1.537083908771074e-08
6.55e-07,-109.69931999294258,0.11691753714414434,-244.84449953592446,-0.0003535996761643848,-109.3809313950906,0.13461640970147815,-246.21556049782697,-0.001109096431449144,-133.55263192987496,4.677220190055475e-09,1.5240690548840634e-08
6.575000000000001e-07,-78.41089050517398,0.051658579236081095,-249.2362970574383,0.0012425994506100975,-78.72997393760993,0.052353514910417946,-246.08759060819918,0.0014694722841870245,-99.78065080443437,4.695888311317493e-09,1.5105712027928725e-08
6.6e-07,-42.464659567161334,0.009033173136576178,-248.3341722288809,0.0034919802298755066,-43.46120662702441,0.0072074747110427205,-245.786108338858,0.003811543001984251,-61.49881149316107,4.713978761604948e-09,1.4970504680810844e-08
6.625e-07,-4.686136042023589,-0.00641390945952493,-244.8913115472419,0.0060550897854471895,-5.334679726271202,0.0021549207903170864,-245.3287584193438,0.005904622520209899,-20.43736595367085,4.731654787834313e-09,1.483703402789768e-08
6.65e-07,36.813979258943206,0.04696727758251125,-245.8687349741654,0.0079047063166192,33.60069661297244,0.038015913671989476,-244.73384621214535,0.007738335943468787,21.547801984901664,4.749097597210103e-09,1.4705618263687046e-08
6.675e-07,71.9052116070059,0.12148906754868863,-245.22800975877166,0.009359453763670061,71.15797272584629,0.11331111323222144,-244.02016639041412,0.009304653170416316,62.55905834457678,4.766495109984836e-09,1.4576393068627912e-08
6.7e-07,109.57686734775572,0.22372144543219927,-245.32507896843478,0.010587468595046121,105.18735847748967,0.22430334953239428,-243.2068291903379,0.010598109285282443,100.74278773285408,4.7840300065692654e-09,1.445086792261712e-08
6.725e-07,137.04059363599515,0.36815575628957553,-238.43086666016475,0.012228703800167481,133.7542342650615,0.3652262359528579,-242.31308576189974,0.011615994249496187,134.37317253720428,4.801868035942737e-09,1.4333139097372851e-08
6.75e-07,156.03679205132184,0.514854389100178,-242.33961237302637,0.013339818761100714,155.29747733150668,0.5286788202960729,-241.35815414325435,0.01235848848679967,161.9301959509654,4.820147560047218e-09,1.4230394575347036e-08
6.775e-07,165.75723648988986,0.6909712331055852,-241.10128161443407,0.012878097040054706,168.74827668293074,0.7061444800768631,-240.361047372072,0.012828725896035892,182.1683432714591,4.838971193070066e-09,1.4152521914130674e-08
6.800000000000001e-07,173.78764621906615,0.8899617868196978,-236.003153270522,0.012336261454546337,173.59544082905546,0.8885776499200634,-239.3404052220434,0.013032773709449195,194.17289632814092,4.858400170956093e-09,1.411086190497485e-08
6.825e-07,171.28042390563988,1.0741191953322393,-237.03070717447838,0.013467671477882718,169.89120788338093,1.0669957917776869,-238.31433101457242,0.012979528131571081,197.40127666082347,4.878451788066191e-09,1.4116370355602855e-08
6.85e-07,159.2004976259474,1.2410891205166996,-237.29093931010357,0.012252124385770901,158.20038679429646,1.2330171179030518,-237.30023490485155,0.012680534257706691,191.7075688304619,4.899099909180208e-09,1.417759426187863e-08
6.875e-07,136.88983432364435,1.372336134705215,-237.76953860643974,0.011577260495282996,139.50379728179774,1.379296215762115,-236.31468497850156,0.012149746796228355,177.3491154647052,4.9202782546565e-09,1.4298900524222546e-08
6.900000000000001e-07,116.01418911935326,1.4848580130363094,-233.16046715832002,0.011796749698701835,115.07306960405629,1.4998277350279148,-235.37326742033991,0.011403253301202372,154.97488595717167,4.941885908975715e-09,1.4479315959423049e-08
6.925e-07,88.25827628178847,1.5856605873935012,-235.7891012842312,0.010318525344942802,86.33691817018611,1.5901094708626844,-234.4904569312956,0.010458983165609281,125.5961445287583,4.963794350964178e-09,1.471218079758478e-08
6.95e-07,53.69529056441704,1.6381772468712352,-232.3875348587937,0.008898770320155267,54.7585629518672,1.6471768389307786,-233.67949847380686,0.00933642338182095,90.54074338780826,4.98585526359631e-09,1.498563625999545e-08
6.975e-07,23.6492234337102,1.6569698731281797,-228.2527206698381,0.00786204835049027,21.740207060341667,1.6695373949443306,-232.9523013210655,0.008056356564080738,51.39310683420917,5.007908449002522e-09,1.5283810591583413e-08
7e-07,-13.489398646815197,1.6622229425768538,-231.4480968033061,0.007010770938115634,-11.43585902935578,1.6570440137049767,-232.3193462721806,0.0066406290378435255,9.922618889251545,5.029789328540583e-09,1.5588469846117554e-08
7.025e-07,-45.476845496883996,1.6198248591485058,-231.99050511892904,0.004531528569654148,-43.62766555262256,1.610747186124945,-231.78960677472313,0.0051119483950683485,-31.99634883271809,5.051335712997135e-09,1.5880868137201804e-08
7.05e-07,-74.35459141542287,1.5368814032010694,-229.05907077595842,0.0026489389026134002,-73.82127315714875,1.5327607003115709,-231.37048456928002,0.0034937023624398602,-72.46915445274715,5.072393741445894e-09,1.6143554014203875e-08
7.075e-07,-102.37565254334973,1.4053570645553877,-227.90553453528295,0.002481896852532032,-101.09776257239002,1.4261622999480643,-231.06776033872472,0.0018097855249544698,-109.66651932555348,5.092823066987774e-09,1.636194074528456e-08
7.1e-07,-124.56581418078007,1.2925131673246493,-229.43341775346786,0.00024744122196950684,-124.59508839200564,1.2949344898020778,-230.88555970907962,8.441835760347884e-05,-141.90720726846374,5.1125014799211526e-09,1.6525504526978186e-08
7.125000000000001e-07,-142.07758348059141,1.1428433015523753,-228.4621010589135,-0.0017209711812872738,-143.4807636071867,1.143933879611656,-230.82633481032295,-0.0016580554893075824,-167.7340126081945,5.131329184698048e-09,1.6628521162566976e-08
7.15e-07,-157.445981945959,0.9811543257744151,-230.13033932933342,-0.002927090130305379,-156.94845654356,0.978863756979633,-230.89086146551512,-0.0033934029278375848,-185.97962255878315,5.149232885028312e-09,1.6670286575663316e-08
7.175e-07,-164.9498813515818,0.8041085768005937,-232.8385654305611,-0.004549783656316111,-164.2459879700921,0.8062167948860672,-231.07825193643149,-0.00509776831443813,-195.81937710120164,5.166169698347086e-09,1.665479841609173e-08
7.2e-07,-162.83594113085582,0.626447851313591,-231.92308578715114,-0.007072210552360961,-164.73497290330513,0.6331546473399986,-231.3859830147436,-0.006747967418002221,-196.80854173821044,5.182130747915257e-09,1.6589918039268936e-08
7.225e-07,-159.43803135381452,0.4642368125689831,-227.5631719213858,-0.00820234141637476,-157.97482743633708,0.4672989428779569,-231.80993911092534,-0.008321794764716518,-188.9024084808418,5.1971441081933685e-09,1.6486093310084266e-08
7.25e-07,-142.7907871147733,0.32676347449667503,-229.80885666803172,-0.009883897795705966,-143.81748513356885,0.316422622993863,-232.3444698596856,-0.009798325000291288,-172.4583165476871,5.211276648105424e-09,1.6354800706973253e-08
7.275e-07,-121.74357620133325,0.1825190929641419,-227.6853650048182,-0.010657664810061415,-122.49517113363818,0.18804917378037644,-232.98246163203711,-0.011158186383350808,-148.21950144598637,5.2246342620007244e-09,1.620694337578346e-08
7.3e-07,-92.54809043087909,0.08894170872867596,-233.665523890413,-0.012122055122280902,-94.68277355041921,0.08898670352996407,-233.71542222123142,-0.012383785688956109,-117.281502419272,5.237360020768988e-09,1.605149215628748e-08
7.325e-07,-60.97875970958972,0.04160136373481957,-232.66235969455266,-0.013060609808037735,-61.51896821188485,0.024840425367991175,-234.53357785382042,-0.01345946856603912,-81.04264656843026,5.249629919220309e-09,1.5894649545729224e-08
7.350000000000001e-07,-23.66071054091892,9.678655237055562e-05,-232.78138590615322,-0.013707403185865516,-24.575913516236717,-0.0004422803671971652,-235.42598156905734,-0.014371607015699383,-41.14084765115338,5.261646125234285e-09,1.5739733986081566e-08
7.375e-07,14.805791599809604,0.014595929771002995,-236.26626488082374,-0.014636602273861446,14.224897253454916,0.015062372817388361,-236.3806319106896,-0.01510861487691789,0.6204238898829669,5.273632537917483e-09,1.5587828887897332e-08
7.4e-07,51.87044961874716,0.08015841685921367,-238.33433750224492,-0.015679579268647003,52.74448311284299,0.07102801281215583,-237.384600785783,-0.015660901461081136,42.353653683986856,5.285805396545233e-09,1.5439050036170133e-08
7.425e-07,88.16300479483206,0.16774826619079763,-236.2582188712927,-0.015724307250203618,88.79191919186677,0.16482593638927107,-238.42416926633885,-0.01602078118264303,82.17259478357113,5.2983891097272425e-09,1.5294109764406272e-08
7.450000000000001e-07,118.86295719657271,0.30309367889391503,-240.52930012059466,-0.016142186094750297,120.30378518176354,0.2916616495051704,-239.48497004181857,-0.016182361863457978,118.27752173063114,5.311585550437453e-09,1.5155753608004112e-08
7.475e-07,145.63472712165645,0.4377433822930818,-240.69134331266648,-0.017056608481073387,145.5150321844028,0.4448907801034215,-240.55213517484302,-0.016141435509553784,149.03657404892306,5.325567386404998e-09,1.502965471539597e-08
7.5e-07,163.83230928182866,0.6049474071888826,-243.75848919980527,-0.01607307324060627,163.099673437418,0.6164823508207525,-241.61044776879427,-0.015895392579782782,173.05951262126777,5.34046851462835e-09,1.4924478610219706e-08
7.525e-07,172.34797807744428,0.7884427335823033,-245.46878215434046,-0.01461125162630974,172.26405166005566,0.7975793435444652,-242.64449612515722,-0.015443174571065888,189.26055533164524,5.356377007679876e-09,1.4851042679451137e-08
7.55e-07,174.19532464665656,0.9812518866204935,-244.23063943987134,-0.014800633751906206,172.78250884513182,0.9790959020616268,-243.63882895048044,-0.01478527121166127,196.907451944189,5.373331063745175e-09,1.4820729205640467e-08
7.575000000000001e-07,166.28428771269606,1.1306242364488788,-246.59788342885122,-0.01457300408047291,164.9738823589362,1.1522889876819251,-244.57811016793602,-0.013923759160381362,195.65458014629317,5.3913181321355166e-09,1.4843498993139024e-08
7.6e-07,150.9972457581208,1.3109899864650398,-244.5093079381452,-0.0141372305512671,149.62591404051193,1.3092498726490607,-245.44727189664118,-0.01286237047522348,185.55856689005722,5.410277059916093e-09,1.4925942695835275e-08
7.625e-07,127.23911201911864,1.4365721757267893,-248.9057049520663,-0.012417986232135185,127.88192467476327,1.443276038520046,-246.23166418309103,-0.01160657271374902,167.07572898300722,5.430102820868302e-09,1.5069780595195525e-08
7.65e-07,101.8122107511142,1.5532468098057628,-245.96024497739728,-0.009533264763554922,101.10876844251212,1.5491040890918062,-246.9172001030152,-0.01016363943007977,141.0414486075659,5.450653184725263e-09,1.5271097633432347e-08
7.675000000000001e-07,70.95753198668332,1.6281976204076156,-247.69819876558432,-0.008217619665070452,70.76640149663689,1.623005667688887,-247.49049489839695,-0.008542690519207603,108.63241594882128,5.471756587329929e-09,1.5520424530166788e-08
7.7e-07,37.86300468546884,1.6559423427875122,-247.86285559512737,-0.006289171287659865,38.29723140928284,1.662767421545061,-247.93899787285287,-0.0067546861356786465,71.31344547784666,5.493220477354666e-09,1.5803601459963665e-08
7.725e-07,4.693427794688008,1.676748936968477,-248.32073915718414,-0.004431529358753292,5.048232221193465,1.6675896215834978,-248.25111583850398,-0.004812364954629677,30.771269673418193,5.514839529602305e-09,1.6103231100141085e-08
7.75e-07,-26.68692815045894,1.6509402700995548,-251.66596601851373,-0.0024004624503184517,-27.7683861189498,1.6379440229560136,-248.41632698825202,-0.0027301260405639587,-11.16169744482107,5.536403299379397e-09,1.640046359033387e-08
7.775e-07,-60.83684612958055,1.5700326283543167,-248.82781244016692,-0.0004912415103681011,-59.07802822229236,1.5754292588890948,-248.42528415824805,-0.0005238619898251289,-52.590181257096255,5.5577031069125595e-09,1.667685381528365e-08
7.8e-07,-87.53912380131317,1.4884533951162788,-247.4257275374738,0.0016711688830280142,-87.91923873478255,1.482652340462348,-248.26990654548536,0.0017892422015400146,-91.6417086401938,5.578538141894654e-09,1.6916071285269116e-08
7.825e-07,-112.17782426656706,1.3692798474513788,-244.54020595041627,0.004499305036328577,-113.40606544759622,1.3631498845779424,-247.9434590539426,0.0041909261323787705,-126.55123948846317,5.598720927310421e-09,1.7105299159932337e-08
7.85e-07,-133.68396377826036,1.226827232379795,-248.3901541049777,0.006980551733822094,-134.6934562682472,1.2213456487290268,-247.44061855856577,0.006662067991605113,-155.7409425070563,5.6180823517362745e-09,1.7236211391192013e-08
7.875e-07,-152.39292615789904,1.067657512220546,-248.54863377217208,0.009881293123398485,-150.9605968670908,1.0625253101305625,-246.75752649854337,0.009182879791278378,-177.89150959325406,5.636476459928155e-09,1.7305457082414623e-08
7.900000000000001e-07,-163.39206365434603,0.9028784788555635,-249.5639263674898,0.011091916034478046,-161.4227476431305,0.8927983977603473,-245.89182733870436,0.011733074109121175,-192.00178555825988,5.653785090617514e-09,1.7314612961929762e-08
7.925e-07,-165.87213063150057,0.7219796811112639,-244.82403708041252,0.014432181530482632,-165.37556053372373,0.7190131994558738,-244.84269256928116,0.01429200042622063,-197.43401806179406,5.669922292646336e-09,1.7269600263304053e-08
7.95e-07,-162.63374958639224,0.5462917143191305,-241.731732984937,0.017568697313175115,-162.26829102095635,0.5485943413476793,-243.61083004854976,0.01683875725390121,-193.9426825655219,5.6848382725112214e-09,1.7179613375562482e-08
7.975e-07,-150.9002675243005,0.3973351196663985,-241.54980360171066,0.020010923535707593,-151.79520024644236,0.389284085677351,-242.19847862876415,0.01935229309821355,-181.68557948305548,5.698522469756697e-09,1.7055678431087533e-08
8e-07,-132.12056119353002,0.2488690339892862,-239.32261228219926,0.021668223616421,-133.98912758447867,0.24878529866948368,-240.60938814211232,0.02181151358226658,-161.21670196061535,5.711005260339386e-09,1.690904104575818e-08
8.025e-07,-108.75850331420726,0.13891791426492409,-242.2509731343063,0.025115307730276083,-109.29874855653293,0.1343234945195909,-238.84878495890757,0.02419541286807331,-133.4611966484288,5.722357780694198e-09,1.674965054558027e-08
8.05e-07,-80.45479248615672,0.0497839935491959,-235.68881991548497,0.026771924166957752,-78.63195119372683,0.052163802402854356,-236.9233234636541,0.0264832446439454,-99.67354917898432,5.73268945949351e-09,1.658503289055328e-08
8.075e-07,-42.48720485979259,0.012028312712094348,-234.62991376819463,0.02832316091976194,-43.35199204216473,0.007132654737248511,-234.84102392480028,0.028654741793888484,-61.3808842732728,5.742143034039265e-09,1.641980059970359e-08
8.1e-07,-3.7204488292050555,-0.0013198230278442112,-234.23750626487563,0.03153863517764997,-5.219957825488273,0.002200696585331171,-232.6111973597205,0.030690385463343177,-20.31394318112759,5.750887089795262e-09,1.6255927722008155e-08
8.125000000000001e-07,32.1175051385806,0.057249409251564964,-232.40274329450705,0.0325003529403108,33.71459552413072,0.038181329101743794,-230.24435811662684,0.03257171502266198,21.671141881854474,5.7591064564286075e-09,1.6093740306963574e-08
8.15e-07,71.52033688488409,0.12223193506367169,-228.72271581871522,0.03361424353448312,71.26456336771837,0.11358839709261152,-227.752125008608,0.03428166201300352,62.676740683476105,5.766991075778239e-09,1.593338245444384e-08
8.175e-07,105.32316510906173,0.22485769660084542,-225.5879921976409,0.035897901287851836,105.28053275742984,0.22467831948531003,-225.14711194079928,0.035804885026758215,100.8494935399773,5.77472418045839e-09,1.5776372630751155e-08
8.2e-07,136.8537450691458,0.3760322737179235,-225.01922114062646,0.03685852598865647,133.82876801267238,0.36567923442302575,-222.4428090688594,0.037128079730727875,134.46407895307325,5.782470748562274e-09,1.5626815450991766e-08
8.225000000000001e-07,153.87273471612775,0.5331657664365895,-219.6176219577099,0.038241333362081256,155.34944747406252,0.5291860873177157,-219.65345561456473,0.038240239409019695,162.0011942126057,5.790367207211785e-09,1.549190455048667e-08
8.25e-07,170.26225567910552,0.7025214189756662,-214.37896634008663,0.03889016833582364,168.7753376424276,0.7066798144606241,-216.79390554166633,0.03913284633331152,182.21622441912635,5.798513241502615e-09,1.5381528191936276e-08
8.275e-07,172.15327423627568,0.9041964781970978,-215.49842548911465,0.0407683178664114,173.59692993746427,0.8891141786858066,-213.87948736145614,0.03979998216067248,194.1954962430009,5.806966341503793e-09,1.5307021152408672e-08
8.3e-07,169.23401917300856,1.0874892087272494,-211.0187799326895,0.04019351220820164,169.8680751587232,1.0675076632756881,-210.9258593921899,0.04023835510367666,197.39757387819185,5.815739421357702e-09,1.5279325777246325e-08
8.325e-07,156.85051611367746,1.2447886272773645,-211.27428414346295,0.040212901035820106,158.15497015760417,1.2334809565631502,-207.94886183908721,0.04044725122559892,191.67773070768158,5.824801515777312e-09,1.530696872845452e-08
8.35e-07,138.8260633563588,1.3942221758393882,-201.1094718685488,0.04075116283785442,139.4394858789637,1.3796922215415752,-204.9643670917061,0.040428425296082204,177.2944906169742,5.834081248982422e-09,1.5394291498359278e-08
8.375e-07,114.01517921981326,1.5196488056119921,-202.40384454465723,0.040185261610881526,114.99391174216096,1.5001403701925797,-201.98812965279234,0.040185951889712766,154.8979433032118,5.843472523797639e-09,1.5540293062927543e-08
8.4e-07,87.22991995974989,1.5859712336528324,-197.84286825335735,0.03957847718418213,86.24723428835969,1.5903277402644163,-199.03563711705996,0.03972605901868889,125.50036170130748,5.852841727060313e-09,1.5738286333910274e-08
8.425e-07,53.10103858800585,1.6552803620039538,-200.61251684228301,0.038173524830135246,54.66261759395174,1.647294226543554,-196.1219636097491,0.039056964403313466,90.43044955254011,5.862035707484573e-09,1.5976388481414724e-08
8.450000000000001e-07,21.72331479312485,1.6724142696275146,-189.9236378135694,0.03833871095875873,21.641978404834944,1.6695515597014092,-193.26162707327273,0.03818872901101281,51.27328702130288,5.870889850226804e-09,1.6238709111347153e-08
8.475e-07,-10.253141891921478,1.6514771037910492,-188.70203830400578,0.037508249104408815,-11.532794922543346,1.656956365396078,-190.46845175602553,0.037133134818934724,9.798688681387272,5.879235726930714e-09,1.6507002402921272e-08
8.5e-07,-42.738724417450655,1.5982381881056218,-186.2776417040587,0.03697108999636617,-43.72014199588704,1.6105624552429723,-187.75543721076073,0.035903585335543824,-32.118788072368446,5.886908005435714e-09,1.6762517912076492e-08
8.525e-07,-69.63758668958081,1.5189756414774898,-185.49194793251428,0.03455572511189523,-73.90645885594472,1.5324865867901525,-185.1346350512906,0.03451501982410773,-72.58456874938513,5.893750516874247e-09,1.6987806817612417e-08
8.55e-07,-103.67003533324427,1.4280353283917948,-183.6467649939717,0.033783240249456115,-101.17304856403318,1.425809241235988,-182.61703464612197,0.0329838268070417,-109.76969221580643,5.899621557562019e-09,1.7168291557928925e-08
8.575e-07,-125.5430672947322,1.2897973287127078,-180.52276097733375,0.031620817692640614,-124.65798409615682,1.2945155380055309,-180.2124588466599,0.03132774027592985,-141.99347557264525,5.9043986153189176e-09,1.7293463031080547e-08
8.6e-07,-142.1759600264131,1.1347960944203073,-180.70985906501954,0.030052285802646992,-143.52884634490084,1.1434646308935572,-177.92947075650213,0.029565703473874484,-167.79947719541298,5.907982735555767e-09,1.735761601615185e-08
8.625e-07,-159.55246675766193,0.9826422623204484,-174.47861561545747,0.027122417168815804,-156.9794059512975,0.9783622435786536,-175.7752924479323,0.027717689878008954,-186.0213245787808,5.910302680390131e-09,1.7360068273003298e-08
8.65e-07,-162.70046764942623,0.7975501739796422,-178.77620524795887,0.0261378990009485,-164.25771717465372,0.8057032379358385,-173.7557364228988,0.02580447820251607,-195.83543171764296,5.911318900909171e-09,1.7304840679136062e-08
8.675000000000001e-07,-162.92718325743436,0.6479581957164282,-169.85039507003523,0.023706367103261794,-164.7258458278543,0.6326509801609562,-171.87515049951318,0.023847386528036023,-196.79822331899263,5.9110271698677214e-09,1.7199817834254757e-08
8.7e-07,-156.78244519249844,0.46896694195885447,-168.6589345076299,0.021208373176226755,-157.94393043260035,0.466828048132024,-170.13637668246298,0.021867978495351846,-188.86618339501558,5.909461549723506e-09,1.7055469793326158e-08
8.725e-07,-144.23612719700938,0.3179775344964407,-169.9670208198468,0.019698980989598103,-143.76490532719816,0.31600727733849066,-168.54072444781204,0.019887760404474607,-172.3978220866357,5.906696240247663e-09,1.68832936460739e-08
8.75e-07,-122.45331107264751,0.18328569861297825,-165.5211173870804,0.017861190577741482,-122.42222652984185,0.18771075149311128,-167.08795874060638,0.017927890898420222,-148.1374718215866,5.902845795585818e-09,1.669421179803647e-08
8.775000000000001e-07,-93.98835572158976,0.09086302724783273,-165.6552638187348,0.015747806599341926,-94.5921426647789,0.08874374540865843,-165.77630284870003,0.016008924093326344,-117.1816451837399,5.8980632437733016e-09,1.649721405389011e-08
8.8e-07,-62.22599287577364,0.03545286909410309,-163.76183240752175,0.014720814861248934,-61.41467954792182,0.024707220712494937,-164.60245617948516,0.014150602607816563,-80.92947504140442,5.892535785824577e-09,1.629852334052686e-08
8.825e-07,-24.62642092499349,0.011970617485948095,-165.82339027947066,0.01246946641162622,-24.463175606445326,-0.00045693092385641507,-163.56162682898278,0.01237170965710561,-41.01947692793342,5.886477981293019e-09,1.610148210144519e-08
8.85e-07,14.38595721285683,0.01113723179727438,-162.60782886631222,0.011131858856647518,14.340019727836495,0.015168693621911027,-162.64757869626132,0.010689980447191013,0.7445081290049863,5.88012738218092e-09,1.5907203248181583e-08
8.875e-07,52.08790682642301,0.07765040635223433,-161.0796293758685,0.008538438328017066,52.85551667144942,0.07125091589541864,-161.85269276163461,0.009122064073419645,42.4748431139811,5.873714439822884e-09,1.57158387479627e-08
8.900000000000001e-07,87.7741112590712,0.17469817769723392,-162.25015518760225,0.007425362274169809,88.89250118875356,0.165154350273885,-161.16804201576394,0.007683519569556454,82.28541191818914,5.867479155758271e-09,1.5528143801405977e-08
8.925e-07,119.78158847854303,0.3016675705214015,-157.48638416148668,0.00644374179249531,120.38819165241857,0.2920784988939587,-160.58347939983636,0.0063888249939596815,118.37686749230171,5.861639654003971e-09,1.534691217564118e-08
8.95e-07,146.0127181727408,0.4376343827360362,-158.74598677086908,0.005037066359769387,145.57864710098696,0.44537415656244733,-160.08773799556582,0.005251377319837416,149.1179582354614,5.85638555048002e-09,1.5177868184488897e-08
8.975e-07,162.08411587464565,0.6289042076459017,-157.86594242763937,0.004479212362877351,163.13934052840185,0.6170070513520304,-159.66854258896788,0.004283463622794588,173.1192568527786,5.851868266468777e-09,1.502972843844336e-08
9.000000000000001e-07,174.15396859507612,0.801003593909478,-161.024541420652,0.0031963484124004054,172.27826729867448,0.7981186094899174,-159.312731624729,0.0034961901638629433,189.29595930492061,5.848193848643071e-09,1.491335843628761e-08
9.025e-07,173.74769386856846,0.9750324121604442,-161.4519732136738,0.002487005510409303,172.7714383096207,0.9796231725331795,-159.006388469516,0.0028993643920485115,196.91691548026105,5.845418788331194e-09,1.4840183475812097e-08
9.05e-07,163.88368972924522,1.1544219605201278,-157.80726058018143,0.0018067911600264442,164.93920797095362,1.1527794910278883,-158.73498081363243,0.002501334175503212,195.63767551488309,5.843549012451519e-09,1.4820201366195717e-08
9.075e-07,148.20747407829066,1.3053589003887711,-159.29474985470435,0.002846386382066507,149.5705478552147,1.3096819141401321,-158.48350696186225,0.0023087971086530124,185.51605814200806,5.842541892552297e-09,1.4860034146842811e-08
9.1e-07,129.79830249354356,1.4410507710936868,-160.20874144939347,0.0020884273525616738,127.80963647290355,1.4436318960133698,-158.23664769684746,0.002326599067777988,167.0095374169256,5.842310834180641e-09,1.496142932635422e-08
9.125e-07,100.01175038950655,1.550503135881534,-156.96465730192133,0.002302949493902459,101.02378880763978,1.5493704913647939,-157.97892234257063,0.0025575442324122896,140.95456593149868,5.842731805818449e-09,1.5120496981854273e-08
9.15e-07,73.22421217977954,1.6202740822545623,-154.46554226967288,0.0026748948043007616,70.67305841052796,1.6231738914991873,-157.6948476119616,0.0030022380739624173,108.52876906187254,5.843651069654985e-09,1.5327793009275266e-08
9.175e-07,38.47716102330505,1.6596363268425989,-158.4046701764276,0.002350787237452973,38.1996675695803,1.6628330928988344,-157.36909779174158,0.00365898052406748,71.19771898326944,5.844893391749146e-09,1.5569184541629416e-08
9.2e-07,5.007814561530604,1.6668101345769062,-157.85796924543166,0.005508195874634724,4.950231421030782,1.6675523361921645,-156.98666479964956,0.004523719492781159,30.648694145223356,5.846270123727379e-09,1.582730405901666e-08
9.225000000000001e-07,-28.174005597463726,1.6397563973196094,-159.62230444941412,0.0053099988781989136,-27.863458136696696,1.6378069062161391,-156.53301664435492,0.005590066410967151,-11.285581871903217,5.847586732722845e-09,1.6083334644814796e-08
9.25e-07,-59.36204312120246,1.5853330260361513,-155.8084859965174,0.007256492387303614,-59.16718575994426,1.5751985671922788,-155.99425282671984,0.006849367067724685,-52.709775289078195,5.848649570687013e-09,1.631886687140184e-08
9.275e-07,-86.36402371908744,1.4777123093189557,-155.32855425835314,0.008258487461097457,-87.99977668694662,1.482337167869955,-155.3572552425562,0.008290814212774807,-91.75160689918428,5.849271875125362e-09,1.6517607747183522e-08
9.3e-07,-113.79019919870726,1.377817890340316,-153.76419235714613,0.010323304182874535,-113.47544479389202,1.3627619900041952,-154.6098331815127,0.009901584399589264,-126.6464748234272,5.849279142061721e-09,1.6666778441422226e-08
9.325000000000001e-07,-132.26046736830142,1.2092787190838217,-152.49593331943225,0.011410507672230364,-134.7492220096807,1.2208993688631007,-153.74086106387483,0.011666981037636085,-155.817210497733,5.848514081700099e-09,1.675808990256392e-08
9.35e-07,-151.54391648475607,1.0596979715159334,-152.6798691391618,0.014081185010376028,-151.00036729662506,1.062037482598065,-152.74040761653112,0.013570568635423585,-177.94536310014993,5.8468413474748956e-09,1.6788225571013855e-08
9.375e-07,-162.7275467479089,0.8876971296286581,-153.0325591155331,0.016369551179927656,-161.44429718721474,0.8922881959056223,-151.5998552606023,0.015594289133084265,-192.03079052550387,5.844152127927555e-09,1.6758792178730167e-08
9.4e-07,-164.6822500454313,0.7176339714494716,-149.24785667919753,0.01703327663183281,-165.37699685459393,0.7185017797136773,-150.3120085656554,0.01771855888698246,-197.43686353091968,5.840368532782703e-09,1.6675735052431503e-08
9.425e-07,-162.43538803033695,0.5498168802257556,-148.55929066802068,0.02047244002924434,-162.248304698814,0.5481042272723398,-148.8711907183142,0.019922352792942993,-193.91923992780482,5.8354475263708225e-09,1.654826546551841e-08
9.450000000000001e-07,-152.6103070347677,0.3951667251642338,-149.44632918882678,0.021420168702213208,-151.7533464144481,0.38883825565048263,-147.2733270556196,0.022183288672221007,-181.6369082923345,5.829384004865153e-09,1.6387418439400685e-08
9.475e-07,-132.7399501328531,0.24096326384708114,-143.35164489912856,0.02422128518732229,-133.9260870244019,0.24840599962242052,-145.51601482480208,0.024477729069602595,-161.14500204387215,5.822212517529861e-09,1.6204440443007008e-08
9.5e-07,-110.92608246790812,0.13561562913591632,-144.98313931866988,0.026684931975093917,-109.21651337786986,0.13403086168987868,-143.59857845022495,0.02678091816456389,-133.36970867861788,5.8140071248932236e-09,1.600927447646211e-08
9.525e-07,-79.8962849437182,0.05079538570392796,-140.7755692509744,0.02884621717524242,-78.53388801419312,0.051974414491486175,-141.5221097141027,0.029067168337484767,-99.56640820399558,5.804878981134984e-09,1.5809434729860983e-08
9.55e-07,-43.44269906313753,0.02822459060812034,-143.9616458790858,0.03243009924274959,-43.24275242629489,0.007058185360432554,-139.28949238908302,0.031310104502113044,-61.262932821183504,5.79497141799577e-09,1.5609518874992748e-08
9.575e-07,-3.098919984156028,-0.00017096174909856385,-138.72012291335315,0.03347077397184004,-5.10522883931819,0.002246830083029147,-136.9054109967547,0.03348296565671689,-20.190512388961277,5.7844525690603905e-09,1.541148557717794e-08
9.600000000000001e-07,35.35625056352981,0.03975367845904597,-132.80665579025808,0.035838494675715774,33.82848236008595,0.03834708919191824,-134.3763435054039,0.0355589536919272,21.794473223380887,5.773505867980078e-09,1.5215647109191923e-08
9.625e-07,72.16035707396443,0.10920451636624134,-131.88349489008417,0.03816879286221056,71.37112309969658,0.11386599279242408,-131.71053792166575,0.03751161097001021,62.79439827858815,5.762319035964386e-09,1.5022136620450755e-08
9.65e-07,104.94193484845982,0.23606567189924615,-129.9255836900509,0.03915361699006489,105.3736591841179,0.22505355069196303,-128.91797287284606,0.03931520209438289,100.9561595333176,5.751072396759571e-09,1.4832464438273375e-08
9.675e-07,131.94343849065802,0.38628249878071874,-124.77291752959744,0.040950302366634786,133.903240246602,0.3661324292695308,-126.010302418387,0.04094507277764022,134.55493228465542,5.7399274835999785e-09,1.4650728626579855e-08
9.7e-07,153.5180318541601,0.53260984399082,-123.33815825648233,0.04169964027870102,155.40134676844085,0.5296934761094153,-123.00078546893427,0.04237796036770546,162.07212851873854,5.729016909380643e-09,1.4484115801816654e-08
9.725e-07,168.49689666198475,0.6896748342373509,-118.17008093719204,0.04451661526243362,168.80232331639382,0.7072151914343467,-119.90420032851878,0.043592236294878,182.26403363071344,5.7184363546133985e-09,1.434250448198725e-08
9.75e-07,173.44894642155757,0.8891146948820484,-115.10194358102142,0.043553457475400584,173.59834426701892,0.889650671483124,-116.73674500826135,0.044568069671129786,194.21801949255442,5.708239303435715e-09,1.4237215208879653e-08
9.775e-07,170.3787745793017,1.0693330121192859,-110.00563226793683,0.045843860750110155,169.84487265384584,1.0680194255807725,-113.51592408756406,0.04528751216598901,197.3937931661242,5.698434859057587e-09,1.4179170887299898e-08
9.8e-07,156.89009934243052,1.2209317774498438,-109.17361149429479,0.045211906734966396,158.10949237739663,1.2339446219480221,-110.2604230198413,0.045734515417554605,191.64781691356842,5.688988641168312e-09,1.4176874131122455e-08
9.825000000000001e-07,138.98480869948403,1.3842829970672283,-107.38182571212428,0.04626079930619129,139.3751245025257,1.3800880017487702,-106.98997089337081,0.04589490185321612,177.23979577618547,5.6798264576132905e-09,1.4234639600877871e-08
9.85e-07,113.15584243339664,1.4866775927754496,-105.04356508127856,0.04594777404438681,114.91471643159267,1.5004527406769286,-103.72519276281324,0.045756316335090565,154.8209394979953,5.670840195509353e-09,1.4351439330135037e-08
9.875e-07,89.49706716792281,1.5948427094456368,-96.04076732058257,0.0456372697155426,86.15752575991158,1.5905457193392407,-100.48745276240369,0.04530818840172827,125.40452932829815,5.661895225661483e-09,1.4520562168624198e-08
9.9e-07,54.399891923019425,1.6487260412678866,-100.46110324257727,0.044720083251430946,54.56665983117527,1.6474113110404793,-97.2986892969151,0.04454173257077671,90.32012001675886,5.652838574447315e-09,1.4730106889127953e-08
9.925e-07,21.472805012721896,1.6630676108674434,-92.557753002393,0.043750980294796675,21.543748513123923,1.669565420273636,-94.1812436804565,0.04345000743491665,51.153446966516256,5.6435071857209055e-09,1.496417255302505e-08
9.95e-07,-9.508806385835964,1.6527088839239203,-92.16425096089554,0.04181282117345354,-11.62972212867136,1.6568684222397723,-91.1576836553304,0.04202804406299108,9.67475460515729,5.633735750037518e-09,1.5204512046267318e-08
9.975e-07,-42.768239087573974,1.5987368872757797,-89.24956214575629,0.04074229582021133,-43.812600957611856,1.6103774480709612,-88.25062327297444,0.04027304202304406,-32.241214632031316,5.623363784024135e-09,1.5432383483655755e-08
1e-06,-75.41816090132671,1.506083501658159,-85.67505593490839,0.03944797880335886,-73.99161910829035,1.5322122238867293,-85.48254065598798,0.03818461904452976,-72.6999543907862,5.612241856269537e-09,1.5630356374722806e-08
1.0025e-06,-101.44640574482733,1.4305539228282613,-84.15195955780158,0.035798499394535284,-101.24830163012795,1.4254559678933323,-82.8755951840473,0.03576508987030904,-109.8728217707198,5.600237035697075e-09,1.5783880663292164e-08
1.0050000000000001e-06,-125.13342098462527,1.3021735445284421,-79.23530202398574,0.032592629764458966,-124.72083963451442,1.294096413924138,-80.45144565693022,0.03301974289694352,-142.07968782005236,5.5872377504661845e-09,1.5882482964870666e-08
1.0075e-06,-143.05906722737146,1.1384369213021803,-78.17366151091814,0.02977211922355679,-143.5768818809669,1.142995259614792,-78.23107098476603,0.029957080886082607,-167.86487553805753,5.573158270981896e-09,1.5920500773696567e-08
1.01e-06,-158.95674082286487,0.9732304391857757,-79.43970885502233,0.026389595325640638,-157.0103015701978,0.977860664243249,-76.23459493902742,0.026588994687405585,-186.06295316050694,5.5579429683959485e-09,1.5897300185167533e-08
1.0125e-06,-164.7665833401135,0.8126350211401528,-75.33053626256095,0.02290873136924909,-164.26938697699427,0.8051896775475254,-74.48111646780727,0.022930846006119807,-195.8514090213571,5.541570366803389e-09,1.5816954592139264e-08
1.015e-06,-164.40439206941093,0.6256698691645005,-75.86502824827758,0.01894407365244038,-164.7166554522255,0.6321473760964069,-72.98854703581415,0.0190014454410075,-196.78782720695298,5.524056834597791e-09,1.5687403933176578e-08
1.0175e-06,-160.58075256746332,0.45439842479832304,-72.4697386987866,0.015550163079029766,-157.9129687835223,0.46635728441490315,-71.77345639363823,0.01482292343313151,-188.8298837478112,5.505459588288706e-09,1.551917536143352e-08
1.02e-06,-144.14850062006633,0.3029735139644868,-71.04996214082654,0.010365691600366227,-143.71226286020155,0.31559212847870743,-70.85092811266158,0.010420502355074492,-172.33725956565644,5.485878551775531e-09,1.5323824292290204e-08
1.0225e-06,-122.65538593876394,0.17427792528442784,-69.70667429761372,0.005537958265168004,-122.3492251336499,0.187372585533817,-70.23442614208656,0.005822185952295156,-148.05538371485895,5.465456560159127e-09,1.511233288812412e-08
1.025e-06,-94.9759155739925,0.09893417958516079,-72.80432850228598,0.001002241320123421,-94.50146492867273,0.08850109263279818,-69.935673553619,0.001058386576866063,-117.0817416867501,5.44437744079774e-09,1.4893753156278843e-08
1.0275000000000001e-06,-62.987750704602455,0.027192605913198727,-68.87701056234279,-0.0043667898099786035,-61.31035778584086,0.024574355908490546,-69.96454453815726,-0.0038384891384294724,-80.81627156470606,5.422861648916756e-09,1.4674374368260181e-08
1.03e-06,-23.312644863100846,-0.001672844891286665,-73.29337581891981,-0.009226554708289132,-24.350421423192895,-0.0004712248478320299,-70.32897060826413,-0.008834478683515294,-40.89809001087497,5.401159365278451e-09,1.4457611474188398e-08
1.0325e-06,13.099310005508212,-0.003966621666032462,-66.01380698550543,-0.013336569401905665,14.455139737444878,0.015275368125911952,-71.03486184120479,-0.01389451381845059,0.8685920742069871,5.379546167974788e-09,1.424465786910259e-08
1.035e-06,53.49906720310434,0.08443340934919506,-73.97505626199549,-0.018653351928816272,52.966528569268746,0.0714741495749125,-72.08604387093733,-0.018982875476116032,42.59601577557994,5.358292207504782e-09,1.403575502272371e-08
1.0375e-06,89.85400300747534,0.18007112619275512,-72.08017198117706,-0.02348464022700815,88.99304344928821,0.16548305268543126,-73.48421120475076,-0.024063650238457978,82.39819656782713,5.33767960114351e-09,1.383175649349672e-08
1.04e-06,119.37629784740162,0.2887017769686595,-74.68484976224823,-0.028845157011384275,120.47254293391893,0.2924955785549996,-75.22889730239723,-0.02910118624242004,118.47616652065976,5.317970229975863e-09,1.3635561746495461e-08
1.0425e-06,146.24501597622614,0.4280034647478129,-78.50165964964525,-0.0335393772056374,145.64219523435114,0.44585769292810795,-77.31746171377164,-0.03406054425662653,149.19928355259142,5.299399064061116e-09,1.3453005480225012e-08
1.045e-06,162.5964431125112,0.6172955392996905,-81.700126747688,-0.0390780408702419,163.17893391854645,0.6175318342398188,-79.74509442667147,-0.03890793501313263,173.17893273954851,5.282164262848293e-09,1.32929161147201e-08
1.0475e-06,171.60796943857082,0.8021240970346512,-80.16971763838083,-0.04262689990238909,172.292407305258,0.7986578783008367,-82.50483743018978,-0.04361112817689466,189.33128854714755,5.266419764256792e-09,1.3166269209548318e-08
1.0500000000000001e-06,173.81561389066212,0.9729084597947908,-85.49150908727731,-0.048695130485770836,172.76029498602318,0.9801503694512724,-85.58762335312244,-0.04813981360302987,196.9263012766532,5.2522708556836514e-09,1.3084595948065395e-08
1.0525e-06,163.09185386034892,1.163609793413135,-88.23993930236782,-0.05330920967364238,164.90446774435304,1.1532698517754485,-88.982330891673,-0.05246589374621426,195.62069364881705,5.239772900051308e-09,1.3057994602532205e-08
1.055e-06,148.1212322903972,1.3119436588924842,-92.44798654425448,-0.056195640557084967,149.5151258853061,1.310113754606609,-92.67585659799855,-0.0565636885927167,185.4734761551562,5.228933064232136e-09,1.309318228168187e-08
1.0575e-06,125.93863491866502,1.4284677536137733,-96.73388815378684,-0.06010246701683207,127.7373044806599,1.4439875066934045,-96.65320246196114,-0.06041004154019627,166.94327991812204,5.219714613312519e-09,1.3191997239299995e-08
1.06e-06,100.01082647337616,1.553813940518904,-99.20552795958677,-0.06375458947792764,100.93877816869583,1.549636614485866,-100.8975785841055,-0.06398432526893251,140.86762760880308,5.212043131592952e-09,1.335063762016418e-08
1.0625e-06,68.81466078067957,1.6219716816363567,-108.32736082965337,-0.06756318674025125,70.5796969269956,1.6233418170633382,-105.39052010947779,-0.06726835882821729,108.42507932948455,5.2058139347031225e-09,1.3559746397698935e-08
1.065e-06,39.84201401202301,1.6476275413716759,-107.02499734684386,-0.07005011910213972,38.1020970784221,1.6628984592398872,-110.11201747060525,-0.07024625842405191,71.0819643809603,5.200899952916561e-09,1.3805278062238344e-08
1.0675e-06,2.2777882383456336,1.6849185921831475,-114.10850204820483,-0.07313961919413603,4.852234515053137,1.6675147500809633,-115.04065887479942,-0.07290425246003876,30.526106517409456,5.197159480681547e-09,1.4069953300687916e-08
1.07e-06,-27.101152521886675,1.6504993572294622,-119.3840507713003,-0.0747903440473933,-27.958516932039892,1.6376695028275317,-120.15378386692265,-0.0752304947561475,-11.409461843610766,5.194443372158569e-09,1.4335044037955439e-08
1.0725000000000001e-06,-58.68740535561219,1.57103463197404,-125.64914321027665,-0.07745269554309753,-59.25632174033378,1.574967611654262,-125.42764670477644,-0.07721490813520748,-52.829348512078305,5.192601477047046e-09,1.4582229398432536e-08
1.075e-06,-89.12230674230906,1.477688954164266,-131.2017413842106,-0.07838983614144253,-88.08028540062281,1.4820217622973217,-130.8375882011368,-0.07884908434441648,-91.86146893609592,5.191488311825997e-09,1.4795303179751539e-08
1.0775e-06,-115.78812628743654,1.367761282131397,-135.613028166783,-0.07946174314412499,-113.54478756218602,1.362373901009202,-136.35821461492674,-0.08012625690223937,-126.74166016037083,5.190968110087092e-09,1.4961569729216193e-08
1.08e-06,-133.31690554064377,1.2091084721289878,-143.43299370659545,-0.08089015727203762,-134.80494402307357,1.2204529406354454,-141.96358211465588,-0.08104135254521364,-155.8934169742426,5.190919465026176e-09,1.5072817481926827e-08
1.0825e-06,-152.12011755097095,1.042619438847618,-146.23344850777212,-0.08231211613249412,-151.04008713840406,1.0615495599569884,-147.62738529064217,-0.08159111601828911,-177.99914635703456,5.19123975708028e-09,1.5125799468894214e-08
1.085e-06,-160.57769598485953,0.9073372744715775,-153.65778834325403,-0.08212761964627263,-161.46578996326065,0.8917779586695889,-153.32314815901873,-0.08177429322386039,-192.05971968203292,5.1918494581722444e-09,1.512218188564944e-08
1.0875e-06,-165.63035120299676,0.7212862910408048,-157.51819798588448,-0.08249842882290515,-165.37837155222587,0.7179903893904231,-159.02441608042733,-0.08159185008423318,-197.4396310550985,5.192696245761149e-09,1.5067957266648198e-08
1.09e-06,-163.4994639540617,0.5498700346361987,-163.3270381577642,-0.08045576293730253,-162.22825403085142,0.5476142102377554,-164.70494700978722,-0.0810471994526074,-193.89572073384343,5.193758681571438e-09,1.4972369996764598e-08
1.0925000000000001e-06,-149.20677039358978,0.3849225136299116,-170.33559188223487,-0.08008446806335778,-151.71142847446515,0.38839258998688836,-170.33890050064133,-0.08014640638617972,-181.58816539423762,5.195049053198633e-09,1.484647279782344e-08
1.095e-06,-132.5750063940009,0.22538119409113921,-175.9909346296213,-0.07830712914010797,-133.86298623925995,0.24802692812427551,-175.90102290825808,-0.07889834324581443,-161.07323850963255,5.196614880607974e-09,1.4701513877309975e-08
1.0975e-06,-107.48562932681016,0.13584567399741043,-182.23531303821417,-0.07748671162581271,-109.13422588845981,0.1337385112191837,-181.36682726973893,-0.0773147703681137,-133.27816805655817,5.198538582393931e-09,1.4547422380878056e-08
1.1e-06,-78.84853187347234,0.05171818239890713,-187.56228193845465,-0.07562350523867085,-78.43578443966874,0.05178535117282302,-186.71276638650093,-0.07541032514021749,-99.45922792176569,5.2009348911733456e-09,1.4391684323431852e-08
1.1025e-06,-44.23825604137277,0.005169448211751574,-189.57149689518178,-0.07245858580831242,-43.13348782919048,0.00698406656853959,-191.91639769431708,-0.07320241152401806,-61.14495718345854,5.203945797573005e-09,1.4238856814101004e-08
1.105e-06,-3.523112334979002,0.008552205151764676,-197.78312053594573,-0.07120690958628016,-4.990492823218591,0.002293321266801243,-196.9565385780141,-0.07071099240999919,-20.06707362590043,5.207733063777834e-09,1.4090847708344144e-08
1.1075e-06,35.553013220154355,0.021474814735866713,-199.2254068881046,-0.06863726495273273,33.94235706401733,0.03851319392751818,-201.8134108713574,-0.06795829735936042,21.91779596079443,5.212468642140957e-09,1.3947910001283862e-08
1.11e-06,70.69693059662825,0.12105193627866212,-209.7716241711166,-0.06587583450858286,71.47765186827465,0.11414390032607527,-206.4687733768357,-0.06496846695400613,62.91203108346622,5.218323615794797e-09,1.3810109993261024e-08
1.1125e-06,105.07144608626803,0.23394175732108044,-214.15918086031164,-0.061933647956241566,105.46673771181533,0.22542904316467377,-210.90604134418294,-0.06176716088301514,101.06278567076497,5.225456500625814e-09,1.3678883298881527e-08
1.1150000000000001e-06,133.49816604837184,0.36409797823508844,-214.29989370309104,-0.05820062266652705,133.97765093254355,0.36658582053060185,-215.11039195961195,-0.058381159168603855,134.6457324960792,5.234001873684343e-09,1.3558243954688062e-08
1.1175e-06,155.36885164621384,0.5151260335258588,-215.6389067535142,-0.05429654543228197,155.45317519419805,0.5302009867415066,-219.0688550189002,-0.054837984220973496,162.14299884136173,5.244060299256976e-09,1.3455283006492135e-08
1.12e-06,166.0972673158678,0.7044029019098995,-223.39906658725496,-0.05056480324657587,168.82923369915957,0.7077506111036295,-222.77038808559692,-0.051165565976297435,182.31177088734654,5.255690406553271e-09,1.337976948483512e-08
1.1225e-06,174.03677953724105,0.8937275265968943,-227.24386996542415,-0.04709927887438367,173.5996838261926,0.890187128452148,-226.20593556957925,-0.047391964082702014,194.24046606790967,5.268903748149755e-09,1.3342898707193457e-08
1.125e-06,168.6512533478857,1.0591930955404012,-227.13314588512802,-0.04312298654312731,169.82160038937383,1.068531078862566,-229.3684712998201,-0.04354515129323525,197.38993452611305,5.283662769054232e-09,1.3355451909044806e-08
1.1275e-06,156.11475230815574,1.235236258397843,-231.33526140204884,-0.04010158429507857,158.06395348347723,1.234408114247533,-232.25302430730437,-0.03965285249125208,191.61782745993156,5.2998818871392695e-09,1.3425774256755297e-08
1.13e-06,139.25716159613935,1.3771220222937353,-236.32387219943934,-0.03649848591152206,139.31071318801258,1.3804835565809879,-234.85668767831282,-0.03574242568247692,177.18503096393485,5.317431375378166e-09,1.3558009141463273e-08
1.1325e-06,112.07293592515371,1.49905767513549,-237.40058540479885,-0.031185840274998194,114.83548371019637,1.500764846670462,-237.17861048352376,-0.03184076611961939,154.74387457192725,5.336143489195999e-09,1.3750946374503896e-08
1.135e-06,86.80051731991782,1.5897101325887042,-240.87614838567026,-0.027590712344784614,86.06779262212198,1.590763408252653,-239.21997293327883,-0.027974213248453502,125.30864744757103,5.355820131046405e-09,1.3997684881570518e-08
1.1375000000000001e-06,54.017100764416966,1.634952774855734,-240.67369901096703,-0.024190752313606113,54.470689698234665,1.647528092547371,-240.98394505267575,-0.02416844250183197,90.20975482402714,5.376241304761508e-09,1.4286128918534179e-08
1.14e-06,21.414311924187494,1.664381828345351,-247.7386652132566,-0.021639697904069846,21.445517416315475,1.6695789767334683,-242.47562931061537,-0.020448329578650764,51.03358671715616,5.397173680714839e-09,1.4600181014560837e-08
1.1425e-06,-14.491595603578011,1.6540170251393949,-242.23030869004282,-0.017589470068676893,-11.726640620254399,1.6567801842447003,-243.701987773337,-0.016837782621064973,9.550816709484605,5.418378747621764e-09,1.492139736081324e-08
1.145e-06,-45.4168619854342,1.6049493389709855,-242.97458522915346,-0.013293492443757746,-43.905042413254094,1.610192164547354,-244.67175448412834,-0.01335954617068071,-32.363628463376024,5.43962023225573e-09,1.5230840333964565e-08
1.1475e-06,-73.77975944839628,1.5262202714090238,-243.71056035447737,-0.009140473171861585,-74.07675389156728,1.5319376114676386,-245.39533389565014,-0.01003498836651628,-72.81531133139923,5.460670681726919e-09,1.551088516298803e-08
1.15e-06,-101.71847294439088,1.439013467307994,-246.09313483484223,-0.007594507220059764,-101.32352174904895,1.4251024797169078,-245.88468629860859,-0.006883888147066464,-109.97590794958784,5.48131728228168e-09,1.574678901345994e-08
1.1525e-06,-123.76927554609158,1.2859340138554733,-248.88503976680536,-0.0037267013819784513,-124.78365498597066,1.2936771172919401,-246.15320129928733,-0.003924241268566759,-142.1658439766449,5.501367100325994e-09,1.592788696237998e-08
1.155e-06,-144.3045763432598,1.1336253329392043,-248.06123643663858,-0.0010897224563904896,-143.62487019509715,1.1425257654569365,-246.21556049782703,-0.00117210238552481,-167.9302076103047,5.520651956560871e-09,1.6048325746101008e-08
1.1575e-06,-155.88805237941185,0.9873673029883439,-245.5619189426804,0.0013828535305930477,-157.04114338194654,0.9773590186157106,-246.08759060819915,0.001358524441992506,-186.10450828752394,5.539033081618145e-09,1.6107280912374055e-08
1.1600000000000001e-06,-164.25080653553619,0.7924582984549116,-246.4785741953678,0.003400126788055201,-164.28099736269075,0.8046761133394453,-245.78610833885782,0.0036557417368227583,-195.867309006037,5.5564055681962915e-09,1.6108634931065516e-08
1.1625e-06,-163.99199970362594,0.6399724919955201,-246.9497558420266,0.005361010378598526,-164.7074017682834,0.6316438347574593,-245.32875841934373,0.005709764348881476,-196.77735340619537,5.572702461876845e-09,1.6060135985154656e-08
1.165e-06,-157.55359628501725,0.47200952623625303,-246.67253206745232,0.007655519055956309,-157.88194248971786,0.4658866513480941,-244.7338462121452,0.007512886048168566,-188.7935095535584,5.5878981607098845e-09,1.597211851421336e-08
1.1675e-06,-142.1916956883959,0.3164216119552888,-244.38009148715184,0.009802500488152323,-143.65955774398049,0.3151771760642025,-244.02016639041418,0.009059423917070375,-172.27662900865366,5.602010663552356e-09,1.5855944703850976e-08
1.17e-06,-121.52311603622421,0.17826322252077112,-241.9564399078318,0.010751990093304811,-122.27616696841207,0.18703467559777254,-243.20682919033788,0.010345660250670118,-147.9732371582106,5.615102153541203e-09,1.5722404177369123e-08
1.1725e-06,-93.77761706066892,0.08693764458703089,-242.23704446199963,0.010951831523920288,-94.41074037731357,0.08825874495964234,-242.31308576189969,0.011369800765410552,-116.98179196774288,5.6272774470782745e-09,1.5580359135132867e-08
1.175e-06,-62.63460174108917,0.0320655886152672,-241.72159153706,0.011788505297115889,-61.20600297123074,0.02444183078995166,-241.35815414325424,0.012131963433405843,-80.70303618302614,5.638679983679213e-09,1.5435914513913592e-08
1.1775e-06,-22.757926654599288,-0.001046638267374855,-241.12109568347833,0.012467624297904942,-24.23765101960084,-0.00048516221627148014,-240.36104737207188,0.012634204942386946,-40.77668694790103,5.649485262555399e-09,1.52923094762381e-08
1.18e-06,14.991576695630073,0.020869335789871997,-235.20893164764917,0.0128655042052874,14.570257225561807,0.015382396349958076,-239.34040522204344,0.012880582889560835,0.9926756765025928,5.659896982118778e-09,1.5150573050878593e-08
1.1825000000000001e-06,53.760689345578925,0.06814013440563453,-239.82232070798733,0.012537796745327894,53.07751875055734,0.07169771397357867,-238.3143310145724,0.012877242908502722,42.717171620949095,5.6701159360740895e-09,1.5010795862552615e-08
1.185e-06,88.28408618100114,0.1655982991231858,-237.88648584276703,0.012236918389084016,89.093545923341,0.16581204384899154,-237.3002349048515,0.012632512581029402,82.51094868796204,5.680358568661722e-09,1.4873695033123624e-08
1.1875e-06,120.47770813564036,0.29463260049141815,-235.79491799298478,0.012111442731153601,120.55683898587144,0.29291288880987865,-236.31468497850148,0.012156979520483958,118.57541877650354,5.690824450614613e-09,1.474204752290383e-08
1.19e-06,144.28114121288957,0.4419066679118535,-234.5093480992263,0.011721544970563321,145.7056765569294,0.44634138960733183,-235.37326742033991,0.011463530255594712,149.28054996820717,5.701689992394441e-09,1.4621577825365445e-08
1.1925e-06,162.83906689728374,0.6249530260390405,-233.34507451804433,0.010254304404037478,163.21845359480014,0.6180566999599278,-234.49045693129557,0.01056732967921038,173.2385402580184,5.71309876201867e-09,1.4521014191943381e-08
1.195e-06,173.06549920659978,0.7920026315384309,-234.23214976253266,0.009597707391506591,172.30647168140092,0.7991971505008607,-233.67949847380683,0.009485727362288308,189.36654304438179,5.725154265526269e-09,1.4451239846500494e-08
1.1975e-06,173.9914956306296,0.9757024080146894,-234.112808272084,0.007650041628791151,172.74907888922746,0.9806774933626993,-232.95230132106548,0.00823808588867709,196.93560932966034,5.7379156814735046e-09,1.4423699978389749e-08
1.2e-06,163.80038559156347,1.153215560465081,-229.38017451936702,0.00788330334663153,164.86966170477697,1.153760070467895,-232.31934627218052,0.007575493143302748,195.60363455479916,5.7513967208424744e-09,1.4448412854209825e-08
