time,v_coil,i_coil,v_bias,i_bias,v_coil_clean,i_coil_clean,v_bias_clean,i_bias_clean,v_coil_src,density_state,heating_state
0.0,57.43195721594181,0.15578511532131906,-31.309938848672964,0.012430550716689432,52.926763523670544,0.12534944221500266,-31.59720915408713,0.012782550956095902,0.0,0.0,0.0
2.5e-09,110.58206844800696,0.3176886266355789,-29.922042414917506,0.012041446486117121,108.46942137596098,0.3082821931926811,-30.208747893192577,0.012520849476026467,63.30691932604472,2.0363911941360912e-11,3.756072652337011e-11
5e-09,158.82738224463694,0.5391125119272289,-30.37692531170895,0.011827039687951658,158.97286332656688,0.533208061401319,-28.900653914023135,0.011851426117394896,123.75251006743096,4.224651032595792e-11,7.87545807880682e-11
7.500000000000001e-09,201.41561524426908,0.7572227856934896,-28.046588987090068,0.011177203358587514,201.42511753382536,0.7881009212115595,-27.680341596181783,0.011063954502208264,178.6047691754218,6.623675494584526e-11,1.3247775822023113e-10
1e-08,231.99255038292623,1.0357395855,-26.775307794336346,0.010590634749104395,233.33289909676986,1.05923868262449,-26.55488484470215,0.010157864603904328,225.38449945341281,9.277182008685412e-11,2.1039717497991044e-10
1.25e-08,250.78492194494436,1.35394105123419,-25.124242900631213,0.008880996487280187,252.93699870728108,1.3322170146967283,-25.530963343365638,0.009135224645554631,261.97736362434176,1.2211513493767078e-10,3.251570622810228e-10
1.5000000000000002e-08,257.75858708289576,1.596687231136667,-23.825879414151483,0.007943162912397226,259.34846701973754,1.5929846113022552,-24.614811501724006,0.008000763628878001,286.72944756063043,1.543475257858584e-10,4.880159007027404e-10
1.75e-08,254.6313650960705,1.8221480339779454,-23.859467817739407,0.006704933823349281,252.5893094843375,1.8287845284965014,-23.8121705212353,0.006761719951515857,298.5220134362915,1.893717252196029e-10,7.064733782798031e-10
2e-08,233.24944722332816,2.0509183350795066,-23.646246241100084,0.005106435369805904,233.5357600342213,2.0289043055272105,-23.128243980569827,0.005427545780734679,296.82206412896124,2.2692902033348543e-10,9.824453285949228e-10
2.25e-08,203.75287465101803,2.201818930684656,-22.68665605067619,0.004013600190001946,203.77665946259975,2.1851699464730667,-22.56765731133792,0.004009513097524068,281.7064334760355,2.6662555552890274e-10,1.3113895476044393e-09
2.5e-08,166.966670904155,2.3036759375057487,-21.637142918394932,0.0024618987899418117,165.41157495618188,2.292159683432059,-22.13442150347821,0.0025202752318008465,253.85831356019344,3.0796496902438726e-10,1.6825353558965672e-09
2.75e-08,118.78100665076205,2.3139601865130897,-23.06930955793672,0.0009951086730288188,120.82103481045894,2.3471556876502753,-21.83190134460014,0.0009734362914581024,214.53637598309376,3.503837348104054e-10,2.0801080595735195e-09
3.0000000000000004e-08,70.63056769350231,2.331698614122825,-21.964336938659567,-0.0007806171153321574,72.44337087859535,2.3498883451702706,-21.662788459998158,-0.0006168291743014939,165.51788277535357,3.9328582101528514e-10,2.485242112264356e-09
3.25e-08,23.902651816552872,2.3295646943551325,-23.65156129392452,-0.002276752673476708,22.588911645393587,2.3021523227404153,-21.629079380171493,-0.0022360804499332977,109.01835820012379,4.360739859289218e-10,2.8781872438311868e-09
3.5e-08,-25.83802830339392,2.1950794629337613,-21.128935973898717,-0.004046602756597174,-26.686562692276652,2.2073825826169102,-21.732058820835903,-0.0038698327125197963,47.59145210180954,4.781760606019223e-10,3.2404316505365013e-09
3.75e-08,-71.66977639509075,2.0801031792906697,-22.4618157404317,-0.00557363274671003,-73.6394290935554,2.070270796832385,-21.972288316965443,-0.005503709767845743,-15.986479251469056,5.190657089242783e-10,3.5564629517648974e-09
4e-08,-115.11637163627373,1.912471802757065,-21.82312246720127,-0.0066969901750911,-116.83060188600653,1.8964803122592797,-22.349600307727318,-0.00712355517859472,-78.84185814859836,5.582781970714354e-10,3.8150128916004786e-09
4.2500000000000003e-08,-150.85276472029048,1.6963267276411058,-23.07629961981921,-0.008585475515161296,-155.06847748107467,1.6924855947968893,-22.863097723657106,-0.008715537325493218,-138.13376460401375,5.954224556202902e-10,4.009742182859562e-09
4.5e-08,-187.82777790505153,1.489101111569315,-24.22539767848597,-0.009503891756777409,-187.32684726323237,1.4655263542705304,-23.51115908146094,-0.010266283326257671,-191.18233947141812,6.301910514874208e-10,4.139392478015232e-09
4.75e-08,-214.73488968429797,1.2743864893084018,-23.655867216183008,-0.011836626295513087,-212.66578868630083,1.223634316334983,-24.29144904581985,-0.01176306782277315,-235.58990797435075,6.623695582954083e-10,4.207461083878949e-09
5e-08,-231.81601189962586,0.9945294906579912,-25.060585820493856,-0.01317191153991822,-230.1815414266675,0.9756681562747519,-25.200934371910773,-0.01319406715193074,-269.3493491458569,6.918462685063179e-10,4.221456989166704e-09
5.25e-08,-238.7699014688215,0.7265310940348583,-27.17221671776952,-0.01412710256258956,-239.004187256377,0.7312838830714251,-26.235905097440977,-0.014548670338230815,-290.9348131253764,7.18622355666982e-10,4.191798728132929e-09
5.5e-08,-239.94261082101525,0.5415770703525492,-28.15338226200685,-0.015728248580504225,-238.3509547029851,0.500775736818432,-27.392000809207435,-0.015817819436306606,-299.3706860976229,7.428216546637681e-10,4.130436870707694e-09
5.75e-08,-224.036291157993,0.3049667370397551,-28.017104158157117,-0.016718467315267955,-227.63023921637975,0.29474521888983335,-28.664241766919055,-0.016994336832181146,-294.2756858152686,7.646983890204295e-10,4.049334240020257e-09
6.000000000000001e-08,-208.37944949806678,0.11677688939486221,-29.16171042007362,-0.018425884916195352,-206.5793679799581,0.12358920694171716,-30.047064626620667,-0.018073189368949034,-275.8800946882291,7.846406280198624e-10,3.959003824648441e-09
6.25e-08,-173.61617725956782,-0.02773552038987994,-32.41907340334487,-0.019498693269683006,-175.41003709432871,-0.003163860352530967,-31.534362467884915,-0.01905164052673736,-245.0153515431581,8.031671418070473e-10,3.867358576375717e-09
6.5e-08,-134.1560724788788,-0.07874861974694704,-31.890274974085216,-0.02044720092937672,-134.930973225109,-0.07760506663394551,-33.119528793318985,-0.01992925263150735,-203.07647248191745,8.209975246675218e-10,3.7791317270942605e-09
6.75e-08,-90.94377530507633,-0.08105148505335803,-35.8700761461132,-0.021060148850283265,-86.61863986263299,-0.09419214761925214,-34.79550513617353,-0.02070771970509126,-151.95899933064567,8.407104749891002e-10,3.6960520094101647e-09
7e-08,-34.72994150374206,-0.057129418095948105,-37.80248030102301,-0.021161597940104512,-32.61362011827295,-0.05038924691014684,-36.554831882226736,-0.02139053508503476,-93.97332546593309,8.616095915053164e-10,3.6178014575098997e-09
7.250000000000001e-08,26.179399581541556,0.05564767535955097,-38.1377874750438,-0.021836624475184425,24.36844224118886,0.052899196780540385,-38.389701885896244,-0.02198252232643042,-31.7402712956607,8.829620509083787e-10,3.5435753438894332e-09
7.5e-08,82.24634799098114,0.2062463006517481,-40.78234862730536,-0.02256034222685659,81.20869292354219,0.21117711100319636,-40.292016437934436,-0.02248927888453996,31.92737085503949,9.054110259393225e-10,3.473865807731282e-09
7.75e-08,132.54270445143484,0.4065289685877086,-42.24705019426947,-0.022491531244558213,134.62316299403292,0.4165291981575751,-42.253443123278814,-0.02291659594450882,94.15196855130962,9.310095328950463e-10,3.4119752536739196e-09
8e-08,184.1141941655122,0.6573776424038256,-44.72046160166041,-0.023150388686276693,181.43898718281346,0.6581148049072738,-44.26547509281772,-0.023269922025840856,152.12111168138514,9.603977667999117e-10,3.3647872735641942e-09
8.25e-08,218.9638545112619,0.9155018046016158,-45.778791106934335,-0.023949430247974836,218.87341789459694,0.9229366001812799,-46.31949126211998,-0.023553931848958164,203.21472698894527,9.940699640141269e-10,3.3424929321701358e-09
8.500000000000001e-08,244.13568184300894,1.1883775125672795,-48.86700749759728,-0.02373520916142862,244.7787845053566,1.1967995012617407,-48.406816943649,-0.023772246430952982,245.12349941760323,1.0323466126402683e-09,3.3572465676804242e-09
8.75e-08,253.5173123180433,1.4521464660770307,-50.44575233685502,-0.02409523017491257,257.82102217747104,1.4653501060117682,-50.51878441669478,-0.023927328103372014,275.953247892452,1.0753591306224465e-09,3.4210239280926098e-09
9e-08,255.64551407178962,1.747187500635786,-53.05165399348564,-0.024139972602049805,257.5691404605873,1.7150785369287307,-52.64679294122077,-0.024020548847992818,294.31053799103023,1.123048038315688e-09,3.543181057290963e-09
9.25e-08,245.8743960274143,1.9305352914596232,-55.69638523784972,-0.023582443957604157,244.48637347927925,1.9341742994850726,-54.78236772801873,-0.024052406189828953,299.36566200594774,1.175174123742658e-09,3.7282937821197314e-09
9.5e-08,220.19077884786816,2.0983882197986268,-57.45471051615626,-0.024386684647059616,219.82847555966873,2.113153635263028,-56.91721738793198,-0.024022841736244954,290.89013984376675,1.231340697332395e-09,3.974774454874261e-09
9.75e-08,187.09319750299125,2.240570827266675,-60.09290957104198,-0.023600154119448026,185.46819608931526,2.245213293842138,-59.043289397349696,-0.023931606230531963,269.267045804907,1.291023967751216e-09,4.274550322605208e-09
1e-07,143.55688404263603,2.3005368780932582,-60.83541380218966,-0.029474027197735633,143.67509647907173,2.3263081170509823,-61.15282313556255,-0.029255077426510217,235.47369449764224,1.353607990662367e-09,4.6138213094669375e-09
1.025e-07,95.71623280945589,2.3542479384595207,-63.3822143065017,-0.026977464476646843,96.88488833713559,2.3549900244119755,-64.38526076623546,-0.02683155200400253,191.03746844344514,1.4184206123314747e-09,4.974677661949883e-09
1.05e-07,44.734520802811105,2.3235968385124535,-66.18443993660931,-0.01883781592579711,47.49161279946793,2.332077139162561,-65.97273552238548,-0.01886620625961526,137.9667838653258,1.4854476207464127e-09,5.3385288507695015e-09
1.075e-07,-3.387695798376786,2.2520691675782394,-68.84672752129384,-0.018812966190666025,-2.3104765481035567,2.260238851733006,-67.52811807872371,-0.01859672519368093,78.66031484831895,1.5530435416355252e-09,5.6837816670093155e-09
1.1e-07,-52.49381010612444,2.1533889714780585,-70.10203118297179,-0.018327150328571882,-50.619258974399926,2.1435831343427956,-69.04557873499787,-0.018270637986127432,15.79857873334152,1.6205560272844719e-09,5.992943924627491e-09
1.1250000000000001e-07,-95.58788284570353,1.9988131909285447,-71.03444142657412,-0.0181197053289264,-95.84836717873924,1.9873169598500742,-70.51974999061699,-0.017891094587519238,-47.77721716227126,1.6873831369169173e-09,6.2522182154369e-09
1.15e-07,-139.7496360663742,1.8462031586420737,-71.45068089083189,-0.017491921583294198,-136.6921606529396,1.7975226842920153,-71.94575983194974,-0.0174616955000947,-109.1935916452292,1.7529877647109813e-09,6.452467133377188e-09
1.175e-07,-173.06226246142245,1.6021946101570028,-72.85187105531845,-0.01688291387645397,-172.0527121667261,1.5810584041420233,-73.31926058423322,-0.01698633470043963,-165.67466445244364,1.8169091794692455e-09,6.589626179740204e-09
1.2000000000000002e-07,-200.99130592894008,1.3136755553815644,-74.68422243681756,-0.016910070307772276,-200.95570672129304,1.3455554634700322,-74.63645311101659,-0.016469085785321472,-214.66761971740337,1.878773279742908e-09,6.6646102385886814e-09
1.225e-07,-222.50954145240635,1.11395975444783,-75.383857770874,-0.01560399209736653,-222.4829572051055,1.0994582626703806,-75.89410618497641,-0.015914158032348507,-253.95808743381247,1.9383028193764146e-09,6.6827724332942095e-09
1.25e-07,-235.0763120503498,0.8749804739389467,-78.27766107955908,-0.01540196515354371,-235.74452108183726,0.8520358000929239,-77.08957089627836,-0.015325932674854995,-281.7702279370919,1.995328147650267e-09,6.652973479729545e-09
1.275e-07,-239.72468657177924,0.6282910141298889,-78.33904663155978,-0.01463637454530104,-239.90408049884735,0.6132941395239614,-78.22079000805616,-0.014709071149201152,-296.84699581309434,2.049798094965022e-09,6.586329778576639e-09
1.3e-07,-233.13964949324688,0.39962558723280656,-80.22021595146536,-0.01384489501411684,-234.2590918983152,0.3937345217701731,-79.28630221264693,-0.01406866989309071,-298.5069554881555,2.101789719759703e-09,6.4947449968643595e-09
1.325e-07,-216.95480479037892,0.19695443128225756,-81.10217896634515,-0.013457142693546535,-218.36451258009615,0.2039304511950963,-80.28524128657703,-0.013410423720369227,-286.6750805651895,2.151514918938507e-09,6.389391178595259e-09
1.35e-07,-192.1801844001994,0.06112778157478725,-81.40375833033515,-0.013043887182951163,-192.17807202773548,0.05393362731525988,-81.21733018654207,-0.012740754300001161,-261.8861448459799,2.199321561494504e-09,6.279370420161772e-09
1.375e-07,-156.6516257990153,-0.05141162307204274,-82.18749843692932,-0.011820010664932755,-156.19815059956298,-0.04744366282803688,-82.082870172383,-0.012066862977351229,-225.26055177317932,2.2456869353458083e-09,6.170821958038328e-09
1.4e-07,-110.98404296792428,-0.10428747286167363,-81.93614540875943,-0.011478753742981726,-111.5637297376507,-0.09339019405347489,-82.88272508594137,-0.011396677759201074,-178.45369474619716,2.292428918640948e-09,6.066706890897823e-09
1.425e-07,-61.755361477735946,-0.059372700459943986,-82.99831513785524,-0.010244842687569922,-60.090003849735595,-0.07980212052749376,-83.61830095630722,-0.010738680973543267,-123.58113710937383,2.3401861829328457e-09,5.967385538055705e-09
1.4500000000000001e-07,-1.7594430303310515,-0.0015575131063497293,-83.48746521811013,-0.0098766843678108,-4.222476896581167,-0.005830812458244053,-84.29152114198729,-0.010101624021336486,-63.12299350659197,2.388149589261914e-09,5.871913866188799e-09
1.475e-07,51.88972286587729,0.13170491580497132,-84.94388277128114,-0.009400288180044873,53.09484140458329,0.1258173187287429,-84.90479725857084,-0.009494155263392319,0.18816565266294788,2.435501088871797e-09,5.779773385497534e-09
1.5e-07,108.90650218832057,0.2948575819907253,-86.03252039604155,-0.009149757816194662,108.62738009556331,0.3088892952318455,-85.46099617622501,-0.008924402950349887,63.49082015292775,2.484713920931716e-09,5.692583659965591e-09
1.525e-07,158.8343287511613,0.5214379887234281,-86.30365402226643,-0.008391254471818191,159.11130858456548,0.5339223149379352,-85.96340340449802,-0.008399564362674576,123.9238341699564,2.536567872845131e-09,5.61529529213064e-09
1.55e-07,204.62244977868684,0.8052888347634852,-86.75535872563168,-0.007707757936472875,201.53581006858744,0.788883866585474,-86.4156832121624,-0.007925553277156718,178.75577309431193,2.591570628061209e-09,5.556459291552419e-09
1.575e-07,234.41791303049737,1.0836859881777143,-86.51207958291677,-0.007670681746512925,233.40948133324565,1.0600483169634325,-86.8218358569279,-0.007506750268166313,225.50835815541515,2.650075870158495e-09,5.527400508021494e-09
1.6e-07,255.4882006375328,1.3196079034389714,-86.99477002099721,-0.007338688083914271,252.97552422355048,1.3330108728621668,-87.18615232356478,-0.007145885437260376,262.0684789781893,2.712261763804058e-09,5.540422391675553e-09
1.625e-07,259.82491146384314,1.5961880825091435,-87.04467906246,-0.006936146895460562,259.347665623264,1.593722734737652,-87.51316698909595,-0.006844063469333402,286.78370135982647,2.778122545114475e-09,5.60644357394395e-09
1.65e-07,250.8088407386374,1.8351051337187057,-88.18860044838054,-0.006671850310057197,252.55056041838282,1.829432000193006,-87.80760865007568,-0.00660091980213839,298.5369535326643,2.8474734792672847e-09,5.732626190713138e-09
1.675e-07,233.4324362040828,2.0454870778574374,-88.25645559515681,-0.006328514474083952,233.46278957662508,2.0294331062373083,-88.07435035943003,-0.006414877770182842,296.79701526417784,2.919967950378087e-09,5.920553648856985e-09
1.7000000000000001e-07,201.82186710259597,2.181726265941694,-88.06958031296686,-0.006182767633432877,203.6750194954856,2.185559998575658,-88.31835852879381,-0.006283463048471522,281.6425278017404,2.995124193281485e-09,6.165360094192055e-09
1.7250000000000002e-07,166.5093444552452,2.2942854642271726,-89.56461353296385,-0.006890748744744274,165.28798917408736,2.2923990750474275,-88.54464175666818,-0.006203625818507891,253.75843946733232,3.0723583418746076e-09,6.45596364588338e-09
1.75e-07,121.98219895331974,2.375604218376409,-88.35382199210416,-0.0065498331670409415,120.68271412713501,2.347240189022531,-88.75819984301587,-0.006172023694880332,214.40504755322104,3.1510201630100243e-09,6.776293838220595e-09
1.775e-07,75.02682511360993,2.3770358611963824,-89.49964364484863,-0.006262146328696979,72.29739702346899,2.349820421857502,-88.96397344711018,-0.006185228965171881,165.36103575442488,3.230428085797044e-09,7.10720663457961e-09
1.8e-07,22.774747174656326,2.2960065114269774,-89.05033116571114,-0.006523884465399819,22.441768733658442,2.3019399007766386,-89.16679483760346,-0.006239840098960278,108.84308171629684,3.3099008477608227e-09,7.4286911822966225e-09
1.825e-07,-25.215556671662924,2.2275736909161474,-89.11226566561132,-0.006860319941350623,-26.829260926370168,2.207037822263322,-89.37134017195756,-0.006332496738803763,47.40566825299649,3.3887841077658797e-09,7.721992593992332e-09
1.85e-07,-73.92700005284931,2.089041065213459,-90.73164553017368,-0.006217166658417389,-73.77300770045912,2.0698090854966513,-89.58208372669728,-0.006459815984868885,-16.174373458387496,3.4664715177642976e-09,7.971371809291692e-09
1.875e-07,-116.92907348612316,1.8652343627224408,-90.11724011436965,-0.006798464907627006,-116.95121877633301,1.8959196038715058,-89.80325448055287,-0.006618282365794515,-79.02337032336105,3.5424207859820432e-09,8.165348878110534e-09
1.9e-07,-152.32698616533156,1.722495398190468,-90.11967808659035,-0.006823457188535752,-155.17290466305434,1.6918461192712757,-90.03879542963341,-0.006804131846627731,-138.30069080967905,3.616166014674695e-09,8.297386334484647e-09
1.925e-07,-186.3869254444947,1.4993189387149,-91.30396175327868,-0.007031242347772907,-187.41221927337335,1.4648306170676462,-90.29232598752745,-0.007013270175452798,-191.32713502363123,3.6873279282878325e-09,8.366039785687113e-09
1.95e-07,-210.27137857595332,1.2223744387779327,-90.79856118419718,-0.007701453651677764,-212.72940063010842,1.2229072247850945,-90.56710779390136,-0.007241257894597376,-235.70602844389464,3.755623478178682e-09,8.374631367632913e-09
1.9750000000000001e-07,-230.48230929968943,0.9940671082663955,-91.40943860879985,-0.007299419404165773,-230.2207650074449,0.9749370625508916,-90.86601422303045,-0.007483379968765306,-269.4315461519493,3.820875763929802e-09,8.330504629810561e-09
2e-07,-242.20025711406515,0.6853241027053497,-91.20477648055324,-0.007759938624766407,-239.016545449959,0.7305783329621218,-91.19150384904124,-0.007734799909575636,-290.9793715505293,3.883024375914152e-09,8.243921400550513e-09
2.025e-07,-238.7396270608901,0.5235095616112759,-91.24934951446447,-0.00831299323117419,-238.33435958933637,0.5001267595830279,-91.54559808778272,-0.007990779883747115,-299.3755920024924,3.94213532354877e-09,8.126683531156354e-09
2.05e-07,-230.3674175473338,0.3076435288852839,-90.65217254459695,-0.008061109506117992,-227.58335971856525,0.2941840785297429,-91.92986319651267,-0.008246933030894873,-294.24071746412665,3.998408875644909e-09,7.990612803930426e-09
2.075e-07,-206.78139271002175,0.09640426111895586,-92.44640450886622,-0.008579241682397674,-206.50206202521275,0.12314564384960036,-92.34539677233253,-0.008499464983222276,-275.8068325709141,4.052183094348889e-09,7.846089168763364e-09
2.1e-07,-173.91768341407985,-0.017968777814661673,-92.5785054355663,-0.008721065389362244,-175.30376217035476,-0.0034637561724528,-92.79281884889393,-0.00874536019067673,-244.90710694053254,4.103930731186953e-09,7.700901604940565e-09
2.125e-07,-136.08932320770123,-0.0692153737806538,-93.59978732489792,-0.009171091416632896,-134.79908453706003,-0.07774111476386596,-93.27226764870441,-0.008982475517107158,-202.93813780351485,4.154337113441007e-09,7.559670149956978e-09
2.15e-07,-85.3920045163005,-0.08396147898515793,-92.45959647002242,-0.009388491567593358,-86.46649754473253,-0.09415217368747372,-93.78340000576046,-0.009209517599264241,-151.7968269889,4.205930886576881e-09,7.424023134870596e-09
2.175e-07,-29.766134836098928,-0.06306976341117418,-95.2896243749618,-0.009308229019932985,-32.448454383761984,-0.05017070985688131,-94.32539643061244,-0.009425899263947537,-93.79464528137616,4.257981212008569e-09,7.2935567431284154e-09
2.2e-07,26.999043170606512,0.059897097567172215,-95.49732718441479,-0.009465982796907356,24.53792111722998,0.05328831269377584,-94.89697074770497,-0.009631490604221781,-31.553159205725205,4.309724931788546e-09,7.167395817024453e-09
2.2250000000000001e-07,81.25526437294901,0.25728611194065987,-96.24337197653023,-0.009835994962751048,81.37291085872216,0.21171831867309182,-95.49638419331224,-0.009826298552689293,32.114457809998434,4.361788986308609e-09,7.045976974732849e-09
2.2500000000000002e-07,135.09112855417254,0.42698454410455783,-98.25683895330245,-0.009742853001742376,134.7724569532901,0.41719450407816444,-96.12146382197665,-0.010010121722441942,94.3305744669808,4.416197893041847e-09,6.932559964345678e-09
2.275e-07,181.9147084724972,0.6671018290050248,-97.70345547483592,-0.009977842679099368,181.56444245679734,0.6588686057777532,-96.76962503041872,-0.010182232585886691,152.28316397711868,4.473572563353664e-09,6.8339953024988435e-09
2.3e-07,216.537707536692,0.9051665244413934,-98.30266202747578,-0.009984053783014667,218.96765836454543,0.9237382811048899,-97.43789797076835,-0.010341135732675128,203.35290127001656,4.5343913865295136e-09,6.760446734725068e-09
2.325e-07,245.45001073372595,1.222314709386974,-97.54223652370375,-0.010348063272689254,244.83661093996085,1.1976064413192666,-98.12295758999899,-0.010484439504279726,245.23155052117244,4.598962309099986e-09,6.724043568380801e-09
2.35e-07,256.58629213866107,1.4900318797679533,-97.85757795358442,-0.01091781302913165,257.8398152095461,1.4661207462521426,-98.82115699994381,-0.010608860679081423,276.0262921547028,4.667407369128711e-09,6.736736520818265e-09
2.375e-07,253.5701195990137,1.715214739347826,-100.7652028826116,-0.010631633011894424,257.54898000323806,1.7157751680478073,-99.52856385252029,-0.010710361091497537,294.3452739776526,4.739660709807074e-09,6.8078559774464426e-09
2.4000000000000003e-07,245.39530963014047,1.938702280235267,-100.06306111289841,-0.011155553595786991,244.42986900069596,1.9347652806586697,-100.24099936805604,-0.010784394676443189,299.36051972945023,4.815479568270786e-09,6.941952507787486e-09
2.425e-07,217.88691909338905,2.12226128411751,-100.41156858722681,-0.010946688559575837,219.74034458017724,2.1136148518895883,-100.95407964112884,-0.010826226917167796,290.8453517233366,4.894466334914721e-09,7.137415832346093e-09
2.45e-07,185.07610328787737,2.2088922473604558,-102.40934253124306,-0.01107188684486895,185.35466421258198,2.245528783366109,-101.66325882831428,-0.010831278825326578,269.1846361615921,4.976098714605062e-09,7.386155867401428e-09
2.475e-07,144.81781555952782,2.330938040196847,-102.58666240146351,-0.010753186840736648,143.5432152050688,2.326469917538364,-102.36387380585349,-0.010795445995486456,235.357388059648,5.059764443024385e-09,7.674362856888546e-09
2.5e-07,97.667255669117,2.356815331645018,-103.04406941687755,-0.010528371032569112,96.74187313309935,2.354997408750489,-103.05118987265577,-0.010715350085759022,190.8925219969055,5.144796983106262e-09,7.984126458700867e-09
2.525e-07,47.48010817531975,2.299220681314912,-104.41646883891954,-0.010490903928652878,47.344292695944574,2.3319354707085447,-103.72044706534045,-0.010588493934111529,137.79974865953608,5.230509117808752e-09,8.29554787884006e-09
2.55e-07,-0.7900569847332537,2.2544635920518243,-103.76405889627124,-0.010341401164517292,-2.4560328692572932,2.2599583235526888,-104.36690664728135,-0.010413309843663898,78.47874049419337,5.316222248560169e-09,8.5889470745465e-09
2.575e-07,-52.49280478214808,2.1535533907621316,-104.74151379048907,-0.010567020565051408,-50.75791203584333,2.1431776310583475,-104.98589733287744,-0.01018911000969308,15.6106719781857,5.401290320743186e-09,8.846831152910617e-09
2.6e-07,-95.07263044076569,1.9600781281320674,-105.11475318389276,-0.010010046623081676,-95.97588172164119,1.9868032146259609,-105.5728608115427,-0.00991596510049097,-47.962963361043904,5.485118414389894e-09,9.055407313197762e-09
2.6250000000000003e-07,-138.33525356221492,1.8138631295469305,-107.61325617236511,-0.009690322748114542,-136.80503392653048,1.7969198075768182,-106.12339614314988,-0.00959454859304139,-109.36878198243453,5.567176953312046e-09,9.205545957055091e-09
2.65e-07,-172.47525309973776,1.5809977147578156,-106.30080190031497,-0.009268599593204701,-172.14792816390502,1.5803877545147014,-106.63330260781039,-0.00922598856309155,-165.83138072380052,5.647013037530964e-09,9.293191592451883e-09
2.675e-07,-200.86332652941772,1.3619871891113826,-107.41377962984164,-0.008883877325526287,-201.0304996969365,1.3448407351206013,-107.09862060782001,-0.008811764572021126,-214.79877870433538,5.724260504125156e-09,9.319267505027417e-09
2.7e-07,-224.87681321908317,1.1015948029928275,-106.50050039104127,-0.00861280687291921,-222.53466180248958,1.098725597368007,-107.51567023821136,-0.008353675904894315,-254.0577610488009,5.798649971429049e-09,9.289133015305406e-09
2.725e-07,-233.74335619948096,0.8146732994982191,-108.30675730572227,-0.00811134020229112,-235.77056497519172,0.8513137071412027,-107.88108716445574,-0.007853890858650384,-281.8339111597245,5.8700194097424185e-09,9.211651442249183e-09
2.75e-07,-242.3237528475229,0.6043232159421974,-108.0812955565572,-0.007194845361204404,-239.9021427331517,0.6126130304294696,-108.1918554712484,-0.0073150681663093345,-296.8718103067348,5.9383248680266546e-09,9.09793708203324e-09
2.775e-07,-232.45719065114514,0.38389426613600086,-108.03680740772779,-0.006377364849722262,-234.22741224863125,0.39312573350660407,-108.44533717476054,-0.006740524465886094,-298.4917796942009,6.0036500709704915e-09,8.959886103403257e-09
2.8e-07,-220.27269073179497,0.20388202991421914,-108.19879285131029,-0.006064725411967902,-218.30230140173302,0.203424731104044,-108.63929812198731,-0.006134409226970196,-286.62060039496686,6.066212888103424e-09,8.808657601351952e-09
2.825e-07,-193.27206174569463,0.03676780530646946,-108.88729561465743,-0.005251471004213362,-192.08594303389643,0.053559165772242526,-108.77193003458186,-0.005501843143287533,-261.7948226791155,6.126366335170034e-09,8.653336009800812e-09
2.85e-07,-155.2840103668587,-0.06078143515757403,-107.66697503506633,-0.005118456395927834,-156.0784860272904,-0.04766345981416851,-108.8418684905322,-0.004848978821289008,-225.1365151636468,6.184591899597991e-09,8.50003973725998e-09
2.875e-07,-112.11401975470048,-0.11849162062119627,-109.00977864168979,-0.0041369031446861874,-111.42089116650841,-0.09343892124089717,-108.8482066748837,-0.004182953292800163,-178.3025498662801,6.242716288783308e-09,8.351708028267321e-09
2.9000000000000003e-07,-62.90229533357138,-0.07433950237196181,-109.52899550564885,-0.003795209097032864,-59.930322215159414,-0.07967227158532748,-108.79050477009328,-0.0035117186766086264,-123.40971536344097,6.301370059430986e-09,8.208680585212787e-09
2.925e-07,-0.9815025754809099,-0.04192030719422296,-106.89523343960079,-0.003130752847907224,-4.053988697157877,-0.005525067310711438,-108.66879489716182,-0.0028437573120282775,-62.93904276718211,6.35974467157131e-09,8.06999575965929e-09
2.95e-07,52.07255845441777,0.11785403365372826,-108.80116557010446,-0.0022000534211296546,53.26290377832048,0.12628564500953637,-108.48358156006397,-0.0021877073866545848,0.3763312310410761,6.417021684620301e-09,7.935121120188839e-09
2.975e-07,108.26245913822802,0.3171332322657105,-108.87764383848959,-0.0011646079308663803,108.78529469900162,0.3094967641632692,-108.23583758780053,-0.0015519409997325005,63.67469591464051,6.4756850646210485e-09,7.805665193247718e-09
3e-07,159.32418000221557,0.5063996035049924,-108.07790621478554,-0.0008762240636834969,159.24968333070382,0.5346368299654637,-107.92699561026285,-0.0009441458997826592,124.09510934931474,6.5365036955527965e-09,7.68656829939359e-09
3.025e-07,202.79719824827401,0.8077255848874533,-107.42994873418853,-0.0004119165720058451,201.64641025339301,0.7896669532258166,-107.55893514563707,-0.00037096311011150984,178.9067064432539,6.599981066096761e-09,7.586368900413524e-09
3.05e-07,230.82748314782216,1.0676430959535104,-107.08252519056136,7.508495742416235e-05,233.48595583258682,1.0608579664319413,-107.13396541791569,0.00016227493422814364,225.6321278302892,6.666465528687208e-09,7.516373962535808e-09
3.075e-07,253.18811222424006,1.3389418891480307,-107.05660183619912,0.000687207377973272,253.01393426118364,1.3338046232017624,-106.65480406285135,0.0006516760129156006,262.15949087155235,6.736128874129816e-09,7.48886148848494e-09
3.1e-07,259.77759110810854,1.595228251258604,-106.26000418729674,0.0008394713998380041,259.34674900527824,1.594460638832578,-106.12455191902323,0.0010947794634795025,286.8378419413587,6.8089580328035675e-09,7.51471638319434e-09
3.125e-07,252.1718855458369,1.8159523607248231,-105.60794035039959,0.0011520006816507257,252.51170388131027,1.8300791590437058,-105.54666413724162,0.0014904182849672053,298.5517757713758,6.884760154648694e-09,7.601059813099964e-09
3.15e-07,234.12177986563646,2.033317010053298,-104.56066985474487,0.001872234439570574,233.38972563900867,2.029961522913085,-104.92491787595942,0.0018384819476889437,296.77184922863336,6.9631798275714025e-09,7.749429505763929e-09
3.1750000000000003e-07,205.97488197899136,2.233862623390885,-103.1866625849519,0.0023249857212870075,203.5733044982647,2.18594961960952,-104.26337688237479,0.00213962336393716,281.57851093943555,7.043725939414842e-09,7.954912608102609e-09
3.2e-07,166.3843007599816,2.29501038343574,-103.03251572191841,0.0025446792167344986,165.16434924542298,2.292638012244422,-103.56635328820956,0.0023949593525407374,253.65846519465845,7.125804855018599e-09,8.20638236787385e-09
3.225e-07,123.28281159764595,2.338860208526249,-101.60193250825739,0.002474858802661156,120.54436065037422,2.347324234020635,-102.83836697546147,0.002605811293834783,214.2736344796308,7.208756275774746e-09,8.487728368720171e-09
3.25e-07,72.32759735116595,2.332956123196997,-100.74170484049182,0.002681395492813825,72.15141056589725,2.349752058197868,-102.08410289051811,0.002773522144981107,165.20412345157686,7.291888391443548e-09,8.779773247589302e-09
3.275e-07,21.969908530490354,2.329011730055777,-101.91894505890956,0.002801663070527278,22.294631141786667,2.3017270687252838,-101.30836670467207,0.002899369580923378,108.66776226294556,7.374509646731012e-09,9.06247996779517e-09
3.3e-07,-24.617964007746764,2.1964260247347624,-100.49764932329683,0.002895190221087371,-26.97193868364553,2.2066926929326645,-100.51603923511212,0.002984575778949025,47.21986568917598,7.455955474209077e-09,9.317074124774553e-09
3.325e-07,-74.5555595377341,2.0593626544088246,-99.67496747216822,0.0031832239332505513,-73.90655335929634,2.0693470546477677,-99.71203005273428,0.003030395786057935,-16.36226127991878,7.535609487314191e-09,9.52780268733168e-09
3.35e-07,-118.33763662353756,1.8925170658067036,-97.96241467211279,0.0032948062806072,-117.07179241739091,1.8953586324003202,-98.9012307115044,0.0030382518546439754,-79.204851300949,7.612919667117186e-09,9.683175877710402e-09
3.375e-07,-155.19996207485644,1.6948512154582898,-97.82433995592264,0.0029097314503278874,-155.27727972915648,1.6912064436916103,-98.08846803853416,0.0030098732036484004,-138.46756241642143,7.6874108260152e-09,9.776649129628952e-09
3.4000000000000003e-07,-186.03518930549114,1.467454459325391,-97.67998760650462,0.00338346734225694,-187.49753102831505,1.464134749720994,-97.27845792445453,0.0029474007389035523,-191.4718550429219,7.758694962895072e-09,9.806772387821359e-09
3.425e-07,-214.76553789966138,1.255771938337743,-95.20711659201405,0.0026338755497166944,-212.79294445754311,1.2221800802392824,-96.47576005008595,0.002853424261963419,-235.82205586043168,7.826480993352444e-09,9.77686243259388e-09
3.4500000000000003e-07,-230.5061379244015,1.0085109547204743,-95.68327192530597,0.0027196058874233557,-230.25991286419892,0.9742060000037818,-95.68473397782991,0.0027309340788340564,-269.51363679073455,7.890584791417875e-09,9.694256785103441e-09
3.475e-07,-241.13019225422653,0.7433586381787667,-97.10291621310749,0.0026877315094229553,-239.02882103430198,0.7298729038693563,-94.90949702471558,0.002583186988355104,-291.02381510163474,7.95093964335197e-09,9.569209770118518e-09
3.5e-07,-235.42368342249105,0.48900126325466314,-95.00791728588946,0.0024223176947981394,-238.31767662256775,0.4994779959923557,-94.15388431872091,0.002413505005369359,-299.3803797186192,8.007606273941367e-09,9.413513741072616e-09
3.525e-07,-227.15870670052217,0.2898408121549023,-94.0164685361595,0.0018464085167448493,-227.53638998381524,0.29362324275011226,-93.42141142098455,0.0022250404090303176,-294.20563295140926,8.060780768408652e-09,9.238978934504383e-09
3.55e-07,-206.53173090446796,0.09627481959953296,-93.01513701542744,0.002191396721999476,-206.4246675977788,0.12270246875329362,-92.71523987400292,0.002020549910401372,-275.73346156942955,8.110798169359957e-09,9.055972313381884e-09
3.575e-07,-174.39559765687707,-0.010879907801506236,-90.2299516280346,0.0016505288981751925,-175.1974057740811,-0.0037631947061276274,-92.03814601005865,0.001802222095141433,-244.79876565245937,8.158129416750608e-09,8.872269798868827e-09
3.6e-07,-134.98162691095135,-0.06704116912035796,-90.71932135031155,0.001913055297542631,-134.66712724348272,-0.07787665701803351,-91.39249332518722,0.001571595417709023,-202.79972300834874,8.203467004324567e-09,8.692480337143472e-09
3.625e-07,-85.94925292365032,-0.09374719195571332,-90.69457023949802,0.0010983043429281802,-86.31430532916085,-0.09411167162603196,-90.78020869220758,0.0013295899954929619,-151.63459472017036,8.249328252252517e-09,8.518225492324253e-09
3.65e-07,-31.384871036247265,-0.02170643115797925,-90.71958585756073,0.0012773766186391128,-32.28326252140372,-0.04995165257963499,-90.20276265201001,0.0010766576657958195,-93.61592806817794,8.29498392125758e-09,8.349101119583119e-09
3.6750000000000003e-07,24.43681222906433,0.03943051214888044,-89.97898857323443,0.001050022692959943,24.70739879892733,0.05367790942893453,-89.66115398570633,0.0008130345019154096,-31.366034659103217,8.339673933908409e-09,8.18423940846317e-09
3.7e-07,81.44213470880854,0.21173062642832768,-89.30943854111545,0.0006985827122014728,81.53709881905489,0.2122599377801732,-89.15589873173931,0.0005390618056505032,32.3015320866767,8.38403987499635e-09,8.024091864453027e-09
3.7250000000000003e-07,132.97909576092133,0.3957023044382247,-89.20011093878027,0.00016170923626980196,134.92169312916775,0.4178601264120246,-88.68702377195545,0.0002555287338056037,94.50914314243487,8.430106142900932e-09,7.871939001405017e-09
3.75e-07,180.79007488644964,0.6212986401956375,-89.34585361573149,0.00023609233202414838,181.6898155656216,0.6596226091595783,-88.25406506933082,-3.6015502351319966e-05,152.4451561538715,8.478500377391143e-09,7.734655086000665e-09
3.775e-07,219.33256993486427,0.8748439029018129,-87.60268842983389,-0.00035258682538271487,219.06179786851297,0.9245400401923195,-87.8560705978714,-0.00033302851572436477,203.49099527058294,8.529708848052918e-09,7.622427165887984e-09
3.8e-07,247.14510522840058,1.2312019301601136,-88.00820802359716,-0.000991346863411543,244.89432475691177,1.198413333882979,-87.49160796256315,-0.0006318578340307657,245.33950481120985,8.584048504973028e-09,7.547404330024168e-09
3.825e-07,256.9273830506157,1.4933560285022163,-87.7463445562804,-0.0003882627884559315,257.8584919043142,1.4668912208282703,-87.15877666450882,-0.0009277596532015215,276.0992274461447,8.641651476374853e-09,7.521551662389006e-09
3.85e-07,257.92828098836316,1.7322889601330127,-86.43365991562872,-0.0015223400314358895,257.5287073373154,1.716471530323658,-86.8552249239371,-0.0012150518729051934,294.379893761422,8.702463033877329e-09,7.554208260979015e-09
3.875e-07,244.25615833145335,1.945620928130866,-88.16741986668913,-0.0016200050382491537,244.37326338930424,1.9353559102868387,-86.57817093199033,-0.0014873796200370224,299.35525927016056,8.76625251779571e-09,7.649929163385311e-09
3.9e-07,220.04136458046906,2.1269879377543277,-85.71962076909767,-0.0016871652046247351,219.65212894009204,2.1140756578169446,-86.32442836146267,-0.001738054949870423,290.80044878176795,8.832635315103057e-09,7.80710690705646e-09
3.925e-07,186.70384176337285,2.2789640939939484,-85.65088976382651,-0.0017878852390982778,185.24106760187814,2.2458438272237156,-86.09043592734109,-0.0019604225769423067,269.102120248445,8.901102920165531e-09,8.017655604816352e-09
3.9500000000000003e-07,142.02992311266672,2.314971731609179,-83.70513472354217,-0.001971308873252644,143.411290546465,2.3266312601186536,-85.87229075044775,-0.002148201921351477,235.24098870628492,8.971057531883868e-09,8.267773766430273e-09
3.975e-07,95.8431141121674,2.352313872249113,-85.00118426970494,-0.002069477295981067,96.5988354892714,2.3550043427185345,-85.66578524203764,-0.002295762588307744,190.74750018901963,9.041847614314518e-09,8.539565150488566e-09
4e-07,45.889288027003595,2.364051390474546,-84.93886743700347,-0.0024659241483451933,47.196969306691884,2.331793375519487,-85.46644719418904,-0.0023983042755780816,137.63265905258885,9.112801340616965e-09,8.813151480868081e-09
4.025e-07,-1.6358361559464192,2.2467923135422705,-84.90957600319955,-0.0021775232089114942,-2.601575916707814,2.259677404726205,-85.26958273053478,-0.0024519304379143248,78.29713515790183,9.183255734265427e-09,9.068879116418147e-09
4.05e-07,-52.34185542586288,2.1301223280140595,-85.45694512744126,-0.0023177164671639413,-50.89653805504371,2.1427717826837345,-85.0703217445996,-0.0024536244768301758,15.42275906018434,9.25258043388397e-09,9.289286095532732e-09
4.075e-07,-97.51973451569339,2.009337179971382,-84.83085175396073,-0.0031162968640236184,-96.10335792316155,1.9862891773844864,-84.86366542897764,-0.0024011542524292316,-48.148690624798725,9.320196124603187e-09,9.460613282007996e-09
4.1e-07,-133.28722449661578,1.7932551870449192,-84.79774190515258,-0.00207975525405658,-136.9178593729619,1.7963166985883163,-84.6445354780288,-0.002292942283081423,-109.54392914257582,9.38558859304463e-09,9.573765567601296e-09
4.125e-07,-169.83465460009666,1.6046660340626704,-84.90950529349642,-0.0026027704423785074,-172.2430879091405,1.579716939049132,-84.40782452988216,-0.002127943072935243,-165.98803152755454,9.44831991344049e-09,9.624720967640377e-09
4.15e-07,-201.86320729682467,1.3343018476667574,-84.56250902266248,-0.0016821414748416968,-201.10522845326506,1.3441259144569762,-84.14844740046672,-0.0019055649262171945,-214.92985289211242,9.508038371262178e-09,9.614433667797953e-09
4.175e-07,-223.2585354960414,1.1152520274792248,-83.82339903993487,-0.001648739918797129,-222.5862944190438,1.0979929205148287,-83.86139265316984,-0.0016256622011116871,-254.15733436580874,9.56448837928045e-09,9.548289848380577e-09
4.2e-07,-236.34485537135552,0.8316680405313625,-84.54404934338326,-0.0011925209812286603,-235.79652955323144,0.8505916899163701,-83.54177404263731,-0.0012886073927222722,-281.8974831187928,9.617520928301842e-09,9.435174412262249e-09
4.2250000000000003e-07,-240.0898122446009,0.5506495273555966,-82.5317943118994,-0.001001787689956387,-239.90011945175968,0.6119320887633647,-83.18488137023613,-0.0008954338269507426,-296.896507600086,9.667104200771316e-09,9.28621699273788e-09
4.25e-07,-234.71260203364514,0.39485102178364384,-83.07482322688314,-0.0004545600717671649,-234.1956431108584,0.3925172051037197,-82.7862302918113,-0.00044802258973562585,-298.47648606041895,9.713333060566142e-09,9.113322295012522e-09
4.275e-07,-220.0313276075331,0.1517061792985982,-82.12802239678408,0.0002343757049361124,-218.240000276695,0.20291935882745543,-82.34161062556835,5.0705146324100714e-05,-286.5660070714702,9.756435420382721e-09,8.927651215917693e-09
4.3e-07,-190.4302636567387,0.08292568500067396,-82.59489638018077,0.0010523689570463351,-191.99372837049498,0.05318512921306949,-81.84713271914389,0.0005966345962456567,-261.70339715980145,9.796773147832236e-09,8.73828410829901e-09
4.325e-07,-153.8111788843764,-0.04991016450227684,-81.12606751190252,0.001601835238829658,-155.95874568629682,-0.04788277213225336,-81.29927145009914,0.0011843839625980065,-225.0123896737846,9.834835304324355e-09,8.551331071043771e-09
4.35e-07,-111.03387481129205,-0.13727238634948527,-81.46645381338385,0.001766024236289015,-111.27799267195903,-0.09348712777988116,-80.69490745305745,0.0018073417323105651,-178.15133459534053,9.872460490871237e-09,8.369721048593132e-09
4.375e-07,-58.458358496883896,-0.09627085988298395,-79.48612556642992,0.002659963974695401,-59.77060204860664,-0.07954189454411822,-80.03136518934637,0.002457828388944455,-123.23824489730787,9.910273972125316e-09,8.193783807783671e-09
4.4e-07,-5.186966325110216,-0.0006184513394308106,-78.83835647255526,0.0027183284265675533,-3.8854877470344746,-0.005218817786621424,-79.30644750110577,0.0031273762065075687,-62.75506718043285,9.947470384491395e-09,8.022549979270219e-09
4.425e-07,54.04394567659157,0.15215257105791907,-77.21345460335075,0.0033973312307066105,53.43095055968217,0.1267544208424547,-78.51846632116164,0.00380710103907466,0.5644966608501262,9.983233269515316e-09,7.855482378022173e-09
4.4500000000000003e-07,108.68489795900368,0.3075010374747646,-78.33219121070091,0.0044550407883015815,108.94316510394076,0.3101045996817714,-77.66626924228555,0.004488124049245836,63.85854653859329,1.0020059533660096e-08,7.694187053375708e-09
4.475e-07,159.31439570066993,0.5094950557037293,-76.39043826120121,0.005081996694466457,159.38798749279164,0.5353516061056597,-76.74926168448687,0.005161991967667025,124.26633553788966,1.0058709205921736e-08,7.543602055505588e-09
4.5000000000000003e-07,205.79718204064753,0.7571978571970467,-75.46761704460988,0.0057882154885122,201.7569180325884,0.7904501807054259,-75.76742443641035,0.005821043441546544,179.0575691626628,1.0099683536024498e-08,7.412260842347381e-09
4.525e-07,231.9853056557094,1.028656793454878,-75.63547920054873,0.006654167010713179,233.56232256032592,1.0616676305822565,-74.72132638641456,0.0064586765531860196,225.7558084291728,1.014332743132721e-08,7.3114596579887914e-09
4.55e-07,250.6621347065855,1.2785404359226022,-73.36626399205795,0.006799347593136364,253.05222880921843,1.3345982652763586,-73.61213230013836,0.007069487413625369,262.2503992684988,1.0189808163561462e-08,7.253457926545758e-09
4.575e-07,261.2372371683342,1.5919839897049757,-72.59322678223451,0.007799375721168082,259.3457171780725,1.5951983231834217,-72.441605543966,0.007649269334585302,286.8918692838539,1.023910722230538e-08,7.249113497029652e-09
4.6e-07,253.65684455009267,1.8193372014505242,-71.30300602682462,0.008238786064932693,252.47273990598615,1.8307260047024667,-71.21210569740533,0.00819488309417151,298.5664801465742,1.0291025562162956e-08,7.305513136916616e-09
4.625e-07,234.02829924472124,2.024331846937089,-69.51040781053388,0.008664531094499096,233.31656827020458,2.030489555281133,-69.92658104160942,0.008704027648353855,296.74656603226254,1.0345200998257877e-08,7.424155465986144e-09
4.65e-07,204.6025889969473,2.2058007478563884,-68.56302828111824,0.009081636673994803,203.47151452997224,2.186338809381837,-68.58855595572452,0.009174954114463072,281.51438291439473,1.0401135251006675e-08,7.600087308525676e-09
4.675e-07,161.83701504227014,2.303947026729403,-67.4762349874982,0.009377133599770947,165.0406552333923,2.292876494911852,-67.20211329702948,0.00960617174597103,253.55839078163916,1.0458227308795542e-08,7.822143928400131e-09
4.7e-07,120.5380151277801,2.333573571984166,-65.88836744182082,0.010248942215478417,120.40597444213293,2.3474078226106427,-65.771871884574,0.009996192068894046,214.1421368142035,1.0515809474556214e-08,8.074182167405856e-09
4.7250000000000003e-07,69.8846936968128,2.3263256258153735,-63.461775891691055,0.010726688571597745,72.0054115624825,2.349683254226927,-64.30295924882142,0.010343347004103887,165.04714592875862,1.0573182705996174e-08,8.336998980710046e-09
4.75e-07,22.401922647929002,2.335148473199805,-62.47551661184278,0.010412252777456232,22.147498918645955,2.3015138266824806,-62.80097985129659,0.010645700684522266,108.49239990928073,1.0629648573043193e-08,8.59053934799586e-09
4.775e-07,-27.782106189006587,2.1974167736472534,-60.297595688921895,0.010742050982311261,-27.114595923529432,2.2063471947734463,-61.27197901804924,0.010901055832422485,47.03404448370137,1.0684536185677514e-08,8.816018229247925e-09
4.800000000000001e-07,-74.3173547239749,2.0689925193578014,-60.025610695605835,0.011466571385684075,-74.04006603682308,2.0688847044803675,-59.722402868531184,0.011107037491369235,-16.550142641890563,1.073722358739219e-08,8.99767831658612e-09
4.825e-07,-116.6704148970539,1.9225950469300441,-57.70428956087521,0.01125148986396008,-117.19232278129313,1.894797398082561,-58.15905455690656,0.011261222936839966,-79.386301009715,1.078715414879294e-08,9.124030646879423e-09
4.85e-07,-154.95722758483902,1.6439774718267337,-56.822237708021184,0.011324686019183898,-155.38160265460738,1.6905665683347277,-56.58904717555903,0.01136127926791851,-138.63437935836492,1.0833849244156682e-08,9.188535283286458e-09
4.875e-07,-188.0433925439299,1.4630481700728093,-54.25494106497201,0.011640136944493519,-187.58278250458653,1.4634387525456385,-55.0197537003431,0.011405070815704887,-191.61649947215568,1.0876918823772738e-08,9.189749466757121e-09
4.9e-07,-212.7503067437029,1.224045708392738,-53.27010608515814,0.01136775010245114,-212.85642014568157,1.221452883047675,-53.45875438367218,0.011390706915720394,-235.93799017815445,1.0916071362552777e-08,9.130998952216485e-09
4.925e-07,-231.05061017545546,0.9666696416062326,-51.61699566362152,0.011710500858346441,-230.29898497520574,0.9734749690122895,-51.91378202461953,0.011316515151177238,-269.5956210298047,1.0951124117172807e-08,9.019631076403297e-09
4.95e-07,-239.8537042777338,0.7248922632310718,-49.15080577808451,0.011411043279895424,-239.04101399097848,0.7291675961898402,-50.39266556461777,0.011180943090855938,-291.06814376114687,1.0982013787524938e-08,8.865910158947088e-09
4.975e-07,-240.7424262228434,0.4810321432850204,-50.38653304742567,0.011179334125081647,-238.30090579079965,0.49882944644488186,-48.90327247290264,0.010982409375331386,-299.38504924411353,1.1008806738144751e-08,8.681638346616463e-09
5e-07,-226.14785838351736,0.30098698551082764,-48.05898434936521,0.010544776386061864,-227.4893300106239,0.29306271193030503,-47.45345039742304,0.010719139280212292,-294.1704322909676,1.103170709860385e-08,8.478635548540147e-09
5.025000000000001e-07,-205.17923002144283,0.12537647300801183,-46.4109000163369,0.010330190505825843,-206.34718471015958,0.12225968198884508,-46.05096856441995,0.010389027751015835,-275.6599817127399,1.1051060519329997e-08,8.267279015033687e-09
5.05e-07,-174.32258809235665,-0.014132974600896221,-45.42372096731654,0.010299373588399236,-175.09096793467293,-0.004062175685962869,-44.70345941319652,0.009989572652315542,-244.69032772171045,1.1067351249356084e-08,8.055357060406895e-09
5.075e-07,-133.44906033971566,-0.06623337745862265,-44.725114911006905,0.009637186237441196,-134.53510139116855,-0.0780116932204933,-43.41836095172468,0.00951791236536097,-202.6612281510645,1.1081295641859478e-08,7.847495278789243e-09
5.1e-07,-85.98534124924039,-0.0879826050856183,-42.456127777249314,0.008850805405310263,-86.16206327916561,-0.09407064136872909,-42.20286031366608,0.008970986195312418,-151.47230258850598,1.109541807808702e-08,7.645338593095787e-09
5.125e-07,-27.748980382782655,-0.05672493927318413,-40.56926300993889,0.008735525791515755,-32.118044607478694,-0.04973207513237314,-41.06383898816477,0.008345815913465717,-93.4371738968949,1.1109011047258043e-08,7.448515126177566e-09
5.15e-07,24.877469284084334,0.08384395385944991,-40.745583557603226,0.007450490061118086,24.87687520238797,0.05406798681106607,-40.007820180473544,0.0076398856194035865,-31.178897729666435,1.112133951001307e-08,7.256199548412316e-09
5.175e-07,81.8198890201954,0.21915546424653673,-39.51519121899873,0.006770338200880514,81.70125671984748,0.21280196803791637,-39.040918744219645,0.006851578657814757,32.48859361122165,1.1133083562102475e-08,7.068895973966517e-09
5.2e-07,133.17376943298268,0.3925853931491438,-37.966010848466205,0.005855014048084514,135.07087144353903,0.41852606478007937,-38.16879410504158,0.005980617840466482,94.68767450717492,1.1146293279085976e-08,6.889946024090598e-09
5.225e-07,181.88225459985355,0.6891093244622603,-37.42940307434511,0.004782164798609849,181.81510644467826,0.6603768146078765,-37.39660657062374,0.0050284509807360725,152.60708814768995,1.1161630845726656e-08,6.726290692065798e-09
5.250000000000001e-07,218.99189034514913,0.913924459076128,-37.61037030055682,0.004296411168275359,219.1558363610244,0.9253418769645203,-36.728977394025506,0.003998528611813067,203.6290089361286,1.117962027524565e-08,6.5881859354224874e-09
5.275e-07,245.61635470999673,1.172330609280843,-35.443768663789626,0.0031797959350905987,244.951925933399,1.1992201784726457,-36.16995292589462,0.0028964340353716186,245.4473622450968,1.1200619459706552e-08,6.4878488405183816e-09
5.3e-07,257.0537871305608,1.475844553681762,-35.89659408996992,0.002112742540123184,257.87705226266655,1.4676615292897022,-35.72297315693867,0.00172984540275013,276.17205373798504,1.1224804646810401e-08,6.437309637277173e-09
5.325e-07,258.58781743772334,1.7356719020419928,-36.02429522159029,0.0008178491316141164,257.5083224858999,1.717167623361459,-35.390844915200525,0.0005083321709022555,294.41439732867155,1.1252168359182198e-08,6.445969410916614e-09
5.35e-07,243.1248194340838,1.9179660333078254,-34.73406758307057,-0.00048620748457958436,244.31655668664538,1.9359461880490323,-35.17571994356213,-0.0007569896995980555,299.3498806301553,1.1282530244224075e-08,6.518443342803749e-09
5.375e-07,217.31347697571337,2.1159432398599725,-35.261512449939524,-0.0023680874062643716,219.56382869411985,2.114536052809219,-35.07907804182611,-0.0020539015889253077,290.75543103678694,1.131555894373032e-08,6.653184741965122e-09
5.4e-07,188.2652120331052,2.2129725561926756,-35.005328844359475,-0.003203592578679003,185.12740631906772,2.246158425266195,-35.10171541505224,-0.003369572028786853,269.01949809804347,1.1350802011415384e-08,6.842172000294308e-09
5.425e-07,142.3577651293897,2.3415242795094646,-33.078695873435144,-0.0048048841785313726,143.27932256644812,2.326792144725945,-35.24373832592625,-0.004691037115531139,235.12449648350506,1.1387720331806781e-08,7.0716739238431675e-09
5.45e-07,95.13996373039068,2.358237091287094,-35.78552976577599,-0.006143637639745658,96.45577546533872,2.355010826324237,-35.504562104192885,-0.006005622545528181,190.6024030770448,1.1425723469222818e-08,7.32387214213799e-09
5.475e-07,46.34145308211843,2.3392985629943155,-35.68579671391474,-0.007699362705186995,47.04964268461342,2.331650853666447,-35.88291552098315,-0.007301271968541936,137.46551511044564,1.1464202869922157e-08,7.57897417176599e-09
5.5e-07,-2.7480090221320683,2.267789879623482,-36.93130955309136,-0.008309507026151894,-2.7471056457771894,2.259396095376706,-36.37685049059792,-0.008566764724504876,78.11549891114339,1.1502560735731844e-08,7.817419291609974e-09
5.525e-07,-49.453098240064094,2.107998181542466,-36.53393282502498,-0.009367891108225978,-51.03513699530109,2.1423655893850624,-36.98375701737234,-0.009791825750800672,15.234840053521953,1.1540233500395724e-08,8.021843947616695e-09
5.55e-07,-95.3920927937131,2.0058205146564587,-37.78462596547372,-0.010897101366189748,-96.23079575302175,1.9857748483282123,-37.70038326102491,-0.010967148033156461,-48.33439888021196,1.1576709956287985e-08,8.178590792533736e-09
5.575000000000001e-07,-138.41419619009463,1.7634308656323596,-39.221019485740165,-0.012337526015893937,-137.03063696617988,1.7957133575615343,-38.5228605507799,-0.012084360406573699,-109.71903305651072,1.1611544992637135e-08,8.278667648072959e-09
5.6e-07,-178.35992743779065,1.5742660906811505,-39.215832438724824,-0.01306988985767167,-172.3381913784833,1.5790459580104463,-39.446733136909934,-0.013135978772597449,-166.1446168018616,1.164437045570725e-08,8.318154437262774e-09
5.625e-07,-203.58778237368347,1.3375913736924132,-39.61558375151646,-0.013815947906264446,-201.17989296709467,1.3434110017720255,-40.46699242854708,-0.01411537620322356,-215.06084222898815,1.1674904739004292e-08,8.298104230772514e-09
5.65e-07,-223.01267359123364,1.095065625953519,-40.49702337108556,-0.014908811358699686,-222.6378550322713,1.097260232427322,-41.57811542898932,-0.015016797706492363,-254.2568073455255,1.1702962359001152e-08,8.223997243101882e-09
5.675e-07,-234.52977475843156,0.8520088686913719,-43.42394848523423,-0.016277404370306576,-235.8224147955401,0.8498697487510352,-42.77410704462403,-0.015835430673794258,-281.9609437891988,1.1728464058436618e-08,8.104805912516561e-09
5.7e-07,-239.91233301034413,0.5982331311586107,-43.675053438002486,-0.015982754824141958,-239.89801063906884,0.6112513148625812,-44.04854591129148,-0.016567525154353824,-296.9210876833982,1.1751447064959048e-08,7.951739510848575e-09
5.725e-07,-233.30161851847024,0.4035384343006729,-44.641121090523946,-0.01710641554841703,-234.1637844778328,0.39190893688661677,-45.394633352709164,-0.017210542410850706,-298.461074592847,1.1772074218388165e-08,7.776773491848616e-09
5.75e-07,-218.44978354506844,0.201884879897891,-46.63730937271498,-0.017851951694199796,-218.17760921009105,0.20241433465898737,-46.80524505971825,-0.017763298768266822,-286.5113006162526,1.1790639968860381e-08,7.591130228166641e-09
5.775e-07,-192.0429357776423,0.06792887284656993,-48.035306760641454,-0.018154539089584424,-191.90142805815023,0.05281151787890887,-48.27298505681859,-0.018226066853585233,-261.61186832413074,1.1807570909144592e-08,7.4039426716318736e-09
5.800000000000001e-07,-155.86016542458808,-0.002491532053521525,-49.42381705479283,-0.018590160865666863,-155.838929614589,-0.0481015996136268,-49.79024150392489,-0.01860059901495616,-224.8881753525931,1.1823418638843287e-08,7.221365837098221e-09
5.825e-07,-111.74127919311219,-0.08098838839527334,-50.492765846738145,-0.01878472075407547,-111.13503430933122,-0.09353481359028502,-51.34924386665516,-0.018890047686033577,-178.00004899307373,1.1840087398984988e-08,7.046367677004764e-09
5.85e-07,-59.35619108111609,-0.045007874435282806,-52.9402344579062,-0.019360436392211664,-59.61084342042066,-0.07941098942175295,-52.942120977884294,-0.0190987730592818,-123.06672577866742,1.1858249424766277e-08,6.879312950217915e-09
5.875e-07,-3.487433521994652,-0.009100560001921488,-53.6060732915075,-0.0191646241471287,-3.7169741270972114,-0.00491206400291649,-54.56095950683992,-0.019232046928511437,-62.57106681898109,1.1877152965237665e-08,6.719264653543315e-09
5.9e-07,52.2862329051383,0.1013092993180883,-55.72353306334963,-0.018905427992344202,53.59898166346253,0.1272236460197881,-56.19786234974833,-0.019295679657819607,0.7526618678037704,1.1896031854468584e-08,6.565715641551309e-09
5.925e-07,107.18419686678074,0.2996158075711855,-58.030107392316,-0.01905606488906032,109.10099122805904,0.31071280150598996,-57.84500645796005,-0.01929561164542886,64.04237195220114,1.1917441823736388e-08,6.420298543538136e-09
5.95e-07,161.69177786928122,0.5278040212036615,-58.87427973611341,-0.01967387922209664,159.52622099867577,0.536066643027778,-59.49469962557911,-0.019237518693068483,124.43751266808235,1.1942177157407238e-08,6.287972033610432e-09
5.975e-07,199.88194044592055,0.7559191102283074,-62.46984229541327,-0.01932019078255227,201.86733335057255,0.7912335486728298,-61.13943576883867,-0.019126480769011238,179.20836119297735,1.1970776932839922e-08,6.177280890995569e-09
6e-07,232.26854579543303,1.0588834311076796,-63.32311409004852,-0.019048194813659245,233.63858148206117,1.0624773090718616,-62.77194824369377,-0.018966755562689723,225.87939990323778,1.200361931849737e-08,6.099520011269372e-09
6.025000000000001e-07,254.43214208867565,1.356179467943259,-64.46161603497819,-0.018442931127629073,253.0904078567648,1.3353917987796127,-64.3852607662355,-0.018761683210684995,262.3412041331425,1.204090011587687e-08,6.066932306746923e-09
6.05e-07,257.23808211546384,1.590595648452408,-65.46428799311195,-0.018462423731166494,259.344570154005,1.5959357875415854,-65.97273552238549,-0.018513729099782224,286.9457833659823,1.2082624477000226e-08,6.0903430043209115e-09
6.075e-07,253.83211258931712,1.8291550524501894,-65.67830148787165,-0.018162927173045088,252.43366852533043,1.8313725369922744,-67.52811807872367,-0.018224651004900665,298.58106665245487,1.2128612041198049e-08,6.176790977788415e-09
6.1e-07,232.927181056044,2.045008629923178,-68.40339305389513,-0.01778568954371824,233.24331751908642,2.031017203240957,-69.04557873499782,-0.01789575850729087,296.7211656850472,1.21785142427474e-08,6.327714052531247e-09
6.125000000000001e-07,206.11671402564957,2.2020870135100177,-69.67312902513243,-0.017834072257193138,203.36964964966134,2.1867275678650135,-70.51974999061702,-0.017528219777310984,281.4501437519327,1.2231841288075276e-08,6.5380886223117185e-09
6.15e-07,164.2790902458073,2.3091407007259916,-71.63771690217835,-0.01688980042150426,164.916907201205,2.2931145230841703,-71.94575983194977,-0.01712336556280459,253.45821626778218,1.2287995470131008e-08,6.796673244928998e-09
6.175e-07,119.01668324803403,2.336892948506772,-72.97373573511852,-0.01661486076866301,120.26755556435556,2.3474909548733427,-73.31926058423319,-0.016682943427912746,214.01055460885044,1.23463071863163e-08,7.0872445301457514e-09
6.2e-07,72.20860475109576,2.327710138011097,-73.86779290177573,-0.016501089222093986,71.85940006980448,2.349614010053953,-74.63645311101656,-0.016209286280765123,164.89010324794097,1.2406070271440211e-08,7.3905173816808535e-09
6.225e-07,23.174975201096196,2.2670185462124577,-75.33330775291472,-0.01608477852352129,22.000372113087856,2.3013001747687305,-75.89410618497638,-0.015705375984370565,108.3169947245386,1.2466573971936404e-08,7.686353480010582e-09
6.25e-07,-27.932000062654915,2.2030977227834923,-76.9530370362854,-0.015397492472943242,-27.257232605474666,2.2060013279029045,-77.08957089627833,-0.015174802327708318,46.84820470992877,1.2527129917614006e-08,7.955882868986128e-09
6.275e-07,-75.14431661830999,2.100357406437545,-77.8531014998383,-0.01473281625770075,-74.1735456998083,2.0684220350981826,-78.22079000805611,-0.014621636343355372,-16.738017470126014,1.2587093589066076e-08,8.183260747763217e-09
6.3e-07,-114.50722177202996,1.8913800922591963,-80.1048651382513,-0.01396355481549209,-117.31280984016735,1.894235901002812,-79.2863022126469,-0.014050251555846743,-79.5677193780266,1.2645880817306335e-08,8.356906894951257e-09
6.325e-07,-156.70811395127834,1.6625018978252253,-80.16253378577635,-0.013426034356118003,-155.4858734146362,1.6899264932645885,-80.285241286577,-0.01346513465321062,-138.80114156964913,1.2702980599214223e-08,8.470185202393141e-09
6.350000000000001e-07,-186.20506264090398,1.4950442053168285,-80.50412210618398,-0.012730149945546276,-187.66797367872144,1.4627426255862896,-81.21733018654211,-0.012870726936206882,-191.76106825423176,1.2757965840822018e-08,8.521550857019035e-09
6.375e-07,-211.79244957410327,1.2320497218827566,-82.47229888568263,-0.01254298768147999,-212.91982767160502,1.2207256332384473,-82.08287017238301,-0.012271329822893477,-236.0538313512972,1.2810503506602065e-08,8.514220916449084e-09
6.4e-07,-229.4324664929233,0.9833142639133012,-82.62974276200153,-0.011812815700473912,-230.33798131874616,0.9727439695904738,-82.88272508594136,-0.011671093220532315,-269.6774988367914,1.286036510342762e-08,8.455426816215293e-09
6.425e-07,-240.20257716300955,0.7187088113506355,-83.14473777012127,-0.011070343268255673,-239.053124301575,0.7284624099244301,-83.61830095630714,-0.011074087435805601,-291.1123575115652,1.2907437590621307e-08,8.355309434501107e-09
6.45e-07,-237.33554181892944,0.5123488992528723,-84.36998595919775,-0.010814636452944169,-238.2840470821773,0.4981811109272364,-84.29152114198723,-0.01048444086474185,-299.38960057713166,1.2951733867229253e-08,8.225539928681655e-09
6.475e-07,-224.97653582594853,0.2692593520484617,-84.02364506966481,-0.009881873926942272,-227.44217979751915,0.29250248604001583,-84.90479725857085,-0.009906510435275842,-294.1351154966975,1.2993401151439035e-08,8.077800170969399e-09
6.5e-07,-207.42430371209247,0.14050336080012218,-85.46258542429237,-0.009231447633797015,-206.26961337490792,0.12181728350573419,-85.46099617622501,-0.009345042557064705,-275.58639302985637,1.3032725025505831e-08,7.922323527142455e-09
6.525e-07,-173.66046686109897,-0.05705353735757604,-86.65785444635834,-0.00846158807483661,-174.98444868134666,-0.004360699185151276,-85.96340340449801,-0.008805280970283902,-244.58179319109587,1.3070126810881809e-08,7.766750577106138e-09
6.55e-07,-136.59420289436125,-0.12355310362100724,-85.94424322029282,-0.008707146491966198,-134.40300702695788,-0.07814622346695965,-86.41568321216239,-0.008292984769075086,-202.52265328633692,1.3106265099465893e-08,7.615558025741442e-09
6.575000000000001e-07,-89.04341856044127,-0.10618118809980957,-87.31432049509695,-0.007731071942134912,-86.00977145803029,-0.09402908302968772,-86.82183585692793,-0.00781433390614292,-151.30995065797083,1.3143584579656532e-08,7.470243789892463e-09
6.6e-07,-30.781785218242543,-0.05805834035495644,-86.901389046239,-0.007665851950571479,-31.952800718294,-0.04951197763874407,-87.18615232356473,-0.00737571826487148,-93.25838283809337,1.3181307793525763e-08,7.330293682160736e-09
6.625e-07,23.058923680460722,0.06023889770391854,-86.90997522000086,-0.006749030217016132,25.046350243702463,0.05445854472054992,-87.51316698909594,-0.0069834266341793965,-30.991748491295663,1.3218628422431078e-08,7.194746706957082e-09
6.65e-07,82.94083850980951,0.20655936450646187,-88.14098718295503,-0.006868546038627093,81.86538447641452,0.2133444093479002,-87.80760865007564,-0.006643270068874121,32.67564230978438,1.3256164421299083e-08,7.063978542589872e-09
6.675e-07,136.09216825571252,0.4278561489705657,-87.49410468267224,-0.006284786048161732,135.21999181830708,0.41919231912392246,-88.07435035943,-0.0063601869348630016,94.86616849071862,1.329588683591479e-08,6.941208671172173e-09
6.7e-07,181.7398031402739,0.6407356506541975,-89.06700724572735,-0.006494905278593967,181.94031502941212,0.6611312221221686,-88.3183585287938,-0.006137882106872291,152.76895989464867,1.333838401442922e-08,6.833260081936585e-09
6.725e-07,218.8300268406682,0.9253705239100409,-88.81974752080093,-0.006060770546493444,219.24977379666436,0.9261437914931112,-88.54464175666818,-0.005978549324444654,203.76694221216482,1.3384106004526564e-08,6.750272164580709e-09
6.75e-07,244.64071980657081,1.1997145132355542,-88.4780778459181,-0.006035018181595276,245.00941444668035,1.200026975240027,-88.75819984301587,-0.005882714147403625,245.55512278024986,1.3433336982401999e-08,6.704344530398557e-09
6.775e-07,257.85529506988183,1.5203361990203377,-88.07226609248848,-0.006072333902633827,257.89549628556273,1.4684316718682704,-88.96397344711018,-0.005849217230723278,276.24477100147146,1.3486180103969031e-08,6.7073878507753045e-09
6.800000000000001e-07,255.79572633011225,1.7435947334505113,-88.77452835379356,-0.005453614713980217,257.4878254721326,1.7178634474641932,-89.16679483760345,-0.005875336781386427,294.44878466578,1.3542555787695884e-08,6.768682029215573e-09
6.825e-07,245.55242272467373,1.9484221301112734,-89.71137137060629,-0.005633431978424973,244.2597489343082,1.9365361143018853,-89.37134017195754,-0.0059570286322416606,299.344383811558,1.3602212910616688e-08,6.892721524067643e-09
6.85e-07,219.04541185570574,2.054613883667623,-91.21617115113332,-0.0061164203497278725,219.47544389700064,2.1149960372522263,-89.58208372669726,-0.0060892458465644185,290.710298506167,1.3664751001022635e-08,7.077842611389972e-09
6.875e-07,185.4258429570687,2.216834708109387,-90.30480246757274,-0.0060607576627770415,185.01368042602223,2.246472577879563,-89.80325448055284,-0.006266289927541355,268.93676974300456,1.3729650451690436e-08,7.315913968648805e-09
6.900000000000001e-07,145.64866378621952,2.3023893072483936,-90.88933946543824,-0.00621112041302973,143.14731132820071,2.3269525717160566,-90.03879542963341,-0.006482144134832902,235.00791143729626,1.3796307204537271e-08,7.593105249186475e-09
6.925e-07,96.16912721255683,2.3593208197487607,-90.19809261751062,-0.006785967645694903,96.31269312095876,2.355016859864561,-90.29232598752745,-0.006730746225737113,190.45723071825495,1.3864068334651421e-08,7.891511763649982e-09
6.95e-07,44.16773765352906,2.3674856234432435,-90.45337100591182,-0.007456338084962442,46.90231288259517,2.331507905363646,-90.56710779390136,-0.007006171781298764,137.29831689909597,1.3932265457589522e-08,8.19126858347539e-09
6.975e-07,-0.44745286429002507,2.2676430393939193,-90.88933755460491,-0.007253281889421745,-2.892622011817351,2.259114395618689,-90.86601422303045,-0.007302717557327859,77.93383182562309,1.4000243780175993e-08,8.472756289361545e-09
7e-07,-52.75826234306338,2.1570614067676774,-91.10590624560402,-0.007674700315256901,-51.173708819936934,2.141959051168353,-91.19150384904123,-0.007614893663633261,15.046915032385986,1.4067385728502976e-08,8.718565375429221e-09
7.025e-07,-96.59445903728914,1.9810224793344262,-92.80987404673637,-0.007849668078979462,-96.35819518096241,1.9852602273543394,-91.54559808778271,-0.00793735030941931,-48.52008805397209,1.4133129203125824e-08,8.915003789872509e-09
7.05e-07,-137.9343808853324,1.7947918716903857,-91.41865675129145,-0.008164911197918128,-137.1433666801349,1.7951097842922161,-91.92986319651266,-0.00826477631700925,-109.89409365510699,1.4196981424288525e-08,9.053054227832051e-09
7.075e-07,-173.75349245010858,1.57531872458902,-91.6511162682996,-0.008723460105590091,-172.43323854798905,1.578374811106383,-92.34539677233252,-0.00859181057311744,-166.30113648490513,1.4258529878278688e-08,9.128779432011838e-09
7.1e-07,-200.00081374912722,1.3282321616383035,-92.48573822237816,-0.00907590357170379,-201.25449321524067,1.3426959967031908,-92.79281884889392,-0.00891300340622888,-215.1917466632463,1.431745197246667e-08,9.143221727168248e-09
7.125000000000001e-07,-222.67993283283258,1.1201290818938698,-93.1840411308209,-0.008926208592367918,-222.68934361968002,1.0965275326924617,-93.27226764870443,-0.009222853389398418,-254.35617994868252,1.4373524652981202e-08,9.101855631059943e-09
7.15e-07,-238.67466959349971,0.833854443284071,-94.5399762198385,-0.00927546026934387,-235.848220681712,0.8491478832019482,-93.78340000576048,-0.009515928444653642,-282.0242931458903,1.4426634524884531e-08,9.013651681155534e-09
7.175e-07,-237.37493194900645,0.6272023599410476,-94.76364142485218,-0.009789057343598735,-239.89581627949596,0.6105707082729159,-94.32539643061244,-0.009787061484126022,-296.9455505469667,1.4476788100319399e-08,8.889819991176358e-09
7.2e-07,-234.45931874696936,0.3519536348097341,-94.66972649316887,-0.010300897614062327,-234.13183634242242,0.3913009284076304,-94.89697074770493,-0.010031593657792937,-298.44554529756977,1.4524120886105906e-08,8.742338899557702e-09
7.225e-07,-216.78595209693705,0.1637572610495693,-95.7458804735958,-0.010198341412930098,-218.11512820707065,0.20190965817309622,-95.49638419331222,-0.010245625827959475,-286.45648105091095,1.4568903312320262e-08,8.582435563961016e-09
7.25e-07,-188.5773688137626,0.0642448122951495,-96.99277528496471,-0.011218494493088555,-191.8090421175297,0.052438331380162045,-96.12146382197665,-0.010426233555182485,-261.52023620823655,1.4611541165872414e-08,8.41925020333617e-09
7.275e-07,-155.78271204937343,-0.050966000985857796,-96.35512718611602,-0.010147163625446402,-155.71903785023116,-0.048319942599346306,-96.76962503041877,-0.010571603780642248,-224.76387224911286,1.4652568329156284e-08,8.258948905729551e-09
7.3e-07,-109.57862634885754,-0.06883639881496612,-96.01579133777858,-0.01044567646376835,-110.99201613400734,-0.09358197895299016,-97.43789797076835,-0.010681062161512723,-177.84869311920826,1.4693879913011838e-08,8.104516351112837e-09
7.325e-07,-59.98911801644677,-0.10372937535552891,-97.40324888987126,-0.010936046517961599,-59.45104640098388,-0.07927955642796802,-98.12295758999896,-0.01075497686866265,-122.89515807523262,1.4736126069035198e-08,7.95634158781236e-09
7.350000000000001e-07,-3.7517218648933244,-0.004537457628383415,-98.0150679627325,-0.010920306422397916,-3.548447918240951,-0.00460480608815501,-98.82115699994384,-0.010794544684289233,-62.38704175545891,1.477854545128156e-08,7.813520812138079e-09
7.375e-07,53.47101067386857,0.14589048867211393,-99.4898074197148,-0.010979111703510257,53.76699700445835,0.12769332050262933,-99.52856385252028,-0.010801484937897055,0.9408267776205571,1.482036497238418e-08,7.675589189064856e-09
7.4e-07,109.35946728176201,0.32692263438144936,-100.98925166708904,-0.010690619158239696,109.25877298905986,0.3113213696926541,-100.24099936805602,-0.010777682714438326,64.22617208289478,1.4864148086305189e-08,7.544229483134978e-09
7.425e-07,156.745830567637,0.5181950376399558,-99.55323146025137,-0.010903804288070024,159.66438377624576,0.53678194088652,-100.95407964112887,-0.010724832025154951,124.60864067231576,1.491067838217908e-08,7.424455627355131e-09
7.450000000000001e-07,199.15212578279588,0.7770047034852567,-102.33331067664686,-0.010811848692194462,201.97765615180612,0.7920170573782881,-101.66325882831428,-0.010644130562223412,179.35908247467074,1.4960494051429847e-08,7.32486918310704e-09
7.475e-07,230.11615645574636,1.0420484808752908,-101.59388167248733,-0.010539240379098048,233.71473256346007,1.0632870022385301,-102.36387380585347,-0.010536070033827815,226.00290220369436,1.501397405139241e-08,7.256819683997379e-09
7.5e-07,252.93514222416124,1.3602926655680565,-102.88693390310354,-0.01047295237653087,253.12847139300072,1.336185224122829,-103.05118987265575,-0.010400351166463899,262.4319054296325,1.507131647054916e-08,7.2325996981305684e-09
7.525e-07,262.2152500633831,1.5792358122769492,-103.41178114656888,-0.010058096654323475,259.3433079454995,1.5966730323724132,-103.72044706534044,-0.010235932804823992,286.9995841664598,1.5132530069464553e-08,7.263077791366202e-09
7.55e-07,253.15463170942462,1.8555758907677624,-103.57042437295087,-0.009801320394000898,252.39448977231993,1.8320187564083872,-104.36690664728133,-0.01004120350867976,298.5955352832587,1.5197439238648503e-08,7.3553302692614595e-09
7.575000000000001e-07,233.33850139166537,2.0400855946600687,-105.93653079923877,-0.009983473403781097,233.1699734345643,2.031544467290752,-104.98589733287744,-0.009814245241300635,296.6956481970145,1.52657011227586e-08,7.510828383507448e-09
7.6e-07,203.91517538931078,2.211014777379862,-106.36422985129963,-0.009599484768690941,203.26770991641132,2.187115895532412,-105.57286081154271,-0.009553145361381974,281.385793477412,1.53368324086608e-08,7.724580706673774e-09
7.625e-07,167.62778518936761,2.300248870777356,-105.69682342483463,-0.009544543582667219,164.79310521207742,2.2933520971839103,-106.12339614314988,-0.0092563073979324,253.3579416926377,1.5410242445139052e-08,7.98537954757553e-09
7.65e-07,116.5848652345085,2.322536006764198,-106.36746181892843,-0.009044864393579618,120.1291040789821,2.347573631158438,-106.63330260781038,-0.008922713873756769,213.87888791552265,1.548526906238205e-08,8.277039017823148e-09
7.675000000000001e-07,71.74330584107541,2.3565174085692195,-107.3901818160161,-0.008109510356489328,71.71337614442187,2.3495443259398856,-107.09862060781998,-0.00855210510967621,164.73299547112015,1.5561213705897973e-08,8.580316384018668e-09
7.7e-07,19.504112090367414,2.3463216935287514,-106.33320455905539,-0.00802872105346803,21.85325077392751,2.3010861131477385,-107.51567023821134,-0.008145054463589468,108.14154677795837,1.5637373215355727e-08,8.875120505243495e-09
7.725e-07,-25.275172375502297,2.18950849486906,-106.79001631008423,-0.007746203225259854,-27.399848688950655,2.2056550923871723,-107.88108716445574,-0.007702939792239113,46.66234644123109,1.5713066609404704e-08,9.142632417474251e-09
7.75e-07,-73.01753838145655,2.054291801180041,-108.17066093443734,-0.007433577200911327,-74.30699231504322,2.067959046477204,-108.1918554712484,-0.007227829554729947,-16.92588569045512,1.5787656379248472e-08,9.367060520678978e-09
7.775e-07,-118.00278701669781,1.8995633208781895,-107.91644269690191,-0.0064029151809014695,-117.43325356615402,1.893674141061077,-108.44533717476054,-0.006722316551532301,-79.74910633426474,1.5860564831441505e-08,9.53687816147639e-09
7.8e-07,-156.01564554320524,1.6965316804782806,-108.04325493303546,-0.006525690519120548,-155.59009198448138,1.6892862183241995,-108.63929812198731,-0.006189340218165815,-138.96784898444085,1.5931286766146397e-08,9.645501361605829e-09
7.825e-07,-186.28108014372052,1.4481310102628706,-109.25063310749786,-0.005786103056906789,-187.7531045272512,1.462046368650492,-108.77193003458187,-0.0056320383004153434,-191.9055613320717,1.5999400104034994e-08,9.69143437158174e-09
7.85e-07,-214.83456959419055,1.212936471787457,-108.91364350326127,-0.004577229277085556,-212.9831670123938,1.2199983306050879,-108.8418684905322,-0.005053660726061841,-236.1695793341257,1.606457593963261e-08,9.677938829768367e-09
7.875e-07,-231.5462316406723,1.0091025350590086,-107.55256196335321,-0.004691222186298092,-230.37690187311,0.9720130015366858,-108.84820667488371,-0.00445756410071807,-269.7592701793743,1.6126588948173387e-08,9.612285059381857e-09
7.900000000000001e-07,-239.8819079907819,0.7002794571868906,-109.52388319341935,-0.0037083547066744005,-239.06515194769244,0.7277573448907748,-108.79050477009326,-0.0038472872011934586,-291.1564563354351,1.6185328235002364e-08,9.504646157446676e-09
7.925e-07,-236.6270966746319,0.5088383377604625,-108.6903279908477,-0.0034542810294908564,-238.26710048487038,0.49753298928489365,-108.66879489716182,-0.003226689502193427,-299.394033715877,1.624080777610638e-08,9.36671819808143e-09
7.95e-07,-227.05284312764857,0.2880031613084679,-109.1857109509302,-0.002462328638108577,-227.3949393430677,0.29194256495465315,-108.48358156006394,-0.0026001195971868006,-294.099682582542,1.629317476256472e-08,9.210200560396153e-09
7.975e-07,-207.03110833800383,0.10504914092663989,-107.51802984357367,-0.0014731381320929283,-206.1919536046187,0.12137527320521414,-108.23583758780055,-0.001972571247332358,-275.5126955498293,1.634271362108811e-08,9.045337319348179e-09
8e-07,-172.2317609750998,-0.004670221746877458,-108.24411695603315,-0.0012542991524223583,-174.87784804336928,-0.004658765285575882,-107.92699561026286,-0.0013497835145332199,-244.47316210346276,1.6389843375381516e-08,8.879774399166915e-09
8.025e-07,-133.4422714841358,-0.07867216417111488,-108.22718740039528,-0.000651857945719801,-134.2708441977402,-0.078280247834668,-107.55893514563705,-0.0007382483933182276,-202.38399846887003,1.643522688424836e-08,8.717990639216182e-09
8.05e-07,-85.41945349116271,-0.11203392498545162,-107.80498071630605,0.000245628908870448,-85.85742992909658,-0.09398699669476884,-107.13396541791569,-0.0001451034475199154,-151.1475389926671,1.648129230282648e-08,8.561485405598058e-09
8.075e-07,-29.018775250045817,-0.08493099506341403,-106.4454630305511,0.0004140706655053122,-31.78753093019438,-0.04929136020535421,-106.65480406285137,0.00042209421842685286,-93.07955496236124,1.6527256190917205e-08,8.409747602537396e-09
8.1e-07,26.58086892549767,0.022693391321209185,-106.20714586275471,0.0013742131078884768,25.215823838951692,0.05484958302100734,-106.12455191902325,0.0009556960494159502,-30.804587017873402,1.6572305445911637e-08,8.261822462228848e-09
8.125000000000001e-07,84.13574087841067,0.17402707015714125,-105.58536307754086,0.00135058265511972,82.02948200408316,0.21388726153946683,-105.54666413724159,0.0014483574311644392,32.86267810852522,1.661706064548376e-08,8.11809519088904e-09
8.15e-07,138.4129893698175,0.4491139621002681,-104.77979916095475,0.0017189563173192882,135.36905417541305,0.41985888923932824,-104.92491787595944,0.0018934528137288544,95.04462502260746,1.6663478535348283e-08,7.981796778845635e-09
8.175e-07,182.26197295090108,0.643554111114479,-104.92424077281545,0.0026242393032048553,182.06544125531207,0.6618858314704634,-104.2633768823748,0.0022854578476681087,152.93077133083963,1.671213811280533e-08,7.859761193668265e-09
8.2e-07,220.40581590770253,0.9256384922141342,-103.91236770204415,0.00262701130744944,219.3436101300836,0.9269457835285416,-103.56635328820957,0.0026202493003779515,203.90479504423934,1.6763479451854973e-08,7.762135265746595e-09
8.225000000000001e-07,245.11843211734237,1.191508506245413,-102.70062264752194,0.0029827473590873033,245.0667902740882,1.200833723931034,-102.83836697546145,0.0028952851109094414,245.6627863741329,1.681777628888297e-08,7.701019897476204e-09
8.25e-07,255.30116540668178,1.4882493090891113,-102.38660829091812,0.0031705988050327832,257.9138239740319,1.4692016483195514,-102.0841028905181,0.0031096446855582703,276.317379207898,1.687512104175509e-08,7.688319497005591e-09
8.275e-07,258.4673274273696,1.7311318012860113,-101.14220958262266,0.0033327641689905848,257.46721631921633,1.718559002410742,-101.30836670467207,0.003263930409691079,294.483055759171,1.6935423265643867e-08,7.733300420743213e-09
8.3e-07,244.85550740495486,1.922017573993033,-100.43542659903731,0.003739444891530637,244.20284017393027,1.9371256888593202,-100.5160392351121,0.0033600517852894907,299.3387688165387,1.6998421021071463e-08,7.840438225053185e-09
8.325e-07,218.2292319738168,2.1139863635509966,-99.49968597661622,0.0031068267471956734,219.38697460350227,2.1154556110037697,-99.71203005273428,0.0034009301217922195,290.6650512077257,1.7063703232313315e-08,8.008048042813312e-09
8.35e-07,183.65727510954565,2.259432852818992,-99.29035867353973,0.003191536213350106,184.89988998462553,2.2467862849711784,-98.9012307115044,0.003390171535568912,268.8539352159871,1.713074005591868e-08,8.227978711907036e-09
8.375e-07,146.49535321768096,2.335884256832658,-97.99707108894233,0.0035607237538586274,143.01525689490597,2.3271125410488507,-98.08846803853419,0.003331757567735151,234.89123361368718,1.719891770773249e-08,8.486384542391982e-09
8.4e-07,96.50021084633605,2.338958998694346,-98.85448188220913,0.0030922483340341776,96.16958851579075,2.355022443353072,-97.27845792445456,0.0032297958943356326,190.31198316997157,1.7267574175523166e-08,8.765352252361281e-09
8.425e-07,44.37376842988738,2.346553833909511,-95.95338416909412,0.0031440845910372488,46.75497995349675,2.331364530678857,-96.47576005008598,0.0030883597407594444,137.13106448454707,1.733603274171016e-08,9.04501612600777e-09
8.450000000000001e-07,-0.9898739734943245,2.2663200053659183,-94.34935600420309,0.0025479930582969048,-3.038124970204959,2.258832305575118,-95.68473397782985,0.0029114263174705194,77.75213397305815,1.7403631138032525e-08,9.305763681591607e-09
8.475e-07,-50.73375950846743,2.13643193526237,-95.97041666822885,0.002556097314971109,-51.31225349229612,2.1415521682139365,-94.90949702471555,0.0027029052222673463,14.858984070964135,1.7469745267874816e-08,9.53019915147024e-09
8.5e-07,-97.84460601275799,1.9960806016750492,-93.92194820407134,0.0023275725522634854,-96.48555617673364,1.984745314704042,-94.15388431872088,0.0024667308190966667,-48.70575807276566,1.75338075480496e-08,9.704649628443149e-09
8.525e-07,-138.14390968917797,1.7604477343422253,-92.1258588647805,0.001989585080245189,-137.25604848878933,1.7945059790864077,-93.42141142098454,0.0022069811468615566,-110.06911086925349,1.75953208339156e-08,9.820120820047227e-09
8.55e-07,-171.59015891026073,1.6079242890288945,-91.85863468078686,0.00175433793196485,-172.52822939371777,1.5777034987111438,-92.7152398740029,0.001927981959643023,-166.4575905148955,1.7653869438850498e-08,9.872700871500102e-09
8.575e-07,-200.72147509380088,1.344297625355786,-91.39501507587467,0.001598631647192831,-201.3290291745255,1.3419808996933398,-92.03814601005867,0.0016343587013289019,-215.32256614321378,1.7709128854308505e-08,9.863458563177376e-09
8.6e-07,-223.8772651308096,1.0966199285816811,-90.60346837812321,0.0014078527954570744,-222.74076015877858,1.0957948218174762,-91.39249332518723,0.001331010731865965,-254.45545213604566,1.776087542199523e-08,9.797894729460129e-09
8.625e-07,-236.1300645307335,0.8562879837926541,-89.51470332311006,0.0005976380693833493,-235.8739471913496,0.8484260938295275,-90.78020869220761,0.0010229987728123731,-282.08753116385583,1.78089964948965e-08,9.685005041400797e-09
8.65e-07,-239.13793627852394,0.6106233175612733,-90.34371716699421,0.0012250192799836395,-239.89353635747707,0.6098902695888152,-90.20276265201004,0.0007153552092354815,-296.9698961811351,1.7853500709356207e-08,9.536022733103354e-09
8.675000000000001e-07,-235.2375079803794,0.42966358332446974,-89.6080484301328,0.0005386267661237371,-234.09979869752485,0.3906931802679532,-89.66115398570632,0.00041284407889958456,-298.4298981807177,1.789452707687383e-08,9.362946785149777e-09
8.7e-07,-218.04199551610125,0.18687716969191193,-88.8476931167461,0.00046655618469058246,-218.0525572728251,0.20140532994337268,-89.15589873173931,0.00011971005841092657,-286.40154839708725,1.7932350895385453e-08,9.177022620952098e-09
8.725e-07,-193.36500130716837,0.07009771522920119,-89.0840452338322,0.00021505382966033822,-191.71657056935243,0.052065570223837974,-88.68702377195544,-0.00016053887870147717,-261.4285008482948,1.796738414372873e-08,8.987407181781377e-09
8.75e-07,-155.3363128298326,-0.07003741496150953,-90.01425756661251,-0.0002864455423560076,-155.59907043133543,-0.048537800689199766,-88.2540650693308,-0.00042527332562356055,-224.6394804124155,1.8000168160675837e-08,8.800283313772104e-09
8.775000000000001e-07,-107.56985405161973,-0.10675604762623178,-87.7300635601294,-0.000934699392567595,-110.84893820141374,-0.09362862361171427,-87.85607059787138,-0.0006727777584144956,-177.69726703349534,1.8032612334926875e-08,8.618654595394751e-09
8.8e-07,-60.6053531225202,-0.1203682118806961,-87.40468595456687,-0.0011577483217197586,-59.29121106071373,-0.07914759548023749,-87.49160796256314,-0.0009021650505461936,-122.72354185473183,1.806536648914049e-08,8.44293327630241e-09
8.825e-07,-3.9358896754930544,-0.020393042721424705,-87.67486730140816,-0.0010329727123245308,-3.379909201394584,-0.00429704415229091,-87.1587766645088,-0.0011131759190339354,-62.202992062520664,1.8097679827293994e-08,8.272244656222751e-09
8.85e-07,52.70097223703336,0.157349215067469,-87.85789849672116,-0.0012944259688110356,53.93499649745738,0.12816344398369497,-86.85522492393712,-0.0013058886930327647,1.128991316011704,1.812879096769615e-08,8.106159352583884e-09
8.875e-07,107.69672436813453,0.29057829532522156,-86.4147969163233,-0.0012518929902770684,109.4165103046643,0.311930303747407,-86.57817093199033,-0.0014803806475981146,64.40994685811283,1.8161288290202493e-08,7.946400885768492e-09
8.900000000000001e-07,157.94828434639814,0.5406647349281205,-86.75193788618967,-0.001451401082461323,159.80247575343358,0.5374974990252986,-86.32442836146265,-0.0016363913601558436,124.7797194830351,1.8195960513821852e-08,7.798026781409116e-09
8.925e-07,197.75250019872294,0.7773596939967,-85.51805090781123,-0.002212898341894041,202.08788638080168,0.7928007060402051,-86.09043592734108,-0.0017730394410516007,179.50973294823717,1.8233359512155087e-08,7.669681658539178e-09
8.95e-07,234.68241700741135,1.0459749523629849,-85.8379285738512,-0.0020209478190430902,233.79077577025453,1.0640967092218154,-85.87229075044769,-0.0018886363361063552,226.12631528178298,1.8273878411055993e-08,7.572754128216875e-09
8.975e-07,253.49354290590614,1.3427884331347575,-85.7906008391795,-0.0015490294929698164,253.16641940717568,1.3369785404172758,-85.66578524203764,-0.001980625970033187,262.5225031221623,1.831772985708687e-08,7.519569232132409e-09
9.000000000000001e-07,258.12848485028417,1.6229592937585111,-84.75846666744556,-0.0022818152739587662,259.3419305650453,1.5974100568091025,-85.46644719418902,-0.002045659335379433,287.0532716640478,1.8364937459569762e-08,7.521020276225024e-09
9.025e-07,250.9565593301047,1.8485026442459669,-85.22856056836815,-0.0019017223403993801,252.3552036799824,1.832664662151558,-85.26958273053476,-0.0020797921042672355,298.6098860332745,1.8415340644471628e-08,7.584201175617134e-09
9.05e-07,233.83309442538123,2.025129784652376,-84.7558152180167,-0.001999837110251678,233.09653606559004,2.0320713467364917,-85.0703217445996,-0.0020787745487989514,296.6700135782389,1.8468611666982178e-08,7.710595742832908e-09
9.075e-07,205.28070090624254,2.1836388474288086,-85.61978623757473,-0.002122909644142956,203.16569538931867,2.1875037918230036,-84.86366542897767,-0.002038389694231169,281.3213321162363,1.8524282278797538e-08,7.895222986095632e-09
9.1e-07,167.08320974171147,2.291804126414766,-85.99287906288811,-0.0025809364810702,164.6692493292221,2.2935892168002185,-84.64453547802884,-0.001954789921019737,253.25756709578914,1.8581776717862082e-08,8.126886495441182e-09
9.125e-07,119.09784151080558,2.325258576879415,-84.02880638004208,-0.0017396579724229004,119.99062004792957,2.3476558512127865,-84.40782452988215,-0.001824785042374918,213.74713678619267,1.8640447390297635e-08,8.389414825060656e-09
9.15e-07,71.6647318291473,2.382507848082309,-82.95886551733525,-0.0018367616557689764,71.56733984287811,2.3494742017889627,-84.14844740046672,-0.001646045570990334,164.57582266032335,1.8699609862300855e-08,8.663584080246691e-09
9.175e-07,22.20404941239392,2.2948769657314836,-82.65422997104196,-0.0013116254350796033,21.706134949967122,2.3008716418752706,-83.8613926531698,-0.0014172014246290998,107.9660561388101,1.8758574496796516e-08,8.929326422888192e-09
9.2e-07,-29.04320210532686,2.2227514698881863,-85.10068960192982,-0.001233314536646757,-27.542444133460236,2.205308488424447,-83.54177404263737,-0.0011378356602722922,46.476469750975916,1.881667310078551e-08,9.16784975701553e-09
9.225000000000001e-07,-73.88540853310354,2.064830795538438,-83.53441561819007,-0.0010443753528381582,-74.44040584934412,2.067495738947567,-83.18488137023611,-0.000808391456816104,-17.113747228718985,1.8873280090994165e-08,9.363391405335282e-09
9.25e-07,-117.2150198553657,1.896434978592277,-81.94910808418223,-0.0005474673565572369,-117.55365393140195,1.8931121187084352,-82.78623029181134,-0.0004300251351539951,-79.93046180681665,1.892782872244094e-08,9.504453936270261e-09
9.275e-07,-155.75022308479706,1.6819409725860504,-82.86036747683772,0.0002745743388897625,-155.6942583393865,1.6886457440739582,-82.34161062556839,-4.445923015757524e-06,-139.1345015369266,1.897982366912761e-08,9.584481165129129e-09
9.3e-07,-187.55442144363784,1.458522738606919,-82.92093373967256,0.0002597591289281752,-187.83817502671488,1.4613499823947116,-81.8471327191439,0.0004662169236027554,-192.04997864863688,1.902885157155786e-08,9.602002150322048e-09
9.325000000000001e-07,-213.5920554951317,1.2159993279350214,-81.83589204861681,0.0008865423628733975,-213.04643814513048,1.2192709758838014,-81.29927145009914,0.0009794870369092359,-236.28523408094318,1.9074591028944736e-08,9.560299000249658e-09
9.35e-07,-231.73603650501903,0.9417475962238505,-80.89557136773408,0.0016953734955486876,-230.41574661658984,0.9712820656457317,-80.69490745305748,0.0015325356545916441,-269.84093502526855,1.9116822962035138e-08,9.466657019114547e-09
9.375e-07,-239.00698159571454,0.7268755851979828,-79.64308301858563,0.0018615582234812213,-239.07709691094567,0.7270524019151158,-80.03136518934646,0.002122097919217232,-291.2004402153471,1.9155441433710323e-08,9.331257875140407e-09
9.4e-07,-239.47569516821832,0.5030449952569861,-77.98862898337883,0.0027330069888169464,-238.2500659870752,0.49688508234194245,-79.30644750110584,0.002744328824348058,-299.39834865859916,1.9190464073918743e-08,9.165799223080575e-09
9.425e-07,-228.1857528508119,0.2694175414431796,-77.8090181914289,0.003235891131938959,-227.3476086458722,0.2913829494570511,-78.5184663211617,0.0033946319742418217,-294.0641335624898,1.922204042015382e-08,8.981974975583737e-09
9.450000000000001e-07,-206.1487716842437,0.05333128142518537,-77.28253702774538,0.004828393517742194,-206.1142054119343,0.12093365178645848,-77.66626924228557,0.00406750336207149,-275.4388893017533,1.9250455945007994e-08,8.790017357158806e-09
9.475e-07,-175.96132160438526,-0.004836096778367778,-76.51297691922204,0.00502166450306398,-174.77116605005986,-0.004956373414226756,-76.74926168448688,0.004756433548228823,-244.36443450169696,1.9276129436136793e-08,8.597555541861305e-09
9.5e-07,-135.2018516045924,-0.06617080791106783,-76.52578831843647,0.0054927727254687015,-134.13861295046527,-0.07841376591529754,-75.76742443641035,0.005453904553534438,-202.2452637534088,1.9299729963257435e-08,8.409048926320775e-09
9.525e-07,-84.9297402484919,-0.1173385249202128,-74.39504166788484,0.006238602663300795,-85.70503875573955,-0.09394438215069964,-74.72132638641459,0.00615150358185901,-150.9850676567087,1.9323671044774654e-08,8.225977319094764e-09
9.55e-07,-33.91453143079958,-0.03835737312104231,-72.89082090518345,0.006992667606414401,-31.622235319550214,-0.049070222832402116,-73.61213230013838,0.006840156760714418,-92.90069034029491,1.9347165113356994e-08,8.047812334182453e-09
9.575e-07,25.680410011770206,0.05582292203374889,-73.35422017085664,0.0074167832443562095,25.385295904202707,0.055241101494946675,-72.44160554396609,0.0075104657253294484,-30.61741338328804,1.9369394147647676e-08,7.873585731488005e-09
9.600000000000001e-07,83.05293613094099,0.2157137451533059,-72.33696573803259,0.007828437075857099,82.19354921817798,0.21443052418973352,-71.21210569740529,0.008153111650045782,33.049700933596974,1.9390983280579607e-08,7.703673287357043e-09
9.625e-07,136.1735040721448,0.4005865230344192,-70.51195480807023,0.008925311448938454,135.5180584368132,0.42052577452505746,-69.92658104160942,0.00875927848767822,95.22304403237952,1.9413876967075675e-08,7.54129935085188e-09
9.65e-07,178.28900561712067,0.696105716144584,-68.28099560581853,0.009731084960843142,182.1904850579205,0.6626406419129647,-68.58855595572452,0.009321042037053914,153.09252239238398,1.94386470324648e-08,7.393291599937012e-09
9.675e-07,219.16190383049567,0.9297106458696032,-66.01762152171197,0.009848222649830495,219.43734531599682,0.9277478522411088,-67.20211329702953,0.009831675010677303,204.0425673779331,1.946572596904677e-08,7.269788000988077e-09
9.7e-07,242.90039081873266,1.2189174112196415,-65.42891356924099,0.010517342343101525,245.12405339301807,1.201640423678922,-65.77187188457401,0.01028582999917674,245.770352984236,1.9495379739893783e-08,7.182875496510577e-09
9.725e-07,256.62485379009513,1.4597495970873033,-65.39702168070858,0.010357118656188626,257.9320353291714,1.4699714577919345,-64.30295924882144,0.010679580188959635,276.3898783285984,1.952769303176422e-08,7.1444381327066544e-09
9.75e-07,257.97674704180537,1.7372766884772983,-62.76052047403169,0.010886369928139291,257.4464950504139,1.7192542874114853,-62.80097985129661,0.011010318869177131,294.51721059531536,1.9562567954378037e-08,7.163715877636461e-09
9.775e-07,244.15640450393707,1.921845353292136,-61.8628840941099,0.01142042503142812,244.14583044719444,1.937714911031653,-61.271979018049265,0.011276539598369719,299.33303564731403,1.9599735655394024e-08,7.245153911854511e-09
9.8e-07,220.68098082885152,2.0909837798586546,-60.34393160922041,0.010850640184326217,219.29842086842078,2.115914773501101,-59.7224028685313,0.01147753590399667,290.6196891593249,1.9638778923706138e-08,7.387036231778749e-09
9.825000000000001e-07,185.208185217968,2.2288665250552047,-59.46043545493477,0.01147660381307337,184.78603505677486,2.2470995461207384,-58.15905455690658,0.011613069760052627,268.770994549693,1.9679162796459756e-08,7.581183438125281e-09
9.85e-07,144.16972557268065,2.33768586632865,-56.665303134887054,0.011570789004600051,142.88315932973566,2.3272720524514123,-56.589047175559,0.011683060201444604,234.7744630587364,1.9720269615325017e-08,7.813727812430641e-09
9.875e-07,97.55422031993184,2.350068982747745,-55.62433504547466,0.01199703110693974,96.02646170945836,2.355027576660621,-55.019753700343095,0.011687337107162079,190.16666048952627,1.9761434957856306e-08,8.066742625383391e-09
9.9e-07,49.07495202232887,2.3193745651734967,-54.36094951042142,0.011882679832416436,46.60764395014801,2.3312207296173093,-53.458754383672165,0.01162549169899752,136.96375793281996,1.980198136851601e-08,8.32035846882046e-09
9.925e-07,-6.131888669191315,2.3023516139251683,-51.41326242873765,0.011237607285415372,-3.183614476336399,2.258549825373185,-51.91378202461958,0.011496837161624874,77.57040542518415,1.9841247712205444e-08,8.554968963490765e-09
9.95e-07,-51.418201139214496,2.158186894021089,-49.956595886362955,0.011045766289699529,-51.45077097574048,2.141144940757807,-50.39266556461782,0.011300473262533646,14.67104724345282,1.98786130873513e-08,8.753193435333408e-09
9.975e-07,-95.30500686921057,1.9871782924735752,-49.54759209645105,0.011002490188777036,-96.6128787101099,1.9842301107096703,-48.90327247290266,0.011035431386126138,-48.8914088632994,1.99135153513877e-08,8.901381786558173e-09
1e-06,-138.64498133699655,1.8159089667893906,-47.977047987198375,0.010572658364520131,-137.36868236611716,1.7939019423615559,-47.4534503974231,0.010700864013144674,-110.24408462986017,1.9945465222723036e-08,8.99056882725769e-09
1.0025e-06,-172.63106192178154,1.5826644776068703,-45.38367597735257,0.01057960275985053,-172.62316389172773,1.5770320213165223,-46.05096856442006,0.010296237431647941,-166.61397883005995,1.997405746923139e-08,9.0168767314225e-09
1.0050000000000001e-06,-199.3414221898807,1.3436190638274559,-44.05966490177712,0.010051724119364282,-201.40350082176874,1.3412657112970006,-44.703459413196526,0.009821489101708703,-215.45330061724368,1.999898078721952e-08,8.981412001021136e-09
1.0075e-06,-220.46718121121336,1.066678502891426,-42.31685637133201,0.00914869330554063,-222.79210462708375,1.0950621004054415,-43.418360951724644,0.009277120923448809,-254.55462386842945,2.002002761898062e-08,8.889715787407364e-09
1.01e-06,-234.49240260566975,0.8660814493146847,-42.084090890146534,0.008362322521918264,-235.8995943040673,0.8477043812671728,-42.20286031366604,0.008664214692697774,-282.1506578181336,2.0037104441505898e-08,8.750825714029922e-09
1.0125e-06,-238.10481516334684,0.5969933002217628,-40.726284339023536,0.007704772263687721,-239.89117085746764,0.6092099994507371,-41.06383898816475,0.007984373357363109,-296.9941245762913,2.005024214420495e-08,8.576017844671408e-09
1.015e-06,-233.22219153042604,0.3568684975301438,-39.819833556874656,0.00717613993262502,-234.06767153606876,0.390085693086886,-40.00782018047356,0.007239607997791794,-298.41413324846803,2.00596052004135e-08,8.377334460309919e-09
1.0175e-06,-216.16601277153094,0.24187212709092742,-39.954084779523214,0.006274161173721978,-217.9898964125873,0.20090135053597258,-39.04091874421969,0.0064322026329827805,-286.3465026764679,2.006549762959215e-08,8.166064900588068e-09
1.02e-06,-192.27156850864066,0.02548276920762734,-37.52990470064577,0.005471307842990453,-191.62401343438896,0.051693234889563115,-38.168794105041584,0.005564594651612778,-261.33666228052425,2.006836341251041e-08,7.951411497991787e-09
1.0225e-06,-154.23648626729923,-0.0656835114144589,-37.65374179593299,0.004593542499182759,-155.47902739606764,-0.04875517352162599,-37.39660657062376,0.00463930672462504,-224.51499989160885,2.006877916103411e-08,7.739605550994656e-09
1.025e-06,-110.18475587634897,-0.10631577817072799,-36.72568860039016,0.0034282166961448414,-110.70580056702704,-0.09367474734924058,-36.72897739402555,0.0036589567261455184,-177.5457707957156,2.0068698392462293e-08,7.53370424166141e-09
1.0275000000000001e-06,-55.824390644619925,-0.07615713813785394,-36.17793535370315,0.00270571782315317,-59.13133747007707,-0.07901510652337825,-36.169952925894634,0.0026263570976057618,-122.55187718492414,2.006880255033558e-08,7.334180698955783e-09
1.03e-06,-4.556233590574361,-0.040079002999369416,-36.230930369393555,0.0010511322517032637,-3.2113580575075815,-0.003988778308547944,-35.722973156938686,0.0015446969558757097,-62.01891781282834,2.006838541819254e-08,7.140229914070897e-09
1.0325e-06,51.32102562168805,0.10716675742988875,-35.61796645923588,0.0006615180522061548,54.10298005725083,0.12863401618761694,-35.39084491520052,0.0004177823994306846,1.317155408694959,2.006673344283695e-08,6.951501366662033e-09
1.035e-06,113.127029700721,0.3267794986589553,-35.478870817845774,-0.0006038008797408704,109.57420309261306,0.3125396032515544,-35.17571994356213,-0.0007497037514394992,64.59369620530391,2.0066498145673645e-08,6.769805450726611e-09
1.0375e-06,159.73395569871286,0.5399713259333029,-35.314945519977904,-0.0022669395854212834,159.94049685820204,0.5382133169118769,-35.0790780418261,-0.0019519693875473284,124.95074903269347,2.006851362008966e-08,6.600291971805541e-09
1.04e-06,203.7978727678791,0.8090303551474832,-35.604492413753505,-0.0027622975174829488,202.1980239821322,0.7935844940507073,-35.10171541505224,-0.003181954147055778,179.66031255420395,2.007338769105319e-08,6.4516997007876876e-09
1.0425e-06,235.2464487113825,1.0671835854389673,-34.635576031359534,-0.004373166491271935,233.866711068246,1.0649064293802044,-35.24373832592623,-0.004431282061196742,226.24963908878343,2.0081571874780208e-08,6.335509640907317e-09
1.045e-06,252.59073295909837,1.359932264304188,-35.89240339296167,-0.005681853273074501,253.20425188860935,1.337771747029757,-35.50456210419287,-0.005690348396056428,262.61299717496536,2.009333947462152e-08,6.264134632121282e-09
1.0475e-06,259.8697534368678,1.5948288531688943,-34.89548586644673,-0.007054628791059186,259.3404380251977,1.598146860264641,-35.88291552098311,-0.006948543385355061,287.1068458375478,2.0108776831280328e-08,6.248549819448202e-09
1.0500000000000001e-06,249.48257339371324,1.845458944960447,-36.833787056875835,-0.008136810197413028,252.31581028140448,1.8333102537115842,-36.376850490597974,-0.008194594549902404,298.624118896836,2.0127787962367817e-08,6.2959253390840175e-09
1.0525e-06,235.36446742866943,2.0299506249997767,-38.374100789422094,-0.009617995730966888,233.02300546115183,2.0325978411659715,-36.98375701737233,-0.009416990804115536,296.6442618388404,2.015011133549626e-08,6.40781739964194e-09
1.055e-06,202.9572712336326,2.2015554583615775,-37.97602623034297,-0.010087629791206363,203.0636061274995,2.1878912564336908,-37.70038326102493,-0.010604438777754355,281.25675969385253,2.0175346269442926e-08,6.579316188285508e-09
1.0575e-06,163.6684312833585,2.312455548136581,-40.15412917150332,-0.011285184368688979,164.54533961585787,2.2938258817409314,-38.52286055077985,-0.01174629698160058,253.15709251686164,2.020298563126399e-08,6.799297885899987e-09
1.06e-06,118.26622186659213,2.3770686827720056,-40.08317629279538,-0.012593499698293827,119.85210353311977,2.347737614949442,-39.446733136909906,-0.012832937490745905,213.61530127288117,2.02324512009939e-08,7.05166699946721e-09
1.0625e-06,69.60063529793133,2.333310204105317,-40.19420032223479,-0.014310566434373579,71.42129122169136,2.3494036376087264,-40.466992428547,-0.01385599703561176,164.41858487759816,2.0263128325287544e-08,7.3172797964409695e-09
1.065e-06,21.328859523633977,2.2861052784970584,-41.45065522800763,-0.014493440637711904,21.55902468997775,2.3006567610403037,-41.57811542898924,-0.014808497669854506,107.79052287637272,2.0294397199669936e-08,7.576152472107225e-09
1.0675e-06,-28.813117051140093,2.1801504002858842,-43.304438628656875,-0.015546913986373556,-27.68501889852346,2.204961516172153,-42.774107044623996,-0.015684838346713408,46.29057471254654,2.0325659150947022e-08,7.809579513953731e-09
1.07e-06,-75.95702517787264,2.099147237045247,-45.29256550581521,-0.01650213645431417,-74.57378626952969,2.0670321127238624,-44.04854591129137,-0.016480679092343988,-17.301602010737977,2.035635743308156e-08,8.00188543160624e-09
1.0725000000000001e-06,-116.97613251443545,1.9284056098808844,-45.78699300596956,-0.017683150950562134,-117.67401090807927,1.8925498342076643,-45.394633352709164,-0.017192755473736852,-80.11178572409217,2.0385993086298753e-08,8.141658380721062e-09
1.075e-06,-153.28974074020596,1.6836186140987457,-46.28604935371426,-0.018231287032626848,-155.79837245460354,1.6880050708179763,-46.80524505971825,-0.017818669957647967,-139.30109916131835,2.0414137152731605e-08,8.222423980041322e-09
1.0775e-06,-189.57162126231694,1.4463215024003238,-48.93488605095417,-0.01859569658687807,-187.92318515365199,1.460653467158465,-48.27298505681856,-0.018356707059701244,-192.19432014691523,2.0440440866088496e-08,8.242787286437295e-09
1.08e-06,-213.95081423294405,1.2034098997118245,-51.00874653270655,-0.019092666540470836,-213.10964104690078,1.2185435694428755,-49.790241503924804,-0.018805710947785503,-236.40079554609227,2.0464645294647972e-08,8.206098781610249e-09
1.0825e-06,-231.4712151878007,0.9626341747909208,-49.875914898962705,-0.018727066413328903,-230.45451552748628,0.9705511623056495,-51.3492438666551,-0.01916504898238066,-269.9224933422351,2.0486591363863965e-08,8.119702897464396e-09
1.085e-06,-240.0534794706715,0.7066128702775699,-52.72940807811186,-0.019676473342635004,-239.08895917296383,0.7263475813926489,-52.9421209778842,-0.019434665383629274,-291.24430913393707,2.050623034546456e-08,7.993829796402802e-09
1.0875e-06,-238.930634996509,0.48507591460308214,-55.19210031410196,-0.01929902382370892,-238.23294357701053,0.4962373904841981,-54.56095950683981,-0.0196152093756278,-299.4025454035949,2.0523633959271233e-08,7.840213951402055e-09
1.09e-06,-222.06610797173505,0.2393055079140804,-55.52401701821703,-0.019910013393300414,-227.30018770457178,0.2908236399036438,-56.19786234974828,-0.019708205421316745,-294.02846845057564,2.0539002399154307e-08,7.670573908142999e-09
1.0925000000000001e-06,-207.53087231439872,0.07343640173259222,-57.47774100445347,-0.019900898743289923,-206.03636880954105,0.12049241955466444,-57.845006457960054,-0.019716222600413173,-275.36497431476425,2.0552668055872674e-08,7.495154561531881e-09
1.095e-06,-175.17055954083156,0.0009043494125023548,-58.850268848322436,-0.019618481170358328,-174.66440273078666,-0.005253523338485392,-59.49469962557911,-0.019642997745030404,-244.25561042871993,2.0565092604643424e-08,7.321586852119971e-09
1.0975e-06,-133.1175915072989,-0.07931927265533537,-61.47989796086689,-0.0199366037637788,-134.00631333212536,-0.07854677756680463,-61.13943576883868,-0.01949347310637505,-202.10644919472045,2.057699138088403e-08,7.15432283838996e-09
1.1e-06,-84.84461415868194,-0.10188766424514271,-63.12742375031865,-0.018560629628830254,-85.55259800138212,-0.09390123935784148,-62.77194824369378,-0.019273723001120444,-150.82253671423675,2.059079998291736e-08,6.994828076098952e-09
1.1025e-06,-34.324776449497854,-0.047182970488359996,-64.77105210045907,-0.018470491048067316,-31.456913962764908,-0.048848565586169734,-64.38526076623543,-0.018990762645781558,-92.7217890425073,2.060575976547362e-08,6.842555029040245e-09
1.105e-06,26.140608301077,0.05216632547621581,-65.99022319355889,-0.0185144588156178,25.55476635550988,0.05563309997620258,-65.97273552238543,-0.01865225288280245,-30.430227661432756,2.0621076891978422e-08,6.6965126213194666e-09
1.1075e-06,84.43533846158978,0.2080603899223463,-66.45026367896523,-0.017961443357749934,82.35758603404338,0.21497419704819085,-67.52811807872362,-0.018266133075603725,33.2367107111702,2.06374059432963e-08,6.5570500233798975e-09
1.11e-06,135.07992683332628,0.4130726276762397,-69.61206646306573,-0.01762255485349713,135.66700452450556,0.4211929746698886,-69.04557873499779,-0.01784022778556783,95.40142544960183,2.0656699461351395e-08,6.4273596793541906e-09
1.1125e-06,178.92461526233728,0.633229807219054,-71.35399420862635,-0.01761088687693977,182.31544637282744,0.6633956531068893,-70.51974999061689,-0.01738187855305158,153.25421301542502,2.0679537752257725e-08,6.314229389088161e-09
1.1150000000000001e-06,219.07659824959234,0.8864439846087081,-71.73642523679256,-0.016761110834159067,219.5309793091753,0.9285499972877818,-71.94575983194976,-0.01689764915255266,204.18025915884957,2.0706356407015562e-08,6.227746145690001e-09
1.1175e-06,244.80657441512122,1.2309451334058672,-74.06413907530502,-0.0163306647559034,245.1812037809398,1.2024470741701727,-73.3192605842332,-0.016393141575759683,245.87782256809604,2.073741910781426e-08,6.179932149678141e-09
1.12e-06,258.0632254186362,1.4477234424043934,-75.46299614443394,-0.015773506095341363,257.950130352148,1.4707411000260777,-74.63645311101656,-0.015872942648995823,276.46226833495206,2.0772802919108033e-08,6.182591523421086e-09
1.1225e-06,257.65761659180953,1.7346743478467501,-75.7099228508941,-0.014916632268742637,257.4256616890491,1.7199493022782197,-75.8941061849764,-0.015340700635244365,294.55124916072924,2.0812397056255394e-08,6.244869443647561e-09
1.125e-06,248.68530635985817,1.9632448904831925,-76.34741154828417,-0.015161092766576642,244.08871979582992,1.9383037807095265,-77.08957089627836,-0.014799310979040367,299.32718430614733,2.0855914596424757e-08,6.371103455399177e-09
1.1275e-06,219.59547485124133,2.107518424111692,-79.16357561332724,-0.014266495294676048,219.2097827465829,2.116373524711932,-78.22079000805614,-0.014251174011684823,290.5742123788723,2.090291520023862e-08,6.55946033235114e-09
1.13e-06,185.7128011380643,2.296478417826371,-78.38421226953508,-0.013611058758440799,184.67211570438582,2.2474123613628625,-79.28630221264689,-0.013698477728612875,268.68794777687043,2.0952835856449614e-08,6.801637601556869e-09
1.1325e-06,146.93581171169555,2.3384012598520765,-81.12537485989604,-0.01346031048588218,142.75101869587093,2.3274311060089237,-80.28524128657698,-0.013143457271487503,234.65759981855098,2.1005026093439328e-08,7.083642052816232e-09
1.135e-06,96.1711300367706,2.373978433866891,-80.85059360608997,-0.012677147450104193,95.88331276159026,2.3550322599032314,-81.21733018654204,-0.012588589617223964,190.02126273430164,2.1058784083037364e-08,7.3874215912199565e-09
1.1375000000000001e-06,45.19587263215276,2.3054760160774523,-83.35656044463443,-0.012166944739872208,46.460304925370735,2.331076502305733,-82.08287017238298,-0.012036695835261088,136.79639730997408,2.111339056210028e-08,7.692982964056616e-09
1.14e-06,-2.7584076782910505,2.2457560192294346,-82.96803768284533,-0.011185778235695986,-3.32909048564094,2.2582669551324335,-82.88272508594135,-0.011490941532927504,77.38864625373843,2.1168138396297707e-08,7.980597779072057e-09
1.1425e-06,-55.10758252023562,2.1163480935962817,-84.19486128968958,-0.011215293180557199,-51.58926123366138,2.140737368898659,-83.61830095630721,-0.010954745415816435,14.483104624040147,2.1222356724907427e-08,8.232764697175517e-09
1.145e-06,-94.59249572248682,1.9508502813134025,-83.15313734271174,-0.010274282789106477,-96.74016275087857,1.9837146154405527,-84.2915211419873,-0.010431622738243534,-49.077040352283404,2.1275429740735872e-08,8.435713396910197e-09
1.1475e-06,-138.1386198796908,1.8017785561550832,-85.78278363934479,-0.010050540067355366,-137.48126828610003,1.7932976741541857,-84.90479725857088,-0.009925001774680246,-110.41901486785211,2.1326811069509577e-08,8.580357898864152e-09
1.15e-06,-171.78232316766233,1.5570940797738282,-84.4875236041298,-0.009773131622846817,-172.71804201809266,1.5763603789269793,-85.460996176225,-0.009438055290703955,-166.7703013686713,2.137603525765364e-08,8.662698114983312e-09
1.1525e-06,-201.2309489026846,1.3698707545172355,-85.23581196676933,-0.008892535493486863,-201.47790813378813,1.3405504314900918,-85.963403404498,-0.008973584693188385,-215.58395003371672,2.1422727969793675e-08,8.683716081905165e-09
1.155e-06,-222.9014148364423,1.0980641390981232,-86.50585406180483,-0.008860733534869117,-222.84337700210858,1.0943293684082356,-86.41568321216239,-0.008533982945174066,-254.65369510667463,2.1466616140146438e-08,8.64882572757768e-09
1.1575e-06,-236.5053487266167,0.8349131201929034,-86.3201489194289,-0.007568129661309135,-235.92516199948585,0.8469827454468891,-86.8218358569279,-0.008121285625259503,-282.2136730837972,2.1507538605492918e-08,8.566934314172058e-09
1.1600000000000001e-06,-237.74977252808998,0.6250553975650737,-87.05766829850228,-0.0077398991910630245,-239.88871976394236,0.6085298977737342,-87.18615232356476,-0.0077373008159004044,-297.01823572287117,2.1545456832346357e-08,8.449184263216578e-09
1.1625e-06,-235.05603081782965,0.40527162438065906,-88.45696174747327,-0.007920624022413367,-234.0354548510128,0.3894784667640664,-87.51316698909595,-0.007383791313944494,-298.39825050704417,2.158046443812905e-08,8.307481172903772e-09
1.165e-06,-219.97832498789268,0.1970893548164459,-88.4824714537741,-0.0069469865095749695,-217.92714563163022,0.20039771983585028,-87.8076086500757,-0.007062670205187693,-286.2913439107829,2.1612793499156585e-08,8.152975480329685e-09
1.1675e-06,-191.3656389756872,0.06006822677353156,-87.44480628111172,-0.006640346109556041,-191.53137073344863,0.05132132524861117,-88.07435035943004,-0.006776165522459205,-261.244720541174,2.1642815304907646e-08,7.994729955256434e-09
1.17e-06,-155.39473364983314,-0.06072989227665178,-89.14412893695301,-0.006140610491781894,-155.35890878264587,-0.048972061236428506,-88.31835852879382,-0.0065269126234459175,-224.39043073583588,2.1671033358864133e-08,7.838837980237608e-09
1.1725e-06,-113.16091858040856,-0.1072499230148618,-88.96333369301117,-0.006252251811764465,-110.56260328637266,-0.09372035031088939,-88.54464175666817,-0.006317943702975465,-177.39420446567732,2.169933358515744e-08,7.688223294895236e-09
1.175e-06,-57.803063227398276,-0.08289251474923864,-89.83558453002907,-0.0063464466579334034,-58.9714256995721,-0.07888208969887522,-88.75819984301592,-0.006152560693538706,-122.38016413358008,2.172831440177131e-08,7.543232931204432e-09
1.1775e-06,-4.6736590574035555,-0.02188778303820715,-90.32655613142,-0.005900102273617434,-3.042794567551832,-0.0036800086815034806,-88.96397344711019,-0.006034097793996979,-61.83481907905363,2.1757196960865497e-08,7.402945419340617e-09
1.18e-06,57.889524252928354,0.10995941203206618,-88.64502910813708,-0.005943144872458426,54.27094759862585,0.12910503702280726,-89.1667948376034,-0.005965599493709475,1.5053189813861183,2.178519618282076e-08,7.266904529298582e-09
1.1825000000000001e-06,110.19850075637923,0.29329561548584654,-88.50727933344758,-0.005422950906869403,109.73185127067005,0.31314926816390115,-89.37134017195764,-0.005949455752101682,64.77742005193086,2.181490566488417e-08,7.136825293566347e-09
1.185e-06,159.66476196242462,0.538043073444298,-89.48887731684384,-0.006431315675984088,160.07844701856354,0.5389293945718783,-89.58208372669729,-0.005987045125765818,125.12172925377494,2.1847082492764812e-08,7.017770651768161e-09
1.1875e-06,203.85590805327405,0.8120001358477872,-89.70152872047284,-0.006421204508525196,202.30806890042638,0.7943684215151046,-89.80325448055291,-0.006078437430346004,179.81082123312456,2.1882267221858803e-08,6.9183982158654266e-09
1.19e-06,234.57903283600643,1.0585686504290952,-89.79173705279828,-0.006151032496025988,233.94253842330258,1.0657161629056566,-90.03879542963342,-0.0062221997665993034,226.37287357600948,2.1920846129946394e-08,6.850110640757224e-09
1.1925e-06,252.61968556554518,1.383682587285032,-90.25909724996431,-0.00601332711528554,253.24196882669133,1.3385648442380533,-90.2923259875275,-0.006415334710832874,262.7033875523162,2.1963029587249248e-08,6.825243114640903e-09
1.195e-06,260.311089651645,1.5824634106924589,-90.95645197428844,-0.00640647034519738,259.3388303385774,1.598883443093136,-90.56710779390136,-0.006653359718320144,287.1603066658144,2.2008843561780902e-08,6.854693162082281e-09
1.1975e-06,250.9295926573906,1.8616387122319,-91.82872501125085,-0.006891062760397767,252.27630960972436,1.833955531500772,-90.86601422303039,-0.006930515692025955,298.6382338683248,2.2058134489326064e-08,6.945554345633025e-09
1.2e-06,232.4860227864715,2.0105084988834663,-91.04836002644115,-0.007745489787509326,232.94938167027738,2.0331239510245553,-91.19150384904125,-0.007079862589618657,296.6183929889852,2.2110586247164507e-08,7.099309783480967e-09
