time,v_coil,i_coil,v_bias,i_bias,v_coil_clean,i_coil_clean,v_bias_clean,i_bias_clean,v_coil_src,density_state,heating_state
0.0,14.600251790774406,0.042796418094692756,20.724922767221692,0.03561380811544497,14.487395920594471,0.03818714063577952,20.670541280202812,0.0348777210222634,0.0,0.0,0.0
2.5e-09,24.398293803804123,0.07424836939232139,25.15911293129425,0.03239781582931058,24.096271156919485,0.08028074813328955,24.73672916548246,0.03280369997009105,12.263397353345782,2.1209253433956296e-11,8.837096375072133e-12
5e-09,32.54996991514739,0.13465173017592846,29.326932761846514,0.028110848046067984,32.58038133282013,0.13052957745159266,28.386440036060097,0.028502415556834155,23.972517073761203,4.608007696246494e-11,2.8480607585547197e-11
7.500000000000001e-09,39.53376360381263,0.18632721818169085,35.61203107265692,0.023176419222381974,39.36588656491394,0.18611940479694272,31.569427019695812,0.024018971381415198,34.598133615067624,7.411449147087873e-11,6.962376805090014e-11
1e-08,44.31877629170812,0.24947313140352992,35.398162201873575,0.01922129787347733,43.99612531090096,0.24388079279962313,34.23768007432568,0.019384356929392256,43.659993307319795,1.0476363931689129e-10,1.4556969094590544e-10
1.25e-08,46.01214965621651,0.30575513948663613,32.57091923778187,0.013842941770563846,46.17906166319508,0.3005497621372418,36.345856749582296,0.014604807846318455,50.74852072900549,1.3742966713508984e-10,2.6990981682863604e-10
1.5000000000000002e-08,45.92612119424824,0.35638776672005584,35.187876663569845,0.009338588887516677,45.81527783541581,0.3530320913796277,37.85169360514968,0.009670060728513232,55.54333058337153,1.7146952647416529e-10,4.5370474468788463e-10
1.75e-08,43.58723130649059,0.3984116633967672,36.60328046382041,0.004996687610779116,43.00260240212257,0.39863842592621734,38.71639467434702,0.004558550462925149,57.82770838422341,2.0620062943021011e-10,7.028887235915836e-10
2e-08,37.85947765325918,0.442630611503138,39.87390489039988,-0.0009776733994058381,38.01714101384051,0.4352625426124801,38.90499355087535,-0.0007601232484587897,57.498405457177334,2.409081004912048e-10,1.01656176327557e-09
2.25e-08,31.626884471039713,0.4636141148872012,37.625657188969676,-0.006209621172985795,31.274167321132573,0.4614845756887112,38.38668589638606,-0.006324715751989202,54.570305544614065,2.7485320726029165e-10,1.3865744748932557e-09
2.5e-08,23.36605201987297,0.46982537102137467,33.666581492470456,-0.012405374106439158,23.27540176124835,0.4765931033365794,37.13512941456499,-0.012182889815875213,49.17575209441808,3.0728245577957003e-10,1.7984481912179332e-09
2.75e-08,14.722165959261561,0.48424717395220085,38.346626494150534,-0.017580533522396104,14.55112990262242,0.4805326196438444,35.1287086115978,-0.018391410541766743,41.55856663751898,3.374368143869931e-10,2.2333339681580684e-09
3.0000000000000004e-08,5.638978721587582,0.4656137942258534,32.94650423134386,-0.025061514514969505,5.606069297704138,0.4737939030472535,32.35076196083988,-0.025013482978886118,32.06302860994842,3.6456058405085016e-10,2.6705035841908515e-09
3.25e-08,-3.1148141936852154,0.46288626457175386,27.87245449946457,-0.03209199049319043,-3.1231764458601665,0.4572722812006473,28.789769408644304,-0.032108391486753846,21.11831470635912,3.8790955069405367e-10,3.089828973377145e-09
3.5e-08,-11.43625504488742,0.4315546771179346,22.53100792033737,-0.03990400475952391,-11.293626010183656,0.4321215682513829,24.43949849583909,-0.03970466253112277,9.219101070790925,4.0675821330657125e-10,3.473821720490657e-09
3.75e-08,-18.673160242018685,0.3990592507417714,14.976471493593582,-0.04810325711106764,-18.662205964814984,0.3996291512989046,19.299107722352957,-0.047744035609544766,-3.0967949385135807,4.204060513773761e-10,3.809002454967742e-09
4e-08,-24.777855265500044,0.362736560435759,15.411796785606473,-0.05695443985786044,-25.074176931879137,0.361130878225512,13.373206147864181,-0.05598818897122526,-15.272722868929922,4.281829459240203e-10,4.0865701491215804e-09
4.2500000000000003e-08,-30.263963546265387,0.32336602138063464,13.202894972388847,-0.06400319263591513,-30.438256021634682,0.3179744066034757,6.671868595939458,-0.06391452663755619,-26.758358506250005,4.2945397400563975e-10,4.30248191983786e-09
4.5e-08,-34.55641047454418,0.26868388009017613,-2.2690782719623552,-0.07104479215567182,-34.695256904227804,0.2715284292142001,-0.7893937903779715,-0.07070526006923415,-37.03457727591064,4.236238398410289e-10,4.457109685517735e-09
4.75e-08,-37.62639129158478,0.22168945355083874,-8.405145700875941,-0.07521532981753991,-37.78800791614659,0.2232248224308297,-8.989707510465848,-0.07548030217796631,-45.636917491561285,4.117438381383187e-10,4.555079403896921e-09
5e-08,-39.37849430320629,0.1733717309433499,-21.129653276453745,-0.0787746684273066,-39.639763081130695,0.1746132208353108,-17.902954672100556,-0.07775557855422777,-52.17657296556817,4.083027430498698e-10,4.607844666807604e-09
5.25e-08,-39.84177753938419,0.12876261080785092,-27.786478047838944,-0.07821928828958835,-40.14640269644548,0.12740422818128247,-27.497934069862573,-0.07777216519757091,-56.357966163266816,4.1373778052681153e-10,4.624962398221929e-09
5.5e-08,-38.86596962980467,0.08551431447249984,-36.00181755651865,-0.07526933236841872,-39.18479016143953,0.08347906827975476,-37.738564113482624,-0.07634618980132087,-57.99210763441006,4.2844988769134566e-10,4.616900767078003e-09
5.75e-08,-36.71552445337548,0.0422854475804198,-48.091408943236665,-0.07446315558433599,-36.63625475551029,0.04484969455897985,-48.584125983460694,-0.0743855746632336,-57.00513790593341,4.5280099341927694e-10,4.593840527353311e-09
6.000000000000001e-08,-32.35395259028484,0.012178887981823018,-61.56568735182957,-0.07184196393405236,-32.42093631768927,0.013563093176768546,-59.989545044924355,-0.07251689330428517,-53.44166576193733,4.871114011978334e-10,4.564502901265014e-09
6.25e-08,-26.696695036716932,-0.0025647580765757357,-71.04907461259836,-0.07029484833834818,-26.536259223167107,-0.008445043982663497,-71.90570822116366,-0.07101438639442519,-47.46275202823362,5.316569790800347e-10,4.53521416544607e-09
6.5e-08,-19.111671273639445,-0.023044072721272346,-84.15458780462791,-0.0704595442388397,-19.09156476274756,-0.019531044724183676,-84.27981471849216,-0.06990979274071418,-39.3386299898024,5.867659470518299e-10,4.509463942347422e-09
6.75e-08,-9.840613768995285,-0.021302797937192454,-96.45873748913318,-0.06891444162741855,-10.331166958509446,-0.018533546140136928,-97.05575720672589,-0.06912152120031939,-29.4364914617137,6.526428304776057e-10,4.488172497422117e-09
7e-08,-0.6799448589232772,-0.005012669366435107,-110.17068961210632,-0.06828649302581434,-0.6397851942222683,-0.004944013075300143,-110.17453029719199,-0.06853729573310169,-18.20389055529212,7.292607408074282e-10,4.470732021192831e-09
7.250000000000001e-08,9.357406155690303,0.022168331561797622,-120.64316134427132,-0.06819910456382883,9.472836768365752,0.02097131877530322,-123.57466292504922,-0.0680518979223827,-6.14851525150026,8.165307867484767e-10,4.4566544881012316e-09
7.5e-08,19.45445589200488,0.05962983916200513,-138.20566544781957,-0.06652062710033098,19.407789030845635,0.058121275319736515,-137.19267103689305,-0.06757896047761913,6.184758939642483,9.145546962598853e-10,4.4474180421701095e-09
7.75e-08,28.34961252788512,0.10695314815720641,-152.72414483176632,-0.06739638309892534,28.529418977723616,0.104624737803495,-150.96352680994113,-0.06705151494053818,18.238496111268034,1.0233160072457112e-09,4.4479526654202805e-09
8e-08,36.34548096843923,0.15975502024822677,-168.59882018787366,-0.06703280975908603,36.227418466822684,0.1579317767267685,-164.82114048705526,-0.06641897766177392,29.467894793200493,1.1426630882707049e-09,4.467224847332889e-09
8.25e-08,41.99488074993407,0.21256674777984175,-184.86324663031237,-0.06539582277647404,41.97980606698939,0.2150189960830985,-178.69885080372586,-0.06564373009748266,39.36541173773174,1.272367229465779e-09,4.51759321592376e-09
8.500000000000001e-08,45.31012611951882,0.2770160955269146,-195.1521061041932,-0.06585740264541794,45.40763041938789,0.2726359422950496,-192.52991990984455,-0.06469828163444696,47.48370171858911,1.4121218578507932e-09,4.612958814285008e-09
8.75e-08,46.34142583156784,0.3292803623212638,-207.64892140238058,-0.06365350079256007,46.31336122614671,0.3275718216375104,-206.2480286512714,-0.06356315510925595,53.455836516423666,1.56154374111596e-09,4.7661087517285074e-09
9e-08,44.910819426416744,0.37225320876888907,-215.91767385779605,-0.0627358773115587,44.69743191644444,0.376909056338458,-219.78776807419425,-0.06222537453542325,57.01188923871889,1.7201762334481314e-09,4.985916536498497e-09
9.25e-08,40.78463594453402,0.42214769961500176,-235.4823214258852,-0.0607747911233945,40.75082517806945,0.4182328365575222,-233.0851230490857,-0.06067739321935686,57.99113440062759,1.887494412725115e-09,5.275120429194183e-09
9.5e-08,34.46747264263739,0.4431049619729596,-243.13149883446883,-0.05853557313196096,34.82535829168986,0.4497733110869282,-246.07794398038905,-0.0589163239853886,56.34931235086702,2.062911776623488e-09,5.629234348169629e-09
9.75e-08,27.367769048372754,0.46747282669614,-257.0235355900227,-0.057377294291562006,27.386779791701173,0.47046808302848064,-258.70640267229913,-0.05694336669438682,52.160629707164176,2.24578803395049e-09,6.0368196876226386e-09
1e-07,18.673726765680016,0.4865823551656273,-269.19480602122434,-0.05444763459154109,18.958338924888402,0.47994531344038416,-270.91342855922176,-0.05476335668706552,45.614405386125384,2.435437466104688e-09,6.480980032401479e-09
1.025e-07,10.12241109472074,0.48139329345881793,-281.84426298764976,-0.05216378460621262,10.06370250367864,0.4784397999307836,-282.6451216804846,-0.05238437987227948,37.00651381934169,2.6311373492286645e-09,6.941656284922299e-09
1.05e-07,0.8893336121294555,0.4641267190937378,-292.9468786550956,-0.049976364081049864,1.1777753504383774,0.46666382813147145,-293.85113898112206,-0.04981741777874626,26.726012102876002,2.8321360143810925e-09,7.398175124799793e-09
1.075e-07,-7.300194246782672,0.44908070116660653,-301.947714072346,-0.04664049552948099,-7.307792820101273,0.44565982138807964,-304.48505075229235,-0.047076000599585985,15.237555502520918,3.0376602629617735e-09,7.831549611214199e-09
1.1e-07,-15.536975556015564,0.4152670698730445,-312.44260644983467,-0.04464944856730577,-15.10052625067457,0.41666203258751955,-314.50466428406315,-0.04417585869468096,3.0603960939444765,3.246922021009537e-09,8.226197789182448e-09
1.1250000000000001e-07,-22.29279381050445,0.37866398373985966,-322.96097978526996,-0.0415156074825884,-22.0040669043763,0.3809898299107042,-323.87231208765587,-0.04113457301250175,-9.255086248636616,3.4591242783244956e-09,8.570953865889194e-09
1.15e-07,-28.059229817729484,0.3449760953154061,-329.4075202237023,-0.03810758865498993,-27.89919048515732,0.33998650318050533,-332.55510235125115,-0.03797123195260259,-21.152259769391737,3.6734664877171288e-09,8.859422416881427e-09
1.175e-07,-32.67250926900125,0.2924058839915693,-339.61177816275165,-0.034276292219817636,-32.714732475586146,0.29500663568280294,-340.5251296204525,-0.0347061058789022,-32.0933993186221,3.8891496738957505e-09,9.089824860398125e-09
1.2000000000000002e-07,-36.60544906565304,0.24699806450613324,-349.1939226455757,-0.0318870992205098,-36.39589839670515,0.2474440170426663,-347.75964403859336,-0.031360350715483945,-41.58399030496497,4.1053815090842234e-09,9.264502770204616e-09
1.225e-07,-38.79778751499112,0.19883615345539354,-354.2833266397632,-0.028110930510175627,-38.87763001203496,0.19878290249955477,-354.2411778402488,-0.02795574917909634,-49.19507962876501,4.32138155456749e-09,9.389198844846658e-09
1.25e-07,-39.57346505402373,0.1527147220330651,-354.7856964250202,-0.02411275785734431,-40.069434686803454,0.1506498788496793,-359.95762816042304,-0.02451449305273026,-54.58266338532414,4.536386757465454e-09,9.472173567519239e-09
1.275e-07,-39.82489156591133,0.10520938537132588,-361.4146680998081,-0.021265744414552656,-39.855600909193676,0.10484273059097698,-364.90229559869715,-0.02105900365204064,-57.503235057992974,4.749657153374612e-09,9.523173727234996e-09
1.3e-07,-38.213217563056176,0.0641414298671195,-372.7760001151267,-0.017240714010096695,-38.11148279899548,0.06331670061631021,-369.0738783588322,-0.017611781601207997,-57.82479145818619,4.960481586781476e-09,9.552274833326104e-09
1.325e-07,-34.95791216756472,0.027892886533736443,-372.4794883696707,-0.013433737541678155,-34.733141590572714,0.028116698004528096,-372.4764221665946,-0.014195272461783637,-55.53279896889561,5.168183151181828e-09,9.56867746964339e-09
1.35e-07,-29.85517650223675,0.004958321373487372,-375.57161096581694,-0.01094947062350915,-29.674713019843125,0.001254838271136529,-375.1192265485507,-0.010831732600072069,-50.730850431081535,5.3721239932919e-09,9.57962579163807e-09
1.375e-07,-22.864423154561845,-0.016594886171983382,-375.3755708177502,-0.007876989560731231,-22.985972068488824,-0.015455780408306677,-377.01670842894015,-0.007543080430553419,-43.635982983173385,5.571709134683978e-09,9.589690232248479e-09
1.4e-07,-15.01970584628687,-0.020630028585369987,-375.09907858680964,-0.003252365374638076,-14.842053137101786,-0.020590095780392524,-378.1882243672248,-0.004350721785603448,-34.56886847667146,5.7665721438164524e-09,9.600663743005825e-09
1.425e-07,-5.216505323605906,-0.013967491051033855,-381.9240367050838,-0.0009838424305590736,-5.558267807595785,-0.013295213017324519,-378.65785311229496,-0.001275344054005604,-23.939319838725186,5.956081660819437e-09,9.61222459954427e-09
1.4500000000000001e-07,4.542644455366244,0.005968681634293997,-376.7741375971871,0.0013813787183272704,4.414713092181692,0.006560073246162491,-378.454140487558,0.0016633191074215297,-12.227768461093543,6.139632147739931e-09,9.62332078616051e-09
1.475e-07,14.695935993438262,0.03843241476444675,-380.83632860067,0.005073185395947074,14.516781569220955,0.03829696062994504,-377.6098089412368,0.004446743507897859,0.03645020467625316,6.316744409125008e-09,9.63398291046882e-09
1.5e-07,25.080852275641107,0.08319099605077175,-376.4430804450054,0.006124978043074797,24.12325452283878,0.08041824297760605,-376.1614343954248,0.0070578757041589784,12.299021404202852,6.487213201611779e-09,9.647064604016474e-09
1.525e-07,32.872443584773,0.12515494852975706,-377.13891800916963,0.009370271222195588,32.60315422578707,0.13068720088102737,-374.149093303149,0.00948138134032137,24.00570484482702,6.6507109589758534e-09,9.669336219621973e-09
1.55e-07,39.908356177716804,0.19399902878470043,-371.656504654356,0.011182983319071948,39.38290237917438,0.1862882074966221,-371.61598307249733,0.011703861457823476,34.62738509466853,6.8069485977948195e-09,9.711475365330575e-09
1.575e-07,43.7781511943081,0.2401881873623597,-370.43115076023304,0.013988501417769533,44.00626139870432,0.24405115312597417,-368.60801923862203,0.013714020222972762,43.68398639519225,6.955673958367587e-09,9.786791389590172e-09
1.6e-07,46.154946079919156,0.30221496930771885,-367.38464304928436,0.01452525961582168,46.18173327616972,0.3007121770868674,-365.17341295620224,0.015502772784898065,50.766170992217134,7.096671218669191e-09,9.908901273586194e-09
1.625e-07,45.393458858258185,0.3504226144822211,-360.3276560115976,0.0165154562223165,45.810487186993726,0.3531779284050765,-361.3622325451077,0.017063289087463986,55.55384027022018,7.229761443605098e-09,1.008890964318757e-08
1.65e-07,43.10383345547831,0.40134737583485125,-351.84430362865254,0.018153763301911235,42.99091658787582,0.3987605440074859,-357.22595294917164,0.018390977206716178,57.830602480797175,7.354804235983819e-09,1.0332814355734086e-08
1.675e-07,37.95881507839541,0.437070132277459,-355.7021505946129,0.019802147059458965,37.99960371649444,0.4353557132402958,-352.8169970610886,0.019483416852302638,57.49355315690181,7.471700266322213e-09,1.0639801125102423e-08
1.7000000000000001e-07,31.99933534813862,0.4548458017178816,-349.09794731717574,0.02029102624009443,31.252159491977306,0.4615456671745003,-348.1882729247223,0.020340258860469713,54.557926160411554,7.58039430645776e-09,1.1001831326449137e-08
1.7250000000000002e-07,23.241097786707446,0.4759045744447495,-342.35501476918705,0.021642363421110106,23.250474045840512,0.4766210294148386,-343.3927108490714,0.020963108953547263,49.15640514626296,7.680878301085862e-09,1.1404564443204598e-08
1.75e-07,14.589408376798296,0.4821048918784605,-339.1836125443323,0.02170986276309583,14.524833181621526,0.48052808917813494,-338.48280445566115,0.02135541336588662,41.53312656340914,7.773193995235197e-09,1.182931792079093e-08
1.775e-07,5.654408172227643,0.4740202634841007,-333.1191854409083,0.022300646192724913,5.579808764834178,0.4737590356680632,-333.5101596333393,0.021522360307254913,32.032645243298866,7.857434694897393e-09,1.225555718844626e-08
1.8e-07,-2.9483305142940233,0.45102463913480617,-331.4279859888057,0.02250179312695247,-3.1482435196711744,0.4572101692245042,-328.52505529185214,0.021470805336130577,21.084361306150257,7.933745860213837e-09,1.2663372441898131e-08
1.825e-07,-11.532704653197253,0.4261133034193216,-322.1144311199039,0.00792332043259432,-11.316637283764525,0.4320358658630996,-323.57601968892203,0.007873698398964402,9.183112253390188,8.002324392889815e-09,1.3035514335261559e-08
1.85e-07,-18.496918184908854,0.3979294972721886,-325.3935700996963,0.013039313752801582,-18.68258462740011,0.39952375801503,-324.66986009396544,0.012836786691880127,-3.1331925605170357,8.063416652536848e-09,1.3358759062227476e-08
1.875e-07,-25.02218756549823,0.36249821150614064,-313.301845170513,0.031213043816867524,-25.091574969248306,0.3610097580036032,-317.5018620938405,0.030892536580400094,-15.307884205909858,8.123365938620196e-09,1.3626302129573966e-08
1.9e-07,-30.676173340556943,0.3184290194404201,-311.8550024366531,0.030562684364570276,-30.452467513109912,0.3178415516036589,-310.5296243654262,0.029955106903507087,-26.79069434584784,8.17378850689666e-09,1.383192602720043e-08
1.925e-07,-34.941085829606976,0.27709245191292803,-307.34776860987455,0.02788614106495961,-34.706123578907494,0.271387944302273,-303.7924070348958,0.02885083993180205,-37.062626111815,8.215176864354908e-09,1.3976299221550239e-08
1.95e-07,-38.08793511995488,0.22285775298753333,-297.07592735438624,0.0279065784880984,-37.7953397822938,0.22308107924704595,-297.32572263421196,0.027596377760340973,-45.659411580264916,8.24805486641468e-09,1.4063888134515246e-08
1.9750000000000001e-07,-39.78776828392162,0.1808094072901602,-289.5799645373998,0.02630254868577791,-39.64329318210065,0.17447101376310606,-291.1610885401289,0.02620952269703093,-52.19249562548747,8.272973230402086e-09,1.410214921303865e-08
2e-07,-40.25357693164346,0.12859709184747126,-278.79553501904087,0.025267778950529278,-40.14578766031544,0.12726886196654108,-285.3258171403438,0.024709063553894937,-56.366597726434115,8.290505272340868e-09,1.410056737266685e-08
2.025e-07,-39.51651204917659,0.08002274507403458,-284.00510323281424,0.02435338936688281,-39.17965857799793,0.08335631894702848,-279.8428453451687,0.02311456615678731,-57.993057973826865,8.3012428300964e-09,1.4069553103928909e-08
2.05e-07,-36.68786931976767,0.04530011683662841,-275.0630661400562,0.020649291273709073,-36.62629532088601,0.044745609519504924,-274.73060470982614,0.021446139065287508,-56.998364068422276,8.305792207390366e-09,1.4019243628512834e-08
2.075e-07,-32.101677041617776,0.016412304070591723,-270.2170990672528,0.019157800031411897,-32.40600900762855,0.013483628628673134,-270.002933068912,0.019724189277914535,-53.42747390952773,8.304769885550266e-09,1.395833098859291e-08
2.1e-07,-26.511338320208935,-0.009995911541385467,-261.7173217231381,0.017760910169446607,-26.51650711319714,-0.008494516016359331,-265.66902821396286,0.017969183896755645,-47.44178360033531,8.298797722391617e-09,1.3893127455864505e-08
2.125e-07,-19.141880275311244,-0.019824989237150512,-259.53343206453513,0.015763993347427733,-19.067502584830322,-0.01954629744317905,-261.73344377070293,0.016201432150209742,-39.31183271160503,8.288598031795943e-09,1.3827125291702684e-08
2.15e-07,-10.417303916956719,-0.013875835117170936,-255.5685281676349,0.01468830987443128,-10.303725406388267,-0.018512044856424898,-258.1961270577506,0.014440898137205808,-29.405076509166303,8.274812776620363e-09,1.3761265878512836e-08
2.175e-07,-0.6738631860670953,-0.009141832675405116,-251.49066806178638,0.013473971383620947,-0.6102968969443103,-0.0048853596194149505,-255.05249833666272,0.012707048917103028,-18.169277812708557,8.257895603688886e-09,1.3694982615117479e-08
2.2e-07,9.49182763509271,0.020805630636086883,-255.6452948530501,0.011709679503800276,9.502713982660737,0.021065123176540242,-252.29357049748222,0.01101873618426423,-6.112269136021538,8.238277208784906e-09,1.362784942981697e-08
2.2250000000000001e-07,19.421998567329926,0.05849516124521081,-246.79794811754786,0.009884204357562418,19.436205162435733,0.0582458043475492,-249.9061078676537,0.009394103902883739,6.221000186139927,8.216615783143717e-09,1.3561426241019303e-08
2.2500000000000002e-07,28.262632433095455,0.1123247895917727,-251.2476264390819,0.007959142573848757,28.55450477676795,0.10477337345594945,-247.872822488462,0.007850510006303019,18.273094466974673,8.193481721143561e-09,1.3500741904560822e-08
2.275e-07,35.66422424949111,0.148704715863303,-244.65246818564583,0.006804481984439727,36.247474469901725,0.15809618532139055,-246.17260587501727,0.006404448369670572,29.499286491229064,8.169339595448964e-09,1.3454874721957453e-08
2.3e-07,41.98686925296507,0.21973668716422673,-247.59061219426752,0.00472272906049736,41.99348051646686,0.21518979372142147,-244.78079396620143,0.005071458104350617,39.392177944819835,8.144601765622235e-09,1.3436303354926379e-08
2.325e-07,45.55223665584202,0.275760831708026,-242.1320130165852,0.004052169779493813,45.41405995127671,0.2728034680889801,-243.66946268257828,0.0038660106673047336,47.50463266313108,8.119623729444624e-09,1.3459052976770115e-08
2.35e-07,46.4873861412328,0.3265828230802955,-248.3025000190244,0.003356252477100251,46.31225374088296,0.32772692134930337,-242.80775124562874,0.0028013707315564,53.46998616739231,8.094701391297198e-09,1.3536036402544874e-08
2.375e-07,44.37498737782925,0.374786206887272,-243.71520064182343,0.0019720958983271346,44.68908004913097,0.3770437789918018,-242.1622101730847,0.001889433261442698,57.01861806411341,8.070070330835285e-09,1.3676254018948494e-08
2.4000000000000003e-07,40.73513675912548,0.4150703567197509,-240.54150376637446,0.001195701118047603,40.73604971145885,0.41834096197376514,-241.69717065471272,0.0011405456162880754,57.99013827286366,8.045906950994307e-09,1.3882573687335275e-08
2.425e-07,34.795891044360594,0.4523476897345767,-243.92617823341365,0.00016964248427202365,34.80539182012978,0.44985065444292194,-241.37513183245687,0.0005633286112616891,56.340636292651084,8.022331202495722e-09,1.4150644382271807e-08
2.45e-07,27.315252089649885,0.4749813854316609,-237.27681701799162,-0.00025743676607681873,27.36311005790275,0.47051255848447876,-241.15716235995106,0.0001645133484755838,52.144665856569695,7.999410450520588e-09,1.4469170848939038e-08
2.475e-07,19.45980512466182,0.4840185039479928,-237.5548260758857,0.0006143071351583252,18.932536955450345,0.47995677639801354,-241.00331250033966,-5.118926773383295e-05,45.59187527284456,7.977163987344306e-09,1.4821410259749961e-08
2.5e-07,9.926229893875988,0.47576353264682264,-242.60031789523222,0.0005997171037845387,10.037262012212093,0.478419720098282,-240.87303293909034,-8.117217268415124e-05,36.978435753187235,7.955567709683495e-09,1.5187467769233923e-08
2.525e-07,0.918650475546187,0.46274507336027293,-244.85432229617825,0.00046481379182808727,1.1519866809496806,0.4666148677800696,-240.72559644070625,7.504004364302446e-05,26.693655148495594,7.93455856530647e-09,1.5546843792768503e-08
2.55e-07,-7.434732870390668,0.44090854778778243,-241.7776505324225,0.0010729703569465744,-7.331918047438254,0.44558540137344305,-240.5205184653571,0.0004158214135728552,15.202382120566394,7.914038512118464e-09,1.588073217746834e-08
2.575e-07,-15.456604496762184,0.4149577800814735,-236.9038252001978,0.0013782272453002925,-15.122273340795449,0.41656596181538647,-240.21797288346863,0.0009375281233038895,3.023996041179539,7.89387789778323e-09,1.6173735730004554e-08
2.6e-07,-22.170324351799966,0.3857593159659634,-238.52785042669439,0.00231506759394137,-22.022983232434008,0.38087605358917936,-239.77919898303574,0.0016346242160229832,-9.291067772720751,7.873918328460074e-09,1.6414874273249257e-08
2.6250000000000003e-07,-28.43287230104721,0.3427984860719536,-235.8262838649142,0.0029585356454711123,-27.91501116509463,0.3398589954646113,-239.1668960552576,0.002499834091718607,-21.1861964818473,7.853975222522742e-09,1.6597936116028655e-08
2.65e-07,-32.74203893287722,0.2954258323541988,-240.19582373301162,0.003879024588498283,-32.72728685513921,0.29486942887967255,-238.34560196819987,0.003524304844938814,-32.1237573573301,7.83384031706652e-09,1.6721322343372653e-08
2.675e-07,-36.518942285897914,0.25102982425918563,-235.21028112402314,0.004499895677723624,-36.40502045890392,0.24730132872969893,-237.28205229439357,0.0046977628780327865,-41.60939755570996,7.813284400169696e-09,1.6787548444344557e-08
2.7e-07,-38.34621424579703,0.20250144140222137,-233.03118224008298,0.00556367579919797,-38.88309412710676,0.19863929951087198,-235.9455167451527,0.006008653341528825,-49.21438774167368,7.792060481467227e-09,1.6802523922807428e-08
2.725e-07,-40.20831182978234,0.15215323685999366,-233.7337056151822,0.007660580181756308,-40.070932443820794,0.15051040733293375,-234.3081098801996,0.007444257032057607,-54.59499967766311,7.769907501144182e-09,1.6774667758708556e-08
2.75e-07,-40.15491017938472,0.10843031255111997,-235.2249702534507,0.009082187071267131,-39.85276603878661,0.10471294611331743,-232.34507330397236,0.008990786310509988,-57.50804195744211,7.74655453624749e-09,1.671387583379956e-08
2.775e-07,-37.91109192953902,0.05830305346638555,-231.82590114419216,0.01036034208813968,-38.10396109744442,0.06320255080956086,-230.03502682752398,0.01063346811811701,-57.821851703837076,7.721725321967316e-09,1.663036245632254e-08
2.8e-07,-34.36152064512921,0.028798627587480176,-232.44648881772866,0.01272223836423322,-34.720693145168916,0.028024239147242495,-227.36018636478394,0.012356627063520968,-55.52224543095014,7.695142793108176e-09,1.653345626706274e-08
2.825e-07,-30.009615364155916,0.0028905278679586827,-223.61456426807544,0.013885443810996531,-29.65732670419244,0.0011898012268824964,-224.3065466415043,0.014143783912515532,-50.71316010542127,7.666533291011497e-09,1.6430518996952583e-08
2.85e-07,-23.050944845310532,-0.014979646658252986,-224.57827762123284,0.01614777092527195,-22.963968605274445,-0.01548852661881195,-220.86402712165062,0.015977784168309923,-43.61195543223184,7.635630087767517e-09,1.632622928758229e-08
2.875e-07,-14.5665405385152,-0.02214908879863991,-219.5280466595802,0.0182806360894869,-14.816153737726268,-0.020587108942148682,-217.02657989636708,0.017840967855530947,-34.5395896910335,7.602359444784848e-09,1.6222480780684395e-08
2.9000000000000003e-07,-5.970550731392343,-0.012275410791663102,-209.5704719969369,0.019931401100013207,-5.5296104260220975,-0.013254984034661113,-212.7922586318713,0.019715385713716477,-23.906113152824833,7.566345825798455e-09,1.6119047058271442e-08
2.925e-07,4.297552921492093,0.008243825853106644,-205.4329208499697,0.021696284840891856,4.4446193580368,0.00663675826240324,-208.1632480315419,0.021583059785701315,-12.19213474151217,7.527205250384327e-09,1.601496775202535e-08
2.95e-07,14.522838564143331,0.044920397779710464,-204.0503515959918,0.022442656636169414,14.54616291046513,0.03840687139760117,-203.14585363081127,0.023426279112733685,0.07290039496254277,7.48464676942796e-09,1.591036204945773e-08
2.975e-07,24.364867869972635,0.07134849417301915,-195.86203495509372,0.02535222210837489,24.150228043743812,0.08055580891182346,-197.75045210799703,0.025227915196096767,12.334640599601055,7.438618810807838e-09,1.580816809526592e-08
3e-07,32.54845764976759,0.1321801507352665,-195.4349155735861,0.026008172548899148,32.625912238334905,0.1308448706328686,-191.9914026566094,0.026971738115431906,24.038883138820747,7.3889161632719076e-09,1.5715234150358096e-08
3.025e-07,39.74542585409177,0.18843440113140522,-179.42676451854268,0.028875889666707143,39.39989930794618,0.18645702864929678,-185.88692032167816,0.028642713360240084,34.65662290392622,7.3353418532775235e-09,1.5642305679476122e-08
3.05e-07,43.98629486857434,0.243219258972615,-177.0801647231501,0.03030961311329175,44.01637604387279,0.244221503235554,-179.45891255108586,0.03022726165521614,43.707962237318725,7.277707355581367e-09,1.5602746531201836e-08
3.075e-07,45.97990211149436,0.2975915810463065,-177.40755199409838,0.030562527884263058,46.184382583194065,0.3008745546806386,-172.73278054956202,0.031713468896452074,50.78380121374857,7.2158339610651015e-09,1.561021278482821e-08
3.1e-07,45.517827043884715,0.3570937409715555,-167.81706441389358,0.033726577383627956,45.80567510295327,0.35332370453655365,-165.73718734494028,0.033091239803431524,55.56432802529244,7.149555441553612e-09,1.567583276274098e-08
3.125e-07,42.506718210196496,0.3973962507767901,-157.8776000862077,0.03506433753083103,42.97921177377334,0.3988825828229857,-158.50379478054552,0.034352395677027324,57.83347374676494,7.078721954398506e-09,1.5805614829366747e-08
3.15e-07,37.47213518689608,0.4356014591504937,-151.4191305281639,0.036147085687673386,37.98205107487634,0.43544879229710126,-151.0669719314642,0.035490722144737946,57.488678159082035,7.003204939468336e-09,1.5998745931682632e-08
3.1750000000000003e-07,31.217678515256484,0.455981999134804,-144.1991458480004,0.036697223759986235,31.230140728670847,0.46160666103276143,-143.46347770339068,0.036501975286311425,54.54552523760381,6.9229026085271664e-09,1.624718403777122e-08
3.2e-07,23.2721050188368,0.4783514801390625,-134.65043138174434,0.03673595403492347,23.22554005064735,0.47664885758071446,-135.73212060840018,0.0373838523789332,49.13703879193766,6.837745535892625e-09,1.6536584833025812e-08
3.225e-07,14.156894046529487,0.4836962560694481,-128.87033410366797,0.038642527721554784,14.498534602792532,0.48052346530654494,-127.91339892024396,0.03813592502123662,41.50767009267864,6.747701843177304e-09,1.6848264583622113e-08
3.25e-07,4.988980965213998,0.4652921449705119,-121.9607802667194,0.039532964262555245,5.553550189813183,0.4737240829193351,-120.04912459074201,0.03875951598206371,32.00224923066803,6.652781530351673e-09,1.716169155435493e-08
3.275e-07,-2.870119965274136,0.4558770454371093,-109.63736975698542,0.03865185697016032,-3.173305649324418,0.4571479821485371,-112.18203445695244,0.03925747543911972,21.050399582169582,6.553039627960191e-09,1.7456962709589126e-08
3.3e-07,-11.191092151644666,0.4298264321119535,-98.56601909290401,0.03866648057527961,-11.339641509420368,0.4319500997721772,-104.35539238466262,0.03963377709366862,9.147119810642087,6.4485780081430404e-09,1.7716838342240298e-08
3.325e-07,-18.813972087314717,0.4007523504781751,-98.35252439350944,0.04019329991306741,-18.702954916308705,0.39941831280259227,-96.61258607641157,0.039892812956258204,-3.1695889455855593,6.339545865829105e-09,1.792810572879174e-08
3.35e-07,-24.831409155608767,0.35738883002028593,-89.25190131077058,0.04069705258699229,-25.108963863387405,0.36088859768533194,-88.99672232087589,0.04003822775147637,-15.343039499579614,6.226139035611187e-09,1.8082242876397694e-08
3.375e-07,-30.362804447906985,0.324267624317937,-82.53259543155242,0.03979807834386191,-30.466669369273664,0.3177086684856315,-81.55022447468751,0.04007112387352602,-26.82301960890374,6.1085984182461515e-09,1.817549355820705e-08
3.4000000000000003e-07,-34.9588891108786,0.2761857296322682,-74.17480096424441,0.039319788002114185,-34.716980136670756,0.27124744377657617,-74.31443594741133,0.03998752911739814,-37.09066031598161,5.9872078362421585e-09,1.8208520086771008e-08
3.425e-07,-37.8670921710661,0.22148312041857457,-68.65609728473517,0.04024383261730069,-37.80266086889753,0.22293733397050797,-67.32923340571509,0.039775212458641136,-45.68188764335602,5.862291615347944e-09,1.8185781389397994e-08
3.4500000000000003e-07,-39.762360154853965,0.1752295141751907,-56.771699609679224,0.03859094383881234,-39.64681159065337,0.1743288195241087,-60.63265332418551,0.03941030957089691,-52.20839768063611,5.73421210546571e-09,1.8114725252154064e-08
3.475e-07,-39.973284006026084,0.13150397230353475,-53.20808594103325,0.03977506611297141,-40.14515984255277,0.1271335250074805,-54.26053538859348,0.03885475864068811,-56.37520703696133,5.603367229383502e-09,1.8004826935932674e-08
3.5e-07,-39.11050905694938,0.0872197321872964,-42.01404100903649,0.03820937427881817,-39.174513155225775,0.0832336164417215,-48.24618610376617,0.03805606400969063,-57.9939854185028,5.470188007352004e-09,1.7866486465028114e-08
3.525e-07,-36.439961506042685,0.05226359042725956,-42.989248285141706,0.03672920091197955,-36.616321324814464,0.044641589187320495,-42.62006577399296,0.03695100762212859,-56.99156772885967,5.3351358793489585e-09,1.7709830144427e-08
3.55e-07,-32.11599370904827,0.01923308085022789,-37.828815794394174,0.03571128808547445,-32.39106709030493,0.013404245687171811,-37.40950181069529,0.03547415282396272,-53.413260964797566,5.198699561723557e-09,1.7543539450542665e-08
3.575e-07,-26.689606153371827,-0.005093020845691961,-34.23358161084806,0.033389920447331585,-26.49674133335662,-0.008543892116883929,-32.638431081880555,0.033570194747333124,-47.4207964431721,5.061391150065092e-09,1.7373917902440354e-08
3.6e-07,-19.267543774129873,-0.017494582766676925,-26.314525324681558,0.03102880976711596,-19.043428862376874,-0.019561444150725166,-28.327173752814183,0.031207038139182474,-39.285019913718564,4.923842441930646e-09,1.7204452967357847e-08
3.625e-07,-10.256553992210176,-0.020170510821636626,-22.174914964694747,0.028346894636622644,-10.27627567214549,-0.018490433230738915,-24.492240779777198,0.028385269221430632,-29.373649947960253,4.786622359860108e-09,1.7036087733061537e-08
3.65e-07,-0.45862703811873645,-0.0007575969179086806,-18.880260489465773,0.02456582820921698,-0.5808048824073277,-0.0048265983076866805,-21.146176911307784,0.025140581999403673,-18.13465789718171,4.650131738690667e-09,1.6868266146793197e-08
3.6750000000000003e-07,9.308030219006273,0.020274336146084437,-15.267557852711828,0.021262499994637665,9.53258966232134,0.021159025696922695,-18.297440726730827,0.021538533815172557,-6.076020607515966,4.514767639726744e-09,1.670058293004189e-08
3.7e-07,19.52314766100783,0.061421489443372904,-15.38855571210351,0.01778144693649655,19.46461418210564,0.05837041482562712,-15.950322902972403,0.01766409694255309,6.257238976684763,4.3811745903967225e-09,1.6534628873716675e-08
3.7250000000000003e-07,28.440637096702684,0.10439726551854506,-13.121040139002208,0.013854042057241467,28.579578108120284,0.10492206803567172,-14.104903550681549,0.013610025402995768,18.30768560875296,4.2499257267637235e-09,1.637547183169431e-08
3.75e-07,36.047778255927696,0.15925120116983524,-14.812752786488456,0.010185044885735987,36.26751342578736,0.15826062619716297,-12.757049102718987,0.009467501852318374,29.53066654340664,4.121506584508708e-09,1.6232233838985814e-08
3.775e-07,42.04729086522201,0.22091236272758696,-10.310979972216003,0.006376740695662145,42.00713459716045,0.21536059504990154,-11.898448875290903,0.005320710281339182,39.418928600499925,3.996367000489852e-09,1.6117438080420562e-08
3.8e-07,45.37810603214498,0.26884522100534086,-11.58071366123579,0.0009422465250574943,45.420467388363626,0.27297096939015486,-11.516691057747273,0.0012451606542659233,47.525544853596536,3.874915280009984e-09,1.6045151682167928e-08
3.825e-07,46.5537848240036,0.32943881019539517,-10.088804787305671,-0.003020473639996794,46.31112417527049,0.3278819710252122,-11.595377524544247,-0.002691480850718875,53.484114709257184,3.757514098833323e-09,1.6028325074881942e-08
3.85e-07,44.56040182576594,0.37855490655811286,-7.643402012695655,-0.005361731518005567,44.68070779002513,0.377178430544279,-12.114276505404632,-0.006427576019519674,57.02532437946048,3.644478239986359e-09,1.607599225691105e-08
3.875e-07,40.8316258215005,0.41391663679545737,-14.539562075598832,-0.01086389603908842,40.721256952826145,0.4184490009419689,-13.049511800507744,-0.009906005858809342,57.98911925151153,3.536074062768007e-09,1.6191052958984335e-08
3.9e-07,34.5396966915109,0.4473425445377294,-13.51769484123809,-0.013548286671534083,34.7854121533523,0.44992790225503687,-14.37378688975842,-0.013073821426890868,56.331937992044246,3.432520421008755e-09,1.6369189698655562e-08
3.925e-07,27.329621420909753,0.4688597038280175,-15.47213692320902,-0.015383297962227331,27.339431724967284,0.4705569353839274,-16.056641961876117,-0.015883398982091228,52.12868142008676,3.33399061746663e-09,1.6599145926611112e-08
3.9500000000000003e-07,18.76926060611879,0.4820363179869646,-16.46277622979314,-0.018539106985210014,18.906730979267238,0.47996814311084435,-18.064741583145228,-0.018294919155849694,45.56932716061354,3.2406149205467673e-09,1.686422523928401e-08
3.975e-07,10.324588794560938,0.4835906682698596,-18.555039373884828,-0.020146195187221747,10.010821670035991,0.4783995505019898,-20.362190439936448,-0.020279505448225696,36.95034308853165,3.152483185438568e-09,1.7144587939349516e-08
4e-07,1.3463479446094726,0.4648099349291225,-23.070262732234816,-0.022163538505204035,1.1262015778562202,0.46656582700348886,-22.910874326150395,-0.021822035128284473,26.661287655883054,3.069647208247031e-09,1.7419797674060132e-08
4.025e-07,-7.614374380781745,0.4487013892022629,-25.076276906965024,-0.023260391093379726,-7.356037168509155,0.44551091190296577,-25.67082330893828,-0.022922622521136932,15.16720273695177,2.9921225807334256e-09,1.7671117677413836e-08
4.05e-07,-15.39305054895963,0.4153298175838684,-24.225448427601727,-0.023508657695002006,-15.14401263267349,0.4164698332445912,-28.600593795585464,-0.02359613271889364,2.9875947945889583,2.919889978185693e-09,1.7883223683668545e-08
4.075e-07,-22.061154073856596,0.378968854485587,-31.954147700854058,-0.023031814889018717,-22.041890748279233,0.3807622312775559,-31.65766604323386,-0.023869700280099205,-9.327045628838572,2.852895973183948e-09,1.804520928875597e-08
4.1e-07,-27.848245626087714,0.33693021186960315,-36.78888470446404,-0.024917385987875063,-27.930822438133397,0.3397314536144679,-34.79885350282325,-0.023778842264542802,-21.22012483032783,2.791053594729453e-09,1.8150935067333614e-08
4.125e-07,-32.53002083528914,0.29507667254577485,-36.983773760311585,-0.0233119546258454,-32.73983137096595,0.2947322001015836,-37.98072027065983,-0.023363106395399715,-32.15410271408743,2.734242923280322e-09,1.819887102134167e-08
4.15e-07,-36.2933020883304,0.24837197924297033,-40.654259639187316,-0.02321384994027247,-36.41413210210649,0.24715863136784214,-41.1600028364437,-0.02266217384515326,-41.63478837972397,2.682312016293658e-09,1.8191596823867693e-08
4.175e-07,-38.429218447134325,0.2008966283109283,-42.40828741895281,-0.02195936768254759,-38.88854703490489,0.19849570163477845,-44.29403226624658,-0.021713025660309446,-49.23367642552148,2.6350783971705244e-09,1.8135080331882308e-08
4.2e-07,-39.67879726451927,0.15282588301664968,-47.71370607030335,-0.020408632756430685,-40.07241797407047,0.15037095659038105,-47.341152943290254,-0.020548372498056848,-54.6073144167609,2.5923312266077685e-09,1.8037792070311268e-08
4.2250000000000003e-07,-39.85821380190092,0.10351105389854108,-50.43707394637774,-0.018727567644311247,-39.84991783501567,0.10458319945890608,-50.261134008653286,-0.01919621107931844,-57.512826153627024,2.553834132598223e-09,1.790967174667963e-08
4.25e-07,-38.20064923793612,0.061140437746039084,-53.29595749138827,-0.018593577878157973,-38.0964251312318,0.06308845667142877,-53.01556969808916,-0.01768018833325321,-57.81888912233665,2.5193285324317196e-09,1.7760969035800532e-08
4.275e-07,-34.543330645971714,0.030756056038977356,-56.71385438017021,-0.01635922739453723,-34.708230009967956,0.027931853525537512,-55.568264859540704,-0.016020417706855514,-55.511669973701444,2.4885371658962165e-09,1.760103915548248e-08
4.3e-07,-29.529432475174502,0.0015713548477388124,-60.34994412095358,-0.014196436198998272,-29.639926112526346,0.001124853245169877,-57.88560205795271,-0.014234448289333347,-50.695449759008575,2.4611674971132283e-09,1.7437261972830793e-08
4.325e-07,-22.761210148264578,-0.010451408033205371,-63.691818800807766,-0.013210928691314018,-22.941952382305722,-0.015521171342705335,-59.936886828565775,-0.012338179784762562,-43.58791066398117,2.436914647111772e-09,1.727432700006532e-08
4.35e-07,-15.112116454098276,-0.019270834175848198,-61.177872674777554,-0.010519533316964647,-14.790244329338904,-0.02058401321565352,-61.69466782569209,-0.010346606653124493,-34.510297269712616,2.4156474691896e-09,1.71141333675479e-08
4.375e-07,-5.573040020814899,-0.011785840727510669,-61.21598023726453,-0.007550513916852969,-5.500946979292598,-0.013214645098330449,-63.135028829406636,-0.008274345375020364,-23.872897029169792,2.396912023087053e-09,1.695645691031313e-08
4.4e-07,4.3202414698231015,0.000705350931843967,-61.761874196675365,-0.0062531616412200884,4.474526779777185,0.006713547187891943,-64.23784981577415,-0.006135946570705554,-12.156496208668687,2.3802270479581423e-09,1.6800337993331776e-08
4.425e-07,14.50801369871274,0.03589302232845024,-63.659897274725026,-0.003150959988386817,14.57553992780663,0.03851687285143449,-64.9870345650207,-0.00394602227199953,0.10935055646901402,2.3651858770961093e-09,1.6645895583045493e-08
4.4500000000000003e-07,24.126323554081058,0.07948551731440684,-66.18830375954009,-0.0008677159160380588,24.17719170376679,0.08069344583066294,-65.37070257411045,-0.0017192334123792225,12.370254925478795,2.3516009722664525e-09,1.6496065610577455e-08
4.475e-07,32.43521523621742,0.12680093212867732,-69.32829268570528,-7.785334057414811e-05,32.648655356894686,0.1310025866083801,-65.38134335292061,0.0005298116687658724,24.072051942644208,2.339113612870862e-09,1.6357689545709976e-08
4.5000000000000003e-07,39.325830671146896,0.17946778860722146,-64.37293950515999,0.0014375276003057152,39.41687734138912,0.18662586818457308,-65.01593151387749,0.0027866966731400246,34.68584703129828,2.32735628215738e-09,1.6241497988304516e-08
4.525e-07,43.63568205604241,0.24979019562945987,-64.14019572477258,0.0037305800957699595,44.026469241296816,0.24439184310270287,-64.27600141058991,0.005037326379950863,43.73192082423397,2.3159540945994214e-09,1.6160828493942197e-08
4.55e-07,45.891910203388306,0.3031171239459435,-62.86196235218771,0.007892544966474077,46.18700958431905,0.3010368949466016,-63.16768043865521,0.007268000442888895,50.801411386639295,2.3045275820476497e-09,1.6129297329292516e-08
4.575e-07,46.423649580169545,0.3561606507294668,-61.10411205932121,0.00923855175007652,45.80084158830836,0.3534694198563702,-61.70168047823702,0.009465389730367955,55.57479384444803,2.2926969648383687e-09,1.6157979443266904e-08
4.6e-07,43.51660901183135,0.3940939177792585,-63.50481395749031,0.01253910643698486,42.96748796901098,0.3990045425015397,-59.89324732998993,0.011616373241442312,57.83632218099314,2.2800878350018203e-09,1.6252818441312995e-08
4.625e-07,37.72512656975701,0.4348252216694073,-54.90219206360027,0.014244404289935305,37.964483101133226,0.43554177994336757,-57.76206837012083,0.013707690908885246,57.483780465642546,2.2663379867585916e-09,1.6412929009878194e-08
4.65e-07,31.067677378125424,0.45791302537507705,-53.42372636740696,0.015441279455365725,31.20811104483408,0.4616675574356454,-55.332139023523325,0.015725363102456834,54.53310278108668,2.2511049752471506e-09,1.663019396371598e-08
4.675e-07,23.2473698801118,0.4760654469432791,-51.08371273262435,0.018075337617607688,23.20059978926949,0.4766765879954785,-52.6315890226617,0.017653825820811802,49.11765303908753,2.234073891979132e-09,1.6890195174639596e-08
4.7e-07,14.242504393721068,0.4844673812150046,-52.01278250723233,0.019364966870757835,14.472234178432902,0.4805187481569029,-49.69246978095781,0.01947474082340716,41.48219723537742,2.2149648282848854e-09,1.7174179439084754e-08
4.7250000000000003e-07,5.7494431720095225,0.47335366483170604,-46.646561952612075,0.020728651038767167,5.5272935827385625,0.47368904487519103,-46.550504559604676,0.02116547775359346,31.971840584056284,2.1935395564826683e-09,1.7461551299973033e-08
4.75e-07,-3.1644079628998973,0.4559688792473332,-44.44065320767678,0.023041330851573946,-3.1983628273320273,0.45708571997692876,-43.244803442891126,0.022697350491721585,21.016429547824146,2.169607080294756e-09,1.773234968976349e-08
4.775e-07,-11.557840280361601,0.4375681436359563,-35.10846324150958,0.024647330433885607,-11.36263868218154,0.4318642699016843,-39.81754545625542,0.02403383892235352,9.11112375675615,2.1430278681946332e-09,1.7969281537308902e-08
4.800000000000001e-07,-19.364002267212847,0.40457694319621645,-40.60433557322171,0.02467079936760391,-18.72331682858274,0.3993128154977278,-36.313630460541546,0.025129235080780892,-3.2059840793509746,2.113716756563224e-09,1.815908405454816e-08
4.825e-07,-24.992917405103874,0.3616699987669674,-32.292500703796925,0.026650635698804513,-25.126343612577614,0.36076739701845584,-32.78030373263351,0.025928366416813384,-15.378188736060165,2.081644663309003e-09,1.8293187285015857e-08
4.85e-07,-30.833095675910148,0.316317505012385,-29.63249580898427,0.0257856779360852,-30.4808615888084,0.317575756912653,-29.266756394279135,0.026368147212511087,-26.855334282656653,2.046839360844967e-09,1.8367788393258972e-08
4.875e-07,-35.425353433628565,0.27532620886636266,-24.249270068985165,0.027115341024484294,-34.7278265758966,0.27110692722385193,-25.823705075267124,0.026381521133743403,-37.11867987734276,2.0093856028492713e-09,1.8383504178048974e-08
4.9e-07,-37.74987686508361,0.2237087620682412,-24.194017475171833,0.026447395760487154,-37.809971173632256,0.2227935861230122,-22.502954392100357,0.025903758848211608,-45.7043456719611,1.9694248768484256e-09,1.8344749230644847e-08
4.925e-07,-39.65386077028505,0.1701126977011445,-16.7048314052317,0.02450297785936154,-39.650318303763484,0.17418663759092512,-19.356945987196607,0.024880144018438435,-52.224279124736256,1.927154971906106e-09,1.8258928406904078e-08
4.95e-07,-40.385157673559334,0.12872103549783565,-18.078068153429427,0.02290582766150222,-40.14451923986025,0.1269982167465794,-16.438298004928424,0.023273202925065257,-56.38379409144962,1.882829426414725e-09,1.8135475682877174e-08
4.975e-07,-39.760289031107675,0.08467353050879947,-14.872933898880023,0.020923988478505514,-39.16935389033425,0.083110960198514,-13.799338978260675,0.021067366503484602,-57.994889968071746,1.836756781766553e-09,1.7984751704611162e-08
5e-07,-36.77025459123331,0.044682020647513344,-13.88737207339614,0.018282342884548344,-36.60633276599977,0.044537633014795935,-11.491640162486782,0.018269649301533696,-56.98474888992877,1.7892994429518873e-09,1.7816845755976624e-08
5.025000000000001e-07,-32.23859853813147,0.011937986193442478,-9.321856054890054,0.014654058768535642,-32.376110566905446,0.013324943850518458,-9.565550379951564,0.014906377569175455,-53.39902693335764,1.740871863708079e-09,1.7640405548383183e-08
5.05e-07,-26.780359602621218,-0.009756642631103988,-9.698580856590631,0.0108552153660306,-26.476961888101503,-0.00859317271016802,-8.069737431411806,0.011017488858770996,-47.39979056502946,1.6919377509552755e-09,1.7461705656985273e-08
5.075e-07,-18.846814662908645,-0.018224639484088607,-12.050446097510804,0.007343843327825607,-19.019343603506606,-0.019576485166911985,-7.050740085855512,0.006650745267827627,-39.25819160672855,1.6431078310065748e-09,1.728421167598118e-08
5.1e-07,-9.763458318656953,-0.015060830936150715,-8.7314474423825,0.003158606015850742,-10.248817767443544,-0.0184687114494375,-6.552534581466606,0.0018581162772867024,-29.342211790502752,1.5949557008567864e-09,1.710885453405678e-08
5.125e-07,-0.5874441812061957,-0.0018115150952236047,-4.759469035250494,-0.0036743467004584293,-0.5513091651424182,-0.0047677291696394935,-6.616119456691777,-0.0033041333134626997,-18.10003082237932,1.547915542160691e-09,1.6935078172766214e-08
5.15e-07,9.14958428884394,0.01948743233084382,-9.79907997841395,-0.00926392413406883,9.562463791119294,0.021253026479351386,-7.279122382933494,-0.008771072427849037,-6.039769680293479,1.5024455348278575e-09,1.6762490949361637e-08
5.175e-07,19.392105640988685,0.058330410746316994,-8.766956634856355,-0.014820017631309931,19.493016073452228,0.058495107074963776,-8.575432490555272,-0.014460947612443152,6.293475296970746,1.4592800011593966e-09,1.659271084082394e-08
5.2e-07,28.5305551473985,0.10364836758273657,-8.854697010398205,-0.0201853277033081,28.60463895686765,0.10507082203581934,-10.534861469150002,-0.020265191516769063,18.342269522946705,1.4191070398014505e-09,1.64308445441239e-08
5.225e-07,36.45206105096099,0.15564865251676993,-13.372406971322748,-0.026095918195474924,36.28753532262391,0.1584251000012708,-13.18283648320196,-0.026040669127372004,29.562034937344556,1.3825541366208276e-09,1.6286061249395114e-08
5.250000000000001e-07,42.136810241723666,0.22235091262149867,-18.48644032331127,-0.032090596747582655,42.020768301510465,0.21553140084004177,-16.54012767747389,-0.03161056844453314,39.44566369421158,1.3502382878995048e-09,1.617093569048693e-08
5.275e-07,45.80473601369163,0.2665247074988887,-19.18813314467402,-0.03715740063181183,45.42685272811235,0.2731384470549866,-20.622612754909028,-0.036780786329553866,47.54643828172966,1.3227588340308042e-09,1.6099587584012524e-08
5.3e-07,45.95515114511329,0.33090863561130646,-26.44403921699279,-0.041084910643329205,46.30997253191246,0.3280369715604288,-25.441080796170404,-0.041373938385760055,53.49822213644076,1.3006917574640088e-09,1.6085019208547364e-08
5.325e-07,45.102620052645634,0.38792374315906314,-29.9184141505447,-0.04551847996469834,44.67231514636775,0.3773130118806681,-31.001077156783595,-0.04527234618577945,57.03200818211259,1.284585553905738e-09,1.6136315955256184e-08
5.35e-07,40.6650003096774,0.42025120629330176,-37.84379317728233,-0.047666992956616916,40.706446913021566,0.4185569542882008,-37.30279092818094,-0.04845069023511928,57.98807733697349,1.27495858571623e-09,1.6256430674759795e-08
5.375e-07,34.96902246301525,0.4457582536464628,-43.18668651629051,-0.0510812337885537,34.765419304434516,0.4500050552469317,-44.34098608574914,-0.05097950914812065,56.323217452480314,1.2722976485984174e-09,1.644110403064669e-08
5.4e-07,27.361740842696296,0.4682634096933802,-56.568967338946415,-0.05349647369947097,27.315744806684513,0.4706012143120628,-52.10497707346428,-0.05299616510152854,52.11267640402613,1.2770573550346393e-09,1.6679145978168695e-08
5.425e-07,18.82169481556986,0.48422367019909396,-59.34700204183565,-0.05366452052106802,18.880921009425823,0.4799794139994355,-60.57864919410308,-0.05465885093624808,45.54676105833384,1.2896598796441014e-09,1.6953937335697346e-08
5.45e-07,9.915581514909624,0.4768522008672522,-67.30996747360119,-0.05608796356162167,9.984381488428069,0.4783792913822676,-69.74052378967136,-0.05610587676840403,36.92223583646643,1.3104946298122844e-09,1.724572711315653e-08
5.475e-07,1.1339161256067694,0.4640095546581817,-78.21842518490004,-0.05769681864372391,1.1004200499653165,0.4665167058569483,-79.5638678119553,-0.05743386986611293,26.62890963781602,1.339917493491063e-09,1.753417823235321e-08
5.5e-07,-7.460954780735172,0.4452031988246311,-93.9631446605959,-0.058216917589151075,-7.380150177128563,0.44543635285131405,-90.01684700133362,-0.058695097751752544,15.132017365566105,1.3782494569167642e-09,1.7800661523428314e-08
5.525e-07,-15.354996559002556,0.4206995095666022,-97.35394020986165,-0.059195435867146116,-15.165744122432116,0.4163736465816814,-101.0627215165531,-0.05990622162693907,2.951192368543267,1.4257745514181442e-09,1.8029965667936303e-08
5.55e-07,-21.707718924734877,0.37798080226184855,-110.69649496603513,-0.06072641622364383,-22.060789449680705,0.380648362532628,-112.66008249230313,-0.06106032828560537,-9.363019802786287,1.4827372499427814e-09,1.8211299469802003e-08
5.575000000000001e-07,-28.071026623618717,0.33967669842711956,-126.99357494505665,-0.0625241779128103,-27.946624302857263,0.33960387705955486,-124.76312764840662,-0.06213736587750342,-21.25404480143952,1.5493395615370077e-09,1.8338638185454138e-08
5.6e-07,-33.07110220821688,0.2932544532619729,-141.12128726568477,-0.06334000232677296,-32.75236602166894,0.2945949486757429,-137.32197373728607,-0.06311141029892017,-32.18443537691407,1.6257381437013096e-09,1.8410563658002896e-08
5.625e-07,-36.49228652984026,0.24617941903905496,-152.10722040042305,-0.06327972452131675,-36.42323332436488,0.24701592420865512,-150.28300329809133,-0.06395505739106216,-41.66016276698305,1.7120417569465906e-09,1.842976266719546e-08
5.65e-07,-38.941781891919305,0.19722627789842223,-162.62002015036046,-0.06558032918858137,-38.89398873272514,0.19835210807490483,-163.58924288921935,-0.06464183032580464,-49.25294567269342,1.8083093242872674e-09,1.8402303798954185e-08
5.675e-07,-40.166915683377354,0.15056608754486964,-174.1490847567047,-0.06614681069016173,-40.07389127431249,0.15023152580640814,-177.18076969857628,-0.06514742333299642,-54.619607597755696,1.9145487444247863e-09,1.8336750374693356e-08
5.7e-07,-39.95243414109096,0.1031331055347033,-185.9237592915495,-0.0657772703989438,-39.847056294724,0.10445348982256485,-190.99514318516148,-0.06545033697243308,-57.51758764465904,2.0307164643401205e-09,1.824312544849716e-08
5.725e-07,-37.721873457949556,0.06467409220672514,-203.131017020685,-0.066239963058745,-38.08887489818884,0.06297441743778326,-204.96785818859075,-0.06553221556556452,-57.81590371485442,2.1567176736783635e-09,1.8131751220569308e-08
5.75e-07,-34.78531888441972,0.020678971203479952,-220.986388763836,-0.06489837752199894,-34.695752184803396,0.0278395404474677,-219.03281575692066,-0.06537803418751184,-55.50107260132464,2.2924068685303133e-09,1.8012043630707942e-08
5.775e-07,-29.472327717634002,0.003107784165103083,-234.43472605871884,-0.06394529154573399,-29.6225112475937,0.0010599937370251921,-233.12280778917275,-0.06497619290743267,-50.67771939883518,2.437588469629393e-09,1.7891431144960136e-08
5.800000000000001e-07,-22.923082532252227,-0.019052266371947357,-247.981526363997,-0.06480439013125407,-22.91992340585604,-0.01555371503700859,-247.17001146874017,-0.06431853510725533,-43.56384868791339,2.592017183608535e-09,1.77746402460111e-08
5.825e-07,-14.404903887192502,-0.021708251183816293,-263.586859196962,-0.06337257940103558,-14.76432492188507,-0.020580808900678222,-261.10648937832343,-0.06340029314446423,-34.48099122427258,2.75558213015194e-09,1.7663596600672096e-08
5.85e-07,-5.516976595475147,-0.01133463690173732,-274.21779021233766,-0.06231379342014983,-5.472277480625609,-0.013174196331408084,-274.86469113705516,-0.06221996421238347,-23.839671480873083,2.927806650534553e-09,1.755809359970771e-08
5.875e-07,4.60911136789837,0.015805338018342198,-290.1847328939974,-0.06093774812237472,4.504435341846836,0.006790440087724642,-288.3779523863726,-0.060779124003777225,-12.120852876633826,3.1081440177769774e-09,1.7457181206895057e-08
5.9e-07,14.49287104093837,0.04098059940667622,-302.0528656064081,-0.05924012418418379,14.604912604724142,0.038626965246457486,-301.5809869731987,-0.05908219154510504,0.14580067480541126,3.29607798386271e-09,1.73609799109112e-08
5.925e-07,24.472454363636913,0.08010657384480732,-313.41089243861103,-0.05630264502777036,24.20414548704345,0.08083115416996302,-314.41036823684504,-0.05713616320941905,12.405864367775393,3.4912637779370753e-09,1.7272417379479033e-08
5.95e-07,32.90868328785926,0.12622894120492595,-329.2476902297747,-0.055043887537808374,32.67138356790617,0.13116034940411994,-326.8049953992587,-0.0549503363150451,24.105211243202604,3.693138890426928e-09,1.71983137991373e-08
5.975e-07,39.79051273067152,0.1890152103166337,-334.86296384980653,-0.051280106855350636,39.43383646967517,0.18679472682944087,-338.7065411860317,-0.05253604234258714,34.71505746524692,3.901084477605531e-09,1.714936135063385e-08
6e-07,44.27339041847178,0.23249175215342502,-347.95236926929573,-0.050582739909937634,44.03654098588164,0.24456217354621837,-350.0598769667643,-0.04990640660358872,43.75586214647931,4.114426658490967e-09,1.7138838096487826e-08
6.025000000000001e-07,46.35187558290248,0.30154675694245314,-359.55254476052244,-0.0463068211951848,46.18961427961102,0.3011991987510829,-360.8134718966184,-0.047076145587100514,50.81900150393765,4.332439531613271e-09,1.7180277102788184e-08
6.05e-07,45.558130409917595,0.35446428056573975,-369.50530431128885,-0.0439076687628946,45.795986648086746,0.35361507523166036,-370.91976276444575,-0.044061406033030284,55.58523772355509,4.554350040682501e-09,1.728464587302976e-08
6.075e-07,43.11840611913906,0.40324845206035803,-376.9093549302514,-0.041517544044416564,42.955745182794864,0.39912642386537744,-380.3354915047918,-0.04087964217137172,57.83914778235735,4.779344616190492e-09,1.7457758051276776e-08
6.1e-07,38.041324444836,0.4331030130686493,-387.5363164913264,-0.03680104457193359,37.94689980741922,0.43563467691492,-389.0220076091621,-0.03754952077082945,57.478860078516924,5.006577325136676e-09,1.7698579337371992e-08
6.125000000000001e-07,31.054199045601855,0.4605787507658506,-393.26164963742235,-0.03333723215313915,31.186070454089187,0.4617283569979922,-396.9455329737556,-0.0340908387929454,54.52065879576399,5.235179104021075e-09,1.7998828807332893e-08
6.15e-07,23.06408185797396,0.4791448519654932,-407.90387123703374,-0.030499473313293682,23.175653275305752,0.4767042211271879,-404.07738704376374,-0.030524436362295775,49.09824789536572,5.464267555083295e-09,1.834391380164949e-08
6.175e-07,15.002829493787926,0.47903530822431445,-406.86692027392394,-0.026732220266944162,14.44593192083426,0.4805139380344231,-410.3941704554995,-0.026872088780397055,41.45670800156139,5.69295676588749e-09,1.871489859227322e-08
6.2e-07,5.652545909808551,0.4748943178088311,-416.0559765315554,-0.0233326015670004,5.501038953699743,0.4736539216716703,-415.8779057340322,-0.023156365232037936,31.941419315468206,5.920366668237971e-09,1.9090998477849142e-08
6.225e-07,-3.4665314377566405,0.45479126703333783,-420.29223897270475,-0.01984787463607392,-3.2234150462127182,0.45702338267912024,-420.5161339726021,-0.01940044795068585,20.982451216525927,6.145631571660769e-09,1.9452056317219737e-08
6.25e-07,-11.99954016005796,0.43013210501420185,-426.15190159069766,-0.015280624240126316,-11.385628797085865,0.4317783760645303,-424.3019667975881,-0.01562791283274331,9.075124105942441,6.367907666352465e-09,1.9780575145399036e-08
6.275e-07,-18.914853054450603,0.39393816334575726,-430.88467396814457,-0.012292463925787128,-18.74367036126836,0.39920726577267945,-427.2340933059355,-0.011862479535983968,-3.242377947444238,6.586379461251651e-09,2.006307920869582e-08
6.3e-07,-25.0758551451805,0.36018151407868654,-430.4408590266765,-0.007653262602925454,-25.143714215102797,0.36064615555471274,-429.3167420473679,-0.008127744720151913,-15.413331901475347,6.800265274306658e-09,2.0290775518411534e-08
6.325e-07,-30.54419400654148,0.31295666941069894,-431.0367362262185,-0.005840942773454624,-30.495044170396152,0.3174428163384181,-430.5595985080158,-0.004446915301623515,-26.887638354348535,7.008821998013498e-09,2.045962768586314e-08
6.350000000000001e-07,-35.20531718276594,0.2749919475019,-432.61963697516074,-0.0007691925637628944,-34.73866289496261,0.2709663940235744,-430.97767893197715,-0.0008425588484749791,-37.14668478483727,7.211349406764827e-09,2.0570008554835142e-08
6.375e-07,-37.72069308586223,0.2220716778060431,-424.71257351394433,0.0034097675495475335,-37.81727069417047,0.2226498350343616,-430.5911616894273,0.0026636144805265664,-45.7267856572147,7.407194248320425e-09,2.062607890997311e-08
6.4e-07,-39.92957984921303,0.17039599837562905,-434.0593495679506,0.005088396651131789,-39.65381331840383,0.174044467268671,-429.4251777609929,0.006050929232231598,-52.24013995151772,7.595754277387195e-09,2.0634980731602632e-08
6.425e-07,-40.1730472408281,0.13042962042304876,-424.9113305648132,0.009767197181080706,-40.14386584894078,0.12686293648961353,-427.5095622550591,0.00929987865383302,-56.392358886508894,7.776482263761187e-09,2.0605876932058025e-08
6.45e-07,-39.628953157385304,0.08438956638542802,-423.0026209993353,0.011919274645344414,-39.16418078053745,0.08298834954952208,-424.87856920443636,0.01239221980684458,-57.9957716221766,7.948889867357862e-09,2.054884989325757e-08
6.475e-07,-35.829972484707916,0.04897883594351296,-424.23542741654524,0.014222992328261656,-36.59632964315153,0.04443374038616799,-421.57055219854584,0.015311040177594007,-56.977907554321355,8.112551147173512e-09,2.0473704694920465e-08
6.5e-07,-32.61797190132271,0.013043220352599723,-416.06842358213885,0.018381873400705462,-32.36113943862651,0.013245722580397246,-417.62761369428756,0.018040810023997537,-53.3847718208278,8.26710538758566e-09,2.0388800693448348e-08
6.525e-07,-26.13922177267684,-0.014486455182087299,-412.31175534691573,0.01988553979573914,-26.457168781898247,-0.008642358233222043,-413.0952261105129,0.020567435753123905,-47.37876597420029,8.412258902618286e-09,2.0300122489543303e-08
6.55e-07,-19.701079957158672,-0.014007810344408407,-408.1424348683747,0.021751286527820962,-18.995246816349447,-0.019591420806420134,-408.0218280453445,0.022878327666081565,-39.231347801226214,8.547887909631288e-09,2.021084737081926e-08
6.575000000000001e-07,-10.387489427397343,-0.020069877957830714,-402.93900267322,0.024807125321066215,-10.221351703953122,-0.018446879688340065,-402.45839916036243,0.02496249077754374,-29.310762049203834,8.67385662377255e-09,2.0121623373033994e-08
6.6e-07,-0.8105564838617063,-0.0021091394816500583,-395.99608576992557,0.026721742139884572,-0.5218097596869069,-0.004708752231879397,-396.4580174492293,0.026810640945322737,-18.065396601971024,8.789921831647091e-09,2.0031620559493162e-08
6.625e-07,8.938282708831888,0.016522110369412316,-390.7676709146182,0.027960968106962428,9.592336352822677,0.0213471256491492,-390.0754027491084,0.028415341399297526,-6.003516368665778,8.895899442808557e-09,1.9940185126257584e-08
6.65e-07,19.7135621758645,0.06265553972789836,-382.8887196309205,0.02900996246392931,19.521410820073992,0.05861988136694091,-383.36645046010494,0.0297711482378141,6.329709132692352,8.991921653888913e-09,1.9848685776300912e-08
6.675e-07,28.531344674826922,0.10525279605919553,-378.4139920898898,0.030699265393526597,28.629687308103783,0.10521963585914455,-376.38775950999263,0.03087474876174787,18.376846195902537,9.078115235993033e-09,1.9761992229190512e-08
6.7e-07,36.33758365649112,0.16162326012494088,-366.0300385306526,0.031545122323138164,36.307540148567256,0.1585896072449548,-369.1961586381112,0.031725074524172794,29.59339166065961,9.154593160142998e-09,1.9689046987695523e-08
6.725e-07,41.8776958412027,0.213977563435619,-357.7763615525034,0.031635323298636955,42.03438162197069,0.21570221168195589,-361.8482350732788,0.032323372093434326,39.47238321539962,9.221507129623197e-09,1.9642205837797006e-08
6.75e-07,45.291742594041764,0.27481949803799516,-355.348356207729,0.03314183283794693,45.43321596800174,0.27330590171833913,-354.399869645852,0.03267321861530579,47.567312939281464,9.279043239537808e-09,1.9635375324088792e-08
6.775e-07,46.12457560210946,0.3256723855707743,-345.37770192382993,0.03331560270519764,46.308798813426776,0.32819192359857957,-346.9057823041122,0.03278047564470067,53.51230844337333,9.327418772992984e-09,1.9681349945712036e-08
6.800000000000001e-07,44.434156595368364,0.3731863299194911,-338.2020866407795,0.03266855768543392,44.663902125411916,0.37744752361836875,-339.4190919005423,0.03265318231655274,57.03866946943116,9.366880224113127e-09,1.978901439649625e-08
6.825e-07,40.526801243518015,0.4185448314546903,-328.41878656693945,0.03261621340652388,40.69161960290416,0.4186648225722963,-331.9908939753497,0.03230139643530289,57.98701252966086,9.39770244072517e-09,1.9961131486782702e-08
6.85e-07,34.2271125914983,0.45397015625752396,-326.0520391539784,0.032131146762985355,34.7454132864586,0.45008211389540687,-324.6698600939658,0.031736998187895035,56.314474677402224,9.420188604614642e-09,2.0193267169247265e-08
6.875e-07,27.41643569645982,0.4687067994053541,-319.2200366065227,0.03147633180442684,27.292049316843244,0.47064539564454255,-317.50186209384066,0.030973474868227973,52.09665081470618,9.434670642697003e-09,2.047407669455163e-08
6.900000000000001e-07,18.84647918127303,0.4826654974533743,-311.7505690419605,0.02993896131734686,18.85510705900874,0.47999058932825667,-310.52962436542623,0.030025705608768636,45.524176974913935,9.4415096073654e-09,2.0786809849542615e-08
6.925e-07,10.151001815976256,0.47911164936622086,-303.76171476174846,0.028123627550851935,9.957941478657085,0.4783589428903018,-303.79240703489586,0.02890976255262102,36.894114008086284,9.441095585706948e-09,2.111161031767659e-08
6.95e-07,1.3300731698368056,0.4714427838645259,-296.5166150437539,0.027432697391473082,1.074642106077572,0.4664675043834503,-297.325722634212,0.027642739629542272,26.596521107077546,9.433846789069853e-09,2.142806169464369e-08
6.975e-07,-7.2747020167858105,0.4481044368973292,-287.93033543827073,0.026508975798183985,-7.404257067119319,0.4453617241643227,-291.16108854012913,0.026242613063536008,15.096826020299632,9.420207618488015e-09,2.1717480394525834e-08
7e-07,-15.316913608712577,0.41449963004521057,-285.5597870722752,0.025954017703031802,-15.187467806200576,0.416277401690757,-285.32581714034393,0.024728130194706273,2.9147887774135666,9.400645670958832e-09,2.1964623712468073e-08
7.025e-07,-22.11159897878739,0.3821628452321744,-282.01940952925435,0.022947955623187362,-22.079679334411203,0.38053444715503537,-279.84284534516894,0.023118716496973755,-9.398990280362474,9.375647815951054e-09,2.2158690021988757e-08
7.05e-07,-27.705238541876454,0.3429168261611315,-276.55692195538063,0.02121144808534819,-27.962416757850324,0.3394762655567291,-274.73060470982637,0.02143438602693934,-21.28795638179054,9.345715601898988e-09,2.229366325400934e-08
7.075e-07,-32.93024217838546,0.29319695478748264,-268.4913694998233,0.01966928073105154,-32.7648908058499,0.2944576743350128,-270.0029330689121,0.019695638801512323,-32.21475533383531,9.311360326749827e-09,2.2368151564126997e-08
7.1e-07,-36.44375526748185,0.24466231009487804,-266.7114238494163,0.017704993712294136,-36.4323241237287,0.24687320697986612,-265.6690282139629,0.017923330114948444,-41.68552070746907,9.273098113521064e-09,2.2384884541207428e-08
7.125000000000001e-07,-38.8608883636628,0.199369872890242,-261.7122585234462,0.015915202404504628,-38.89941921786133,0.19820851857084654,-261.7334437707029,0.01613850133417157,-49.272195475582656,9.231445272601179e-09,2.234998908569595e-08
7.15e-07,-39.75454450885088,0.14989615565533249,-261.98904146821917,0.014405900620937136,-40.07535234130609,0.1500921147468153,-258.19612705775046,0.014362168477135203,-54.63187921579456,9.186914120801404e-09,2.227210133090413e-08
7.175e-07,-40.02607735420656,0.10691884411213677,-254.93449532382434,0.011889309226696218,-39.84418141475638,0.10432381700717867,-255.0524983366628,0.012615072695356899,-57.52232642865824,9.140009286283422e-09,2.216133056043187e-08
7.2e-07,-38.19734313111198,0.062180717169934945,-250.39557714013657,0.010251569527675593,-38.08131039615155,0.06286043295526174,-252.29357049748205,0.01091740425987825,-57.812895482569076,9.091224387189846e-09,2.2028097576038098e-08
7.225e-07,-34.755375793087474,0.022955045652540813,-252.1121704104324,0.00936795397129571,-34.68325966951606,0.027747299805241998,-249.90610786765401,0.009288517446507171,-55.49045331800334,9.04103885892515e-09,2.188192851998513e-08
7.25e-07,-29.761950079835994,0.007289071787254424,-248.9445625007601,0.009281159257107494,-29.60508211215295,0.0009952226367544524,-247.87282248846208,0.00774665677570331,-50.65996903190055,8.989914644171823e-09,2.173037343642845e-08
7.275e-07,-22.667836649639806,-0.015622965011364285,-246.8592625280447,0.007534473815963475,-22.897881682210638,-0.015586157734125413,-246.17260587501744,0.006308714810187071,-43.53976951352835,8.938292464855719e-09,2.1578292232168614e-08
7.3e-07,-14.725530674882917,-0.014620156518990398,-239.97086515806393,0.0046024345336958955,-14.738395525321602,-0.020577496010036972,-244.78079396620143,0.004990038162243027,-34.45167156628361,8.886772115042277e-09,2.142775689436461e-08
7.325e-07,-5.600275953920898,-0.0049960856450025504,-241.79804267970957,0.004117195209443896,-5.4436019432481055,-0.01313363774460841,-243.66946268257811,0.0038042921135812177,-23.806436521051616,8.83560636470758e-09,2.1278721218751376e-08
7.350000000000001e-07,4.3759808334925925,0.009484732781404284,-239.5469146412516,0.001999061112307724,4.534345028687113,0.00686743693369762,-242.80775124562868,0.002763386385539008,-12.085204759477403,8.784994314643455e-09,2.1130410297513275e-08
7.375e-07,14.743874466011063,0.03690247490513293,-242.09920661260753,0.0015375854322841245,14.634280924696638,0.038737148517488156,-242.16221017308445,0.0018774564824280329,0.18225073558242333,8.735177656956132e-09,2.0983133848649807e-08
7.4e-07,24.330981093282237,0.0721636570961383,-240.2437809762539,0.0015358562712043484,24.2310893777149,0.08096893381065252,-241.6971706547128,0.0011548880700960017,12.44146891243321,8.686574895319758e-09,2.0840020544091494e-08
7.425e-07,32.388952111839096,0.13059090352053965,-239.97527441298163,0.0007808194435918722,32.69409685781857,0.1313181588352075,-241.37513183245693,0.0006023672344814855,24.138361027405352,8.639389692016846e-09,2.070809938926249e-08
7.450000000000001e-07,39.33720749089933,0.181210192142495,-238.08934044655695,0.0005557329542994773,39.45077668298981,0.18696360432828046,-241.1571623599512,0.000224937953912819,34.74425419424099,8.593767475627728e-09,2.059827425305643e-08
7.475e-07,44.321020584115345,0.24365286900686117,-240.50950289915792,0.0005769250854471657,44.04659127254766,0.24473249424304985,-241.00331250033977,2.604991817001362e-05,43.77978619460352,8.549792537897246e-09,2.0524032890071243e-08
7.5e-07,46.48702427537054,0.2935478167431909,-241.2688719851682,0.0006676046487823944,46.192196669151365,0.30136146571544037,-240.87303293909008,7.5845528147675824e-06,50.836571558698814,8.507486979798361e-09,2.049911240872971e-08
7.525e-07,45.65446632845855,0.35417038970681164,-244.67342252504133,1.113643248125366e-05,45.79111028732982,0.35376067024782576,-240.72559644070617,0.00016985386292594674,55.59565965849059,8.466811664128635e-09,2.0534677059355914e-08
7.55e-07,43.01042452373911,0.397348474968952,-236.20634630257945,-4.3669042936233214e-05,42.943983424342555,0.3992482264896331,-240.52051846535687,0.0005115742536546705,57.84195054974195,8.427669128389497e-09,2.063673047399285e-08
7.575000000000001e-07,37.9218916293852,0.43340231380425537,-240.09004457852308,0.0019538682937767947,37.92930120589442,0.43572748280598306,-240.21797288346846,0.0010298244535544693,57.47391699964758,8.389908215147935e-09,2.0804423801694197e-08
7.6e-07,31.08484454487449,0.46563380734724,-231.79208239824416,0.0020256432174489956,31.164018970061562,0.46178905936340015,-239.77919898303574,0.0017200018210388785,54.508193286548796,8.353330018208154e-09,2.1029659959590885e-08
7.625e-07,23.218838166332265,0.48085453996810057,-240.17547764096705,0.003246785376509597,23.150700522353503,0.4767317566974201,-239.16689605525755,0.00257579375734486,49.07882336843366,8.31769464580621e-09,2.1298031074817146e-08
7.65e-07,14.659391657850355,0.48448823789248424,-241.51787573707202,0.0030015921026770934,14.419627842284061,0.4805090347634002,-238.3456019681998,0.0035891802806418483,41.43120240129416,8.282728280069761e-09,2.1590788491073207e-08
7.675000000000001e-07,5.8156819697703614,0.47695344509455756,-237.41332323000265,0.004676454830775364,5.474786312778722,0.4736187132552281,-237.2820522943933,0.004750480197119596,31.91098543691329,8.248130065617401e-09,2.1887336633691808e-08
7.7e-07,-3.481422883161155,0.46194922361588475,-234.62432220219839,0.007177387306797403,-3.2484622984949514,0.4569609703372489,-235.94551674515256,0.006048447424570237,20.948464601687494,8.213578476996297e-09,2.2167707896658136e-08
7.725e-07,-11.735367102579108,0.4291407692481117,-238.01216961761722,0.008238419151940025,-11.408611849176777,0.43169241848622464,-234.30810988019942,0.007470416968668312,9.039120872414273,8.178736971719562e-09,2.2414592707188527e-08
7.75e-07,-18.58909767991836,0.3986490161952773,-228.874951989656,0.008457940213073388,-18.764015511416964,0.3991016639986947,-232.34507330397238,0.00900249310813134,-3.2787705354976246,8.14325890365099e-09,2.2614697734396998e-08
7.775e-07,-24.886706848339667,0.3649075308876607,-229.2445937107895,0.01021745677242947,-25.161075669249225,0.36052487380878134,-230.0350268275239,0.01062976676568445,-15.448468981951592,8.106791819999704e-09,2.2759404867619225e-08
7.8e-07,-30.581852575706364,0.31709320724674733,-228.02439080973127,0.012801575452264617,-30.509217112719387,0.3173098474144125,-227.3601863647839,0.012336545822893058,-26.91993181122661,8.06898136819361e-09,2.284484301926415e-08
7.825e-07,-34.79097654537955,0.26834727912726736,-224.26793009088422,0.014379005251241129,-34.749489092244126,0.27082584495296225,-224.30654664150427,0.014106581838387732,-37.17467502740827,8.02947507933917e-09,2.2871539309986834e-08
7.85e-07,-38.01087132250892,0.22138170099142726,-222.15798596720947,0.015866194663867406,-37.82455942818202,0.22250608159121354,-220.86402712165057,0.015923279276255108,-45.74920759025749,7.987926267744423e-09,2.284379678058259e-08
7.875e-07,-39.79583003783813,0.17971666637027178,-216.10060105671036,0.016556853578905552,-39.65729663154588,0.17390230953072527,-217.02657989636702,0.017769878432396427,-52.25598015471961,7.94399819874807e-09,2.276888691156116e-08
7.900000000000001e-07,-40.073386160572404,0.1248636549270219,-212.43511666071223,0.019487908057416313,-40.143199666497544,0.12672768526619993,-212.79225863187114,0.019629609805621007,-56.40090141875797,7.897368548791723e-09,2.2656088759753398e-08
7.925e-07,-39.07405601751102,0.08743765165485638,-210.25091991846753,0.021439734750208262,-39.15899382305226,0.08286578554134431,-208.16324803154174,0.02148582447045481,-57.9966303804693,7.847734038956074e-09,2.2515587049327426e-08
7.95e-07,-36.18625219248909,0.042971647823200496,-203.38605060014038,0.023419415885576795,-36.58631195498578,0.044329912316879584,-203.14585363081096,0.023322110793394513,-56.9710437247384,7.79481499551118e-09,2.235727528034891e-08
7.975e-07,-31.919721816334032,0.01011269017543324,-196.62587413483988,0.02599551529036755,-32.34615370667249,0.013166582805289172,-197.7504521079971,0.02512241149670841,-53.3704956328355,7.738359505216479e-09,2.2189587778472307e-08
8e-07,-25.683844974640543,-0.008846687582840896,-195.1719493212488,0.025734760174736998,-26.43736201922361,-0.008691447905140145,-191.99140265660927,0.026871155893110107,-47.35772267898465,7.67814680834375e-09,2.2018571943760264e-08
8.025e-07,-19.284571410632033,-0.014883307238267834,-185.18467585178672,0.0283422309971852,-18.971138509045844,-0.019606250496959736,-185.88692032167813,0.02855341987336784,-39.20448850780846,7.614092582987933e-09,2.1847457804026372e-08
8.05e-07,-9.829596290153242,-0.01566334269448593,-183.40200873696043,0.02973395842326377,-10.193877493357103,-0.018424937639617646,-179.45891255108583,0.030155121247108115,-29.279300736480963,7.546066917630931e-09,2.1676938723627397e-08
8.075e-07,-0.394176210773616,-0.004337769269662769,-172.70471434937284,0.03260533744956997,-0.4923066805861849,-0.004649667495499556,-172.732780549562,0.031663251102959096,-18.030755249630637,7.473803709957769e-09,2.150622526836409e-08
8.1e-07,9.668672629592558,0.024732504694149088,-165.87661864430248,0.033995828644896316,9.62220733119727,0.021441322869116118,-165.73718734494037,0.03306613405824624,-5.9672606869448925,7.397068670145422e-09,2.1334701084614005e-08
8.125000000000001e-07,19.33422436550703,0.06459959016125395,-155.72847303723245,0.03377896768051923,19.549798405572115,0.05874473702303077,-158.50379478054526,0.034353702761295714,6.365940469545854,7.315920168185321e-09,2.116376960682984e-08
8.15e-07,28.84021555372905,0.10563628673915842,-149.9833043696276,0.03499271521351692,28.65472314693059,0.10536850850519412,-151.06697193146402,0.03551776571207747,18.411415613971702,7.230387184610591e-09,2.0998331236155846e-08
8.175e-07,36.32863971394659,0.15932815085383054,-148.7215467972641,0.036571526217624564,36.327527891783575,0.15875414664992424,-143.46347770339057,0.03655224276779099,29.624736700971955,7.140466319620425e-09,2.0847352460435137e-08
8.2e-07,41.67224744211897,0.21620973170608876,-135.8714864034372,0.037377978985768376,42.04797455100949,0.21587302608561124,-135.73212060840038,0.03745333917716159,39.49908715351587,7.046176447718149e-09,2.0723203267040168e-08
8.225000000000001e-07,45.428490481004964,0.27415326698457526,-129.5764863747033,0.038524742592507544,45.4395571055265,0.2734733317612503,-127.91339892024352,0.03821962521180107,47.58816881801214,6.947557262137954e-09,2.0639792222578803e-08
8.25e-07,46.467487111225125,0.32990448210598355,-125.44406413320552,0.03813907422263119,46.307603022446,0.3283468254841697,-120.04912459074204,0.0388519819849744,53.52637362449415,6.8446689658469365e-09,2.0609902957384538e-08
8.275e-07,44.66357498303941,0.380176367356642,-113.6571089045734,0.04012261762736782,44.655468734423415,0.3775819641592093,-112.18203445695248,0.03935336176709297,57.04530823878627,6.737593171372983e-09,2.064239786857983e-08
8.3e-07,40.63970202844676,0.4163711630084218,-100.09852718910237,0.03918545180544452,40.6767750333421,0.4187726043407378,-104.35539238466268,0.03972829041813339,57.985924829994026,6.626434874936205e-09,2.0740009488740147e-08
8.325e-07,34.77341912594408,0.44984689724422267,-94.65707594519277,0.0396823853503611,34.72539411251059,0.4501590769655396,-96.6125860764118,0.03998201088694078,56.30570967026148,6.511325196363489e-09,2.089827015121656e-08
8.35e-07,27.359928613826106,0.4745353417458996,-88.2975972176755,0.04036033206564725,27.268345269232164,0.47068947842071773,-88.99672232087565,0.04011913814444078,52.080604658453346,6.392424452938254e-09,2.1105802882508388e-08
8.375e-07,18.50762657279598,0.48021810118567043,-82.83415366482481,0.03942959450811505,18.829289141095636,0.48000166844593173,-81.55022447468738,0.04014168979973979,45.50157491927018,6.2699250817461275e-09,2.1345830457310855e-08
8.4e-07,10.304934636925218,0.4723273399629314,-76.34863419946709,0.04078460922933718,9.93150165198854,0.47833850469838307,-74.31443594741123,0.04004641582783735,36.86597761449517,6.144053948205979e-09,2.1598477029252752e-08
8.425e-07,1.3458760270084693,0.46639666363910176,-67.10904185258437,0.03866858798731341,1.0488677549852379,0.4664182225749104,-67.32923340571516,0.039821536193225156,26.564122076454115,6.015073672117665e-09,2.1843314765768017e-08
8.450000000000001e-07,-7.578976959325224,0.4491885152833386,-60.00531529678881,0.03883518579602845,-7.428357832311754,0.4452870261347088,-60.63265332418517,0.03944335972678894,15.06162871504493,5.883282748540014e-09,2.2061656070008046e-08
8.475e-07,-15.105040244015079,0.41209354903366535,-52.477378620833825,0.038633894411705214,-15.209183680114354,0.4161810991359605,-54.26053538859323,0.03887378265910759,2.878384035571006,5.749014412329103e-09,2.223826024653325e-08
8.5e-07,-22.48533004066856,0.37718559341954644,-46.36840727788332,0.03796252098400295,-22.098560400246228,0.3804204859444104,-48.246186103766036,0.0380601688958955,-9.434957047365335,5.612634361622351e-09,2.2362332180005452e-08
8.525e-07,-27.66572611357259,0.3325206939744583,-43.65628519161254,0.03673704534300097,-27.97819980169822,0.3393486201016756,-42.62006577399294,0.036939206232669004,-21.321859557993132,5.474537588047507e-09,2.242786558322341e-08
8.55e-07,-32.548231780338085,0.29073051997408983,-37.214858709203995,0.03571891376046802,-32.7774057221097,0.29432037823001367,-37.40950181069542,0.03544555176989857,-32.24506257288169,5.335144637905047e-09,2.2433480875816765e-08
8.575e-07,-36.500990605612195,0.24902038653604813,-32.95004458162615,0.03288466595914821,-36.44140449824613,0.246730480944716,-32.638431081880405,0.03352428980840554,-41.71086219117224,5.194897637680026e-09,2.2381921981137512e-08
8.6e-07,-38.56963774690695,0.19828502531402684,-29.296795575904692,0.030402787907633105,-38.904838487604856,0.19806493445450812,-28.327173752814133,0.031144058249882034,-49.291425826589,5.054256360306483e-09,2.227933198763161e-08
8.625e-07,-40.00265716949726,0.1524268635749188,-25.486588045359575,0.02897466230528209,-40.076801171809606,0.1499527247656822,-24.492240779777184,0.028306496068326244,-54.644129266032444,4.913694499256892e-09,2.2134364874523833e-08
8.65e-07,-39.64604413940779,0.10392610425269426,-19.754487934962352,0.02588954731201879,-39.84129319195886,0.10419418233941845,-21.146176911307784,0.02504857180769226,-57.52704250375405,4.773696179104455e-09,2.1957149193729144e-08
8.675000000000001e-07,-37.928225917882386,0.0652052048817921,-17.20765787208738,0.02220409663165882,-38.073731622960054,0.06274650447075185,-18.297440726730763,0.021437181301541958,-57.80986442666817,4.634752592434947e-09,2.175812626190038e-08
8.7e-07,-34.66156429125736,0.036830712934101666,-16.38546269702698,0.017996639949601045,-34.67075246395419,0.02765513271237644,-15.950322902972175,0.017558506460613507,-55.47981212792987,4.497358542670217e-09,2.1546844100439758e-08
8.725e-07,-29.778037351760315,0.0035455265958795733,-16.52689840243756,0.013070022739882996,-29.58763870897263,0.0009305408726571654,-14.104903550681506,0.01350618667229771,-50.64219866521245,4.36200861405966e-09,2.1330876672683402e-08
8.75e-07,-22.833510354110068,-0.016341194207732116,-18.49082764023052,0.009172786248994898,-22.875827217664863,-0.015618498737034027,-12.757049102718995,0.009371801651972428,-43.515673150331835,4.229192697719561e-09,2.1115111221225557e-08
8.775000000000001e-07,-14.914194245900692,-0.02959475777017702,-11.463445806743872,0.005216659464043331,-14.712456149614974,-0.020574074113642437,-11.898448875290917,0.005239341071417436,-34.42233830732031,4.099575707879722e-09,2.0901652439960396e-08
8.8e-07,-5.700968783250471,-0.022042668724914893,-10.711683581583301,0.0009933768902980744,-5.414920380394932,-0.013092969195680997,-11.516691057747295,0.001183506962913605,-23.773192162825282,3.973488740216757e-09,2.0690494285681364e-08
8.825e-07,4.11993377643491,0.007086951108109344,-9.210477331804984,-0.002686403178784992,4.564255824732308,0.006944537577392196,-11.595377524544205,-0.0027293908873715226,-12.04955187127353,3.8512231036877854e-09,2.048091098439168e-08
8.85e-07,14.613670226688463,0.03684265883174079,-8.544029843927365,-0.006796191726409954,14.663644871201416,0.038847422242263875,-12.114276505404433,-0.006439474640950659,0.21870072440931906,3.733125196516725e-09,2.0273270597283025e-08
8.875e-07,24.22748294786553,0.08259862843359085,-14.324271078244957,-0.009084460744686005,24.258023359926334,0.08110678409251,-13.049511800507517,-0.00989158726011736,12.477068545396136,3.6197266947649568e-09,2.0070767857567248e-08
8.900000000000001e-07,32.777953864120725,0.13849914375709632,-13.501288858510058,-0.013175880608594197,32.71679521309058,0.13147601405555176,-14.373786889758186,-0.01303471411348836,24.171501282166194,3.5113530544119366e-09,1.9880502397188798e-08
8.925e-07,39.50750198902319,0.18140450730341928,-14.443646200168827,-0.015840626567875604,39.46769797153051,0.18713249971261467,-16.056641961875805,-0.015822917560731474,34.77343720675341,3.4082777362971893e-09,1.9713449108639506e-08
8.95e-07,43.92429676618883,0.24619864919787898,-15.479334398831949,-0.018195652492600585,44.056620096229764,0.24490280417110719,-18.06474158314488,-0.0182176379906292,43.8036929591612,3.310717336993705e-09,1.9583163045951805e-08
8.975e-07,46.02234636499244,0.3033350243811125,-19.296393461030853,-0.01995433713181816,46.19475675303683,0.3015236948314034,-20.362190439936448,-0.020190722880769833,50.85412154398663,3.218828509775714e-09,1.9503441946267973e-08
9.000000000000001e-07,46.12311228497106,0.3510861978816484,-20.648695155814828,-0.021229357432215306,45.78621251109265,0.35390620397031053,-22.91087432615025,-0.021727211291447963,55.60605964514036,3.1327068561497076e-09,1.948550303793211e-08
9.025e-07,42.87373678475413,0.4033725289728374,-27.953987192534388,-0.023420970158541162,42.93220270288116,0.39936994956090077,-25.67082330893834,-0.022826873840114153,57.844730482040596,3.0523877650628743e-09,1.9535396436960306e-08
9.05e-07,37.618461427381554,0.43291539090393466,-24.558378209543683,-0.024195864332803844,37.911687308726194,0.4358201969561647,-28.600593795585535,-0.02350385219164745,57.46895123098606,2.977848980442013e-09,1.965231607296047e-08
9.075e-07,30.893224867195876,0.4652872850977446,-30.552604256381056,-0.02343606360605165,31.141956606377843,0.46184966403978384,-31.657666043233657,-0.023784347238095128,54.495706258362134,2.9090145187793452e-09,1.9828207389686653e-08
9.1e-07,23.153797810667005,0.4747995900214529,-34.91467127763314,-0.023043846757240458,23.125741544006438,0.47675919438208597,-34.798853502823064,-0.023702913204907493,49.059379465959175,2.845759461125057e-09,2.0048707807061544e-08
9.125e-07,14.111980649014193,0.48398988916871755,-36.805899423357275,-0.023992670970075344,14.393321955061957,0.48050403817447807,-37.980720270659624,-0.023298265468585554,41.40568044464351,2.7879151214246732e-09,2.0295118482241167e-08
9.15e-07,5.322155031596411,0.46561976772340513,-39.509007269512225,-0.02233379202808049,5.4485356700510525,0.4735834195886675,-41.16000283644345,-0.022609493606732315,31.880538960407044,2.7352741460796568e-09,2.054689830958642e-08
9.175e-07,-3.101827307761731,0.45993169826500735,-44.900053790398104,-0.02025526471496945,-3.273504576713009,0.45689848301838304,-44.294032266246234,-0.021673270726865115,20.914469716727385,2.6875952154738827e-09,2.0784137478344635e-08
9.2e-07,-11.572089510085263,0.42455368331655935,-47.69317854699219,-0.01980039227577817,-11.43158783350614,0.43160639730859157,-47.341152943290325,-0.020522253918447836,9.003114070383926,2.6446071740286343e-09,2.098958525679998e-08
9.225000000000001e-07,-19.065614759572764,0.39715203656421044,-48.53765393398455,-0.019537546280647418,-18.78435227608575,0.39899601036419025,-50.26113400865307,-0.01918454827861619,-3.315161829145565,2.6060125818109197e-09,2.115000560071057e-08
9.25e-07,-25.236327838036956,0.36369815849441284,-51.29812827411633,-0.01859641892355609,-25.17842797330501,0.3604035519907908,-53.01556969808934,-0.017683936618099638,-15.483599963616543,2.5714908274489683e-09,2.125683373903387e-08
9.275e-07,-31.111088505060696,0.3149156717910373,-59.05543655865515,-0.016265627222472063,-30.523380414460433,0.3171768503518185,-55.56826485954084,-0.016040548552399548,-26.952214640541943,2.540701043103972e-09,2.130624608536631e-08
9.3e-07,-34.39033397179242,0.2726107010881301,-62.2758251500876,-0.013786207642967617,-34.76030516611558,0.27068528020794524,-57.885602057952696,-0.014271701499066385,-37.20265059400663,2.5132851004986363e-09,2.129881007644896e-08
9.325000000000001e-07,-37.96625154199844,0.22725658133731033,-58.76910436871187,-0.012794069873826405,-37.83183737333456,0.22236232596198563,-59.93688682856595,-0.012392735177431887,-45.77161146223741,2.488870937466155e-09,2.1238860950497503e-08
9.35e-07,-39.99584599054302,0.16905420225622764,-59.95864011050985,-0.011032396317770927,-39.660768240159264,0.17376016450932275,-61.694667825692164,-0.010417742824213884,-52.271799728087935,2.4670763748800073e-09,2.1133693559885582e-08
9.375e-07,-39.66167165635356,0.12511052948111506,-61.714723415148576,-0.00931273263225785,-40.14252068923393,0.1265924631670479,-63.13502882940671,-0.008360160498951127,-56.40942168482438,2.4475134531373995e-09,2.0992600905414716e-08
9.4e-07,-38.917076638069574,0.07784454391437584,-59.68963155530495,-0.005883060488395442,-39.15379301509897,0.08274326822120627,-64.23784981577411,-0.00623320959715577,-57.99746624261078,2.429793172296046e-09,2.0825771751112194e-08
9.425e-07,-36.460437885269414,0.03867435549198387,-68.25179569484668,-0.004394603623335041,-36.57627970022443,0.04422614881249403,-64.98703456502074,-0.004050203205166475,-56.9641574038897,2.413530389984278e-09,2.064309356039789e-08
9.450000000000001e-07,-32.49785538364679,0.015881815915040398,-63.14382966133269,-0.0015167434483352817,-32.33115337225663,0.013087524495228271,-65.37070257411048,-0.0018247319959463384,-53.356198375016746,2.3983485431356086e-09,2.045298494450701e-08
9.475e-07,-26.496271132619594,-0.007600097955800184,-65.70614523981547,0.0003669622201868863,-26.41754160456489,-0.008740441780600211,-65.38134335292064,0.00042925347613690697,-47.33666068769009,2.3838838326312894e-09,2.026146910440205e-08
9.5e-07,-19.305020507164276,-0.01421364081270625,-64.20237128056873,0.0035281227537622938,-18.947018689748766,-0.01962097430245899,-65.01593151387756,0.0026974455594548853,-39.17761373708013,2.3698920987799535e-09,2.00717453935742e-08
9.525e-07,-9.85983087354145,-0.013976208988890265,-63.679438434182124,0.005211997931026074,-10.166395147346066,-0.018402885357067373,-64.27600141058997,0.004965244297126232,-29.24782786475386,2.3560658487015655e-09,1.9884472562588162e-08
9.55e-07,-0.47745582903496764,-0.007623084167937373,-65.1765650763667,0.007408506048721089,-0.46279994239158073,-0.004590474982367153,-63.16768043865525,0.007217852907564559,-17.99610677903363,2.341947654455694e-09,1.969882508990713e-08
9.575e-07,9.887799262595488,0.017685936171944788,-60.46161783148384,0.01001238476446248,9.652076710005808,0.021535618171313654,-61.70168047823717,0.009440360958085637,-5.931002649443991,2.3270988018848952e-09,1.9514150710912837e-08
9.600000000000001e-07,19.82243710779619,0.06050546820304325,-57.30968276694061,0.011493046461465668,19.578178813547783,0.05886967414873086,-59.89324732998983,0.01161775819721296,6.402169293226057,2.3113630410834814e-09,1.933181733424734e-08
9.625e-07,28.51575629226591,0.10866790711553864,-59.53081177087229,0.013853453397785187,28.679746458454265,0.10551744016714634,-57.762068370120815,0.013734807512826769,18.44597776350478,2.294543451186882e-09,1.9156688768933698e-08
9.65e-07,36.3511833701977,0.15685645031844375,-54.281291648342496,0.015248103338230668,36.34749854045083,0.15891871850359593,-55.33213902352331,0.01577569378963807,29.65607004590741,2.276404135744707e-09,1.8997691085904626e-08
9.675e-07,42.056187456109036,0.21725969599638847,-54.8835512596984,0.01736954186631176,42.06154708110941,0.21604384442985905,-52.63158902266173,0.017723362264100928,39.525775498018675,2.2567263486433e-09,1.8867146844053155e-08
9.7e-07,46.0282725993395,0.27361090455153286,-49.506728259321214,0.02011547785125296,45.44587613819589,0.27364073764129715,-49.69246978095788,0.019558474959528935,47.609005909686964,2.235309331548899e-09,1.8778907689294762e-08
9.725e-07,46.29465246774275,0.32775252694917917,-42.89848956712024,0.021761289068495653,46.30638516161745,0.3285016777315691,-46.55050455960456,0.0212579615324686,53.54041767425021,2.211972370652045e-09,1.8745690058160096e-08
9.75e-07,44.58242242572848,0.3831122243540551,-46.62486580356217,0.022338776707066577,44.647014980680105,0.37771633404501476,-43.24480344289119,0.02279323945577182,57.0519244875571,2.1865581106485493e-09,1.8776280289468526e-08
9.775e-07,40.73712302222356,0.41781877798211947,-41.0597388922091,0.022914501070116274,40.6619132152118,0.41888030012880195,-39.817545456255466,0.024128341898296504,57.98481423840239,2.1589369664030832e-09,1.8873329399798213e-08
9.8e-07,34.7703884081191,0.4529992724515917,-36.32310284753757,0.024270511506973198,34.70536179568039,0.45023594495066965,-36.313630460542015,0.0252184124552384,56.296922434518166,2.1290122983489845e-09,1.903228736192307e-08
9.825000000000001e-07,26.94178955263727,0.4736601979428605,-30.74965791613269,0.025405578556256393,27.24463267764012,0.47073346305852715,-32.78030373263368,0.026009248906084047,52.06453794160242,2.096725894264403e-09,1.924169872124722e-08
9.85e-07,18.67709693154765,0.4781499638577426,-27.53436139252898,0.02671469162075353,18.803467268760738,0.4800126516663574,-29.2667563942789,0.026438680356658025,45.478954900324744,2.0620632466677257e-09,1.948471546956103e-08
9.875e-07,9.491406864784961,0.4770979109991578,-24.27763799421522,0.026945289217700848,9.90506201967777,0.4783179769946829,-25.823705075267082,0.02644037193419238,36.83782666679899,2.0250581386412214e-09,1.9741400963576657e-08
9.9e-07,1.0446702752959087,0.46344475709556343,-20.61271022531833,0.02498918688994749,1.0230970054716382,0.46636886048025256,-22.502954392100342,0.025950044449521804,26.53171255873488,1.9857961451751844e-09,1.999127721296744e-08
9.925e-07,-7.329360033788644,0.4440707902319474,-19.51424359146929,0.024794421813171978,-7.452452466542853,0.44521225866699365,-19.356945987196816,0.024913153964123056,15.026425463698146,1.9444168039181565e-09,2.021561646838305e-08
9.95e-07,-14.912618208693207,0.4251207442779228,-15.41888819177009,0.022976899392488474,-15.230891740314133,0.416084738680008,-16.438298004928654,0.023292184319708958,2.841978157388425,1.9011143816921567e-09,2.0399146555864485e-08
9.975e-07,-22.06443953503568,0.37926246442573847,-14.014273597542525,0.020627973133967928,-22.1174326449662,0.3803064785308616,-13.799338978260511,0.02107142593295838,-9.470920089596982,1.856137330679328e-09,2.053104811591261e-08
1e-06,-27.982719081499482,0.34191358980269326,-10.042165444993909,0.017529776072302293,-27.993973432988085,0.33922094020633126,-11.491640162486863,0.018257799558535476,-21.355754316663628,1.8097866619106067e-09,2.0605296710059696e-08
1.0025e-06,-33.145734659853936,0.29599359108827766,-11.107281506298989,0.014887197332501198,-32.789910769047545,0.2941830597728806,-9.565550379951631,0.014877725937985224,-32.275357082087,1.7624135415410995e-09,2.0620500007974427e-08
1.0050000000000001e-06,-36.428753008349005,0.2462455921621815,-7.2767015718672745,0.01134693768314802,-36.45047444596271,0.24658774543686357,-8.069737431412044,0.010971532769304829,-41.736187208087884,1.7144164260651477e-09,2.0579394274001406e-08
1.0075e-06,-38.60142993587223,0.19698037495855972,-7.742888743589891,0.007514541068776389,-38.910246539245506,0.19792135500476807,-7.050740085855413,0.006587716320766239,-49.3106367181217,1.6662379974507704e-09,2.0488119914345643e-08
1.01e-06,-40.000749043859365,0.1534940807410696,-5.78303016261485,0.0016403242359918791,-40.07823776258064,0.14981335511296004,-6.552534581466652,0.0017792996575650675,-54.6563577436339,1.6183620517978148e-09,2.0355333108528012e-08
1.0125e-06,-40.357147338472856,0.10491762668606863,-7.241974682598224,-0.0033368912210346704,-39.83839162317921,0.10406458506824395,-6.6161194566918695,-0.003396177437204127,-57.53173586808449,1.5713103588947971e-09,2.0191169353086253e-08
1.015e-06,-38.14226815055268,0.06779558247444156,-3.975944151043355,-0.009365816022625725,-38.066138576459,0.06263263126212554,-7.279122382933515,-0.008872445482364301,-57.80681054834833,1.5256393736824141e-09,2.0006081568267932e-08
1.0175e-06,-35.35537630079497,0.025467489515287937,-16.00132499923908,-0.014126864967498487,-34.65823056797338,0.02756303850706989,-8.575432490555407,-0.014566542063962648,-55.4691490353052,1.4819365729010895e-09,1.9809634236320845e-08
1.02e-06,-29.369815820957953,-0.001935689056086248,-7.3931562774355655,-0.0218066543085569,-29.570181040831372,0.0008659478752359693,-10.534861469149838,-0.02036901568822105,-50.62440830578693,1.4408161346135473e-09,1.9609423381779146e-08
1.0225e-06,-22.714396026785487,-0.014269310640993148,-7.682134380180481,-0.02501104483812775,-22.853760018525186,-0.015650738491931025,-13.182836483201918,-0.026136335911069578,-43.49155960783672,1.4029136887157423e-09,1.941036533545863e-08
1.025e-06,-14.517363051750692,-0.017677694361113487,-14.868024219788193,-0.03132771880754677,-14.686506804742457,-0.020570543506493667,-16.540127677473585,-0.03169188687197593,-34.392991458963,1.3690653565857588e-09,1.9214602889538635e-08
1.0275000000000001e-06,-5.219967643258064,-0.012531003502258324,-22.349519675618552,-0.036126400812006694,-5.38623280531138,-0.013052190806066708,-20.622612754909284,-0.036842375120262366,-23.739938419319923,1.3397959902264616e-09,1.9022179195804885e-08
1.03e-06,4.505111759622121,0.00987445860997913,-26.560085866351404,-0.04197422544061142,4.594167714412029,0.0070217420853164085,-25.441080796170702,-0.041411774090327834,-12.013894226097813,1.3156136130495665e-09,1.8832430264755038e-08
1.0325e-06,14.617477423992483,0.03619699968381611,-33.097481049748076,-0.04560443650012294,14.693004427716273,0.038957786679539544,-31.001077156783815,-0.045284166644232134,0.25515062689663237,1.2971025539991155e-09,1.8645798711189845e-08
1.035e-06,23.967736124629344,0.08433357020997077,-35.52188334526829,-0.04982298461250226,24.284947417827404,0.08124470545935132,-37.30279092818085,-0.048436195503237064,12.512663252609999,1.2850491388650486e-09,1.8465565010028756e-08
1.0375e-06,32.809806704230574,0.13080807346646472,-45.85196183500267,-0.050177659141777055,32.739478620188414,0.13163391567496946,-44.34098608574901,-0.05094033317112925,24.204631994400387,1.2800497818756736e-09,1.8298922447104636e-08
1.04e-06,39.28225906494363,0.1826338826796063,-52.55815346751531,-0.05306429028511252,39.48460032550804,0.1873014137281069,-52.10497707346411,-0.05293562690198233,34.80260649126353,1.2826621444690515e-09,1.8156943155971062e-08
1.0425e-06,44.3955782781962,0.2457119295344018,-60.55177442713601,-0.05462720154969781,44.06662745187812,0.2450731041725112,-60.57864919410285,-0.054581527835869094,43.827582430714614,1.2933975021195133e-09,1.805327870611101e-08
1.045e-06,46.526532561576126,0.3066438993470449,-69.1255947269053,-0.05622190125156252,46.19729453137934,0.3016858869918049,-69.74052378967126,-0.05601706840462937,50.871651452872634,1.3127147240653876e-09,1.800181944996929e-08
1.0475e-06,45.723470074584505,0.35146735012970176,-79.57241831214617,-0.057629904477003446,45.78129332444444,0.3540516772940425,-79.56386781195468,-0.057339036054392965,55.61643767939794,1.3410160688103932e-09,1.8013870084184735e-08
1.0500000000000001e-06,43.37375836215061,0.40051888585623,-89.01953392976982,-0.05840658244047787,42.920403027649776,0.39949159392844585,-90.01684700133404,-0.058599353266149984,57.84748757815567,1.3786447965800954e-09,1.809556389437981e-08
1.0525e-06,38.105994726531385,0.43767636522060976,-98.92720871933041,-0.059867992134121896,37.894058128087856,0.435912820125646,-101.06272151655297,-0.05981395693091599,57.463962774492735,1.4258844050091185e-09,1.8246176120022712e-08
1.055e-06,31.080558830500923,0.46002123302369374,-110.09399107107362,-0.06133928634984315,31.119883376666433,0.46191017166206433,-112.66008249230326,-0.0609749998264426,54.483197716133404,1.4829591368188293e-09,1.8457734708874638e-08
1.0575e-06,23.241081484132174,0.47113065136841337,-123.61611149284849,-0.062143895212493395,23.100776353856673,0.4767865346639514,-124.76312764840642,-0.0620614674364592,49.03991619561818,1.5500353121356994e-09,1.8715963360653383e-08
1.06e-06,14.279742168124256,0.4769521842319003,-138.58702057164462,-0.0638588262707715,14.367014271445187,0.48049894858161885,-137.32197373728584,-0.06304660388850228,41.380142141686534,1.6272230167057182e-09,1.9002254563728543e-08
1.0625e-06,5.662375775283497,0.47217128625199195,-152.24972933336662,-0.06413900844906442,5.422287035584019,0.47354804081070084,-150.28300329809093,-0.06390241423823359,31.850079897968907,1.7145777309595464e-09,1.9296163214009457e-08
1.065e-06,-3.7134981437362056,0.45543877878041306,-165.07791586092955,-0.06399543632738491,-3.2985418734100995,0.4568359206888273,-163.58924288921895,-0.06460211454655249,20.880466575065853,1.8121016011965596e-09,1.957787829372785e-08
1.0675e-06,-11.21157051342735,0.4314788674735345,-177.55180159734553,-0.06568136983819312,-11.454556745131612,0.4315203123361224,-177.18076969857626,-0.0651213461160879,8.96710371406673,1.9197442100855625e-09,1.9830247795397778e-08
1.07e-06,-18.521636226349923,0.39755171742538953,-188.91432350574175,-0.06508615642200655,-18.804680652334262,0.3988903045283537,-190.99514318516063,-0.06543871817568976,-3.3515518140184706,2.037402869899101e-09,2.0040131123145208e-08
1.0725000000000001e-06,-25.579779968443887,0.3550536406594655,-204.8080936737132,-0.06577300765497146,-25.195771125561592,0.36028218963520153,-204.96785818859078,-0.06553601079014247,-15.518724832602233,2.1649226080372434e-09,2.0199052654810646e-08
1.075e-06,-30.693159793640366,0.3194299572357881,-221.51645017585892,-0.06423800524690879,-30.53753407430197,0.31704382458347263,-219.03281575692046,-0.0653982146433731,-26.9844868295505,2.3020961144777267e-09,2.0303269109969126e-08
1.0775e-06,-34.764243499536974,0.26955949706785987,-237.7620728801879,-0.06461362399330552,-34.771111114949456,0.2705446991442131,-233.1228077891726,-0.06501349725333458,-37.23061147358835,2.4486639578396304e-09,2.0353417372426544e-08
1.08e-06,-37.59800658409166,0.23284244433202536,-250.77967800613803,-0.06463536396717272,-37.839104527293586,0.22221856745039192,-247.17001146873994,-0.06437314099321421,-45.79399726430999,2.604315345767277e-09,2.0353889652620234e-08
1.0825e-06,-39.716846831095744,0.17012265745177618,-258.99382133813265,-0.06197830041406778,-39.664228141212085,0.17361803148179186,-261.10648937832315,-0.0634714760457957,-52.28759866537756,2.768689614098141e-09,2.0312023903026134e-08
1.085e-06,-40.02459008666491,0.12821887181293018,-273.5841885078597,-0.06239444198815339,-40.141828913853594,0.12645726946909755,-274.864691137055,-0.06230581852272311,-56.41791968134446,2.9413784967954233e-09,2.023714105727832e-08
1.0875e-06,-39.03677888114246,0.07612956046798458,-293.83305311255015,-0.06084900069712221,-39.148578353900064,0.08262079689210146,-288.37795238637216,-0.06087641470054086,-57.998279208271114,3.1219290816309593e-09,2.0139441479483257e-08
1.09e-06,-36.537243538304416,0.05047918527664269,-302.6046093670499,-0.05830756097287836,-36.56623287759532,0.04412244922878153,-301.5809869731982,-0.059186385041722335,-56.957248594493954,3.3098472245918964e-09,2.002880704837001e-08
1.0925000000000001e-06,-32.54090460503086,0.010368050988150971,-319.5561724050471,-0.05747319040625005,-32.3161384366005,0.013008547085291894,-314.41036823684504,-0.057241656620895344,-53.34188005301555,3.50460110577405e-09,1.991363334039853e-08
1.095e-06,-26.826469184431154,-0.011513272601804816,-324.76469396229993,-0.05503222625314451,-26.397707542419404,-0.008789340319800129,-326.8049953992584,-0.055050870420652015,-47.31558000863109,3.705624580296661e-09,1.9799903621873495e-08
1.0975e-06,-19.08135261796135,-0.021221501796873894,-339.86810092499854,-0.053492270219950996,-18.92288736662045,-0.019635592555422174,-338.70654118603204,-0.052625251030105416,-39.15072349965036,3.912424143517047e-09,1.969076180466495e-08
1.1e-06,-10.01414049022909,-0.021006557544642715,-351.98700711993587,-0.050965546142734366,-10.138904677620904,-0.0183807230266248,-350.05987696676425,-0.0499784303177042,-29.21634344644751,4.124393658996549e-09,1.9586797641328577e-08
1.1025e-06,-0.5544502933217537,-0.006526185693619143,-359.48851224684455,-0.04688531701840853,-0.4332895596616728,-0.004531174718847725,-360.8134718966184,-0.04712622283464368,-17.961451203858672,4.340730555152758e-09,1.948710497323489e-08
1.105e-06,9.963019602710661,0.021143324612025425,-371.542041727997,-0.04391286353661558,9.681944473008182,0.021630011694444538,-370.9197627644453,-0.04408635781934337,-5.894742270477173,4.560604099326642e-09,1.939094040316714e-08
1.1075e-06,19.909777519317075,0.05674901065874775,-384.8874214895532,-0.041323614646510694,19.606552027606085,0.05899469304457934,-380.3354915047916,-0.040878179348397894,6.438395589431214,4.783421223061436e-09,1.9299569962983432e-08
1.11e-06,28.840214383303802,0.10358998596889567,-391.3786012921584,-0.038243355159586025,28.704757227789848,0.10566643129482174,-389.0220076091616,-0.03752233115073983,18.480532630857965,5.008501673997582e-09,1.9217742987495277e-08
1.1125e-06,36.24305644395292,0.1603488856363343,-396.16709102798825,-0.034207416486968546,36.36745208275782,0.15908332338340686,-396.94553297375484,-0.034040444933673135,29.68739168309607,5.235083997656611e-09,1.915425537848026e-08
1.1150000000000001e-06,42.14673516664781,0.21624488716234969,-402.86684971056786,-0.03034159102857789,42.07509920476609,0.21621466739005282,-404.07738704376374,-0.030454850316417592,39.55244823837067,5.4623829609615866e-09,1.9121280373752166e-08
1.1175e-06,45.26775787361042,0.27946189258431875,-411.3389001705646,-0.02564315647333991,45.45217306353502,0.27380812009587224,-410.3941704554994,-0.026788320745152906,47.62982420608022,5.689592752060163e-09,1.9132498468928248e-08
1.12e-06,46.12537700260958,0.3279976275081688,-411.44880206160093,-0.024172520855515765,46.305145233603085,0.3286564811006251,-415.8779057340324,-0.023063863722832072,53.554440587097275,5.915891722649423e-09,1.920043222012232e-08
1.1225e-06,44.63413397626804,0.37550852413423136,-421.3361258873803,-0.018999601356418698,44.63854087147227,0.3778506340176586,-420.5161339726021,-0.01930455639144793,57.058518213131684,6.140448693433453e-09,1.9333652722663e-08
1.125e-06,39.96298128085616,0.4193373644385831,-422.4666529827298,-0.014722407085711306,40.64703415939813,0.41898791062200264,-424.30196679758797,-0.015533420238859634,57.98368075532438,6.362430643304678e-09,1.9534577831383643e-08
1.1275e-06,34.565745466623646,0.45041261682569556,-424.5652515016924,-0.011628459356198852,34.68531634906242,0.450312718446223,-427.23409330593523,-0.011773322742903906,56.28811297364125,6.5810114261337175e-09,1.9798411170981004e-08
1.13e-06,26.943065681860315,0.4762153331108706,-431.912232958691,-0.008003925636391542,27.22091155585716,0.47077735003630794,-429.3167420473679,-0.008046890151845499,52.048450670497175,6.795381033563547e-09,2.0113442677841373e-08
1.1325e-06,19.259668771733867,0.4825373535154966,-433.38898673425325,-0.005399999898951499,18.777641455077,0.4800235393318512,-430.5595985080156,-0.004376414950635826,45.45631692700919,7.004754866957079e-09,2.046256557858688e-08
1.135e-06,10.048031454188292,0.47242996737811926,-431.64128658676833,-0.002008104438508104,9.878622592977422,0.4782973599751508,-430.9776789319773,-0.0007837439653226636,36.80966117611351,7.208382503569392e-09,2.082558296954121e-08
1.1375000000000001e-06,1.2119957294122876,0.46379474964641443,-429.20689321765155,0.0023461329796093692,0.9973298663149563,0.46631941814702427,-430.59116168942705,0.0027098619425933294,26.49929256671644,7.405555534839042e-09,2.118175621985713e-08
1.14e-06,-7.088066938695916,0.4461669410881141,-433.1584287676648,0.006562455794747103,-7.476540963658438,0.4451374216656942,-429.42517776099254,0.0060838989611838885,14.99121628015576,7.59561420019285e-09,2.1512096476970955e-08
1.1425e-06,-15.291267544496574,0.4131118949035105,-426.4913889061992,0.009851016273507564,-15.252591982947777,0.41598832009583875,-427.50956225505934,0.00931881741676216,2.8055711572370523,7.777952711099255e-09,2.1801069309741936e-08
1.145e-06,-21.88704474474051,0.3749430584540821,-425.9545647091613,0.012016442304949252,-22.136296066354742,0.38019242457175945,-424.8785692044361,0.012396233770668189,-9.506879392860181,7.952023326687796e-09,2.2037591234483754e-08
1.1475e-06,-28.27148587917076,0.3415112351553122,-426.5181247500619,0.015580506545797271,-28.009737650307997,0.3390932254316032,-421.5705521985461,0.015299142072838041,-21.3896406444213,8.11733937520073e-09,2.2215371490118353e-08
1.15e-06,-32.63048486736272,0.2974485668763891,-422.4445784192383,0.018244809471481577,-32.80240594526326,0.2940457184490471,-417.6276136942874,0.018012107810795534,-32.30563884949383,8.273477492842677e-09,2.2332749423371464e-08
1.1525e-06,-36.59667496577589,0.2488003341594005,-412.2047037882408,0.020557308610790123,-36.45953396492138,0.24644499988828214,-413.095226110513,0.02052142851464017,-41.76149574821665,8.420079361969393e-09,2.239219163002887e-08
1.155e-06,-39.30016568243037,0.19960412803578376,-406.5352434417134,0.024062818537791346,-38.915643370070235,0.19777777962261808,-408.0218280453444,0.022815249672054973,-49.32982814259508,8.556853175390448e-09,2.2399568423882577e-08
1.1575e-06,-39.847406235635425,0.1530476497497094,-399.4984093477333,0.024673640398170493,-40.0796621103758,0.14967400518135135,-402.4583991603629,0.02488363071326293,-54.66856464377035,8.683574946524782e-09,2.2363266476028187e-08
1.1600000000000001e-06,-40.425126290664004,0.10360950947807082,-400.04419870799,0.027843121247321693,-39.83547670526652,0.10393502460080942,-396.458017449229,0.026718562923439784,-57.536406519796834,8.80008964961025e-09,2.2293153383454223e-08
1.1625e-06,-38.357307732460725,0.06558853664340852,-393.2095223104751,0.027620908568735728,-38.05853125449729,0.06251881277355661,-390.07540274910787,0.028313947848513876,-57.80373384881509,8.9063120388472e-09,2.219941690890662e-08
1.165e-06,-34.48647309688222,0.023935529533155624,-379.85655655071713,0.02966827344546677,-34.64569398143635,0.02747101669247675,-383.3664504601047,0.029665549869240374,-55.45846404433871,9.002226889009876e-09,2.209136058511046e-08
1.1675e-06,-29.427397247403476,-0.0005811348943189818,-377.8944358762184,0.030971302985637862,-29.552709110515544,0.0008014432272195786,-376.38775950999235,0.030770939205697716,-50.606597960645935,9.087888346162846e-09,2.1976325747772622e-08
1.17e-06,-23.01413784513889,-0.012869014952331649,-369.0958182032138,0.031010323554990612,-22.831680091108954,-0.015682877318364596,-369.19615863811146,0.03162944121169311,-43.46742889556265,9.16341808949155e-09,2.1858983069773735e-08
1.1725e-06,-14.883213870587543,-0.016126998006202074,-359.3801200973372,0.03156891353070971,-14.660547500691841,-0.020566904395992767,-361.84823507327854,0.03224210449603526,-34.363631032797336,9.229187878192897e-09,2.1741242067972952e-08
1.175e-06,-5.2989887994950475,-0.015401474387154914,-352.3730306500745,0.03253873135761162,-5.357539231249933,-0.013011302661674959,-354.3998696458521,0.03261169476097598,-23.706675303663605,9.285309030728325e-09,2.1622928472881982e-08
1.1775e-06,4.557450152375551,0.011649382479649336,-348.88146307529877,0.033127529302538046,4.624080682150883,0.007099050496115853,-346.90578230411234,0.03274271429255096,-11.978231838027725,9.33193136991089e-09,2.1503179612614728e-08
1.18e-06,14.221609345002957,0.0383145540929422,-339.24489580964814,0.032807906473574795,14.72235957771819,0.03906824198852891,-339.41909190054264,0.03264144002419474,0.29160042865451896,9.369338631467065e-09,2.1382259729174942e-08
1.1825000000000001e-06,24.135689808509,0.08110521245985358,-335.71194169347325,0.03212813063791219,24.31186153557283,0.08138269817973147,-331.99089397534976,0.03231596728648309,12.548253020023378,9.398073555794857e-09,2.1263291035869228e-08
1.185e-06,32.70020140807933,0.13033554477441375,-327.9764495563975,0.030779882529113258,32.76214706558897,0.13179186405341195,-324.66986009396544,0.031776242799733456,24.23775315102919,9.418549335020587e-09,2.1153326759254518e-08
1.1875e-06,39.52078737128501,0.18618438094921408,-315.9004094685405,0.031480154712475,39.50148373514578,0.18747034680267813,-317.5018620938406,0.03103406980609776,34.831762036255775,9.431201299865686e-09,2.106331419524663e-08
1.19e-06,44.3003793757556,0.24448670784455262,-309.6891276181407,0.030036596555002293,44.07661333445766,0.2452433947161097,-310.5296243654263,0.03010307059802801,43.851454599832586,9.436479925799654e-09,2.100679229812224e-08
1.1925e-06,46.76289154278567,0.303239606654115,-302.41406615729807,0.029128500093744087,46.1998100043061,0.30184804267799625,-303.792407034896,0.028998596664964568,50.889161278436305,9.434845057741677e-09,2.0997549126823493e-08
1.195e-06,45.76119178552108,0.3523954320181735,-295.6777883314474,0.029128987696635345,45.77635273246737,0.35419709068545296,-297.3257226342123,0.02773758337137351,55.62679375716719,9.426761554844244e-09,2.104679738342769e-08
1.1975e-06,43.01795687047494,0.3907478503508119,-291.4307174337097,0.02746584990523474,42.90858440789722,0.3996131600195298,-291.16108854012924,0.026338353315264348,57.850221836998784,9.412696358231297e-09,2.1160590670415485e-08
1.2e-06,37.4884901581567,0.43863168728432994,-288.54964689371025,0.025380074195061615,37.876413676159494,0.4360053526832816,-285.3258171403442,0.025606556028706155,57.45895163213696,9.393116792758556e-09,2.1338140389021957e-08
