time,v_coil,i_coil,v_bias,i_bias,v_coil_clean,i_coil_clean,v_bias_clean,i_bias_clean,v_coil_src,density_state,heating_state
0.0,41.955270505259435,0.02146544895589765,-11.941501204754918,0.0164569432658852,41.82278026517273,0.024508247207792717,-11.814223868976914,0.016553260042633883,0.0,0.0,0.0
2.5e-09,92.27946105368837,0.08586094299828732,-9.71809626831493,0.016537376393620636,91.93187531508136,0.08794644507542941,-9.758523886895427,0.016392084109988873,55.323524269615184,2.3145065110753167e-11,1.4728574193590256e-11
5e-09,137.61148603476775,0.18363716672114813,-8.031399664911133,0.01591100829590228,137.78202264514854,0.18971412526510117,-7.76742305525868,0.015994011749274947,108.14655123053298,4.2327525469022364e-11,2.7720748447861802e-11
7.500000000000001e-09,176.22673814835574,0.3315984832897642,-6.306272413682886,0.015589654400539403,176.74668266148237,0.3248022494694109,-5.847802532708611,0.015511968558985357,156.08160035802538,5.773308647845856e-11,4.226868695636056e-11
1e-08,206.5447360598071,0.4855361805115637,-3.8509613848644353,0.014938656640063835,206.62814992957337,0.48631316432333827,-4.006300761815387,0.01494869305161996,196.96211659404076,6.95536016507289e-11,6.464492728141926e-11
1.25e-08,226.03989719268935,0.6660885766492796,-2.14589513835214,0.014383935488343432,225.83492434371504,0.6659139241187425,-2.2492733912988143,0.014308230729842438,228.94039370193119,7.798392571017758e-11,1.0406762772971904e-10
1.5000000000000002e-08,233.4358091843299,0.8513299545113115,-0.7348338819884901,0.013588224343627994,233.49670833213304,0.8543975713207494,-0.5827551479077457,0.013595735839806321,250.57108638056624,8.321933290757612e-11,1.71772091586679e-10
1.75e-08,229.44477186676187,1.0640445047438312,0.7713488814052404,0.01273238256253746,229.50413469656263,1.0422940003941938,0.9875760549155563,0.012817231970329626,260.87653658045883,8.54536558805209e-11,2.793535699952655e-10
2e-08,214.52241904530692,1.221852239883961,2.7567006822705094,0.011799429237034661,214.47135934279845,1.220467987621888,2.456432502964706,0.011979354033372773,259.39096142118063,8.874192924004194e-11,4.3918040073630505e-10
2.25e-08,189.4034233502221,1.3856800402963225,4.068252658025141,0.011077838432395163,189.63077968047835,1.3806469696900276,3.818947313884668,0.011089093070426772,246.1815055168299,9.515045864222605e-11,6.586810863435461e-10
2.5e-08,156.06960783968935,1.5165350767115555,5.120611442480135,0.010094942412934665,156.67849429342127,1.5158341807754914,5.070702091305647,0.01015356215734799,221.84520619238293,1.0444168715540505e-10,9.386853837323395e-10
2.75e-08,117.74800740884615,1.6147263794213245,6.025341051448147,0.009033856535852636,117.59515599013162,1.620581461908698,6.207751399900748,0.009179797252358556,187.4820087562381,1.1635986194904902e-10,1.2741964257877945e-09
3.0000000000000004e-08,74.11950657025936,1.6954703439551395,7.0041959101360005,0.008069065635973396,74.4686346485908,1.6911171750126415,7.226643886964273,0.008174601859607424,144.64505147718273,1.3063416803576563e-10,1.6545853587641758e-09
3.25e-08,29.768231081699913,1.7328930555841795,7.9628646462135935,0.007167186454324381,29.34220205862958,1.7253445915132954,8.124439903693805,0.007144439388817281,95.27046727160607,1.4698207958358932e-10,2.064605044368562e-09
3.5e-08,-15.719106885155878,1.727188775599322,8.711434814994155,0.006064626925297358,-15.89463078571156,1.7227415874684753,8.89872550810196,0.006095372446529738,41.58987490483511,1.6511273896423232e-10,2.4860069567443063e-09
3.75e-08,-59.89853211136107,1.679439661027741,9.666865618516773,0.004763999915333052,-59.56468501940256,1.6842010475485263,9.547622761136296,0.005033044270824114,-13.97048509499167,1.8473021721362591e-10,2.8994724032699815e-09
4e-08,-100.11141255814105,1.6160351019156913,10.096652895213133,0.003887790578139456,-100.21324243131139,1.6118519369657822,10.069796257892891,0.003962694356545751,-68.89941098351746,2.0553656518048197e-10,3.286565656587509e-09
4.2500000000000003e-08,-136.32038146226492,1.5021119896851611,10.509871637241469,0.0028091830947329856,-136.58101287696041,1.508893897919252,10.464455866511233,0.002889198227367235,-120.7142404002511,2.2723462100860107e-10,3.6314637665310575e-09
4.5e-08,-166.97478328136526,1.362806378726165,10.448529136899094,0.0018964873143383807,-167.55774708881376,1.3794652120618802,10.731355678173664,0.0018171204610563827,-167.07306105349272,2.4953058593544525e-10,3.922288836877892e-09
4.75e-08,-191.29988860374482,1.2277998099777792,10.840585788990774,0.0008225509382617107,-192.1370569109453,1.2285478483129315,10.870789202333858,0.0007507705332353215,-205.88055982268116,2.7213640836698354e-10,4.151939692341699e-09
5e-08,-208.35609145827206,1.0531522523611334,10.700443648116842,-0.00028831658557832736,-209.3915304853392,1.0618974269585906,10.883580871608508,-0.0003057472660574318,-235.38272613978526,2.9477202144853854e-10,4.318378101286061e-09
5.25e-08,-217.9791902347628,0.8800034559230163,10.922792503988779,-0.0013837770958279572,-218.4818458538614,0.8859735349325193,10.771073950422691,-0.0013484959195492199,-254.24612927256987,3.171674622525717e-10,4.424369523240816e-09
5.5e-08,-218.71602443221235,0.7042492735617124,10.379099974763053,-0.009430947775692724,-218.70533458833742,0.7078394981895373,10.535114970252218,-0.009366601556793629,-261.6181863570704,3.3906486620151223e-10,4.476718131377743e-09
5.75e-08,-210.25338484776677,0.524702126315883,8.681392610009343,-0.007544606591342405,-209.57990071512668,0.5350018696905255,8.506279873021175,-0.007550166108098492,-257.16569720145674,3.6022028701595444e-10,4.4850810541330934e-09
6.000000000000001e-08,-191.44663956099507,0.37929172072281253,8.934345985410493,0.0013575051533475605,-190.9501785070401,0.3751685143408563,8.711776946334103,0.0012893684545026384,-241.0899041759067,3.771350329954903e-10,4.458430924911223e-09
6.25e-08,-163.30512409908263,0.233182536164671,8.439437368215975,0.000431014415232072,-163.09605040898603,0.23591882125753447,8.794172271923822,0.0002830503067891597,-214.11739651576403,3.942038000633622e-10,4.410604429736472e-09
6.5e-08,-127.05749619934589,0.12049603654861361,8.730480700257814,-0.0006120800957290094,-126.82047816640826,0.12429762606073455,8.75667508444653,-0.0006937934348691142,-177.4672701427617,4.112146102121771e-10,4.350921439149299e-09
6.75e-08,-83.84453867622415,0.027143966203526777,8.676552389456733,-0.001748600878091682,-83.49471657431336,0.046362548650077925,8.60293920770543,-0.001638377930156004,-132.79602730560885,4.279719822325015e-10,4.286205320866071e-09
7e-08,-35.363688088810164,-0.003641082074971663,8.370004101591924,-0.002539733944203103,-35.04429728658161,0.0067292030001167985,8.337026769778298,-0.0025483229040424945,-82.12270645070123,4.442963869570296e-10,4.220454309734386e-09
7.250000000000001e-08,15.86131837695659,0.02060272700569201,8.259239034844011,-0.0036170995369932788,16.132156822165044,0.008167187779165828,7.963369548089938,-0.0034215984718562525,-27.737626282301754,4.600229907625069e-10,4.155234051391513e-09
7.5e-08,67.35262178320994,0.04813905876135979,7.608537984580349,-0.0043489387675818515,67.30866194118353,0.051300044418448404,7.486728289850012,-0.004256460916888918,27.901131427147245,4.749997552677739e-10,4.090721656758725e-09
7.75e-08,116.82090315296048,0.1314562333510526,7.146006270117278,-0.005262203974298646,115.62889105898839,0.13445400015391726,6.9121503674872935,-0.005051383244628402,82.27882153534983,4.890850367720937e-10,4.027159905874518e-09
8e-08,158.03204818248471,0.2539492706873237,6.55535155881695,-0.005962296403277226,158.33238109628886,0.25368433180376065,6.244926139742568,-0.005804987672246375,132.93769628375563,5.021448927061294e-10,3.966350293854866e-09
8.25e-08,193.54910004949804,0.3858581034269318,5.368797065633147,-0.0065976112555850555,192.9823475842964,0.40298696864355454,5.490544396849166,-0.006515988381556565,177.58808989921744,5.140503434903792e-10,3.9127718964406345e-09
8.500000000000001e-08,217.73672539460378,0.5647936050623437,4.813510603740871,-0.007153482941208087,217.66639054800493,0.5746798162468759,4.654647272677414,-0.007183152577620891,214.2119062726795,5.246748493512979e-10,3.873982868465026e-09
8.75e-08,231.13933434404257,0.7578518117058783,3.7110850181032657,-0.007841554274102828,231.14483115313962,0.7599169123445982,3.7429850078212983,-0.007805286126273833,241.15383230749657,5.338922401602378e-10,3.860131420664176e-09
9e-08,233.25538973653912,0.945605535342372,2.5057000791815924,-0.00851400356692235,232.928910039911,0.9492823353482409,2.7613709453646162,-0.008381247033484964,257.19615430175674,5.41575284762144e-10,3.882628318771752e-09
9.25e-08,222.92193515814012,1.1488952631902045,1.819251484950809,-0.008690016457530167,223.28135052840008,1.1334023288045323,1.7156371355141737,-0.008909986247460741,261.61379583450696,5.475950118902267e-10,3.9522487113993804e-09
9.5e-08,203.81272494609655,1.3082450208852292,0.8707326323277655,-0.009312305165826006,203.14310925746537,1.303514630371774,0.6115909164891864,-0.009390611328941274,254.20708956876427,5.51820808551006e-10,4.077075279387979e-09
9.75e-08,174.58304993166055,1.4597497039385112,-0.7483433278690474,-0.00986156305180352,174.00059559938646,1.451943237122946,-0.545027172898783,-0.009822465106465176,235.3108017604444,5.541212363908301e-10,4.2607288280118375e-09
1e-07,137.2567241246671,1.5549919837150121,-1.8920528210034022,-0.010183370999223234,137.7154935084336,1.572443075852112,-1.7485838085365915,-0.010205209098345516,205.77900158595784,5.564977535142898e-10,4.502604238389576e-09
1.025e-07,96.58037983145637,1.662069950798848,-2.9433254160898636,-0.010571113572357826,96.3432877732193,1.6603994053897844,-2.99359130162181,-0.010538900650876672,166.94645916040818,5.613954216131982e-10,4.7965237294268314e-09
1.05e-07,52.595213565280694,1.7160935956195265,-4.1353565203623,-0.010865698541960109,51.96609439852431,1.7128877495991919,-4.274743722663455,-0.010824053570092649,120.56831696806222,5.688460659452986e-10,5.129545814568266e-09
1.075e-07,7.0057107972670405,1.7442900905456706,-4.886483695170396,-0.01127235855887952,6.5606257749402594,1.728618221829603,-5.58695045008551,-0.011061674386536859,68.74076141904777,5.788669651460632e-10,5.4848576583678866e-09
1.1e-07,-38.4854312822511,1.7028107564875858,-6.748730477646048,-0.011397306816087215,-38.08596214650269,1.7078003359871456,-6.925366890112864,-0.011253269899236773,13.806279997261928,5.914635973822912e-10,5.843587133187339e-09
1.1250000000000001e-07,-79.84187617044296,1.6498174414828022,-8.386476766497537,-0.011391661674830576,-80.40946487413778,1.6519690002143859,-8.285422142165947,-0.011400825710489412,-41.752213839351434,6.066322522570516e-10,6.186779264759105e-09
1.15e-07,-118.65029690331517,1.571131871872729,-9.334152448073144,-0.01148632090984432,-119.05822635820174,1.5638089684958245,-9.662843413366225,-0.011506759407964718,-95.42360269276294,6.243624479170943e-10,6.497263608889568e-09
1.175e-07,-153.57251185517873,1.4556140530826995,-10.88747368659638,-0.011525050996704183,-152.85390486402275,1.447004662980686,-11.053677016690882,-0.011573855223223673,-144.7820620126797,6.44639145087665e-10,6.7612016334081605e-09
1.2000000000000002e-07,-180.9643682749874,1.2981966519909651,-12.735582668979312,-0.011555459549779306,-180.74311408908073,1.3061273085388696,-12.454305819529958,-0.01160518888811179,-187.59670184188514,6.674447874079042e-10,6.969176665428054e-09
1.225e-07,-201.95221179764093,1.143888116136092,-13.659605248063578,-0.011652532927528502,-201.76028912055318,1.146554888824584,-13.861463042600839,-0.011604051747784637,-221.93239796189877,6.927612139839461e-10,7.116754454879002e-09
1.25e-07,-215.3459777590489,0.9712400928264605,-15.050344800087162,-0.011501651179969196,-215.01860355873228,0.9744059184003195,-15.27224234306288,-0.011573881975940616,-246.23725510079467,7.205714834857672e-10,7.204493279256086e-09
1.275e-07,-219.84193151347802,0.8102518069147924,-17.110372722027236,-0.011494091263355398,-219.73877268203753,0.7964584136171354,-16.684104149942737,-0.0115182082529974,-259.4127490653577,7.508616221246053e-10,7.237423436777017e-09
1.3e-07,-215.67344894165421,0.6226403896549375,-18.46618223309351,-0.011351112589093777,-215.3164569813972,0.6200227768702304,-18.09487825432245,-0.011440608009548457,-260.86337753294833,7.83622267403822e-10,7.22405734853874e-09
1.325e-07,-200.80076814003925,0.4466565739683313,-19.590014045571493,-0.011297361038213992,-201.41946717219483,0.45274230163561807,-19.50276269084771,-0.011344678929079609,-250.52357540034856,8.188501354497963e-10,7.1750418381012276e-09
1.35e-07,-178.07257208098213,0.2869450652812081,-21.21212146726371,-0.011207814591240846,-178.0978844935982,0.3023069135646967,-20.90631898067802,-0.011234019480210952,-228.86067817711535,8.565492028109483e-10,7.101623325962956e-09
1.375e-07,-145.4279355012648,0.1774575777673389,-22.17850684709495,-0.011146748346128771,-145.8851190779385,0.17608250390340588,-22.304463838726072,-0.011112212341012133,-196.85379948481224,8.967314736055385e-10,7.014152581874342e-09
1.4e-07,-106.7648746830314,0.0783415840452049,-23.832939617552586,-0.010999209547520311,-105.86687018826122,0.08067673750371718,-23.696457479626716,-0.010982804021036293,-155.94957735105072,9.394172065955058e-10,6.920886451487301e-09
1.425e-07,-59.46702473074536,0.026519350748534114,-24.708495483340535,-0.010936913828648585,-59.698235546726835,0.021479061817763472,-25.081888687058743,-0.010849274862565598,-107.99678946507098,9.84634506648303e-10,6.827325682444694e-09
1.4500000000000001e-07,-9.017264666605968,-0.00022706635908647556,-26.659364939003652,-0.010785253166357435,-9.556366822099667,0.0022245465608973654,-26.460656839546356,-0.010714995729975642,-55.16279263641254,1.032418238711543e-09,6.736245758805094e-09
1.475e-07,41.94507506669452,0.02583876133372928,-27.8921230153114,-0.010596639959241944,41.97409766286291,0.024635688936869786,-27.832951112442043,-0.010583170667506876,0.1644367971562923,1.0828082928622136e-09,6.6484359930778815e-09
1.5e-07,92.45335285090154,0.08807927861450897,-29.62685488739423,-0.010359760270109503,92.07475536191404,0.08819222498593973,-29.19922710020432,-0.010456768063276358,55.484234061966106,1.135847305742058e-09,6.563989206452615e-09
1.525e-07,137.56084100005594,0.19820399005558242,-30.167805512902177,-0.010280597419059474,137.90829397480775,0.19006658076932686,-30.560181125119882,-0.01033844579477907,108.29627030144876,1.1915780146110176e-09,6.4838270008401895e-09
1.55e-07,176.19113058179852,0.3217813045646467,-31.713986382652458,-0.010167201844910235,176.84913209270243,0.32524362203999346,-31.91672251808866,-0.010230477902568941,156.21356174645592,1.2500404736195893e-09,6.411055177898935e-09
1.575e-07,206.4166730630615,0.4781952114586879,-33.48941583199128,-0.010017027342809633,206.70111768092315,0.4868207289506057,-33.26994417382411,-0.010134691155781219,197.07035594574478,1.311269388472337e-09,6.351757198525648e-09
1.6e-07,226.0859884856028,0.6618763152500098,-34.50598982163666,-0.010090687733628471,225.87474382828447,0.6664615126293819,-34.62109169667736,-0.010052419272618353,229.0200188447052,1.375291820300622e-09,6.314957373226702e-09
1.625e-07,233.1302971799581,0.8637150799695331,-35.92307909671633,-0.0099504586995855,233.50193776736094,0.8549573320125008,-35.97153146415607,-0.00998448063071376,250.6184984392874,1.4421254722102842e-09,6.3116904847791905e-09
1.65e-07,228.5010731966573,1.0456346764683169,-37.44787411792361,-0.009813321639399984,229.47555828353734,1.0428382113366008,-37.32271794298807,-0.00993118237157902,260.8895926380442,1.5117777076653562e-09,6.35334348561426e-09
1.675e-07,214.12497208957276,1.197365759002714,-38.71459314498657,-0.00989005615002995,214.41176939910005,1.2209707425555563,-38.676160597214086,-0.009892350371440109,259.3690713735599,1.58424536795185e-09,6.449621491065623e-09
1.7000000000000001e-07,188.6381451357524,1.3779127790055203,-40.07415878702284,-0.009786037504798319,189.54458218142855,1.3810855829414037,-40.03339072925223,-0.009867381205067345,246.12565874430535,1.6595153685018871e-09,6.606581995651649e-09
1.7250000000000002e-07,156.48888372654065,1.509708099188082,-41.08110402290386,-0.009844247520652981,156.57120359996495,1.516190205858314,-41.39592859315427,-0.009855309538417055,221.75792684189278,1.737565973603201e-09,6.8251567658666255e-09
1.75e-07,117.80991578721685,1.6179914068551136,-42.660682746191114,-0.009892053634762654,117.47285632101213,1.6208412789779378,-42.76525111439462,-0.009854882799298052,187.3672416556636,1.8183685872712876e-09,7.1004554314817e-09
1.775e-07,74.52488350043413,1.7100222669777507,-44.236343615105405,-0.009975087271510622,74.33748434729985,1.6912721646426963,-44.142760542554626,-0.0098646347436745,144.50798383811036,1.9018898627859643e-09,7.421961998483507e-09
1.8e-07,29.570782380806595,1.7288807174477734,-45.21011424563233,-0.009795722161269357,29.20804251802554,1.7253909659183426,-45.52975435226263,-0.009882950667863934,95.11729423917731,1.9880939279406377e-09,7.774549916673146e-09
1.825e-07,-16.08111670530406,1.7253606123860101,-46.75200110249732,-0.009834391446999435,-16.026523714726515,1.7226799865988696,-46.92739669384028,-0.009908119281667087,41.42751955129507,2.0769445456947738e-09,8.140099515969694e-09
1.85e-07,-59.98417026715536,1.6897088894754815,-48.64681827160508,-0.010032163983413934,-59.68969865681304,1.684036021117292,-48.33669167841747,-0.00993836922410762,-14.134684677394914,2.1684070742899265e-09,8.499428840379379e-09
1.875e-07,-100.23752730440657,1.6137660248472345,-49.92593527402124,-0.010080348495159997,-100.32739469456352,1.6115914232330293,-49.758458762974406,-0.00997189132223014,-69.05803334759106,2.2624501472244743e-09,8.834245551597747e-09
1.9e-07,-136.30324829903134,1.4982188721412217,-51.42161356967013,-0.010074592506928914,-136.6808340657289,1.5085487792014038,-51.193310479034146,-0.010006850394615288,-120.86011617636963,2.3590470504559435e-09,9.128874866590524e-09
1.925e-07,-166.78327367684454,1.3927105356462286,-52.61972382465272,-0.009949689633122743,-167.64013467302848,1.3790489823743177,-52.641632724766595,-0.010041392198120176,-167.1995969887787,2.458176821007846e-09,9.37158954124875e-09
1.95e-07,-192.52910783118978,1.2267776743729724,-54.18456716952881,-0.010143025566078228,-192.19916387341328,1.2280763796578091,-54.10356781430077,-0.010073651692491458,-205.98203678102,2.5598251194795462e-09,9.555439027654322e-09
1.9750000000000001e-07,-208.91594172347965,1.0560118168237165,-55.11112800410223,-0.010331747549510918,-209.43073728951538,1.0613887775784794,-55.5790004503218,-0.010101768063558583,-235.4545575937536,2.6639849344440808e-09,9.678533128031644e-09
2e-07,-218.92756277874213,0.8865787466657996,-56.922208267591756,-0.010112935855053596,-218.49584531553566,0.8854477142407055,-57.06754675680883,-0.010123910054914498,-254.28506860403013,2.770657159740984e-09,9.743780241954672e-09
2.025e-07,-218.43044458342206,0.7026064769259485,-58.623720672944856,-0.010166297250565032,-218.69233180782982,0.7073180951272164,-58.568546478324905,-0.01013831247786608,-261.62247359691713,2.8798510511944753e-09,9.758120085932516e-09
2.05e-07,-209.79313976254983,0.5161114299059963,-60.56032372921553,-0.010224540591867377,-209.53890193577269,0.5345074660826131,-60.08105842088135,-0.010143321814855092,-257.13513857621217,2.991584525899036e-09,9.731335985953399e-09
2.075e-07,-190.46897785049995,0.36490912297620265,-61.262629370706804,-0.010043512830461983,-190.8813187123318,0.37472384020933674,-61.60385917736029,-0.010137446171155128,-241.0258808658409,3.1058842254803112e-09,9.674587361725673e-09
2.1e-07,-162.76660557885955,0.2427293481278594,-63.407658747348385,-0.010049255101890362,-163.0008943229355,0.23554565881945186,-63.135445148087406,-0.010119402982326864,-214.0228022286914,3.2227852351897107e-09,9.598862796408117e-09
2.125e-07,-126.24884629007921,0.1253865015034319,-65.25562031271109,-0.010056223912131441,-126.70222615884265,0.12401552421691445,-64.67403783470023,-0.010088157225150845,-177.34638032503858,3.3423303418004503e-09,9.513600488049272e-09
2.15e-07,-83.43619765233382,0.04511741509465331,-66.52366146477306,-0.010020336105140642,-83.35825671806307,0.04618745987299422,-66.21759235326164,-0.010042943568629073,-132.6543059016938,3.464568729801068e-09,9.425731747072097e-09
2.175e-07,-34.474325032199964,0.009674725002074494,-67.78283658062738,-0.009946088523291471,-34.89606605277328,0.006672189947783388,-67.76380908091531,-0.009983267856112449,-81.96655894530892,3.5895540573811828e-09,9.339353698037385e-09
2.2e-07,16.498288117199614,0.01336351258229164,-69.13906803751087,-0.01001372271483706,16.28451352477785,0.008233360403279735,-69.31014831956779,-0.009908886215546609,-27.57411018708045,3.7173419163710575e-09,9.256123276687723e-09
2.2250000000000001e-07,67.71178169365112,0.04523114992437204,-71.16048262191298,-0.009821391140030038,67.45680347431977,0.05148787622163278,-70.85384783039443,-0.009819763461563527,28.064625557068382,3.847986754710698e-09,9.17630234873111e-09
2.2500000000000002e-07,115.47713819858576,0.12357908394919752,-72.49346815724547,-0.009926533133127701,115.76441901500385,0.13475513543401754,-72.39194306467606,-0.009716015699972953,82.4349041376234,3.981538414637076e-09,9.100212122865979e-09
2.275e-07,158.12100053120128,0.2402260189351604,-73.81977947745663,-0.00972187901137606,158.44752324991933,0.25408393938457363,-73.92128988984732,-0.00959784460423834,133.07931278020507,4.1180385023966614e-09,9.029725283179488e-09
2.3e-07,193.28616523380532,0.3966714914594555,-75.73018207449589,-0.009275890367812662,193.07060351865582,0.4034646303812279,-75.43858958491738,-0.009465472250724137,177.70883954670725,4.257516845203589e-09,8.969382859965526e-09
2.325e-07,217.76030606441554,0.5649685357274029,-76.50299271384459,-0.009201092287839285,217.72305716146326,0.5752108711558355,-76.94041585684174,-0.009319085415813238,214.30633146212654,4.399988301032569e-09,8.926793023528217e-09
2.35e-07,231.04700497437216,0.7652637510011902,-78.36562673092801,-0.009157250774023634,231.16734287893968,0.7604741202899529,-78.42324360919001,-0.009158796835990603,241.2176652353725,4.545450164012512e-09,8.912139259984386e-09
2.375e-07,232.99034815996055,0.9613653624603814,-79.95638992696274,-0.00923877073459867,232.91695558415617,0.9498376869639724,-79.88347917675569,-0.008984628339725227,257.2265098650883,4.693880355225443e-09,8.936850657513598e-09
2.4000000000000003e-07,224.064012668946,1.137678987152587,-81.03330503263768,-0.008879071711929072,223.23676071066134,1.1339288163871122,-81.31749172475547,-0.00879651741144689,261.60930203096,4.845236512980638e-09,9.011702666489275e-09
2.425e-07,203.03325431329864,1.28478961553489,-82.35115908288736,-0.00868029648292439,203.06954358657467,1.3039878094528283,-82.72164549911136,-0.008594345206779696,254.16794950802546,4.99945600907732e-09,9.144760598395986e-09
2.45e-07,173.4334880220161,1.4530191215167494,-84.18120921792499,-0.008482235990422242,173.9030829832446,1.452342447208747,-84.09233260510756,-0.008377980898797335,235.2387844841258,5.156456830884213e-09,9.33961190890679e-09
2.475e-07,137.7691356680663,1.5583937868192494,-85.91364026941694,-0.008242539245974042,137.599900388739,1.572752244437196,-85.42600598555941,-0.00814733501799037,205.6773621109433,5.316139195548035e-09,9.594254198718505e-09
2.5e-07,96.30152282728746,1.654677479794026,-86.90192059626872,-0.007888944366916771,96.21579216553661,1.6606074221059939,-86.71921226658061,-0.007902413509485399,166.81979135950587,5.478387712138585e-09,9.900845062287748e-09
2.525e-07,52.2497948607302,1.70530018370679,-87.60217373088393,-0.0076229954166619806,51.83273622917235,1.7129884565607838,-87.96862413911842,-0.00764336469884944,120.42234593741082,5.6430738858208265e-09,1.024632898619859e-08
2.55e-07,6.629602394759522,1.7115394653531704,-89.37903667178021,-0.007284956262132665,6.426984302654986,1.7286101120968014,-89.17107194765026,-0.00737051311366057,68.58208471681448,5.810058766031939e-09,1.0613788164352392e-08
2.575e-07,-38.87183787738883,1.7083452949352558,-89.9587902846347,-0.007166512540201803,-38.21494038068913,1.707686077425927,-90.32357416377194,-0.007084376807951894,13.642069449031842,5.97919557398279e-09,1.098425533188335e-08
2.6e-07,-80.77061477005245,1.641270250961686,-91.28666186927836,-0.006728565889039048,-80.52949411374388,1.6517549035566903,-91.42336643180174,-0.0067856679745394504,-41.91453629075461,6.150332195340622e-09,1.1338690121602724e-08
2.6250000000000003e-07,-118.87907700118527,1.5628478810293696,-92.67117156680831,-0.00630832502129072,-119.16559939256264,1.5635044971722274,-92.46792888589916,-0.006475279629305624,-95.5767004421932,6.323313480894109e-09,1.1659845630195833e-08
2.65e-07,-153.24335134146247,1.4513496454876962,-93.79457193229199,-0.006192918099983242,-152.94535352563182,1.4466220435120594,-93.45501145343574,-0.006154263468095741,-144.91901539051193,6.497983350037728e-09,1.1933814482685852e-08
2.675e-07,-181.0767257380627,1.2961634632435028,-94.24835287313488,-0.005726967313626665,-180.81567367861732,1.3056812522831212,-94.3826568773294,-0.005823805218083691,-187.71132086732436,6.6741867292673845e-09,1.2151117168257712e-08
2.7e-07,-201.20750338551255,1.151822264871682,-94.89345951966708,-0.005470842762503486,-201.81122352458107,1.1460623886140424,-95.2492212105975,-0.005485203722768197,-222.019502116019,6.851771374089581e-09,1.2307260871512022e-08
2.725e-07,-215.3836354636902,0.9617675050724404,-95.89159948255627,-0.0049906468296164975,-215.04543178145832,0.9738860467588979,-96.05339155931587,-0.005139858646064181,-246.2929074741907,7.030589615798351e-09,1.2402747856255347e-08
2.75e-07,-219.6407092602869,0.8065299794040051,-96.77587333309158,-0.004777310479754436,-219.73941295454117,0.7959320304604736,-96.7942008752837,-0.004789269323710575,-259.43443429748976,7.210500047221792e-09,1.2442553365987697e-08
2.775e-07,-214.82106155356175,0.6338628642562117,-97.47853296345879,-0.004524629266406821,-215.28947621964429,0.6195120580611939,-97.47103962676223,-0.004435044382679659,-260.8501155007077,7.391369120740911e-09,1.243513439518233e-08
2.8e-07,-201.5739806852994,0.4551943247206463,-97.69096702667474,-0.004062155256096273,-201.36439673739417,0.4522700254457236,-98.08366420443295,-0.004078918847959016,-250.47596551739088,7.573072587459688e-09,1.239108106484049e-08
2.825e-07,-178.31737452074807,0.3106160007829394,-98.8237236684588,-0.003488853358947354,-178.0155431195926,0.3018954856765439,-98.63220194994796,-0.0037227731197542807,-228.78087230172824,7.755496669170613e-09,1.2321581518673804e-08
2.85e-07,-145.3341106060507,0.17405128791020233,-99.44265721831727,-0.003155121229641518,-145.77787443353904,0.17575275527484713,-99.1171527258492,-0.003368646892132612,-196.7454046608207,7.938538834455483e-09,1.2236927122944022e-08
2.875e-07,-106.41962567369004,0.09423714012709643,-99.52555234717808,-0.0030387461841735472,-105.73877388419282,0.08044658329139913,-99.53938697792557,-0.003018741072365575,-155.81749277765272,8.122108053672909e-09,1.2145315415207148e-08
2.9000000000000003e-07,-58.78046183684712,0.030646412739577515,-99.96266637212494,-0.0025241662532281437,-59.554982224531884,0.02136215339495466,-99.9001402739673,-0.0026754020901796254,-107.84698506418685,8.306124437185718e-09,1.2052189781545556e-08
2.925e-07,-9.41495468289076,-0.005176509362142639,-99.97368815870321,-0.002242225123598335,-9.405053753897421,0.0022290737678754688,-100.2010043360637,-0.0023410854555593425,-55.00203922581389,8.490518214552895e-09,1.1960272432111682e-08
2.95e-07,42.73484487769397,0.03426267069905989,-100.32569131639383,-0.002048835834789427,42.125402634196504,0.02476349050526221,-100.44391461676939,-0.002018298621408062,0.32887352939554126,8.675228082539314e-09,1.1870305439899369e-08
2.975e-07,92.01946003129683,0.08163397149418303,-100.65283895338753,-0.0016350853711949445,92.21759812305365,0.08843834018795863,-100.63113450233497,-0.0017095265851134144,55.64492195002015,8.860199026217112e-09,1.1782341659428568e-08
3e-07,138.28030967203935,0.18735197041629367,-100.82567424980819,-0.0014092509220925895,138.03450501134338,0.19041932784300158,-100.76523625845604,-0.0014171466328069158,108.44594661871216,9.045379788004359e-09,1.1697270139079717e-08
3.025e-07,178.1381254091908,0.34370081980096223,-101.08544727298846,-0.001315274441535473,176.95150199001512,0.32568522590513727,-100.849078865345,-0.0011433406683432812,156.3454614642463,9.230720212495672e-09,1.1618170455749574e-08
3.05e-07,207.00175074111849,0.4854227741843225,-101.24329189612776,-0.0008908964512923223,206.77399198255273,0.4873284520181535,-100.88578291908355,-0.0008900143100266746,197.17851749719338,9.41616872115271e-09,1.1551104072228194e-08
3.075e-07,225.12316134427113,0.6657976906969375,-100.5747578851172,-0.0005392959641710722,225.91446228066667,0.6670091790690996,-100.87870280489113,-0.0006587312394020902,229.09955357400327,9.601670165228859e-09,1.1505074914140158e-08
3.1e-07,233.89606497261278,0.8525818425975545,-100.70838723874003,-0.00034865052756922544,233.507065266309,0.8555170878227911,-100.83139637488149,-0.0004506692547574539,250.66581155779414,9.787164267647601e-09,1.1491096538923567e-08
3.125e-07,229.73068087596263,1.043253827696956,-100.66870926273486,-0.00019970790788908756,229.4468853741896,1.043382337530905,-100.74759238782161,-0.00026660145497453476,260.90254570055004,9.972584800000454e-09,1.1520532181512216e-08
3.15e-07,214.78233492612665,1.2359829358287386,-100.66782739727104,9.723938917109996e-06,214.3520938115823,1.2214733404424702,-100.63115599112552,-0.00010690246642360994,259.3470789311375,1.0157859558730724e-08,1.1603060325378393e-08
3.1750000000000003e-07,189.30678595307984,1.3896477175266106,-100.72832751051949,0.00014493936585607543,189.4583139395802,1.3815239780290218,-100.48605254559124,2.8423781870775598e-05,246.06971480526855,1.0342911116996227e-08,1.1744709824159797e-08
3.2e-07,156.56195589311912,1.5147935582792271,-100.37988775660246,4.5028328328851455e-05,156.4638595344916,1.5165459652199598,-100.31631011103443,0.00013970096214799955,221.67055994488547,1.0527658248413048e-08,1.1946383788017925e-08
3.225e-07,118.34349006300057,1.6263072326555015,-99.97276259030062,0.0003392739882712374,117.35052156009608,1.6211007974319058,-100.12598092581246,0.0002275297686847462,187.25240058546916,1.071201785716596e-08,1.2203165773845446e-08
3.25e-07,73.6793064486859,1.70283234938655,-99.8977164302093,0.00026036036283814295,74.20631681108105,1.6914268373932144,-99.91910222512965,0.0002927379344152148,144.3708591495735,1.0895907213782769e-08,1.2504518930630884e-08
3.275e-07,29.04285335745658,1.7286854351473608,-99.57126045265878,0.00029823735138935167,29.07388222153549,1.7254370189119126,-99.69965675184294,0.00033633779007966025,94.96408365594766,1.1079246290544727e-08,1.2835303229947466e-08
3.3e-07,-16.11131680662327,1.7119118569550684,-99.35509924115472,0.0004197112117059793,-16.15840280509425,1.7226180721051811,-99.47153331916113,0.0003594960442206069,41.265147842826046,1.1261960013302124e-08,1.3177394271499668e-08
3.325e-07,-59.36131286742159,1.6914720176308877,-99.28734919053136,0.00047550355422980425,-59.814685824091264,1.683870699593278,-99.23848778708555,0.0003635174933455246,-14.298878679647915,1.1443980291002368e-08,1.351161458449912e-08
3.35e-07,-100.13748337298433,1.6101447931281339,-98.89011776228713,0.00024866034015190165,-100.44150956997844,1.611330642234768,-99.00410481363828,0.0003498412562044037,-69.21662844864709,1.1625247740746261e-08,1.381968517277585e-08
3.375e-07,-137.15161027833022,1.500612528539278,-98.9673751063587,0.0003022601776372913,-136.78060824352048,1.5082034291954294,-98.77176073786605,0.0003200454375844717,-121.00594423882794,1.1805713083337788e-08,1.4085952454667036e-08
3.4000000000000003e-07,-167.62796042930592,1.3752540609834087,-98.41202941493958,0.0002099457199080894,-167.72246651062616,1.3786325647141837,-98.54458794431133,0.00027585435430847326,-167.3260669163121,1.1985338231281927e-08,1.4298716827732681e-08
3.425e-07,-191.35118541127446,1.232129983719188,-98.27290986287652,0.0002211400170006698,-192.26120701510365,1.2276047730970645,-98.325441048164,0.00021914191646331112,-206.08343242091314,1.216409711970087e-08,1.4451060178672993e-08
3.4500000000000003e-07,-209.69941707203702,1.058400284406005,-98.03459794281176,0.0002349942596723397,-209.4698729364574,1.0608800465309611,-98.11686522672652,0.00015192553914618944,-235.52629609399168,1.234197633634355e-08,1.4541127809988855e-08
3.475e-07,-217.73604121170092,0.8901371175837448,-98.50463595044243,6.615394480653279e-06,-218.50976744784944,0.8849218734429564,-97.92106700625268,7.634690925137237e-05,-254.32390754777248,1.2518975590139256e-08,1.4571864998620478e-08
3.5e-07,-219.81506263546797,0.7152039782299052,-97.41033866102313,-9.419698973958709e-06,-218.6792474309248,0.7067967374633564,-97.73988779378988,-5.361322184419543e-06,-261.6266575523546,1.2695108023567979e-08,1.4550248186247534e-08
3.525e-07,-209.36682577625507,0.5339398909910918,-97.84296569525904,1.8860728338022101e-06,-209.4978201369403,0.5340131752195537,-97.57478042153106,-9.092082704102582e-05,-257.1044784380871,1.2870400331080796e-08,1.44860960502613e-08
3.55e-07,-190.99390715713565,0.3697203912427785,-97.43221474038359,-0.0002971930022347405,-190.81237828021293,0.37427934513118755,-97.42678894654978,-0.00017806004081101395,-240.9617624025745,1.304489260446825e-08,1.4390601250333527e-08
3.575e-07,-162.2599231180721,0.22687538698612944,-97.64325939530922,-0.00018250324280287103,-162.90566456645044,0.23517273714594858,-97.29653192185994,-0.0002645670167914079,-213.92812344880565,1.321863779696677e-08,1.4274783412306797e-08
3.6e-07,-126.81684848894595,0.13415327976351663,-96.92050292867609,-0.00029410748364965244,-126.58391243718684,0.12373371627553352,-97.18418932574139,-0.00034833523340735986,-177.22542049377265,1.33917006894746e-08,1.4148110239759527e-08
3.625e-07,-83.55524924338557,0.05736748802473255,-97.09363958305015,-0.000308015331530501,-83.22175197573041,0.046012705561312,-97.08949330545167,-0.00042739553208776795,-132.51253212795896,1.3564156259262596e-08,1.4017542365913596e-08
3.65e-07,-34.76616850397349,0.010693624652876585,-96.76897526836898,-0.0006088459525862301,-34.74781092244905,0.00661553578862904,-97.01172285906918,-0.0004999292778856712,-81.81037908081656,1.3736087394044506e-08,1.3887207861603866e-08
3.6750000000000003e-07,15.601088731593528,0.0033714001972986575,-97.02066511956771,-0.0005604576735966343,16.436870252213275,0.008299897563664331,-96.94970254556517,-0.0005642607138660192,-27.410583206038062,1.3907581957395997e-08,1.3758798069778579e-08
3.7e-07,68.31074023385985,0.059272358859410304,-96.86199511145394,-0.0005826959206093352,67.60492001027448,0.05167605807674273,-96.90180527857177,-0.0006188298329229134,28.228108607518653,1.4078729286346355e-08,1.3632614078393225e-08
3.7250000000000003e-07,116.38456366088857,0.13284597973378284,-97.09195802561877,-0.0005937277162215396,115.89989779074259,0.13505658637335308,-96.86595922400379,-0.0006621503360620212,82.59095419590211,1.4249616276954039e-08,1.350902153566282e-08
3.75e-07,157.7733213162477,0.24344734799312434,-96.38285124190791,-0.0005699233216724061,158.56259488238874,0.2544838101724825,-96.8396587860123,-0.000692759815420819,133.22087673904997,1.4420323276621067e-08,1.3389941963986079e-08
3.775e-07,193.34452802691513,0.4064577888389033,-96.58325939868608,-0.0007902415622241033,193.15877219730763,0.4039424881569472,-96.81997963000872,-0.0007091707378903881,177.82951903756154,1.4590920042093963e-08,1.3279967633196882e-08
3.8e-07,217.21702205224253,0.5524731808627948,-97.0712676624387,-0.0006652577324170422,217.7796256933077,0.5757420447283438,-96.80359765601571,-0.0007098308502380846,214.40067204682842,1.4761462032210184e-08,1.3186757549846999e-08
3.825e-07,231.66806087939318,0.7544637512526834,-96.48926510647692,-0.0007846260041850571,231.1897522898823,0.7610313645316941,-96.78681180068617,-0.0006931002595792629,241.28140293433427,1.4931987281842302e-08,1.312054263660835e-08
3.85e-07,232.50075102256915,0.9502979686873111,-96.36988090610362,-0.0006045809909024178,232.90490117299134,0.9503929928882228,-96.76557051229307,-0.0006572498898222238,257.25676387946726,1.510251405073332e-08,1.3092793516629587e-08
3.875e-07,223.3945598692709,1.1414672675701192,-96.7693346817989,-0.0006607763005617765,223.19207923987474,1.1344551816632786,-96.73550171013271,-0.0006004827070346236,261.60470494820385,1.5273039365379725e-08,1.3114319825488153e-08
3.9e-07,203.416285145572,1.318508256696828,-96.79149622864956,-0.0002894547425519424,202.99589933478572,1.3044607991450687,-96.69194600839214,-0.0005209756061288258,254.12870910580565,1.544353848476083e-08,1.3193213590722474e-08
3.925e-07,173.27117859450343,1.4571408849508185,-96.75042493352299,-0.0003814695761558476,173.8055081273057,1.4527414133689753,-96.6299929548894,-0.0004169367502100963,235.16667433925974,1.5613965234226423e-08,1.3333082652037147e-08
3.9500000000000003e-07,137.67886504660072,1.5749009595348724,-96.35437644368757,-8.556108510514375e-05,137.48426304125746,1.5730611288398304,-96.54452000746637,-0.0002866709712041162,205.57564143776406,1.578425307853038e-08,1.3531940682385605e-08
3.975e-07,96.0586686193283,1.6552341593303148,-96.40627667726368,-0.0003105157176929628,96.08827054357444,1.6608151291702136,-96.43023394544659,-0.0001286449302286006,166.69305770079038,1.5954316754666754e-08,1.3781959396556728e-08
4e-07,52.30656388644045,1.705155930877101,-95.96699212881784,0.00019105382539820053,51.6993693033409,1.713088842680448,-96.28171439069244,5.8455773369258406e-05,120.27632736592518,1.612405426358706e-08,1.4070097598772561e-08
4.025e-07,6.394646864228563,1.736827104595671,-96.23769472479366,0.0003503636486983549,6.293349642958097,1.7286016834088083,-96.09345909261623,0.0002756835837327972,68.42338093945845,1.6293349027854296e-08,1.4379453518428234e-08
4.05e-07,-38.3143609578636,1.7189135687113184,-95.61063666734864,0.0007146928227127268,-38.34389820603176,1.7075715133347258,-95.85993061419819,0.0005238033914426436,13.477853515129251,1.6462072055655265e-08,1.4691078324685962e-08
4.075e-07,-81.49419190662252,1.6587717688999133,-95.7699727302515,0.0008629207961203344,-80.6494912183938,1.6515405247885646,-95.57560404180694,0.0008032845475097045,-42.07684219496313,1.6630084002079417e-08,1.4985952319572214e-08
4.1e-07,-119.17094754201474,1.5681116697445308,-95.3553376889166,0.001103190719864552,-119.27293007939075,1.5631997758394103,-95.23501533052917,0.001114307681614541,-95.72976045945494,1.6797237075386264e-08,1.524685064270583e-08
4.125e-07,-152.83550657163488,1.4549788156084236,-95.08685173199852,0.0013310018490338938,-153.03675070473554,1.4462392138405527,-94.83280988890824,0.0014567812073724403,-145.055911556612,1.696337678781086e-08,1.5459887991304285e-08
4.15e-07,-180.8228202971096,1.2955145417138758,-94.34051356476601,0.0018147902009396527,-180.88817339314505,1.3052350326548474,-94.3637910025393,0.0018303611843416125,-187.82586578730786,1.7128343587534084e-08,1.5615605342146213e-08
4.175e-07,-201.44504196616157,1.1521553644524916,-94.16019507966972,0.0020943022534800305,-201.86209031808554,1.1455697783303957,-93.82296769491818,0.0022344682973205257,-222.1065186203559,1.7291974424320386e-08,1.5709527073159408e-08
4.2e-07,-215.02949388660463,0.9720106777673656,-93.59413190124056,0.002621344750330349,-215.07218556625878,0.9733661241297549,-93.20560162631618,0.002668297073414763,-246.3484626150477,1.7454104294002666e-08,1.5742167674417e-08
4.2250000000000003e-07,-219.63821270593672,0.795110881979573,-91.94937204198662,0.0029727133293926053,-219.73997346380784,0.7954056600983129,-92.50725263723488,0.003130814817084845,-259.4560171090159,1.761456777924149e-08,1.571850813024811e-08
4.25e-07,-214.72213929416992,0.6155094159517268,-91.72355375578265,0.003742833772559531,-215.26241273041126,0.6190014187967934,-91.72382255215,0.0036207506481053453,-260.8367504889726,1.7773200562774984e-08,1.564700346067412e-08
4.275e-07,-201.32099045485907,0.43684219342659897,-90.92637500778869,0.004271215022551408,-201.30924394657114,0.45179789602140363,-90.85159687170346,0.0041365779192256095,-250.42825675048863,1.7929840844537023e-08,1.5538233321263184e-08
4.3e-07,-178.09976296209382,0.2995796077332326,-89.89516225724181,0.004711175063137263,-177.93312399269695,0.3014842690000301,-89.88728399715693,0.004676495609524825,-228.70097610727618,1.8084330556371753e-08,1.54033667570224e-08
4.325e-07,-145.9231475203517,0.16920599577128917,-88.92789174208957,0.005228239088261391,-145.6705614847182,0.17542327571845948,-88.82805164964216,0.005238415575787187,-196.63693216486018,1.82365162473503e-08,1.5252668033540352e-08
4.35e-07,-105.68663877143396,0.087562141459653,-88.07260886636197,0.00596305123155312,-105.61062372624193,0.0802167453830573,-87.6715601683875,0.005819962520881802,-155.68534668997665,1.8386249515679508e-08,1.509430101916372e-08
4.375e-07,-59.524837435492444,0.045045381662785884,-86.43966875288818,0.006480146428592884,-59.41169408944016,0.021245594041380933,-86.41599239648018,0.006418492162696702,-107.69713808702186,1.85333868923465e-08,1.4933670951814537e-08
4.4e-07,-9.33791545847829,0.004643413788399322,-85.17035302554612,0.007062818526792636,-9.253728499676267,0.0022339651880842895,-85.06007988963927,0.007031130560593629,-54.841264101279414,1.8677789134536313e-08,1.4773459820659746e-08
4.425e-07,42.17885625239928,0.0197010210738536,-83.49054759860618,0.007581582601751134,42.27669510511551,0.024891651779768067,-83.60312521269998,0.007654834288245599,0.4933101318011941,1.881931995647239e-08,1.4614369642768592e-08
4.4500000000000003e-07,92.58687059125879,0.09871317434600635,-82.02630915601267,0.008119058931071474,92.36040352691572,0.08868479036509275,-82.04502011979545,0.008286467678258467,55.80558787034161,1.895784430119284e-08,1.4456414937401101e-08
4.475e-07,138.35328518807694,0.1922177883655899,-80.40988320923682,0.008996612345444275,138.16065569158397,0.19077236598596553,-80.38625944730805,0.008922890291003191,108.5955801232337,1.909322632675121e-08,1.4300448621947725e-08
4.5000000000000003e-07,177.59534102488405,0.3244624866882413,-78.53225719253382,0.00946413834482107,177.0537923038949,0.32612706039474354,-78.62795058326391,0.009561045599295067,156.47729945932568,1.9225327332713993e-08,1.4149515632028217e-08
4.525e-07,207.29379865785114,0.4854304144730406,-76.81190838627975,0.010043114107821917,206.8467728024428,0.4878363327135034,-76.77181841267185,0.010198040996883043,197.28660120568622,1.9354003878400162e-08,1.400964257330012e-08
4.55e-07,225.71483399423516,0.6709318077028349,-74.9443339096334,0.010854194995728811,225.95407968837404,0.6675569225221897,-74.8202056750525,0.010831209776248626,229.17899785842468,1.947910633797836e-08,1.3889796108043056e-08
4.575e-07,232.47959225114786,0.8426728341452306,-72.73504353132708,0.011383213771111666,233.51209083601898,0.8560768377802156,-72.7760687077557,0.011458147578989891,250.71302571740856,1.9600478099270333e-08,1.380094811915701e-08
4.6e-07,229.7782185251856,1.0412344767801223,-70.5291400257836,0.011953178201954877,229.41811599315741,1.0439263780018966,-70.64296858630415,0.012076718674789927,260.9153957628626,1.9717955547986576e-08,1.3754414576796418e-08
4.625e-07,214.76062701105926,1.2241806693950243,-68.48284819963152,0.012785402079592681,214.292332618993,1.221975780355265,-68.42505771060739,0.012685030785182107,259.32498410259547,1.983136889650948e-08,1.3759821181478819e-08
4.65e-07,188.3234822882205,1.3945332581586878,-66.13512221762508,0.013167225363047923,189.37197500333744,1.381962154121402,-66.12706192314404,0.013281380479458607,246.01367372180596,1.9940543828322585e-08,1.3823139904238453e-08
4.675e-07,156.4222242158597,1.5268175980045098,-63.43001880226819,0.013892460669905087,156.3564621503156,1.5169014581667821,-63.75425828178722,0.013864173913995111,221.5831055358512,2.0045303848520108e-08,1.3945215395889367e-08
4.7e-07,116.35847718600967,1.6031214945913523,-61.197005689104415,0.014582204916479737,117.22815176125445,1.6213600167486637,-61.31244864554731,0.014431829485669812,187.13748559099287,2.0145473168808142e-08,1.4121074319088642e-08
4.7250000000000003e-07,73.96705444510415,1.6805814132899553,-58.706597907694835,0.015016257521213598,74.07513209093428,1.691581192938858,-58.807929265806486,0.01498266966652911,144.23367746570904,2.024087991997205e-08,1.4340127680455471e-08
4.75e-07,28.652111468058653,1.7188798803068457,-56.28337948969184,0.015435590906786398,28.939721215117288,1.7254827503811307,-56.24745660834988,0.01551480897831538,94.81083558240003,2.0331359479257946e-08,1.4587190787667339e-08
4.775e-07,-15.267682067179864,1.7121926003543948,-53.6605410901369,0.016041711510672706,-16.290268016721978,1.7225558440944335,-53.63820966235221,0.016026044092192566,41.10275984353108,2.0416757722746028e-08,1.4844103995424206e-08
4.800000000000001e-07,-60.20023301985208,1.7003249823760396,-51.098538511724975,0.016618798714765248,-59.93964648669568,1.6837050833033214,-50.98774902122173,0.016513750915320074,-14.46306703693192,2.0496934057189875e-08,1.5091665050775347e-08
4.825e-07,-100.73894910619231,1.627947802976666,-48.37343247959015,0.017020961831808547,-100.55558702748634,1.6110695945109013,-48.303973046565204,0.016974792822766042,-69.3751962240735,2.0571764142181668e-08,1.531158085925116e-08
4.85e-07,-136.97197376703926,1.489044275914116,-45.51569445731084,0.01733892590809241,-136.8803353834336,1.5078578486413787,-45.595071450308126,0.017405444385954302,-121.15172453005745,2.0641142270550306e-08,1.5488194006764493e-08
4.875e-07,-167.91196920666317,1.3919147446824043,-43.014607951897126,0.017649014838262526,-167.80474257686143,1.3782159600026256,-42.8694766509791,0.01780133625501336,-167.45247078616345,2.070498342181122e-08,1.5609810482184792e-08
4.9e-07,-192.64095296011405,1.2469638128605034,-40.07950831656294,0.01801345308137659,-192.32318631316636,1.2271330297072773,-40.135813278161564,0.01815742909371431,-206.18474670232976,2.0763225031961615e-08,1.5669526110486844e-08
4.925e-07,-209.9634643591128,1.0688085734681374,-37.62740923556987,0.018526414016384718,-209.5089374059515,1.06037123501506,-37.40284621398492,0.018468026997332247,-235.5979416121785,2.0815828528627943e-08,1.5665507313088085e-08
4.95e-07,-218.47054645583762,0.8848922104798496,-34.52276462975621,0.018742167613354524,-218.52361223498616,0.8843960138197504,-34.679427572143105,0.018726842578169298,-254.3626460884639,2.0862780663920735e-08,1.5600726525900447e-08
4.975e-07,-219.25572516550454,0.7031792357861562,-32.12093473763053,0.018916938863298097,-218.66608144875553,0.7062754265106852,-31.97444302318835,0.018927125586020433,-261.630738221731,2.0904094643321874e-08,1.5482192392021066e-08
5e-07,-209.76553981696358,0.5234049664178915,-29.18513265850438,0.01899745315838077,-209.45665531961265,0.5335189983895847,-29.29675787969666,0.01906186337408366,-257.073716799186,2.0939811006121286e-08,1.531976012321113e-08
5.025000000000001e-07,-190.7756117027326,0.37041677480671004,-26.26708188742911,0.0193397291022226,-190.7433572241826,0.3738350303072376,-26.6551633562825,0.01912405414512897,-240.8975488114193,2.0969998171900444e-08,1.5124662997932492e-08
5.05e-07,-162.7228356004139,0.22861772035863706,-24.284027320355868,0.01904472126840347,-162.8103611673815,0.23480005728551856,-24.05832341736392,0.01910704316496073,-213.83336021348475,2.0994752538847468e-08,1.4907965722126914e-08
5.075e-07,-125.92270992453666,0.11464019905792948,-21.509217928059396,0.019040940972573257,-126.46553704411866,0.12345220306924676,-21.514722620046573,0.01900489970775123,-177.10439069671807,2.1014198011733556e-08,1.4679186633584124e-08
5.1e-07,-83.53506293445813,0.06371516788791001,-18.826898713949436,0.018668754091111763,-83.08520240360949,0.04583828627473168,-19.032615350579597,0.018812801168112733,-132.37070604037666,2.1028484854910622e-08,1.4445344307141765e-08
5.125e-07,-33.68593966315964,0.016204519606956666,-16.612399515268407,0.01844414759361935,-34.599531962545555,0.006559240763820873,-16.619976840594514,0.018527383709817047,-81.65416691888306,2.1037787808720642e-08,1.4210634230204162e-08
5.15e-07,16.80260314950532,0.00024330359301965102,-13.893841411491595,0.01823349401022686,16.589226931417002,0.008366799153711194,-14.284456333897769,0.018147018580967594,-27.2470454037306,2.104230347140096e-08,1.3976826795062874e-08
5.175e-07,67.63194977595947,0.053129575130028854,-12.142970393640661,0.01776842543012604,67.75301147547236,0.05186458952019398,-12.033332756074902,0.017671980753178513,28.391580513958687,2.104224702397756e-08,1.3744315402323524e-08
5.2e-07,116.2357057951024,0.1068117892167488,-9.771876760017046,0.01702224382422298,116.03532731812219,0.1353583521642931,-9.873473217742188,0.01710449062848599,82.74697164857922,2.1037848451193147e-08,1.3513571908534559e-08
5.225e-07,159.26927895393368,0.2564945955941897,-7.626336584291058,0.016416730890376034,158.67759593678332,0.25488394305096723,-7.8112946581479115,0.016448627090857183,133.36238810440176,2.102934847502012e-08,1.3286637303790552e-08
5.250000000000001e-07,193.15100219769712,0.3970747414740923,-5.690023288377067,0.015707367012668248,193.2468535791286,0.4044205406006766,-5.852728909171857,0.015710127143212495,177.95012832413937,2.1016994458054785e-08,1.3068234720276265e-08
5.275e-07,218.06787721302928,0.5761636776753868,-3.8918064081638666,0.014988583858955816,217.8360961211856,0.5762733354124577,-4.003191430854053,0.014896100176120235,214.49492798954097,2.100103654475589e-08,1.2866162699429065e-08
5.3e-07,231.53975180205015,0.7520226264057044,-2.1833085903077976,0.013978909411758415,231.21205938340077,0.7615886434184358,-2.26755393863262,0.01401469148214647,241.34504537922,2.098172428645121e-08,1.2690797405569132e-08
5.325e-07,232.5986580882214,0.9580744013431054,-0.45966443354126085,0.012946792599784814,232.8927468226326,0.9509482514571629,-0.6501211097733908,0.013074729801491936,257.28691633295006,2.09593039438662e-08,1.2553757885598569e-08
5.35e-07,223.37177041323807,1.1367941092743377,0.6331533724530745,0.012181593609541283,223.14730614826584,1.1349814230419804,0.8453884777033114,0.012085388885356114,261.6000045880531,2.093401658601096e-08,1.246600385473293e-08
5.375e-07,201.9259716043686,1.3021732458306994,1.8398809467968351,0.011040852861490983,202.92217654627976,1.3049335980082837,2.2158570556374952,0.011055885498719348,254.08936837759566,2.0909404445470362e-08,1.2437873736204598e-08
5.4e-07,174.3850829254368,1.4447377380428823,3.560648058531764,0.010056122963324449,173.7078710830235,1.4531401343802948,3.458777944142277,0.009995228086902902,235.0944713543158,2.0887745641933497e-08,1.2474392865306163e-08
5.425e-07,137.48634157053004,1.5670507095959745,4.789893372406701,0.009016780963628304,137.36858152008094,1.5733697281038936,4.572261352843579,0.008912022989913664,205.4738396065773,2.0868756067939558e-08,1.2573356654141781e-08
5.45e-07,95.89916505335,1.6473847957283378,5.553873095994775,0.007774889423089568,95.96072296012332,1.6610225259270925,5.555035696985409,0.007814339282762523,166.56625823429846,2.0852139508145377e-08,1.2726726765128768e-08
5.475e-07,52.28058004376301,1.6998945434380344,6.39552335991629,0.006791526363755165,51.56599366968694,1.7131889076211027,6.406444457371736,0.00670962907025261,120.13026131124867,2.08375911659373e-08,1.2921263429680357e-08
5.5e-07,5.735242056410739,1.717783701580686,6.863795838433986,0.0053760402763281204,6.159721838896624,1.7285929357497993,7.126438649648279,0.005604697044381391,68.26465014963705,2.0824801262119298e-08,1.3139880333672098e-08
5.525e-07,-39.24100316794522,1.7107298610820585,7.232113811129136,0.004651315162010562,-38.47283558531783,1.7074566440096925,7.715565004250719,0.004505710945403834,13.31363226038354,2.081345853431435e-08,1.3363459740706477e-08
5.55e-07,-80.7162969375592,1.6407369061746884,7.9585115082599485,0.0034354484051136295,-80.76945615594688,1.6513258644988724,8.17494999315071,0.00341824301837435,-42.23913148789978,2.0803253517162328e-08,1.3572829340856623e-08
5.575000000000001e-07,-119.67640831360153,1.5623262785618786,8.416355702323962,0.002327030714337786,-119.38021839036152,1.5628948053516556,8.506279873021155,0.0023473315882717657,-95.88278268412503,2.0793881541231844e-08,1.3750627796750198e-08
5.6e-07,-153.78984228758696,1.4305392063998033,8.815349234471787,0.0013795037431285572,-153.1280963755993,1.4458561750518961,8.711776946334114,0.001297551601998541,-145.19275045693465,2.078504544146545e-08,1.3882848699299392e-08
5.625e-07,-180.54621490350632,1.3167938089218878,9.090631836714236,0.00019045839870355716,-180.96061320884215,1.3047886509311717,8.794172271923827,0.00027308356530709,-187.9403365566148,2.077645800418043e-08,1.3959926127692876e-08
5.65e-07,-202.2973103432349,1.1341224200549527,8.603041547181366,-0.0006821590958429783,-201.91288947937903,1.1450770593961264,8.756675084446536,-0.0007222281653329,-222.19344744055624,2.076784419870238e-08,1.3977290380263095e-08
5.675e-07,-215.37030525285417,0.9754420484157896,8.543038234547208,-0.0017793230241354584,-215.09886489484643,0.9728461520286082,8.602939207705438,-0.001684834338322464,-246.40392050143276,2.075894323362073e-08,1.3935373195169977e-08
5.7e-07,-219.28939176814615,0.7861432531551986,8.24957030419698,-0.0025758023161929176,-219.74045419715304,0.7948793040814816,8.337026769778278,-0.002611460492554409,-259.4774974914156,2.0749510451196332e-08,1.3839082657857691e-08
5.725e-07,-215.69176670777023,0.6176862277872289,7.997613082157709,-0.0034591087607872715,-215.23526650940812,0.6184908605996139,7.963369548089953,-0.0034991074344651527,-260.823282503019,2.0739319033591355e-08,1.3696809416547092e-08
5.75e-07,-201.95810593456747,0.4483483196126319,7.5290302773569895,-0.004430424109294331,-201.25400880669196,0.45132591479010564,7.486728289850003,-0.004345069320945254,-250.3804491184769,2.0728161451154957e-08,1.3519076270569226e-08
5.775e-07,-177.8643832160805,0.3043891007045648,6.805240711757814,-0.004966664311650184,-177.85062713345422,0.30107326479991064,6.912150367487307,-0.005146963571324435,-228.6209896253007,2.071585054678976e-08,1.331700240759363e-08
5.800000000000001e-07,-145.84162008769303,0.16701109981012044,5.942969329882863,-0.005830766351916026,-145.56318026680194,0.1750940662718701,6.244926139742544,-0.005902765289333634,-196.52838203975173,2.0702220131163373e-08,1.3100809355285559e-08
5.825e-07,-105.69679749723235,0.08974970037239612,5.724376396132612,-0.00633769445465683,-105.4824197641763,0.07998722453252569,5.490544396849179,-0.006610838608195628,-155.5531391401898,2.068712496797176e-08,1.2878626152787165e-08
5.85e-07,-59.77188672429805,0.020464598443086048,4.2853450696903765,-0.0072293860865724185,-59.268371203559106,0.02112938418285842,4.65464727267743,-0.007269958389221295,-107.54724859273234,2.0670440059045112e-08,1.2655832433718787e-08
5.875e-07,-9.293985604543806,-0.013034146532150194,3.6545350405040478,-0.007978009083336225,-9.102391130094821,0.002239220891915219,3.742985007821309,-0.007879317795154564,-54.68046732628602,2.065205919335469e-08,1.243509531649718e-08
5.9e-07,42.58716034539577,0.017304487292488797,2.799991553123987,-0.008394633916080484,42.427975001556185,0.025020172467998814,2.761370945364657,-0.008438520026901758,0.6577465394548896,2.0631892794887658e-08,1.2217113903823273e-08
5.925e-07,92.27807203159615,0.077114193477224,1.6648710057352205,-0.008981935513862654,92.50317150192565,0.08893157487654432,1.7156371355141364,-0.008947555444738615,55.96623175949895,2.0609865181418113e-08,1.2001912187854162e-08
5.95e-07,137.38749744641615,0.19226490463675508,0.5551983063028286,-0.009361675233461384,138.28674595238766,0.19112569424483092,0.6115909164891726,-0.009406767860091403,108.7451707559392,2.0585911417266682e-08,1.1790364204672942e-08
5.975e-07,177.01002356809357,0.33591017503061454,-0.2797708326273326,-0.009957936441146028,177.15600298485884,0.3265691242978183,-0.5450271728987346,-0.009816815524755338,156.60907567964387,2.055997399649767e-08,1.1585545624908067e-08
6e-07,206.98362261475938,0.4663393240851247,-1.5402800887181687,-0.010358890607813354,206.91946010862773,0.4883443696383806,-1.748583808536535,-0.010178632962428049,197.39460702855274,2.0534131938639338e-08,1.1394870911067709e-08
6.025000000000001e-07,225.83778964336574,0.6756067237410162,-3.00140367802812,-0.010600801251285645,225.99359603897915,0.6681047414834773,-2.993591301621829,-0.010493399194437841,229.2583516666086,2.0510906815098e-08,1.1228954534230317e-08
6.05e-07,234.03990367763322,0.8577125057966413,-4.402658256610043,-0.010687367912217142,233.51701448358807,0.8566365803564583,-4.2747437226634695,-0.010762516242857189,250.76014089949066,2.0490401595029967e-08,1.109885759979901e-08
6.075e-07,229.36032411096033,1.0409240851039614,-5.895123447602564,-0.010866618581229746,229.3892501651254,1.0444703312789305,-5.586950450085491,-0.010987599380803912,260.9281428199093,2.0472695735276634e-08,1.1015967871367989e-08
6.1e-07,213.79603581648703,1.2006849047462398,-6.952956242169241,-0.01110601038404754,214.2324858601174,1.2224780609530126,-6.92536689011283,-0.01117047790496828,259.30278689665676,2.0457845271895353e-08,1.0989964681695153e-08
6.125000000000001e-07,189.26746402620776,1.3784609755636543,-8.284877872878086,-0.011258260335591706,189.2855654211237,1.382400110066287,-8.285422142165986,-0.011313202740376884,245.9575355160401,2.0445883814468444e-08,1.1026856129949119e-08
6.15e-07,157.35455394092835,1.524422110096545,-9.801276548312083,-0.011447031150084592,156.24901150076175,1.517256683778208,-9.66284341336626,-0.01141805541834179,221.4955636493155,2.0436824336057536e-08,1.1127507298778723e-08
6.175e-07,117.48911294730958,1.6159863464437476,-10.899579840747062,-0.011437741879669549,117.10574697835389,1.6216189362655267,-11.053677016690841,-0.01148755223370566,187.0224967175996,2.0430661589088387e-08,1.1286952063195982e-08
6.2e-07,74.26562080900491,1.6915037578624421,-12.369908139289121,-0.011432620456336634,73.94393023784595,1.6917352308848428,-12.454305819529893,-0.011524437838094932,144.09643884067287,2.0427374941464328e-08,1.1494597998432545e-08
6.225e-07,28.805032487105816,1.7248397116033443,-13.779340244286136,-0.01158268618049115,28.805559544720737,1.7255281601948775,-13.861463042600775,-0.011531664099274959,94.65755007903948,2.0426931421128346e-08,1.1735248510730219e-08
6.25e-07,-15.949655349527095,1.7131209211636842,-14.999446111481056,-0.011515044979981341,-16.422119309535333,1.7224933026833609,-15.272242343062898,-0.011512352486768379,40.94035561751564,2.042928877936191e-08,1.1990725032909657e-08
6.275e-07,-60.67198527165686,1.6578601018256216,-16.33974558899444,-0.011465863996343145,-60.06458061009312,1.68353917258753,-16.684104149942726,-0.011469741106635442,-14.627249684424255,2.0434398426925014e-08,1.2241799988595928e-08
6.3e-07,-99.61947945077974,1.6071176937802902,-18.1125637194337,-0.011348825192431248,-100.66962703702839,1.6108082805944182,-18.09487825432244,-0.011407120294708984,-69.53373661127115,2.0442208152927632e-08,1.2470148423216089e-08
6.325e-07,-137.00648737282356,1.5137260841760793,-19.951870552951757,-0.011328870039308589,-136.98001545856894,1.5075120382307585,-19.502762690847685,-0.011327762882236978,-121.29745699250316,2.0452664592752115e-08,1.2660073823179933e-08
6.350000000000001e-07,-167.84598183330075,1.3768582043493518,-20.764764069226878,-0.011136865395000747,-167.88696284699543,1.3777991690528653,-20.906318980678,-0.011234856458508916,-167.57880854843273,2.0465715457632583e-08,1.2799834784929786e-08
6.375e-07,-192.63722740801987,1.210021838961307,-22.100565572871925,-0.011236439153276987,-192.3851017447592,1.2266611503850788,-22.3044638387261,-0.011131444927268697,-206.2859795852754,2.0481311566352807e-08,1.2882470234706449e-08
6.4e-07,-209.3796616364553,1.0688944690733648,-23.34344526655377,-0.010859338340806284,-209.5479306777922,1.0598623439715291,-23.69645747962673,-0.011020385358203082,-235.66949412002745,2.0499408724641747e-08,1.290607896172876e-08
6.425e-07,-218.23480945536573,0.8829000206109148,-25.117100555051653,-0.010867244718312305,-218.53737966114542,0.8838701363161942,-25.08188868705865,-0.010904323767125666,-254.4012842108107,2.0519969480640145e-08,1.2873553911279405e-08
6.45e-07,-219.02405357283664,0.7067379026028641,-26.598248618748393,-0.010805751408759747,-218.6528338524805,0.7057541631792513,-26.460656839546267,-0.010785690409577707,-261.6347156034354,2.0542964750285416e-08,1.279181147221637e-08
6.475e-07,-209.92336069622448,0.5404580195042753,-27.849050406657916,-0.01073628430819388,-209.41540748480503,0.5330249364299073,-27.832951112442046,-0.010666711963414855,-257.04285367165227,2.056837526322712e-08,1.2670601298177746e-08
6.5e-07,-190.47015795407916,0.37314907702867095,-29.273850300014175,-0.010467957654883522,-190.67425555778476,0.37339089646759965,-29.19922710020432,-0.010549435167603392,-240.83324011772802,2.05961927385142e-08,1.2521037802602347e-08
6.525e-07,-162.79033831235577,0.23853465722799477,-30.43821714403571,-0.010551662315232871,-162.7149841536248,0.2344276198326431,-30.56018112511987,-0.01043575457928228,-213.7385125601402,2.0626420670305403e-08,1.2354054217146104e-08
6.55e-07,-125.93251198990781,0.138440679201092,-31.710609214978454,-0.010246675862398563,-126.34710002235882,0.12317098503658422,-31.91672251808864,-0.01032743646236416,-176.98329098165485,2.0659074595689953e-08,1.2179026283141872e-08
6.575000000000001e-07,-82.58533977321414,0.05014579394912145,-33.1483852246564,-0.010344090733830115,-82.9486080580256,0.04566420228582186,-33.26994417382416,-0.010226131567334915,-132.22882769493194,2.0694181734082763e-08,1.2002821075640463e-08
6.6e-07,-34.79846331978652,0.0005363182299859097,-34.11215032290942,-0.010081623444371279,-34.45122924002315,0.006503304981748965,-34.62109169667729,-0.010133371599840927,-81.49792252117585,2.0731779930579584e-08,1.1829476380560553e-08
6.625e-07,16.516876745025996,0.026165934516744597,-35.93649591173206,-0.010110084135894861,16.741583489318742,0.008434065131550292,-35.971531464156016,-0.010050547173743084,-27.083496844722045,2.077191589927198e-08,1.1660601444487771e-08
6.65e-07,68.06364314870112,0.06689676134642816,-37.22746981885761,-0.009924607003721482,67.90107779634214,0.052053470384987734,-37.322717942988014,-0.009978868498960174,28.555041211852377,2.0814642837871022e-08,1.1496427370902329e-08
6.675e-07,115.36436749397394,0.14038477292905951,-39.037453734407855,-0.009950662708440442,116.17070752908292,0.1356604325487912,-38.676160597214015,-0.009919313376274693,82.9029564340606,2.0860017560500235e-08,1.133726392221629e-08
6.7e-07,157.97236565247857,0.25787757582981413,-39.7049018015366,-0.009854873341195865,158.79252635623467,0.2552843377105466,-40.03339072925225,-0.009872569687990461,133.50384682039635,2.090809735899437e-08,1.118499034010743e-08
6.725e-07,193.40528768267998,0.40004823020634067,-41.66246054970187,-0.009933509898015995,193.3348476230457,0.4048987873924482,-41.39592859315427,-0.009838981029918361,178.07066735882336,2.095893684378257e-08,1.1044167322597151e-08
6.75e-07,217.8014997248473,0.5671049106837912,-42.968995238273344,-0.009712947728833327,217.8924684228016,0.5768047429156778,-42.765251114394616,-0.009818504169203178,214.58909925305076,2.1012585026130283e-08,1.0922428453322714e-08
6.775e-07,231.52950014660112,0.7749303070877982,-43.811122007712555,-0.009858623822315319,231.23426415698563,0.762145956715964,-44.14276054255462,-0.009810685620070973,241.4085925449033,2.1069082881550918e-08,1.0829980380765897e-08
6.800000000000001e-07,233.07300829455414,0.9442677325414284,-45.56041623415622,-0.009919942974380584,232.88049254934785,0.9515034625154118,-45.5297543522626,-0.009814662038126766,257.31696721363323,2.1128461582164332e-08,1.077826652716324e-08
6.825e-07,222.94414834657437,1.1378191716129786,-46.76705827336033,-0.009795898488223877,223.10244146810157,1.1355075404549364,-46.92739669384025,-0.00982918578184789,261.5952009523634,2.119074151106716e-08,1.0778064359000523e-08
6.85e-07,202.8542393284487,1.310657508225679,-47.78492890392884,-0.009920117443345741,202.84837526526812,1.3054062060555645,-48.33669167841746,-0.009852673445100468,254.0499273389275,2.1255932085354177e-08,1.0837429299512912e-08
6.875e-07,173.46246659381092,1.4459596181526635,-49.92164205402451,-0.009873920731538671,173.61017190186118,1.4535386103195695,-49.75845876297436,-0.009883272024203364,235.02217555779777,2.1324032328978948e-08,1.0959931102450698e-08
6.900000000000001e-07,136.9469907418504,1.5727804913476626,-51.41764776184054,-0.010035950003119416,137.25285587930048,1.5736780423442307,-51.193310479034174,-0.009918935169633354,205.37195665757156,2.139503206443912e-08,1.1143548492676279e-08
6.925e-07,95.39435148590758,1.6638837432938325,-52.348581447489885,-0.009971684791370054,95.83314946795147,1.6612296124985766,-52.64163272476661,-0.009957501042096714,166.4393930100814,2.1468913543119545e-08,1.1380426567345492e-08
6.95e-07,51.1794760691297,1.722437240037262,-54.032766009577394,-0.00996567239889621,51.43260937685538,1.7132886514791699,-54.103567814300796,-0.009996763773793898,119.98414783104913,2.154565331374842e-08,1.1657510504971654e-08
6.975e-07,6.055946203561478,1.7312005310053824,-55.63357921681778,-0.010063157645175373,6.026100933493322,1.728583869159444,-55.5790004503218,-0.010034532308031629,68.10589241001288,2.1625224137580768e-08,1.1957901193311335e-08
7e-07,-38.28735473760586,1.6988780088988957,-57.22025455422573,-0.01013437140102773,-38.60175248135287,1.7073414694065312,-57.06754675680881,-0.010068673108136411,13.149405749626661,2.170759679341731e-08,1.226267024339129e-08
7.025e-07,-80.73018564804767,1.65137865059553,-58.818629302874335,-0.010279618823637345,-80.88938889428083,1.6511109225382177,-58.56854647832489,-0.01009713638192125,-42.40140410549811,2.179274166709876e-08,1.2552835880486636e-08
7.05e-07,-119.38750909164058,1.5556713992900377,-60.4616550390848,-0.010119973289049344,-119.4874642971574,1.5625895854408078,-60.08105842088132,-0.01011796848242182,-96.03576705578928,2.188063007787423e-08,1.2811226836587232e-08
7.075e-07,-152.85435236683244,1.4323291868601782,-61.658344243060064,-0.010100550975689727,-153.2193905124974,1.445472926753717,-61.60385917736028,-0.010129315474620279,-145.3295320374588,2.1971235346709648e-08,1.3024024177968982e-08
7.1e-07,-180.64116175849824,1.2898018581252444,-63.31345645824296,-0.010277710690737466,-181.03299310189158,1.3043421065985932,-63.13544514808738,-0.010129424088107849,-188.0547331300507,2.2064533649421153e-08,1.3181844481746574e-08
7.125000000000001e-07,-201.9395470048579,1.1525659418568905,-65.03144049468763,-0.010156556555363253,-201.96362098678352,1.1445842311881484,-64.67403783470026,-0.010116646198865912,-222.2802885423034,2.216050471405492e-08,1.3280293106971365e-08
7.15e-07,-215.2332535834285,0.9817485303783603,-65.9738390483263,-0.010103600467735212,-215.12546974894803,0.972326129742533,-66.21759235326168,-0.010089451633097879,-246.4592811114529,2.22591324152122e-08,1.3319967017076613e-08
7.175e-07,-219.0954431226898,0.7815796934873658,-67.92446162079824,-0.009926761793645097,-219.7408551419126,0.7943529616346601,-67.76380908091528,-0.010046451730674323,-259.4988754362081,2.2360405290827574e-08,1.3305927473251122e-08
7.2e-07,-215.18153639378124,0.6024076458755693,-69.09386272353498,-0.009834080740066814,-215.20803755237472,0.6179803826663559,-69.31014831956777,-0.009986433199331466,-260.8097115481644,2.246431696623613e-08,1.324670435901972e-08
7.225e-07,-200.91260645288915,0.4390445991483284,-71.14083617958053,-0.01004487906126311,-201.19869132475822,0.45085408096098384,-70.85384783039436,-0.009908398890374075,-250.33254264022912,2.2570866426049222e-08,1.3152944370974612e-08
7.25e-07,-177.59816901999952,0.29382238306092423,-72.26126533186778,-0.009827872552733496,-177.76805256244774,0.30066247234279314,-72.39194306467601,-0.009811609791164489,-228.54091288737825,2.2680058037210972e-08,1.3035874534888258e-08
7.275e-07,-144.93178854398482,0.17306642585991416,-74.16638979848656,-0.009699966662024934,-145.45573081516287,0.1747651263068478,-73.92128988984732,-0.009695621218161508,-196.41975432835167,2.2791901206351273e-08,1.2905808256011318e-08
7.3e-07,-104.98985022172077,0.08203226933038485,-75.64552651885239,-0.009677952612038486,-105.3541620478066,0.07975802026451159,-75.43858958491735,-0.009560306182021559,-155.4208701804886,2.2906409557939916e-08,1.2770951439686754e-08
7.325e-07,-59.41032254190629,0.019835711472683856,-77.23857533258014,-0.00947540155693231,-59.12501362902608,0.021013523541939985,-76.94041585684168,-0.009405860223895402,-107.39731664049229,2.3023599549214293e-08,1.2636747229453456e-08
7.350000000000001e-07,-8.922474679334824,0.0010299867096616685,-78.6878131872205,-0.009249057805750801,-8.95104171581531,0.0022448408383267276,-78.42324360919004,-0.009232784486619879,-54.51964896430646,2.3143488490939682e-08,1.250591491986513e-08
7.375e-07,42.86770480239463,0.03191868189419733,-80.35956988568431,-0.008995234749336677,42.57924224945966,0.025149052794028414,-79.88347917675569,-0.009041846974331814,0.8221826874425275,2.3266092012721225e-08,1.2379196362141183e-08
7.4e-07,92.57993470925351,0.09358040675599444,-81.48153926143438,-0.008855990011326783,92.64590197653206,0.08917869422708474,-81.31749172475543,-0.008834025321060463,56.12685355407433,2.3391421087337054e-08,1.225665014650229e-08
7.425e-07,138.4207346228202,0.18096812443234309,-82.83241948826961,-0.008581297517297292,138.4127757306496,0.19147931340493077,-82.72164549911132,-0.00861043734580985,108.89471845777346,2.3519478798262018e-08,1.2139177016885548e-08
7.450000000000001e-07,176.89364873535092,0.3267678188924111,-83.99614373741167,-0.008249643500184404,177.25813398347657,0.32701141866282973,-84.09233260510756,-0.00837226769631796,156.74079007318062,2.365025708650745e-08,1.2029870580688277e-08
7.475e-07,206.42729944716376,0.5002703377285813,-85.28950741521933,-0.008082938777259305,206.9920538692006,0.4888525640685352,-85.42600598555941,-0.008120699612144826,197.50253492315574,2.378373373791926e-08,1.1934802048338124e-08
7.5e-07,226.36018979877593,0.6761636975440389,-87.14172115826975,-0.008075656312513634,226.03301132011129,0.668652637402405,-86.7192122665806,-0.007856860129531755,229.3376149672251,2.3919869865093344e-08,1.1862972730584612e-08
7.525e-07,233.93590602537145,0.8590960290228055,-87.94072175999561,-0.007673914506765727,233.5218362161693,0.8571963171072312,-87.9686241391184,-0.00758178501416995,250.8071570854404,2.405860809908511e-08,1.182537368747211e-08
7.55e-07,229.2069846319605,1.0578021091408805,-88.5774675275158,-0.007291286831250132,229.36028791482693,1.045014198947057,-89.17107194765023,-0.0072964066827068946,260.9407868666572,2.4199871640223567e-08,1.1833320744616243e-08
7.575000000000001e-07,213.92476003035222,1.2171788357862074,-90.30921527042823,-0.007072948153205088,214.17255357377357,1.2229801837689722,-90.32357416377194,-0.007001564869590965,259.2804873220841,2.4343564233984794e-08,1.1896418808869767e-08
7.6e-07,189.5070325331577,1.368518018998604,-91.73517946197634,-0.006727997890330145,189.19908524138714,1.382837847265165,-91.42336643180172,-0.006698036404070175,245.9013002101351,2.4489571049133184e-08,1.2020599801892479e-08
7.625e-07,156.25935215641263,1.5306362176985948,-92.4638449266999,-0.006535318099477518,156.14150763916396,1.517611643250402,-92.46792888589913,-0.00638657775125174,221.4079343198411,2.4637760353963986e-08,1.2206652707050421e-08
7.65e-07,117.44323733125255,1.6194770554296103,-93.38132721926736,-0.005995658372599056,116.98330726526079,1.6218775569104442,-93.45501145343573,-0.006067972386795859,186.90743401068912,2.478798582375955e-08,1.2449537820966797e-08
7.675000000000001e-07,73.73415189407723,1.687296679986066,-94.40665689378581,-0.005807675662914143,73.81271130278752,1.6918889518420055,-94.38265687732937,-0.005743074862076173,143.9591433286432,2.494008927643184e-08,1.2738594148534285e-08
7.7e-07,29.730040362867303,1.7221608574037766,-95.20219497619263,-0.005184083767785719,28.671397256266044,1.7255732486140167,-95.24922121059751,-0.005412844577757147,94.50422720637377,2.5093903627067827e-08,1.3058563566753946e-08
7.725e-07,-16.744932620562064,1.7197739489197703,-95.90789108246726,-0.005227391090202269,-16.553956643472816,1.722430447766978,-96.05339155931587,-0.005078364579546778,40.77793522889985,2.524925587394751e-08,1.339121427996975e-08
7.75e-07,-59.98346709312749,1.6706232598657116,-96.66189064000717,-0.004686925432401514,-60.18948815977037,1.6833729669761144,-96.7942008752837,-0.004740843683857547,-14.791426557308208,2.540596997216028e-08,1.3717274166695933e-08
7.775e-07,-101.06743297371467,1.6021809604793273,-97.52984515211595,-0.004399926881770909,-100.78362956855955,1.6105466996679279,-97.47103962676223,-0.004401603378764655,-69.69224954765255,2.556386950642067e-08,1.4018381995730972e-08
7.8e-07,-137.10349196227546,1.498713523422107,-98.08963427720181,-0.004043498230262184,-137.07964844203983,1.5071659968307043,-98.08366420443292,-0.004062053654443864,-121.44314156863383,2.572278013075645e-08,1.4278812222202067e-08
7.825e-07,-167.93953975827253,1.3674452690727925,-98.11100479627608,-0.00372481175358278,-167.96912729629196,1.3773821904621601,-98.63220194994796,-0.0037236637095910217,-167.70508015323944,2.5882531788631806e-08,1.4486800244685076e-08
7.85e-07,-193.38273663065368,1.2216529399713425,-99.20865380203371,-0.0034991264932324488,-192.4469532870445,1.2261891335151673,-99.1171527258492,-0.0033879340408448015,-206.38713102978326,2.604296075450216e-08,1.4635366017835211e-08
7.875e-07,-210.11510527788755,1.0681161479524361,-99.30622527100343,-0.003070209505292715,-209.58685273178733,1.0593533716397154,-99.53938697792556,-0.0030563756640487327,-235.74095358929407,2.6203911542484986e-08,1.4722591932010116e-08
7.900000000000001e-07,-217.88623767553688,0.8856801138107191,-100.01731905405045,-0.0025473594657143606,-218.55106971054374,0.8833442391012214,-99.9001402739673,-0.0027305002958755036,-254.43982189955946,2.6365238710205738e-08,1.4751355525162035e-08
7.925e-07,-219.41276999850137,0.6939744546704275,-100.6383593363398,-0.0023905103448758815,-218.6395046332822,0.7052329456475853,-100.2010043360637,-0.002411822613006218,-261.6385896958977,2.6526808550958693e-08,1.4728557382044346e-08
7.95e-07,-209.76649187989315,0.5257591975439345,-100.63843094945689,-0.0018763467864945818,-209.37407663356723,0.5325309876105478,-100.4439146167694,-0.002101872721810812,-257.01188906767067,2.6688500623733524e-08,1.4663929908092787e-08
7.975e-07,-190.5776698903095,0.3764789803466139,-101.20920663704302,-0.0018230589322210213,-190.60507329459895,0.37294694205371054,-100.63113450233496,-0.0018022142853725482,-240.76883634688764,2.6850209028978565e-08,1.456856829335697e-08
8e-07,-163.5784659304693,0.22492143959518213,-101.01429864770174,-0.0016835597234692505,-162.6195335531176,0.23405542347398733,-100.76523625845603,-0.0015144618869470919,-213.64358052621589,2.701184330871931e-08,1.4453384722160707e-08
8.025e-07,-126.29150946839408,0.13484980869515856,-100.80724213580704,-0.00128082965789051,-126.22860141466678,0.12289006117258637,-100.849078865345,-0.001240290534210689,-176.86212139638846,2.7173328841264e-08,1.4327732989370518e-08
8.05e-07,-82.91396449154439,0.031129317663604196,-101.01491331054898,-0.0010172277733950872,-82.81196899535067,0.04549045294623849,-100.88578291908354,-0.0009814308872104624,-132.08689714764336,2.7334606617914125e-08,1.419845896727488e-08
8.075e-07,-35.222330537234996,-0.0073925066960806776,-100.63443794448283,-0.0009858638984122333,-34.30290282187088,0.006447728180315877,-100.87870280489113,-0.0007396457402886268,-81.34164594938127,2.7495632331846547e-08,1.4069582096669482e-08
8.1e-07,16.645476812426224,0.011178929632674998,-100.854173879139,-0.0006106230996430187,16.893939852843282,0.00850169562986131,-100.83139637488149,-0.0005166861885746269,-26.919937593577856,2.7656374772784914e-08,1.3942698296819946e-08
8.125000000000001e-07,66.62052810671135,0.06113782818044965,-100.54962119649093,-0.00021609182139718032,68.04911889932575,0.05224270118495749,-100.7475923878216,-0.000314229270752107,28.71849063667171,2.7816813596263755e-08,1.3818032049868564e-08
8.15e-07,116.45762867636653,0.12966246768190431,-100.45125260493103,-0.00028688375228391066,116.30603835559924,0.13596282838672594,-100.6311559911255,-0.00013380211996588936,83.05890849077302,2.7976936611634956e-08,1.3695893948006833e-08
8.175e-07,158.6823614933054,0.25908155584007814,-100.5708115037772,-1.4046399757870341e-05,158.90738608390993,0.25568499530296435,-100.48605254559125,2.3299794263141573e-05,133.64525283118496,2.813673679627778e-08,1.3578171045562355e-08
8.2e-07,193.42882094309437,0.41882891774964476,-100.15088580687049,0.0002637461810881178,193.4227542880406,0.4053772299066532,-100.31631011103444,0.0001560913420708999,178.19113609402797,2.8296209284060484e-08,1.346943719495424e-08
8.225000000000001e-07,217.28226659315428,0.583546972054287,-100.12665668809524,0.00033867573040566686,217.94874257592284,0.5773362687558306,-100.12598092581243,0.0002639643290132814,214.68318580018578,2.845534858666541e-08,1.3377342032526624e-08
8.25e-07,231.20404478013347,0.7657025647412238,-99.83394110925339,0.00041326397573957565,231.2563666081862,0.7627033060021283,-99.91910222512963,0.00034673442352771726,241.47204440629815,2.8614146284332557e-08,1.3312108524178217e-08
8.275e-07,232.26591174287682,0.9608054982488524,-99.56626630309103,0.00015651345268319865,232.86813836945743,0.9520586276189767,-99.69965675184292,0.0004046634266192088,257.34691650965254,2.8772589370503276e-08,1.3285194532160116e-08
8.3e-07,222.55710673836128,1.1193412578654025,-99.58304927566353,0.00045339783381406816,223.0574852316921,1.1360335353613247,-99.47153331916111,0.0004384552469127698,261.5902940430314,2.8930659360160973e-08,1.3307388987711588e-08
8.325e-07,203.36681296175183,1.3031090423110174,-99.05270539314391,0.0007656818254970925,202.7744955359895,1.305878624586643,-99.23848778708555,0.00044922748765192965,254.0103860053718,2.908833218534111e-08,1.3386756017582602e-08
8.35e-07,173.62994514139967,1.4611329158736304,-98.8876653592089,0.0004995226547197599,173.51241063529682,1.453936842278651,-99.00410481363824,0.00043846369348617495,234.94978697824598,2.924557881600846e-08,1.3526872763967895e-08
8.375e-07,136.57850986313568,1.565501028544528,-98.73642924864984,0.00031297462727293416,137.13708617301305,1.5739860724107004,-98.77176073786603,0.00040795352559678725,205.26999263097093,2.940236647254269e-08,1.3725726323528567e-08
8.4e-07,95.47239492945666,1.6633049538148337,-98.6632367466193,0.00039178496956014495,95.705550119835,1.6614363894730528,-98.54458794431132,0.00035972908089225165,166.31246207823222,2.9558660247225003e-08,1.3975473750787652e-08
8.425e-07,51.15841411145632,1.7122009478316056,-98.46871267052829,0.00032222409363289107,51.29921647347381,1.713388074576061,-98.32544104816398,0.00029600511841636375,119.83798698300987,2.9714424932086626e-08,1.4263078119636863e-08
8.450000000000001e-07,5.6877987680138355,1.7293770883054798,-98.28051867844606,0.0004067783966194305,5.892486969754256,1.7285744836994412,-98.11686522672647,0.00021912922495531616,67.94710778325917,2.9869626860009514e-08,1.4571665833720778e-08
8.475e-07,-39.0215313182341,1.7015218648092356,-97.7719380056229,5.267359353889574e-05,-38.73064885695956,1.7072259893456838,-97.92106700625266,0.00013154528740837764,12.985174047690778,3.002423560084235e-08,1.4882342440319517e-08
8.5e-07,-81.22061610388218,1.6457806035498108,-98.00410006901738,-0.00023300435222673715,-81.00928940127964,1.6508956985136025,-97.73988779378986,3.577054799566685e-05,-42.56365998368993,3.017822540620078e-08,1.5176168432909325e-08
8.525e-07,-120.43068071844415,1.5769371769049965,-97.87210967083068,0.0001232813553601169,-119.5946677714718,1.5622841155356622,-97.57478042153105,-6.561642485442229e-05,-96.18871351405187,3.033157635474107e-08,1.543602231106301e-08
8.55e-07,-154.3158725519707,1.4454053982431532,-97.27330076396925,-0.0002805591449615701,-153.31063308971017,1.445089468237342,-97.42678894654976,-0.00016998177136069373,-145.46625624418684,3.0484275202710504e-08,1.5648141044343648e-08
8.575e-07,-181.94853123269488,1.3088046116744503,-96.91006993134656,-0.0002462231797694292,-181.10531304848686,1.303895398855177,-97.29653192185991,-0.0002746424588818165,-188.1690554624587,3.0636315982733404e-08,1.580320156548117e-08
8.6e-07,-202.42878585432476,1.1408090004543052,-97.23558805705366,-0.0003144407349762755,-202.01428481862587,1.1440912928569327,-97.18418932574136,-0.0003768784169312115,-222.3670418913109,3.0787700410661995e-08,1.5896872210110164e-08
8.625e-07,-215.68748522892403,0.9644580013763291,-97.01680135730358,-0.00021100679641516013,-215.1520001103018,0.9718060564192935,-97.08949330545165,-0.00047395521281191845,-246.51454442325078,3.093843815393993e-08,1.5929813691276586e-08
8.65e-07,-219.14903882882174,0.7942582399788993,-97.31349704487799,-0.0006352410654874605,-219.741176285443,0.7938266319448323,-97.01172285906917,-0.0005631593911700143,-259.5201509349547,3.1088546988093965e-08,1.5907150045354127e-08
8.675000000000001e-07,-215.88485124557002,0.6021037440223067,-97.14961542086924,-0.0005061353572060642,-215.1807258550791,0.6174699842599708,-96.94970254556515,-0.0006418456642648064,-260.79603762976603,3.123805282767905e-08,1.5837471444025612e-08
8.7e-07,-200.72176042859854,0.4396019750460116,-96.92401860077084,-0.0006666000100521527,-201.14329150780924,0.4503823939023839,-96.90180527857176,-0.000707492225610773,-250.284537334658,3.138698957409355e-08,1.5731481273664664e-08
8.725e-07,-177.3306222664344,0.3003928909609945,-96.77543676952273,-0.0006780408466789438,-177.68540030030573,0.30025189112275136,-96.86595922400375,-0.0007577581263717873,-228.4607459251228,3.153539868596222e-08,1.560045912159761e-08
8.75e-07,-144.43372945102303,0.17969164264469328,-96.92415476479631,-0.0007571817806116287,-145.34821316521453,0.17443645545311262,-96.83965878601228,-0.0007905353588958858,-196.3110490735433,3.168332835796779e-08,1.545476701914898e-08
8.775000000000001e-07,-105.47409848185586,0.09202314296924613,-97.00587430535637,-0.0010029504596518273,-105.2258506269802,0.07952913234351999,-96.81997963000869,-0.0008039883077835453,-155.28853986308923,3.183083219783577e-08,1.530265650692482e-08
8.8e-07,-59.672807290178476,0.01622074975449979,-96.64902300238077,-0.0007126650968945791,-58.98162142800754,0.02089801200661903,-96.8035976560157,-0.0007965745932787086,-107.2473422894891,3.197796732105833e-08,1.5149614924418075e-08
8.825e-07,-8.95540031735179,0.007278189347393948,-96.56519217349855,-0.0006619985407623909,-8.799680327529172,0.0022508250184507853,-96.78681180068617,-0.0007670438380979717,-54.35880907883291,3.212479183640252e-08,1.4998406143044376e-08
8.85e-07,41.07655811202805,0.009183589657186016,-96.8005660152088,-0.0006966076926340824,42.730496774758755,0.0252782928249582,-96.76557051229305,-0.0007144141219869592,0.9866185108436019,3.2271361765225576e-08,1.4849818578666998e-08
8.875e-07,93.66475856320201,0.07784585877706358,-96.58079093783977,-0.0008019607418661269,92.78859487919746,0.0894261485287441,-96.73550171013268,-0.0006379292972803408,56.28745319065681,3.2417727513621e-08,1.4703960257854027e-08
8.900000000000001e-07,138.7278326802428,0.18362437848566826,-96.88270487766795,-0.0004889271704869865,138.53874496329968,0.1918332235915813,-96.69194600839211,-0.0005370033339253627,109.04422316970083,3.2563930086297984e-08,1.4561784010083807e-08
8.925e-07,177.44427017650753,0.33375230824416313,-96.93626829832063,-0.0002437180514318988,177.3601852503595,0.3274539435993945,-96.62999295488937,-0.0004111599200275715,156.8724425879343,3.270999728316234e-08,1.4426436730007e-08
8.95e-07,207.53573504584716,0.4947761836237232,-96.25851713642734,-0.0003991484779402182,207.0645540523067,0.4893609160753571,-96.54452000746633,-0.00025997629930551747,197.6103848468846,3.285594014463132e-08,1.4304041659870645e-08
8.975e-07,226.47386321450244,0.681966988343778,-96.44492071713748,-0.00020768363671923494,226.07232551945978,0.6692006102987187,-96.43023394544656,-8.303963934859767e-05,229.41678772898325,3.3001749904728937e-08,1.4203647933904574e-08
9.000000000000001e-07,233.74424860469864,0.8471355820544982,-95.97915050167335,3.877757833599544e-05,233.52655604097123,0.8577560479963149,-96.28171439069241,0.0001200777966913315,250.85407425669763,3.3147395671987927e-08,1.4136287455204822e-08
9.025e-07,229.78806365261013,1.0529893619030128,-95.9997697527967,0.00016533176755256242,229.33122926704013,1.045557980918524,-96.09345909261623,0.00034982141745108254,260.9533278981154,3.3292822992256616e-08,1.4113307966145196e-08
9.05e-07,213.46851141679483,1.2188838567147422,-95.89428077627403,0.0007506582305446642,214.11253579881736,1.223482148675738,-95.85993061419818,0.0006066352500844097,259.2580853876815,3.343795336407876e-08,1.4144336673208894e-08
9.075e-07,189.30862974457892,1.3801003166806527,-95.49875107082573,0.0009319212963002113,189.11253451259452,1.3832753655685248,-95.57560404180695,0.0008909246949743332,245.8449678262911,3.358268468848499e-08,1.4235318843292174e-08
9.1e-07,155.95810493906768,1.5174411002718142,-95.39543983513357,0.0011066020590018684,156.0339506188575,1.5179663364326923,-95.23501533052915,0.0012030074263795596,221.3202175820197,3.372689255356684e-08,1.4387049628510986e-08
9.125e-07,117.3509838505054,1.6156731520854695,-94.84841668522166,0.0016476116430301844,116.86083267582715,1.6221358785539777,-94.83280988890822,0.001543060360959721,186.79229751567982,3.38704321913739e-08,1.4594490730296574e-08
9.15e-07,74.98145280139359,1.7093727655618802,-93.63325540282872,0.0018700125144346935,73.68147533672328,1.6920423557241895,-94.36379100253926,0.0019110708291721712,143.8217909838251,3.401314090839753e-08,1.4846980273860827e-08
9.175e-07,28.245583040135767,1.7288939614558578,-93.94147838861838,0.002426763308256228,28.53723439566806,1.7256180156161103,-93.82296769491815,0.002306798923819172,94.35086702493757,3.415484078447005e-08,1.512925902082586e-08
9.2e-07,-16.80223078897784,1.7324246355164088,-93.12967667085834,0.002568114954039918,-16.685779978498424,1.7223672794044445,-93.20560162631622,0.0027297557042178697,40.615498741799186,3.4295341456528435e-08,1.5423095124535167e-08
9.225000000000001e-07,-59.658891947348316,1.6934829974517043,-92.32922627243858,0.003206594603346258,-60.314369101234135,1.6832064666245632,-92.50725263723488,0.0031791989393273844,-14.95559759077678,3.443444284695002e-08,1.5709217925749322e-08
9.25e-07,-100.20541243880723,1.6114243179583034,-91.75452527456856,0.0036113789559524484,-100.89759459204149,1.6102848519943418,-91.72382255215001,0.003654144932321568,-69.85073497063578,3.457193775127597e-08,1.5969268846967893e-08
9.275e-07,-137.18571215957638,1.5124862931659468,-90.65775353202288,0.004210052128081861,-137.1792343069655,1.5068197248184136,-90.85159687170346,0.0041533922537667165,-121.5887782009355,3.4707614255775076e-08,1.6187525285923558e-08
9.3e-07,-168.8731081636477,1.3839750714921033,-89.75055987338617,0.004564806113538043,-168.05123590002552,1.3769650247237704,-89.88728399715696,0.004675551406803036,-167.8312855507379,3.484125800069477e-08,1.635222460924092e-08
9.325000000000001e-07,-192.31632364939477,1.216057333161239,-88.879393654475,0.005072629770107986,-192.50874091719052,1.2257169797025778,-88.82805164964209,0.005219073868948549,-206.48820099591921,3.497265433193726e-08,1.645638633447678e-08
9.35e-07,-208.88808960015817,1.046260451989155,-87.6325979527932,0.00597677518871106,-209.62570354775144,1.0588443187248566,-87.67156016838747,0.0057822746860143204,-235.8123199917648,3.510159038801432e-08,1.6498088560905236e-08
9.375e-07,-218.84391113312518,0.8895007487726185,-86.39528255682445,0.006164738205756628,-218.56468236741392,0.8828183229603435,-86.41599239648023,0.006363344675188766,-254.4782591394961,3.5227857150924457e-08,1.6480199333177806e-08
9.4e-07,-219.74430916953523,0.6936230982031573,-85.01847634665089,0.0069393228551675,-218.6260937823691,0.7047117747524888,-85.06007988963933,0.0069603509529915395,-261.6423604975881,3.5351251454097454e-08,1.6409603413475992e-08
9.425e-07,-209.7599500783923,0.5207810394689639,-83.39319279347895,0.007667691500723932,-209.3326627669823,0.5320371527817147,-83.60312521270004,0.007571227418961838,-256.98082299946594,3.547157789640053e-08,1.6296010297570204e-08
9.450000000000001e-07,-190.3674400310969,0.3811437974019598,-81.96001200835799,0.008301621363219677,-190.5358104482464,0.3725031678835911,-82.04502011979548,0.008193759424258063,-240.70433752432368,3.5588650568983956e-08,1.615048496517972e-08
9.475e-07,-163.09766103953245,0.23985608119058294,-80.37019936682724,0.008826320659649759,-162.5240093938421,0.23368346894433317,-80.38625944730808,0.008825568613787029,-213.54856414918945,3.5702294471981315e-08,1.598390258586713e-08
9.5e-07,-126.35771265156649,0.12360935559880512,-78.66566424650728,0.009484502529797245,-126.11004126385353,0.12260943207577331,-78.62795058326392,0.009464104475405199,-176.74088198876026,3.581234648920542e-08,1.5805574431656092e-08
9.525e-07,-82.21685729376061,0.0403753607915309,-76.593339578768,0.010246061680390493,-82.67528527198397,0.04531703866751868,-76.77181841267188,0.01010664830035254,-131.94491445453966,3.591865580569335e-08,1.5622300383560178e-08
9.55e-07,-34.28811527326621,0.006172142720092853,-74.72107371147787,0.010766606704549809,-34.15455277509888,0.006392510540497896,-74.82020567505253,0.010750333142955532,-81.18533726519307,3.602108369523419e-08,1.543805295717309e-08
9.575e-07,17.084782322935887,0.01609602647083692,-73.06139071624425,0.011325113390092111,17.046295948903612,0.00856969056720256,-72.77606870775577,0.011392180287735901,-26.756367714868638,3.611950266799055e-08,1.525438281557521e-08
9.600000000000001e-07,68.31640803790519,0.050242703896980295,-70.66984729711378,0.012026670710422878,68.1971347108617,0.05243228156000624,-70.64296858630408,0.01202914919390289,28.881928723882062,3.621379504302725e-08,1.5071473005525833e-08
9.625e-07,116.54372001784111,0.12930937314570592,-68.45576894954617,0.012497206354595858,116.44131972965614,0.1362655390413353,-68.42505771060738,0.012658194494959083,83.21482775714023,3.6303851085412805e-08,1.4889597733093382e-08
9.65e-07,159.00608997915168,0.25436880787167404,-66.44507094919469,0.013112816580745658,159.0221750630205,0.25608591493592736,-66.12706192314401,0.013276320987807228,133.78660608094424,3.638956691037169e-08,1.4710612749653747e-08
9.675e-07,194.1827199018986,0.40428333683111806,-63.80949138402672,0.014075160036223803,193.51057353314772,0.40585586703472104,-63.75425828178727,0.013880626155499688,178.31153448219678,3.6470842397059696e-08,1.4539064566859738e-08
9.7e-07,217.86535987208094,0.5728370698266686,-61.13542180708307,0.01464581070893857,218.0049185583678,0.5778679116627042,-61.31244864554729,0.014468319957658363,214.77718759379687,3.654757936462853e-08,1.4382577536005786e-08
9.725e-07,231.1680718046148,0.764458084014314,-58.799168750758206,0.01497471555304859,231.2783667346087,0.763260689910901,-58.807929265806514,0.015036713496163243,241.53540093835335,3.6619680240760026e-08,1.4251349312131922e-08
9.75e-07,233.28170150365958,0.9391017471396355,-55.98926286465583,0.01565914692849921,232.8556842993334,0.952613745377827,-56.24745660834993,0.01558317159279814,257.3767642091848,3.668704740040753e-08,1.4156810843404441e-08
9.775e-07,222.9245095368715,1.1444269157029137,-53.671697349308,0.01606704269050057,223.01243747138776,1.1365594064193938,-53.63820966235227,0.016105028967453725,261.585283861994,3.674958327750303e-08,1.4109722020008744e-08
9.8e-07,203.46481736786475,1.3104077254395305,-50.7680650969148,0.016429229940904306,202.7005374027092,1.306350852375326,-50.98774902122187,0.01659947509520948,253.97074439253805,3.680719126585513e-08,1.4118116594535599e-08
9.825000000000001e-07,172.8588327772388,1.4668141148492435,-48.207805816129415,0.016926144680353018,173.4145873348239,1.4543348292053695,-48.30397304656518,0.017063418371631167,234.8773056442384,3.685977734006933e-08,1.418554202979405e-08
9.85e-07,137.0227126108737,1.5734308210053072,-45.85862934459003,0.0173225217364205,137.02127245531045,1.5742938174724175,-45.595071450308076,0.017493345312194434,205.16794756702578,3.690725225533294e-08,1.4309959316137026e-08
9.875e-07,94.95342622342714,1.6778693055055662,-42.992437540708096,0.017879706858148523,95.57792496852397,1.6616428562754724,-42.86947665097908,0.017885194530485152,166.18546548885251,3.694953413610408e-08,1.4483506151769627e-08
9.9e-07,50.49421787172508,1.722943551741115,-39.89623846897502,0.01832050258011534,51.16581500814872,1.713487176614291,-40.13581327816153,0.018234267560252194,119.69177882482624,3.6986551243822925e-08,1.4693135923239287e-08
9.925e-07,5.8405764838419465,1.7246426872993472,-37.116440067489854,0.018434730715689067,5.75887999067256,1.7285647793595555,-37.40284621398498,0.018535198597469396,67.78829633206519,3.7018244723454135e-08,1.4921977253970616e-08
9.95e-07,-38.25285188894982,1.7108070672075153,-35.04569187431492,0.018812037598618665,-38.8595246749727,1.7071102041031792,-34.679427572143176,0.01878200237427146,12.820937219415686,3.704457116373943e-08,1.515115116008176e-08
9.975e-07,-81.85315106240003,1.6647042874369937,-31.999320845164082,0.018844401357166314,-81.12915764484882,1.6506801929771424,-31.974443023188407,0.018968213219617797,-42.72589905842471,3.7065504858168476e-08,1.53617472902054e-08
1e-06,-119.15157835565459,1.5688274244442924,-29.760476964332902,0.01904970026583188,-119.70182878500994,1.5619783964463014,-29.29675787969677,0.019087118838325763,-96.34162199853544,3.7081039712040005e-08,1.553668665903463e-08
1.0025e-06,-154.36201505494444,1.4457400756351735,-26.667223174400544,0.01929799400865368,-153.40182408151932,1.4447058005454312,-26.655163356282717,0.019132079983833948,-145.60292302313601,3.7091190794263184e-08,1.5662261230982472e-08
1.0050000000000001e-06,-181.11628991214675,1.2950212705354363,-23.89021846293386,0.01906508203743653,-181.1775730248227,1.3034485289435993,-24.05832341736392,0.019096913388150057,-188.28330350870493,3.709599557099473e-08,1.5729214187215583e-08
1.0075e-06,-202.05211747559687,1.1525561582696928,-21.394474300538473,0.01909099313181232,-202.06488095324517,1.1435982458050349,-21.514722620046527,0.018976302322551868,-222.4537074533348,3.709551487540274e-08,1.5733289961607718e-08
1.01e-06,-215.22786301767218,0.9812983115498896,-19.046524211745336,0.0187358554058948,-215.17845596066135,0.9712859335731697,-19.032615350579526,0.018766189886908067,-246.56971041501242,3.708983366183908e-08,1.5675233761898385e-08
1.0125e-06,-220.14446316711397,0.790973800274756,-16.86557681944456,0.018397688928674025,-219.74141761512118,0.7933003165815404,-16.619976840594447,0.01846410738183862,-259.54132397925554,3.7079061566298786e-08,1.556026112662385e-08
1.015e-06,-215.66133192197995,0.609347388984386,-13.944675289045554,0.018116897500749043,-215.15333141331882,0.6169596669410169,-14.284456333897822,0.018069395696120136,-260.78226075322226,3.706333325524875e-08,1.5397059543919932e-08
1.0175e-06,-201.66244321395462,0.4497529505381108,-12.199492880940339,0.017594749455969352,-201.08780936292143,0.44991085509540746,-12.033332756074977,0.0175832914359206,-250.2364332207153,3.7042808501559086e-08,1.5196434697135702e-08
1.02e-06,-177.31175978119626,0.30106966655799444,-9.758285186905503,0.016887846691918573,-177.60267036770082,0.29984152246767926,-9.873473217742253,0.017008869183610276,-228.38048877018568,3.7017671890173955e-08,1.4969773154260983e-08
1.0225e-06,-145.25522011934493,0.16553410218962833,-8.026628041094673,0.01611817977493665,-145.24062735241563,0.1741080548125402,-7.811294658147988,0.0163508526649477,-196.20226631824175,3.69881320370151e-08,1.4727548989439416e-08
1.025e-06,-105.12968819624274,0.07567124655361604,-5.68986746593485,0.015555948603112707,-105.09748555158627,0.07930056157860499,-5.8527289091720265,0.015615325981193971,-155.15614824023365,3.6954420209144786e-08,1.4478131928611183e-08
1.0275000000000001e-06,-57.339685929976184,0.019107027989489527,-4.0145832950221445,0.014815649406336196,-58.83819466271118,0.020782850037897135,-4.003191430854009,0.01480938754053803,-107.09732559893702,3.6916788264822036e-08,1.422713527364709e-08
1.03e-06,-9.049523180975411,0.0017417062485876995,-2.34067129078258,0.014110801830940703,-8.648307035944203,0.002257173506991833,-2.267553938632589,0.013940792010889037,-54.19794773336423,3.687550588626926e-08,1.3977458483625615e-08
1.0325e-06,43.01036282560008,0.017222077841366788,-0.5849524839010497,0.01305588480548845,42.88173850338999,0.02540789223230456,-0.6501211097733597,0.013017619997006277,1.1510539447433132,3.6830857148647895e-08,1.3730036765440164e-08
1.035e-06,93.08620824398346,0.09507935043785336,0.8212730174242102,0.011951837309183177,92.9312501384008,0.08967393705706643,0.8453884777032847,0.012048003628013908,56.44803060584419,3.678313654541377e-08,1.3485136937267638e-08
1.0375e-06,138.8131481198074,0.19891515939236204,2.2367268120113635,0.010942562500964708,138.66465358729226,0.1921874237166462,2.215857055637442,0.011039922183240874,109.19368483269243,3.6735952088649016e-08,1.3245977168096146e-08
1.04e-06,177.51378675542668,0.31315362063442165,3.3810260933820007,0.010096027345438905,177.46215673616942,0.3278966977116721,3.458777944142244,0.010001068533744533,157.00403317193204,3.6691655893221344e-08,1.3017148430372713e-08
1.0425e-06,206.51499740726248,0.481525111065122,4.614299877217086,0.009164095859284247,207.1369606261498,0.4898694240304796,4.572261352843542,0.008938776905974185,197.71815675716306,3.6650041434006564e-08,1.2804585442452927e-08
1.045e-06,226.04664049321943,0.6764830571937104,5.26205960069298,0.00797380982615416,226.1115386247722,0.6697486583999137,5.555035696985374,0.007859996453833616,229.4958699206269,3.6610888985908016e-08,1.2617154862472243e-08
1.0475e-06,233.0685394500674,0.8631084740539305,6.1554566056548214,0.006787596962827557,233.53117396525766,0.8583157712020675,6.406444457371696,0.0067712933950414556,250.90089239473696,3.65739648413034e-08,1.2465710515889968e-08
1.0500000000000001e-06,228.80841362955695,1.0608408947364956,7.218082889517232,0.005638779687996157,229.30207424659378,1.046101675417168,7.126438649648274,0.005678866239707209,260.9657659093321,3.6539021316403536e-08,1.236142555274998e-08
1.0525e-06,213.83645167760105,1.202531613359919,7.742291878175146,0.004310550757264135,214.05243257413792,1.2239839540302282,7.715565004250701,0.004588562681387798,259.2355811022927,3.650579760501761e-08,1.2313756314348447e-08
1.055e-06,188.5555242899313,1.3947412353897097,8.042791920467824,0.0034536286852567834,189.02591328323277,1.3837126635416384,8.174949993150674,0.0035058916998185964,245.78853838674598,3.647402145031722e-08,1.2328482415495686e-08
1.0575e-06,155.35334800776917,1.5101988011884706,8.637669893023025,0.002459564079430231,155.92634049318764,1.51832076215808,8.506279873021134,0.002436029157745476,221.23241347047943,3.6443411524782604e-08,1.2406241052615789e-08
1.06e-06,116.7663188848999,1.6210452267515156,8.63220502840178,0.0011976041964975085,116.73832326391472,1.6223939003384986,8.71177694633407,0.001383818787369812,186.67708727803227,3.6413680346857135e-08,1.254184666087061e-08
1.0625e-06,74.33335352375317,1.6951029797272834,8.677990356184761,0.0003088383947111688,73.5502223906007,1.6921954420070795,8.794172271923843,0.0003537724599620356,143.68438186044168,3.638453752782586e-08,1.2724503718082172e-08
1.065e-06,28.611805289790855,1.722067903258049,9.09156138321452,-0.0006366291792094988,28.40307100881881,1.7256624610177207,8.756675084446561,-0.0006499260951031142,94.19746959527329,3.63556931373337e-08,1.2938835321560428e-08
1.0675e-06,-17.21776567494812,1.7209590035903894,8.537556331452532,-0.0016122178264338725,-16.81758927458751,1.7223037977467235,8.60293920770545,-0.0016234111800329494,40.45304622034285,3.632686099895616e-08,1.3166509421495988e-08
1.07e-06,-60.15409444327076,1.6755360211710453,8.289183770084586,-0.0026238489593783283,-60.43922339999062,1.6830396720003276,8.337026769778332,-0.0025631179238416097,-15.119762720004845,3.629776177188945e-08,1.338817310444254e-08
1.0725000000000001e-06,-100.52844847153412,1.6051002432620411,7.666600891929701,-0.003436914787523778,-101.01152207745353,1.6100227383306311,7.963369548089934,-0.0034657599046893483,-70.00919281765863,3.6268125731331014e-08,1.3585403064972003e-08
1.075e-06,-138.6416210539719,1.5057950046974118,7.783900140045168,-0.00436865310832603,-137.27877302647488,1.5064732232062132,7.486728289849996,-0.004328305878210017,-121.73436683191642,3.623769521713953e-08,1.3742428356167593e-08
1.0775e-06,-167.43592195302236,1.3840345971108765,6.910996388766673,-0.005134049993143119,-168.1332886334742,1.3765476730651303,6.912150367487294,-0.005147961416743257,-167.95742469110562,3.620622676711817e-08,1.3847452740973475e-08
1.08e-06,-192.58927896722795,1.227510916633148,6.014925361129483,-0.005868210910003545,-192.57046461237343,1.2252446903439127,6.244926139742551,-0.00592216157976974,-206.5891894437835,3.617349297949247e-08,1.389347492863248e-08
1.0825e-06,-209.58224875618632,1.0406478236870904,5.418989525033106,-0.006805598993450985,-209.6644831055107,1.0583351867410875,5.490544396849165,-0.006648579706098623,-235.88359329926615,3.613928415458367e-08,1.3878562908843012e-08
1.085e-06,-218.22879873718207,0.890760394266049,4.8334396779331845,-0.007369365636542526,-218.57821761600542,0.882292389467928,4.654647272677479,-0.0073251551718305765,-254.51659591544615,3.610340974876152e-08,1.380558319121229e-08
1.0875e-06,-219.63865855810533,0.7066747598083348,3.6843497280580406,-0.008020782197381239,-218.61260129097292,0.7041906520661194,3.7429850078213764,-0.00795013985930088,-261.6460280070183,3.6065699639535346e-08,1.3681425551979012e-08
1.09e-06,-209.20085173489156,0.5231315184027939,2.7748396038148897,-0.00858451504157055,-209.2911658861666,0.5315434334469977,2.761370945364718,-0.008522159665023508,-256.9496554793027,3.6026005157741734e-08,1.3515809278351307e-08
1.0925000000000001e-06,-190.82513249383717,0.3810540698991825,1.868936822255228,-0.00884254991007195,-190.46646703238702,0.3720595753243548,1.715637135514143,-0.009040284247371475,-240.63974367549784,3.598419980178966e-08,1.3319812583695795e-08
1.095e-06,-162.7105892700848,0.2313280789096618,0.3568200443594655,-0.00952254543432342,-162.42841170382206,0.23331175740828275,0.6115909164891677,-0.009504095952423859,-213.45346346656964,3.594017952033617e-08,1.3104326588964824e-08
1.0975e-06,-125.62110491986282,0.11790145343505914,-0.5979518301737629,-0.009772042590640913,-125.9914196127648,0.12232909864834485,-0.5450271728987919,-0.009913747898732981,-176.6195728066309,3.589386244200211e-08,1.2878681221107115e-08
1.1e-06,-82.53171271110476,0.03806425014204864,-1.7597194252923922,-0.010174620788811747,-82.53855694436429,0.04514396004032061,-1.7485838085365697,-0.010270001773635197,-131.8028796716733,3.584732026768058e-08,1.2651048973189575e-08
1.1025e-06,-34.000812793318076,0.0032854581829388383,-2.8518520192625116,-0.01056450965537343,-34.00617916674421,0.006337652307706513,-2.9935913016218096,-0.01057423796196423,-81.02899653031945,3.580308552585282e-08,1.2427036484984112e-08
1.105e-06,17.332304801689528,-0.009073772595533082,-4.249949365087462,-0.010778208733317217,17.19865170440274,0.008638049829484972,-4.274743722663445,-0.01082843390270914,-26.592787273169183,3.5761290363302574e-08,1.2208276122119137e-08
1.1075e-06,69.26140421462793,0.04772879214967722,-5.822910529953968,-0.010998612676395668,68.3451251574061,0.05262221104397908,-5.5869504500854426,-0.011035110549404212,29.045355408964355,3.5722060219371825e-08,1.1995024693737156e-08
1.11e-06,116.56621742789726,0.13411042346439098,-7.228603939648912,-0.011275321900220401,116.57655158327438,0.13656856372383563,-6.925366890112796,-0.011197250867054455,83.37071417161131,3.5685511222307674e-08,1.1787622643843097e-08
1.1125e-06,159.28963168427384,0.2592535232999658,-8.250637743726443,-0.011386881885771858,159.13689323681723,0.2564870955476561,-8.285422142165856,-0.011318197783890187,133.92790651387023,3.565174744067317e-08,1.1587983701137022e-08
1.1150000000000001e-06,193.1252437434178,0.40039284765425825,-9.771218808766365,-0.011301765126972028,193.5983053174476,0.4063346975079438,-9.662843413366248,-0.011401541374732288,178.43186247579297,3.562085823511917e-08,1.1400702251045192e-08
1.1175e-06,217.89306149195465,0.5723857654823445,-10.925151662749682,-0.011472499261735028,218.06099634801745,0.578399670237771,-11.053677016690909,-0.011451005919359235,214.8711045967757,3.559291596518519e-08,1.1233437839911234e-08
1.12e-06,231.63178389338358,0.762624467625367,-11.901230240847037,-0.011395450867808814,231.30026453391784,0.7638181069957187,-12.45430581952995,-0.01147034674466373,241.59866211605743,3.556797428258064e-08,1.1096407946572618e-08
1.1225e-06,232.52266490194916,0.9655200427364254,-14.21745507432974,-0.011538166983791053,232.84313035539992,0.9531688143773229,-13.861463042600832,-0.011463264588366546,257.4065103004466,3.5546067189236045e-08,1.1001045844613335e-08
1.125e-06,223.40363606295705,1.1354950890896969,-15.442858145312364,-0.011418671153965547,222.96729821957993,1.1370851523185814,-15.272242343062869,-0.011433342022728228,261.5801704112292,3.552720896274571e-08,1.0958095241817947e-08
1.1275e-06,203.218577306231,1.3026330997350406,-16.74515662010288,-0.011614481546181613,202.6265009097216,1.3068228882746722,-16.684104149942716,-0.011384002825094776,253.9310025160756,3.551139496464338e-08,1.0975555574794198e-08
1.13e-06,172.58666139540327,1.4567525932105065,-18.640604643353306,-0.011377841433168988,173.3167020519558,1.454732570160203,-18.094878254322406,-0.011318491716774806,234.80473158439358,3.549860326096185e-08,1.1056923532790753e-08
1.1325e-06,136.64561623938081,1.5881118418576214,-19.73090639128424,-0.01110145884055135,136.90541478029772,1.5746012768240867,-19.50276269084766,-0.011239869197932942,205.06582150602878,3.5488796911991416e-08,1.1200095470808302e-08
1.135e-06,95.05026380987657,1.653672010789497,-20.752568368615446,-0.011215701261823812,95.45027406677852,1.661849012444987,-20.906318980677973,-0.011151014711583489,166.05840329208874,3.54819267388464e-08,1.1397133555340748e-08
1.1375000000000001e-06,51.13710908530997,1.7182248152260222,-22.289966668271216,-0.011121804080050857,51.032405029485126,1.7135859573729488,-22.304463838726083,-0.011054631270856681,119.5455234142272,3.54779343540607e-08,1.1634907525164606e-08
1.14e-06,4.98871935156269,1.7344360126905054,-23.64923964424804,-0.011070637197142075,5.625280039216356,1.7285547561423547,-23.69645747962672,-0.010953245915878809,67.62945811912176,3.547675525268026e-08,1.1896456413811366e-08
1.1425e-06,-39.85285848681486,1.6980003082981787,-25.167931474852942,-0.010891825641284787,-38.98837989825072,1.7069941138798415,-25.081888687058747,-0.010849202622705554,12.65669532963391,3.5478321794961837e-08,1.2162807058941415e-08
1.145e-06,-81.54171046328128,1.6366159061720076,-26.499775692650424,-0.010830310241959983,-81.2489935929042,1.65046440629701,-26.46065683954636,-0.010744647079433381,-42.888121265654846,3.548256596349506e-08,1.2414950867733544e-08
1.1475e-06,-119.7748263092522,1.5661937275737854,-27.914956937624087,-0.010741343199675903,-119.80894730948495,1.5616724286742376,-27.832951112442057,-0.010641505500573656,-96.49449244887586,3.54894218355143e-08,1.2635706389273241e-08
1.15e-06,-153.9272155276931,1.43953269851566,-29.06271284188202,-0.010502317974744022,-153.492963462224,1.444321924277672,-29.199227100204297,-0.010541461818611604,-145.73953232036328,3.5498827764040964e-08,1.2811258259611453e-08
1.1525e-06,-181.38817922695054,1.3009073356034149,-30.806350910937027,-0.01032173839855321,-181.2497730070961,1.3030014975267323,-30.56018112511986,-0.010445938743915294,-188.39747722367963,3.5510728299559904e-08,1.2932236559690895e-08
1.155e-06,-201.82154570207138,1.1533740903811023,-31.85293369645528,-0.0102339883338636,-202.11540936898132,1.1431050907244673,-31.916722518088633,-0.010356088095012586,-222.5402851941541,3.552507590078133e-08,1.2994265838454883e-08
1.1575e-06,-215.96342554670426,0.9695862268935714,-33.338530021173675,-0.0101585535733962,-215.20483728178948,0.9707657618928548,-33.269944173824086,-0.010272794486195063,-246.62477906495482,3.5541832476733497e-08,1.2997963643650877e-08
1.1600000000000001e-06,-221.02780878692826,0.7929824093153601,-34.26869135495909,-0.010401360938233328,-219.74157911834465,0.7927740161999495,-34.621091696677354,-0.010196694170302086,-259.56239456075247,3.556097077579648e-08,1.2948409222680226e-08
1.1625e-06,-214.99924894294355,0.6257087076944269,-35.73541119448692,-0.010194339641826243,-215.12585422292,0.616449431304122,-35.97153146415607,-0.010128208011380401,-260.7683809239716,3.558247559733655e-08,1.2854144548600466e-08
1.165e-06,-201.16415483629777,0.4413610579544222,-37.41495525832892,-0.010100801663208394,-201.03224489720702,0.44943946505164245,-37.322717942988085,-0.01006758475049824,-250.18823031739066,3.560634475818044e-08,1.2725820397028837e-08
1.1675e-06,-177.79008453682317,0.3264416347825301,-38.9478209852087,-0.009889376411657377,-177.5198627853388,0.2994313667896215,-38.676160597214086,-0.010014948478510848,-228.30014145424482,3.563258971008329e-08,1.2574659465232016e-08
1.17e-06,-145.2839384859692,0.19371262318207674,-40.045054859953,-0.009927481036852306,-145.1329734122687,0.17377992468869308,-40.03339072925225,-0.009970342994710278,-196.0934061053927,3.56612356852882e-08,1.2410964156288014e-08
1.1725e-06,-104.86049824009456,0.06843961880623987,-41.39579692493945,-0.009975329125536133,-104.9690668715543,0.07907230816476425,-41.39592859315424,-0.009933765781053835,-155.02369536418792,3.5692321251959896e-08,1.224292664268997e-08
1.175e-06,-58.25140742674945,0.02450233758579088,-43.08880554479721,-0.009909726061974714,-58.69473339536964,0.020668037731671158,-42.7652511143946,-0.009905185696161539,-106.94726662806028,3.5725897192082127e-08,1.2075979311363768e-08
1.1775e-06,-8.85877758925877,0.003013770182349137,-44.13858992409895,-0.009803841072343375,-8.496921911786202,0.002263886319332488,-44.14276054255453,-0.009884540987783236,-54.03706499140777,3.576202466882413e-08,1.1912840123423969e-08
1.18e-06,42.98905787172372,0.029752493560412742,-45.810184978989895,-0.01000557027195587,43.03296736128678,0.025537850977302448,-45.52975435226251,-0.009871717426012823,1.3154889242251562,3.580077272131307e-08,1.1754264752151918e-08
1.1825000000000001e-06,93.88360179976988,0.084696356716738,-47.288443509388586,-0.009741705643759684,93.07386768264068,0.08992205975076517,-46.92739669384033,-0.009866509726357636,56.608585736246674,3.584221520167952e-08,1.160034424741832e-08
1.185e-06,138.79312004382112,0.194199824678688,-48.765244465793614,-0.009965095989128227,138.7905015396237,0.19254191372893786,-48.3366916784175,-0.009868572377922852,109.34310338774654,3.588642734001497e-08,1.1452030526843886e-08
1.1875e-06,177.69886235500593,0.32638252062473977,-49.887111047768975,-0.009847820413175019,177.5640483916138,0.32833968098774213,-49.75845876297443,-0.009877367999492277,157.1355617732239,3.59334821758023e-08,1.1312483397264541e-08
1.19e-06,206.70579675043854,0.49543163883086155,-51.41555441062978,-0.009923023255881644,207.2092735589883,0.4903780879840498,-51.19331047903416,-0.009892122055917614,197.82585061144448,3.5983447120277036e-08,1.1187848484502045e-08
1.1925e-06,225.83735423768988,0.6659257186822765,-52.26758322737676,-0.009901682534087013,226.1506506238546,0.6702967818320557,-52.641632724766595,-0.009911792042937188,229.57486151093556,3.603638090801868e-08,1.108720133815322e-08
1.195e-06,233.73647816613823,0.8563443444067877,-54.115089161888854,-0.010125391851476916,233.53568999634865,0.8588754869297758,-54.10356781430071,-0.009935057202723419,250.9476114810796,3.609233115789515e-08,1.102159913130111e-08
1.1975e-06,230.16632871686855,1.0428003624906574,-55.84485444787559,-0.010127097936614128,229.27282287836152,1.0466452827196306,-55.579000450321715,-0.00996033180680728,260.97810089539735,3.6151332698436763e-08,1.1002410102141367e-08
1.2e-06,215.34872468873158,1.2276647316301232,-57.671838429150135,-0.009857594553404767,213.99224393866024,1.224485600162278,-57.06754675680874,-0.00997828457101707,259.2129744748019,3.6213406730216005e-08,1.1039275950513563e-08
