time,v_coil,i_coil,v_bias,i_bias,v_coil_clean,i_coil_clean,v_bias_clean,i_bias_clean,v_coil_src,density_state,heating_state
0.0,-90.77820097370125,-0.06800809998767227,-7.399118376298099,0.131889068291014,-91.74242629238422,-0.09575694723464134,-7.286091748365509,0.13191562087431877,0.0,0.0,0.0
2.5e-09,-28.302303294256728,-0.16704984627763134,4.040927243790224,0.13263512170857816,-30.928404858196775,-0.17723004825239408,1.7099303612596821,0.13342478249755166,77.89969909624753,5.517674881896106e-12,2.9194437759499617e-12
5e-09,33.301898442708556,-0.16456097581276236,8.002691429391817,0.13624132989909235,30.988427545924196,-0.16146909161628545,10.52038910587438,0.13530331443346685,152.278509194368,9.648356282969558e-12,4.7951657942247575e-12
7.500000000000001e-09,89.76291531273887,-0.05233551183594255,20.467628349928752,0.13408956098860847,89.63459375576542,-0.05129654782260259,19.117661140313697,0.13554054710076704,219.7746774608275,1.7977325631210778e-11,9.518539339538831e-12
1e-08,143.11795115000885,0.1551431013214472,27.38025497927891,0.13263123188383064,141.1187128328955,0.1440584383870838,27.47476559319579,0.13417311879618068,277.3375307990393,2.8610984275103784e-11,1.6259755104388414e-11
1.25e-08,182.18752673861454,0.3804028492839112,37.26476987200839,0.1306961685889123,182.42915572592068,0.4101367914950575,35.56551567784322,0.13136967769707658,322.3653593260308,4.5180004016619333e-11,2.66348338906521e-11
1.5000000000000002e-08,214.9574459294602,0.7422349539269908,43.50879653797167,0.12949583373816875,211.69254642505143,0.7289092802138764,43.36466470972069,0.12735979209532575,352.8230077342781,7.072531102043975e-11,4.585120224053382e-11
1.75e-08,231.9941953003752,1.0833654331242168,52.86097215668602,0.12070455517670224,228.2595493339151,1.0806644393670493,50.8480454737515,0.12238126636657476,367.3338596769463,1.060119788289499e-10,8.263286382023861e-11
2e-08,233.08274221939007,1.4164078565850067,55.6908019465643,0.11669236023117018,232.6138661531081,1.4458475047587673,57.99270194108885,0.11665001379356577,365.2420576917971,1.5142096783782764e-10,1.480351385980519e-10
2.25e-08,227.5002565902673,1.827015264131939,64.46122509135779,0.11052155111768179,226.1300680249181,1.8065977883575781,64.77701239917613,0.11034714499638235,346.6421464648974,2.0695541119498914e-10,2.535818703400617e-10
2.5e-08,209.33993023501728,2.1713917055814314,72.21091665052761,0.10446198129105831,210.7305875797976,2.147798188150185,71.18080313066997,0.10361673148073958,312.3747996261162,2.7227548250144245e-10,4.092868136427319e-10
2.75e-08,186.2856731721786,2.4853771189316687,76.23559341172125,0.09717872217288072,188.5075809008016,2.457546095952995,77.18545185539705,0.09656925573267482,263.98882321552037,3.467525713162585e-10,6.2204404003959e-10
3.0000000000000004e-08,160.68949355363185,2.733162108061209,81.46207959617163,0.08765666767338852,161.378810480048,2.727062376508735,82.77398023429889,0.08928747640131283,203.6711531774609,4.295318726894085e-10,8.946586569350476e-10
3.25e-08,130.79839844052685,2.997356487406246,85.8056996431115,0.0798813331355004,130.83771018704502,2.950154962847343,87.93113482453764,0.08183276434038375,134.1480108361982,5.19592884446194e-10,1.2255455314777312e-09
3.5e-08,98.67044284146539,3.1289737565541995,93.68656768420051,0.07438925024856399,97.8381105313939,3.122428120144459,92.64345596983064,0.07425090211173388,58.56168390047085,6.157995462821672e-10,1.6089441160632367e-09
3.75e-08,61.7541862120006,3.2511023455681785,97.83578753967102,0.06794348015204223,62.82737405090524,3.2404644858396,96.8993342088243,0.06657694284265626,-19.671497785006025,7.169353633625976e-10,2.0354299316156316e-09
4e-08,30.1361163933868,3.32208365345832,101.98218949095191,0.0002729726948866612,25.912814293263338,3.301198577841435,100.6890538860655,-0.00037651886587483516,-97.01557256851228,8.217231098366754e-10,2.492543231065479e-09
4.2500000000000003e-08,-11.790599517431188,3.317321897009645,100.59337466391241,0.016303605430026374,-12.879484681534368,3.3016496799031483,96.55876983739016,0.016050605390679283,-169.97476440553336,9.28832773601151e-10,2.9654605678936136e-09
4.5e-08,-52.51070655247209,3.268847492792258,109.46102092733787,0.09034804475620306,-53.31227679984842,3.2390986894064366,102.42751516248072,0.09127548685516847,-235.25148397503935,1.033063861072905e-09,3.4351498564903863e-09
4.75e-08,-97.56886580450436,3.1227747433408126,106.40414322936827,0.08129617810902078,-94.6768810500775,3.111693404460703,107.77690601681948,0.08256567405306219,-289.8953722071945,1.1383970456837757e-09,3.888178182882467e-09
5e-08,-135.37969747594187,2.925373759005993,110.64712984401469,0.07546751904036028,-135.62523087046745,2.91936866647072,112.60305700417167,0.0739329489705685,-331.4366497944592,1.2433529822720998e-09,4.307994092947428e-09
5.25e-08,-172.49451869043006,2.6589311091947105,115.59748565241725,0.06592148619788767,-174.13758311729757,2.6648902600763593,116.90428885503442,0.065400554280363,-357.997745591861,1.3464597241380594e-09,4.680133276179084e-09
5.5e-08,-208.4357995432122,2.3307258468172876,124.28589431946092,0.058210144532572256,-207.64400909035385,2.3547893198950836,120.68107712771872,0.056990254120661575,-368.378158556954,1.446306399533776e-09,4.9938732083521246e-09
5.75e-08,-231.73561266486757,1.974037537473674,125.1534648808593,0.048717272463114684,-233.28877772845902,1.9999556428326932,123.93598687110973,0.0487231992403812,-362.10871766303563,1.5416138379410806e-09,5.243696949716905e-09
6.000000000000001e-08,-248.10657231460607,1.5887196245309634,125.34479572951328,0.04114435922185913,-248.2991859413595,1.615704271104676,126.67359398000816,0.040619896290505456,-339.47278736111,1.631315680085111e-09,5.4301487597923055e-09
6.25e-08,-251.6095412252684,1.1995721983858112,126.9206415715902,0.03253074506189499,-250.3993095476404,1.221212456257088,128.9003940762197,0.03269968500221001,-301.49346015200916,1.714640103345797e-09,5.559710038768839e-09
6.5e-08,-238.54376368251573,0.8686975243008587,132.6041138304839,0.026166554664384625,-238.19841772482292,0.8383293634142329,130.62469984297772,0.024980033622054868,-249.8873151352433,1.7911804537445446e-09,5.643535117221332e-09
6.75e-08,-207.70067089674308,0.4540677681009001,129.59553827422883,0.01890095391725697,-211.48545439796277,0.4898701443502596,131.85652782608082,0.017475883148282537,-186.98683254287113,1.8609432039116901e-09,5.695218080239281e-09
7e-08,-170.05153347058067,0.19193320074002113,135.1238418792184,0.009228934090011071,-171.37487442407934,0.19759989500357214,132.60747579160005,0.010199197108530386,-115.63497094476752,1.9243638139647023e-09,5.72810288639656e-09
7.250000000000001e-08,-119.17543354208368,-0.005009484149908089,132.36980386276124,0.0027136417067862833,-120.27288029753966,-0.01982534208807982,132.89059179654333,0.003158802472729406,-39.05667199553669,1.9822849587021355e-09,5.752860048493358e-09
7.5e-08,-62.47038478823549,-0.16270953741079272,136.26435177694026,-0.0023569055832235166,-61.662616837253665,-0.14867526693882285,132.7202361849307,-0.0036394600880609394,39.286899584113286,2.0366332787045193e-09,5.776027664890997e-09
7.75e-08,0.6964002736775678,-0.24879036115789183,131.24518053582503,-0.01046169091638236,0.2630111233556942,-0.1814635852470924,132.11193776689848,-0.010192317695873263,115.85479277063754,2.0928986327219333e-09,5.799934517544858e-09
8e-08,59.39989332145871,-0.11775394804668862,129.86474311111243,-0.016121080561111986,61.066809459762254,-0.117583553208048,131.08224547237714,-0.01649846519835771,187.18631316010593,2.149057791338713e-09,5.8239774162733095e-09
8.25e-08,120.92706529081478,0.06156898162780636,128.96472075761852,-0.022923730424535955,116.56068818873544,0.03682104176234076,129.64857679334227,-0.022557897020938765,250.05743847422144,2.2030992443539196e-09,5.846778894736566e-09
8.500000000000001e-08,164.96271278108813,0.25706072364728333,127.99885614304334,-0.028651354500548464,163.25233234692539,0.26971566918405654,127.82906433948015,-0.02837128945165859,301.62653702523033,2.2545172176890098e-09,5.868475568263467e-09
8.75e-08,200.93678726896277,0.5897019653585536,125.76215021052784,-0.033684747511338584,198.67895585794236,0.5646227023113765,125.642401831315,-0.033939535254432704,339.5628029969608,2.308960129799727e-09,5.8923834498903354e-09
9e-08,219.07750844460386,0.9038956657070794,126.40266192357159,-0.03841900682010482,221.58161004844175,0.9024299562140863,123.10769084247936,-0.039263497712407065,362.1516035597683,2.367370072529648e-09,5.9255430769100675e-09
9.25e-08,232.38750986653096,1.2340010327803244,116.45751881411687,-0.044988591436831704,231.90090801799846,1.2632882255029083,120.24428957904357,-0.04434400462140778,368.37197636970035,2.4303370917858327e-09,5.9780498475098315e-09
9.5e-08,230.30642296913058,1.621231775129303,117.7671795084937,-0.05064750239708221,230.6052934248442,1.628327283573365,117.07166494893808,-0.04918205267615484,357.94277474140614,2.498088148912003e-09,6.0614613019257495e-09
9.75e-08,223.20027412909536,1.9909900313687137,117.84614630204445,-0.05288679641130532,219.39079195515336,1.980966414411785,113.60924912885861,-0.05377914792550418,331.3353748380585,2.5705079676949242e-09,6.186806054689514e-09
1e-07,200.50467382979915,2.314497210536752,110.19339574362564,-0.05754348360586554,200.31166080584083,2.3076784415538967,109.87630178011851,-0.05813767636160243,289.75237054224385,2.647184007396579e-09,6.36274042716738e-09
1.025e-07,176.7315411166191,2.606788121414554,105.62028216230793,-0.06242684306589299,175.41094847013815,2.5981701088246925,105.89177899924809,-0.0622611857712633,235.0732189511367,2.7274652380413655e-09,6.5942412115355e-09
1.05e-07,145.66569195859745,2.8319688711787103,103.20155338637191,-0.06653007972087997,146.417103048327,2.8450477034816863,101.67421001438248,-0.06615446803139831,169.7692931957961,2.810523778594095e-09,6.88198076712049e-09
1.075e-07,115.03863769190485,3.0523269602854626,96.1018874653996,-0.07174864484079363,114.5580665727424,3.043125963316345,97.2415825553408,-0.06982335884219383,96.79218200370101,2.8954098175414183e-09,7.222309790993056e-09
1.1e-07,81.67809436296174,3.1986391448168154,92.6449118367058,-0.07170688166513932,80.52052399730647,3.1885947688943164,92.61123773457379,-0.07327421498985455,19.440284609921985,2.9810932408647016e-09,7.607647141884932e-09
1.1250000000000001e-07,43.97668932743094,3.2588598541622167,85.44426465000704,-0.07746860966195805,44.55351231845273,3.2782721284500447,87.79977517869105,-0.07651308076903139,-58.79026937685513,3.0664894252725697e-09,8.027065909441892e-09
1.15e-07,8.292811664803766,3.340879718953928,82.76706437352834,-0.07857572785038246,6.687639270860511,3.3091415282902474,82.82296904699587,-0.07954460720280826,-134.36363707090734,3.1504709187180125e-09,8.46694435026246e-09
1.175e-07,-30.644928766051667,3.2862743483871837,78.58719973989231,-0.08272375208876889,-32.98119347482809,3.2783029644586095,77.69569546529925,-0.08237083245869756,-203.86407435573244,3.231870398305703e-09,8.911666804164115e-09
1.2000000000000002e-07,-72.88038301384877,3.205192147852621,72.38749290329352,-0.08543070963127503,-74.00734850498812,3.1833729923433585,72.43187179127293,-0.08498996315782609,-264.1503197394364,3.309482659957552e-09,9.34445651374917e-09
1.225e-07,-113.60096831525749,2.999926376153145,69.24992939444796,-0.0867271421156127,-115.37476657893228,3.02326763395329,67.04440801274845,-0.087395310334328,-312.4975722205708,3.3820739953794635e-09,9.7484546842053e-09
1.25e-07,-153.49441690110743,2.805151730150756,66.40570522118932,-0.0903705299574581,-155.39305829180464,2.799212069943148,61.54517046373947,-0.08957452989629353,-346.72064608821194,3.4484060229160145e-09,1.0108105843307328e-08
1.275e-07,-194.47380086995526,2.507331196921494,55.019412358735224,-0.0915759243280925,-191.74185206575842,2.5157597575842816,55.94495792562218,-0.09150929838140011,-365.2727363397649,3.507278088569142e-09,1.0410776157543229e-08
1.3e-07,-223.88026880090618,2.172788007954209,53.49872016995627,-0.09258791286598968,-221.6671235886017,2.181582849271375,50.25349006391183,-0.09317552756812021,-367.31533074454376,3.5575882855698365e-09,1.0648360105387313e-08
1.325e-07,-242.04632786496586,1.8035672022172675,50.55899706929127,-0.09456320745326852,-242.30428584455993,1.809820113272179,44.47940803549649,-0.09454419780505857,-352.7561086870538,3.5984087162665954e-09,1.0818491329898757e-08
1.35e-07,-253.12381043380665,1.4236598319987253,39.04223424919465,-0.0960280776669376,-251.0779348648776,1.4178343789735395,38.630286988070345,-0.09558288502557369,-322.25311384857,3.6290666791077185e-09,1.0924942826020376e-08
1.375e-07,-248.0778135742398,1.0548126587457098,34.91462781037151,-0.09658531149276531,-246.11187283769294,1.0263276775616452,32.71266006386183,-0.09625808221006797,-277.1850121313066,3.6492207736088685e-09,1.0976931163523652e-08
1.4e-07,-228.1428490132913,0.6322776841741411,29.26670960061898,-0.09776622262574547,-226.57839233408626,0.6578719642595822,26.73205341457588,-0.09653846333767423,-219.58877909927358,3.658920031929525e-09,1.0987321197284274e-08
1.425e-07,-193.2464700428134,0.3735510509066686,20.736438183434878,-0.09564406445472166,-192.92375873376605,0.33501720886034747,20.69303163468807,-0.09639924943903457,-152.06763332158815,3.6586353461520628e-09,1.0970081053129339e-08
1.4500000000000001e-07,-145.14794367133393,0.08524680484962681,15.268896066270967,-0.09654933158156427,-146.92608206538077,0.07821818075379186,14.599252926744425,-0.09582769322073371,-77.67337682146412,3.6492555428811725e-09,1.0937629921538678e-08
1.475e-07,-91.7341115694265,-0.07584334918805173,9.82514890031735,-0.09375944158696879,-91.56901272679299,-0.09613796513083865,8.453533225952656,-0.09482926748804438,0.23153942536992617,3.6320449949684474e-09,1.0898822378008444e-08
1.5e-07,-31.94879427804228,-0.20663166804645247,-1.1061025563157685,-0.09292569509080027,-30.745181035692028,-0.17732684184986305,2.257918432868969,-0.09343341934244406,78.12599061746273,3.6121373156682706e-09,1.0858155213548112e-08
1.525e-07,29.030069082823168,-0.1498489699409469,-5.509067788977114,-0.0914249420632227,31.168310855261822,-0.16127988744606564,-3.986236166927923,-0.09169703228040003,152.48932495000335,3.590701742795435e-09,1.0816402514804538e-08
1.55e-07,92.11954429958188,-0.05972296707550345,-11.19257886951939,-0.08926298262035236,89.79872646504187,-0.05083957687863176,-10.278180278021424,-0.08970359579728181,219.96048905881904,3.5700084727102616e-09,1.0775198208341869e-08
1.575e-07,140.22582746007686,0.12772933967090977,-16.273560067205185,-0.08696154328109629,141.25675144681162,0.1447474948204267,-16.61767779807602,-0.08755698761254593,277.4899399783068,3.550640039989547e-09,1.0735393246711216e-08
1.6e-07,184.4239382821107,0.40560599932704317,-25.6663282933983,-0.0843420289586337,182.53381369389317,0.41100910064517265,-23.004911922268796,-0.085370568515746,322.4774775387528,3.536408038944743e-09,1.0698716058227317e-08
1.625e-07,212.0960464790762,0.7822945351626873,-28.506533490591792,-0.08396441024267055,211.7601107187968,0.7299082268225365,-29.440387253437525,-0.08325408585617951,352.88976749256665,3.5305023967808435e-09,1.0670496882779033e-08
1.65e-07,229.95438871048682,1.117798683091502,-36.914193767473485,-0.08131380940422417,228.28986643220495,1.0817312570481699,-35.924830041862236,-0.08130165844708982,367.35224359175845,3.5338661693589797e-09,1.0659589059042796e-08
1.675e-07,231.09766215471188,1.4305779997324497,-41.80777564895752,-0.07866435540323516,232.6098305699274,1.44692636598752,-42.4590876874478,-0.07958350451299227,365.211234852049,3.547069756854947e-09,1.0677180677663333e-08
1.7000000000000001e-07,227.54859735224116,1.810130095847225,-51.325068569156684,-0.07774827320464651,226.09672916328296,1.8076396879832222,-49.04402863502569,-0.07814256392103112,346.563509992753,3.5703166428026662e-09,1.0734930198228193e-08
1.7250000000000002e-07,211.7701964787869,2.1337677804244284,-54.46892280342546,-0.07660371157253802,210.6740515427586,2.1487632017671965,-55.68044378059533,-0.0769956153063975,312.2519037110374,3.6034775818995223e-09,1.0842987803199488e-08
1.75e-07,187.03353927515099,2.4484907540612126,-63.8824769648797,-0.07537151477407887,188.43391240027077,2.4584039032906877,-62.36895048273093,-0.07613751424258806,263.8272224729984,3.6461439613754523e-09,1.100838685517274e-08
1.775e-07,163.83665183998087,2.719046653596335,-65.38280664563808,-0.07509338371245618,161.2931314250937,2.7277912551779955,-69.10990023935445,-0.07554691703177288,203.47815159304386,3.697689447660303e-09,1.1234076027768059e-08
1.8e-07,131.84549258981062,2.9528510292659784,-78.91932294310803,-0.07503141706809295,130.74364782216566,2.9507397227482404,-75.90329104594954,-0.0751921054274434,133.93233164197858,3.757329424304017e-09,1.1518619146812806e-08
1.825e-07,96.20447419301026,3.125995522958578,-83.20895573540876,-0.07312088706715991,97.73767733194413,3.122857616610752,-82.74868539752165,-0.07503600183417651,58.33307530486154,3.824169973109414e-09,1.1856410470384352e-08
1.85e-07,61.24662689183246,3.23236044938306,-92.05649188248208,-0.0753478636468183,62.72127696805877,3.2407293911617963,-89.64513483371655,-0.07503994306683494,-19.902703194093952,3.8972417628198124e-09,1.2238185943748987e-08
1.875e-07,24.18295390963436,3.298629537826161,-98.29555814427752,-0.07611893133731809,25.801107835612058,3.301290000264198,-96.5911118551029,-0.07516615270530821,-97.23892483311224,3.975518463712548e-09,1.2651651199541293e-08
1.9e-07,-14.948128470847,3.353789051129814,-102.61474862370034,-0.07599990374388658,-12.99655349607622,3.301559014725331,-103.58444995940056,-0.07537908894111373,-170.18016851192553,4.057923371113949e-09,1.308215238609426e-08
1.925e-07,-53.73463690485552,3.190963607637193,-112.40400911370516,-0.07671058402126775,-53.43342128562331,3.2388188073656443,-110.6222924601519,-0.07564596157341884,-235.4296561253818,4.143331010708022e-09,1.3513429165727187e-08
1.95e-07,-94.18735560154316,3.1525217993585684,-118.07542600957204,-0.07592371119128567,-94.79911720195616,3.1112209807864173,-117.7010506578053,-0.07593673847347603,-290.0382594260433,4.230572016668956e-09,1.392855812630557e-08
1.9750000000000001e-07,-137.5267998486925,2.880552219928182,-120.77716838906018,-0.07791907555717476,-135.7435668922862,2.9187071866214134,-124.81637183530812,-0.07622392859956505,-331.5377939049195,4.318449220498117e-09,1.431118485893975e-08
2e-07,-175.5234818991571,2.6647675200223455,-135.3774850658628,-0.07700710356347337,-174.24514976704594,2.6640530558992688,-131.96311744799567,-0.0764823606402806,-358.0525751104756,4.4057707164967975e-09,1.46470459605752e-08
2.025e-07,-209.46473937757554,2.3368232134775475,-139.59278603786396,-0.07701176867214587,-207.7326419806067,2.353801928114499,-139.13535177180643,-0.07668909313427298,-368.38419531434477,4.491402074775104e-09,1.4925622620332708e-08
2.05e-07,-231.7300399737004,1.977034197435335,-145.81684030305527,-0.07619471532425875,-233.34997667497007,1.9988568499852277,-146.32634116563415,-0.07682350843352057,-362.06568881151594,4.574335522443967e-09,1.514160223249501e-08
2.075e-07,-246.86186746792976,1.5937745785422508,-150.3977940192306,-0.07679464734004435,-248.32530247787423,1.6145454046013503,-153.52856399397922,-0.07686757051317586,-339.3826377067791,4.6537696276416125e-09,1.529573060846305e-08
2.1e-07,-248.68548676460443,1.1925278525388558,-161.32966304099793,-0.07755979425253996,-250.38476534103205,1.2200547669792594,-160.73373114601623,-0.07680617354246527,-301.36026425394476,4.729189622036798e-09,1.5394683688857288e-08
2.125e-07,-236.40016715325473,0.8400280066997341,-166.56744046776893,-0.07719168121235119,-238.14074282362017,0.8372396713256024,-167.93281697778735,-0.0766274791867807,-249.7170931447111,4.800436661786222e-09,1.544979912670135e-08
2.15e-07,-210.50921353067613,0.5051764959707611,-177.70729618428456,-0.07669846065534675,-211.3859578702764,0.4889152274255655,-175.11610039650367,-0.0763231371507228,-186.78727810619642,4.86775446058214e-09,1.5474839994606418e-08
2.175e-07,-171.7229892119181,0.18102689547625725,-181.19713852739937,-0.07466427781469986,-171.23881715314468,0.19684033821091293,-182.27321570089785,-0.07588830324052279,-115.41510346804259,4.931803890922158e-09,1.548330376397429e-08
2.2e-07,-122.7081691859743,-0.0508552737131467,-183.39330024288637,-0.07474662376074172,-120.10910066207416,-0.020340999756453402,-189.3932126902159,-0.07532140670859647,-38.8264289880042,4.993640039706142e-09,1.5486000136997534e-08
2.2250000000000001e-07,-60.24655676983345,-0.1354054682314061,-201.232608318319,-0.07554423828668111,-61.48265060123378,-0.14891526610576686,-196.46462545772712,-0.07462366588828152,39.51711166284476,5.05540706101108e-09,1.5489595056294844e-08
2.2500000000000002e-07,1.1539541758751164,-0.17574411207591634,-206.48780273558003,-0.07260599496635434,0.4461910198399037,-0.18141589252811038,-203.4755491934762,-0.07379839896911773,116.07456885887109,5.122748638879797e-09,1.549653747456535e-08
2.275e-07,59.76801156146564,-0.1253952648217168,-208.60607594213627,-0.07133140771325663,61.240244187547,-0.1172566170824885,-210.41372423627385,-0.07285021631134843,187.38571987914847,5.1938087811215335e-09,1.550633966274902e-08
2.3e-07,117.98330869012088,0.07011019625386272,-222.34851875338546,-0.06990577796131794,116.71285519336475,0.03739979764283427,-217.26662653742045,-0.07178420474856814,250.2274630944823,5.26672761474443e-09,1.551773602854931e-08
2.325e-07,164.22880815991763,0.22636692696042193,-223.9195904441783,-0.06969073498461559,163.37432459603673,0.2705033460879313,-224.02156362912862,-0.07060521860434248,301.7594948210711,5.341156411332151e-09,1.5530970322963613e-08
2.35e-07,199.07397309419488,0.5777533232901797,-230.05841490921765,-0.06934905938558744,198.76524717556532,0.5655658576453023,-230.6657751297132,-0.06931737595897913,339.6526845787945,5.422848731661345e-09,1.554945794162637e-08
2.375e-07,222.61559293387796,0.8997350377899815,-239.44260268512673,-0.06822448081337813,221.63030710278002,0.9034702081204228,-237.18653676594778,-0.06792382501521747,362.19434648478347,5.512846869662991e-09,1.5580327222602703e-08
2.4000000000000003e-07,231.3905832294502,1.2798351198229778,-243.8723840747742,-0.06484706242872634,231.91347717709937,1.2643677074735662,-243.57126685103913,-0.06642680030382286,368.36564875502427,5.611823933275335e-09,1.5633746384780044e-08
2.425e-07,229.95366991049005,1.6307828927532813,-247.95087448050748,-0.06657409692108776,230.5858389459139,1.629393199209608,-249.80763412486863,-0.06482794003558882,357.88766258081233,5.720072971488583e-09,1.5721328805330466e-08
2.45e-07,217.3618512798115,1.95579913286813,-247.39966301823233,-0.061449068843604335,219.3450353071775,1.981974139814601,-255.88366584180517,-0.06312879279770749,331.23396907569946,5.837528100354836e-09,1.5854141721097253e-08
2.475e-07,199.98227326510522,2.3002578576562147,-260.82476704840184,-0.05987648567977284,200.24581654358718,2.3085929071200253,-261.7878549807343,-0.061331411641702964,289.60925448764567,5.963809855097448e-09,1.6040864163764557e-08
2.5e-07,175.3106271661665,2.5986792221899635,-270.2630543292621,-0.058231454681268384,175.3307021790397,2.5989655115175903,-267.5092654521078,-0.05943892172696005,234.89486112405058,6.098284435499422e-09,1.628648191279993e-08
2.525e-07,145.76476127769348,2.864737313021047,-274.05079402164415,-0.057263887026442806,146.32687003774876,2.84570589734069,-273.03763418781006,-0.05745595606756748,169.56375496382998,6.240125901019643e-09,1.6591664933285743e-08
2.55e-07,114.15870136586527,3.0260677020011766,-278.4756774299331,-0.05659899603375905,114.46065139628294,3.0436340971054343,-278.3634690214005,-0.055388880942677486,96.56875322686967,6.388371735414589e-09,1.6952752101512753e-08
2.575e-07,80.82610365582472,3.141276158513272,-283.95741667037674,-0.05389565465293302,80.41722137780533,3.1889428465304492,-283.47814129865276,-0.05324577319442776,19.209063760121946,6.541965209188639e-09,1.736214239520364e-08
2.6e-07,45.198968175129906,3.2364900340447327,-285.53510797420586,-0.052081754051731106,44.44460421798511,3.278451142367947,-288.373972200994,-0.05103615853670621,-59.01883164377162,6.6997820020619954e-09,1.7808881859159904e-08
2.6250000000000003e-07,10.564862403766153,3.3052840688868472,-293.4886402242469,-0.04702863344915279,6.573166328908524,3.309142664527211,-293.0443118170976,-0.04877056461396794,-134.57921026098123,6.860642810395954e-09,1.8279315279695175e-08
2.65e-07,-35.34355194991256,3.2538031913555576,-295.8247360734327,-0.04641433802558465,-33.100561173315825,3.2781181302493376,-297.483610060032,-0.046459976792641355,-204.05691505169668,7.023317328941051e-09,1.8757788015417055e-08
2.675e-07,-74.78762573568626,3.163251252242377,-299.1106804373198,-0.044337931665532584,-74.12953666481077,3.182996619280338,-301.68747859848463,-0.04411530233226163,-264.3117119809882,7.186527355199543e-09,1.9227480107988434e-08
2.7e-07,-114.80525234712613,3.0709628674036646,-305.62383887582496,-0.041510274753760915,-115.49579685205116,3.022699418284054,-305.6527430500144,-0.041746946462401825,-312.62022144593345,7.348957359740173e-09,1.967148697396565e-08
2.725e-07,-156.73225066846692,2.795103270390205,-310.63501755440586,-0.03954858905182202,-155.50695205282275,2.798460081313698,-309.37748477136125,-0.039364582354243685,-346.79900883170626,7.509279570978237e-09,2.0074206440787162e-08
2.75e-07,-191.34310691514338,2.512348820999513,-317.09279953961385,-0.03712626584071218,-191.84099149565736,2.514843222492725,-312.8610716747465,-0.03697715990469567,-365.30327078384136,7.666197668038723e-09,2.042295829681018e-08
2.775e-07,-221.89541664725166,2.1869910391342176,-311.6140876646144,-0.03500417480342284,-221.74303750487783,2.1805339206944705,-316.1041775990163,-0.03459315234767886,-367.2966568018659,7.81850910494468e-09,2.0709591250942957e-08
2.8e-07,-240.75753151444923,1.8263433594434189,-319.64309526311604,-0.03336433763839341,-242.3487458388361,1.8086840748333788,-319.1087898694981,-0.032220993291823576,-352.68907037730446,7.965181664808252e-09,2.0931692829786003e-08
2.825e-07,-250.62222807258766,1.4414530996010844,-319.7276479548029,-0.030628414434828756,-251.0841847113118,1.4166679781659894,-321.8782047896133,-0.029869618304151326,-322.14074115068354,8.105435904335434e-09,2.1092987492456053e-08
2.85e-07,-247.74309845579478,1.0527121224372538,-324.2737103221723,-0.02694055000627,-246.0757823287199,1.0251955954470762,-324.4170109196241,-0.02754900167467229,-277.0323840353202,8.238822463815163e-09,2.120263828500806e-08
2.875e-07,-225.98311837623484,0.6422606623961038,-327.668850825471,-0.025796986166219674,-226.499331730429,0.6568417537759452,-326.73106011237667,-0.025270574908517487,-219.40279404754742,8.365282339561028e-09,2.1273449471157285e-08
2.9000000000000003e-07,-194.04915069854238,0.3383529674683545,-328.4502690590624,-0.022251581169119926,-192.80503136729362,0.33415331272404425,-328.8274263914819,-0.023047429748094882,-151.85669741491498,8.485179382598104e-09,2.1319320943145534e-08
2.925e-07,-147.13679190773706,0.08340170672451906,-331.9095449345266,-0.023212942631499207,-146.77482330290078,0.07757582286161295,-330.7143528729953,-0.020894242443508675,-77.44702388246296,8.599297375478299e-09,2.1352597571893786e-08
2.95e-07,-90.60435945559064,-0.09336337301055822,-335.1583344008495,-0.020050812674808353,-91.39555123376631,-0.0965181674384887,-332.40118704626775,-0.018826901718766508,0.4630787593317541,8.708798581146776e-09,2.1382057132845154e-08
2.975e-07,-30.5816749371064,-0.16474146561508832,-326.8421742379788,-0.01575670397934568,-30.56194773551305,-0.17742278425761998,-333.8983048421648,-0.016861872445363586,78.35225129577415,8.818732442733793e-09,2.1412121944342583e-08
3e-07,28.931857758868652,-0.19970625763697075,-334.33449033249207,-0.013253917856838401,31.34816523780823,-0.16108985717472252,-335.21702402627693,-0.015015371763690263,152.70008050526826,8.930149742775568e-09,2.1443498615100452e-08
3.025e-07,91.27527267556987,-0.04350735091686684,-343.37102264908464,-0.012739686548330286,89.96279611032486,-0.0503818611351672,-336.36950756003546,-0.013302466417176263,220.14621381989318,9.041141685582494e-09,2.1474981611057055e-08
3.05e-07,143.0555890813222,0.16384369559539064,-338.1368301835284,-0.010488959677156124,141.39470062682665,0.14543716893044295,-337.36865767283297,-0.01173621376742785,277.64223960894066,9.149872580413136e-09,2.150577761460006e-08
3.075e-07,183.0844927885596,0.4273107665971911,-338.2356738312615,-0.010004426499925105,182.63836589542515,0.4118818691649834,-338.22800148238935,-0.010326961962227163,322.5894684424744,9.26010293677848e-09,2.1537562887350184e-08
3.1e-07,214.16788600367352,0.7343724002008976,-336.4098491868382,-0.00863479105741961,211.82756369571206,0.7309074599411716,-338.9615690878162,-0.009081898289810464,352.9563879355633,9.374934602603154e-09,2.157562201608501e-08
3.125e-07,228.636546716723,1.0502442969940096,-337.2691389183684,-0.00715029276827002,228.32007663008193,1.082798190007032,-339.58376513928084,-0.008004893555182633,367.3704824817226,9.495246989763537e-09,2.1628765611760397e-08
3.15e-07,232.74349920957746,1.4269075861931102,-344.28287961316516,-0.006104796780933536,232.6057003215155,1.448005186391223,-340.1092349591076,-0.007096641637120545,365.1802678326895,9.621554289438813e-09,2.170813924780831e-08
3.1750000000000003e-07,224.29504743399517,1.8093638084149257,-342.54359191737166,-0.005772676990685721,226.063312654992,1.808681414993725,-340.55272635088124,-0.006355045819676632,346.48473670282317,9.754011313714365e-09,2.1825357926731875e-08
3.2e-07,209.87026047531452,2.1370117423701025,-338.37545155947475,-0.005848016824907611,210.61745631924222,2.149727939360557,-340.9289482850422,-0.005775765359814757,312.12888452385266,9.892447743223412e-09,2.1990527903204936e-08
3.225e-07,188.04439465418096,2.470645081310122,-334.4597117593525,-0.003854081765414608,188.3602015777188,2.459261358685614,-341.25242769104824,-0.00535281367468502,263.66551757566685,1.003642149579412e-08,2.221063974996755e-08
3.25e-07,160.67275299883062,2.7310632364469116,-340.4358017704692,-0.0022931122577812906,161.20742311505182,2.7285197286563827,-341.5373656170156,-0.005079097236774077,203.28506967867358,1.0185280323881985e-08,2.2488602506844947e-08
3.275e-07,133.7182951032001,2.925551508183085,-339.9031739217265,-0.0042953190380454545,130.64956446216894,2.9513240398287026,-341.7974940374915,-0.0049468019253970244,133.71659957339622,1.0338221148773263e-08,2.2822945287889486e-08
3.3e-07,95.04513830325139,3.129919094990685,-343.66753575967056,-0.0063615523175580245,97.63722689378997,3.123286640968335,-342.0459345984214,-0.004947567802618794,58.10444368027743,1.0494338890590405e-08,2.3208033700859488e-08
3.325e-07,63.098521545457615,3.200021673105757,-338.7212382493328,-0.004099426234413419,62.61516338094765,3.240993797859704,-342.295060585324,-0.005072437709772149,-20.133900745909035,1.0652660168740675e-08,2.3634581588298553e-08
3.35e-07,25.234595577111914,3.277017822897746,-338.4885462087581,-0.003191674050216634,25.689384883771478,3.301380897943428,-342.5563633861344,-0.00531161155743469,-97.46223870932509,1.0812161502347489e-08,2.4090279101147118e-08
3.375e-07,-11.865910728679825,3.299397717584464,-345.32897164682265,-0.007604536354908728,-13.113636925926695,3.301467800643259,-342.8403246942011,-0.005654078205365233,-170.3855054338817,1.0971775703326616e-08,2.4560463537774546e-08
3.4000000000000003e-07,-49.97631733333826,3.2597501171825622,-343.49318916223467,-0.005475427045092395,-53.55457433110936,3.2385383595804784,-343.1562956596744,-0.006087223084221704,-235.607735331825,1.1130393241007569e-08,2.502887258030404e-08
3.425e-07,-92.40314870350632,3.1055179644578628,-346.4127874124257,-0.005072163593850993,-94.92135019059926,3.1107479900044703,-343.5123841493039,-0.006596517382997035,-290.18103214238096,1.1286866870400426e-08,2.547858826875189e-08
3.4500000000000003e-07,-134.30792234168493,2.941032751196267,-344.32870297066836,-0.0064766871977721355,-135.8618820699662,2.918045163038072,-343.91535121580955,-0.007165382265611013,-331.6388071295096,1.1440027457747134e-08,2.5893269803756378e-08
3.475e-07,-172.05787963781592,2.6770806802265543,-350.2746634168982,-0.007462467847568876,-174.35267300300393,2.6632153644001524,-344.3705178089928,-0.00777529136573231,-358.10726327560405,1.1588716760435861e-08,2.6258676037305822e-08
3.5e-07,-206.37624713243338,2.3415169105820457,-345.5174437120939,-0.009459930723187215,-207.8212063310909,2.3528141437573957,-344.88168268215543,-0.008406132158050719,-368.3900866394892,1.1731839320348678e-08,2.6564318796364205e-08
3.525e-07,-232.27685414324992,1.9942903292019838,-346.62735889166856,-0.00971021562418152,-233.41108265504994,1.9977577982875927,-345.45105235983795,-0.009036799404004672,-362.0225170221962,1.1868431278756324e-08,2.6804923061546267e-08
3.55e-07,-251.20817512437614,1.6197462695490696,-351.0385236784647,-0.010125920536888027,-248.3513059733753,1.6133864470443564,-346.07918393711736,-0.009645950298831812,-339.29235406955775,1.1997739636681439e-08,2.6981276477744083e-08
3.575e-07,-254.09167999065312,1.21438652409934,-348.6010081227328,-0.010261620545711914,-250.37009580012017,1.2188971780651072,-346.764941377484,-0.01021281913699093,-301.2269493836202,1.2119302089730471e-08,2.7100097483128977e-08
3.6e-07,-238.13744628592676,0.8834105344763706,-354.15544409423654,-0.010661193166015253,-238.08294067599937,0.8361502796354446,-347.50546586655804,-0.010717975124553242,-249.54677256982455,1.2233015736464536e-08,2.7172763270996778e-08
3.625e-07,-213.05218595263068,0.49098841860861997,-344.368193973675,-0.010854646968888791,-211.2863438528721,0.4879608018075795,-348.2961606635003,-0.011143913132976312,-186.5876499288616,1.2339183099478517e-08,2.7213070898145747e-08
3.65e-07,-168.55804735107458,0.17195939090243023,-349.070431166618,-0.011027893991638957,-171.1026635204888,0.19608143637967312,-349.1306907719243,-0.011475392816459064,-115.19519042726168,1.243852606691998e-08,2.7234545568829842e-08
3.6750000000000003e-07,-116.23964542923781,-0.01586170881355249,-349.2022118706342,-0.010932092294142718,-119.9452552693103,-0.02085588205508543,-350.0009976284488,-0.011699482236973495,-38.59617065241375,1.2532162256820156e-08,2.724801998215563e-08
3.7e-07,-64.63655797584777,-0.15681354103284378,-350.52138008554203,-0.012434920412375249,-61.30265545019128,-0.14915442434037854,-350.8973288807893,-0.011805310884672555,39.74730814084476,1.2622318298333103e-08,2.726018159768437e-08
3.7250000000000003e-07,-1.3129345881042565,-0.1521671426060621,-353.78550243185936,-0.009696605487555061,0.6293608554762171,-0.18136735374094673,-351.80828319959016,-0.011783585220354026,116.29429912270282,1.2714671816116003e-08,2.7273503263480593e-08
3.75e-07,61.48161114676333,-0.1267937532895612,-352.75117250076994,-0.012072986169550829,61.41363209348043,-0.11692888902210505,-352.72086994010846,-0.011625959160911668,187.5850526212773,1.2807429340290665e-08,2.7287526582015625e-08
3.775e-07,115.46658553838617,0.04559411291817495,-357.642316195559,-0.011481449472739397,116.86494476373937,0.03797923965094543,-353.6205833425335,-0.01132437535700733,250.39738892890352,1.2898793077517129e-08,2.730102185260566e-08
3.8e-07,162.69165425656934,0.24873394628277895,-352.00735964910376,-0.012095060191826578,163.49621788214858,0.2712915644079743,-354.4914908342269,-0.010870496604251568,301.892333487043,1.2988496801143266e-08,2.7314274037832012e-08
3.825e-07,197.5035355978211,0.559581454135245,-350.15343671752333,-0.011625079389891874,198.8514286114996,0.5665093867186473,-355.3163348746211,-0.010255329716033238,339.74243207112727,1.3082339302129605e-08,2.733074187431939e-08
3.85e-07,221.0000394781953,0.8750027687661183,-356.22647281005004,-0.008673662158367694,221.67889391664394,0.9045106598320882,-356.076647664979,-0.009469109705260818,362.2369464212063,1.3181417455324337e-08,2.735759508187684e-08
3.875e-07,231.138754369439,1.3086707121045038,-356.51663930796207,-0.007823446972938481,231.9259447695777,1.2654472241479844,-356.7528779317346,-0.00850146629463475,368.3591757154239,1.3286455519880484e-08,2.7405037562202592e-08
3.9e-07,229.3544374723439,1.5802608133379494,-355.75536899016566,-0.005747184310677175,230.56629794739692,1.6304590047782712,-357.3245288847067,-0.00734184571828325,357.8324091318375,1.3397793763092845e-08,2.7484710251824812e-08
3.925e-07,217.84658498840804,1.9917898172511448,-358.98032793968497,-0.006311805516747543,219.29921029369046,1.9829816373731082,-357.7703063510567,-0.005980117156186103,331.132432547414,1.3515409085505058e-08,2.760769909492428e-08
3.9500000000000003e-07,199.63859200629483,2.299852095468178,-358.67584914146545,-0.005797473208599151,200.1799219139797,2.3095070555679977,-358.06827599332865,-0.004407262572348968,289.4660240999012,1.3638959869246825e-08,2.778269371021278e-08
3.975e-07,175.97275704829056,2.6197765763652994,-359.6936747690315,-0.004586149436078288,175.25042068710587,2.5997605332872755,-358.19602843610386,-0.0026160365146119637,234.71641056419128,1.376784471694658e-08,2.8014683894005273e-08
4e-07,143.70380412218563,2.844379746974273,-359.89988814833157,8.530647544590286e-05,146.2366125265537,2.8463636657644833,-358.1308510514649,-0.0006014905586952693,169.3581497907799,1.3901264143739744e-08,2.8304338699776847e-08
4.025e-07,117.8415640377285,3.0797403892815343,-359.16550888863065,0.001281321509456504,114.36321760305087,3.0441417728217,-357.8499050892697,0.0016387161129313437,96.34528632622138,1.403827565361813e-08,2.8647992366371194e-08
4.05e-07,80.99793631140389,3.216443389348395,-360.5511629151687,0.0038452149728986137,80.31390213548559,3.18929043868996,-357.3304067847731,0.004104258008524259,18.9778353268884,1.4177835643818857e-08,2.903803607860695e-08
4.075e-07,46.391155579567304,3.2859199945722417,-357.559006378267,0.0063120487162665875,44.335679546765874,3.2786296445278587,-356.5498110338916,0.006792327751677967,-59.24737061098871,1.431882561652536e-08,2.94635049992141e-08
4.1e-07,7.329431332095879,3.3236314788150656,-356.3744272381456,0.009695293816586443,6.458677443569458,3.30914326340726,-355.48599619578596,0.009698010387444696,-134.794730321313,1.446006443909926e-08,2.9910729826702574e-08
4.125e-07,-32.67178621175821,3.3069113355680604,-356.0207847880295,0.012520259773664905,-33.219941090310684,3.277932737309156,-354.11744856373514,0.012814760183660243,-204.2496751892225,1.4600312055308239e-08,3.0364038670022145e-08
4.15e-07,-72.07846083729426,3.1776482637196035,-351.2161136377322,0.015977668541861632,-74.251728263392,3.1826196772758473,-352.4234450386895,0.016134874959864882,-264.4729998764634,1.4738272403949865e-08,3.080659157325166e-08
4.175e-07,-115.07122470350352,3.0672971968213156,-352.862721960777,0.020553483150028796,-115.61681580526034,3.0221306435796356,-350.38423254551543,0.01964986515578485,-312.7427472537836,1.487260389040133e-08,3.122146196460211e-08
4.2e-07,-152.99039886854365,2.7633091825334213,-347.370969802755,0.024222667012222268,-155.6208141434698,2.797707572717855,-347.98120274975565,0.023350636414620738,-346.8772346644446,1.5001944456007463e-08,3.1593024505083296e-08
4.2250000000000003e-07,-190.70226624978304,2.5017857167324333,-343.1494095884768,0.027105930724455954,-191.9400750437631,2.513926242698082,-345.1970606626278,0.027227441513480315,-365.33366101197186,1.5124955330677673e-08,3.190857503022354e-08
4.25e-07,-223.42393188046933,2.188926312876239,-346.04125794164105,0.033679036572098045,-221.8188703183258,2.179484662000033,-342.0159857637322,0.03126960331733991,-367.2778378562848,1.5240383480997763e-08,3.215993698494276e-08
4.275e-07,-240.27387885346954,1.84193771416143,-340.720013748319,0.035716407350377,-242.39310202855015,1.8075478580995796,-338.42378432421276,0.03546505674034956,-352.6218928314955,1.534713834131868e-08,3.234466959574633e-08
4.3e-07,-252.51086633618235,1.3940406154465215,-333.2904534607729,0.04123365453602045,-251.09031419070755,1.4155015803655955,-334.40803167750465,0.03979979602146559,-322.02824127673443,1.544437447906072e-08,3.246646319590334e-08
4.325e-07,-248.05802271714617,1.0145737127820837,-333.2438982317439,0.043636772801738714,-246.03956411322446,1.024063714202518,-329.9582032597671,0.04425733690370135,-276.87964657133716,1.553156916446353e-08,3.253443765673164e-08
4.35e-07,-224.46097853419988,0.6523836465545994,-318.95117002270933,0.04756592577495112,-226.42014729448695,0.6558119419333718,-325.0657933270436,0.04881830715033821,-219.21672237907336,1.5608582942130928e-08,3.256134235574777e-08
4.375e-07,-192.42121593380966,0.3256431701718202,-314.8996303937796,0.054309362150599165,-192.6861957677022,0.333289994652694,-319.7244203504043,0.05346026229329068,-151.64570155762382,1.5675692474027833e-08,3.2561009508408765e-08
4.4e-07,-146.64000036045314,0.06855627625601048,-316.73342056819246,0.05660419668675148,-146.62348251729196,0.07693418674298631,-313.929918193038,0.05815778927571034,-77.22064036860073,1.5733588016256096e-08,3.2545704654894e-08
4.425e-07,-90.84190196105574,-0.09926052525809945,-306.55126193543595,0.06329460019584851,-91.22204192249691,-0.09689755402016623,-307.6804122836162,0.06288291457008637,0.6946179104780761,1.578333243672944e-08,3.2524117860035844e-08
4.4500000000000003e-07,-30.683826598052637,-0.13945207064396625,-306.1591811108807,0.06786474544777714,-30.37870507317593,-0.17751787547360842,-300.97638011732084,0.06760578340533174,78.57848104185955,1.5829884563761495e-08,3.250057992025942e-08
4.475e-07,34.509763843968805,-0.16000682993010173,-292.57389222113926,0.07215492613619183,31.52799058463185,-0.1608990009563504,-293.82069553875533,0.0722955316014004,152.91077577696024,1.587416103206664e-08,3.24757066351572e-08
4.5000000000000003e-07,88.10431942816167,-0.06527181152509823,-279.81719080819744,0.07742017240149889,90.12680260094633,-0.04992340090565198,-286.21865638848783,0.07692123908616298,220.3318516707301,1.5914139748388745e-08,3.2448205515505035e-08
4.525e-07,140.543557273335,0.13666255970720712,-275.32319703445864,0.08229730485508735,141.53256030924354,0.14612746025939105,-278.17799522616895,0.08145284014684831,277.7944296308158,1.594786938539394e-08,3.2417201075769367e-08
4.55e-07,180.90992098727315,0.3911482719519792,-271.02770276583095,0.08529975542833455,182.74281229831286,0.4127550964827532,-269.70887297689,0.08586187238666138,322.7013319929812,1.597901896653683e-08,3.2384290914208034e-08
4.575e-07,214.9785650957886,0.7074222589600824,-260.0495290688072,0.09071328698521497,211.89490535493155,0.731906978924278,-260.8238554826074,0.09012197327514176,353.02286903696825,1.601055352263235e-08,3.235468173253624e-08
4.6e-07,227.18004595840966,1.0860209247178687,-251.51592786840217,0.09524630503046543,228.35017995346612,1.0838652375678097,-251.537873075898,0.09420907599201964,367.38857633963806,1.6043232769653216e-08,3.233710407127061e-08
4.625e-07,232.46688546637674,1.4502935308683484,-240.78855358659592,0.09637306769617375,232.6014754526687,1.449083965303911,-241.8681634278949,0.09810130870110803,365.1491566459433,1.6077452291121694e-08,3.234261919873729e-08
4.65e-07,222.91280503524476,1.8232795368894028,-233.00817324783404,0.1011574783748919,226.02981855400665,1.8097229687645198,-231.83419805486963,0.10177865656706862,346.40582662620756,1.6113250526807854e-08,3.238275312975105e-08
4.675e-07,212.09337348588238,2.141637047732316,-215.3875834829954,0.10369125042457021,210.56080196267516,2.150692400367169,-221.45759299740996,0.1052224981777824,312.0057421131268,1.6150344169964843e-08,3.246751965266612e-08
4.7e-07,190.1895578177422,2.465826893887546,-212.00461855805872,0.10652717388372203,188.2864484780898,2.460118461644561,-210.76200431148123,0.10841517522739354,263.50370858736517,1.6188182673784856e-08,3.2603815766850416e-08
4.7250000000000003e-07,163.87849123573866,2.710916025430542,-199.8855885153821,0.11204805706518509,161.12168558153127,2.729247796520143,-199.773009130707,0.11133979898006098,203.09190751057886,1.6226010966112934e-08,3.2794458637496765e-08
4.75e-07,132.5968222071241,2.942570800411291,-187.33727315850757,0.11383577896822132,130.55546012429306,2.9519079137300923,-188.51797317305534,0.11398054776740157,133.50081471561563,1.6262929877320372e-08,3.3037889778285055e-08
4.775e-07,97.84662396970697,3.113639170339772,-179.65803599286642,0.11677251142300425,97.53675922256903,3.123715192921378,-177.02590567170475,0.1163237806009545,57.875789116980435,1.6297946042012256e-08,3.3328393439126684e-08
4.800000000000001e-07,63.852241465377354,3.202640542601515,-171.07670868948807,0.11722248003818407,62.50903328940745,3.2412577057057135,-165.32730280841287,0.11836039861192012,-20.36509034918158,1.6330006653787906e-08,3.365660967859343e-08
4.825e-07,23.92001477430949,3.30133614969062,-156.0771369373946,0.12020783962720642,25.577645439275976,3.3014712707367107,-153.45398081729655,0.12009003524645481,-97.68551410898837,1.6358018707789624e-08,3.401016336908207e-08
4.85e-07,-9.304308377703178,3.32049394479095,-141.2883480578111,0.12159443490598504,-13.23073496034591,3.3013760376293217,-141.4389000068709,0.1215278212747587,-170.59077509034103,1.6380856427111185e-08,3.43743359134266e-08
4.875e-07,-53.66227177633094,3.225417257766545,-129.07932877186343,0.12176503930430127,-53.67573591052439,3.2382573461778006,-129.31598101781145,0.1227145415135041,-235.78572152406457,1.63973636515429e-08,3.473281959012218e-08
4.9e-07,-92.46882882887785,3.0806978535133642,-119.77634776319469,0.12145175395564646,-95.04357997242244,3.110274432440259,-117.11991469260094,0.12373069488772175,-290.3236902998412,1.6406359475191618e-08,3.5068662959675226e-08
4.925e-07,-136.71854455777066,2.9570369544997015,-107.38315827721631,0.1263876512764281,-135.9801763432615,2.917382596284797,-104.88596698055004,0.12471371664876355,-331.73968942835137,1.6406655055597064e-08,3.536550525536248e-08
4.95e-07,-172.8871272150987,2.6543343383397664,-95.99826177144097,0.12560913640247667,-174.46015275339465,2.6623771864084964,-92.64978033724678,0.12587450698182082,-358.16181006565637,1.6397087335688963e-08,3.5609100213188065e-08
4.975e-07,-209.3155460899621,2.32771163796315,-79.70484318276704,0.1285488988676929,-207.909702066967,2.3518259679227764,-80.4471731009924,0.1275035050606519,-368.3958325300616,1.6376571818877943e-08,3.578896996714237e-08
5e-07,-232.06024859190853,1.99279252040279,-65.65994810240656,0.12998807512096802,-233.4720956012774,1.996658489083177,-68.31393834009181,0.1299482831150789,-361.97920231212055,1.6344172185888295e-08,3.589986460698946e-08
5.025000000000001e-07,-245.10390606714006,1.5856382043240815,-60.05803827497912,0.1320950514594531,-248.3771963786196,1.6122273999640868,-56.28564366384681,0.13353888501582303,-339.20193648508683,1.6299180259566408e-08,3.594260977650051e-08
5.05e-07,-250.1025819461966,1.2067652085738014,-48.638016954626735,0.1376348183480218,-250.35530090300426,1.2177396911443468,-44.39743347685262,0.13844668984422168,-301.0935155936666,1.6241196433120622e-08,3.5923971980497e-08
5.075e-07,-236.19644826550777,0.8432384469536844,-29.706623377399758,0.14344657441745576,-238.02501129332447,0.8350611899614221,-32.68383513079099,0.14450451407673412,-249.37635347782523,1.617019885314835e-08,3.5855383655049176e-08
5.1e-07,-208.53106422417454,0.4681868991261455,-19.000837332195236,0.15075271177198524,-211.18661239190507,0.4870068689778832,-21.17857039066594,0.1510867321897115,-186.38794808967984,1.608658979548043e-08,3.57507023707138e-08
5.125e-07,-171.19072689265028,0.2084609402768438,-9.72293492987557,0.1576356439389892,-170.9664136037551,0.1953231907322584,-9.914373583598541,0.157185342344098,-114.97523190924518,1.599120984667611e-08,3.562351907314797e-08
5.15e-07,-119.19123708635675,-0.050221768998124326,2.4903512430142167,0.16063527231351357,-119.78134422061315,-0.02136998812840663,1.0771822615945492,0.1617217613202847,-38.365897079665054,1.588531440352525e-08,3.54847395494974e-08
5.175e-07,-59.185805896165235,-0.15402917825441978,7.443188436009423,0.1638249251301367,-61.122631498103075,-0.14939274123326543,11.765850046284735,0.16392900324078585,39.97748892723697,1.577241152446033e-08,3.5341887309267307e-08
5.2e-07,-0.3211086410167314,-0.12295139362926064,20.73175420970833,0.16306645872350192,0.8125205164685703,-0.18131796896372182,22.12286284803006,0.16355245833039797,116.51398347538577,1.566818088816923e-08,3.520424016094451e-08
5.225e-07,57.98348772674684,-0.15175394199098977,32.58000291926047,0.1600298809498659,61.586973076478486,-0.11660036959033976,32.121076712943974,0.1607841260789824,187.78431130779697,1.5570604719420717e-08,3.5071196845201027e-08
5.250000000000001e-07,112.75490307520178,0.014704666996232789,37.61388444442254,0.15682144906719292,117.01695682187105,0.0385593667822944,41.73510102477425,0.15605797218691717,250.56721591040306,1.547765564546596e-08,3.4941387371927193e-08
5.275e-07,163.77183670695607,0.2544025722610146,52.38269780358236,0.1510908915535067,163.61801215708408,0.2720803227784526,50.94141558664544,0.14986387513194738,302.0250529707035,1.538885582976641e-08,3.4814959332955597e-08
5.3e-07,201.16498968884844,0.5593021210889952,52.978332184178385,0.14182059781491177,198.93750014957047,0.5674532879078753,59.7184736637242,0.14264099290440846,339.8320454385293,1.530975500245387e-08,3.469523541730911e-08
5.325e-07,222.55385800516225,0.9000069070182445,69.95569801299237,0.13535600783122723,221.72737050341192,0.9055513095815352,68.04679035301257,0.13473795541212336,362.2794033522195,1.5241212573928153e-08,3.4589248123849444e-08
5.35e-07,233.36190193800917,1.2653199549002818,74.64706827296489,0.12495452362375456,231.9383108319635,1.2665267737250108,75.90901576911041,0.1264110179613533,368.35255725345456,1.5183716427807084e-08,3.450706079656532e-08
5.375e-07,231.5411117365996,1.619134387338208,81.7789921934969,0.11881047879176278,230.54667047994215,1.631524698539974,83.28999266098083,0.11783885661884322,357.77701441629387,1.513737328967944e-08,3.446016959917916e-08
5.4e-07,219.14235556752845,1.9966473897839534,86.43332235783896,0.10755629254074951,219.25331696952745,1.983988905482556,90.17679820346511,0.10914182193903652,331.03076529328945,1.510193102660587e-08,3.4459512260970847e-08
5.425e-07,201.73280514390842,2.3304678078389487,97.56147921061157,0.09888402781226331,200.1139769670161,2.3104208854753057,96.55876983738999,0.10039966067590052,289.3226794355546,1.507682507625375e-08,3.451362891834951e-08
5.45e-07,173.94366095445872,2.5534183832944017,99.92081610722042,0.09182206818750302,175.17010403297076,2.600555172918077,102.42751516248065,0.09166546615504327,234.53786734201427,1.5061238655886785e-08,3.4627361539739316e-08
5.475e-07,145.7368798648702,2.8812267111230248,107.38824901549957,0.08264687211010294,146.1463305390235,2.8470210077520504,107.77690601681947,0.08297565665038958,169.15247775781205,1.5054165803266083e-08,3.4801235935957696e-08
5.5e-07,116.17972132691908,3.053032830721637,111.3023897678325,0.07451522774337718,114.26576520390675,3.0446489896782407,112.60305700417167,0.07435667013348575,96.12178138998239,1.505446767653658e-08,3.503145008748738e-08
5.525e-07,80.47359421642962,3.2083291181120432,118.0485308373238,0.06559523222867203,80.21056627220554,3.18963754480005,116.90428885503432,0.06582927704257413,18.74659940150602,1.5060915557561602e-08,3.531026757005276e-08
5.55e-07,45.74670968430513,3.2644786523503333,119.35636746818189,0.05640438822294943,44.22673830450287,3.278807634578418,120.68107712771867,0.05741130264334181,-59.475886188280874,1.5072218041605882e-08,3.5626605636871727e-08
5.575000000000001e-07,7.026416543337814,3.310109060217454,123.76791622749171,0.04966112270234013,6.344172620119124,3.3091433248186837,123.9359868711098,0.04911933385991304,-135.01019716682245,1.5087034158682675e-08,3.59666875250931e-08
5.6e-07,-34.387332646834786,3.272468157451465,123.77831926326407,0.041041522936272945,-33.33933320809343,3.2777467857941325,126.67359398000815,0.04096977261566117,-204.44235469221016,1.5103977831330568e-08,3.631474511266002e-08
5.625e-07,-76.71554483634307,3.1518416520942454,128.97985322333895,0.03486250317509817,-74.373923266136,3.1822421667865575,128.90039407621964,0.032979433527235015,-264.6341833621877,1.512162142401175e-08,3.66538544611231e-08
5.65e-07,-114.58669860549358,3.0020857633828877,131.7728594128158,0.024477642426811195,-115.7378233862209,3.0215613106261703,130.62469984297772,0.025165778549442394,-312.8651495957493,1.5138506724107508e-08,3.696701848540632e-08
5.675e-07,-158.15574934062795,2.777039297801073,133.83393794368712,0.01843148927538811,-155.73464449684144,2.7969545452858195,131.85652782608094,0.017546829183368175,-346.9553235555437,1.51531703897222e-08,3.7238555932850296e-08
5.7e-07,-193.82287895591858,2.5355016152811496,132.34923007261207,0.010722552741549932,-192.03910263554127,2.5130088196651137,132.60747579160005,0.010140785843985124,-365.3639070121589,1.5164187937026005e-08,3.7455721884624225e-08
5.725e-07,-221.36216941339478,2.2173266733122596,132.64115528908988,0.00348206400720796,-221.89462195645538,2.178435074946584,132.89059179654336,0.0029653995091715618,-367.25887391522963,1.517023626586657e-08,3.7610313682170876e-08
5.75e-07,-244.70048151218214,1.8269362392370208,134.7728222755958,-0.004814930874122003,-242.4373543541081,1.8064114650481196,132.7202361849307,-0.003962831437380934,-352.554576076148,1.517017029904107e-08,3.7699877239020056e-08
5.775e-07,-244.03769179470376,1.4151123082138275,132.9115721783205,-0.010360317074940133,-251.0963232665557,1.4143351876621246,132.1119377668985,-0.010629538850716533,-321.91561427113567,1.5163105378338405e-08,3.7728099290726973e-08
5.800000000000001e-07,-243.25410301756733,0.9871709118234115,130.55076849548894,-0.017589734642420005,-246.0032181855017,1.022932035900215,131.08224547237708,-0.01702331948052654,-276.7267997996529,1.5148494385382716e-08,3.770410217002847e-08
5.825e-07,-227.95046629824387,0.6632119757825305,125.75182876470113,-0.022949057029369828,-226.34083905517917,0.6547825306459162,129.64857679334227,-0.023136408457541047,-219.03056416730695,1.5126187689529033e-08,3.7640640535290574e-08
5.85e-07,-193.08040942226796,0.3410922836047102,126.82117060854225,-0.02835037201853146,-192.56725199764546,0.33242725626586406,127.82906433948017,-0.028965091251008743,-151.4346458330113,1.5096465204601064e-08,3.755155290512481e-08
5.875e-07,-150.70355525825372,0.0376210448940027,124.4655885269707,-0.034774635225469176,-146.4720597993131,0.07629327360701253,125.64240183131506,-0.03450978809003512,-76.99422636925773,1.5060032935208807e-08,3.744911242618208e-08
5.9e-07,-88.75417571902022,-0.11598356113360231,122.10136913438785,-0.039725847105149745,-91.04848490221623,-0.09727612415934737,123.10769084247956,-0.039774790297969674,0.9261567873989385,1.501798094257027e-08,3.734202035771747e-08
5.925e-07,-29.55300545251604,-0.1754770491256234,118.5862393047628,-0.04413872715723008,-30.195453164200593,-0.17761211531257218,120.24428957904352,-0.044767676844249406,78.80467976640249,1.4975319611832818e-08,3.723462572900056e-08
5.95e-07,31.653547520638046,-0.17975212883188924,117.06287764829071,-0.048757263793130036,31.70778678683765,-0.16070731912846303,117.0716649489381,-0.04949848317376868,153.1214106818984,1.4932987408597568e-08,3.7127572895711166e-08
5.975e-07,90.20925513039899,-0.06041559962934954,114.46303878003943,-0.05377904120912155,90.29074584630314,-0.04946419699737802,113.60924912885883,-0.053978725356831896,220.51740253803922,1.4889016622713192e-08,3.70196100386751e-08
6e-07,142.16180309097584,0.1786823266734434,114.55215406284219,-0.05751147711776236,141.67033043045336,0.14681836761913572,109.87630178011872,-0.05822039538252022,277.9465099838486,1.4841517544052431e-08,3.690991394027664e-08
6.025000000000001e-07,184.86755728149043,0.439448191982329,106.14472500234807,-0.0624243560989593,182.84715287045395,0.41362878114201657,105.89177899924805,-0.06223503584478847,322.8130681461146,1.4794252283378121e-08,3.6800143247035804e-08
6.05e-07,212.71653018998367,0.7101282222690501,100.33952353264351,-0.06566181154262966,211.96213569567686,0.7329067821685351,101.67421001438251,-0.0660329759347146,353.08921077053486,1.475023849301949e-08,3.6695570156292423e-08
6.075e-07,227.45600989073435,1.019715712139696,93.67941004689096,-0.07230416801253498,228.38017642834834,1.0849323980965493,97.24158255534095,-0.0696227706678084,367.4065251583623,1.4710308113074269e-08,3.6604990522148755e-08
6.1e-07,231.7152780626614,1.4240438612220652,90.29021138864323,-0.07139106711172064,232.59715600822582,1.4501627011597695,92.61123773457395,-0.07301083943741161,365.11790130409315,1.4674929963260136e-08,3.653952698246124e-08
6.125000000000001e-07,227.2161220949632,1.8434391815519513,91.54644182339365,-0.07602708849989712,225.99624691429983,1.8107643478714248,87.79977517869101,-0.07620125743428247,346.3267797940562,1.4644215303078173e-08,3.651076078140231e-08
6.15e-07,210.38671129588425,2.1587362434772857,81.70017291833906,-0.07847206770759095,210.50408852647027,2.1516565835493795,82.82296904699578,-0.0791956230986341,311.88247652747447,1.4617951777277135e-08,3.6528754228563414e-08
6.175e-07,190.4634736098573,2.4857955054763754,72.31390822891132,-0.08297464733075784,188.21265314629198,2.4609752111347283,77.69569546529928,-0.08199291355905904,263.3417955719705,1.4595656453444659e-08,3.660044672505013e-08
6.2e-07,159.12414621164584,2.751752784969271,75.86019642210942,-0.08405838963128462,161.03591885609512,2.729975457938829,72.43187179127324,-0.08458925167052173,202.8986651650154,1.4576637062547665e-08,3.672869274378784e-08
6.225e-07,130.4412429826238,2.9599017716235485,65.09676567583618,-0.08659426172388975,130.46133482573964,2.9524913438093785,67.0444080127486,-0.08697754238875294,133.2849771538325,1.4560050964700377e-08,3.691196682462424e-08
6.25e-07,93.76335746944629,3.1582667107990576,59.97884187790704,-0.08873254286526593,97.43627432388809,3.124143271995835,61.54517046373954,-0.08914698831222019,57.6471117052359,1.4544953622703592e-08,3.714458219934038e-08
6.275e-07,62.4667044971227,3.26509620710645,58.38859333459136,-0.09052029450769539,62.40288669326945,3.2415211143804186,55.94495792562229,-0.09108255686222928,-20.59627191263636,1.4530331986976577e-08,3.7417203511091996e-08
6.3e-07,23.601763930084275,3.313480259401989,55.10912861813914,-0.09147302423062421,25.465889503673154,3.3015611184739706,50.253490063911926,-0.0927645368759295,-97.90875094395771,1.4515122451076364e-08,3.7717475127310086e-08
6.325e-07,-14.808209542716929,3.2714963834569573,46.05475051247279,-0.09147391923003871,-13.347847588554341,3.301283725667585,44.47940803549664,-0.09416838524814122,-170.79597740026165,1.4498217095832072e-08,3.803069218350055e-08
6.350000000000001e-07,-51.908426800116295,3.214055188705285,38.42913732476451,-0.09519662990300001,-53.79690599803901,3.2379757673082405,38.630286988070296,-0.09526512419133774,-235.96361463183746,1.4478465017830068e-08,3.8340554572293214e-08
6.375e-07,-94.92557851100918,3.1082140285076827,30.758217222221795,-0.09635189376264469,-95.16580650379332,3.109800308425491,32.71266006386169,-0.09602260671392222,-290.46623384210864,1.4454677039904606e-08,3.8630112413192795e-08
6.4e-07,-139.5102792897961,2.909495218463945,29.184893112477763,-0.09799473289730447,-136.0984496518783,2.9167194868838293,26.7320534145757,-0.09640800699920067,-331.8404407616152,1.4425641730780573e-08,3.888300076895507e-08
6.425e-07,-176.21949725562874,2.6666161111121975,13.764160973222893,-0.0962398516794798,-174.56758894641754,2.661538522634336,20.693031634688353,-0.09639185754743317,-358.2162154590979,1.4390158473764868e-08,3.908496366827802e-08
6.45e-07,-208.28433527472842,2.3254174777459036,12.294396207196563,-0.09449205835124032,-207.99812911339905,2.3508374014882,14.599252926744754,-0.09595373532651395,-368.4014329837936,1.4347089718919761e-08,3.922550755123864e-08
6.475e-07,-235.66619411074643,1.9985683909904934,8.604697052099482,-0.09249407524918174,-233.5330154462713,1.995558923376929,8.453533225952572,-0.0950891749057118,-361.93574469838774,1.4295430199268582e-08,3.929935931861148e-08
6.5e-07,-250.20617358996085,1.6397273482088455,-1.000773485417326,-0.09454548507030623,-248.40297364443038,1.611068264434536,2.2579184328689266,-0.09381657026524033,-339.1113849890648,1.4234386609468058e-08,3.930731127241816e-08
6.525e-07,-250.84922526927875,1.2538841244262495,1.9909730263804617,-0.09042478002840822,-250.3403806278749,1.216582307288459,-3.9862361669279407,-0.0921820306964318,-300.95996293676217,1.4163457857108208e-08,3.925608300556361e-08
6.55e-07,-238.57968710545788,0.7877508337896212,-6.8985086625023175,-0.08952254678486085,-237.96695468706122,0.8339724032956622,-10.278180278021303,-0.09025996755861122,-249.2058359359909,1.4086594922649776e-08,3.915982530185193e-08
6.575000000000001e-07,-210.49505873123323,0.5177876632506637,-21.45856772591587,-0.08800682642385008,-211.08676353362546,0.4860534297772743,-16.6176777980762,-0.08814808668798949,-186.18817266748232,1.4006402625481842e-08,3.903391085093494e-08
6.6e-07,-170.3780859235367,0.21139922560899452,-23.762902403421386,-0.08715830552433097,-170.83006748066722,0.19456560190151084,-23.00491192226848,-0.08595728878524049,-114.75522800082551,1.3923573768185078e-08,3.88918439573453e-08
6.625e-07,-118.66548305651999,-0.0175177619564411,-31.46436525789257,-0.08583556794724795,-119.61736761740727,-0.021883317584799642,-29.440387253437216,-0.08379884326961629,-38.1356083606691,1.3839200204416862e-08,3.874442674399681e-08
6.65e-07,-59.783599974401,-0.15024607902616186,-40.28191356705516,-0.08181543419382997,-60.94257885896694,-0.14963021663909673,-35.92483004186191,-0.08177206769844024,40.20765393114968,1.3755525106821886e-08,3.8598314450504366e-08
6.675e-07,1.0427415122783887,-0.1796451420427526,-41.21435221508262,-0.08062248835043498,0.9956698890393589,-0.18126773827417197,-42.45908768744746,-0.07995523049547242,116.73362183019076,1.3678150421600085e-08,3.845595526270772e-08
6.7e-07,60.63691817490722,-0.11280731830418413,-53.57096795573072,-0.07746380619681852,61.76026703551531,-0.1162710590433064,-49.04402863502568,-0.07840097103330043,187.9834958600467,1.3605270888146977e-08,3.83168812323473e-08
6.725e-07,116.39606398013635,0.048426373192415974,-53.17782713151003,-0.07707363825211677,117.16889128984587,0.03914017866184172,-55.68044378059525,-0.07713604185837585,250.73694397193208,1.3535084879098538e-08,3.817987185364201e-08
6.75e-07,166.24823644736026,0.24760708059160785,-57.9822201705537,-0.07548704251547403,163.73970737275616,0.2728696207712529,-62.3689504827308,-0.07616422874980494,302.1576532196532,1.3467374053827826e-08,3.804523888114869e-08
6.775e-07,197.3091143926457,0.5295753825748323,-70.04177332880627,-0.0755700145754816,199.0234617736924,0.5683975607951166,-69.1099002393544,-0.07547102779305664,339.92152464562076,1.340792303287993e-08,3.791648033365769e-08
6.800000000000001e-07,219.57731225655724,0.8757967221411777,-77.00324622972965,-0.07564681676465072,221.77573687654132,0.906592157014031,-75.9032910459494,-0.07502885704215441,362.32171726106213,1.3357847711588601e-08,3.780081073728115e-08
6.825e-07,231.77345546489303,1.2566923668769578,-80.62688771346814,-0.07446206770328603,231.95057540084161,1.2676063559494521,-82.74868539752148,-0.07480197434891915,368.3457933717292,1.3317900526245634e-08,3.7708477983446286e-08
6.85e-07,234.6040970912478,1.6274953566028625,-93.62716884254827,-0.07586092845971118,230.52695659422557,1.6325902803559014,-89.64513483371638,-0.07475065782924269,357.72147845605167,1.3288459547328744e-08,3.7651162386033905e-08
6.875e-07,219.99780439751265,2.0051331997926183,-95.51261305404117,-0.07409448217791118,219.20735538951973,1.9849959441176703,-96.5911118551026,-0.07483448713370125,330.9289673534613,1.3269549427510303e-08,3.763998415106045e-08
6.900000000000001e-07,201.768369419044,2.312088388718131,-104.08095420235477,-0.07508331515509983,200.04798175266785,2.3113343969103735,-103.5844499594007,-0.0750147298185949,289.1792205511946,1.3260886405555174e-08,3.768366434940294e-08
6.925e-07,178.8346415570474,2.625950378137011,-110.54377469257179,-0.07337352980808387,175.0897522552214,2.601349430540079,-110.62229246015194,-0.07525591526218113,234.35923152799558,1.3261937024275916e-08,3.7787225241933966e-08
6.95e-07,148.132792831501,2.8247009201129747,-117.65742412307083,-0.07513097144724148,146.05602409940093,2.847677923457068,-117.70105065780531,-0.07552670552942183,168.9467389461272,1.3271979628763712e-08,3.795137323820997e-08
6.975e-07,112.67448847586444,3.0435030904057134,-125.87970608460762,-0.0745811578802677,114.16829420967406,3.045155747814605,-124.8163718353081,-0.07580017834366048,95.89823850638639,1.3290159091756869e-08,3.8172487696677776e-08
7e-07,79.00171714284976,3.161232839889186,-132.97942033878192,-0.07538116930681778,80.10721378980746,3.189984164954062,-131.96311744799576,-0.07605363982950361,18.51535607526308,1.3315528234456501e-08,3.8443014162432835e-08
7.025e-07,44.37390493761291,3.258646822688273,-136.14805786256167,-0.07674690014263437,44.117780490907236,3.2789851125442904,-139.13535177180637,-0.07626809064347834,-59.704378285437684,1.3347073451319606e-08,3.8752051736368974e-08
7.05e-07,4.1656095105442255,3.326718807082289,-146.2604234911517,-0.07582008012338926,6.229651863866299,3.3091428487063683,-146.326341165634,-0.07642747727379076,-135.22561071244175,1.3383726308971617e-08,3.908600447087758e-08
7.075e-07,-32.833910725451666,3.2776927793837696,-156.40611637565192,-0.07450748191725032,-33.45873750890064,3.2775602755694653,-153.52856399397908,-0.07651786537476876,-204.63495348459392,1.3424366545582371e-08,3.9429283267012475e-08
7.1e-07,-74.54857629495507,3.196480074765377,-162.69680642769478,-0.07482838102610168,-74.49612163839028,3.1818640876072073,-160.73373114601608,-0.07652666804050384,-264.79526237452365,1.34678242423495e-08,3.976514102277214e-08
7.125000000000001e-07,-118.91103883017836,2.997844103452408,-164.1661381619219,-0.07532749790992757,-115.85881954254681,3.0209914191631544,-167.93281697778752,-0.07644204473614914,-312.9874284235102,1.3512889517403711e-08,4.007675525070024e-08
7.15e-07,-158.64567460137897,2.779797957152111,-172.61024269094523,-0.0784587775955847,-155.8484430460023,2.7962009987195073,-175.1161003965038,-0.07625255519043464,-347.03327547417666,1.3558336781637053e-08,4.034861706338556e-08
7.175e-07,-192.02146407661036,2.496029377453775,-178.06087305654304,-0.07738835275560896,-192.1380741964452,2.51209095307502,-182.27321570089796,-0.07594710944460406,-365.394008772461,1.3602967628515431e-08,4.056815126795217e-08
7.2e-07,-220.89557830319137,2.172641340588515,-195.51932744747361,-0.0755487644731212,-221.97029234679604,2.177385159208335,-189.39321269021593,-0.07551520601571028,-367.23976498618754,1.364567235288057e-08,4.0727320982264564e-08
7.225e-07,-244.78623377688973,1.8003082356102291,-196.9074950638049,-0.07239947268368453,-242.48150275597092,1.8052748953558917,-196.46462545772687,-0.07494740220384931,-352.4871201378373,1.3685505669710134e-08,4.082383145606013e-08
7.25e-07,-249.2077345079896,1.3909111060841899,-200.74327242714185,-0.07468916888775652,-251.10221190242885,1.4131687997410773,-203.47554919347624,-0.07423592175218749,-321.80286017834925,1.3721768273196863e-08,4.0861518792503366e-08
7.275e-07,-246.8104800135874,1.024902549497825,-210.6673514907983,-0.07482504526337512,-245.96674453994729,1.0218005602381905,-210.41372423627385,-0.07337528195375695,-276.5738437806122,1.375408320504498e-08,4.084964079523884e-08
7.3e-07,-226.10843095672493,0.6451769745696943,-211.45355914970335,-0.07201164721639282,-226.26140704153119,0.6537535196278951,-217.26662653742045,-0.0723628189710915,-218.84431948574465,1.3782455139863348e-08,4.080107036803455e-08
7.325e-07,-189.97904817975507,0.2895815495845473,-224.30334539755543,-0.06915749063394032,-192.44820011987102,0.3315650973003676,-224.0215636291286,-0.0711990073238319,-151.22353032439887,1.3807301879959637e-08,4.0729745344957857e-08
7.350000000000001e-07,-146.5127605568193,0.09212772889374606,-229.30491173836083,-0.06911298276118415,-146.32055523978127,0.07565308322320156,-230.6657751297134,-0.06988750437626216,-76.76778197380841,1.3829450454735961e-08,4.064801980979533e-08
7.375e-07,-89.5968455826191,-0.07639927471079985,-235.79217675979416,-0.06827848016296109,-90.87488028218837,-0.09765387803875702,-237.1865367659479,-0.06843489728414595,1.1576952986903872,1.3850094771172635e-08,4.056466030775906e-08
7.4e-07,-29.27563718072299,-0.18286767232598508,-245.5214003284742,-0.0654213453997507,-30.012192124100395,-0.17770550389015627,-243.57126685103898,-0.06685018021062866,79.0308473801059,1.3874345750571469e-08,4.0484069560533e-08
7.425e-07,31.122453016456767,-0.1769272834389002,-248.6813766923981,-0.06730579073297713,31.88755373557116,-0.16051481171788817,-249.80763412486854,-0.06514403500212121,153.33198513692864,1.3903186300393e-08,4.040693807181027e-08
7.450000000000001e-07,93.25283474326173,-0.049633133333087075,-253.92204708304692,-0.062282884746681706,90.45462575586768,-0.04900424932701049,-255.88366584180534,-0.06332802106902898,220.70286634857226,1.3934700685727297e-08,4.033205533091028e-08
7.475e-07,142.9331459911928,0.12065588881181064,-257.75784618918277,-0.06012518939028711,141.80801092693886,0.14750989122066566,-261.7878549807344,-0.061413794348374975,278.09848060800283,1.3967035056368666e-08,4.025863512973902e-08
7.5e-07,184.02142615873393,0.38493109199357556,-267.98181710804954,-0.05850439405583616,182.95138757983443,0.41450292349160783,-267.5092654521078,-0.059412468587064116,322.9246768577597,1.4003997359103946e-08,4.018836719876364e-08
7.525e-07,211.29510089833454,0.7286719642024502,-275.6307389424663,-0.05674880333218729,212.02925471725794,0.733906870160822,-273.03763418781,-0.05733420607318696,353.1554131100729,1.4048591052359179e-08,4.012654587592692e-08
7.55e-07,229.8558721657786,1.0705052028571282,-284.26842382822775,-0.05626027871491877,228.41006608078544,1.085999672206494,-278.3634690214005,-0.0551880840753409,367.4243289308085,1.4101636158318066e-08,4.0081977010311836e-08
7.575000000000001e-07,232.5332709113891,1.4288366694759844,-283.7414851007955,-0.05377369857842042,232.5927420330665,1.4512413946746905,-283.4781412986529,-0.052982234929839514,365.0865018194776,1.4163575525260285e-08,4.006577885140925e-08
7.6e-07,225.4929641773322,1.7759568699268387,-287.9261065379854,-0.051214280889230114,225.9625977898578,1.8118055530982333,-288.373972200994,-0.050724210541562245,346.2475962375778,1.423448135767925e-08,4.0089513280563124e-08
7.625e-07,211.08030231881287,2.1542386594502987,-291.96436479475943,-0.04907569281559935,210.44731606402735,2.152620489715968,-293.0443118170974,-0.048421484356990854,311.75908781556245,1.431409019518261e-08,4.016320937061499e-08
7.65e-07,186.8412699306558,2.44056945568618,-293.0601755826554,-0.046802258546621005,188.13881562720394,2.4618316079421176,-297.4836100600319,-0.04608198223278401,263.1797785934092,1.4401857029523763e-08,4.0293761715479205e-08
7.675000000000001e-07,160.15086304580865,2.724433536736493,-300.8340943620448,-0.04424955780295999,160.9501229702648,2.730702713627296,-301.68747859848474,-0.04371453176291687,202.70534271827003,1.4497017658245226e-08,4.0483971180624966e-08
7.7e-07,128.31275509725967,2.9450315501922404,-308.07526767278125,-0.042745442012544,130.36718858366473,2.95307433066533,-305.6527430500145,-0.04132913768671583,133.06908697324633,1.4598648790170015e-08,4.0732252469166995e-08
7.725e-07,96.42799873751683,3.115964161562775,-309.7921098503004,-0.039521085939045277,97.3357722033345,3.1245708786365927,-309.37748477136137,-0.03893702555602411,57.41841153532979,1.4705717682658442e-08,4.1032854740914675e-08
7.75e-07,61.76765557423866,3.2822365930134016,-308.59055313083496,-0.03634893342426863,62.29672359235882,3.2417840241470213,-312.8610716747465,-0.036550440521980816,-20.827445345006556,1.4817116714300137e-08,4.1376375718170645e-08
7.775e-07,22.441734349222866,3.2984360513435926,-315.80673848440483,-0.03444226592345186,25.354117078529285,3.301650441220488,-316.1041775990162,-0.034182234742356,-98.13194912610527,1.4931682552699555e-08,4.175039101244362e-08
7.8e-07,-16.41835231451363,3.304436504392752,-321.1190343012702,-0.03223418706836163,-13.464974799736822,3.301190864621403,-319.1087898694982,-0.031845317012244516,-171.00111228263532,1.5048203633916396e-08,4.2140126152233313e-08
7.825e-07,-54.76591917856827,3.2205159271078467,-319.8136194681793,-0.029343989334776704,-53.918084567765504,3.237693622640941,-321.87820478961333,-0.02955206448596127,-236.14141458490815,1.5165422743917654e-08,4.252921180743925e-08
7.85e-07,-93.30598994322301,3.0939613168061313,-320.76563785260873,-0.02693695545165081,-95.2880297410197,3.1093256174531816,-324.41701091962403,-0.027313803997810485,-290.6086627129071,1.5282042989163502e-08,4.2900630833121215e-08
7.875e-07,-137.13991991310334,2.923896409219714,-320.55000430568,-0.023761334099388135,-136.21670193548724,2.9160558341785796,-326.7310601123766,-0.025140458085917163,-331.9410610895306,1.5396745067535635e-08,4.32379547262006e-08
7.900000000000001e-07,-172.3549693017003,2.646081188536034,-331.02158622723374,-0.025506438508667174,-174.67498151024986,2.6606993723042645,-328.82742639148177,-0.023040420585459326,-358.27047943445064,1.550822155896438e-08,4.352686914581977e-08
7.925e-07,-209.40560150593754,2.359454569912425,-329.6316842077048,-0.022352702314648084,-208.08648739556062,2.349848443600218,-330.7143528729952,-0.02102068402678597,-368.40688799847436,1.5615230346779684e-08,4.3756828091757747e-08
7.95e-07,-234.55408153598736,1.9747789714861168,-330.84107120486954,-0.017048919359659156,-233.59384212268623,1.9944591002740446,-332.40118704626775,-0.01908719375006958,-361.8921441981549,1.5716664926431086e-08,4.392251149539541e-08
7.975e-07,-247.45791859469347,1.6328963697441838,-333.5515855345999,-0.01690576385276477,-248.42863772170153,1.60990903955814,-333.89830484216475,-0.01724536020990999,-339.0206996172385,1.581163507820635e-08,4.402466841130058e-08
8e-07,-248.58681237073918,1.2277757851303295,-331.66300512051976,-0.016171887659798843,-250.32533495301485,1.215425025634435,-335.21702402627693,-0.01550062930884179,-300.8262914656306,1.5899547996775294e-08,4.406997624960736e-08
8.025e-07,-238.1661577535627,0.8317762979746791,-338.397057386079,-0.014588773970547888,-237.90877086877822,0.8328839188460255,-336.3695075600354,-0.013858996603880213,-249.03522001163535,1.5980178156607378e-08,4.4069759789124696e-08
8.05e-07,-210.47709611645124,0.5044876724206013,-335.6601277224661,-0.011870850290273066,-210.98679732439342,0.48510048351769774,-337.36865767283297,-0.012327357576164056,-185.9883237411474,1.605371435077873e-08,4.403774645535768e-08
8.075e-07,-168.27361241211182,0.2166435530303395,-341.8637123461893,-0.012862057213104287,-170.6936252290387,0.19380866933078558,-338.22800148238935,-0.010913611915678377,-114.53517878886167,1.6120774526603345e-08,4.398737451557015e-08
8.1e-07,-120.94988827345986,-0.014024013298728088,-337.18620890621474,-0.00897213464511724,-119.45332556117006,-0.02239587082914027,-338.9615690878162,-0.00962648055510155,-37.90530458633892,1.618238294944642e-08,4.392937897374283e-08
8.125000000000001e-07,-60.89659437827549,-0.16157704259608635,-344.2183042587974,-0.009303522518566055,-60.76249764679612,-0.1498668507984614,-339.5837651392809,-0.008475042897711893,40.43780306172258,1.6240741449097464e-08,4.387035058227344e-08
8.15e-07,1.9444304031140525,-0.19406701215465655,-338.74497594954687,-0.006331742976595398,1.178808859439025,-0.18121666174376447,-340.1092349591076,-0.007468049793405688,116.95321410041804,1.6301369286297252e-08,4.3812679977083795e-08
8.175e-07,58.49527443516847,-0.09929782453484273,-340.45150088441517,-0.006577412795539574,61.93351386961136,-0.11594095728298195,-340.55272635088124,-0.006613106890745178,188.18260619938715,1.6362414681204606e-08,4.3755852087916253e-08
8.2e-07,118.79805230143188,0.09902174659500766,-341.49168683719375,-0.0029036646339364713,117.32074808983401,0.03972167555288086,-340.9289482850423,-0.0059158461337984955,250.90657304648653,1.6422037322704652e-08,4.3698611257749186e-08
8.225000000000001e-07,165.74659203403297,0.26811902931292986,-341.05235435644346,-0.00574754483583024,163.8613034811803,0.2736594588055626,-341.2524276910482,-0.0053792063393909685,302.29013418155114,1.64800095649829e-08,4.364124522845478e-08
8.25e-07,199.20955808685972,0.5440642063525752,-341.35436870533897,-0.004137946066792172,199.1093134678757,0.5693422059402217,-341.5373656170155,-0.0050029264478940955,340.0108696570785,1.6542078739843835e-08,4.358723635352355e-08
8.275e-07,226.138957348604,0.8832910764470295,-341.3909402370188,-0.003638935699250638,221.8239930495664,0.9076332028083546,-341.79749403749145,-0.004783320259240675,362.3638881310284,1.66093428989986e-08,4.354378814268232e-08
8.3e-07,233.26376063490795,1.2745291842273696,-341.39269085628393,-0.006983197185274843,231.9627385128521,1.2686859715907026,-342.0459345984214,-0.00471335539113053,368.3388840729181,1.668254371950298e-08,4.352113875606052e-08
8.325e-07,228.7998335209084,1.6465708343006662,-343.56296665168696,-0.004772974103703856,230.5071563409495,1.633655751051479,-342.29506058532394,-0.004783009959172753,357.66580127303564,1.6762055557727215e-08,4.353095798958087e-08
8.35e-07,222.19362368739482,2.0096932258706905,-338.88166664419555,-0.004740937269528548,219.16132560849698,1.9860027541202205,-342.5563633861344,-0.0049798367417231175,330.82703876811655,1.6847906309413972e-08,4.35843543355628e-08
8.375e-07,202.03148968139018,2.3427641594571025,-343.0692596814558,-0.005537435844809898,199.98193632088402,2.312247590688571,-342.8403246942012,-0.005289633958881178,289.0356475034596,1.6939822265594805e-08,4.3690036964225806e-08
8.4e-07,173.57048939988323,2.587342674639608,-349.1645040472209,-0.005583544096427796,175.00936539241584,2.6021433068993534,-343.1562956596743,-0.005697109546638388,234.18050319266987,1.7037286616827422e-08,4.385301782724947e-08
8.425e-07,142.09689571167385,2.8354514229399905,-342.0820058590648,-0.0073092602952386475,145.96569323188515,2.848334413516254,-343.51238414930384,-0.006186433894431729,168.74093343694773,1.713960067252055e-08,4.407399643443891e-08
8.450000000000001e-07,111.88570362640912,3.093556294631929,-339.53495883734234,-0.007409944273169082,114.07080463114299,3.045662047724141,-343.91535121580927,-0.0067416027526456005,95.674657763682,1.724593824855686e-08,4.434934997970601e-08
8.475e-07,78.31042700686085,3.2279652398491754,-340.5754173670487,-0.008739871848874231,80.00384469011664,3.190330299476984,-344.37051780899276,-0.007346572388578415,18.28410543944818,1.7355386702236456e-08,4.4671527219057976e-08
8.5e-07,43.51171130318388,3.3283175593622807,-347.4798910949757,-0.007945932413695818,44.00880610570229,3.2791620785682896,-344.8816826821553,-0.007985175632668626,-59.93284681224632,1.746697213600249e-08,4.5029635921962454e-08
8.525e-07,6.334936227415456,3.3042071768676786,-348.17684187023457,-0.007849693826151485,6.115115180146138,3.309141835029532,-345.4510523598379,-0.008640871684435298,-135.4409708731291,1.7579670552780663e-08,4.541009411084045e-08
8.55e-07,-34.45694795908172,3.225463032156297,-342.9889097730597,-0.008875468360060281,-33.578153974923154,3.2773732064216383,-346.0791839371173,-0.009296416359996257,-204.82747149034103,1.7692410399402278e-08,4.5797331904164115e-08
8.575e-07,-73.97746599538358,3.2244373861416418,-350.844839373672,-0.010244550379830682,-74.61832334545684,3.181485439373511,-346.7649413774838,-0.009933556680793855,-264.95623684988726,1.7804074275555338e-08,4.6174626918953034e-08
8.6e-07,-116.65116757228101,2.9950897946697355,-343.3566073999702,-0.011497139888478343,-115.9798042217949,3.0204209687062895,-347.505465866558,-0.010532851155766553,-313.10958368878835,1.7913508159175596e-08,4.652518742048364e-08
8.625e-07,-154.15139819936928,2.803164109803907,-347.4517230456011,-0.012270453597710269,-155.96220972397563,2.795446932450965,-348.2961606635002,-0.011073695207013958,-347.1110903895667,1.8019545183338653e-08,4.6833541827196716e-08
8.65e-07,-193.6811726373444,2.5058680113505822,-347.5695308051877,-0.011401705144597929,-192.2369896519254,2.5111726423146337,-349.1306907719243,-0.011534593850401838,-365.42396628099584,1.8121048028417855e-08,4.7087158834136044e-08
8.675000000000001e-07,-219.78464446159006,2.126815924252284,-346.5440121068728,-0.010220683805113453,-222.04588141690124,2.176334914163978,-350.00099762844866,-0.011893677693787937,-367.22051107670217,1.8216969914342725e-08,4.72780510733515e-08
8.7e-07,-243.62866015392427,1.8282143098379853,-347.27623958044813,-0.012631343938991086,-242.52554717465307,1.8041381484260397,-350.8973288807892,-0.012129411885551552,-352.41952504319386,1.830642975430703e-08,4.740397671453346e-08
8.725e-07,-254.18287448706926,1.4182610265434314,-351.1312977768972,-0.011820409725722087,-251.10798006198087,1.4120024160559408,-351.80828319959005,-0.01222140927307855,-321.68997904289,1.838879310364412e-08,4.746882484262742e-08
8.75e-07,-249.88189756112146,1.0298283041070226,-353.4550899624214,-0.011120241176205501,-245.93014317105494,1.0206692867380474,-352.72086994010834,-0.012151235747709786,-276.42077857459816,1.84637478710832e-08,4.748190247484345e-08
8.775000000000001e-07,-228.00699324184208,0.662219543742347,-355.3139878567488,-0.012620097323790316,-226.18185128266987,0.6527249084789158,-353.6205833425335,-0.011903091921704372,-218.65798840791084,1.853136290471153e-08,4.745612464272454e-08
8.8e-07,-195.0970570385523,0.3087237062091244,-360.17057543813183,-0.010526888481990399,-192.32904019721863,0.33070351743660176,-354.49149083422685,-0.011464271807320505,-151.0123551151268,1.859211875565963e-08,4.7405462441580346e-08
8.825e-07,-143.53028800719278,0.08209656188985974,-360.0944090334287,-0.011567048049130602,-146.16896892959565,0.07501361535024693,-355.31633487462096,-0.010825333320666288,-76.54130727165453,1.864690303075222e-08,4.734229473675822e-08
8.85e-07,-90.45508075546674,-0.12072293878833691,-351.1230567802021,-0.010182569908935627,-90.70122817172333,-0.09803081582710382,-356.0766476649789,-0.009979961334050156,1.3892333529394478,1.869696730012148e-08,4.7275406848632306e-08
8.875e-07,-28.062109386588467,-0.13170595376214872,-358.8797533650186,-0.008833749872236705,-29.828922068391833,-0.17779804130906085,-356.7528779317345,-0.008924553651942746,79.25698379368237,1.8747490522090144e-08,4.720921798299035e-08
8.900000000000001e-07,31.390282256377738,-0.14948173773981585,-358.7260929533255,-0.007227847525630716,32.06729132201707,-0.16032147876703698,-357.3245288847066,-0.0076576050187793475,153.54249905892416,1.879948065145495e-08,4.7144436457747314e-08
8.925e-07,88.99052673728359,-0.046939742013852974,-357.4286274278517,-0.008491977083222258,90.61844223917205,-0.04854355788057384,-357.77030635105655,-0.006178996227760959,220.88824302910683,1.8851066772326917e-08,4.707987310305704e-08
8.95e-07,142.0210278430125,0.1381849451460493,-357.36392046117396,-0.003167691564706967,141.9456017352646,0.14820203113237307,-358.0682759933285,-0.004489309005266221,278.25034144327947,1.8900435120642787e-08,4.701476653738941e-08
8.975e-07,185.1211616276181,0.39181008528980454,-360.0309164262974,-0.0016820350612476213,183.0555163945383,0.41537752365344977,-358.19602843610375,-0.0025892802585788547,323.03615808385666,1.8951454134151776e-08,4.6950832531003844e-08
9.000000000000001e-07,213.92464348270389,0.7023355134733469,-356.99030952375904,-0.0012022158211800024,212.09626241907242,0.7349072430751293,-358.1308510514648,-0.0004794827944193227,353.2214760294483,1.9007137026229057e-08,4.68933889554067e-08
9.025e-07,226.78764619049838,1.0982500090943543,-357.50827813717103,0.001313644831645313,228.4398489369049,1.0870670601198216,-357.8499050892696,0.001839721539370529,367.44198764994917,1.906832409189557e-08,4.6851258735267456e-08
9.05e-07,234.1833061816477,1.3947127685390586,-355.2582912360724,0.004996589988783168,232.58823357211304,1.4523200461109382,-357.33040678477306,0.004367958864212002,365.0549582044933,1.913547142025548e-08,4.683556770988439e-08
9.075e-07,226.0132553027426,1.8179878219603118,-361.4333014721025,0.007536334738696347,225.92887123467784,1.8128465847341035,-356.5498110338916,0.007104400309339954,346.16827598803195,1.9208657154470695e-08,4.685787444962192e-08
9.1e-07,210.9953984270081,2.1621836926666864,-352.92842751190204,0.010605501725684828,210.39048462872708,2.15358411916443,-355.485996195786,0.010047186723276869,311.6355760260985,1.9287616229838662e-08,4.692819406554666e-08
9.125e-07,188.02076853523664,2.451446189847728,-354.5096365190196,0.013588127105140761,188.0649359656614,2.4626876523502115,-354.11744856373497,0.013192830345673314,263.0176577156338,1.9371794275710958e-08,4.705339797342895e-08
9.15e-07,164.74538803672755,2.7361531244608277,-353.45480811739264,0.01805606844037535,160.8642979555187,2.731429563831381,-352.4234450386894,0.016535704554762224,202.51194024666776,1.946040978161063e-08,4.7236256536232646e-08
9.175e-07,129.79798092035136,2.9516207212469543,-350.7574466471207,0.02033479691092244,130.27302141518788,2.953656874485012,-350.3842325455153,0.02006771468988099,132.85314425909448,1.955251405017214e-08,4.747514832431468e-08
9.2e-07,96.39212246264411,3.100182318339998,-352.27870226652635,0.024383900789654123,97.23525286645754,3.124998012957207,-347.98120274975577,0.023778208325081682,57.18968869754155,1.9647040728694874e-08,4.7764281863822514e-08
9.225000000000001e-07,62.87846596969753,3.242571077844321,-344.0417029127176,0.026204422554256864,62.19054398648456,3.242046435040899,-345.19706066262773,0.027654138618387412,-21.05861055503902,1.9742840337455066e-08,4.809421028717691e-08
9.25e-07,20.527843482096692,3.3085264826882943,-342.8590504743084,0.03256353432241311,25.24232816542589,3.3017392389414972,-342.01598576373226,0.031680447654387135,-98.35510856731094,1.9838699469109944e-08,4.8452460865268995e-08
9.275e-07,-12.429211246887022,3.3222854813085885,-337.102991118639,0.035598139125053295,-13.582116583044908,3.3010974544073144,-338.4237843242129,0.03584059653038569,-171.20617965647799,1.993334838814725e-08,4.88242072538573e-08
9.3e-07,-54.24557276601034,3.2072993553972555,-333.36446378116995,0.040634601543342676,-54.03927159377895,3.2374109120771406,-334.40803167750465,0.04011714259903321,-236.31912131309016,2.0025463828726277e-08,4.919302523976488e-08
9.325000000000001e-07,-97.67651029750675,3.0933444497564073,-329.9252386021381,0.04468011837553596,-95.41024964036157,3.10885035945084,-329.95820325976695,0.04449225654941298,-290.7509768560063,2.0113675280248162e-08,4.954184070502975e-08
9.35e-07,-134.09657515415518,2.982262168807597,-326.5097651585205,0.049264643007533776,-136.33493313370988,2.9153916381668687,-325.06579332704354,0.04894808428569211,-332.0415503723709,2.019658266792804e-08,4.985416723786029e-08
9.375e-07,-173.50001636612842,2.657754768508372,-319.92778923599855,0.05382541383352125,-174.78233037304827,2.6598597355260085,-319.7244203504045,0.053466888621891334,-358.32460197029195,2.0272791138321726e-08,5.011563263938576e-08
9.4e-07,-204.68818228311713,2.371495575789449,-315.2486178295314,0.059939194949129325,-208.17477683862444,2.3488590945044914,-313.92991819303825,0.05803094819541988,-368.4121975719499,2.0340965047581883e-08,5.031563340567401e-08
9.425e-07,-236.79932542153057,2.013544239786101,-306.44112959810775,0.0638820797418144,-233.65457556321618,1.9933590201685671,-307.68041228361636,0.06262223799938176,-361.8484008286352,2.039989889425791e-08,5.0448791519944015e-08
9.450000000000001e-07,-247.83801903092515,1.6080148531660634,-298.36078888381815,0.06781066458768897,-248.45418856139452,1.6087497258663557,-300.97638011732096,0.06722195896300062,-338.92988040540905,2.0448598659357542e-08,5.051579565067545e-08
9.475e-07,-252.25998339872112,1.2063384246339608,-295.1501560434829,0.07240145644098989,-250.3101638567968,1.2142678468176604,-293.8206955387554,0.0718100151659853,-300.6925012330434,2.0486363635785444e-08,5.052325758439914e-08
9.5e-07,-241.62460537287868,0.8435585687122272,-284.01652520045633,0.07634616204567342,-237.8504598501482,0.8317957372966013,-286.21865638848794,0.07636455076318446,-248.86450577212273,2.051285702034407e-08,5.048242847778991e-08
9.525e-07,-209.02846643370705,0.495118589374324,-275.6574675200178,0.08075169511781939,-210.8867138106588,0.48414803086171654,-278.17799522616906,0.08086165191132194,-185.7884013895678,2.0528153705508177e-08,5.0406952470550824e-08
9.55e-07,-167.8055188367435,0.2386419899152315,-268.7730689635581,0.08545711367524765,-170.5570869267577,0.1930523935860962,-269.7088729768901,0.08527529303695353,-114.31508436022314,2.053275589930184e-08,5.0310175183136085e-08
9.575e-07,-115.13502012195777,-0.02860934417305965,-261.1788625332372,0.0899800806762071,-119.28921815343016,-0.022907647461927076,-260.8238554826077,0.0895775663944134,-37.67498584759479,2.0527571113353307e-08,5.020273217572239e-08
9.600000000000001e-07,-64.94706567315576,-0.1465946172735549,-247.8258869501319,0.09258403730697384,-60.58238797562978,-0.15010264353367417,-251.53787307589766,0.09373918671997145,40.667936228086056,2.0514703300997704e-08,5.009111230046476e-08
9.625e-07,-3.4026375179942505,-0.18218334550517895,-244.29377855961698,0.09720962783259135,1.3619373139241109,-0.18116473944992778,-241.8681634278948,0.0977302184442931,117.17276019936358,2.0499526215426584e-08,4.997760680354573e-08
9.65e-07,62.62267682007986,-0.11376085741103517,-228.18204971095295,0.10181247374840684,62.10671347785231,-0.11561006464997113,-231.8341980548695,0.1015209415189653,188.38164224721487,2.0480073411741355e-08,4.986160791920301e-08
9.675e-07,117.82181048142381,0.04181876538278634,-221.1371412096395,0.10585473162012088,117.47252714409213,0.040303856869289646,-221.45759299741016,0.10508276308103642,251.07610306710336,2.0454393539801943e-08,4.9741776255699756e-08
9.7e-07,159.22875966581915,0.24196582175187925,-208.80501412702534,0.10856634960529392,163.9828004344559,0.27444983608989393,-210.76200431148118,0.10838910424214511,302.4224958040885,2.0422174239794857e-08,4.961832470261353e-08
9.725e-07,197.59995797462918,0.5600284283984746,-196.74817037366353,0.10942728029570097,199.19505521622312,0.5702872224027463,-199.77300913070718,0.11141625111984355,340.1000804376287,2.0389048177055588e-08,4.949466763548516e-08
9.75e-07,223.2468859446693,0.9367032609508636,-188.49316641435692,0.11475829172093822,221.87213903610504,0.9086744459394526,-188.51797317305545,0.11414426250471878,362.40591594547027,2.0356017497050573e-08,4.937794457218795e-08
9.775e-07,232.115729584827,1.261175857254962,-172.832204748151,0.11382851617240099,231.97480020469254,1.2697656196025213,-177.02590567170492,0.11655817774053294,368.331829359749,2.0323735563343636e-08,4.9278331136787763e-08
9.8e-07,230.48568136395784,1.6487764163579546,-168.9410826821736,0.11737433891505945,230.48726977084314,1.6347211096142247,-165.32730280841344,0.11864996870365371,357.60998288922497,2.0292497214806576e-08,4.920743482474513e-08
9.825000000000001e-07,221.79733575616015,1.9944370046052906,-159.43545217528322,0.1208285210294943,219.11522768128694,1.9870093345527178,-153.45398081729655,0.12042191916604793,330.72497957749505,2.026226079388184e-08,4.917630251808146e-08
9.85e-07,200.7589941023913,2.321082139679175,-138.45121080788198,0.11987041375442661,199.91584072158255,2.3131604659730574,-141.43890000687074,0.1218923505325484,288.89196034902517,2.0232694118115136e-08,4.9193584345572234e-08
9.875e-07,172.16090372974062,2.5885253272417934,-126.35494823481966,0.12390219641262865,174.92894348305884,2.6029368012711926,-129.31598101781134,0.1231047221805231,234.00168240658414,2.0203234035293766e-08,4.9264238435810806e-08
9.9e-07,146.03796479042,2.852087563120509,-113.90108322248201,0.12381030218247929,145.87533796062485,2.848990477319118,-117.11991469260082,0.12414082882335281,168.5350613115131,2.0173148622908002e-08,4.938891837981405e-08
9.925e-07,115.6176081282308,3.061628427259865,-109.60483505492458,0.12508806506267373,113.97329647906837,3.0461678889097166,-104.88596698055035,0.12513752530417846,95.4510392501405,2.014159248474903e-08,4.956396554387812e-08
9.95e-07,80.62805895650772,3.191193975537968,-94.50626469620849,0.12832091993771969,79.90045897494011,3.1906759479881623,-92.64978033724708,0.12630322398082203,18.052847585360627,2.0107648627519053e-08,4.978180443836779e-08
9.975e-07,44.47538226691202,3.298773291699699,-74.98994613462943,0.1290134557981385,43.89981514860417,3.279338532398872,-80.44717310099256,0.12792441544078603,-60.16129167851876,2.00703544449078e-08,5.0031531087359465e-08
1e-06,6.1765648737633985,3.3064220970667053,-67.41315104078387,0.13060374718528708,6.000562574313753,3.3091402836907404,-68.31393834009234,0.13034410718342823,-135.6562775638685,2.002871359767852e-08,5.0299564928991174e-08
1.0025e-06,-34.79467000970633,3.2849887669385427,-55.653435754106496,0.13334098009999604,-33.69758258830515,3.2771855784439627,-56.28564366384781,0.1338882475266076,-205.0199086334397,1.9981699229381763e-08,5.0570351397552126e-08
1.0050000000000001e-06,-74.27604332897516,3.1614365856955495,-41.33530413038088,0.1402115211814615,-74.74052835258234,3.1811062224130393,-44.397433476852555,0.13872570903060957,-265.11710672472645,1.992825629401015e-08,5.082719834386734e-08
1.0075e-06,-118.82664088689049,2.996236788109089,-35.70437939668516,0.14402612490084973,-116.10077737148742,3.0198499598597612,-32.68383513079081,0.14468932737063697,-313.23161534336566,1.9867311340261964e-08,5.105336044587694e-08
1.01e-06,-159.95882714403976,2.7814262406591186,-19.459945667784112,0.1513667371820068,-156.0759444637641,2.794692347392189,-21.178570390665605,0.15115658594617895,-347.188768270998,1.9797796776329642e-08,5.123342992141504e-08
1.0125e-06,-193.95530314685186,2.4988075532424467,-4.227765919543602,0.15713367955859847,-192.33584892741789,2.510253888613479,-9.914373583598179,0.1571257464253865,-365.4537795259357,1.971869366415848e-08,5.1354957323852163e-08
1.015e-06,-221.56820223134554,2.159601560453338,2.4617653946235514,0.16216427557659308,-222.12138909434697,2.175284341340312,1.0771822615943467,0.1615271697525974,-367.20111219437473,1.962909301154404e-08,5.141005484059254e-08
1.0175e-06,-242.179878075179,1.8064391897531444,10.183712924973042,0.1647887922437726,-242.5694875507234,1.8030012260273158,11.76585004628429,0.16360453768774993,-352.35179081890317,1.9529376531197522e-08,5.139734802504301e-08
1.02e-06,-249.37097224837822,1.4116549841191497,13.667812765446737,0.16266355538980054,-251.1136277089458,1.410836038525898,22.122862848029683,0.16311433322476046,-321.5769709093255,1.942894234756245e-08,5.1327559918161166e-08
1.0225e-06,-247.54298339189975,1.0453897723165697,30.584110044184218,0.16007325218632312,-245.89341407341573,1.0195382173489336,32.12107671294358,0.1602586388281322,-276.26760424203843,1.9327256030311806e-08,5.120987444920981e-08
1.025e-06,-227.59988728981725,0.6141990678838121,36.753809105362876,0.15436131172073314,-226.1021718078235,0.6516966990396381,41.7351010247735,0.15547915359472073,-218.47157100736612,1.9224158566028117e-08,5.1057072480804404e-08
1.0275000000000001e-06,-192.97931235906736,0.308843253260049,48.54652356514073,0.14930756487239963,-192.20977229262573,0.3298425182649656,50.94141558664566,0.14927011375802748,-150.80112028857326,1.9119898744151567e-08,5.088297967653411e-08
1.03e-06,-145.36713580703716,0.09118731604525449,58.392715940030605,0.1404590364704176,-146.0173009597196,0.07437487119965308,59.71847366372444,0.1420711143869042,-76.31480235220728,1.9015130118131354e-08,5.0699820200201855e-08
1.0325e-06,-89.70930310206127,-0.11932544170962572,68.65417820713905,0.13119848780088497,-90.52752868015752,-0.09840693679200568,68.04679035301282,0.13422732463166326,1.6207708587411822,1.8910869508506685e-08,5.0516219472272975e-08
1.035e-06,-27.895623094695164,-0.169457475458777,76.78802736140325,0.12698417915407265,-29.645643112585493,-0.17788972737599584,75.90901576911023,0.12598822327681916,79.48308891785682,1.8812075988207536e-08,5.0336436890992907e-08
1.0375e-06,29.650630381017766,-0.1525265535706238,81.04883834345155,0.11606878359347497,32.24699943739099,-0.1601273206346837,83.28999266098056,0.11752343301368637,153.75295236476796,1.8719501465495494e-08,5.016102621930953e-08
1.04e-06,94.93017038860356,-0.07766028333744372,86.80651092921349,0.11115507615354801,90.78219520582738,-0.04808212353437474,90.17679820346481,0.1089432920049193,221.0735325064613,1.863104766700147e-08,4.9988652672353975e-08
1.0425e-06,139.3290960896231,0.15138859341705968,97.84027738952153,0.09999407681518552,142.08310279209275,0.14889478603668108,96.55876983738966,0.10031795037806121,278.40209242972793,1.8544679767270517e-08,4.981841958511673e-08
1.045e-06,183.34677874935804,0.41241226042640267,102.42891640830268,0.09188074017852443,183.159539282747,0.41625257997575466,102.4275151624802,0.09169252533663942,323.14751178039427,1.846407857583056e-08,4.965191686805893e-08
1.0475e-06,212.1442677686139,0.7538583016595432,108.39895311724611,0.08295126398670737,212.16315880060245,0.7359078990490763,107.77690601681924,0.08309792196882532,353.28739950257585,1.8392033747515232e-08,4.949434352430608e-08
1.0500000000000001e-06,228.71975052398187,1.0627557380516905,114.92005635520702,0.07311721728994108,228.46952502290148,1.088134559888712,112.6030570041718,0.0745578839026276,367.4595013088118,1.8329189134422735e-08,4.9354407849194655e-08
1.0525e-06,229.0949790964791,1.4288735016158243,112.78194449409395,0.06583258614728099,232.58363067032832,1.4533986535481855,116.90428885503434,0.06609314029103931,365.02327047159287,1.8275815477641838e-08,4.924312336437712e-08
1.055e-06,226.61616392588036,1.804407954471967,122.4640835918912,0.05811583802635314,225.89506730276884,1.8138874409768768,120.68107712771862,0.057723499593389266,346.0888190767312,1.823181778574604e-08,4.917193820948911e-08
1.0575e-06,209.44381558726113,2.1340742115592732,125.21995170174937,0.04864983359269663,210.33359427393765,2.154547470274289,123.93598687110962,0.0494686061330519,311.5119412078417,1.8196771040209065e-08,4.9150760071312945e-08
1.06e-06,186.13053795956486,2.4786119510869,131.7415555664181,0.041701879386423245,187.99101420647642,2.4635433429567066,126.67359398000798,0.04134791825838517,262.8554330026561,1.8169974899096898e-08,4.9186358122105434e-08
1.0625e-06,161.33238819503535,2.7104833468133123,130.33781503671716,0.03198375697259481,160.7784438432926,2.7321560073815507,128.90039407621956,0.03338032203155428,202.31845782655867,1.8150516491988082e-08,4.9281408157383996e-08
1.065e-06,133.05355409306918,2.9518405934991137,128.8616498747362,0.026190675483701596,130.1788333373883,2.9542389743323203,130.62469984297763,0.025583668713814397,132.63714909662525,1.8137330828420627e-08,4.943420401182536e-08
1.0675e-06,96.79187451728484,3.114799186382954,128.9991688081248,0.018023946271098282,97.13471631878872,3.1254246742512595,131.85652782608068,0.017974416050374604,56.960943282169914,1.812925061745624e-08,4.963888075333302e-08
1.07e-06,62.62489251242634,3.255425708144392,135.7543033914726,0.011409166588704145,62.08434787546743,3.2423083465855043,132.60747579160017,0.010567460477974048,-21.28976745145508,1.812504092660401e-08,4.9885930046774786e-08
1.0725000000000001e-06,26.72218469499696,3.2975810361527227,135.78956985918316,0.0035078239323367063,25.13052276595993,3.301827511399931,132.89059179654336,0.003376170346148243,-98.57822917948239,1.8123418366474496e-08,5.01628299107911e-08
1.075e-06,-15.125049916706041,3.27126646840973,128.52034537555826,-0.0026106001152542586,-13.699272927590656,3.301003495048028,132.72023618493077,-0.0035874283988374302,-171.41117944083692,1.812305854164093e-08,5.04547170514886e-08
1.0775e-06,-52.30784673055881,3.205498377676192,133.55080941430765,-0.009855956747573159,-54.1604670500966,3.23712763592712,132.11193776689848,-0.010312399788227828,-236.4967347462297,1.8122598574961862e-08,5.07451428484243e-08
1.08e-06,-93.72351743046059,3.1267954566608607,132.25959249711727,-0.01762600825237648,-95.5324661580245,3.108374535044487,131.08224547237708,-0.01678867812867365,-290.8931762152244,1.8120642999626994e-08,5.101702180713579e-08
1.0825e-06,-137.7986393699661,2.9065069477455237,123.70967708381167,-0.024217118391442125,-136.45314318612603,2.9147268998093447,129.6485767933423,-0.023006971233427254,-332.14190857046566,1.8115780926749796e-08,5.125386974415336e-08
1.085e-06,-173.6260756122603,2.693803138597042,124.3494276324294,-0.02749755327982304,-174.88963546294403,2.6590196135943955,127.82906433948018,-0.028958847916677886,-358.37858304525525,1.8106620195294328e-08,5.1441330554995525e-08
1.0875e-06,-210.08580210880461,2.3767180500123293,130.1021130232592,-0.03424432082968174,-208.26299736777958,2.3478693558019876,125.64240183131518,-0.03463702874520429,-368.4173617021245,1.8091840596809276e-08,5.156883013461485e-08
1.09e-06,-233.88030709427557,2.025085519151669,124.53234081422349,-0.03851332532666227,-233.71521570059264,1.9922586849073063,123.10769084247954,-0.04003585139584531,-361.80451460709844,1.8070263911553115e-08,5.163103137240599e-08
1.0925000000000001e-06,-250.29643732866367,1.6180403023717183,119.00339930111008,-0.044000730588742244,-248.47962611454034,1.6075903253596946,120.2442895790436,-0.0451518378661345,-338.83892738942836,1.804093421599686e-08,5.162867223357591e-08
1.095e-06,-249.17257577180834,1.2051221164603694,119.28803545921733,-0.05066187912374858,-250.29486731768608,1.2131107728742359,117.07166494893809,-0.049984258329693845,-300.5585922918157,1.8003198545781345e-08,5.1568418154000486e-08
1.0975e-06,-238.4043907323842,0.861081476536964,106.9866224051906,-0.05250610675124394,-237.7920216429452,0.830707860586308,113.60924912885872,-0.05453557159909304,-248.69369328484453,1.795677619551543e-08,5.1461574188178915e-08
1.1e-06,-209.42911242914496,0.45805704721110735,109.1838702924116,-0.057369863637365154,-210.78651303897675,0.4831960735174949,109.87630178011867,-0.0588116278130016,-185.5884056916696,1.790180510766515e-08,5.132183551927832e-08
1.1025e-06,-173.69811789075067,0.1952435930845197,104.23884176938157,-0.06201712799494594,-170.4204526518012,0.19229677602507936,105.89177899924822,-0.06282154437947529,-114.0949448017997,1.7838856000254076e-08,5.116259473699143e-08
1.105e-06,-116.42631361458479,0.007336005708164662,100.25145462550617,-0.06640205021276757,-119.12504549577525,-0.023418646567895225,101.67421001438264,-0.06657720727171351,-37.44465223536291,1.7768908799684843e-08,5.099453126270556e-08
1.1075e-06,-60.602412632282025,-0.15294016529434848,95.32084087514134,-0.07009788799939669,-60.40224995951808,-0.15033759442502853,97.24158255534101,-0.07009239978537121,40.89805333939235,1.7694161177559667e-08,5.0824177379226305e-08
1.11e-06,-0.5646320876854629,-0.17217111436442536,91.43318335926787,-0.07447068326263716,1.5450551387806488,-0.1811119714774079,92.61123773457403,-0.07338161179903159,117.39226004035906,1.7620032955251232e-08,5.065387058278524e-08
1.1125e-06,63.17626916762725,-0.13694910219051004,87.72781576543699,-0.07673864441941343,62.27986575937155,-0.11527838169816103,87.79977517869139,-0.07645862655394345,188.5806039249536,1.7544631924058223e-08,5.0483054603232334e-08
1.1150000000000001e-06,118.5476434160427,0.055982619444880255,85.80374330141457,-0.0785273772582846,117.62422837494233,0.04088672166161822,82.82296904699588,-0.07933501269276148,251.24553396684715,1.7466079344789778e-08,5.0310447273596266e-08
1.1175e-06,161.66215772116632,0.2819772586291399,77.32941116659941,-0.08217708028831407,164.10419818478132,0.2752407513804472,77.69569546529927,-0.08201866309939056,302.55473803501394,1.7384153961023747e-08,5.013632256694996e-08
1.12e-06,199.4938709970682,0.5757318048223833,74.64996298123012,-0.08266774416197809,199.28068700292985,0.5712326087597288,72.43187179127307,-0.08451251844894898,340.18915695205334,1.7304539083154863e-08,4.9964156008135315e-08
1.1225e-06,221.0918538093069,0.8874417490266956,64.72837810029829,-0.08671759893075476,221.92017484985104,0.909715884920076,67.04440801274862,-0.08681359485866068,362.447800687796,1.7228293286884733e-08,4.980114367948209e-08
1.125e-06,231.59238216139534,1.233341022382055,62.482936154532574,-0.08846152869694737,231.9867605131148,1.2708452985351126,61.545170463739595,-0.08891240671082674,368.3246292350067,1.7156118454298663e-08,4.9657508928065164e-08
1.1275e-06,231.53963827134848,1.6431126219126078,53.36781913038736,-0.09072867519034446,230.4672969346621,1.6357863547108704,55.944957925622425,-0.09079284466955433,357.5540233266552,1.7088348810132042e-08,4.9544895232733076e-08
1.13e-06,220.2278128142606,2.018127954299507,53.568995172550544,-0.09148155316650615,219.0690616627182,1.9880156842498753,50.25349006391205,-0.09243254406200797,330.62278982189395,1.7024971788974188e-08,4.947437255553522e-08
1.1325e-06,199.10233267545638,2.3041158119333134,46.34559524462602,-0.09513684642719518,199.84969500466423,2.3140730217904277,44.479408035496746,-0.09380377116289414,288.74815914462647,1.6965672906644488e-08,4.9454601533236096e-08
1.135e-06,176.16698328424124,2.5560477643387807,35.64373215504094,-0.09652118105160429,174.8484865656295,2.6037299128746363,38.63028698807071,-0.09487487656570161,233.82276924034818,1.6909894281663836e-08,4.949053941501763e-08
1.1375000000000001e-06,147.21860286526956,2.8624779939440885,33.86456444786339,-0.09753901344203791,145.78495830973853,2.849646114261749,32.71266006386193,-0.09561242250619632,168.32912265110997,1.685689587820124e-08,4.9582828840542424e-08
1.14e-06,111.17144164476923,3.06817316345156,24.001814551786268,-0.09649036386866094,113.87576976416925,3.0466732709217887,26.732053414575955,-0.0959841693979868,95.22738305403524,1.6805809938485685e-08,4.972779107537263e-08
1.1425e-06,78.41859386670511,3.1395450372263647,17.46113889573254,-0.09652316400395552,79.79705664606655,3.191021110170624,20.69303163468819,-0.09596314275853367,17.82158260428952,1.675568210571956e-08,4.991782172354998e-08
1.145e-06,44.34651222292058,3.278005839658512,13.348386812543827,-0.09536847018855604,43.790807619341734,3.2795144738368225,14.59925292674459,-0.09553287136503846,-60.38971279407119,1.6705496783866814e-08,5.014197899578285e-08
1.1475e-06,9.119182809481629,3.2937027762853255,9.712509971008494,-0.09583144035016421,5.885994051758174,3.3091381946035523,8.453533225952715,-0.09469345480000321,-135.8715306996628,1.6654188540012153e-08,5.0386635386715214e-08
1.15e-06,-37.19967169487064,3.2978973548630446,3.702472074174037,-0.09247966533302507,-33.81702333115583,3.276997391666922,2.2579184328692055,-0.09346737951847518,-205.21226483793401,1.6600645001926752e-08,5.063618025483752e-08
1.1525e-06,-73.86260800674077,3.1916528066400938,-2.9855661704219463,-0.09290745323062993,-74.86273662495027,3.1807264368827766,-3.986236166927762,-0.09190325511841149,-265.2778719355233,1.65437090342426e-08,5.0873856667836606e-08
1.155e-06,-115.92631355507037,3.067184472655619,-11.3879673738995,-0.09065234791727403,-116.22173893907653,3.0192783929159526,-10.27818027802126,-0.09007546525348302,-313.3535233390564,1.648627928399367e-08,5.108562879456643e-08
1.1575e-06,-158.98924039183962,2.7642329734580993,-17.40336325274869,-0.08751403709995324,-156.18964719831737,2.7939372439726298,-16.617677798075857,-0.08807859736200434,-347.2663090877985,1.6429489968854418e-08,5.1257607237334766e-08
1.1600000000000001e-06,-189.88700820170502,2.5040708703010885,-25.1316833178949,-0.08475315173606754,-192.43465194835412,2.5093346925272844,-23.00491192226873,-0.08601727977227162,-365.4834484955117,1.637217379632675e-08,5.137727200284735e-08
1.1625e-06,-224.50914180692956,2.1605486690081377,-29.014137691066487,-0.08367126508641494,-222.19681530673193,2.1742334413933078,-29.440387253437475,-0.08399383103752799,-367.18156834686306,1.6313257988840114e-08,5.143665804722483e-08
1.165e-06,-239.79479357736074,1.7943210930868043,-35.299806514921634,-0.0824836986188635,-242.61332382480575,1.801864128875603,-35.92483004186224,-0.08209689779193902,-352.28391749170413,1.625184052321923e-08,5.143355393403034e-08
1.1675e-06,-246.6166153318678,1.387491782315749,-46.24415864092479,-0.08180075035373659,-251.11915480714063,1.40966966787968,-42.459087687447756,-0.08039365654775038,-321.4638358222605,1.618727203263291e-08,5.137188200179287e-08
1.17e-06,-247.27099909005736,0.9792570382709297,-51.82097342333824,-0.07943163402491087,-245.8565572417214,1.0184073527604376,-49.04402863502569,-0.07892666876765138,-276.11432084340373,1.611923231991849e-08,5.126097917193011e-08
1.1725e-06,-222.43268723819634,0.6479136422818481,-57.538841621418726,-0.07638122777202247,-226.02236864632624,0.6506688919102265,-55.68044378059514,-0.07771496225260859,-218.2850673577051,1.6047789588745247e-08,5.111378181161105e-08
1.175e-06,-192.60613246171755,0.31927272798495593,-60.296839404358906,-0.07600258008149918,-192.09039646912117,0.32898210025476093,-62.36895048273076,-0.07675797605632893,-150.58982592813047,1.597343170260256e-08,5.0944271590912643e-08
1.1775e-06,-145.7800272541807,0.05128009653851637,-69.25386078376768,-0.07454394166482246,-145.86555142119084,0.07373685108279628,-69.10990023935389,-0.07604078100400427,-76.08826730488978,1.5897061900877412e-08,5.076482927027858e-08
1.18e-06,-90.44938149629893,-0.11163756903427727,-76.67456823869489,-0.07536399640124598,-90.35378191687103,-0.0987822407884936,-75.90329104594902,-0.07553926680327172,1.8523077246882493,1.5819955963468638e-08,5.058423956135727e-08
1.1825000000000001e-06,-28.010944321764644,-0.17847761227805295,-81.55890441974597,-0.07476127503494279,-29.462355372191784,-0.17798056210115884,-82.74868539752184,-0.07522447625901486,79.70916266337166,1.574735373649315e-08,5.0406927124072284e-08
1.185e-06,33.18948059664133,-0.12689430195590706,-87.7559935763356,-0.07454736141313384,32.426677972953854,-0.1599323374569424,-89.64513483371668,-0.07506574571401063,153.96334497138116,1.568025575956074e-08,5.023362006745027e-08
1.1875e-06,92.58055920458011,-0.05648440449989422,-94.0212962883556,-0.074766887920156,90.94588456550711,-0.04761994650757847,-96.59111185510295,-0.07503266797623674,221.2587347074862,1.5616841986630785e-08,5.00631686646342e-08
1.19e-06,140.4323279779505,0.13447922685245164,-105.75098030584962,-0.07341007477840586,142.2205140341681,0.14958815568155698,-103.58444995940066,-0.07509610408440398,278.55373350743935,1.5555360043601003e-08,4.98948713581226e-08
1.1925e-06,186.5734318177606,0.40937218734062697,-109.29315270589731,-0.07719301719577279,183.26345621273325,0.41712809222390135,-110.62229246015194,-0.07522855329649884,323.2587379034119,1.5499801614171946e-08,4.9730520278923426e-08
1.195e-06,210.1312275902964,0.7545887494537058,-118.80979817379252,-0.07506656008029372,212.2299438614253,0.7369088379088619,-117.70105065780497,-0.07540418281413461,353.3531835034361,1.5453223320500103e-08,4.957551934708575e-08
1.1975e-06,231.5505789480499,1.0774770950571324,-130.75849396902058,-0.07463988265172056,228.4990943650385,1.089202171430781,-124.8163718353077,-0.07559875638311837,367.4768699004828,1.5416552403242192e-08,4.943877979568948e-08
1.2e-06,232.516098494325,1.4817101399939723,-131.1055262350288,-0.07534094463679956,232.5789333727169,1.4544772170099731,-131.96311744799524,-0.07570964494835308,364.99143863328607,1.539034068330325e-08,4.9331512330659505e-08
