time,v_coil,i_coil,v_bias,i_bias,v_coil_clean,i_coil_clean,v_bias_clean,i_bias_clean,v_coil_src,density_state,heating_state
0.0,34.79152417068897,0.010322702166842064,23.063471790583915,0.01491333336727477,35.97412610470969,0.014248115482878576,23.130775293716756,0.014702481272043627,0.0,0.0,0.0
2.5e-09,71.33451591920227,0.08546981506535216,24.698271346132195,0.014439805819455502,71.27976767261934,0.07892326530433845,24.248956396365404,0.014198669736763984,44.476422488379626,1.0564398395512529e-11,5.480330215227588e-11
5e-09,103.69443344559926,0.1875505536359221,25.348050426605806,0.013229904524732428,103.22153309718611,0.19201592367785913,25.282692445644333,0.013122370180604387,86.94261196646346,2.172686805456884e-11,1.1186415776143586e-10
7.500000000000001e-09,129.12607867357147,0.3478684592766499,26.02429808360378,0.012043922954191757,129.59678462388297,0.3479136021500112,26.223357545952183,0.011924869885481443,125.47919337811645,3.3534819051952884e-11,1.7378302718299752e-10
1e-08,148.53910305503834,0.5300304225548312,27.158819877741212,0.010489034863119723,148.6155544992427,0.5380634795906544,27.06269426408663,0.010608161634491796,158.34440100290774,4.602146373081666e-11,2.464308245307038e-10
1.25e-08,157.51887246035017,0.7439759938195873,27.40764091731454,0.009209303561062252,159.08831490289185,0.7516282722475508,27.792882259656135,0.009176142193686773,184.05280230015043,5.920070979652869e-11,3.3909817244800614e-10
1.5000000000000002e-08,159.30663649784177,0.9557835265912983,28.660178032949904,0.007707396545930354,160.53871494357392,0.9763769758729627,28.406603969115142,0.007634788678623611,201.44243607696416,7.306328339104265e-11,4.6349320848957296e-10
1.75e-08,152.48491249833333,1.2071398440736267,28.810918180390583,0.006021550107385313,153.2256479460489,1.1996985564531761,28.897106780250255,0.005992178544092305,209.72733048805853,8.757450189559758e-11,6.317645331826368e-10
2e-08,137.7988889245305,1.4110165511337907,30.104131399980467,0.004257968303098024,138.07355559438614,1.40961039212634,29.258261162208065,0.004258346432104382,208.53302717324624,1.026739126019123e-10,8.540310580179556e-10
2.25e-08,117.3483810485412,1.5968771202281273,29.496587781675956,0.0022268366814991616,116.52448542410741,1.5956375145856916,29.484614249095088,0.0024449958848077914,197.91350592256924,1.1827678093702974e-10,1.1360540832107958e-09
2.5e-08,91.12834031905798,1.7384673511091606,29.73104432952688,0.0007535605653443648,90.33756419432487,1.7494625552301166,29.571438412511792,0.0005651054672065158,178.34874491271717,1.3427718777978915e-10,1.4776389251678984e-09
2.75e-08,61.625637573832925,1.8626036940135073,29.124916167632666,-0.001263152671230608,61.36914392244146,1.8652854706871234,29.51477439978924,-0.0013675165534459963,150.72302678649535,1.5055231498193333e-10,1.872130279267079e-09
3.0000000000000004e-08,30.154184723081272,1.9436692428932245,29.667959475088015,-0.0032241025001394216,31.368643954963943,1.9398796847587811,29.311468659818786,-0.0033386696255872953,116.28497109114751,1.6696738905626186e-10,2.3070552001834792e-09
3.25e-08,1.5004554037428663,1.9624353186673984,28.657932112198022,-0.005660442618191604,1.8208119035795338,1.9723789326185803,28.95920452681647,-0.0053341360814451455,76.59109951830206,1.8338073009416553e-10,2.7656799617212613e-09
3.5e-08,-28.14574140229349,1.9771614977041845,27.95881759200309,-0.007313167292897022,-26.144405123715828,1.9638686101271523,28.4565269837233,-0.007339953891384639,33.43548466817822,1.9964841625227553e-10,3.2290693340682153e-09
3.75e-08,-53.50693294920456,1.9229384767665916,28.06343305708924,-0.009258009064055852,-51.76619032257471,1.9168801424208484,27.802860780767993,-0.00934256757186167,-11.23133794630148,2.1562820868093855e-10,3.6782041029379706e-09
4e-08,-73.97497907956748,1.8261516616360394,26.785562025113993,-0.011404866223416172,-74.59730777356717,1.8348928368751534,26.99852174054324,-0.011328861309085496,-55.39052966273982,2.3118256061464043e-10,4.095804035801181e-09
4.2500000000000003e-08,-93.74750776726712,1.7276652013471923,25.95187584271257,-0.013602386812050324,-94.3972605054732,1.7219343269728542,26.044721138286057,-0.013286100365177703,-97.04619557930303,2.461807234916715e-10,4.467660804266307e-09
4.5e-08,-109.73323677820284,1.5829736361281623,24.841208995690486,-0.015183556543441364,-111.00169606265601,1.5823409766443481,24.94356310441019,-0.015201823387581963,-134.3155944590309,2.605001275010144e-10,4.7834422381676934e-09
4.75e-08,-122.88763067294525,1.4280826223462582,23.631943908671957,-0.017084379201570344,-124.19924862476778,1.4206993622453552,23.698035055208162,-0.0170637363864537,-165.51423434618036,2.740273243416231e-10,5.037036438957515e-09
5e-08,-133.6657902507586,1.2574862829521316,21.93523382783242,-0.018601947916187873,-133.6447261706009,1.241946903529728,22.31199121650902,-0.01885965744919446,-189.23200776653033,2.8665881736811833e-10,5.226542323828616e-09
5.25e-08,-137.60569056574104,1.051322642824054,21.050351250947077,-0.020759783475549375,-138.8297916798757,1.0515720527618386,20.79012936343695,-0.020577550080569915,-204.3969253739781,2.9830206383534287e-10,5.353992068991665e-09
5.5e-08,-138.76517910178129,0.8587738864048624,18.59538344529185,-0.022425577950998945,-139.12049300217845,0.8558293210223109,19.137960956755,-0.022205664463639276,-210.32356742774144,3.088768255774403e-10,5.424840633149458e-09
5.75e-08,-134.07134329613837,0.6584431538112837,16.305648093010184,-0.023749981070293316,-133.8573435946798,0.6618766462396308,17.361774912102568,-0.023732783348744936,-206.74406320373512,3.183168909899165e-10,5.447215234175453e-09
6.000000000000001e-08,-122.89544521450273,0.4810847715294257,14.99053971054147,-0.02517454211729619,-122.50066317248145,0.47775380972987125,15.468595292256534,-0.02514854684371603,-193.82019814127744,3.265720241042649e-10,5.430914781222465e-09
6.25e-08,-105.85659822784746,0.3136970889461603,13.32630236165684,-0.026448519690310666,-104.79395784151828,0.31214890575240445,13.46613326389857,-0.026443812232683758,-172.13610150966736,3.336098501778432e-10,5.3862001392965595e-09
6.5e-08,-80.33138846961693,0.16352201911798478,11.492182446240758,-0.027510780315962154,-80.91311150259278,0.17394020880470817,11.36273370880764,-0.027610994471056794,-142.67184509544933,3.3941729239923367e-10,5.322509901268342e-09
6.75e-08,-51.345913103234466,0.08156989811796073,9.679479754622395,-0.02853675041970397,-51.57004995677221,0.07154584438417114,9.167316924497483,-0.028644332203188648,-106.75914618958059,3.4400115265113905e-10,5.247336275253928e-09
7e-08,-17.830964411823928,-0.002673090378534769,7.02090601537952,-0.029481336450666903,-18.046241606338285,0.012155174079988357,6.889315890689861,-0.02954003331126309,-66.02117699859927,3.4738748911159883e-10,5.165549054525537e-09
7.250000000000001e-08,17.899296567829364,-0.007061387496960887,4.379510282821606,-0.03027751930715332,17.857219241466474,0.0009460129809774677,4.538609615300314,-0.03029627162888481,-22.29920095734018,3.496195781654537e-10,5.079414711574624e-09
7.5e-08,54.24271217160788,0.039651256168455176,2.3051089506056037,-0.030710950338947645,53.952120824206496,0.040404897368124075,2.1254531064862383,-0.03091302951937937,22.430648185208955,3.5075443702575494e-10,4.989404911886577e-09
7.75e-08,90.59204966909581,0.1184381379757085,-0.06613041511275519,-0.031607152128938304,87.8631104695722,0.12986079427882236,-0.3395954545132628,-0.03139180551852998,66.14668311111305,3.508580955721707e-10,4.895654206949783e-09
8e-08,116.2069292592151,0.265608860011045,-3.064950595699087,-0.031914181345705436,117.2680339069347,0.26531658797883123,-2.845749741776701,-0.03173522788995398,106.87303859626903,3.503094525256984e-10,4.8012943610894255e-09
8.25e-08,140.49758438908563,0.42080285667165934,-4.745701051964009,-0.0317277760662226,140.1440048570533,0.439621502514849,-5.382071898269793,-0.03194662993958728,142.76897611889754,3.511488579770701e-10,4.720928836336832e-09
8.500000000000001e-08,153.63580573556885,0.6567899541631524,-7.113398999656452,-0.03204843965085466,154.98285935007914,0.6429781397586728,-7.937550105710114,-0.03202964863710744,172.2120810488117,3.5345654038936997e-10,4.662366914179378e-09
8.75e-08,161.91806430851287,0.8652681268770953,-10.03929937990598,-0.03212827496127657,160.9440875952583,0.8637283550741384,-10.50117647445082,-0.03198790349286054,193.87159209397697,3.57289794198249e-10,4.636465774559442e-09
9e-08,158.78915234665553,1.0874458898603303,-11.881456177057373,-0.03189257634516795,157.9231794199838,1.0893211302943,-13.062024615172033,-0.03182479852896609,206.7685486803673,3.6267968082592656e-10,4.655594889228462e-09
9.25e-08,147.73875339011792,1.3175123163717328,-16.0178656982886,-0.03168166718170929,146.52686808846758,1.3073398791512432,-15.609326257712844,-0.03154346902321754,210.32003774052328,3.696295226584304e-10,4.7313365140916595e-09
9.5e-08,128.9220608382623,1.4897365826300226,-18.27926513772176,-0.031189922819217543,127.96166088057196,1.5064605241834008,-18.132546291367262,-0.031146870197827272,204.36554005673372,3.781152921440306e-10,4.872004871198703e-09
9.75e-08,102.43573910850444,1.6685475275347716,-20.647329758891168,-0.030677099926517286,103.85571773606262,1.6772261015046033,-20.621455615322848,-0.03063798143565038,189.17418536412535,3.880877651416009e-10,5.080620596696455e-09
1e-07,75.53329746850332,1.8106682323396683,-22.66350823085509,-0.029956794479565955,76.04422011165332,1.8125559112457441,-23.06620120751174,-0.030020081025162394,165.43258829952455,3.994761012979604e-10,5.353833326988421e-09
1.025e-07,46.737981072445216,1.9146573860061997,-24.75083074377774,-0.02922364749139264,46.353141876971904,1.9079515944359031,-25.457372844796506,-0.029297036043634934,134.21381498350047,4.1219236673570393e-10,5.682004987674035e-09
1.05e-07,17.39027909312022,1.9542789226363606,-28.331765754430037,-0.028392816199031536,16.415019404326312,1.9614111912852947,-27.786065936910454,-0.02847355149823093,96.92888287540951,4.2613644739824353e-10,6.050354156396468e-09
1.075e-07,-14.358016629090567,1.9658268074684377,-30.891499370560318,-0.027599670418519035,-12.456773689101922,1.9731067694197673,-30.043939970650285,-0.027555332200696322,55.26298599754301,4.412008226033323e-10,6.440821308468035e-09
1.1e-07,-39.6945208122106,1.9587068587495404,-32.187099823704564,-0.026608144687292685,-39.32028077546691,1.9449139897064527,-32.22327209918163,-0.02654912824393311,11.099328003012587,4.5727476998522864e-10,6.834209083517139e-09
1.1250000000000001e-07,-64.1606783523856,1.8881871515331792,-34.459799905048875,-0.025645003394866694,-63.58265406381307,1.879897571283289,-34.3170054536232,-0.025462657146445772,-33.565994340748496,4.74247733607207e-10,7.212186807387053e-09
1.15e-07,-83.3772820619628,1.782174532274913,-36.50934227112864,-0.0241955421688217,-84.91588994996202,1.7818527302538612,-36.31879179995356,-0.024304418663751836,-76.71421018016294,4.920117753935472e-10,7.558881424031533e-09
1.175e-07,-102.46116186050894,1.6580495585014141,-38.473433600293355,-0.023184293068303143,-103.13426820179635,1.6549805250350211,-38.22302821333125,-0.023083437760145962,-116.39511842074322,5.104632108913729e-10,7.861941771235748e-09
1.2000000000000002e-07,-120.39160667669657,1.5034620297645929,-40.97208911959715,-0.021974537321208885,-118.06359189990162,1.5037391518262253,-40.02488749370402,-0.021808983762566524,-150.81523237536697,5.295036707664523e-10,8.113099489534416e-09
1.225e-07,-127.3020067733221,1.3442648771688106,-41.71040043879477,-0.02051434995517232,-129.4330117316727,1.3328705515801762,-41.720342100651536,-0.02049031703462441,-178.41884127822703,5.490409046321127e-10,8.30832279211833e-09
1.25e-07,-136.41574885390534,1.1410458935417889,-43.646234345852406,-0.019176786834094944,-136.81506746944808,1.1475603521660402,-43.30618144128508,-0.019136508050919543,-197.95832486862707,5.689896417089409e-10,8.447664927277606e-09
1.275e-07,-139.54832161635335,0.9580331818667959,-45.31063511703085,-0.01790479705811446,-139.62956228355526,0.9536570171876578,-44.780022402226294,-0.01775635874066046,-208.55054298555643,5.892727460515561e-10,8.534868919007475e-09
1.3e-07,-136.67337855144032,0.7619574458773246,-46.15898633739495,-0.016516843540128025,-137.21385570757536,0.7578592292897741,-46.14031307470564,-0.016358435187811507,-209.71675149179342,6.098227694543862e-10,8.576739304906673e-09
1.325e-07,-128.17729895395797,0.562373393463491,-47.375923858659824,-0.014879396632087604,-128.94852085607954,0.5677822944845085,-47.38632968015346,-0.014951198063242318,-201.40424041866333,6.305838404764708e-10,8.58226595787152e-09
1.35e-07,-116.96221975798305,0.39100032863515116,-47.980825536962946,-0.013716336240200558,-114.41557896698541,0.39183457783820375,-48.51816676178967,-0.013543196727858645,-183.98871633658612,6.515136669979265e-10,8.561508817680075e-09
1.375e-07,-94.52377432597915,0.24144230086031432,-49.72304292505277,-0.01246113703238775,-93.55887966358998,0.23887011812899384,-49.53672076514891,-0.012143278594035693,-158.25732127369002,6.725853056916923e-10,8.524327829385521e-09
1.4e-07,-67.56751871448643,0.12004572375822209,-49.89622655764715,-0.017646777918107436,-66.81408730605308,0.11762728573207612,-50.44366718670227,-0.017550338999985423,-125.37305568869927,6.937882916106696e-10,8.479145231540318e-09
1.425e-07,-35.83674320277284,0.04080752155001996,-52.20462886982292,-0.013595717762247803,-35.179617176721905,0.03600766210557738,-52.366202816169796,-0.01343454111424951,-86.82221349870076,7.151287400827969e-10,8.432010779868772e-09
1.4500000000000001e-07,0.3427454925813701,0.0037734711647067994,-53.06164817933172,-0.0026624940383675982,-0.2091159054037064,0.00028603543371239154,-52.59980673440139,-0.002592515930333673,-44.34720497883109,7.371405912161891e-10,8.388914968295485e-09
1.475e-07,34.797600787072064,0.01133788121602086,-53.44381573941337,-0.001382652223761715,36.080896090549594,0.014364593651930864,-52.73656962754518,-0.0013913009611574813,0.13219621416952998,7.591354836022098e-10,8.347077413398958e-09
1.5e-07,71.5384089672451,0.0747966134128618,-52.27304667323822,-0.00048604585877439204,71.38008898464986,0.07918764113194494,-52.78122532104689,-0.00025101856425164073,44.60562243934055,7.811593221120568e-10,8.306417507200539e-09
1.525e-07,105.37699372934922,0.19567911563540225,-52.46019963312396,0.0006609440206450084,103.3085249629206,0.19241638495986174,-52.739042110745224,0.0008183762154582581,87.06297611065945,8.032617518947904e-10,8.267370876412392e-09
1.55e-07,131.0820484631683,0.3634885778604103,-53.01268476273914,0.0018741025492227936,129.66445289313035,0.3484289920071095,-52.61577058122903,0.0018077402107904543,125.58528153033514,8.254904598256896e-10,8.232553609101961e-09
1.575e-07,146.64264877971218,0.5462702841816004,-52.58648435475896,0.0028821580253567225,148.65943120101687,0.5386647991334023,-52.417587915774966,0.0027091851466796743,158.4314182202635,8.478854675180118e-10,8.207888192900536e-09
1.6e-07,160.13830625954932,0.7675653348485981,-52.17916861560248,0.0035320835656860567,159.10591213636405,0.7522810109179051,-52.15103919416421,0.0035164484219510636,184.11681560258316,8.704740361551996e-10,8.202748927632008e-09
1.625e-07,159.74725874932216,0.9844036687225738,-51.33713738885852,0.004427471277433443,160.52972755286544,0.9770439818744023,-51.82297619873281,0.004225141792636072,201.4805522089815,8.932667447534777e-10,8.228955596967952e-09
1.65e-07,154.0279312746885,1.1835992956775534,-51.43326991275421,0.004841596312456218,153.19187969046325,1.2003430832596569,-51.440494268468086,0.0048328466442833905,209.737826687295,9.16255161441336e-10,8.298793021961173e-09
1.675e-07,136.46318573463785,1.404471267503014,-51.108853979661994,0.005477678972082179,138.01858781330154,1.4101989389668141,-51.01086775565673,0.005339048262168815,208.5154290353994,9.394113240996242e-10,8.422538982207255e-09
1.7000000000000001e-07,117.58768933597463,1.5897490660576108,-50.542887567454144,0.005721665489828223,116.45314782504747,1.5961421216650538,-50.541484649401724,0.005744926289626026,197.8686088433935,9.62689014714093e-10,8.606136006924362e-09
1.7250000000000002e-07,91.59898461157616,1.7473604932841855,-49.17341899789264,0.0059502892269692334,90.25529734532675,1.749862310334435,-50.039780935174896,0.006053040119799373,178.27857813794714,9.860265882065174e-10,8.849593938048944e-09
1.75e-07,63.14699476807373,1.8508317616744483,-50.38288166050791,0.006239363913688432,61.28135719663345,1.8655671156626101,-49.51317525942894,0.006266962591001154,150.6307616945601,1.009350936726548e-09,9.146486626734642e-09
1.775e-07,32.81179847060676,1.9340816680732977,-48.607654438749904,0.006195244237187114,31.28016875857599,1.9400373549959882,-48.96900446316512,0.006390920584494103,116.17477785408695,1.0325820619211502e-09,9.484595729478919e-09
1.8e-07,1.7575548135546113,1.9698114887616442,-47.9256093473697,0.006410329612061565,1.7355289323156082,1.972413194995918,-48.41446053829755,0.00642949616229946,76.46795861948789,1.0556377054821124e-09,9.847467168277174e-09
1.825e-07,-27.5877111845202,1.9570719955434688,-47.91848233205419,0.006372499107563691,-26.22372015853854,1.9637850622424393,-47.85652954576818,0.00638742774632622,33.304961795808296,1.078437552182474e-09,1.0216468502203284e-08
1.85e-07,-50.850828192461414,1.922273644216692,-47.08893347658179,0.0060733694543288275,-51.837799301300855,1.9166878822272382,-47.301933014790706,0.0062695301652180655,-11.363343455635837,1.100906654683636e-09,1.0572903167357804e-08
1.875e-07,-75.14683722470737,1.8376288572261028,-46.928038962336146,0.006266423895975434,-74.66025862619385,1.8346031002169803,-46.75707231851586,0.006080728964211404,-55.518051460632904,1.12297790865309e-09,1.0899829215593483e-08
1.9e-07,-93.69801392867292,1.7205150171496564,-46.275961546318676,0.005820248245998335,-94.45102189440384,1.7215595246370567,-46.227976493039485,0.005826182434773923,-97.16346997089545,1.1445935961484833e-09,1.1183387580507993e-08
1.925e-07,-112.50519416536254,1.596733039464744,-45.428301711614864,0.00545855910198899,-111.04576779325356,1.5818942558012798,-45.720253934274844,0.005511448328254677,-134.4173209088918,1.1657061798852395e-09,1.1413601679390238e-08
1.95e-07,-123.44033856547294,1.4189377993991164,-44.9127069267635,0.005227332293589067,-124.23283932329717,1.4201946902256266,-45.23904837107696,0.005142644121472131,-165.59581505043772,1.1862786414074194e-09,1.1584717121417774e-08
1.9750000000000001e-07,-131.52383436499724,1.2378864892624761,-44.97012025641814,0.004845858600499487,-133.66657445330088,1.2413995489595453,-44.788999473467314,0.004726551422209215,-189.28975546313546,1.2062846935058449e-09,1.1695188134794428e-08
2e-07,-138.4268698146187,1.0401137646988305,-45.0015179562877,0.004169138296178741,-138.83817725510355,1.0509992434664812,-44.37420841221683,0.004270626276565893,-204.42822999855338,1.2257091566639784e-09,1.1747396085709953e-08
2.025e-07,-138.08826136886333,0.8606735539048654,-43.288158040748804,0.003848964569417795,-139.1134454100753,0.8552508080077279,-43.99820864078858,0.0037828956906613585,-210.32701408254607,1.2445486808369485e-09,1.1747135143136919e-08
2.05e-07,-132.86539186754993,0.6425945890578232,-43.43365399965847,0.003572009407395599,-133.83301573623447,0.6613149082672156,-43.66394212312405,0.003271743189172822,-206.719496107821,1.262812840339338e-09,1.1702857911014906e-08
2.075e-07,-122.50709203179024,0.4813730444786662,-44.37596896970379,0.0025094064362198355,-122.45780189709073,0.4772336931022844,-43.37374118140451,0.002745608561238053,-193.76872767143328,1.2805254625289159e-09,1.1624671126404016e-08
2.1e-07,-105.56748898716592,0.3196502150844875,-43.2163710416918,0.0022071538291942925,-104.73238112966742,0.31169659837289143,-43.129316087174665,0.0022126449705337963,-172.06005401391627,1.2977259046492575e-09,1.1523122552208129e-08
2.125e-07,-80.86837836224973,0.1681037789182024,-42.549581662175775,0.0016700544222421419,-80.83409550482058,0.17358157753162165,-42.931748467528905,0.001680386974803222,-142.57465774741647,1.3144698984478742e-09,1.140791407365662e-08
2.15e-07,-52.20972364956373,0.06771234489309393,-42.45252758480369,0.0011847614037514766,-51.47654068371233,0.07130429645092518,-42.7814905458974,0.0011554837245836855,-106.64521163607212,1.3308295606047258e-09,1.1286775883144903e-08
2.175e-07,-18.734824622830978,0.012017408909301832,-43.34382980251709,0.0004506275566663337,-17.942833552721158,0.012049312527950672,-42.678370184789436,0.000643542436104322,-65.89564482197059,1.3468922268798477e-09,1.1164789779087878e-08
2.2e-07,16.06492879585169,0.00445706205861723,-42.901032244532736,-4.9650997246744805e-05,17.964556552623655,0.0009874220540330523,-42.62160164612236,0.00014910968622014584,-22.16774492609983,1.3627579025316112e-09,1.1044408352644586e-08
2.2250000000000001e-07,54.399701482005206,0.029483386043215168,-42.93961367002544,-0.00037684642310549743,54.05654425689076,0.040596403526367675,-42.60980193394412,-0.0003242048008034436,22.56208655781343,1.3785353103180938e-09,1.0926263777640212e-08
2.2500000000000002e-07,88.0542846087752,0.11894882545936018,-42.568517510646736,-0.0007421605321682823,87.95756858751933,0.13019549868083635,-42.641012534897015,-0.0007734813974536751,66.27216310996441,1.394336729195196e-09,1.0810625233170478e-08
2.275e-07,116.73235916732048,0.2657465126627059,-42.21484369633742,-0.0013003992610463244,117.34600247557351,0.2657778642688645,-42.712726324107024,-0.0011961616012882898,106.98688881117424,1.4102720155957281e-09,1.0699123298600826e-08
2.3e-07,140.9717350047256,0.43972197850626377,-43.057474571402004,-0.0014268913894348136,140.2001847906861,0.44018401614517777,-42.82191935874032,-0.001589692094052854,142.86605077941456,1.4264423502165691e-09,1.0596208578937928e-08
2.325e-07,156.5658692984029,0.62999313106211,-43.33776334063732,-0.001825611238297372,155.01373351129354,0.6436097949019172,-42.965087238645154,-0.0019512022358442868,172.28799260135355,1.4429343293964553e-09,1.0509825561770687e-08
2.35e-07,163.06568206359665,0.8709836937620641,-43.518527620809664,-0.0020565287121475867,160.94825456503617,0.8643929377980506,-43.138285673672215,-0.0022772702624632656,193.9229095092422,1.459815006674107e-09,1.0450978942002758e-08
2.375e-07,157.4464924317881,1.095603773692384,-43.51477884323332,-0.002390070947038512,157.90141790706954,1.0899813153740805,-43.337174860788686,-0.002563818880307104,206.79295252805116,1.4771283873027225e-09,1.0432193748488048e-08
2.4000000000000003e-07,146.22262185099314,1.3121179651337573,-43.63918303011819,-0.002993954602395332,146.48192887586177,1.30796021972901,-43.557067241291584,-0.0028061594616889908,210.31642502228505,1.4948937018129751e-09,1.0465212960706408e-08
2.425e-07,126.63320747035193,1.5053156034682966,-44.517372161573064,-0.002918131150178631,127.89782661066195,1.5070100563038475,-43.792978179569914,-0.0029991793718632145,204.33407405921056,1.5131055621057868e-09,1.055851567518322e-08
2.45e-07,102.43555912968061,1.679890722692112,-44.16236476896593,-0.0030146369064425233,103.77820689506363,1.6776802666274662,-44.03967908021419,-0.003137643399337972,189.1162882787481,1.5317358706226998e-09,1.0715292262554615e-08
2.475e-07,74.84073433692846,1.8132032563016136,-43.91167763128525,-0.0031803321436240047,75.9585340890363,1.812897616354455,-44.29175244003939,-0.003216561898220853,165.35087694270257,1.5507371469749776e-09,1.0932368728222764e-08
2.5e-07,47.419004725957656,1.932884839103775,-43.66839652871341,-0.003266148118392573,46.26445916299335,1.9081713707441639,-44.54364831594669,-0.0032315682391239886,134.1119825224817,1.5700467891615052e-09,1.1200291922904298e-08
2.525e-07,17.323200104577513,1.9498173073114782,-44.94100409464284,-0.003398042139103252,16.327728146801864,1.9615065540945285,-44.789741678632126,-0.0031792481686071785,96.81153190552776,1.589591719843153e-09,1.1504475126671113e-08
2.55e-07,-14.484601690614042,1.9642074303514332,-44.8063456222907,-0.0028355254914925673,-12.539341923877915,1.973080998983016,-45.02439011604645,-0.0030573735809982234,55.13542051539482,1.6092928895993691e-09,1.1827063299142387e-08
2.575e-07,-38.8576639108476,1.9711624454157604,-45.473087448413274,-0.002579681061355291,-39.395891866420584,1.9447746261930523,-45.24199134926767,-0.0028650111412911144,10.967313677885057,1.6290692109124001e-09,1.214907205258814e-08
2.6e-07,-64.60924633546746,1.8767718195226333,-45.90275962626745,-0.0028280412802197687,-63.650004587883934,1.8796549343894355,-45.437040027067376,-0.002602498879264859,-33.69649076199551,1.6488406573186677e-09,1.245238987069373e-08
2.6250000000000003e-07,-87.10480066458732,1.782583976547474,-45.534351279858384,-0.0022014363007422655,-84.97428821580813,1.78151873406897,-45.60418327389466,-0.0022713071945432944,-76.83729055646899,1.6685304505081591e-09,1.2721366210586565e-08
2.65e-07,-102.98024321624433,1.657238180978598,-45.38407565037488,-0.0019361965082737055,-103.18324502592282,1.654567970196669,-45.738274479184156,-0.0018738204748235863,-116.5052197993899,1.6880664388671592e-09,1.2943872900139516e-08
2.675e-07,-119.23835855639442,1.5075111180577028,-45.90373666543576,-0.0014184034825068977,-118.10253387843683,1.503261557228552,-45.834424833689035,-0.0014130882044987405,-150.90737842477262,1.7073819111027879e-09,1.3111862446656271e-08
2.7e-07,-129.3717119772783,1.3362420511932183,-46.16919537517322,-0.0010640384936212524,-129.46090292556568,1.3323424599074989,-45.8880521407827,-0.0008925977939891541,-178.48886720680423,1.7264161634610692e-09,1.3221519603150582e-08
2.725e-07,-135.45059076521548,1.147141061195904,-46.70748145304655,-0.0003571072937418835,-136.8304023072858,1.1469979316094876,-45.894926457152344,-0.0003161148513391355,-198.00306566387323,1.745115136598495e-09,1.3273107964654882e-08
2.75e-07,-140.42746940810838,0.9473637416746707,-45.9607952523824,4.652739589793074e-05,-139.63045739483027,0.9530787071024134,-45.851212147784594,0.00031237850439635073,-208.56797646541511,1.763432361071973e-09,1.3270573033606513e-08
2.775e-07,-136.00466770852427,0.7512615442627182,-45.57474014013691,0.0009763084756312471,-137.198347805328,0.7572861545778644,-45.75350597433184,0.000988637613363126,-209.70608970267608,1.7813303155101543e-09,1.3220912350586846e-08
2.8e-07,-128.4015327029375,0.5804467515035487,-45.71672720434903,0.0016362246250796512,-128.91499917511788,0.5672382069321351,-45.598870873540285,0.0017080147166702968,-201.36596524915805,1.7987821366628305e-09,1.313329777186867e-08
2.825e-07,-115.07111278811718,0.3858126567062656,-45.590588052966275,0.0023398380283781097,-114.3632712763728,0.3913451668767532,-45.38486512306818,0.0024652576342189514,-183.92455773719044,1.8157734593963463e-09,1.3017958875644156e-08
2.85e-07,-91.42472630170589,0.23314887790401284,-45.07637784143442,0.002968212541797871,-93.48829602633502,0.23846165348103684,-45.10956663535837,0.00325429591248915,-158.17017906698774,1.8323040406566538e-09,1.2884912078432431e-08
2.875e-07,-67.80921654661894,0.11376230866351646,-45.04824852485588,0.004273593655352765,-66.72732844675228,0.11732468837109439,-44.77159216585619,0.004068068309196131,-125.2668685039853,1.8483887612790734e-09,1.2742722908104457e-08
2.9000000000000003e-07,-33.844660687050556,0.04461487180171569,-44.51352752678763,0.004741420993131761,-35.08047427871536,0.035832223296596084,-44.37011126936855,0.004898441135286183,-86.70178075490321,1.8640576185774926e-09,1.2597572183177629e-08
2.925e-07,-1.3547697571699155,-0.0028201338054987856,-44.136016049925814,0.005720738764495439,-0.10292251653680573,0.00025309332946945733,-43.904854887309675,0.005736253302327518,-44.21796996170908,1.8793544217198483e-09,1.2452907283078728e-08
2.95e-07,37.16387729129088,0.027094770146444784,-43.504877295109814,0.00657267565544796,36.18765750747982,0.014481515748658025,-43.37611849853117,0.006571503263743181,0.2643923761500882,1.8943340670081383e-09,1.2309861796892297e-08
2.975e-07,71.16165495616858,0.06780275903378702,-43.077087162513884,0.007743319477339533,71.48038083514525,0.07945244048886797,-42.78475981693397,0.00739366900222618,44.73480478070816,1.909058474869994e-09,1.216842589741444e-08
3e-07,104.33423182787273,0.19646699957835267,-41.74293283750332,0.008202364204634523,103.39546803433637,0.19281722055152117,-42.13219106965151,0.008192129044009266,87.18330588377131,1.9235914802897183e-09,1.2029100545099811e-08
3.025e-07,128.7986866960044,0.3476940446507269,-41.52210789290533,0.009054711175728682,129.7320566669404,0.3489446811552791,-41.42036593981714,0.00895663428900517,125.69132010347366,1.9379931473666023e-09,1.189456118691292e-08
3.05e-07,148.94619718797364,0.5388557700635811,-40.2704580569587,0.009643476378939808,148.7032329906367,0.5392663229253227,-40.65176130733296,0.009677770489844926,158.5183728914045,1.9523140950558152e-09,1.1770781699764242e-08
3.075e-07,160.01637168012354,0.7389378807332804,-39.56801182975849,0.010492152537066389,159.1234303157429,0.7529338466137802,-39.82935396918947,0.01034735130620209,184.18075621861334,1.966590453490345e-09,1.1667176921494625e-08
3.1e-07,160.37070581264692,0.981966186471117,-38.98722550166494,0.011045269779322702,160.52066343128413,0.9777109744152404,-38.956592567317195,0.01095869204929724,201.51858879966747,1.98084001122883e-09,1.1595593517795086e-08
3.125e-07,155.02350384034568,1.2032330975959884,-38.33167797984315,0.011407389185764947,153.15804287360012,1.2009874917228573,-38.03736499625696,0.011506732782190401,209.74824008535913,1.9950599714006025e-09,1.1568327826510548e-08
3.15e-07,136.7942235834536,1.419443314262875,-37.21340210093588,0.011760002166439463,137.96356417876308,1.4107872759044844,-37.075961604717726,0.011988003148325007,208.49774857896347,2.009226531221134e-09,1.159565387444585e-08
3.1750000000000003e-07,116.1299275982467,1.5966374240345127,-36.01138620891104,0.01257550192593979,116.38176984802777,1.5966464462974057,-36.07703454396973,0.01240044605285453,197.82363364882454,2.0232962672222646e-09,1.1683497220018854e-08
3.2e-07,88.93023557336004,1.7462927807407933,-35.12846250569405,0.012694712871060183,90.17300642241005,1.7502617325924916,-35.045553651647964,0.012743138831967673,178.20834098161814,2.0372090849427332e-09,1.1831841082231382e-08
3.225e-07,61.61921603784644,1.8773470582701308,-34.01288770137625,0.012980555845575056,61.19356173103286,1.8658483999899746,-33.98675929158978,0.01301596511254022,150.53843713598548,2.0508923121371505e-09,1.203422726769921e-08
3.25e-07,31.14349755214174,1.9329656355640485,-33.38827893070725,0.013119972576918609,31.191697799848264,1.9401946574617501,-32.90611259851475,0.013219295725715542,116.0645387530631,2.0642654062721484e-09,1.227840391930759e-08
3.275e-07,1.7884267799626898,1.9863097794818663,-32.144952509041076,0.013511234977716257,1.650260031109843,1.9724470995212988,-31.809243600419823,0.013353732005191443,76.34478753233509,2.077244725075662e-09,1.25478849254941e-08
3.3e-07,-25.68109435797383,1.9680701285036877,-30.887338290500303,0.01353879483400812,-26.303014554260116,1.9637011789872778,-30.70189771128456,0.013419950594762602,33.174425775166625,2.0897478730218152e-09,1.2824008917794882e-08
3.325e-07,-51.63207757157199,1.9150542613503212,-29.882018196515773,0.013699691940479652,-51.90938383639097,1.9164953173042147,-29.58988110189156,0.013418668152232145,-11.49534447890169,2.101697271862952e-09,1.3088053915190259e-08
3.35e-07,-74.22450737291219,1.8287493320725254,-27.943027751127307,0.013321942009717983,-74.72318304395668,1.834313094110074,-28.479005467116046,0.01335072085529848,-55.645551340878775,2.1130227826596973e-09,1.3323055638301874e-08
3.375e-07,-94.28264359962974,1.7198110527357187,-26.634147327500308,0.013211804215836688,-94.50475551074516,1.7211844906763114,-27.375032713839666,0.013217231641162177,-97.28070600388837,2.1236633961678434e-09,1.3515135007338117e-08
3.4000000000000003e-07,-110.901906430261,1.570334972857725,-27.127275431733196,0.01305576665580734,-111.08980997445427,1.5814473432113996,-26.2836200946366,0.013019821599850427,-134.51899429292348,2.1335681730120624e-09,1.3654297030583527e-08
3.425e-07,-123.5909994908413,1.4351775159523426,-25.599206866102787,0.012796655081185824,-124.26639748665929,1.4196898693144553,-25.210266308559987,0.012760813840986287,-165.67733038009004,2.142696725330346e-09,1.3734770060990038e-08
3.4500000000000003e-07,-134.8348827012118,1.2325679808259955,-24.576424965326932,0.012333271283225348,-133.68838574569222,1.240852093136095,-24.160259081752216,0.012443379882585372,-189.34742843114313,2.15101956872761e-09,1.3754992039527738e-08
3.475e-07,-136.54954599394327,1.049823347514558,-23.45060195890228,0.011870039202742474,-138.84652024701344,1.0504263872764323,-23.138624727294065,0.012071589802692228,-204.45945391810105,2.15851863266549e-09,1.3717328967970002e-08
3.5e-07,-139.18075732129762,0.8478415464388347,-21.768133668496894,0.011836847787549972,-139.10634938894566,0.8546723104281276,-22.15008016581028,0.011650345969442318,-210.33037770357643,2.165188108855556e-09,1.3627560504427187e-08
3.525e-07,-134.03270104855514,0.6578587601122334,-21.262982430611263,0.011320002188012542,-133.8086346361451,0.6607532558749305,-21.198987866026847,0.011185202702490701,-206.69484740232355,2.171035663703726e-09,1.3494125419283976e-08
3.55e-07,-121.69635808255592,0.4823933215523288,-19.70395337729605,0.010713316991259096,-122.41488504622187,0.4767137379846526,-20.289314137923057,0.010682096575712575,-193.71718070476422,2.1760838738869315e-09,1.3327117075409825e-08
3.575e-07,-105.16147186666194,0.3085137978564641,-19.193257283814567,0.010421170944428371,-104.67075030800616,0.31124453019975945,-19.42459118058249,0.01014703012777445,-171.98393859158054,2.1803715980498023e-09,1.3137070283158644e-08
3.6e-07,-80.82350514503996,0.17037980822437818,-18.64289577365018,0.009660412649637023,-80.75503158123878,0.17322325920884876,-18.607883252592234,0.009585762149072646,-142.47741411316625,2.1839549031823896e-09,1.2933674845357852e-08
3.625e-07,-51.11412851478353,0.07714691568091135,-17.754469598609123,0.009123982748938898,-51.38299468651036,0.07106312449223201,-17.841757295177267,0.009003558477128307,-106.53123498072254,2.186907143030828e-09,1.272465092689121e-08
3.65e-07,-19.635831834337115,0.00396994632896395,-17.73722599116228,0.008520273082822138,-17.839404557137204,0.011943872359346845,-17.12825829752699,0.008405048105745888,-65.77008663078436,2.1893178461480657e-09,1.2515074308165736e-08
3.6750000000000003e-07,17.278093456012098,-0.0017803570288405996,-16.756193280170447,0.008093514168113498,18.071895609313266,0.0010292743149401828,-16.468889650337253,0.0077942119259622866,-22.036280143385596,2.191290206179209e-09,1.2307398005978024e-08
3.7e-07,53.38372138526829,0.040329210377930635,-15.920418059995436,0.007051598981140155,54.16094858608407,0.04078834696426378,-15.864598687847325,0.007174508612257386,22.69351602326252,2.192937156006397e-09,1.2102263377185086e-08
3.7250000000000003e-07,88.63252620760275,0.137993955190878,-14.767741134564563,0.006721074372018518,88.05198721801979,0.13053060525837573,-15.315767571006234,0.006549118062170126,66.39761694561517,2.1943762193485036e-09,1.1899958988401182e-08
3.75e-07,117.33587371772089,0.2625652743059202,-14.922151667458623,0.00614909979507519,117.42391380571986,0.2662394799560765,-14.822209615289923,0.005921261666179493,107.10069678935056,2.1957235322436403e-09,1.1702144969087411e-08
3.775e-07,139.67268032717016,0.4172051993615724,-14.126287264170427,0.0051240909865007365,140.2562942649245,0.4407467831909965,-14.383171116546476,0.0052945442981292236,142.96306903867733,2.197087577852307e-09,1.1513309880563613e-08
3.8e-07,153.96204006218846,0.6594630722098291,-14.952802088909724,0.0046867227155155495,155.04452986751403,0.6442416011996508,-13.997338677531518,0.004673257867653817,172.36383613732485,2.198563254075223e-09,1.1341441424680585e-08
3.825e-07,161.85373495798993,0.8694547907289543,-13.424355316537808,0.0038458509867629978,160.9523428581723,0.8650575616579945,-13.662851986959506,0.004062591516058232,193.97415036681386,2.20022687986186e-09,1.1197589043623583e-08
3.85e-07,157.9418678740724,1.0835630329544759,-13.253165671280888,0.003508288662341779,157.87958309724095,1.0906414328515415,-13.377321952404987,0.0034687082028990023,206.81727473715213,2.202132643165411e-09,1.1094320794079042e-08
3.875e-07,144.6718741384253,1.2944645778073542,-12.534780584502247,0.0029669811734855437,146.43692701052697,1.3085803936644815,-13.137854038693131,0.0028986689960321783,210.31272927445303,2.204310816768647e-09,1.1043419101039405e-08
3.9e-07,128.43781435268122,1.5052517601733617,-12.679350543913104,0.0022759754610199266,127.83394402296133,1.5075593392328441,-12.941076614973369,0.0023602111011692753,204.30252739383116,2.2067678456353637e-09,1.1053398912457101e-08
3.925e-07,104.17486540636288,1.689023389044777,-12.61567239817885,0.0019088276960345099,103.70066386790373,1.6781341209462473,-12.783174066911839,0.0018614092539457176,189.0583165332546,2.2094881766509435e-09,1.112748455293256e-08
3.9500000000000003e-07,75.13679011392871,1.811459455166483,-12.417165648183685,0.0011961492489338521,75.87283190251995,1.8132389717534705,-12.659924385791822,0.0014102684636907667,165.26910030797347,2.2124374956859048e-09,1.1262536823707992e-08
3.975e-07,48.37274670127815,1.9050913686429782,-12.249712399926393,0.0008825249941044823,46.17577457646558,1.9083907803408284,-12.566740904182787,0.0010143060926743929,134.01009711617502,2.2155668899725616e-09,1.144914107197706e-08
4e-07,16.262459896848465,1.9565067241771488,-12.898447328458868,0.0005746001101880447,16.240446473852845,1.9616015522111863,-12.498717808611273,0.0006801812173891035,96.69414271598707,2.2188173874617203e-09,1.1672754901914946e-08
4.025e-07,-12.417764087588852,1.9725394587130016,-12.9270273174037,0.00040305610111724896,-12.62189240466341,1.973054880714421,-12.450679023698953,0.0004134192706306427,55.00783326665432,2.2221243466100194e-09,1.1915574301221726e-08
4.05e-07,-40.603963479465435,1.9539213199635534,-12.755960508790881,-0.00014963356711772012,-39.471480116316684,1.9446349419942468,-12.417230029853572,0.00021826198026279436,10.83529502303615,2.225421272135328e-09,1.2158672156305645e-08
4.075e-07,-65.12780601098119,1.8732285181850745,-12.821449081823662,3.999492946451983e-05,-63.7173295139814,1.8794120101936203,-12.392812148105381,9.764989241330917e-05,-33.826973880402,2.2286427931443076e-09,1.2383998965303694e-08
4.1e-07,-85.07611433795051,1.77629429957893,-13.22130038983409,-9.25342421937623e-05,-85.03265936741866,1.781184487348496,-12.371758801336542,5.332140576809298e-05,-76.96034059862889,2.231726728434203e-09,1.2575968867210029e-08
4.125e-07,-102.35359761474757,1.6522853420130998,-12.424605926780274,6.493527428309392e-05,-103.23219329967881,1.654155203681968,-12.34835324118199,8.59924467815529e-05,-116.6152751836209,2.234615344423287e-09,1.2722518875068536e-08
4.15e-07,-117.42756422592068,1.5121372909733544,-12.177107773935502,0.00040747784556277,-118.14144499117687,1.5027837921723275,-12.316887214472567,0.00019556821344498287,-150.99946489833593,2.23725605114263e-09,1.2815665253995119e-08
4.175e-07,-129.5848553939401,1.3234878312929599,-11.837082706407994,0.0004382432024969131,-129.48875952710387,1.3318142428005504,-12.271720032392919,0.0003813350404041042,-178.5588226708034,2.2396018563593296e-09,1.2851653507031894e-08
4.2e-07,-138.2625690146178,1.1342610188876667,-12.128949778397397,0.0004661373889879486,-136.84569744861355,1.1464354364221792,-12.207337499641278,0.0006420869278461002,-198.0477282906451,2.2416118951846444e-09,1.283080368118081e-08
4.2250000000000003e-07,-141.75898011938932,0.9740625021544772,-12.052640941611203,0.0009154979963431571,-139.63130694936063,0.9525003806611464,-12.118410159868557,0.0009761563789345437,-208.5853276059398,2.2432522751756303e-09,1.2757112285871643e-08
4.25e-07,-139.1059299706439,0.7488580674368157,-11.768572757314665,0.0012013489397464912,-137.182788841568,0.7567131298776293,-11.999850317558565,0.0013813400926167064,-209.69534512491572,2.244497341841038e-09,1.2637621297812895e-08
4.275e-07,-129.38501198108125,0.5668891339817186,-11.021618001223368,0.002184030535236847,-128.88142268333561,0.5666942427935533,-11.846867305261707,0.001854732893577362,-201.32761058355862,2.245331304480051e-09,1.2481539329777462e-08
4.3e-07,-114.41537968198472,0.3820191653317824,-11.700795547100123,0.0024931239767344627,-114.31090820048439,0.39085595672758805,-11.655020478647032,0.0023925038253089473,-183.86032652729236,2.245750001126895e-09,1.2299124102513323e-08
4.325e-07,-94.25078163625463,0.24022890150758003,-11.13244399327254,0.0029502466651716614,-93.41766075541581,0.23805346611010098,-11.420269440075113,0.002989662766225744,-158.08297441720447,2.2457624573807236e-09,1.2100411087524587e-08
4.35e-07,-66.8881698605777,0.11323403432774652,-11.147166069084227,0.003697996706341289,-66.64052666133225,0.11702243747458914,-11.139021014167088,0.0036398715262508973,-125.1606318658958,2.245391833863189e-09,1.1893976072132774e-08
4.375e-07,-35.44502867354248,0.03244939916073956,-10.878296724535307,0.004157213322332036,-34.98130205522542,0.03565718590829395,-10.80817252595585,0.004335349003062447,-86.58131378261639,2.2446753762198084e-09,1.16860025618531e-08
4.4e-07,-0.40957503719203525,0.007167981799829382,-10.627112775889174,0.005042747231775229,0.003282515920274065,0.00022058680473498825,-10.425150963423185,0.00506690628048279,-44.08871748803136,2.24366308074641e-09,1.147993508683889e-08
4.425e-07,35.43080947568012,0.019860062337090575,-9.517005406952972,0.005753703983243028,36.294410293735744,0.01459888163476096,-9.987947641279515,0.0058241268780971816,0.3965884337530972,2.242414953855216e-09,1.127690124529619e-08
4.4500000000000003e-07,71.507040191412,0.08161622412298873,-9.718326655773383,0.006820318863042672,71.58064316370688,0.0797176630363027,-9.495148021426191,0.006595683323264395,44.86396946148441,2.2409969482069374e-09,1.1076884129057985e-08
4.475e-07,103.92527956015991,0.1846519843077793,-8.915972393444733,0.007344970823245022,103.48236225883447,0.19321842993253222,-8.94595638731863,0.007369758054658719,87.30360123829507,2.2394758680668783e-09,1.0880377513898178e-08
4.5000000000000003e-07,132.68663231345022,0.33721784756558854,-8.47139194322149,0.008106331244722192,129.7995959061466,0.34946066892694927,-8.34021511405501,0.008134518493295604,125.79730905567047,2.237913715107036e-09,1.0690049024493171e-08
4.525e-07,150.20388522495122,0.5493188329459148,-8.005849342397322,0.008731011762720158,148.74695984635977,0.5398680501978503,-7.678418323059661,0.00887858618383091,158.60526498200258,2.236362061864926e-09,1.0511862061885257e-08
4.55e-07,161.56483884413674,0.7522404257654964,-6.723976333558426,0.00974763456499871,159.14086943848517,0.7535867785191361,-6.961719759298905,0.00959144002369787,184.2446241229969,2.2348570719899123e-09,1.0355215421326842e-08
4.575e-07,159.26037632155945,0.9784560211774915,-6.012934866981139,0.010503554915259575,160.51152259482308,0.9783779526871766,-6.191934779627506,0.01026370380000874,201.55654583400624,2.2334157269329794e-09,1.0231931316590743e-08
4.6e-07,152.02031658624028,1.1972669743448692,-5.586972690051888,0.01080208966355543,153.12413752705552,1.20163178109341,-5.371536392671081,0.010887286805472077,209.7585706781397,2.232033675989534e-09,1.01542714734351e-08
4.625e-07,138.5375410388652,1.4095195798065145,-5.061488318069496,0.0112454369299371,137.90848473329274,1.4113754022912781,-4.503645343143815,0.011455369994615853,208.4799858109183,2.23068492282081e-09,1.013246519816917e-08
4.65e-07,117.39959621343577,1.5974984295288133,-3.179551500658311,0.012119691593795688,116.31035154087284,1.5971504879659852,-3.592014286221059,0.011962254857343653,197.77858035661848,2.229323329275883e-09,1.0172385226486426e-08
4.675e-07,89.5138520363661,1.7428116178964077,-2.239366743392249,0.012391409973331234,90.09069147303894,1.7506608216349768,-2.641006150060905,0.012403113642094168,178.138033471458,2.2278856936795503e-09,1.0273957372143455e-08
4.7e-07,59.65676442047173,1.881556070613442,-1.571598914944925,0.01286646652591784,61.1057575679339,1.8661293234499428,-1.6555668363393137,0.012773694056386493,150.44605314722023,2.2262959811095846e-09,1.0430665638807486e-08
4.7250000000000003e-07,29.649790150431205,1.9466989887613597,-0.15223827378563876,0.012932827164988149,31.10323111263373,1.9403515920780003,-0.6411924592620988,0.013070036651146828,115.95425383159844,2.2244701750166813e-09,1.063020387786932e-08
4.75e-07,0.2496337821631398,1.9770540877647433,0.14816250284578633,0.013200555858567843,1.5650052240315535,1.972480646240982,0.3961086274969965,0.013288257975161314,76.22158630546787,2.222321197689623e-09,1.0856038108144338e-08
4.775e-07,-26.26963055990068,1.980862847144327,1.3196721495054697,0.0133409113268623,-26.38228829597041,1.9636169605112186,1.44985871955548,0.013424438294657467,33.04387665778778,2.220124354855555e-09,1.1091343289064059e-08
4.800000000000001e-07,-52.53745200305722,1.9038038562210218,2.667858263125335,0.013533793365227205,-51.98094391985161,1.9163024478829696,2.5131582254419937,0.013474631859624955,-11.627340963989086,2.218397470826852e-09,1.132044370646055e-08
4.825e-07,-72.59588712218842,1.8472114874465728,3.506297518551524,0.013102817055756425,-74.7860810225292,1.8340228188479784,3.578737322652417,0.013434994155635803,-55.77302925314152,2.217074165149257e-09,1.1526298545850836e-08
4.85e-07,-94.3981115366882,1.721864764789035,4.593681414320948,0.013465217948555541,-94.55846135038288,1.7208092254313698,4.639011385372395,0.013301998560372631,-97.3979036320005,2.216091220771952e-09,1.1694925996951058e-08
4.875e-07,-109.29028797818206,1.5800044458578868,5.168949042489482,0.013307749973122309,-111.1338225994951,1.5810002392520282,5.686139728332915,0.013072698285483393,-134.62061457098596,2.215389417693062e-09,1.1816200603368075e-08
4.9e-07,-125.01357845482356,1.4170587379151967,7.708644610605591,0.012907546844208678,-124.29992310385718,1.4191848999185397,6.712087180406451,0.012744981374348175,-165.75878030295527,2.2149139610709743e-09,1.188419154355019e-08
4.925e-07,-133.7847207438831,1.2328024670223363,8.065416168337151,0.012199939333247633,-133.71016003264083,1.240304536489734,7.708687974866177,0.012317768257440683,-189.40502664778504,2.2146148333417876e-09,1.1897148473372522e-08
4.95e-07,-136.25887588326052,1.053774873733258,9.066195681804384,0.011721953724775656,-138.8548206381792,1.0498534846390604,8.667711420966217,0.011791112570716893,-204.49059712029432,2.214447358480615e-09,1.185722004592703e-08
4.975e-07,-139.4842734806394,0.8752230563344845,10.110895738478925,0.01113245754783047,-139.09920492237535,0.8540938287381741,9.580928803863907,0.011166184532539383,-210.3336582895047,2.2143731573408427e-09,1.1769939841614366e-08
5e-07,-134.1258833609841,0.6372060538926178,10.488568828035449,0.010537014737731321,-133.78420028317345,0.6601916895106987,10.440180947049402,0.010445138726993085,-206.670117096974,2.2143615189263766e-09,1.164347236010656e-08
5.025000000000001e-07,-121.52839085233406,0.48076521913715536,12.128911713746954,0.009696755153488872,-122.37191261803429,0.47619394479970556,11.237445863506425,0.00963089051017636,-193.66555726161923,2.214391045031385e-09,1.1487609298340591e-08
5.05e-07,-104.80388528400455,0.3196324551981608,12.435100287048789,0.008544365263351977,-104.60906538752127,0.31079270160905964,11.96490591886933,0.008726843319985803,-171.90775527270955,2.2144512792437582e-09,1.1312557678996218e-08
5.075e-07,-81.29142814228753,0.17270213071769808,13.335292435629484,0.007567457620657231,-80.67591975754074,0.1728652541436672,12.615013931904276,0.007736619575128143,-142.3801142310899,2.2145439366302062e-09,1.1127655439550463e-08
5.1e-07,-52.02901008572366,0.06883187672456738,13.547306920506042,0.00660275640682769,-51.28941200538805,0.07082232872715354,13.180557644716497,0.006663848614142869,-106.41721626852983,2.214683329023349e-09,1.0940249852211388e-08
5.125e-07,-17.53770640076647,0.019791473311103494,13.077056573857934,0.0055143171573722215,-17.735954671931694,0.011838853691520117,13.654722007114955,0.005512056001161008,-65.64450247461025,2.2148956409217636e-09,1.0755026850332223e-08
5.15e-07,17.45112491576388,0.006135706406595802,13.470089262305327,0.004207269896841028,18.179236351484153,0.0010715697745308634,14.03114873645573,0.0042846810452998535,-21.904806661096206,2.2152168458202245e-09,1.0574037434551175e-08
5.175e-07,55.28720021028448,0.0272649226306782,14.143064345116745,0.003046074163620247,54.265333749888555,0.04098072759162785,14.303992635891213,0.002985226591268876,22.82493652967088,2.215689241586342e-09,1.0397513652213917e-08
5.2e-07,90.66090601978418,0.11090979084419099,14.617410381071233,0.0016840044568607333,88.14636630380754,0.13086611383605876,14.46797418009643,0.0016175210586047207,66.52304456853757,2.2163567951683133e-09,1.0225331663714593e-08
5.225e-07,120.05722369292855,0.2493768273434201,14.720315984104658,0.00017860866082010905,117.50176785088951,0.26670143480425745,14.518427908000884,0.0001860516115539886,107.2144624858673,2.217259685376198e-09,1.0058738966455922e-08
5.250000000000001e-07,140.24380107283656,0.4232027597052714,14.62532162008112,-0.0013082702516941111,140.3123332489687,0.4413098033837869,14.451346196563284,-0.0013036869987139877,143.0600308583856,2.218428583057087e-09,9.901812558238852e-09
5.275e-07,155.14097796850265,0.6422694051853876,14.637712330803689,-0.0028406611329937683,155.0752484065555,0.6448735583807439,14.26341802789654,-0.0028448883715483566,172.43961162678377,2.219879283584452e-09,9.76212965986403e-09
5.3e-07,160.20591943426746,0.8638279818702794,13.405242855276905,-0.004514232557429983,160.9563524816526,0.8657222264075015,13.952062403743401,-0.004429230323596848,194.02531464646344,2.2216082925269584e-09,9.650329835545913e-09
5.325e-07,158.21760378905907,1.097889847892412,13.843729695913495,-0.006120701502771004,157.85767501480763,1.0913014825263783,13.515456106069069,-0.006046811100826744,206.8415152980684,2.2235898620715125e-09,9.57857191352067e-09
5.35e-07,144.46223719261963,1.3075558473774744,13.239384368351185,-0.007662190408984413,146.39186253020344,1.3092004008169098,12.952555549979667,-0.007686244713065106,210.30895049848618,2.2257747987835686e-09,9.558231197607737e-09
5.375e-07,126.99829765495998,1.5096034645110747,12.788351983523476,-0.009275602917713415,127.77001316337866,1.5081083728931965,12.263112524891532,-0.009334909365937859,204.27090007304912,2.2280911405986186e-09,9.59742091973826e-09
5.4e-07,103.88589610147238,1.682949354096239,11.93337431732753,-0.011240208958788972,103.62308870290394,1.6785876644421023,11.447683671429743,-0.010979319290729594,189.00027015053251,2.230446568183521e-09,9.698974056091933e-09
5.425e-07,75.23087230220015,1.8216569993771334,10.767122648397823,-0.012362642731931677,75.78711359749596,1.8135799774692398,10.507633594479902,-0.012605571807368345,165.18725842762095,2.232732210062445e-09,9.859376356436852e-09
5.45e-07,45.70264304759179,1.9090776357082786,9.914944132311033,-0.01427315848612426,46.08708815574721,1.9086098232790898,9.445131566694723,-0.01419981134654474,133.90815880480656,2.234827354270114e-09,1.0068860355879901e-08
5.475e-07,16.35465308852645,1.9622177312904343,7.954231685158725,-0.01569011755929106,16.153174414467827,1.9616961856941244,8.263141831097936,-0.015748652061179886,96.57671535312886,2.236604513371105e-09,1.0312558161484346e-08
5.5e-07,-13.107210101003583,2.001825417926753,7.25689468425189,-0.017454295905575293,-12.704425112168517,1.9730284146579355,6.965407565759525,-0.017239510453030703,54.88022430169386,2.237934311908478e-09,1.05723712415878e-08
5.525e-07,-41.47123666816666,1.937385722254536,5.37436153141218,-0.018705032400333544,-39.547045514072394,1.9444949371218438,5.5564286273645145,-0.018660817254252546,10.703272090584367,2.2386897678685907e-09,1.0829111081622351e-08
5.55e-07,-64.05582191405536,1.8725512766720713,3.8654426096722285,-0.01990881451369568,-63.78462883638735,1.8791687986636745,4.0414332433980995,-0.020002100353398427,-33.957443644454166,2.238749701010718e-09,1.1064500777608302e-08
5.575000000000001e-07,-85.27076419648999,1.7712576307313368,2.3266555144362444,-0.021340803132402587,-85.09100340098614,1.7808499900110788,2.4263438741533117,-0.02125395373998031,-77.08336025806655,2.238001189638317e-09,1.1262761143040353e-08
5.6e-07,-102.17003726389008,1.6627788876220755,0.2651724208701865,-0.022038436432694108,-103.28111301791131,1.6537422253620415,0.7177375153955605,-0.022407927080213552,-116.72528452998746,2.2363411783013714e-09,1.1411669671375725e-08
5.625e-07,-119.26244207662731,1.5100161289695668,-1.9861537222379195,-0.023476665973154454,-118.18032522933389,1.5023058564890008,-1.0771992401507688,-0.02345638311739149,-151.09149175970242,2.233677479101058e-09,1.1503116599827256e-08
5.65e-07,-130.16700019168923,1.3182317861743562,-2.7396478279362655,-0.024693915628631886,-129.51658152309093,1.331285900063053,-2.950720019699032,-0.024392373401828118,-178.6287076426068,2.2309110534528037e-09,1.1538356826389902e-08
5.675e-07,-134.74404489876895,1.1281640640720099,-4.790952509949057,-0.02512552771329303,-136.86095287681448,1.1458728663943183,-4.894572961355305,-0.02520957637558974,-198.09231273131002,2.2286966145664927e-09,1.1521321152850858e-08
5.7e-07,-138.28528197996573,0.9514410345660732,-6.559202086877839,-0.025886859944298,-139.63211092974385,0.9519220376555253,-6.900059036728347,-0.025902326833250194,-208.6025964002806,2.2270387247631362e-09,1.1456137861645507e-08
5.725e-07,-136.4201203933318,0.7335629117816694,-9.01271835032865,-0.02647821873041059,-137.16717880193235,0.7561401549963445,-8.958093928503764,-0.026465745070235355,-209.68451776275387,2.2259485504010834e-09,1.1349968084936155e-08
5.75e-07,-127.17592155488556,0.5722077422502664,-11.80392232132614,-0.02679733415810995,-128.84779137371066,0.5661504019036889,-11.059272956092894,-0.02689595147175608,-201.28917643700714,2.2254452071365546e-09,1.1212124951033976e-08
5.775e-07,-114.80069858939154,0.38936622979740726,-12.98295780749118,-0.02719371688485161,-114.25848974356633,0.3903669472626279,-13.193938516611382,-0.0271903320977754,-183.79602273224916,2.2255572485837256e-09,1.1052954199173539e-08
5.800000000000001e-07,-92.25891447088773,0.2384619394858705,-15.639398572583094,-0.027408988417948747,-93.34697386907904,0.23764555593156889,-15.352249487171994,-0.02734780677497583,-157.99570735876543,2.2263239550400163e-09,1.0882561422876765e-08
5.825e-07,-66.59115155201764,0.11175677407375698,-17.448732731416076,-0.027256425212653822,-66.55368198293323,0.11672053300549448,-17.52425201795588,-0.02736904600544038,-125.05434581636977,2.227796019092369e-09,1.0709574004433777e-08
5.85e-07,-35.35579253510396,0.03747473006973505,-19.592907511940396,-0.027311788896785788,-34.88210055298927,0.035482549953435416,-19.699951133917644,-0.02725658774561998,-86.46081262939808,2.230035244287683e-09,1.0540208826855437e-08
5.875e-07,-3.4287548662558676,0.0016639656942667737,-21.752914924016185,-0.027035206018442105,0.10949913509298703,0.000188515923351979,-21.86938255636705,-0.027014819104593475,-43.95944760882912,2.233112972371834e-09,1.0377926717942838e-08
5.9e-07,36.817603203793716,0.00797635936856107,-24.047211643329582,-0.026571802401633,36.4011543875433,0.01471669142572712,-24.02268415412435,-0.02664980888705599,0.5287843347885258,2.2371071198124185e-09,1.0223856010812382e-08
5.925e-07,70.07991027023185,0.08082559140205141,-26.2212151030167,-0.026359536491095344,71.68087590994438,0.07998330894176356,-26.15016643746919,-0.02616900103430459,44.993116430674554,2.2420979089006488e-09,1.007796617109352e-08
5.95e-07,103.13506786298143,0.18460138665043418,-28.111893414290254,-0.025540210349788654,103.56920758384479,0.1936200133223882,-28.242381516665617,-0.025580802151869735,87.423862126739,2.248162588305009e-09,9.940723158902903e-09
5.975e-07,130.926327749816,0.3539734132766337,-30.350366088357106,-0.025060232446241927,129.8670705716254,0.3499769555924769,-30.29018996037911,-0.024894114352877635,125.90324834508068,2.2553696163409233e-09,9.814751288754156e-09
6e-07,149.43286448446742,0.544877572978658,-32.832748299663386,-0.024140095019223564,148.79061174649718,0.5404699812690849,-32.284825007669085,-0.024117874362852967,158.69209445775334,2.2637728958427516e-09,9.70595242218331e-09
6.025000000000001e-07,160.79218784855698,0.7420075967469991,-33.73957042374405,-0.023051920776686986,159.158229502105,0.754239806993707,-34.21795361030111,-0.02326065944672147,184.30841929052184,2.2734066810214605e-09,9.623642014352445e-09
6.05e-07,162.11057022696406,0.9944358089782109,-36.13176450786139,-0.022148342760104404,160.50230505952712,0.9790449170815635,-36.08173380965807,-0.022330410225502157,201.59442329701255,2.2842817167832812e-09,9.579533705925127e-09
6.075e-07,150.2296379624417,1.2060747360072779,-37.780550125277394,-0.020887885646916692,153.09016368246478,1.202275951780043,-37.86886798430422,-0.02133430161824755,209.76881846155874,2.2963830278411607e-09,9.585753150312251e-09
6.1e-07,136.5563421311185,1.4032848552367638,-38.82167725379922,-0.02016613675621228,137.8533495194392,1.411963318534828,-39.5726515399874,-0.020278769209367917,208.4621407382765,2.3096695708442283e-09,9.652365697959971e-09
6.125000000000001e-07,115.52460949182631,1.6009751643455845,-41.76458876673127,-0.01917323948050393,116.2388929514131,1.5976542470554906,-41.18701665324651,-0.01916967343186399,197.7334489845603,2.3240757302230814e-09,9.785053898761014e-09
6.15e-07,89.79926808820304,1.760008601568716,-42.43842299505596,-0.0178558024152681,90.00835254467168,1.751059577799639,-42.70657072246744,-0.018012562366412778,178.067655635223,2.3395144146727287e-09,9.983530405198803e-09
6.175e-07,62.05010250928055,1.8700331630365146,-43.80026929074445,-0.016921163589743073,61.01794474961041,1.8664098863089884,-44.1266292258384,-0.0168129793823375,150.35360976473473,2.355881331525505e-09,1.0241047095378397e-08
6.2e-07,30.81203255090808,1.9326463471873083,-45.387783174094665,-0.01554519273424799,31.014768730757723,1.940508159017216,-45.443242733784125,-0.01557675673835703,115.84392313323069,2.3730599081302172e-09,1.0545050562686155e-08
6.225e-07,3.301553747305168,1.9652870512592755,-46.605375573942815,-0.014365596960341575,1.4797645351277442,1.9725138352142935,-46.65321787369771,-0.014310241388650152,76.09835498752828,2.3909263075586215e-09,1.0878747369840717e-08
6.25e-07,-27.418302616675355,1.9802625242751608,-47.62693629310158,-0.013226189506933715,-26.46154136878332,1.9635324067466724,-47.754132096692295,-0.013020413562637775,32.91331449520827,2.4093540502506773e-09,1.1223166364569832e-08
6.275e-07,-51.25128992156841,1.9213815457551848,-48.02032297914541,-0.01158907302018961,-52.052479543701466,1.9161092737626533,-48.74434214920731,-0.011714879545022826,-11.75933285878492,2.4282178885002827e-09,1.1559274325755705e-08
6.3e-07,-74.68401858436401,1.8261215109216131,-49.863625924370126,-0.010324511798312824,-74.84895255759042,1.83373227409842,-49.62298620617085,-0.010401743675670417,-55.90048514709559,2.4473967599159143e-09,1.1869793752459657e-08
6.325e-07,-94.01846883508728,1.7253483811126795,-49.9334885521201,-0.0089380897564333,-94.61213940919588,1.720433728448462,-50.389979676556585,-0.009089386657847236,-97.51506280896146,2.4667758351025954e-09,1.2140529281334964e-08
6.350000000000001e-07,-111.54639050515861,1.5786445378702425,-51.295184017236096,-0.007489564190550719,-111.17780566160263,1.5805529433652776,-51.046004746123586,-0.0077861938526992145,-134.72218170296296,2.4862478389138834e-09,1.2361165733427878e-08
6.375e-07,-124.9427684513644,1.4140167234022403,-51.62354571848025,-0.006425315689169686,-124.33341616388158,1.4186797813997394,-51.592493775406695,-0.006500285402488192,-165.8401647868805,2.5057139342857174e-09,1.252560717842658e-08
6.4e-07,-135.03705841460484,1.2629642596320585,-51.89500251163415,-0.005236258855417728,-133.73189729900122,1.239756878331076,-52.03160672317775,-0.00523929835521997,-189.46255009032072,2.525084494183028e-09,1.2631963641726349e-08
6.425e-07,-137.9158656634914,1.056031284292827,-52.73273582487354,-0.004177352977535054,-138.8630784111719,1.0492805348462912,-52.36620281616979,-0.004010259833647079,-204.5216595928382,2.5442800458876015e-09,1.2682270430691265e-08
6.45e-07,-138.38630620809263,0.8471376823294805,-52.50784428981252,-0.002540204024173715,-139.09201199395932,0.8535153622454967,-52.599806734401376,-0.0028195717912083453,-210.33685583903574,2.563232562834883e-09,1.2681974645716541e-08
6.475e-07,-134.8797393016797,0.6454955086044624,-52.58133981233979,-0.0016529217439970603,-133.75971266610233,0.6596302085321335,-52.73656962754521,-0.0016731054515183824,-206.64530520153485,2.581887125423253e-09,1.2639181439122986e-08
6.5e-07,-123.1736430638598,0.48729806316995317,-52.8601876422376,-0.0005589221350209021,-122.32888461072362,0.4756743129873257,-52.78122532104691,-0.0005763812805259371,-193.61385736238014,2.600203805219801e-09,1.2563650308582059e-08
6.525e-07,-105.53135823123726,0.3155202583937973,-53.56144631328252,0.0006718415501838364,-104.54732637924216,0.31034111215114907,-52.73904211074524,0.00046520759204331263,-171.8315040873797,2.618159481090643e-09,1.2465583210171718e-08
6.55e-07,-80.89801043935105,0.15525178244758675,-52.88099640014486,0.001530592902214495,-80.59676005946403,0.1725075620193996,-52.61577058122906,0.0014461808558683344,-142.28275813959928,2.635749201745864e-09,1.2354340406931053e-08
6.575000000000001e-07,-51.70583666209987,0.07183641494279772,-52.088160982437884,0.0023809853413749005,-51.19579268060377,0.07058190898725202,-52.417587915775,0.002360818397133749,-106.3031555445022,2.6529866884916493e-09,1.2237319673732243e-08
6.6e-07,-18.5097452220526,0.008540652219385502,-52.09827024029493,0.0033568289293582254,-17.632483949478836,0.011734256511428287,-52.151039194164206,0.0032031133185215347,-65.51889240302476,2.669903632785444e-09,1.211928696904205e-08
6.625e-07,20.5415522924671,0.013378696825220505,-52.15529978232536,0.004007999009192044,18.286578719066455,0.0011143085738039259,-51.822976198732825,0.003966856775633989,-21.773324531136797,2.6865475786733024e-09,1.2002404459150903e-08
6.65e-07,54.53176373171569,0.053689164923702404,-51.38157537727998,0.004726466906185981,54.36969968640808,0.041173545693941584,-51.4404942684681,0.004645857944268531,22.956348025155776,2.7029783695878292e-09,1.1887047793345361e-08
6.675e-07,88.93939331564081,0.14309953070269749,-50.636196325057654,0.005105342254873711,88.24070578764068,0.13120202482700274,-51.01086775565677,0.005234278311170377,66.64844592921406,2.719263351149419e-09,1.1773269405176614e-08
6.7e-07,115.65919261533828,0.2653004581602059,-50.05459222397372,0.005731274541813325,117.57956456464112,0.26716372933140414,-50.541484649401745,0.005727038371268605,107.32818585581347,2.7354717204529634e-09,1.1662524299206766e-08
6.725e-07,141.7389331447104,0.44764968452417586,-50.45339100542374,0.0063873018387552525,140.3683017120696,0.44187307731943826,-50.03978093517493,0.00612024048358608,143.15693620025826,2.7516685631773737e-09,1.1559124893430437e-08
6.75e-07,153.61280743248346,0.6527345518670821,-50.060429257855084,0.006664486732679989,155.10588911628955,0.6455056670896583,-49.513175259428955,0.00641154667172274,172.51531903981328,2.767909195654146e-09,1.1470906875211831e-08
6.775e-07,161.19082784763398,0.8833949243236113,-49.38045153181824,0.006683774794203471,160.96028344251783,0.8663869327095592,-48.96900446316517,0.006600455494955173,194.07640232799105,2.784234415134819e-09,1.1408785740378955e-08
6.800000000000001e-07,157.17433619532142,1.072860835216525,-48.03688080887774,0.006735969235176497,157.8356936841247,1.0919614650508749,-48.41446053829758,0.006688436890337044,206.86567420123046,2.8006671583670526e-09,1.1385208481939326e-08
6.825e-07,145.56037152281505,1.3079924889408203,-47.816303100255304,0.0067277412175826,146.34673547266325,1.309820241800502,-47.85652954576821,0.006678905560998271,210.3050886958763,2.8172108917978205e-09,1.1411846850119711e-08
6.85e-07,127.94984101957968,1.5080238773372545,-47.56776275058861,0.006641015636940621,127.70603407783942,1.5086571578363848,-47.301933014790755,0.0065770383143973436,204.23919210935114,2.8338498343008937e-09,1.1497116608465139e-08
6.875e-07,104.24307483874617,1.6892933686863052,-46.888707199894824,0.0064891506796023995,103.54548144837997,1.67904089758239,-46.757072318515895,0.00638946444128873,188.94214915349696,2.850550880916246e-09,1.164415877970341e-08
6.900000000000001e-07,75.20834755341471,1.8348483468455046,-46.297697465518915,0.00622024782448406,75.70137921933846,1.8139206338671985,-46.22797649303951,0.006123876689618036,165.10535133395393,2.8672668907606085e-09,1.1849773080818673e-08
6.925e-07,46.038794910083126,1.9041068748228145,-46.35325897201249,0.005779083670146912,45.9983999391619,1.908828499808534,-45.72025393427488,0.005788620481765513,133.8061676286143,2.8839408560954494e-09,1.2104512411140731e-08
6.95e-07,15.17265813389199,1.9507779974362212,-44.76328022488751,0.005319580496371952,16.065911997607998,1.9617904546673766,-45.239048371077004,0.005392319095058178,96.45924986331423,2.9005104040778913e-09,1.2393835354787185e-08
6.975e-07,-12.564331398593362,1.9821106682103524,-44.62140512611842,0.004899223900611002,-12.786940027135033,1.9730016008069482,-44.78899947346735,0.004943582701959316,54.75259367088998,2.916912105365203e-09,1.269997442779105e-08
7e-07,-39.78147765507078,1.9363300690189162,-43.945461289657985,0.00445688969244486,-39.62258804862675,1.944354611438413,-44.374208412216845,0.004450831327907056,10.571244932650266,2.9330851665996094e-09,1.3004073871543778e-08
7.025e-07,-63.70404760591685,1.9040935152035732,-43.94924807899786,0.0038329473013725907,-63.851902549397636,1.878925299536398,-43.99820864078862,0.003922239222460547,-34.08790000264685,2.9489742452697624e-09,1.3288187370703436e-08
7.05e-07,-85.12914365813442,1.7895735666432429,-44.06242858132303,0.0033903284389865595,-85.14932031270247,1.7805152416781367,-43.66394212312407,0.003365784962562569,-77.20634948621294,2.9645313142350714e-09,1.3536859771000814e-08
7.075e-07,-103.19817929452095,1.6529744458536184,-43.527981559549154,0.0028959750049711726,-103.33000417546087,1.6533290347584206,-43.37374118140455,0.0027893720052097515,-116.83524779506025,2.9797166840244453e-09,1.373818163262005e-08
7.1e-07,-116.61158401265993,1.498368863499676,-43.17346266618792,0.0020931129306022405,-118.2191745841072,1.5018277496203682,-43.1293160871747,0.002200971900007619,-151.1834589725387,2.994499430982992e-09,1.3884341205839025e-08
7.125000000000001e-07,-130.33656934298747,1.327136577406497,-42.432943735597924,0.001447899192177018,-129.5443689003195,1.3307574310830337,-42.93174846752892,0.0016087391793079362,-178.69852209462616,3.008857553833198e-09,1.3971770523750761e-08
7.15e-07,-136.59208218036656,1.1567111244455068,-42.515325083528815,0.0009908764237073532,-136.87616857526558,1.1453102208908155,-42.78149054589743,0.0010210535881484968,-198.13681896826756,3.022778178308589e-09,1.4000987204814362e-08
7.175e-07,-137.66672631720797,0.9539832073162077,-43.239979790129375,0.0006124401971078472,-139.63286931858028,0.9513436774597109,-42.67837018478946,0.0004464605339373046,-208.61978284161955,3.0362580520193532e-09,1.3976192967186677e-08
7.2e-07,-133.8715757185471,0.7525902356729587,-42.28403534383795,-0.00019638167058360219,-137.1515176720737,0.755567229349388,-42.621601646122365,-0.00010649839528017828,-209.6736076204653,3.0493044365702963e-09,1.3904639090123704e-08
7.225e-07,-128.92506168414678,0.5560189315758121,-42.096977446235485,-0.0007568937068134224,-128.8141052392476,0.565606683748592,-42.609801933944155,-0.0006295501460153788,-201.2506628246766,3.061936339089677e-09,1.3795743900566385e-08
7.25e-07,-111.37565955770219,0.3814888931221528,-42.37792974052459,-0.0012065747137104763,-114.2060159099013,0.38987813806338817,-42.641012534897044,-0.0011150149431253054,-183.73164637744622,3.074185864468674e-09,1.3659971748863392e-08
7.275e-07,-94.8000069727716,0.23597150855141916,-42.623351711234655,-0.0015454609601279067,-93.27623538561662,0.2372379226408047,-42.71272632410706,-0.0015561415055203307,-157.90837792612425,3.0860993460680992e-09,1.350755892497909e-08
7.3e-07,-64.52480129026888,0.11555275283930744,-42.78895183955625,-0.0020299489509472152,-66.46679444474006,0.11641897478347411,-42.821919358740324,-0.0019473976957171968,-124.94801039736971,3.097737853159989e-09,1.3347274887955318e-08
7.325e-07,-34.23190676547065,0.035564909859521474,-43.47419156914818,-0.002313884349491174,-34.782869818778686,0.03530831537790062,-42.965087238645154,-0.0022846660797669776,-86.3402773428202,3.1091766931106757e-09,1.3185490065873017e-08
7.350000000000001e-07,-1.3181129764397703,-0.003991986991602839,-43.6563581817009,-0.0022373349757404716,0.21572728409437225,0.00015688075080325117,-43.13828567367223,-0.002565307712948618,-43.83016037513023,3.1205036259699917e-09,1.302583106902675e-08
7.375e-07,37.21881443632003,0.007241975413914629,-43.422271084143674,-0.002689624299013025,36.507889727127754,0.014834945292414527,-43.337174860788664,-0.0027880782748008165,0.6609800270697684,3.1318156746016194e-09,1.2869605253225795e-08
7.4e-07,73.23359083821373,0.07906532067351874,-43.67136502723652,-0.002995603318940321,71.78107901348629,0.08024937846125853,-43.557067241291605,-0.0029529048320996406,45.12224563729489,3.1432146182207993e-09,1.2716974891001854e-08
7.425e-07,103.19473735121011,0.1993102937871364,-44.47246100914459,-0.0029819675554479176,103.65600395683214,0.19402197103825766,-43.79297817956994,-0.0030605547638204982,87.5440885016267,3.1548014668096653e-09,1.2568611908584328e-08
7.450000000000001e-07,127.83987481535499,0.35968566383862194,-43.709091325616825,-0.0030615726723111055,129.93448062430394,0.35049354150491463,-44.03967908021424,-0.00311224662340233,126.00913792988358,3.166670392178765e-09,1.242735751096698e-08
7.475e-07,149.47687468804605,0.5332487712493751,-43.88236445851235,-0.0031681099880183877,148.83418866941727,0.5410721165037838,-44.2917524400394,-0.003109262692190775,158.77886128437942,3.1789027068740387e-09,1.2299337583964409e-08
7.5e-07,158.00115824407985,0.7471134393213511,-44.41912059901126,-0.003020307316126522,159.17551050417256,0.7548929323929031,-44.543648315946676,-0.0030526228915266503,184.372141696001,3.1915615133730535e-09,1.2194093995715297e-08
7.525e-07,160.6338727368956,0.9675764321665943,-44.948400325435,-0.0028204506871842556,160.493010841492,0.9797118679280189,-44.78974167863212,-0.002942869537060549,201.63222117373317,3.2046875858374032e-09,1.2123564471906338e-08
7.55e-07,153.07167506933007,1.1908947593605694,-44.819624656391035,-0.0027869412362683077,153.05612137150453,1.2029200040752175,-45.02439011604643,-0.0027799938831745627,209.77898343157005,3.218296903304638e-09,1.2100092769586909e-08
7.575000000000001e-07,138.9277624504336,1.4113991294624273,-45.04651636572565,-0.0024798765189897845,137.79815857977258,1.4125510248841284,-45.24199134926768,-0.0025635117333442543,208.44421336808276,3.2323800489225302e-09,1.2133954493995867e-08
7.6e-07,114.17768295797751,1.5967481711728049,-45.673870960714375,-0.0024121248537094,116.16739412748863,1.5981577237693483,-45.4370400270674,-0.002292670699387042,197.68823955046847,3.246903457216289e-09,1.2231034682551424e-08
7.625e-07,88.60365476506348,1.7464928889429063,-46.08578496683948,-0.002018908488507855,89.92598968475842,1.7514580012456016,-45.60418327389467,-0.0019667502642548595,177.99720750069918,3.261812267612596e-09,1.2391242309556634e-08
7.65e-07,59.102648379986114,1.8797793434582108,-46.19868337444161,-0.0015625238135362088,60.93012331831776,1.8666900886854032,-45.73827447918416,-0.0015854013349734328,150.26110702502734,3.2770343628639547e-09,1.2608021695758567e-08
7.675000000000001e-07,30.105087488082034,1.9535726470063415,-46.141961406671484,-0.0010256254139629566,30.926310688015636,1.9406643583618821,-45.83442483368903,-0.0011489669162673389,115.73354670151545,3.292485063019427e-09,1.2869010043959912e-08
7.7e-07,2.387450371351796,1.9791796228738952,-45.286346054207954,-0.000502712808702642,1.3945379884081195,1.9725466664941858,-45.88805214078269,-0.0006587306673113836,75.97509362716052,3.3080719239397463e-09,1.3157603791870211e-08
7.725e-07,-26.20048287781117,1.9629709994678275,-45.85347343498799,-5.357910219553666e-05,-26.54077375783467,1.963447517724661,-45.89492645715234,-0.00011705439167353809,32.7827393389764,3.32369915375624e-09,1.345502077863978e-08
7.75e-07,-53.21037509815751,1.9136767989349437,-45.59223773303237,0.0006155236606248257,-52.1239906999779,1.915915794960999,-45.8512121477846,0.0004726136967088978,-11.89132011118088,3.3392712959989445e-09,1.3742414612994185e-08
7.775e-07,-75.17256896568837,1.8445984679432559,-46.128297064964954,0.001220664578235236,-74.91179764482636,1.8334414598759634,-45.753505974331844,0.0011058545811653093,-56.02791897242485,3.3546960072847038e-09,1.400269046290499e-08
7.8e-07,-93.57793729018273,1.7128741027147425,-45.47260749196083,0.001744639576609795,-94.66578968306162,1.7200579997509866,-45.59887087354028,0.0017774906000578349,-97.63218348851996,3.369885946387314e-09,1.4221829249691178e-08
7.825e-07,-108.85058109852656,1.583096040042897,-45.288663303198646,0.0025339332124368875,-111.22175915399087,1.5801054555970355,-45.384865123068195,0.00248185033856195,-134.8236956487539,3.3847599553283776e-09,1.4389683655118156e-08
7.85e-07,-122.55701664193171,1.424609951334278,-45.16225114841444,0.0030884000138746434,-124.3668766557091,1.4181745138405006,-45.10956663535836,0.003213034362790848,-165.92148379973509,3.39924382242629e-09,1.4500315544476164e-08
7.875e-07,-134.3502390619885,1.241893146107313,-44.85411965152267,0.0038731088763066003,-133.75359752961967,1.239209118791626,-44.7715921658562,0.0039651316488283446,-189.51999873604342,3.4132709533559036e-09,1.4551981443550743e-08
7.900000000000001e-07,-137.00664611258293,1.051292617479604,-44.366840606192305,0.004686397872096084,-138.87129354856035,1.048707538087045,-44.370111269368536,0.004732347743009185,-204.55264132346986,3.42678323457093e-09,1.4546850921613142e-08
7.925e-07,-137.54514366285764,0.8593005810063885,-44.33638738611097,0.005727102843947293,-139.08477058730097,0.8529369111979068,-43.904854887309654,0.005509024220954847,-210.3399703509072,3.4397322640717203e-09,1.4490492290803177e-08
7.95e-07,-133.68260254298664,0.6577031228885327,-43.27408849426777,0.006610456622341332,-133.73517177373708,0.6590688132383544,-43.37611849853115,0.006289551465524272,-206.62041172580183,3.452080970451986e-09,1.4391118105836359e-08
7.975e-07,-123.1948999358213,0.4830776397649442,-42.7445774501786,0.007233787218227937,-122.28580102251608,0.4751548428800681,-42.78475981693397,0.007068199015685497,-193.56208102745646,3.4638054739960323e-09,1.4258580819664796e-08
8e-07,-103.09697707247146,0.284307032848216,-42.31766019438368,0.008035214912612216,-104.48553329423805,0.3098897621644056,-42.1321910696515,0.00783890563706299,-171.75518506569333,3.4748968976424624e-09,1.4103160603920678e-08
8.025e-07,-81.95752274114642,0.1672815197459725,-41.48882907728267,0.008585929218136775,-80.51755251278769,0.172150183144851,-41.42036593981713,0.008595081489359575,-142.1853458771269,3.4853627416174395e-09,1.3934281555310076e-08
8.05e-07,-51.53847620482991,0.07072482028561816,-40.889878267641,0.009408383610437018,-51.102136752463174,0.07034186551228888,-40.65176130733295,0.009329475349632904,-106.1890528536749,3.495227414920017e-09,1.3759392155127353e-08
8.075e-07,-16.03555961892107,0.013615109739661714,-40.49034103053942,0.010157314695039993,-17.528992442185253,0.011630080950927931,-39.82935396918947,0.01003415055964991,-65.39325646561957,3.504531577732384e-09,1.3583298119666733e-08
8.1e-07,18.579531273025278,0.009296806569715425,-38.667384718582404,0.010704183534580497,18.393922651979437,0.0011574907037308236,-38.9565925673172,0.010700595746472238,-21.641833805413686,3.5133300843657652e-09,1.3408193228413562e-08
8.125000000000001e-07,52.10426671629054,0.03296864928069902,-37.647364729278436,0.011173858332031841,54.474046333754785,0.04136680109901406,-38.03736499625694,0.011319973473200618,23.087750457840997,3.5216885057381254e-09,1.3234479419647588e-08
8.15e-07,89.2440636735118,0.11965407486011027,-37.43216520384902,0.011770942778320647,88.33500561230517,0.13153833788795324,-37.07596160471772,0.011883485833627848,66.77382097814389,3.5296784224398236e-09,1.3062232174167496e-08
8.175e-07,117.95667135142216,0.27048643842538234,-36.42654136768655,0.012388146281342176,117.65730390057001,0.26762636303157633,-36.07703454396971,0.01238281488388741,107.44186685429035,3.537371878083622e-09,1.2892927017372977e-08
8.2e-07,138.93882657698805,0.43774037104101443,-34.871645493811734,0.01295068850065767,140.42419962353156,0.44243660435383,-35.04555365164797,0.012810581468984497,143.25378502603965,3.5448355332111425e-09,1.2730893478584482e-08
8.225000000000001e-07,156.04822035451124,0.644979165658414,-34.00848001039194,0.013093962843164636,155.13645198464707,0.6461379265822963,-33.986759291589706,0.013160761032753274,172.59095834652945,3.552125135498155e-09,1.2583978781590186e-08
8.25e-07,159.26268139036327,0.8694122588378382,-32.945372871952266,0.013355943324798673,160.96413574786382,0.8670516797679406,-32.90611259851473,0.013429000332353712,194.1274133912291,3.559280907769474e-09,1.2463101742550104e-08
8.275e-07,158.44407036096885,1.0959465218503601,-31.314868001879166,0.01385300698089563,157.8136391295944,1.092621379628876,-31.809243600419812,0.013612793735405982,206.8897514371002,3.566324351908622e-09,1.2380702378344357e-08
8.3e-07,146.07434446975535,1.3132572387506363,-30.628289672074498,0.013721436237904902,146.3015458757124,1.310439915870259,-30.70189771128454,0.013711499421863947,210.30114386814802,3.573256789742654e-09,1.2348434547788937e-08
8.325e-07,127.89884463002555,1.517002489585102,-29.595655418134584,0.01374925195210961,127.64200681228354,1.5092056934134106,-29.58988110189157,0.013726200595910381,204.20740351525495,3.580059739460311e-09,1.2374686492804719e-08
8.35e-07,102.73500581884055,1.677137992370902,-29.062265852743014,0.01352694897282302,103.46784215264675,1.6794938198489044,-28.47900546711601,0.01365944044193438,188.88395356509253,3.5866969937375805e-09,1.2462565110711262e-08
8.375e-07,75.15543908798305,1.812065789922569,-28.311537993795973,0.013417261967468128,75.61562881340949,1.8142609405826735,-27.375032713839644,0.013514877955501102,165.0233790593099,3.5931180605625694e-09,1.2608833473051454e-08
8.4e-07,46.32933680485963,1.9143679715518103,-26.591124472853522,0.013106514562970769,45.90970996501963,1.9090468097286917,-26.283620094636593,0.013296921806188852,133.70412362786956,3.5992624818218356e-09,1.28040095158566e-08
8.425e-07,16.38348813399127,1.9704554096229343,-24.652773481785687,0.013194775401563715,15.978659252203936,1.961884359094876,-25.210266308559987,0.01301039939870154,96.3417462929167,3.605064479551701e-09,1.3033521998738225e-08
8.450000000000001e-07,-15.498062054668482,1.9777726585001898,-24.581500175199558,0.01255234827580428,-12.869437130331486,1.9729744392824704,-24.160259081752148,0.01266030842744253,54.62494142462778,3.6104574027190464e-09,1.3279580933397529e-08
8.475e-07,-40.05194607364815,1.9561500094790853,-22.28454954786094,0.01204216026111806,-39.69810770893966,1.9442139652107764,-23.138624727294005,0.012251680354616584,10.439213601354592,3.6153775505369933e-09,1.3523316189134979e-08
8.5e-07,-62.04867322722728,1.877944969649871,-22.34668513025833,0.011832471222694489,-63.919150647315085,1.8786815132125443,-22.150080165810238,0.011789562678516188,-34.218342903473506,3.619767110007872e-09,1.3746774928833349e-08
8.525e-07,-85.59390845413748,1.7698277204294388,-21.037905928294347,0.011598439225442373,-85.20761009876104,1.7801802428742262,-21.198987866026826,0.011279103707982146,-77.32930823451389,3.623576134304099e-09,1.3934502419213072e-08
8.55e-07,-106.1686113480234,1.6392325360932967,-20.714789489284126,0.010844994741168982,-103.37886676716003,1.6529156325120524,-20.289314137923057,0.010725704009503996,-116.94516493542879,3.6267636694588047e-09,1.4074595513798306e-08
8.575e-07,-120.00398985752926,1.4903855034960816,-19.859474362347488,0.010163986464684319,-118.25799304668607,1.5013494723182166,-19.424591180582475,0.010135186260201559,-151.2753665005417,3.6292982767586176e-09,1.4159253706695697e-08
8.6e-07,-129.03113430118464,1.3356212361812512,-18.966267818178125,0.009437766405784639,-129.57212164556805,1.3302288367150445,-18.60788325259223,0.0095139321360461,-178.76826599929745,3.6311582726359777e-09,1.4184924556436437e-08
8.625e-07,-136.505170123494,1.1465796663883467,-18.187122510632065,0.008813123999384385,-136.89134452733603,1.1447475008548138,-17.841757295177274,0.008868941606031229,-198.18124698394587,3.632332004855625e-09,1.4152145001837626e-08
8.65e-07,-138.52799684488252,0.9720217307978628,-15.940593259163442,0.00818758218437232,-139.63358209847317,0.9507653010829558,-17.128258297526983,0.008207785318293234,-208.63688692317254,3.6328184062336126e-09,1.4065139416440501e-08
8.675000000000001e-07,-138.5294254320541,0.752038861877567,-16.49147343150858,0.007531891131788188,-137.1358054376595,0.7549943539786973,-16.468889650337232,0.0075384418253297905,-209.66261470235702,3.632627932003504e-09,1.3931184508081952e-08
8.7e-07,-126.35921148128497,0.5675519025023025,-15.546653448553291,0.007087636409513117,-128.78036427297926,0.5650630893573722,-15.864598687847277,0.00686903432745512,-201.2120697617716,3.6317838221952063e-09,1.3759726133353035e-08
8.725e-07,-116.84269760499468,0.3884822762649663,-15.434429641876779,0.006270371104566498,-114.15348670381151,0.38938953008967886,-15.315767571006216,0.006207502192395858,-183.66719748829902,3.630323469749674e-09,1.3561257645179464e-08
8.75e-07,-91.63913467790236,0.225984101158419,-14.365158196946197,0.00566237057450863,-93.20544532336217,0.23683056706435346,-14.822209615289895,0.005561256922242604,-157.8209861537563,3.6282995518579596e-09,1.3346045508828208e-08
8.775000000000001e-07,-64.95423694673424,0.1198876249720297,-14.286963410405837,0.005068605783401087,-66.3798640799782,0.1161177634362614,-14.383171116546471,0.004936877774101628,-124.84162565087395,3.6257805228951757e-09,1.3122890861954284e-08
8.8e-07,-34.456929095003474,0.04789629245559424,-14.792682349102671,0.004359927162888698,-34.68360989939967,0.03513448255067523,-13.997338677531504,0.004339897775757098,-86.21970797046548,3.6228500874515987e-09,1.2898198439181437e-08
8.825e-07,-0.6060645137978417,0.0014728317395108655,-14.030615055972314,0.0035833804325566963,0.3219669060068391,0.0001256813507312757,-13.662851986959481,0.0037747170879110013,-43.70085583797815,3.6196053719895037e-09,1.2675633584314494e-08
8.85e-07,36.40085976546071,0.034534383595202195,-13.284813584581741,0.0031414243986048226,36.61461625070413,0.014953642966755052,-13.377321952404962,0.0032446599078824693,0.7931754584050692,3.6161536794257865e-09,1.2456548832363715e-08
8.875e-07,72.98507872573754,0.06031672226649473,-13.047587775381418,0.0026983061822914694,71.88125241397327,0.08051587099382888,-13.137854038693106,0.0027521670095911614,45.25135703036725,3.6126079158733418e-09,1.2241159620280907e-08
8.900000000000001e-07,102.94225812187862,0.182429690957565,-13.042167340713982,0.0024762890729224693,103.74275132529434,0.1944243021722997,-12.941076614973326,0.0022990928167940993,87.6642803154974,3.609080988464594e-09,1.2030199368807965e-08
8.925e-07,129.78958937879756,0.34694547070366727,-12.691221689478212,0.001811535766818879,130.00182602515258,0.35101042550137557,-12.783174066911787,0.001887057722311336,126.11497776827323,3.6056796514530393e-09,1.1826577812976063e-08
8.95e-07,148.07967703862084,0.544611841990358,-13.131348640425523,0.0011655214784551317,148.87769059354176,0.5416744545571297,-12.659924385791768,0.0015177964392380978,158.86556542762466,3.6024983931027665e-09,1.1636493521250598e-08
8.975e-07,156.78262152587936,0.7607345397951274,-12.119381168590614,0.0012554909694968382,159.1927124423156,0.7555461532770522,-12.566740904182776,0.001193443297501125,184.43579131427848,3.5996139869490625e-09,1.1469561324283019e-08
9.000000000000001e-07,161.81073635353533,0.9715576034828601,-12.513974204481855,0.0007809815787015486,160.48363995686478,0.9803788037840911,-12.498717808611254,0.0009167056075334524,201.66993944924698,3.597081270654112e-09,1.1337788307572538e-08
9.025e-07,151.46372242593063,1.220796442651323,-12.568656740614404,0.0008672498208640441,153.02201062588807,1.2035639366216213,-12.450679023698962,0.0006908947523509855,209.78906558416134,3.594930572149318e-09,1.1253581124161995e-08
9.05e-07,136.0112030354509,1.4143478891279833,-12.884050707081816,0.0006493481964057256,137.7429119568896,1.4131385201425097,-12.417230029853577,0.0005198083220706209,208.42620370741486,3.5931669983958964e-09,1.122727069059473e-08
9.075e-07,115.2130448185897,1.6048096919107182,-12.402007610920812,0.0004646149371741239,116.0958551169441,1.59866091712864,-12.392812148105381,0.0004074812558268181,197.64295207219047,3.5917715694954852e-09,1.1264790549514646e-08
9.1e-07,89.20480081980209,1.7567524779058448,-13.306221446306314,0.000337351421428816,89.8436029407358,1.7518560912469794,-12.37175880133654,0.0003578453227997447,177.92668909569602,3.5907039572234767e-09,1.1366093620361313e-08
9.125e-07,60.30620213303981,1.8798389365554513,-12.182076715191851,0.000600628596514841,60.84229331628281,1.8669699301197384,-12.348353241181961,0.0003743506666483796,150.16854496461144,3.589906407665324e-09,1.152466648557601e-08
9.15e-07,30.37974360153719,1.92975516503506,-12.984685902189373,0.000569812874395048,30.83785701817851,1.9408201899130408,-12.316887214472528,0.0004596081117670265,115.62312458003008,3.5893083198754053e-09,1.172818950778122e-08
9.175e-07,1.8003788035994421,1.9793698093419496,-12.70506336076299,0.0008175117918400789,1.309325607860778,1.9725791401215922,-12.271720032392873,0.0006151057175262666,75.8518022730304,3.588830931073351e-09,1.1960104763633765e-08
9.2e-07,-28.270036006477373,1.9577188995783628,-11.868683342581088,0.0008760924090411852,-26.619985448289547,1.9633622936963933,-12.207337499641312,0.0008410387080211259,32.652151240636734,3.588391623499092e-09,1.2201678491875836e-08
9.225000000000001e-07,-48.743601639668505,1.9147642598731613,-11.829610298218984,0.0011023029013673537,-52.195477380737,1.9157220119066847,-12.118410159868535,0.0011362710564877458,-12.02330266907646,3.5879075034996927e-09,1.2434114564703994e-08
9.25e-07,-77.4544384958547,1.8470508106746948,-12.266979095362016,0.0012735029950691618,-74.97461627992604,1.8331503767552797,-11.999850317558602,0.001498423459660975,-56.155330678817585,3.5872980826050655e-09,1.2640368611939943e-08
9.275e-07,-94.56710897216179,1.71618481163068,-11.361463615253326,0.0018476249833953356,-94.71941216785248,1.7196820400321042,-11.846867305261743,0.001924060447828437,-97.7492656244386,3.586487079180971e-09,1.280647028010484e-08
9.3e-07,-112.92895504727885,1.5623278807775536,-12.01459429506777,0.0026290396051623904,-111.26568306986572,1.5796577767359583,-11.655020478647037,0.0024089328852783557,-134.92515636828614,3.5854035228537285e-09,1.292231744427545e-08
9.325000000000001e-07,-124.76961944129313,1.4066098138073246,-11.042598770765286,0.0031432276322317714,-124.40030456830306,1.4176690981053197,-11.42026944007512,0.0029482240553665587,-166.0027373094146,3.583982452904038e-09,1.2982012192524664e-08
9.35e-07,-131.39978572688935,1.2464876798585343,-12.005456727004194,0.003715157574396551,-133.77526070933027,1.2386612587927819,-11.139021014167097,0.003536749291028461,-189.5773725622714,3.582165537600203e-09,1.2983845235674964e-08
9.375e-07,-139.01999929238843,1.0493689078145634,-10.606150564882565,0.004152525477337686,-138.87946603291095,1.0481344953182739,-10.808172525955898,0.004169070318451297,-204.5835422999582,3.5799018993966886e-09,1.2930013473015196e-08
9.4e-07,-142.87355063282342,0.8471903977444457,-10.006305059062173,0.004902360777546001,-139.0774806860135,0.8523584765613409,-10.42515096342322,0.004839504030418685,-210.34300182388938,3.577149321252207e-09,1.2826104972415263e-08
9.425e-07,-132.7782887139462,0.6722564694773457,-9.821663081851252,0.005683826367198715,-133.71057759490463,0.6585075045709013,-9.987947641279547,0.005542027866072658,-206.59543667960278,3.5738758550454704e-09,1.2680343773384136e-08
9.450000000000001e-07,-121.85303279459185,0.46986794199891235,-9.769932348052532,0.006484404139012516,-122.24266185167227,0.4746355353550097,-9.49514802142621,0.006270106200757631,-193.5102282772886,3.570061685771667e-09,1.25025849415647e-08
9.475e-07,-105.75276954840217,0.3186513603109042,-8.338871092992687,0.007197830455582854,-104.42368614362046,0.309438652416604,-8.945956387318658,0.007016480030820351,-171.67879823777997,3.5657009592079613e-09,1.2303102111103736e-08
9.5e-07,-79.97979693593938,0.1695774398641937,-7.9976108883298025,0.007653818660113943,-80.4382971433408,0.1717931181326513,-8.340215114055042,0.00777297243474235,-142.08787748213396,3.5608031867601237e-09,1.2091304044912888e-08
9.525e-07,-50.219020851676795,0.06849477727072227,-7.660541248051453,0.008480718110803266,-51.00844426130587,0.07010219871777147,-7.678418323059686,0.008530362841099834,-106.07490824109122,3.555393820661333e-09,1.187461632936787e-08
9.55e-07,-18.551102876375168,0.014112634717698384,-7.097326823360856,0.009241395818749795,-17.425480202484678,0.011526327195757259,-6.961719759298944,0.00927837380621585,-65.26759471199237,3.5495136536653597e-09,1.1657816370927508e-08
9.575e-07,19.88749907859061,-0.007074902252273438,-6.172979819625334,0.010113487803367498,18.501268090126636,0.0012011161017644973,-6.191934779627567,0.010005796350420796,-21.51033453583733,3.5432168329538337e-09,1.1443066985064654e-08
9.600000000000001e-07,56.341617122671394,0.038790493406707365,-5.466838245035299,0.010809573856508575,54.57837363003728,0.041560493495168785,-5.371536392671059,0.010700756979790177,23.219143775845012,3.536567467325697e-09,1.123073926059719e-08
9.625e-07,88.20023190743655,0.11977802105821064,-4.205500386815271,0.01144087972672845,88.42926572060063,0.13187505247645154,-4.503645343143813,0.01135110535352073,66.89916966582383,3.5296350186614675e-09,1.1020879968452845e-08
9.65e-07,117.26815047155755,0.27140052662128433,-3.3982428729590533,0.01195947123526564,117.73498581231411,0.26808933516824435,-3.592014286221053,0.011944880418387226,107.55550543641974,3.5224888670575325e-09,1.081493871934254e-08
9.675e-07,141.5935471363185,0.4278991672397311,-2.243304773005745,0.012361534888807478,140.4800269527112,0.4430003836082013,-2.6410061500609405,0.012470798481139968,143.3505772974976,3.5151925892766205e-09,1.061722098168951e-08
9.7e-07,155.46195873336012,0.6618372744938593,-1.2862979779585917,0.012974218467152097,155.16693699961255,0.6467703358995626,-1.655566836339335,0.012918701703527847,172.6665295170669,3.5077985652509392e-09,1.0435549553589298e-08
9.725e-07,160.2478832660294,0.8653753109613735,-0.5449496930279635,0.013284913552269137,160.96790940484118,0.8677164666088953,-0.6411924592621157,0.01327991081430624,194.1783478160382,3.500343512750836e-09,1.0280815774229595e-08
9.75e-07,157.0506125385313,1.0907891478617446,0.38300813843270043,0.013669547174129219,157.79151137566436,1.0932812253347761,0.39610862749696274,0.013547440556570364,206.91374699617253,3.4928454465492703e-09,1.0165427015950463e-08
9.775e-07,145.93533776925335,1.3157156846655496,1.0770692360524985,0.013687748255345104,146.25629377718744,1.3110594222028478,1.4498587195554427,0.013716057986717893,210.29711601685867,3.485663324659149e-09,1.0102874861573832e-08
9.8e-07,129.62202284899197,1.5154396637056735,3.0707941200815667,0.014118392421263434,127.57793141266497,1.509753978944199,2.5131582254418845,0.01378218846562634,204.17553430330955,3.479373997332387e-09,1.0104582272624141e-08
9.825000000000001e-07,103.9302904251636,1.685752577526373,3.499802518361848,0.013664000628850316,103.39017086401871,1.6799464307294218,3.578737322652401,0.0137436977422034,188.82568340829388,3.47394494727419e-09,1.0173558573940024e-08
9.85e-07,74.45849934465149,1.821226072697578,4.805378183232416,0.013577898924657484,75.52986242505058,1.8146008972790952,4.639011385372437,0.013599596849274666,164.9413416360474,3.469323414156713e-09,1.0306438429281518e-08
9.875e-07,45.175009301368384,1.9080078573356571,5.50876366339243,0.013349035647228114,45.821018271593175,1.9092647528713604,5.686139728332915,0.01334972648183399,133.60202684285085,3.465440610281984e-09,1.049358390318382e-08
9.9e-07,16.72221755820031,1.9684066340263784,6.5732671227161505,0.012917416176813457,15.891416207153206,1.9619778989579797,6.712087180406466,0.012994477469429094,96.2242046883195,3.46221631431934e-09,1.0720243345045762e-08
9.925e-07,-13.71775273865594,1.9522094114016961,8.080753803223537,0.012524852681023591,-12.951916402550793,1.9729469301895546,7.708687974866111,0.012534594028986469,54.497267613305254,3.459563316884602e-09,1.0968423773801271e-08
9.95e-07,-38.504860460452015,1.9466177940546767,8.892662759771587,0.011811587461975814,-39.77360448398893,1.9440729986393765,8.667711420966155,0.011971088585881777,10.307178148824207,3.457391294610312e-09,1.1219030381325704e-08
9.975e-07,-63.37948285632907,1.880531197329907,9.659151135706395,0.011024791763110105,-63.98637312445782,1.878437439961158,9.580928803863909,0.011305274377703008,-34.348772295441776,3.455609850701183e-09,1.1453864084640916e-08
1e-06,-84.79709461179979,1.7654468367836622,10.062167511853,0.010389505930048103,-85.26587275535698,1.779844993914502,10.44018094704937,0.010538898918375533,-77.45223645443,3.4541306484449353e-09,1.1657202136797185e-08
1.0025e-06,-103.90538919302402,1.6397598915722154,11.688018565245565,0.009708981253865101,-103.42770078783056,1.6525020189672013,11.237445863506366,0.009674341885674991,-117.05503590769453,3.4528687444696854e-09,1.1816851551873487e-08
1.0050000000000001e-06,-118.47859292649791,1.4945534435713166,12.660694306544126,0.008824601285482883,-118.29678060824482,1.5008710249441395,11.9649059188693,0.008714828612434352,-151.36721430742685,3.451743367841753e-09,1.192470054466497e-08
1.0075e-06,-127.44237442933236,1.318491600078018,12.912279613572682,0.0076581038369810854,-129.59983974560512,1.3297001173306184,12.615013931904304,0.007664607316639603,-178.83793932909083,3.4506784648432766e-09,1.1976864876950186e-08
1.01e-06,-135.48443868035696,1.1445269308955526,12.965327852994617,0.006965474012071697,-136.90648071638955,1.1441847066627597,13.180557644716492,0.006529045006137333,-198.22559676080795,3.4496033256109754e-09,1.197353054720111e-08
1.0125e-06,-142.1705712235634,0.9595280462462032,13.755897506162512,0.005324720192607753,-139.63424925202884,0.9501869089012432,13.654722007114954,0.00531461236121777,-208.65390863818655,3.4484535306575567e-09,1.1918553498330355e-08
1.015e-06,-136.39399383519736,0.7611657990432441,14.047925757436152,0.003975401719398051,-137.1200420843727,0.7544215292523028,14.031148736455718,0.00402874899930042,-209.6515390127689,3.4471723196636152e-09,1.181882630261298e-08
1.0175e-06,-129.03518376155543,0.5535398931942564,14.056134587625221,0.002738254154894024,-128.7465684679664,0.5645196190796069,14.303992635891174,0.0026796234824987422,-201.17339726352802,3.4457123197910902e-09,1.1683396864438993e-08
1.02e-06,-113.20146551551274,0.39216703202003333,14.756874288777357,0.0015118527516731655,-114.1009021296585,0.3889011236594148,14.467974180096437,0.0012758230172330394,-183.6026760902532,3.4440374098731856e-09,1.1522348890625226e-08
1.0225e-06,-93.8839297286238,0.21914861883171263,13.964665418507549,-5.8550455342775245e-06,-93.13460370069365,0.23642348947389827,14.518427908000868,-0.00017397779337903572,-157.73353207616242,3.4421243734727713e-09,1.1345530122678111e-08
1.025e-06,-66.25710401396458,0.10472637911743735,14.352502159130063,-0.0019161310696919848,-66.29289092191725,0.11581689917536067,14.451346196563293,-0.0016613142554400056,-124.7351916188815,3.4399639346559078e-09,1.1161317282544547e-08
1.0275000000000001e-06,-35.83466790102735,0.04230251920081599,13.165664836453292,-0.0031671286384803874,-34.58432084170096,0.03496105161209804,14.263418027896506,-0.0031781445286681227,-86.09910455993823,3.4375607904946138e-09,1.0975689286799114e-08
1.03e-06,-0.5595405317927957,-0.001198338469074979,13.649645412018488,-0.0046487783556934045,0.4282179438912248,9.491778651537449e-05,13.952062403743367,-0.004716941571612448,-43.571534048421746,3.4349323543957414e-09,1.0791889302502246e-08
1.0325e-06,37.69171459132377,0.013070390326111023,13.607405725951406,-0.006298639522103726,36.7213338964857,0.015072784436072923,13.51545610606905,-0.0062706481792121575,0.9253705766072605,3.432106090161377e-09,1.0610856641108202e-08
1.035e-06,71.6577328053914,0.07715194847533492,13.546377440168872,-0.007988212268194269,71.9813960510598,0.08078278645885972,12.952555549979678,-0.00783250325012821,45.380450558920494,3.429115521607185e-09,1.043240731927787e-08
1.0375e-06,104.0548634098643,0.1939828161707122,12.755784696279589,-0.009457451596394054,103.8294496367555,0.19482700659069419,12.263112524891543,-0.00939577053408122,87.78443752089585,3.4259952121808513e-09,1.0256892782878726e-08
1.04e-06,129.68141175769168,0.35172513944044304,12.122702811909,-0.01088770305594662,130.0691067351905,0.35152760741458683,11.447683671429763,-0.010953419176395283,126.22076781846695,3.4227751871623953e-09,1.0086860197064154e-08
1.0425e-06,150.91299603004927,0.5365947364402133,11.162327464220555,-0.012310180105488283,148.92111749734886,0.5422769952506141,10.50763359447992,-0.012497815156032733,158.9522068532606,3.4194753861739234e-09,9.928165264378004e-09
1.045e-06,157.31145808567763,0.755050067302856,9.547477203390757,-0.013849135629806287,159.20983531421834,0.756199469478252,9.445131566694734,-0.014020482412853627,184.49936812022648,3.416100764632223e-09,9.79009886158018e-09
1.0475e-06,160.91076955289878,0.9856735104406847,9.167966271736129,-0.01549919799364415,160.47419242184458,0.9810457245110862,8.263141831098025,-0.015511982060115847,201.7075781086608,3.4126376022963592e-09,9.684362100801034e-09
1.0500000000000001e-06,154.53461641055964,1.199580442003264,7.122186636719158,-0.01708897365653199,152.98783147737228,1.2042077493228396,6.965407565759467,-0.016961939338811006,209.7990649153517,3.4090514334965585e-09,9.62307357367822e-09
1.0525e-06,136.7586941918048,1.4126566127979634,5.725595898267826,-0.01811958052209939,137.68760969340903,1.4137258042617304,5.556428627364533,-0.01835922412016447,208.4081117633826,3.405286809361512e-09,9.616295532178252e-09
1.055e-06,116.33502709085033,1.5927733175087828,4.258971047073366,-0.01980793858912499,116.02427596763013,1.5991638271315252,4.041433243398089,-0.01969226592856915,197.59758656760403,3.4012688699967714e-09,9.669715421561616e-09
1.0575e-06,88.2839107028919,1.7453372220042824,2.238163909660222,-0.0210237986742718,89.76119236003342,1.7522538478395915,2.4263438741533454,-0.02094946293415597,177.8561004480522,3.396906481289777e-09,9.783067029792108e-09
1.06e-06,60.79125166690686,1.8819302104148963,0.8007031828246474,-0.022096923486614357,60.75445478572126,1.8672494106712705,0.7177375153955969,-0.022119629854435725,150.0759236200343,3.39209651213547e-09,9.949649541906967e-09
1.0625e-06,30.427006158258386,1.9304282709912846,-1.445888230789754,-0.02320659400330866,30.74940775498642,1.940975653736109,-1.0771992401507005,-0.02319242466376143,115.51265681236626,3.386728720721244e-09,1.0156991850159473e-08
1.065e-06,3.6714891772670692,1.9726202215854003,-3.5082891624700605,-0.024053455995505058,1.2241274174411227,1.9726112561501825,-2.9507200196989585,-0.02415869921685816,75.72848097381001,3.3816722671320696e-09,1.0393525573893718e-08
1.0675e-06,-29.07964318015195,1.948115909497664,-4.560215346348002,-0.02493774606833032,-26.69917642533376,1.9632767346874473,-4.89457296135529,-0.02501073331305786,32.52155025174487,3.377540090731962e-09,1.0644115009959714e-08
1.07e-06,-52.818074993336154,1.9197244259213861,-7.351722743047968,-0.025801152066373834,-52.26693957804175,1.915527924584446,-6.900059036728198,-0.025742332710461495,-12.155280480356588,3.374287737810449e-09,1.0890090507581806e-08
1.0725000000000001e-06,-75.5652113437082,1.8228320071360387,-9.480405311122512,-0.02609006480880785,-75.03740845858766,1.8328590246727068,-8.958093928503754,-0.026348795348971395,-56.28272021597796,3.3718715281323443e-09,1.1114528413805271e-08
1.075e-06,-96.32845305673742,1.7313223905818194,-11.59837869862863,-0.026763935989177198,-94.77300685943803,1.7193058491781987,-11.05927295609284,-0.02682677229571369,-97.86630917049787,3.370250072809641e-09,1.1303570481827578e-08
1.0775e-06,-110.22803501163393,1.5813845642896867,-13.795830835929598,-0.02716203186898804,-111.30957740242108,1.5792099066228542,-13.193938516611338,-0.027174066730080833,-135.02656382150576,3.3693851008319813e-09,1.144721536297339e-08
1.08e-06,-124.7333507420438,1.417525717433446,-15.320027731452711,-0.02736374635925054,-124.43369989061434,1.4171635339988147,-15.35224948717194,-0.02738942268505809,-166.08392528384243,3.369241887840377e-09,1.1539652224303368e-08
1.0825e-06,-133.23140295756053,1.2389137289800667,-17.829794439849685,-0.027420858449092055,-133.79688682295793,1.238113298115874,-17.524252017955835,-0.02747235383320938,-189.634671546355,3.3697896162408287e-09,1.1579243165186169e-08
1.085e-06,-140.97851812881117,1.0633983243368597,-20.11177135466914,-0.02770589013806521,-138.8875958467877,1.0475614063127545,-19.699951133917594,-0.02742305170957486,-204.61436251010403,3.3710019534400372e-09,1.1568239048338433e-08
1.0875e-06,-142.45804003956997,0.844549868946949,-21.813572158089727,-0.026956290859879002,-139.0701422737181,0.8517800581149793,-21.86938255636696,-0.02724239447177979,-210.34595025678576,3.3728580250766834e-09,1.151226285872007e-08
1.09e-06,-135.62629359363746,0.6633007848498549,-24.046213357252597,-0.026773350974762192,-133.68593011845397,0.6579462823291322,-24.022684154124278,-0.026932055019157648,-206.57038007279772,3.3753438056747866e-09,1.1419552930788387e-08
1.0925000000000001e-06,-122.80323356206551,0.48041956850771944,-25.745823367323315,-0.02631752173583684,-122.19946709648528,0.4741163902434382,-26.150166437469178,-0.026494685158877495,-193.45829913234607,3.3784537817635515e-09,1.1299956553059177e-08
1.095e-06,-103.933665926344,0.307259607226813,-28.46288825539376,-0.025940531138842378,-104.361784938541,0.30898778278038785,-28.242381516665603,-0.025934134626426256,-171.6023436337942,3.38219259650958e-09,1.1163716421577333e-08
1.0975e-06,-82.6731976676938,0.16838738822330468,-29.98941687321622,-0.02541228863999369,-80.35899397699133,0.1714363669040561,-30.29018996037917,-0.02525565348503863,-141.99035299309725,3.3865762909918784e-09,1.1020186788387437e-08
1.1e-06,-51.558517501120846,0.07646678828243463,-31.797001636005337,-0.024529283612953878,-50.91471524751391,0.0698629085791621,-32.28482500766913,-0.02446602572050418,-105.96072175181368,3.3916327368008442e-09,1.0876715677621652e-08
1.1025e-06,-17.36563953508325,0.004399466514466064,-34.46611433953562,-0.023551416415651994,-17.321947282842014,0.011422995279968507,-34.217953610301066,-0.02357359096350202,-65.14190719175242,3.3974009156945363e-09,1.0737981372533986e-08
1.105e-06,17.889296984419296,-0.0031880140011586776,-36.129226547858686,-0.02270223649679126,18.608614973397152,0.0012451848641201202,-36.081733809658026,-0.02258812868334727,-21.378826774321556,3.4039288376503815e-09,1.0606028173184826e-08
1.1075e-06,57.18395853397913,0.035355455832156824,-37.583122408719845,-0.021431992870703805,54.68268151337551,0.041754623043572664,-37.86886798430418,-0.02152060186886321,23.35052792729878,3.4112700779370573e-09,1.0481091507151005e-08
1.11e-06,89.98613451086564,0.11823866754647336,-39.787671689850164,-0.02035031092708527,88.52348605535737,0.1322121688202591,-39.572651539987355,-0.02038278114003343,67.02449194277108,3.419479125583064e-09,1.0363066916831132e-08
1.1125e-06,118.02978444646365,0.27105430552233933,-40.97066521601104,-0.019163124591401084,117.81261025355039,0.2685526460354944,-41.18701665324637,-0.01918679116059533,107.66910155733892,3.4286059337336787e-09,1.0253237508772946e-08
1.1150000000000001e-06,139.68307614008458,0.4581360771013781,-43.08598631402404,-0.01778731475048928,140.53578366901323,0.44356441543983427,-42.70657072246743,-0.01794463539686574,143.4473129764157,3.4386902122522955e-09,1.015572575581039e-08
1.1175e-06,155.42171472681653,0.6565794166577551,-44.80793999657835,-0.01653307522617109,155.19734414922976,0.6474028954549127,-44.12662922583846,-0.016667760121069655,172.742032521593,3.4497560775587574e-09,1.0078152572227426e-08
1.12e-06,161.13546418367258,0.8737234485416258,-46.026194902211955,-0.015417393439549574,160.9716044206555,0.8683812936903319,-45.44324273378418,-0.015366713158479869,194.22920558231078,3.4618076595964202e-09,1.0031185762310232e-08
1.1225e-06,158.20138443126152,1.092117656184742,-46.3988334502062,-0.013750989225742784,157.7693104468286,1.093941002654225,-46.653217873697784,-0.014050938107085693,206.93766086897446,3.474826161583966e-09,1.0026985425630203e-08
1.125e-06,147.1234344641478,1.3083267777016006,-47.52449879062216,-0.012733676801972895,146.21097921495667,1.3116787612893894,-47.75413209669226,-0.012728723153061077,210.2930051435983,3.488768690538786e-09,1.0076895445312093e-08
1.1275e-06,127.9023018741593,1.4907170150159805,-48.96968432700107,-0.011506044233135749,127.51380792495387,1.5103020148983497,-48.74434214920729,-0.011407298908768416,204.143584486096,3.5035689535812803e-09,1.0188966809834839e-08
1.13e-06,104.05061316972761,1.6743209035518336,-49.95778099077135,-0.010130478366145158,103.3124676308134,1.6803987306438657,-49.62298620617082,-0.010093056198616888,188.76733870610852,3.519139682429125e-09,1.0365948271496266e-08
1.1325e-06,75.30045725589278,1.8196144554742284,-49.38968714391578,-0.008765417257512302,75.44408009959649,1.814940504299665,-50.389979676556564,-0.00879183647905326,164.85923909655915,3.5353764433225084e-09,1.060423248610591e-08
1.135e-06,46.62493544714195,1.9095987850749627,-51.203584311742894,-0.007666083994604622,45.732324897143116,1.9094823294791516,-51.04600474612354,-0.00750923772880403,133.4998773138724,3.5521623438908946e-09,1.0893963679598151e-08
1.1375000000000001e-06,13.56084825909592,1.9590029721550104,-50.46948925370549,-0.006135400024207566,15.804182891333129,1.9620710743798446,-51.592493775406595,-0.006250878816358018,96.10662509593286,3.5693730836246704e-09,1.1220201210901817e-08
1.14e-06,-11.090009148852996,1.9739520594041908,-51.89830519614739,-0.005249328832667444,-13.034377824617707,1.97291907351942,-52.03160672317772,-0.005022575394839587,54.36957228732164,3.5868818179117153e-09,1.1564795172197375e-08
1.1425e-06,-41.13337085644278,1.9406799125961574,-52.72745680101269,-0.0039006504608774585,-39.84907836277708,1.9439317115782906,-52.366202816169775,-0.0038303983918789885,10.175138627180134,3.6045634090133624e-09,1.1908527544712083e-08
1.145e-06,-64.04890143041423,1.8636016842239558,-52.12978584176948,-0.002594583963467912,-64.05356997515318,1.8781930795016437,-52.59980673440144,-0.0026806088502594285,-34.47918812706167,3.6222977991829626e-09,1.2233110110213005e-08
1.1475e-06,-84.90192633672821,1.7828605278609195,-53.13793245951928,-0.0017536550806902468,-85.32410827868527,1.7795094943937297,-52.736569627545165,-0.0015794861193681128,-77.57513409743252,3.6399724300180897e-09,1.2522764591606865e-08
1.15e-06,-103.45672219684276,1.6660105865609482,-53.067368191115364,-0.0005115648643427368,-103.47650623229221,1.6520881936110694,-52.781225321046875,-0.0005330860101056781,-117.16486066849085,3.6574838127923817e-09,1.2765275236577113e-08
1.1525e-06,-117.61172550803153,1.4932674778512818,-52.58351605832078,0.00041487229002057894,-118.33553725994322,1.5003924069010155,-52.739042110745174,0.00045302200318161114,-151.4590023569288,3.6747384940846842e-09,1.2952539353033134e-08
1.155e-06,-129.8466802736094,1.3271780778017435,-53.21894152913859,0.0013125977883461989,-129.62752318718324,1.3291712722764302,-52.61577058122905,0.0013739863258934973,-178.90754205649483,3.6916537350008263e-09,1.3080712791123615e-08
1.1575e-06,-137.34840637154775,1.1392491867899606,-52.56255553598101,0.0022150704658572724,-136.9215771257809,1.143621837636611,-52.417587915774966,0.002225828052215802,-198.26986828134173,3.7081582188584383e-09,1.315005173840982e-08
1.1600000000000001e-06,-137.66628810584254,0.9561389350618319,-52.0262754545699,0.003079227911192183,-139.63487076185655,0.949608500244881,-52.151039194164156,0.003005488861482247,-208.67084797994227,3.724193024319323e-09,1.316451135024932e-08
1.1625e-06,-136.93284770059384,0.7440083975505666,-51.26495644498487,0.0034905758258529673,-137.10422759791143,0.7538487545415984,-51.82297619873283,0.003710762861010478,-209.64038055607315,3.739712965668928e-09,1.313111105095338e-08
1.165e-06,-128.44047528297187,0.5694655702698175,-51.79187970927208,0.0045083342304032895,-128.712717817297,0.5639762723582376,-51.440494268468065,0.004340126130519362,-201.1346453452123,3.754688237250321e-09,1.3059051545234264e-08
1.1675e-06,-114.0368639454178,0.37638775155149373,-51.2103382854059,0.004907668079894247,-114.04826219183595,0.3884129183133638,-51.0108677556568,0.004892498254469186,-183.53808220877562,3.76910613870828e-09,1.2958593452799428e-08
1.17e-06,-94.28467571598564,0.2424896920338755,-50.93906784350859,0.00557064123023629,-93.06371053603281,0.2360166895285569,-50.54148464940173,0.005366984488209461,-157.64601572786808,3.782972534965357e-09,1.2839783854368994e-08
1.1725e-06,-65.61392863525838,0.10897820826010918,-49.824876236291736,0.0058559341057653,-66.20587500386982,0.11551638179187336,-50.03978093517489,0.005762652688381922,-124.6287083434108,3.7963126463884584e-09,1.271122001403003e-08
1.175e-06,-32.74793939868947,0.03545958516795247,-49.97345705444984,0.005926384026059942,-34.48500269256263,0.03478802249149862,-49.513175259428905,0.006078394637075426,-85.97846715885078,3.8091707854631406e-09,1.2579122007047483e-08
1.1775e-06,3.368101434304424,0.0015531506147978226,-49.70213291390113,0.006117569254901284,0.5344803407856169,6.459012447583729e-05,-48.96900446316511,0.006312907590184524,-43.44219505751667,3.821608757027425e-09,1.2446994718286818e-08
1.18e-06,35.64190005582483,0.022196354042793652,-48.17654936363028,0.006417844082680135,36.828042602679254,0.01519236989564782,-48.4144605382976,0.0064648111514200995,1.0575653294878034,3.833702805492829e-09,1.2316059765666575e-08
1.1825000000000001e-06,72.18634213705151,0.07332792716940094,-47.89187755242636,0.006470946197493562,72.08150986441666,0.08105012516682028,-47.85652954576822,0.006532890544756885,45.50952617199347,3.845539197849839e-09,1.2186435493401415e-08
1.185e-06,104.76379199268709,0.18783772924324976,-46.97622714420013,0.006639816438182957,103.91609883877771,0.1952300847009343,-47.30193301479075,0.0065164342775072635,87.9045600703886,3.857208741182551e-09,1.2058793833170364e-08
1.1875e-06,131.31399702696842,0.3673263872866229,-46.800710441123485,0.006513836067661583,130.13632271548278,0.3520450877278958,-46.75707231851587,0.006415616161821249,126.32650803870047,3.8688007117332525e-09,1.1936017011032408e-08
1.19e-06,149.02635725809512,0.5410706785358279,-46.23277380048434,0.00642660071882056,148.96446935937178,0.5428797391206355,-46.227976493039534,0.00623186193000765,159.03878552708258,3.8803967877643566e-09,1.1824305134370145e-08
1.1925e-06,159.82164319308532,0.7535760436973394,-45.65724151715726,0.006158359213632904,159.22687911762196,0.7568528815625517,-45.72025393427486,0.005968141023239042,184.56287208874585,3.8920656093509365e-09,1.173329656943132e-08
1.195e-06,160.23223641557297,0.9668256983430925,-45.89862328867183,0.005471850920723854,160.46466825268027,0.9817126306814946,-45.239048371077,0.00562913456691935,201.74513713711895,3.903858527697566e-09,1.1675036715234558e-08
1.1975e-06,154.353353839308,1.216157268222624,-44.120978451091226,0.005140535355745916,152.95358395775085,1.204851442735111,-44.78899947346734,0.005221249305090855,209.80898142119383,3.915806962953955e-09,1.1661979981848189e-08
1.2e-06,135.42418119087145,1.4180769644814732,-43.7056876762025,0.005204379357047025,137.6322518319744,1.4143128777601317,-44.37420841221684,0.0050021926629163545,208.38993754312838,3.927921585221688e-09,1.1704512461732954e-08
