time,v_coil,i_coil,v_bias,i_bias,v_coil_clean,i_coil_clean,v_bias_clean,i_bias_clean,v_coil_src,density_state,heating_state
0.0,76.28721457164418,0.03659351371291831,182.14741153195382,0.12646859646968195,76.04308332268312,0.022044144218893474,184.81850707674292,0.12151708918075134,0.0,0.0,0.0
2.5e-09,127.47454569363727,0.19342202907690073,194.156572618883,0.11477989187019758,126.34410357090462,0.1585821879077265,193.65687259523023,0.11750668770731486,67.84246635958644,1.9849117888001155e-10,7.151226634250071e-11
5e-09,170.66579615109342,0.33450934493783074,202.2216627149346,0.11232506578061308,170.7001870919091,0.37406855351283963,201.91362018962786,0.10911827165503757,132.61860773740182,4.0453409435367125e-10,1.4655267234596818e-10
7.500000000000001e-09,205.8129237086703,0.6978587295206206,210.3462725520857,0.10610745845774935,205.8550713716332,0.6580249200462797,209.5310501382079,0.10000716700576939,191.40069005790772,6.176551132587494e-10,2.286674078202083e-10
1e-08,228.47640786550602,1.0163124974495985,218.17118990868926,0.09154148572465798,229.23397594940133,0.9949481972878357,216.45397968118905,0.09019954359359159,241.5318970646824,8.372923735042722e-10,3.25068987621835e-10
1.25e-08,238.78571535393073,1.3596762703988035,222.7041956926435,0.08270008811612825,239.23619714555676,1.3654882924739757,222.6301861399433,0.07972962871155159,280.74641236484223,1.0627842367877125e-09,4.4647875667535546e-10
1.5000000000000002e-08,234.49494442466596,1.730819257791393,228.49020787922345,0.06663998463707667,235.4047006052571,1.7480594770272433,228.0108299528254,0.06863927006862405,307.2718291700551,1.2933619390522691e-09,6.05738932263951e-10
1.75e-08,219.03739037072702,2.1018520115525163,232.44186167738061,0.05529222428929387,218.4476642172285,2.1206808240462878,232.55085403658276,0.056977393031845125,319.90925904707024,1.5281476872406713e-09,8.154542811322443e-10
2e-08,190.81428370338753,2.5026550028863364,236.92654807243576,0.04008172247663878,190.11083934463144,2.4628079495601938,236.2093560737302,0.04479932357519561,318.0875189446718,1.7661588096594761e-09,1.0852474615813274e-09
2.25e-08,152.6575605201754,2.7190910774766768,238.67240821952728,0.03532281309624834,152.92359315889465,2.756923430845356,238.94993054728587,0.03216597744680217,301.88894736683864,2.006317832656532e-09,1.4193527150264115e-09
2.5e-08,110.59265585698974,2.971902490016116,241.51322884952629,0.024796638549394796,109.86140088982893,2.9896957125184835,240.74097759298914,0.01914294129863991,272.0456828598737,2.2474676462953343e-09,1.8151787369494585e-09
2.75e-08,63.92830286360752,3.141656762298447,240.06441614169452,0.0033740350090220345,63.97993665783606,3.152588491624768,241.55597601339682,0.00579948914462924,229.90657301741064,2.4883903495540008e-09,2.2631827034329555e-09
3.0000000000000004e-08,18.119448682207903,3.1533922373565564,240.24743129474882,-0.006598657256773391,18.078667822418783,3.2418918182060628,241.37371809574432,-0.007792414999144954,177.37620964091332,2.7278280202146934e-09,2.7480242096364787e-09
3.25e-08,-24.72362803778451,3.301667489713542,238.79156045927715,-0.02491504470343716,-25.555397334001928,3.258236911342727,240.17850419357944,-0.02155908104561505,116.82884552757675,2.9645035853231348e-09,3.250642724429636e-09
3.5e-08,-65.3875623352413,3.184961616158983,237.65180705490806,-0.02735889506196376,-65.28903887336934,3.2057333182732837,237.96029536819293,-0.035425990109490685,51.001083650781496,3.1971401762585314e-09,3.7507249117420984e-09
3.75e-08,-99.66758646004642,3.163425116131713,234.42707417746436,-0.048809238367730885,-100.15605807903947,3.090916546543453,234.7148227368704,-0.049318614211930956,-17.131811062236014,3.4244777917624237e-09,4.229031565113256e-09
4e-08,-128.51023038529664,2.8883800756179787,229.17213146287077,-0.06129486764601804,-129.752645287837,2.921708641470516,230.4436525379383,-0.06316317514707548,-84.49038692952229,3.645286677437607e-09,4.669201806916828e-09
4.2500000000000003e-08,-154.54090532423623,2.7409008006486135,225.2691816560847,-0.07626225170183723,-154.04612053387265,2.70657168281447,225.15420629433197,-0.07688738915395388,-148.03018971759425,3.858377452502115e-09,5.058866032497288e-09
4.5e-08,-171.86922543855397,2.493265805923132,219.06472440801616,-0.09111547560753788,-173.14314111002915,2.453979769259305,218.85973583474677,-0.09042127414212393,-204.8793650396552,4.062608561394804e-09,5.390095755913435e-09
4.75e-08,-189.2893500735802,2.2465782927237554,211.1358301251774,-0.10475976613256542,-187.0695490070212,2.1722593723655734,211.5792533110856,-0.10369812657351374,-252.46845963380318,4.25689200295426e-09,5.659341403874717e-09
5e-08,-195.35237005376473,1.8714169285859417,203.13283979009051,-0.11525078033961955,-195.61029878205233,1.8697653497659856,203.33741672957981,-0.11665580922110816,-288.64655479905144,4.440198430587902e-09,5.867041146715133e-09
5.25e-08,-198.38547728967112,1.5621359640519357,193.8339449997897,-0.12505828407867592,-198.24510455770272,1.555285930585237,194.16437188736393,-0.1292385373827071,-311.77848302232474,4.611562604872494e-09,6.017043112100505e-09
5.5e-08,-193.1307823920664,1.277198392446915,184.82956544270883,-0.14313937901276366,-194.19595508726485,1.238518479371012,184.09555197316953,-0.14139942491513327,-320.8187338262827,4.7700898445956746e-09,6.115908554935665e-09
5.75e-08,-181.87839326065327,0.9424770234713508,173.60309305605983,-0.1559111251134332,-182.58005948044467,0.9304384930638989,173.17143644699817,-0.15310417640080495,-315.35870846195417,4.914963634400302e-09,6.172098107082219e-09
6.000000000000001e-08,-162.932835249689,0.607634147805403,162.45342929759104,-0.1643315474689419,-162.64025759651472,0.6434008506346713,161.43727115603113,-0.1643365206828662,-295.64518764168815,5.045454006604159e-09,6.195021652851736e-09
6.25e-08,-133.99154660554032,0.39003412963550005,149.10407777392294,-0.17698249149675352,-134.00842774195638,0.3908619698644045,148.94275196968954,-0.17510630962648543,-262.5691776129502,5.1609258313781695e-09,6.1939702349963825e-09
6.5e-08,-95.31485792460991,0.17546568116027056,136.08503533771596,-0.18662642556088235,-96.94901973108705,0.1866852779536534,135.74167452281657,-0.18546166138049094,-217.62563870502487,5.260845823244947e-09,6.177035403692063e-09
6.75e-08,-52.5660841754911,0.0014344574751481848,123.07204768834971,-0.19363030734165645,-52.53114916565352,0.044076818418563604,121.8915529398025,-0.1955069724533772,-162.84591652660737,5.344786974335374e-09,6.1502204953724154e-09
7e-08,-1.6696553529746223,-0.07266913495687957,107.63741448222055,-0.20056606179608796,-2.6885766544211336,-0.025722642082022046,107.45321067161406,-0.20542839738773416,-100.70592977027354,5.412429285739031e-09,6.117004819399129e-09
7.250000000000001e-08,49.69321574758461,0.013956033886442034,91.65344413174618,-0.21277221669900584,49.854497510710246,-0.014802801525364132,92.49034680991075,-0.2155251344132445,-34.014264325986815,5.463712669041792e-09,6.07858430049742e-09
7.5e-08,102.13158526845798,0.06857503852894946,76.63843767471059,-0.22269069678514056,101.79082811479131,0.08020860892058676,77.06908144571956,-0.2262308331119024,34.21476840513298,5.498290536728076e-09,6.034859646928334e-09
7.75e-08,149.6988632502407,0.28687065091814784,62.31181664782295,-0.24421915938093888,149.5462728629764,0.25730239807779537,61.25748381272787,-0.2380601888076472,100.89737152165007,5.516101102315397e-09,5.986004902273391e-09
8e-08,189.11303880257628,0.4579602863661613,45.83949470338696,-0.25285616276816414,189.66061258256204,0.508770266973381,45.125087095687505,-0.2512641053014748,163.0196432190227,5.5172640348330625e-09,5.934204837925336e-09
8.25e-08,220.8542816498115,0.7917863211660098,28.969961044950566,-0.2667105875802724,219.17663622079738,0.821500308235791,28.74239389146969,-0.2646983475345043,217.77379828761,5.501858653233101e-09,5.885002301568795e-09
8.500000000000001e-08,235.7467536458933,1.1886152834892763,12.882207174613008,-0.27149627659499714,235.97831182372593,1.17788175221563,12.180376383079816,-0.274066034994099,262.68507360997575,5.4699991163077815e-09,5.847728528990343e-09
8.75e-08,238.24334494983674,1.6543201797418279,-5.3330258260387255,-0.2751537339496546,239.0262028558196,1.557222276922077,-4.490024675180775,-0.2734674444953924,295.72358181801866,5.421820819326996e-09,5.834718948790536e-09
9e-08,230.4025089825138,1.9847644666356907,-21.624347852431523,-0.2686698080468643,228.45450480217113,1.9375027586954556,-21.198398060541887,-0.26237468897360355,315.3960575793467,5.367111851537904e-09,5.862854564487966e-09
9.25e-08,205.6393236773278,2.3176167540675885,-37.39504331186442,-0.25042232398856673,205.5163687288118,2.2972436679822974,-37.875353204232844,-0.2471662923008212,320.81334978968624,5.332147345786608e-09,5.953380452433116e-09
9.5e-08,173.583195141105,2.5785874720337283,-52.63167737313808,-0.23404251639156648,172.3886721930433,2.6172430313644273,-54.45300033264113,-0.2336122507853688,311.73060917793237,5.316596999683218e-09,6.1137046240011735e-09
9.75e-08,132.9265975763476,2.9224412272199256,-70.10901076451299,-0.22595928699606588,131.8698340205718,2.881970283824542,-70.8654157278744,-0.2230301080390071,288.5583549356066,5.320003087895134e-09,6.34496066129671e-09
1e-07,86.70975783249406,3.0653839223543375,-85.84094044113229,-0.20825812115226308,87.02075904980687,3.08045899674549,-87.0490883434569,-0.2145392216058208,252.343920184276,5.3417952591556685e-09,6.641207461171307e-09
1.025e-07,40.46436906232395,3.2528979361133157,-102.62825539238423,-0.2037509993566332,40.80671331243822,3.2066240304924523,-102.94334417804792,-0.2071165850441343,204.72411490355051,5.381308354826769e-09,6.989971144217789e-09
1.05e-07,-3.673729476186815,3.2510338986599754,-119.03427108192342,-0.20282447291615163,-4.204398873711288,3.2590206844279357,-118.49074500788853,-0.2000990670485909,147.8512458475128,5.43780143726862e-09,7.373921265386876e-09
1.075e-07,-46.296732076980895,3.2524217285599235,-133.9190478912756,-0.1957053388299076,-46.043742727350256,3.240148943570963,-133.6374583053994,-0.19312158817301156,84.29583718088291,5.510476287587383e-09,7.773213750335082e-09
1.1e-07,-83.40783325340229,3.141302095354945,-149.25847769162203,-0.1860561003945286,-83.4188202384271,3.155470304668505,-148.33359542496973,-0.18599708957586758,16.930448640628306,5.598493963390888e-09,8.167946884992102e-09
1.1250000000000001e-07,-114.16255446640149,2.990443250050767,-162.83333920824518,-0.1762521088012548,-115.66489937001978,3.0123371619395405,-162.5335154152434,-0.17863773953199755,-51.20015762246308,5.70098853057209e-09,8.540260575082578e-09
1.15e-07,-142.80558373082488,2.8788693823539924,-175.6814480334606,-0.17486470481689448,-142.59192455066034,2.8190303885761194,-176.19609211768437,-0.1710117973033149,-117.01663335916292,5.817077699546912e-09,8.87580104622671e-09
1.175e-07,-164.51894186926583,2.594703770320145,-188.2456447960382,-0.1659468572711865,-164.26656257971302,2.5840612435321697,-189.284942531228,-0.1631206583048184,-177.54422375006627,5.945870692572043e-09,9.164487653441812e-09
1.2000000000000002e-07,-179.7680555352835,2.3364737493602568,-201.0269633956352,-0.15614568953547264,-180.77972930532331,2.315827037411591,-201.7686147595903,-0.154986231879134,-230.04721954901567,6.086474137985611e-09,9.400682821775736e-09
1.225e-07,-191.8481528058412,1.9840376893545673,-213.54125313452855,-0.18993052186362455,-192.05111989281423,2.0226289071220003,-213.6207342083536,-0.19497297683580103,-272.1526049109958,6.237997048208823e-09,9.582943139199605e-09
1.25e-07,-198.86287320326835,1.620222219275881,-230.89869466382444,-0.16315063669130656,-197.71378279531464,1.71297987681995,-232.51899327559002,-0.16675260432470426,-301.9573123042612,6.3995559498044166e-09,9.713521220716616e-09
1.275e-07,-197.01283677126867,1.4142843741139666,-238.79933828260408,-0.08693067773973978,-197.1052353818916,1.3960671512707303,-239.91391353265902,-0.09035905664410827,-318.1142368289109,6.578546647737149e-09,9.800702758227696e-09
1.3e-07,-190.25314955124398,1.0659597170395176,-247.0570358793355,-0.08193212213216935,-189.37007544418964,1.0821963362147904,-246.66630173561697,-0.08221992851177135,-319.89312229060283,6.762390229843983e-09,9.847867455220519e-09
1.325e-07,-173.58916800379185,0.8199687269835325,-251.82132340128132,-0.0795253336096844,-173.65646136830338,0.7830438809810248,-252.77267835001135,-0.07407847942217229,-307.2135671175253,6.9503485975106335e-09,9.864077410491778e-09
1.35e-07,-149.5541673288959,0.4921981349048692,-257.6742100383172,-0.06887463958993832,-149.3693708654655,0.5115779508580832,-258.23442504615036,-0.06599072977089587,-280.64865832834414,7.1417242088789246e-09,9.858801007986072e-09
1.375e-07,-115.65104549379957,0.33808160846238133,-262.33711611655235,-0.05683563522479753,-116.43080407046922,0.2815711154230991,-263.0576909244397,-0.05801229355171623,-241.39906930405039,7.33586874913895e-09,9.840819170113512e-09
1.4e-07,-75.46903767913956,0.07405758323484742,-268.6418507282442,-0.052678274518703334,-75.49346681026056,0.10670921434752142,-267.2532599844742,-0.05019802530972783,-191.23879208543366,7.532190113990546e-09,9.817210598223987e-09
1.425e-07,-28.27185834470976,0.044743254723379484,-270.9811763725682,-0.04132007823645703,-28.06071073788832,-0.0006153022382460854,-270.83638118604233,-0.04260163236711321,-132.4349569727507,7.730156455425127e-09,9.792657735973865e-09
1.4500000000000001e-07,23.01491529844041,-0.015408306686863231,-273.8656831230086,-0.03247929594057287,23.519402968664096,-0.030665900457465825,-273.8265627678459,-0.035275212779544686,-67.645363399093,7.929300069986823e-09,9.769329735929992e-09
1.475e-07,77.00495240867433,0.04348303785536628,-275.2725427457122,-0.028379195832940202,76.19673251884733,0.022324656961927317,-276.2473327921148,-0.028268700252449496,0.20164655138358373,8.129384836714512e-09,9.747503362725928e-09
1.5e-07,127.36584536359894,0.17307291583224796,-277.41677180023163,-0.029629285107662693,126.48540588839802,0.15910554117763162,-278.12596816776943,-0.021629221222474578,68.03954253694798,8.3296714053091e-09,9.726880171569405e-09
1.525e-07,170.53635748621002,0.4098395763516208,-279.4422267021628,-0.01520371037408718,170.81888673257419,0.3748119725307427,-279.49319466889966,-0.01540039254769111,132.80220614632623,8.530017090819087e-09,9.708304647096725e-09
1.55e-07,205.04880011286883,0.6758415653639298,-279.60995036355337,-0.008845267341262746,205.9424026989711,0.6589496139573883,-280.3828607067858,-0.009621606808628363,191.56251246842035,8.730112385053947e-09,9.695379527360218e-09
1.575e-07,227.60881410212573,0.9984005553713509,-281.0955656649444,-0.0035071328993542665,229.28366754086701,0.996002040123224,-280.83158783043,-0.004327362891110185,241.66462947234638,8.929655844146501e-09,9.69540998642076e-09
1.6e-07,238.51584110422448,1.3868787070641686,-279.9099232651379,0.001025611359534725,239.24517070092986,1.366610025934219,-280.8784011207094,0.0004532995755139208,280.84405556710277,9.128341683014909e-09,9.719242154598548e-09
1.625e-07,236.611835054294,1.7111860111178285,-281.17109336675173,0.00590671395367072,235.373358860363,1.7491839150182087,-280.5643428051947,0.00469721240129675,307.32996991653306,9.325850709816342e-09,9.779871060915874e-09
1.65e-07,218.8647845762103,2.136093684464922,-278.9326712371987,0.01360679191808107,218.3797282555505,2.121744388339367,-279.93207255302895,0.008387305578349394,319.92526950842847,9.521845861080618e-09,9.8900792175683e-09
1.675e-07,191.7452555181844,2.492562727025371,-276.7680476756467,0.008491497646486745,190.01276848648686,2.463753823528023,-279.02545801090776,0.011512639382241325,318.0606754845177,9.715972963936987e-09,1.0059690615354086e-08
1.7000000000000001e-07,153.6901438644295,2.7690120738134425,-277.1371226515259,0.00977052079709632,152.80368727889285,2.7577056907645194,-277.8891592113171,0.01406825693712092,301.8204632484404,9.907866624353453e-09,1.0293164896005045e-08
1.7250000000000002e-07,110.99676920045668,2.9510896044388337,-276.1312074733907,0.018662577415844088,109.72873400994632,2.990281970273237,-276.56821052220755,0.016054893904378035,271.93865340942403,1.0097160437510228e-08,1.0588161938358395e-08
1.75e-07,64.66734063423641,3.1745075192489387,-274.52967829352605,0.01963060167674678,63.84329357870894,3.1529608280074606,-275.10760381293125,0.017478597059561753,229.7658357223322,1.0283500151492065e-08,1.0935417807682277e-08
1.775e-07,17.55262767826635,3.193099362617943,-274.1150157172864,0.019442405810613284,17.94564862071583,3.242046059469348,-273.55187648456666,0.018350309629951676,177.20812550644212,1.0466558077183722e-08,1.1319899750483618e-08
1.8e-07,-26.699429952240784,3.28185530411163,-272.4773855193843,0.01396911212659215,-25.678975370538467,3.25818055578598,-271.9447079539874,0.018685477428951505,116.64101157381232,1.0646046974681753e-08,1.1722883084000758e-08
1.825e-07,-65.01410682742214,3.2061183505041737,-269.3944203815117,0.018221765300983014,-65.39936934015168,3.205482610915184,-270.3285280907904,0.018503716861290247,50.801989544680076,1.0821731860868605e-08,1.2124416099347709e-08
1.85e-07,-100.64128342104887,3.1553310026862462,-269.78935788801806,0.02178196933664608,-100.25119949529007,3.090493296416589,-268.74414098533765,0.0178285662181245,-17.33316672047575,1.0993438627553069e-08,1.2505643003828725e-08
1.875e-07,-130.1419785396349,2.9116015113055322,-265.7103793265076,0.015272055972706143,-129.83206452261044,2.921137363047788,-267.23036727580893,0.016687318944325034,-84.68490332269522,1.1161058949334053e-08,1.2850603156148282e-08
1.9e-07,-153.82522979235057,2.681627523531635,-264.8717259318831,0.015568381471361121,-154.11004355049369,2.705877525537416,-265.8237080837116,0.01511091588423642,-148.20907514770116,1.1324551586269746e-08,1.3147338743018486e-08
1.925e-07,-172.9277887248153,2.4763242809706987,-263.55145580124554,0.01576555255755432,-173.19186073415753,2.453187500789085,-264.55803340237105,0.013133856830282608,-205.0345342926312,1.1483940735945085e-08,1.3388339570632117e-08
1.95e-07,-188.05557331312897,2.221291016893623,-262.37395706321826,0.010676535208977411,-187.10284291520364,2.171393440070735,-263.46429755340245,0.010794083032310024,-252.59289941278084,1.1639312466451701e-08,1.357047627249602e-08
1.9750000000000001e-07,-196.21997753548297,1.9042256799102484,-263.31880200300054,0.0038716862981068275,-195.6270856840298,1.8688508065789562,-262.570284074134,0.00813278324404789,-288.7346407094077,1.179081040348034e-08,1.3694605022465495e-08
2e-07,-198.3737759367912,1.574529402563756,-262.81149044837,0.0012673216143396174,-198.24341736514643,1.55434982037548,-261.90038212667946,0.00519408622371848,-311.8262337815096,1.1938631733060181e-08,1.3764985935579167e-08
2.025e-07,-193.9739021258726,1.2234940362691755,-262.73786620646507,0.0016714358905735164,-194.17324581343843,1.2375911691836112,-261.47539622931276,0.002024620502832073,-320.8239912087239,1.2083024245804264e-08,1.378858253227773e-08
2.05e-07,-182.75665465707897,0.9408057479419372,-261.10746367303443,0.002191963678730415,-182.53378348191677,0.9295544353868979,-261.3123908055893,-0.0013270555445977733,-315.32123484593785,1.2224284659979656e-08,1.377424427729052e-08
2.075e-07,-163.20969654533204,0.5990796381517913,-260.948693415885,-0.005283214666104628,-162.56862690365475,0.6425983596531628,-261.42457072902045,-0.004811127786261051,-295.5666767493198,1.2362757919052458e-08,1.3731752790255876e-08
2.1e-07,-133.04168686273923,0.39060036677171295,-261.26538394893817,-0.004233834294819624,-133.91118533121445,0.3901817834665807,-261.8211987139126,-0.00837726030690116,-262.4531779577718,1.2498836674512836e-08,1.3670750357067666e-08
2.125e-07,-95.93920915411006,0.1391877640334601,-262.73182427485847,-0.012885324431291503,-96.82807578906669,0.1861679179810952,-262.5075500691295,-0.011975333521795176,-217.4773932072846,1.2632959836689598e-08,1.3599656480011679e-08
2.15e-07,-52.78784095632601,0.029238712492100347,-264.4104791125106,-0.01514787322707473,-52.39093893281532,0.043759011199990816,-263.4849049940429,-0.015556128553514879,-162.67212554520341,1.2765608976361664e-08,1.3524777237259605e-08
2.175e-07,-1.7067087673748262,-0.06956549971536445,-264.1156586059235,-0.019918704544513683,-2.536044278425873,-0.02581201068330576,-264.750578257803,-0.019071907715630575,-100.51444826179109,1.2897301517881822e-08,1.3449868502306182e-08
2.2e-07,50.89225541145564,0.008166380723336768,-265.2577385081131,-0.025169579618620264,50.01032132837646,-0.014646587412497662,-266.2979857672975,-0.022476857215695596,-33.813746818547486,1.3028737205651754e-08,1.3376376312742642e-08
2.2250000000000001e-07,102.03557260282021,0.059413767819042174,-266.9059332679761,-0.024049896122541842,101.93961619645451,0.08061269073935329,-268.11674719878556,-0.025727380183960574,34.415258976831,1.3160242201852272e-08,1.3304424874694356e-08
2.2500000000000002e-07,149.89362573676664,0.17369335537673525,-270.152750568129,-0.027616369911220438,149.67745538121153,0.25793999972032944,-270.19282354612113,-0.028782251992804733,101.08877344034303,1.3292341803017908e-08,1.3234384319271344e-08
2.275e-07,190.882412447814,0.5084710623549025,-271.58306928414663,-0.02975942044615105,189.7645420687624,0.5096103562523214,-272.5086881275729,-0.031602671351097,163.1933055538644,1.34256442014719e-08,1.3168606057324456e-08
2.3e-07,218.41192935527403,0.7032691006752987,-275.654627140243,-0.03976300023656525,219.24568825081857,0.8224969669990432,-275.0435292962904,-0.034152256037149636,217.92187189654774,1.3560618879945629e-08,1.3112766664856062e-08
2.325e-07,236.26097897565776,1.225225855276333,-277.7405456107873,-0.03698352349951925,236.00775282864257,1.1789776724371015,-277.7734828190605,-0.03639703865470784,262.8008659030939,1.3697667454317837e-08,1.307629371615651e-08
2.35e-07,238.98059396225852,1.5865116984984273,-280.11426903168683,-0.03687449635445222,239.01469231300524,1.558353542580895,-280.67189162664863,-0.03830551431263679,295.8018592473623,1.3837107516908577e-08,1.3071577030013857e-08
2.375e-07,229.00991919765656,1.933665582622135,-284.5538435916786,-0.03433418648072686,228.4041575856536,1.9386043055526678,-283.70959039901925,-0.039848779265421984,315.4332821833707,1.3979161268368384e-08,1.3112032905856908e-08
2.4000000000000003e-07,206.0055842836145,2.328643526238856,-286.35637031113157,-0.041896659222087906,205.4323744858956,2.298254714939745,-286.85521223220417,-0.04100077959606241,320.80783910106,1.4123949933380909e-08,1.3209461359357727e-08
2.425e-07,172.25233122322814,2.620773281460458,-291.0991158785643,-0.03920892286026027,172.27853990011772,2.618111792735883,-290.07551444242944,-0.04173866551650568,311.68261226723223,1.4271494253023011e-08,1.3371379553799191e-08
2.45e-07,131.7718978009217,2.9142122575827445,-292.6764645888556,-0.039142833926439975,131.7423889694589,2.8826573982680546,-293.33572039900304,-0.042043223965964764,288.47004115389336,1.4421720609241758e-08,1.3599037710768726e-08
2.475e-07,86.24853545877968,3.0884502193595846,-295.71443886672455,-0.043569898881258014,86.88505622025951,3.0809393233420757,-296.599874141827,-0.04189934394741552,252.2192811133651,1.4574471682707366e-08,1.3886621263046957e-08
2.5e-07,40.34002230859851,3.247194490878323,-299.73095217255633,-0.03903511283765645,40.671039176864674,3.2068867277474222,-299.8312044334173,-0.041296458661814126,204.56878394560792,1.4729520077544258e-08,1.4221795054816826e-08
2.525e-07,-4.54573335481906,3.3060965817051833,-300.61859569667047,-0.036881873189819704,-4.333285726922913,3.259067757616544,-302.99249481987914,-0.04022890777753227,147.6722436081005,1.4886583135593157e-08,1.4587380767331465e-08
2.55e-07,-46.02931607135463,3.22136922650572,-305.78767534930205,-0.038717367837411844,-46.16102903913727,3.2399926733326847,-306.04645623104796,-0.03869617218742498,84.10125415358245,1.5045337234560412e-08,1.4963699481093566e-08
2.575e-07,-83.34235473153134,3.219431148156592,-310.18207819385447,-0.027757783432212205,-83.52167471056526,3.1551301165048726,-308.95609863730465,-0.03670295070753671,16.729079535148028,1.5205430195430367e-08,1.533102573043494e-08
2.6e-07,-116.60975812126422,3.0182774615398893,-311.5889161320731,-0.035202358003348276,-115.75215916569628,3.011836538462963,-311.6850982994855,-0.03425907028208743,-51.399211381132865,1.536649094733638e-08,1.5671683726349954e-08
2.6250000000000003e-07,-141.73719178109673,2.7733789398044975,-313.6316532003629,-0.030564746799189108,-142.66352474506712,2.8183943590598233,-314.19815719861145,-0.031379244428622444,-117.20437499443608,1.552813621333275e-08,1.5971508570984838e-08
2.65e-07,-163.0241535278513,2.5076925334796227,-316.5717062432301,-0.031992114260618,-164.32284572734858,2.5833148232498306,-316.4613513133795,-0.028082714771531746,-177.71216776757203,1.5689974574960547e-08,1.622060973005323e-08
2.675e-07,-182.11045869447116,2.3346785251503377,-317.6514204670524,-0.02093890054825911,-180.82079026802302,2.314994764058262,-318.4424645246911,-0.024392824031796694,-230.18777526162054,1.5851608740445196e-08,1.6413538158601677e-08
2.7e-07,-191.86509775988884,1.9790383116614696,-319.9232151852658,-0.01757351350933052,-192.07632988400724,2.0217353760343544,-320.11130506692956,-0.02033657343242642,-272.25941952058,1.601263709967931e-08,1.654903520180288e-08
2.725e-07,-198.71585887957198,1.7859018695338806,-322.6064160289459,-0.01764927206567747,-197.72159846239356,1.7120509568953284,-321.4400016139126,-0.015944212430349224,-302.02555803371894,1.6172655657666335e-08,1.6629532772501506e-08
2.75e-07,-197.2690040172112,1.4041114384388673,-323.5879187592936,-0.005096080535314218,-197.09334076186897,1.3951314105799046,-322.40327628190744,-0.011248895030156969,-318.14082912668744,1.6331261202737038e-08,1.6660510910493405e-08
2.775e-07,-189.34270998760326,1.0651412308307713,-322.7421231413473,-0.0009137637196826543,-189.33583747101963,1.08128614904994,-322.97869205100056,-0.006286417262257334,-319.876859245397,1.6488056138169185e-08,1.664974361704643e-08
2.8e-07,-173.06372154789756,0.7876886320422153,-323.7415918791476,-0.0014157487504870647,-173.5976156336052,0.7821957376243649,-323.1468723474835,-0.00109502839507997,-307.1551837819446,1.664265487340562e-08,1.6606417203773387e-08
2.825e-07,-149.4790432324902,0.5156036695701613,-322.3834318238375,0.005202870119204096,-149.28480533198297,0.5108316391435114,-322.8916907915215,0.004284711800685308,-280.5507934962004,1.6794691141266623e-08,1.6540113360409608e-08
2.85e-07,-116.71846361838419,0.32102728438533057,-321.3085279569854,0.014511149090170983,-116.3212835231106,0.2809676625726139,-322.20042939384876,0.009810072121781055,-241.26614624288817,1.6943825187842248e-08,1.645971483795351e-08
2.875e-07,-76.08087826232013,0.12783431385775398,-322.2412819606831,0.014450766149693785,-75.3621447911249,0.10628772855348217,-321.06390378003476,0.01543633409023068,-191.07681861491318,1.708974955984921e-08,1.6372390832545542e-08
2.9000000000000003e-07,-27.99792866056286,-0.0160059801036797,-322.4263913816707,0.016480912439636928,-27.913308140878847,-0.0008215146298674167,-319.4765543283054,0.02111706670114436,-132.251253924876,1.7232192241867515e-08,1.6282903979416855e-08
2.925e-07,23.432163813328543,-0.04800409568049817,-317.3775374011814,0.02464808797249493,23.674818116617377,-0.030633388577581123,-317.4365024241985,0.026804524842082574,-67.44823373328252,1.7370921180336867e-08,1.6193495128664672e-08
2.95e-07,75.85065510974,-0.012597745832116779,-314.53560574153494,0.03221770844118914,76.35036099203823,0.02260590277256764,-314.9455713596007,0.03245018499320222,0.40329302316030247,1.7505906155367367e-08,1.610450638076932e-08
2.975e-07,126.60398904899974,0.15335302583654842,-311.26601515258017,0.035781863134140175,126.62665615780547,0.15962958508316977,-312.00927173201654,0.03800540869493263,68.23659185337567,1.7636592293553813e-08,1.601570000534719e-08
3e-07,171.84092185510931,0.3562233977144466,-308.36808841718766,0.03831506164618055,170.93750572886734,0.3755559903186505,-308.6367515292803,0.04342220158597956,132.9857521270429,1.7762993933659522e-08,1.592797719134596e-08
3.025e-07,205.52030012749407,0.6961588755685773,-303.0653440246495,0.04911062959592178,206.0296307824645,0.6598747706706518,-304.8407114123603,0.0486540176061064,191.72425925308696,1.7884933710135932e-08,1.5844992405631917e-08
3.05e-07,229.40876443376666,1.0713101725646332,-301.27885815035575,0.059787837440651824,229.33324186238104,0.9970561760611305,-300.63728603145086,0.053656547499795794,241.79726647464202,1.8002218002056088e-08,1.5774095122203945e-08
3.075e-07,238.87997576683145,1.3993066410262602,-294.936575380705,0.05539915941413793,239.2540230243001,1.3677318632510955,-296.0458925252823,0.0583884299704331,280.9415878965785,1.81146255335367e-08,1.5726165082459777e-08
3.1e-07,235.41617943547266,1.6951976780472702,-291.15992951211786,0.0652526683581011,235.3419021697829,1.750308264268474,-291.0890476576662,0.06281183293947451,307.3879893340058,1.8221899541017202e-08,1.5714217255294778e-08
3.125e-07,218.8784943408232,2.1040061974644098,-287.5022398561901,0.06717020774690305,218.31169275153871,2.122807684049251,-285.7921553359396,0.06689286984653943,319.941153668357,1.8323744748152958e-08,1.5751038826594554e-08
3.15e-07,190.05985987448076,2.3943909796667615,-280.5771019132009,0.0687442245125448,189.9146203619894,2.4646992757917943,-280.1832665306153,0.07060183879425125,318.033706459046,1.841982975274259e-08,1.584644370890523e-08
3.1750000000000003e-07,151.86502900105603,2.801856703360242,-272.15809314759093,0.0708742891960774,152.68373030184566,2.7584874127329058,-274.2928138716106,0.07391329666499713,301.75185997610305,1.8509794701093004e-08,1.6004869398252764e-08
3.2e-07,108.972466879858,3.011236424014315,-269.91341831362064,0.07846741047973252,109.59604286869518,2.9908676160062884,-268.15332343167915,0.07680600194062233,271.83151660190117,1.85932634214728e-08,1.622394579905608e-08
3.225e-07,63.52291938444562,3.1721176923951537,-261.06468855804025,0.08238555838524945,63.70665077688014,3.153332520676034,-261.79910641991523,0.07926277516341097,229.6250077193403,1.8669858622945715e-08,1.649437591485083e-08
3.25e-07,17.77426233685467,3.2169072835915045,-254.69909197382123,0.08379761816772492,17.812649685006303,3.242199663361366,-255.2659336955415,0.08127033225903497,177.03997141300812,1.873921842759558e-08,1.6801094987088008e-08
3.275e-07,-25.334906283144043,3.306364344773296,-249.0627895956023,0.08386077151840649,-25.802518938612927,3.2581235995756215,-248.59069617292124,0.08281914236713775,116.4531315720244,1.88010124419183e-08,1.7125350148798362e-08
3.3e-07,-64.84977348745386,3.2031428507092934,-241.89768592593595,0.08449553717043112,-65.50965702641841,3.205231360682518,-241.81105432139432,0.08390334921619026,50.60287538275731,1.8854955787996575e-08,1.744716645137698e-08
3.325e-07,-100.88923907913195,3.1212870137857895,-234.40317574333642,0.09080701486441278,-100.34629477290538,3.0900695730783028,-234.9650800669054,0.0845207758612308,-17.53451553585505,1.890081996038031e-08,1.7747669537862422e-08
3.35e-07,-130.2646074651372,2.956029376537565,-228.12934463027696,0.07987352826683741,-129.91143751429834,2.9205656855081736,-228.090894475537,0.0846730103626315,-84.87938628360989,1.893843996484299e-08,1.801088378535786e-08
3.375e-07,-155.0644507257585,2.731743166815312,-221.54220440442123,0.08793751833707156,-154.17392141708868,2.7051830430475206,-221.2263046413035,0.08436554882013401,-148.38790206721185,1.8967717821504854e-08,1.8224838698158685e-08
3.4000000000000003e-07,-172.67975129365783,2.440574921316207,-214.5486074048227,0.08284941657509691,-173.24053554809348,2.452394979465005,-214.4084432114883,0.08360795596041909,-205.1896226012207,1.8988623064633873e-08,1.8382012705307467e-08
3.425e-07,-186.68756772473407,2.211549423641637,-207.71824803867446,0.08681551661055387,-187.13609018251236,2.17052732735502,-207.6734139623493,0.08241399515440787,-252.71723947208244,1.9001191248648815e-08,1.847926588181952e-08
3.4500000000000003e-07,-194.58926059892994,1.880864698445592,-201.58042632243718,0.0755125984347275,-195.64382137474934,1.867936159123547,-201.05594678627526,0.08080168080144629,-288.82261263190077,1.900552161191752e-08,1.8517444645250517e-08
3.475e-07,-198.13578741135134,1.5789595012014943,-193.03855867566207,0.07566459050172496,-198.24167207241317,1.5534136900397066,-194.58906536896498,0.07879321622585685,-311.8738614366359,1.9001774938880314e-08,1.8500800410443695e-08
3.5e-07,-194.9050445497508,1.2392064162688976,-188.57574398194058,0.07674744584422884,-194.1504705861116,1.2366639343259196,-188.30377072260376,0.07641479767119656,-320.8291219349341,1.89901723262968e-08,1.8436289344349618e-08
3.525e-07,-181.91822717718088,0.9021896596174707,-180.64588681723365,0.06836279563612095,-182.48743475165654,0.9286705607610585,-182.22874359934326,0.0736962863989138,-315.2836367460917,1.8970995072250044e-08,1.8332755085164048e-08
3.55e-07,-162.94659353708076,0.6493389880593813,-174.79086969958777,0.0750808521026381,-162.4969201074954,0.641796169306553,-176.3900686399085,0.07067077230570397,-295.4880491719084,1.8944585366724786e-08,1.8199975040476233e-08
3.575e-07,-134.39197415171117,0.34725465027622265,-170.16554136460272,0.06145426730927788,-133.81386900853445,0.3895020190580712,-170.8109829163636,0.06737406985135502,-262.3370746902347,1.8911346980039077e-08,1.8047589085521613e-08
3.6e-07,-97.34985624312962,0.14015916974218715,-166.60718710981618,0.0661297104067641,-96.70706721470765,0.18565109575715752,-165.5116513077282,0.06384419712888716,-217.329061852913,1.8871744819999202e-08,1.7884016694352904e-08
3.625e-07,-51.4263696044153,0.05845491382586417,-160.11318385493647,0.059293872653553965,-52.25068097053905,0.04344184037100323,-160.50897090418985,0.06012088962184537,-162.49827034341976,1.882630213168231e-08,1.771556752884655e-08
3.65e-07,-1.8689854708831772,-0.019555280520081673,-155.61302163389558,0.05130454954217155,-2.383488049216055,-0.02590067340783991,-155.81640637232383,0.05624519128601679,-100.32292707179549,1.8775594274689276e-08,1.7546006581104e-08
3.6750000000000003e-07,48.86831405498472,0.06760897571982269,-152.3569192863183,0.052419996503110536,50.166139975727205,-0.014489637738929822,-151.44385793231214,0.0522591485465856,-33.613215961977566,1.8720396096572396e-08,1.7376796874712437e-08
3.7e-07,101.74662395008461,0.10296138488775937,-148.69806740570064,0.05247462989992444,102.08836772299358,0.08101749055973805,-147.39756330122393,0.048205610636007167,34.615735961928394,1.8661123059600296e-08,1.7208089605053587e-08
3.7250000000000003e-07,149.96340717141263,0.3003099290055314,-142.86945679782505,0.0504726849233422,149.80857095482955,0.2585782517585585,-143.68003464661172,0.04412811645052146,101.28013545078892,1.8598410983838893e-08,1.704029307452629e-08
3.75e-07,188.86723925810827,0.45601284673111114,-141.1754134391474,0.043491043463570765,189.86837864519427,0.5104509808763447,-140.29003127477617,0.040070828105266874,163.3669034625743,1.8532991587668542e-08,1.6875807643136906e-08
3.775e-07,220.10284262170575,0.8165942672792796,-138.3255591616547,0.03550215603274538,219.31462880932102,0.8234940065838687,-137.2225684509591,0.03607845844929458,218.0698594733817,1.846547480523627e-08,1.6720367432698143e-08
3.8e-07,236.03554618481044,1.1778835553592557,-135.12541805578564,0.032022090785205105,236.03707327541113,1.1800737919696902,-134.46896241733168,0.032196136561524646,262.9165544465929,1.839641798567464e-08,1.658346260365928e-08
3.825e-07,240.23814540298866,1.623543691330826,-131.78288107898024,0.026176286328571743,239.00306245091735,1.5594848145059588,-132.01691134199393,0.028469162537447742,295.8800198988164,1.832630887187747e-08,1.6477546600638757e-08
3.85e-07,228.45939909414707,1.9257222825977143,-131.47409899043902,0.023982265825376183,228.3537021262627,1.9397056705233033,-129.850611601237,0.024942619609354018,315.47038225933017,1.8255553190063977e-08,1.6416097104817416e-08
3.875e-07,205.31462899507463,2.33137785151151,-129.43806849834945,0.02225651723070196,205.34829118696112,2.299265412031789,-127.95090847106997,0.02166083498053119,320.8022017625795,1.818446785687674e-08,1.641097167652786e-08
3.9e-07,171.2622199668238,2.6673913721691136,-125.7103370837942,0.02405267899741618,172.1683431796049,2.618980068667369,-126.2954799853792,0.018666706627946155,311.63449230917314,1.811328010991322e-08,1.6469741707457764e-08
3.925e-07,132.0105839184346,2.925043566634575,-124.82921305294474,0.01992326355911664,131.61490639275286,2.8833439319016296,-124.85905241000921,0.01600093720362023,288.3816134887754,1.8042132131927055e-08,1.65937106861022e-08
3.9500000000000003e-07,86.91969353534783,3.0179587567858257,-123.34578064551522,0.010718857531743434,86.74934188402591,3.0814190166827355,-123.61364548724669,0.013701233880365836,252.0945424702771,1.797109008661789e-08,1.6777119676977852e-08
3.975e-07,41.176964631448804,3.217941817101461,-122.44262111414619,0.012715933461505138,40.53537601469336,3.2071487800247747,-122.52884532639419,0.011801541505550302,204.41337222714742,1.7900156018130123e-08,1.7007694707531184e-08
4e-07,-4.513741993557514,3.2683807051259115,-120.34181719305154,0.009784577436637732,-4.462144435710332,3.259114208628043,-121.57210255582686,0.01033137435810503,147.4931830700261,1.7829280857434744e-08,1.72683262783666e-08
4.025e-07,-46.688290464755845,3.184733539149203,-121.89143018921354,0.009730187291703801,-46.278276014521005,3.239835829519451,-120.70905311251549,0.00931529961802254,83.90663792443654,1.775837685216671e-08,1.7539412391872737e-08
4.05e-07,-83.07947453535509,3.1217632442000802,-117.64849407480555,0.009449646508879488,-83.62448419172188,3.154789419699927,-119.90385882866892,0.008772605561171171,16.527703825292658,1.768732806884651e-08,1.7801311481073476e-08
4.075e-07,-115.780950524466,3.099149006561686,-119.31017385221243,0.005311855444217594,-115.83937248930613,3.0113354791186264,-119.11956478386293,0.008717163017042128,-51.598244848208566,1.7615998140090332e-08,1.8036436371164683e-08
4.1e-07,-141.35553821369896,2.8208107818469914,-119.39296762083154,0.00749846261322204,-142.7350792247453,2.8177579681532037,-118.31847022655312,0.00915746400672237,-117.39207035927708,1.7544235044961942e-08,1.8230712747163157e-08
4.125e-07,-163.68368780867493,2.5071443254048473,-118.91108464575154,0.010248309399991414,-164.37908409511445,2.5825681147639163,-117.46250973273106,0.010096800926804825,-177.88004162712835,1.7471873304804308e-08,1.8374339988522047e-08
4.15e-07,-181.06717367519815,2.3393705405900094,-116.87205368560682,0.008143672210291603,-180.86180583190216,2.3141622746129555,-116.51364116296314,0.011533536653419356,-230.32824009973842,1.739873444305011e-08,1.846195613717898e-08
4.175e-07,-192.384876227482,1.9435738510222973,-116.96341627344313,0.01691786992857864,-192.1014912820346,2.0208417026768406,-115.43423690313067,0.013461412708347328,-272.36612664645713,1.732462681462523e-08,1.849238521917593e-08
4.2e-07,-197.33659808036143,1.751404160675654,-114.39116501690742,0.018603675542712767,-197.72935968851067,1.7111219743823871,-114.18747482963303,0.01586984972070115,-302.0936845282699,1.7249345917601494e-08,1.8468136303058506e-08
4.2250000000000003e-07,-196.7783983188118,1.3835127892591892,-111.82024614991418,0.021392518569861456,-197.08138410839263,1.3941956968271836,-112.73772542706901,0.018744210706719305,-318.167295827503,1.717267606277901e-08,1.8394760181038367e-08
4.25e-07,-188.52583831811592,1.0428373954121308,-111.35668653963528,0.02145218496889966,-189.3015298665102,1.0803760904825528,-111.05093150564238,0.022066020604845988,-319.860469917873,1.7094393847585326e-08,1.828009437634991e-08
4.275e-07,-173.65311333766712,0.7788916396354709,-109.50154655288458,0.026820815209105023,-173.538694905966,0.781347836009133,-109.09497701665373,0.02581316154156399,-307.09667918636154,1.7014273346728037e-08,1.813338065759269e-08
4.3e-07,-148.8189010518688,0.5619247971372656,-105.81133208808346,0.028833360846473824,-149.20016398366667,0.510085689539009,-106.84004154702794,0.029960088739851135,-280.4528179070467,1.693209240086135e-08,1.7964247384373232e-08
4.325e-07,-116.85613440428092,0.32720914476617846,-104.83682158423795,0.03779900835888839,-116.21169277137776,0.2803646915938662,-104.25893718722901,0.03447813365042862,-241.13312793367348,1.6847638963563455e-08,1.77816148478354e-08
4.35e-07,-75.10161828045366,0.06219784516237012,-102.98755082291608,0.04480974668432876,-75.23076567507927,0.10586683316372662,-101.32742461016629,0.0393359768995313,-190.9147697102913,1.676071624382093e-08,1.7592680994979333e-08
4.375e-07,-26.980208237379372,0.06599974234769582,-99.06409005977726,0.04200190128770978,-27.765869004343283,-0.001027051315085715,-98.02450537058927,0.04450038389111215,-132.06749866630176,1.6671145407594882e-08,1.7402229621954617e-08
4.4e-07,23.914971249190458,-0.010773932299084615,-93.63576014383689,0.048537212503369356,23.830243050976176,-0.030600150489302008,-94.33268763352244,0.049937302081669965,-67.2510774399753,1.6578771136387335e-08,1.7212517101582026e-08
4.425e-07,76.46635963695537,0.031072540322937194,-90.82975688965689,0.057778227778724364,76.5039686492561,0.02288788125733259,-90.23822276480732,0.05561342381393318,0.6049393357238927,1.6483618286852043e-08,1.7023897669859742e-08
4.4500000000000003e-07,126.71581429667661,0.1141718911741413,-83.95706538431281,0.06335152794178564,126.76785428905472,0.16015431885017065,-85.73131046481801,0.06149832355246514,68.43361423107925,1.63851740110256e-08,1.6836144182476793e-08
4.475e-07,171.29279127067304,0.30301786121839525,-79.65071954319168,0.07121930746496441,171.05604400382288,0.37630060575067475,-80.80627039577753,0.06756727763828507,133.16924560709123,1.6283475830005812e-08,1.665016755649338e-08
4.5000000000000003e-07,206.7988726864229,0.6632815946630274,-75.46233380358024,0.07647598956827775,206.1167555671006,0.6608003887697715,-75.46167854145483,0.07380484215313944,191.88593034805368,1.6178353516797014e-08,1.6469630230932772e-08
4.525e-07,229.25521469076173,0.9902227041776368,-69.99580891704875,0.07704304361441212,229.3826988870331,0.9981106034835026,-69.70046684285035,0.08020912549670733,241.92980801920652,1.6069605291207946e-08,1.6301885502355735e-08
4.55e-07,239.77389707013614,1.4628247470552833,-62.543067332497245,0.08844026837385822,239.2627541193831,1.3688538027120307,-63.52998497211551,0.08679626842936367,281.0390093147632,1.5956987599643553e-08,1.615780958198913e-08
4.575e-07,235.14848788335414,1.8117427733864533,-58.406438519689004,0.09191803335823175,235.31033056640678,1.7514325230856769,-56.96202343659456,0.09360356431266055,307.4458873995688,1.5840208681373574e-08,1.6050403631167637e-08
4.6e-07,216.66716042394395,2.1328595232178524,-50.46643327482513,0.0992721560359643,218.24355776212658,2.1238707096139198,-50.012797542638616,0.10068727784981397,319.9569115205848,1.5718927150000138e-08,1.5992429216661068e-08
4.625e-07,191.4622893232417,2.4640751353011687,-41.793684519409624,0.10593272707627532,189.81639504418496,2.465644305014422,-42.70289209173316,0.10810687087141774,318.00661187890364,1.559275617981732e-08,1.5993663399489143e-08
4.65e-07,151.3413634380865,2.780122806391551,-34.03261827893344,0.11448541689456544,152.5637223075064,2.759268595708781,-35.05716702650857,0.11588174300421093,301.68313757691107,1.5461273155482003e-08,1.605849834546221e-08
4.675e-07,109.03763681547758,3.024630755672354,-27.055609813464724,0.12800338068822772,109.46332754315802,2.9914526490127518,-27.104624588269267,0.12390625277084716,271.7242724795999,1.5324033937877343e-08,1.6184514462698748e-08
4.7e-07,63.19634507013411,3.1016494095200637,-18.993381474584133,0.13177077898729797,63.57000831888399,3.1537035692743016,-18.878238887820498,0.13183210473011872,229.48408906403236,1.5180590332353392e-08,1.6362365913212877e-08
4.7250000000000003e-07,18.29037907191477,3.1792499449227782,-9.002434913677673,0.1369197221417177,17.679671066026934,3.242352629860253,-10.41474912448642,0.1389938495845331,176.87174742699864,1.5030509006280263e-08,1.657694398257941e-08
4.75e-07,-25.98571521432131,3.230759753253733,-1.3157223223672005,0.14805593317937482,-25.926028005269277,3.2580660429899893,-1.7544180114522376,0.14452065441691211,116.2652055963823,1.4873390039896953e-08,1.680945959437517e-08
4.775e-07,-65.86539095488402,3.2044424452688673,9.52041100118898,0.14769274788639017,-65.61990191566095,3.204979568108216,7.059242724050421,0.1476911017854026,50.40374124362186,1.4708883508686039e-08,1.7039910569141892e-08
4.800000000000001e-07,-101.11418821271188,3.1627109266875513,15.62591068775392,0.14902035418253773,-100.44134390776182,3.0896453772666335,15.97977760231236,0.1483046742340783,-17.735857428887588,1.4551860769824352e-08,1.725486547737625e-08
4.825e-07,-129.92466851810343,2.8747222413795845,24.54806542987757,0.14420676138337213,-129.9907642653937,2.9199936097482926,24.958120974394024,0.14672757267609504,-85.073835735486,1.4405925512951954e-08,1.7439706707898043e-08
4.85e-07,-153.55384056669615,2.7454189311784516,35.41805208568828,0.14019219058161644,-154.23775413663424,2.7044882363611,33.94295623094384,0.1435949685535409,-148.56667040553086,1.42708430296822e-08,1.758241536414031e-08
4.875e-07,-173.21596435874352,2.464518379168629,42.13374045703434,0.1350152941791606,-173.2891655501394,2.4516022063932486,42.881097707355984,0.1394802138701012,-205.3446299041958,1.4146352063827143e-08,1.7675388262249165e-08
4.9e-07,-187.1388206709036,2.2234282448874687,52.59946135062812,0.13383741396476911,-187.1692907995342,2.1696610353918286,51.717892147965095,0.13475107497723693,-252.84147976261883,1.4032163146775628e-08,1.7715369399811074e-08
4.925e-07,-195.06703050265872,1.803040129130792,61.45558059719273,0.13250812407263318,-195.66050583684697,1.8670214086206534,60.39763641076596,0.12958562766333645,-288.9104705318009,1.3927956907503394e-08,1.7703054199140388e-08
4.95e-07,-199.06537005328556,1.4683225209551911,70.04645316168268,0.12462923396825556,-198.23986865688792,1.5524775408240648,68.86400794146554,0.12404034234606491,-311.92136596890083,1.3833383394739194e-08,1.764250831398222e-08
4.975e-07,-193.88070934648246,1.235467039680045,75.54800662071781,0.12558929512184164,-194.12762938258996,1.2357367760395674,77.06050442291625,0.11810947423074397,-320.834126002888,1.3748063106288145e-08,1.754046791084934e-08
5e-07,-182.45909141583306,0.9068978885542069,84.43310985936539,0.11472307700531915,-182.4410132735592,0.9277868703831311,84.93088891421782,0.11176267791003329,-315.2459141772593,1.367158992589325e-08,1.740552314234228e-08
5.025000000000001e-07,-162.53890920598997,0.6580358575256388,91.7003235723883,0.09963911789035414,-162.4251372053726,0.6409942806955387,92.41963673393158,0.1049654926234963,-295.40930494049354,1.3603535621200318e-08,1.7247165441869145e-08
5.05e-07,-133.7787238764867,0.3835564115643155,98.77694393495804,0.09319914865080421,-133.71647879033196,0.3888226775848604,99.47238031443095,0.09768929403675344,-262.2208678561753,1.354345506737584e-08,1.70747176468117e-08
5.075e-07,-96.40626801773689,0.21964475957369295,105.62497849802999,0.08934664116022335,-96.58599404668087,0.18513481201311285,106.03634825974419,0.08991539335057495,-217.18064470047048,1.3490891029561456e-08,1.6896253268121264e-08
5.1e-07,-51.096629485199,0.01582930134023261,112.49838038792294,0.08041635053607657,-52.110375339624085,0.043125306395126795,112.06079487730767,0.0816361034578885,-162.32435098989444,1.3445377234900133e-08,1.6717710172520774e-08
5.125e-07,-2.234436240869376,-0.01869764437970794,118.24875058633228,0.07753784196597786,-2.2309080460038686,-0.02598863009726609,117.49741652455569,0.0728543718319532,-100.13136627589817,1.340643862071671e-08,1.6542459801384443e-08
5.15e-07,49.33910798976614,-0.045043764062219646,122.1800564029719,0.06596943294245401,50.32195336210058,-0.014331952665810907,122.30075121366748,0.06358284887065942,-33.412671835441174,1.3373746259991525e-08,1.6371554628403933e-08
5.175e-07,102.39650365102437,0.056985112800836374,127.1047727223672,0.055169179713324516,102.2370826015812,0.08142300791442846,126.42855805117722,0.0538428313710385,34.816199281281435,1.3346562884475795e-08,1.6204723108317048e-08
5.2e-07,149.9251330906554,0.27410593139692097,128.95207237439502,0.04180619074195171,149.93961949910516,0.2592171534607488,129.84217325245655,0.04366327081200887,101.47145747744021,1.3324337641787306e-08,1.6041942688606476e-08
5.225e-07,188.72920431975336,0.48735099935266496,131.83583796580052,0.03340270084031358,189.97212224493438,0.5112921399159203,132.5068396628561,0.03307989264732113,163.54043687661692,1.3306581971311238e-08,1.5885177454035216e-08
5.250000000000001e-07,220.8291416489014,0.8376766878917274,136.35693243449296,0.01698048470701448,219.3834578548275,0.8244914259470557,134.39200693593818,0.02213439390715256,218.21776095969037,1.3292664918674356e-08,1.5739720922172046e-08
5.275e-07,236.44501347439248,1.1552397952970113,134.10697859824606,0.01060272218754938,236.06627315241212,1.1811701097478953,135.47159976285016,0.010873647705574838,263.0321391948006,1.3281890160945136e-08,1.561461818334494e-08
5.3e-07,239.48614550910955,1.4896161582141267,135.12085136355114,0.0011051373473986773,238.99131328832817,1.5606160916969924,135.72425181337266,-0.0006511700443709544,295.9580637415254,1.3273487923414863e-08,1.552187268224767e-08
5.325e-07,227.42518698726565,1.9141436684243578,135.65817965400052,-0.014472302873873341,228.30313846978856,1.940806852744078,135.13350333624928,-0.012385614389529528,315.50735779257883,1.3266611569376127e-08,1.5474507508768513e-08
5.35e-07,206.20663503064446,2.2366167047247827,133.55220394135264,-0.02151529559389737,205.26411889813906,2.3002757585786817,133.68796067154614,-0.024273239114067733,320.79643777647027,1.3260339790103265e-08,1.5483923121161674e-08
5.375e-07,172.01851765199825,2.5793245279442614,130.4627678208136,-0.034324633522531976,172.05808210912255,2.6198478586836536,131.3814162483951,-0.03625716351864906,311.5862493227513,1.3253684621155001e-08,1.5557235508653165e-08
5.4e-07,132.04236636270738,2.8896811813010137,127.75452372648381,-0.04580093722642578,131.4873863699806,2.884029884450131,128.21292797473222,-0.048282002843004976,288.2930719751644,1.3245604776253764e-08,1.5695300481414414e-08
5.425e-07,86.52200906426975,3.1191058074167914,124.94705129596316,-0.06331844984790773,86.61361611374065,3.0818980766659454,124.18685726867166,-0.06029624214055051,251.9697043042562,1.323502313949275e-08,1.5891926091029675e-08
5.45e-07,40.923367370822945,3.1168205058799816,118.06289191453142,-0.07531620097360096,40.39972388499923,3.207410187353968,119.31286533098557,-0.07225516979990598,204.2578798095283,1.3220846793568756e-08,1.6134426730652342e-08
5.475e-07,-4.17560178966869,3.272536988451708,114.77663809577805,-0.0787172588802032,-4.590974958221999,3.2591600375715424,113.6058676117275,-0.08412454551023715,147.31406430397686,1.3201987756333543e-08,1.640530813614723e-08
5.5e-07,-46.258469316815386,3.2507048024186127,108.1561052805508,-0.09609189905900486,-46.39548362914759,3.239678412267641,107.08594677828857,-0.0958852465838847,83.711988570281,1.3177382675525233e-08,1.668461413704232e-08
5.525e-07,-84.06178655135582,3.1249613966571634,100.25693868213665,-0.11198024134846285,-83.72724867224306,3.1544482143708,99.77822484401557,-0.10753917131573369,16.326321590561566,1.3146010068526511e-08,1.6952381535950784e-08
5.55e-07,-116.61947757386359,2.9733313635876897,90.8384261176566,-0.11407735586032848,-115.92653934081969,3.010833983968949,91.71269546290088,-0.11911654820124819,-51.79725794511322,1.3106904222610322e-08,1.7190734677365603e-08
5.575000000000001e-07,-141.78611101467993,2.809214901688294,82.55669483474597,-0.13460236553234273,-142.80658799316785,2.817121215842503,82.92401773373626,-0.13068415661723556,-117.57971937958999,1.3059165491820454e-08,1.7385343802114562e-08
5.6e-07,-164.57403766075578,2.5254254807942798,73.6206331965726,-0.14307218274855035,-164.43527768417758,2.581821117977844,73.45127318360494,-0.14235190051717123,-178.0478452624604,1.300196732610286e-08,1.752618561713266e-08
5.625e-07,-181.32750023035035,2.328789503646766,64.03836478288159,-0.15466927293983188,-180.90277599160936,2.3133295689030122,63.33768791277253,-0.15426936708060746,-230.46861400791562,1.2934560839894013e-08,1.760770819422193e-08
5.65e-07,-191.1381925052809,1.9564071086740074,49.80772381409562,-0.1711489856636176,-192.12660407333777,2.019947886818089,52.630322178284196,-0.16658883856838405,-272.4727262465003,1.285627799011067e-08,1.762857849507053e-08
5.675e-07,-197.0015534850945,1.7084930878086966,41.95227610628136,-0.18096520388353468,-197.73706645315866,1.7101929290153257,41.379729969223916,-0.1793367928304576,-302.161691761018,1.2766534446421301e-08,1.7591181768849768e-08
5.7e-07,-196.71623000179628,1.3509591210051055,31.508060471362732,-0.19014539269411318,-197.06936539803934,1.3932600097404901,29.63959138033417,-0.1920902359788125,-318.1936369209091,1.2664833005950371e-08,1.7500978474237288e-08
5.725e-07,-188.8482211220962,1.0602720291985706,16.411615640973015,-0.21355627301083172,-189.26715261039192,1.079466160260727,17.466320820261565,-0.2034487161133642,-319.8439543145009,1.2550767981936809e-08,1.7365749227436215e-08
5.75e-07,-172.61740457708274,0.80535519069778,3.933062472261035,-0.2155127872458115,-173.4796991752086,0.7805001759268405,4.918654294110336,-0.21091259361010664,-307.03805335387335,1.2424030469018905e-08,1.719471189022509e-08
5.775e-07,-149.14372492390413,0.5655280852627266,-7.957694198916823,-0.2125340814896157,-149.11544682684433,0.5093401018979746,-7.942780824480947,-0.212341383177983,-280.35473159956206,1.228441386414794e-08,1.699750323691144e-08
5.800000000000001e-07,-116.4469504762074,0.2311723849534477,-20.876493699238505,-0.21124685757587983,-116.10203184263933,0.27976220241403815,-21.05590997046682,-0.20817216828639068,-241.00001442891715,1.2148873599582478e-08,1.6789228497786505e-08
5.825e-07,-73.70360038292995,0.08788527766690142,-34.42124549559359,-0.19930894985211586,-75.09932951212855,0.10544652818660023,-34.357665837045225,-0.20122591068278015,-190.75264543554,1.2028319643882287e-08,1.6581076616686995e-08
5.85e-07,-26.72376960712032,-0.01652637090350225,-47.515554812512285,-0.1904847533881286,-27.618393398994463,-0.0012319121993392967,-47.784449337477014,-0.19418672691431804,-131.8836912695706,1.1922945081631567e-08,1.6377948499811437e-08
5.875e-07,23.993192013931335,-0.045934465563896534,-61.86327351955466,-0.19472571007574244,23.985677685737834,-0.03056618600777901,-61.27259326739906,-0.1881590199375774,-67.05389459701223,1.1832917597005204e-08,1.618220023657036e-08
5.9e-07,77.27826935865212,0.02970234223796219,-75.05710580284284,-0.18615313361097463,76.65755539749259,0.02317059269510687,-74.75882483752505,-0.1830950103491455,0.8065854094658733,1.1758527667457106e-08,1.5994269475279197e-08
5.925e-07,126.27076916967485,0.20144131149112027,-88.57290793066339,-0.17614360292222483,126.90900019209329,0.1606797428548589,-88.18072326114377,-0.17858082871599384,68.63060959227347,1.1699476068198504e-08,1.5813996872506345e-08
5.95e-07,171.65594598275646,0.4009233092367003,-101.78035628355968,-0.17321007320237536,171.1745014805262,0.37704581930212333,-101.47716862817248,-0.17423011283098602,133.35268651402936,1.1655953000956256e-08,1.5642345107026424e-08
5.975e-07,206.90520190291932,0.626690297926647,-114.52572407812096,-0.16929406685462098,206.20377699793946,0.6617264688275035,-114.58877837732814,-0.16977724855448584,192.04752568949218,1.1627879744066973e-08,1.5483010358738385e-08
6e-07,228.2234604111329,1.0657508923536148,-126.11354547946944,-0.1670445120401333,229.4320385880009,0.9991653230533055,-127.458327789388,-0.165062276312914,242.06225405371347,1.1615082664060773e-08,1.5343358212794673e-08
6.025000000000001e-07,239.1414341958538,1.3344346371300237,-138.47084356961864,-0.1603765968113019,239.27136398998522,1.3699758450553157,-140.0311510667001,-0.15999767947740243,281.1363197831995,1.1617281394775145e-08,1.523425153175126e-08
6.05e-07,234.84993289391366,1.807928385441589,-152.59608360975474,-0.15050280166807614,235.27864408320545,1.7525566922593385,-152.255519735679,-0.1545421469369597,307.50366409036405,1.1634081190824988e-08,1.516864864955829e-08
6.075e-07,218.5944114544382,2.131161866874825,-164.1359754515051,-0.1525384124775129,218.17532334430555,2.124933465840699,-164.08299530853478,-0.14868369154962924,319.9725430588913,1.1664970695134899e-08,1.5159236448616207e-08
6.1e-07,190.1960355783686,2.458168944882719,-174.5539638273193,-0.14062104839693124,189.71809260615575,2.466588911979076,-175.46875336613203,-0.14242950422588804,317.9793917547873,1.1709325717840447e-08,1.5215685262615108e-08
6.125000000000001e-07,151.73041537403938,2.77459165429809,-185.9940691073368,-0.13796424701791501,152.44366337562934,2.760049240403183,-186.37187647371255,-0.1357999447989893,301.6142960779929,1.176641888946502e-08,1.5342250560183403e-08
6.15e-07,108.77989284177256,2.96037672219585,-195.99724872640437,-0.13203456395590318,109.33058811039824,2.992037069880743,-196.75561361300288,-0.12882492853433913,271.6169210848586,1.1835434342899055e-08,1.553634980440049e-08
6.175e-07,64.13344369825538,3.1543659094519247,-205.4236862986416,-0.12807382917635093,63.433366271211824,3.154073974218054,-206.58760410558958,-0.1215416627924913,229.34307981203872,1.1915486009435297e-08,1.5788452290691613e-08
6.2e-07,18.16240293010176,3.210189462573703,-217.8859064320143,-0.11014933279067518,17.54671281445983,3.242504959165502,-215.84006431080374,-0.11399312303190792,176.70345361482435,1.2005637772481493e-08,1.6083246355581415e-08
6.225e-07,-27.411309764259983,3.20577239253401,-225.0698499263199,-0.10395957789210214,-26.049502537597785,3.258007885977438,-224.489935704043,-0.10622691014431886,116.07723372108256,1.2104923657322497e-08,1.6401724469953005e-08
6.25e-07,-66.61279303800359,3.171486871216408,-232.60612553445614,-0.09648971385294343,-65.73010399141756,3.2047272328666137,-232.51899327559008,-0.09829427974509422,50.20458720588536,1.2212366447220315e-08,1.6723651564737608e-08
6.275e-07,-100.9875166700159,3.055155588456276,-239.2448364369205,-0.08933699541385896,-100.53634689576126,3.089220708375127,-239.91391353265885,-0.09024922710679867,-17.93719232008222,1.2326993558390692e-08,1.7029887366696105e-08
6.3e-07,-130.24257058744445,2.9122240163220448,-247.7176683715676,-0.08052656517843694,-130.0700447784014,2.9194211348913486,-246.6663017356167,-0.08214757436529288,-85.26825160155907,1.244784959330016e-08,1.7304182709652597e-08
6.325e-07,-153.72209971562896,2.6195103210158726,-254.44756939138443,-0.07503752634406662,-154.30154171209804,2.7037931043573575,-252.77267835001112,-0.07404605091952253,-148.7453800920792,1.257400561437385e-08,1.7534283869891423e-08
6.350000000000001e-07,-172.71414481631575,2.407531842137562,-257.0215014183162,-0.061260884515556197,-173.33775073857996,2.4508091802494003,-258.23442504615053,-0.0660013878490051,-205.49955614036486,1.2704565726089693e-08,1.771237503782641e-08
6.375e-07,-188.20740678431835,2.1808735600681994,-263.73996384092897,-0.05562051315828008,-187.20244475683296,2.168794562705548,-263.05769092443995,-0.05806946394324418,-252.96562023534528,1.2838671926633053e-08,1.783501087648629e-08
6.4e-07,-195.31553291495553,1.8965345871027788,-267.4460840656583,-0.0465104602417597,-195.67713905293724,1.8661065535056773,-267.25325998447414,-0.05030454525822095,-288.99821437442074,1.297550832852328e-08,1.7902722138811272e-08
6.425e-07,-199.0598779410495,1.5626951717729898,-269.86419530928606,-0.040061519538707575,-198.2380070959464,1.5515413711445312,-270.83638118604193,-0.0427586533585487,-311.96874735955004,1.3114305733213208e-08,1.791943592115312e-08
6.45e-07,-194.2807850360424,1.1905181825879083,-272.8940976799714,-0.03620203394066756,-194.10472218018825,1.2348096927952994,-273.8265627678457,-0.03548108209676503,-320.83900341061,1.325434720735707e-08,1.789177722112947e-08
6.475e-07,-181.61729911668746,0.9166583595983139,-276.359222967961,-0.022934519062415757,-182.39451903154713,0.9269033628540563,-276.2473327921147,-0.028518062520982587,-315.20806715433184,1.3394974819704228e-08,1.7828253363011392e-08
6.5e-07,-162.41942093091737,0.6282702458931055,-279.23779560231844,-0.018899051722220065,-162.35327819467437,0.6401926926240543,-278.1259681677695,-0.02191255450479259,-295.3304440861648,1.3535597157311593e-08,1.7738301932532678e-08
6.525e-07,-132.54471172943676,0.3886448223675201,-278.976436519583,-0.016538694262752077,-133.61901469308492,0.38814375811926294,-279.49319466889966,-0.0157041261418832,-262.1045575014706,1.3675696757914712e-08,1.7631221416687368e-08
6.55e-07,-96.91598958588064,0.2725275851574106,-280.38894710644945,-0.008077132340213945,-96.46485632372229,0.18461906614304638,-280.3828607067858,-0.00992887129891816,-217.03214180854886,1.381483627158633e-08,1.7515091158798148e-08
6.575000000000001e-07,-52.120927150203514,0.01959130022365977,-281.4333638973047,-0.0023408828452631675,-51.97002210092343,0.0428094090250031,-280.8315878304301,-0.004619314117034575,-162.15036755328114,1.3952662070340384e-08,1.7395886147762362e-08
6.6e-07,-3.5784890908430955,-0.050472042406973915,-281.364477076897,0.0009773039471756512,-2.0783043480429093,-0.026075880623727465,-280.8784011207092,0.00019574284026736548,-99.93976594972106,1.4088904188287442e-08,1.7277047809794045e-08
6.625e-07,50.250312066864986,0.011116585438559859,-279.2876465489822,-6.696940885243287e-05,50.47776139681008,-0.014173531695687388,-280.56434280519454,0.004491453964357555,-33.21211451811223,1.4223530628702557e-08,1.7159733221539423e-08
6.65e-07,102.68269824366263,0.09423970748206742,-279.6529484727698,0.01081491299727425,102.38576073939738,0.08182924364245167,-279.9320725530288,0.008247255121660345,35.01664885575039,1.43561878122979e-08,1.7043811393712616e-08
6.675e-07,150.5919096078642,0.18730492221201006,-280.0860538489444,0.011003692091155119,150.07060092935149,0.2598567059590293,-279.0254580109077,0.011447259770987962,101.66273944476491,1.4486799619673538e-08,1.6929436442875626e-08
6.7e-07,189.94653758641655,0.5482831486798712,-277.99589507293297,0.009047972016820467,190.07577280112702,0.5121338347311926,-277.8891592113172,0.014080688492440875,163.71390572748703,1.461543172757702e-08,1.6818783605164493e-08
6.725e-07,219.5630889939645,0.8096274352982679,-277.52576211702416,0.01883806284837219,219.45217534594175,0.8254892266003371,-276.5682105222076,0.016142279344047217,218.36557629708125,1.4742087026377301e-08,1.671738842891359e-08
6.75e-07,235.5217847718642,1.2545039336859996,-275.1247912486174,0.018935424855035514,236.09535244811616,1.1822666273535025,-275.1076038129312,0.017632620939796114,263.1476201020828,1.4866776628060632e-08,1.6634563756375192e-08
6.775e-07,239.41965877571062,1.5996532598633264,-273.80199779535326,0.018388416266949367,238.97944484409646,1.5617473757250508,-273.5518764845668,0.018558354566657356,296.035990744677,1.498950607126609e-08,1.6582600737619275e-08
6.800000000000001e-07,227.15980882244565,2.004303530052961,-270.34768761693135,0.017882696014535435,228.25246666209182,1.9419078537007337,-271.94470795398746,0.018932205348039365,315.5442087685197,1.5110265577464764e-08,1.6574824919712177e-08
6.825e-07,206.66218176789644,2.342347089012024,-270.4998002538566,0.016500045932372136,205.17985768560808,2.3012857559163367,-270.32852809079037,0.018772823099638767,320.7905471450078,1.5229025339096123e-08,1.6622950321100383e-08
6.85e-07,172.51206218472245,2.6023037261606947,-269.79460466760355,0.0189251516100942,171.94775676631193,2.620715163918973,-268.74414098533776,0.018104437568097483,311.53788332701333,1.534573612409115e-08,1.673441593388588e-08
6.875e-07,130.93534428115078,3.0049024223332705,-266.4120732477336,0.01571414318292101,131.3598289806563,2.884715256807918,-267.2303672758089,0.016956356055202102,288.20441664801444,1.5460334750864345e-08,1.6910410075379314e-08
6.900000000000001e-07,86.87440252371685,3.0037641330368383,-265.55237196334184,0.018170603601035513,86.47787898200592,3.0823765039213207,-265.82370808371167,0.015362350013530238,251.84476666458502,1.5572753341635397e-08,1.7145083745380102e-08
6.925e-07,39.69836572247568,3.1974330712038035,-263.6347940047462,0.009440064781245632,40.264082846797784,3.2076709500872753,-264.55803340237117,0.013359987906148537,204.10230675412785,1.5682930802827972e-08,1.7426105445882048e-08
6.95e-07,-4.4342809979783215,3.2969550261369407,-262.587129052058,0.014782130218257172,-4.719777252653973,3.259205244520277,-263.46429755340256,0.010989972714686312,147.13488738067008,1.5790824779337765e-08,1.7736345743412573e-08
6.975e-07,-47.44702716154866,3.288204810526328,-264.7005968239324,0.012981572778137402,-46.51265185871567,3.2395204213793667,-262.5702840741341,0.008295533931102139,83.51730616795811,1.5896422409825825e-08,1.8056221929861147e-08
7e-07,-83.12354806898118,3.1017980563784637,-261.12552174293916,0.00454123547985579,-83.82996814251096,3.1541065000648882,-261.9003821266795,0.005321907363927651,16.124932910457268,1.5999748549159895e-08,1.8366149209515186e-08
7.025e-07,-115.81893141556529,3.01173521620504,-261.2092503873624,-0.003673289676377509,-116.01365972022846,3.010332052330804,-261.47539622931293,0.0021159147179262163,-51.996250593283015,1.6100870653781875e-08,1.864863045183777e-08
7.05e-07,-143.12878798513802,2.81648854955992,-262.0892611275027,0.0009343678553246351,-142.8780510538058,2.8164841012456145,-261.3123908055893,-0.0012743674010715364,-117.76732198128965,1.6199900146493168e-08,1.8889709276656656e-08
7.075e-07,-164.24787372573456,2.5831194312682517,-260.99477557159315,-0.0023184512844138545,-164.49142649569126,2.581073831848776,-261.42457072902045,-0.004799878579207383,-178.21557860732284,1.6296990675621395e-08,1.907972551478104e-08
7.1e-07,-180.07180957109134,2.3258010485814884,-262.81403318809106,-0.0050979906541735835,-180.9437007417689,2.3124966457692167,-261.8211987139127,-0.008410827879215115,-230.60889693073074,1.639233415315796e-08,1.9213475546439447e-08
7.125000000000001e-07,-191.5689650705166,2.046146390270675,-261.66231586474396,-0.00792993221235231,-192.15166824433499,2.019053927231736,-262.50755006912954,-0.012056975123009293,-272.57921827862754,1.648615571637539e-08,1.9289955930403682e-08
7.15e-07,-198.43477372888307,1.7549933211338125,-262.5424013224195,-0.01757602338406489,-197.7447187358149,1.7092638195532577,-263.4849049940429,-0.01568798019982392,-302.22957970511635,1.6578708766847775e-08,1.9311859468533048e-08
7.175e-07,-196.9666908200263,1.3666766005653015,-264.85547798194534,-0.0233672376484967,-197.05728460738644,1.3923243481184295,-264.75057825780317,-0.019253846255029794,-318.2198523965059,1.6670271006010106e-08,1.9284929155391113e-08
7.2e-07,-188.34462644986183,1.0732430301348133,-266.89629774700563,-0.024258757372955506,-189.23270568241665,1.0785563572757504,-266.2979857672975,-0.022705462677206172,-319.8273124418012,1.6761141959321467e-08,1.9217200340908143e-08
7.225e-07,-173.87155182460648,0.7363154259927877,-269.6787859128425,-0.026342078529476395,-173.42062843119533,0.7796527564117596,-268.11674719878573,-0.025995231783224715,-306.9793063076242,1.6851641949544182e-08,1.9118115177583696e-08
7.25e-07,-149.38525180628562,0.5199980407813533,-269.4803818446646,-0.030741326391103274,-149.0306538678999,0.5085948754430426,-270.1928235461213,-0.029077743080604047,-280.2565346124683,1.6942111951085217e-08,1.8997501925416614e-08
7.275e-07,-115.84361684168884,0.32592185384512673,-271.6052554593786,-0.032887098836113675,-115.99230076433496,0.2791601944861767,-272.50868812757307,-0.0319104446990483,-240.86680578117335,1.7032913339124424e-08,1.8864477823000776e-08
7.3e-07,-73.81402442875347,0.07262347158817797,-273.7149315728127,-0.03444617768299649,-74.96783635234824,0.10502681333757365,-275.04352929629044,-0.03445425575016661,-190.590445854667,1.71244263268421e-08,1.872643353185608e-08
7.325e-07,-27.204989674661313,-0.0016992202720737984,-276.6860725222228,-0.03453977359236281,-27.470881395600557,-0.001436097288482792,-277.77348281906046,-0.03667406721002544,-131.6998318072467,1.721704591281117e-08,1.8588341602226532e-08
7.350000000000001e-07,26.01223573974459,0.01839121210227501,-279.91368363295487,-0.03999862431591133,24.14112193487834,-0.030531494861649498,-280.6718916266487,-0.03853909190678591,-66.85668528222904,1.7311183187002942e-08,1.8452644824494773e-08
7.375e-07,76.89240315275566,0.029577643920573108,-283.90695892469876,-0.040399991297237405,76.81112114373738,0.02345403761498172,-283.7095903990192,-0.04002304417299011,1.0082311647829885,1.7407404911488692e-08,1.831988359814184e-08
7.4e-07,127.12506687713187,0.19409741107555084,-286.4267536847789,-0.04335400656419343,127.05009377689753,0.16120585784788277,-286.8552122322042,-0.04110415326159105,68.82757785918993,1.750572581119883e-08,1.819001782074544e-08
7.425e-07,171.24367356373,0.3976890761376951,-289.60131359069396,-0.04095382091838092,171.29287808211785,0.3777916318955167,-290.07551444242955,-0.041765037636040475,133.53607477543875,1.7606677730729943e-08,1.806414506638208e-08
7.450000000000001e-07,205.41626838926413,0.7253657189518082,-295.32808410081196,-0.04322607128113228,206.29069502012055,0.6626530118795644,-293.33572039900326,-0.041992485707341716,192.20904521361078,1.771054963071026e-08,1.7946109524880846e-08
7.475e-07,229.3551545218286,1.0611515812643995,-296.2887254601396,-0.04188357213127446,229.481260938552,1.0002203358571138,-296.5998741418271,-0.0417771992622798,242.1946045258776,1.7817557570122176e-08,1.784343377224638e-08
7.5e-07,239.33451085360028,1.3943513300652033,-299.17134230905884,-0.03946849065442552,239.27985264000236,1.3710979913579155,-299.8312044334173,-0.041113556824365335,281.23351926346794,1.7927829049891943e-08,1.776714161788816e-08
7.525e-07,235.1848220444525,1.7564520179918024,-302.14855357326655,-0.039801127432061954,235.24684275322912,1.7536807728032944,-302.99249481987914,-0.03999944533204922,307.56131938358266,1.8041391541165596e-08,1.7730351486084438e-08
7.55e-07,217.77793511693946,2.089959478300844,-305.8952235290622,-0.036475091057522696,218.10698955513126,2.125995953637134,-306.04645623104784,-0.03843619135697308,319.9880482771049,1.8158166467062348e-08,1.7745906018659953e-08
7.575000000000001e-07,188.54941334636973,2.4295857835300416,-307.42377037140005,-0.04192820705213058,189.61971312101468,2.4675330974564353,-308.95609863730476,-0.03642860063407716,317.9520460974426,1.8277969263061788e-08,1.7823625576482075e-08
7.6e-07,152.1314808364614,2.8095845050220754,-312.5516953272771,-0.032144631167055925,152.3235535859806,2.7608293474320726,-311.6850982994857,-0.03398509088072605,301.54533550652803,1.8400515405634167e-08,1.796791066760957e-08
7.625e-07,109.07279228777516,3.0253020024958945,-313.5009652543157,-0.036212006412094974,109.19782464746207,2.99262087906561,-314.1981571986115,-0.03111788192143887,271.5094624600608,1.8525431589311755e-08,1.8176321093981243e-08
7.65e-07,62.765373337836714,3.0999218350780997,-315.2283947249663,-0.02974974370477862,63.29672470032099,3.154443735805931,-316.4613513133796,-0.027843192678741073,229.20198001903248,1.865227066217824e-08,1.8439468583196644e-08
7.675000000000001e-07,16.86030304989717,3.2534585969112695,-317.5142186232865,-0.02612349250950246,17.413774980935557,3.242656651430641,-318.4424645246911,-0.02418138915229351,176.5350900429231,1.878052858717325e-08,1.8742186216641693e-08
7.7e-07,-26.425809418498986,3.265497116840584,-319.5213314472937,-0.01927243704769816,-26.172942502750274,3.257949128563772,-320.11130506692956,-0.020157031999678138,115.889216020325,1.89096616302958e-08,1.9065614406181752e-08
7.725e-07,-65.34550243643893,3.2291381861417428,-320.7579680665882,-0.017181211549544464,-65.84026323726407,3.204474354877815,-321.44000161391267,-0.015798785905887174,50.00541334817742,1.903910218739941e-08,1.9389668527788288e-08
7.75e-07,-100.75524457209055,3.0629194818033914,-322.09463318392164,-0.00881273649739982,-100.63130373283572,3.0887955662419664,-322.4032762819075,-0.011139173132741466,-18.13852012995512,1.9168272101858846e-08,1.9695359256933896e-08
7.775e-07,-129.9321947751249,2.951461221322037,-324.8138907074215,-0.009957916113464726,-130.14927905583653,2.918848260718672,-322.9786920510005,-0.006214176858654175,-85.46263380507898,1.929659291020199e-08,1.996658615626226e-08
7.8e-07,-155.5273003936608,2.725317872626167,-322.8973369569144,-0.002594141119125915,-154.36528414644255,2.703097646788126,-323.14687234748357,-0.0010627220219578707,-148.92403105630714,1.9423493072907603e-08,2.0191239210222588e-08
7.825e-07,-174.3166059729552,2.4763528557437713,-325.4168690109327,0.006040189079849841,-173.38629111167722,2.4500159007856395,-322.8916907915217,0.004273921541474921,-205.6544012485601,1.9548412790510716e-08,2.0361638909261514e-08
7.85e-07,-188.24546494644935,2.191786873089654,-322.4625330741854,0.011962219282291717,-187.23555204494622,2.1679279090797237,-322.2004293938489,0.009752759811278709,-253.0896608412511,1.9670807375106988e-08,2.0474467060384587e-08
7.875e-07,-195.83740517323545,1.8540580325269722,-321.09060770541544,0.01817278235429894,-195.6937210056152,1.8651915936231374,-321.0639037800349,0.015329665775164647,-289.08584412512437,1.9790150282173464e-08,2.0530371266566614e-08
7.900000000000001e-07,-198.49271450063145,1.4825531780147334,-320.05547728836706,0.02724993213900346,-198.23608736695587,1.550605180931012,-319.4765543283053,0.0209598975723923,-312.0160055898785,1.990593678980391e-08,2.0533384459890423e-08
7.925e-07,-194.728535962988,1.2557634655475614,-317.1872764479225,0.02273992564345192,-194.08174895622997,1.2338826846232438,-317.43650242419847,0.02659851738388092,-320.84375415617467,2.0017688971903988e-08,2.0490225929765235e-08
7.95e-07,-182.36014375813178,0.8658499583230501,-315.2566836201867,0.033773854336733224,-182.3479520095752,0.9260200383055961,-314.94557135960076,0.032200706447053744,-315.17009569225144,2.012496212019871e-08,2.0409485268609417e-08
7.975e-07,-161.25063405169556,0.6204097038983424,-311.0493089608661,0.031390604692994,-162.28134307283452,0.6393914053108966,-312.0092717320166,0.03772199342403346,-295.2514666400539,2.0227352227059532e-08,2.0300669899571636e-08
8e-07,-133.90951350274074,0.4289239146774812,-309.34728695398286,0.04548224679666871,-133.52147673333295,0.3874652609365646,-308.6367515292803,0.043118431433463535,-261.98814367203755,2.032450365712192e-08,2.0173135577125295e-08
8.025e-07,-96.72030463095962,0.19943877977167057,-304.43284512124734,0.049362906167485926,-96.34365408463316,0.18410385843450755,-304.84071141236046,0.04834677001204105,-216.88355323577144,2.0416115810129263e-08,2.003500676611726e-08
8.05e-07,-50.96532592574276,0.0700476557807491,-299.3070928868365,0.051297381614174076,-51.829621315364264,0.042494148507640404,-300.6372860314508,0.053364670030487525,-161.97632010227466,2.050194748141799e-08,1.9892292669984374e-08
8.075e-07,-2.213504688927558,-0.07478913552277813,-295.8870256942405,0.05857303176173802,-1.9256770346379142,-0.026162424835340762,-296.0458925252825,0.0581310017404982,-99.74812616890927,2.0581817789013592e-08,1.9748460115899446e-08
8.1e-07,50.95163682752863,0.03281420007430491,-290.0075787501321,0.06298081653729592,50.6335639891515,-0.014014374820257778,-291.08904765766636,0.06260625000444578,-33.011544089166456,2.065576221558514e-08,1.9604685424126077e-08
8.125000000000001e-07,103.67005312518316,0.15523296393567704,-284.7951196466707,0.06168622082377764,102.53440204363478,0.0822361975735758,-285.7921553359395,0.06675302919380309,35.217084606205454,2.072347138665356e-08,1.946085329620193e-08
8.15e-07,150.63900024363107,0.26407685871706404,-280.2926253945573,0.0719700419909548,150.2015151609277,0.2604969088889479,-280.18326653061547,0.07053668707708693,101.85398127725662,2.0784898779728226e-08,1.9317131771423225e-08
8.175e-07,190.23471553289158,0.4687259239768042,-274.79369151318207,0.06708177173707128,190.17933024697808,0.5129760647701914,-274.2928138716106,0.07392595641093214,163.88730994669794,2.0840118852210024e-08,1.9175708573378888e-08
8.2e-07,219.90622310391302,0.8610738717145585,-268.4659960213715,0.07231349178635388,219.52078124135355,0.8264874078333553,-268.1533234316792,0.07689359863583722,218.51330542720083,2.0889128814462393e-08,1.9042128984144725e-08
8.225000000000001e-07,235.56901555637904,1.1521506968096316,-260.5855667059336,0.07922329338191353,236.12431115108723,1.1833633439658637,-261.79910641991506,0.07941697870999996,263.2629971228559,2.0931920691476825e-08,1.8925710252408596e-08
8.25e-07,239.37302373323956,1.5850367794497746,-256.4676450048841,0.07883736164050911,238.96745713716714,1.5628786657203952,-255.2659336955414,0.08147851477128572,296.1138008775086,2.096846965970827e-08,1.883873970070845e-08
8.275e-07,228.78275135828113,1.9703912309152916,-250.43352564088772,0.08077854488681371,228.20168674910607,1.943008672540997,-248.59069617292118,0.08306596032216786,315.5809351726038,2.099872650652918e-08,1.8794528723237516e-08
8.3e-07,204.20540737167653,2.2623001018920923,-241.6088585259692,0.08047548105067523,205.09550761559692,2.302295403273918,-241.8110543213942,0.08417249766372023,320.7845298705177,2.1022615166189087e-08,1.8804766540506656e-08
8.325e-07,171.6870220496813,2.519746779059033,-235.71349192417307,0.08453287078444845,171.83736722883165,2.621581983737923,-234.96508006690541,0.08479664580504384,311.4893943410534,2.1040035589489022e-08,1.887685855612752e-08
8.35e-07,131.43690032220107,2.860952094262832,-227.72054321043296,0.08068406155429077,131.2322343042859,2.885400048513705,-228.09089447553703,0.08494200987791187,288.115647542324,2.105087147433034e-08,1.9011954436016973e-08
8.375e-07,85.22187724286667,3.0626800839953785,-222.35410104208503,0.09102571200523366,86.34213056139691,3.082854298182555,-221.22630464130364,0.0846169181531781,251.71972960058983,2.1055001738947512e-08,1.9204166184801077e-08
8.4e-07,39.36377100755481,3.180415773882427,-216.13358271464327,0.08489574406255307,40.128452959074366,3.2079310681568867,-214.4084432114885,0.08383400388181685,203.9466531223743,2.1052314161886237e-08,1.9441127548907253e-08
8.425e-07,-5.929313318591768,3.240052408649086,-207.4861955205504,0.07924358068842077,-4.84855127725816,3.2592498295940864,-207.67341396234957,0.08260979056349146,146.95565237084193,2.1042719412566364e-08,1.9705682051270457e-08
8.450000000000001e-07,-47.347967833927754,3.2832180688113435,-201.1982601128871,0.07803115859089131,-46.62978067897283,3.239361857141911,-201.05594678627483,0.08096433078334242,83.32259079432319,2.102616377858163e-08,1.997822948668976e-08
8.475e-07,-82.47895238512727,3.2030775706036594,-194.5496854631478,0.07365062730697114,-83.93264259294564,3.1537642772133054,-194.58906536896455,0.07892093207562086,15.923537864482547,2.100263923686569e-08,2.023917732076382e-08
8.5e-07,-116.45838028135657,3.0155171977670427,-187.91686595342418,0.07339292521351727,-116.10073362753924,3.00982968475767,-188.3037707226034,0.07650598141686173,-52.19522271415204,2.0972190047453064e-08,2.0471029476522228e-08
8.525e-07,-142.84599942152963,2.8517257718039044,-182.8109451198145,0.07335760855309884,-142.94946841013305,2.8158466250230356,-182.2287435993431,0.07374885684369174,-117.95487809031354,2.0934915671069576e-08,2.0659837911660392e-08
8.55e-07,-164.78186245191813,2.5279863670795044,-176.41056851348318,0.06833294824082367,-164.54753053079492,2.580326257136835,-176.3900686399084,0.07068189442941293,-178.38324159549916,2.0890970411872386e-08,2.0795956608945147e-08
8.575e-07,-180.1481272978337,2.346397041672946,-170.65392417760862,0.06842356508936412,-180.98458007698503,2.3116635060706594,-170.81098291636377,0.06734036498447543,-230.74908881280865,2.0840560657751504e-08,2.087420083805294e-08
8.6e-07,-191.96831806363227,2.025812335248449,-165.26337470976998,0.06075239362068614,-192.1766837814195,2.018159824878207,-165.5116513077284,0.06376240973578765,-272.68560270079377,2.0783940851923127e-08,2.089359018602921e-08
8.625e-07,-197.568526475855,1.7335667834887776,-160.0541234459439,0.06048481492260743,-197.75231651594066,1.7083346470572114,-160.50897090419014,0.05998888866618615,-302.2973483337615,2.072140934040321e-08,2.085684437035333e-08
8.65e-07,-196.19752246262516,1.3599322084799426,-155.97659357643843,0.05717648491401596,-197.0451417130098,1.391388713111921,-155.81640637232402,0.05606310822828362,-318.2459422439453,2.0653305006770428e-08,2.0769737055358e-08
8.675000000000001e-07,-187.29526281589284,1.0564247528314146,-151.26402065151618,0.04754424006526839,-189.19818906235437,1.0776466827411326,-151.44385793231191,0.0520304143405584,-319.8105443063436,2.058000518043114e-08,2.0640337802335885e-08
8.7e-07,-173.11221043831372,0.7759531350977595,-147.30706917498492,0.04521763666806531,-173.36148266382872,0.7788055786911935,-147.39756330122395,0.047937658431232315,-306.9204380708066,2.050192477524865e-08,2.0478126160989e-08
8.725e-07,-149.4554057546699,0.5359933410622675,-145.03260013981728,0.04453602161149382,-148.9457851132759,0.507850011343311,-143.68003464661152,0.043832564914797395,-280.158226984533,2.041951608937052e-08,2.0292970591152813e-08
8.75e-07,-115.5703995058409,0.2547636724016985,-140.3270349542843,0.0391142678444726,-115.8824995639665,0.2785586688249945,-140.290031274776,0.03976304426030209,-240.73350204302923,2.0333268281684883e-08,2.0094031187175664e-08
8.775000000000001e-07,-75.4755249577063,0.0912627738664092,-136.62857338979055,0.03513863403473005,-74.83628624587503,0.10460768936856875,-137.22256845095896,0.03577650405349392,-190.42817103170438,2.0243705322917154e-08,1.98887445125856e-08
8.8e-07,-27.715683096517207,-0.026083078833027636,-133.80614553815448,0.03247952780976895,-27.323333064981092,-0.0016396061988533043,-134.46896241733154,0.03191920984274384,-131.51592035191084,2.0151381251150595e-08,1.9682133166184777e-08
8.825e-07,23.414651468589092,-0.07258778382528197,-131.44989375731637,0.03199101983116826,24.296575712329084,-0.030496077123879334,-132.01691134199376,0.02823573832205738,-66.6594495734853,2.0056881829781964e-08,1.9476695834740962e-08
8.85e-07,75.88310603027641,0.04242813780839551,-129.77694806285936,0.030908144358515955,76.96466579496757,0.023738215429739723,-129.85061160123715,0.024768549255358655,1.2098765220641268,1.996095787310878e-08,1.9273036510172025e-08
8.875e-07,126.73029930123086,0.17784218118603812,-128.5555166734224,0.02334232143613122,127.19113495346626,0.16173266271181863,-127.95090847107004,0.021557682368328796,69.02451895406867,1.986382464460598e-08,1.9071187663413283e-08
8.900000000000001e-07,172.02595323542786,0.3542575981185867,-126.49254912151646,0.013255282245229125,171.41117373179293,0.3785380419149493,-126.29547998537913,0.018640564793463838,133.71941031892476,1.9766223327008873e-08,1.8872328417561717e-08
8.925e-07,206.72776213889352,0.6620515234156517,-125.73684311471258,0.021910791765297432,206.37750957885498,0.6635800158908932,-124.85905241000913,0.016051897199247885,192.37048885664052,1.9668661626480156e-08,1.868039175895236e-08
8.95e-07,230.46101028076706,0.9679926672199355,-122.73036135169806,0.01517414337880759,229.53036591204068,1.0012756395613458,-123.61364548724634,0.013823575584211559,242.32685938344596,1.9571581908338357e-08,1.8502992963613392e-08
8.975e-07,238.17117310589447,1.420710188302034,-122.0324260409161,0.011795380835120954,239.28822007342086,1.3722202391375804,-122.52884532639409,0.01198460291258233,281.33060771719687,1.9475343819640157e-08,1.835124818489111e-08
9.000000000000001e-07,235.04872643411667,1.7997902889202544,-120.84993448746657,0.008335064394664271,235.21492660960746,1.7548047622497105,-121.57210255582663,0.010560950891957566,307.61885325646455,1.9380211023591012e-08,1.823836376020635e-08
9.025e-07,218.77740058503016,2.126177808889278,-120.40374912536332,0.011990212989028937,218.03855645171322,2.127058170708884,-120.7090531125155,0.009575346231899588,320.0034271691051,1.9286343334516755e-08,1.817726304585798e-08
9.05e-07,189.91475543210606,2.4700385779887912,-119.39308477310341,0.015382198461137466,189.52125666191256,2.468476859464426,-119.90385882866892,0.009046975208400643,317.9245749176658,1.9193794898711893e-08,1.8177839187986393e-08
9.075e-07,151.93065530400716,2.7544953633838336,-119.16712789511337,0.007913143401969615,152.20339301832686,2.7616089152315983,-119.11956478386315,0.008991121796148326,301.4762558897403,1.910251833125963e-08,1.8244558926043516e-08
9.1e-07,108.66338958641018,3.053312320591274,-117.65325861251104,0.007934282945740306,109.0650372313668,2.99320407548705,-118.31847022655323,0.009418774122753751,271.4018966476259,1.9012374009954174e-08,1.8375044614098792e-08
9.125e-07,63.27808003028519,3.1721874286880483,-119.23712843482602,0.005129313112726825,63.160083672616,3.154812853464532,-117.462509732731,0.010336247979548224,229.06078974070962,1.892314315775444e-08,1.855997018871468e-08
9.15e-07,18.79057672492823,3.2201594495696497,-114.58709133594623,0.012065132628662645,17.280857616037895,3.242807706574629,-116.51364116296303,0.011744882037751666,176.366656777766,1.8834543003113246e-08,1.8784233313281673e-08
9.175e-07,-26.463175828928662,3.253318323432425,-114.01101250613378,0.014035141493123711,-26.296347867920854,3.2578897711165014,-115.43423690313041,0.013640856229612348,115.70115256834242,1.8746242241550955e-08,1.9029042690864988e-08
9.2e-07,-65.67898488381529,3.1843743200482977,-114.5656224665716,0.016932941217046908,-65.9503796368275,3.2042209348957926,-114.18747482963343,0.016015173171885003,49.80621974912197,1.865787523249269e-08,1.9274385416385185e-08
9.225000000000001e-07,-100.54157742030094,3.076697816656867,-112.76775056697679,0.021256690559835992,-100.72621441495014,3.08836995193935,-112.73772542706887,0.01885382490144152,-18.33984077903436,1.8569053805594533e-08,1.950134568227355e-08
9.25e-07,-129.63922288684822,2.9057478096148714,-110.38707944459298,0.01952511242571914,-130.22846710022182,2.91827498855593,-111.0509315056426,0.022138147200061985,-85.65698226930236,1.847937613470921e-08,1.9693895975103512e-08
9.275e-07,-154.84003982065684,2.781085106477728,-108.86878793871655,0.021475951155412187,-154.4289814426226,2.7024018651769404,-109.09497701665396,0.02584534571638493,-149.10262322768614,1.8388432756323168e-08,1.9839996105368844e-08
9.3e-07,-173.28969124979406,2.4431088091093356,-106.98133294355652,0.03031939275119728,-173.4347866676773,2.449222369678342,-106.84004154702802,0.0299491662312019,-205.80916516765646,1.8295810350307303e-08,1.993203116485415e-08
9.325000000000001e-07,-188.02499892645082,2.1783327626645295,-104.55857654122126,0.03824013756239641,-187.26861265438725,2.167061076306804,-104.25893718722887,0.034420679360351564,-253.21360153136558,1.8201094268428558e-08,1.996674081623042e-08
9.35e-07,-195.78849858169656,1.8924307297764495,-101.45743081309708,0.03509410354276443,-195.71025167745378,1.8642765308474663,-101.32742461016639,0.03922916017448479,-289.173359749314,1.810387092827256e-08,1.9944822829844267e-08
9.375e-07,-198.37415700941352,1.569661412742686,-96.22903542098645,0.04727924282625078,-198.23410944727476,1.5496689721015293,-98.02450537058974,0.04434306660846733,-312.06314064122927,1.800373106966365e-08,1.987035206265933e-08
9.4e-07,-194.1056566925845,1.1917470246109028,-95.71809088329104,0.053546265257660486,-194.05870968805002,1.2329557534356885,-94.33268763352277,0.049731156500410864,-320.84837823770613,1.7900274527404412e-08,1.9750081097068488e-08
9.425e-07,-182.0757972910517,0.964979221439501,-89.56366843810085,0.0559646976228102,-182.30131219162791,0.9251368985797798,-90.23822276480769,0.05536382904649101,-315.13199980600893,1.7793116679912384e-08,1.9592623824781208e-08
9.450000000000001e-07,-162.57407012822006,0.630726435372065,-86.12258051812915,0.05680641689652585,-162.20933183733695,0.6385904204474272,-85.73131046481816,0.0612148263864811,-295.17237263333976,1.7681896188173904e-08,1.9407502666888952e-08
9.475e-07,-133.45294914075578,0.39304356449338423,-79.83184191685615,0.07087599542806795,-133.42386492767855,0.38678718748453805,-80.80627039577774,0.0672634710512712,-261.87162641383446,1.7566283153346356e-08,1.9204079020005638e-08
9.5e-07,-96.3893146824763,0.13235470338279082,-75.38545007922663,0.07149079624380841,-96.22238736829009,0.1835891899938995,-75.46167854145507,0.0734976115975953,-216.73487904080534,1.7445986493976458e-08,1.899047413281765e-08
9.525e-07,-53.053297441537794,0.041226695653257116,-70.14581289433995,0.08134273978893276,-51.689173043924896,0.04217952551603714,-69.70046684285055,0.07991732192931549,-161.8022087055822,1.732075924609145e-08,1.87726864384715e-08
9.55e-07,-1.0404012728510308,0.011723569406180582,-62.942020562558376,0.08949059817377146,-1.7730261851338618,-0.026248262566454423,-63.52998497211574,0.08653896883607831,-99.55644700911697,1.7190400650311182e-08,1.855416659234508e-08
9.575e-07,50.502047611089665,-0.006782570311838516,-57.00319853797911,0.09307913735931411,50.789361048398796,-0.013854482425524187,-56.96202343659503,0.09339815698081286,-32.810960627785875,1.7054914090230938e-08,1.8336072052883406e-08
9.600000000000001e-07,101.05864031863793,0.09416668483423805,-51.97719277136319,0.10403020096195806,102.6830064214847,0.08264386876459479,-50.012797542638424,0.10054764705936216,35.41750645350872,1.6913944379850073e-08,1.8118268627662713e-08
9.625e-07,151.13045043551446,0.2977401064366557,-41.11658438988162,0.1114623931022452,150.33236210921865,0.2611377607881425,-42.70289209173317,0.10804194705601752,102.04518289940523,1.6767394305843623e-08,1.790090726856299e-08
9.65e-07,190.84018900751224,0.4800219010090454,-36.24001281677605,0.11767126227370389,190.28279451576213,0.5138188281326029,-35.05716702650854,0.1158946308962738,164.0606494657943,1.6615276726338126e-08,1.7686160808967437e-08
9.675e-07,219.8175127650715,0.8705013201336468,-27.25214099817707,0.12727571510048846,219.5892754998368,0.827485967426099,-27.104624588269516,0.12399406062975075,218.6609482917314,1.645752292236657e-08,1.7479560584921272e-08
9.7e-07,237.24601650756262,1.202201088183843,-18.753046561138305,0.1324803190854646,236.15314924997676,1.184460257189786,-18.878238887820576,0.1319864878140427,263.3782702115644,1.629405594267711e-08,1.729040834608929e-08
9.725e-07,239.71807862221604,1.599849390821113,-11.989090063271469,0.1444181404624871,238.95535018657196,1.5640099592692593,-10.414749124486576,0.13920216952008832,296.1914941093003,1.6124781335108333e-08,1.713097154635106e-08
9.75e-07,227.98475937353467,1.8863901848497466,-2.128806463473856,0.1463630069535228,228.15079877683434,1.9441093069855515,-1.7544180114525574,0.14476756224786466,315.6175369903325,1.5949582103532645e-08,1.7014535354885703e-08
9.775e-07,205.8206318750672,2.3715219369599447,6.511748366960444,0.1476766242965982,205.01106875437904,2.3033046986411105,7.059242724050129,0.14796029228887128,320.7783859553754,1.5768318818969573e-08,1.695275620980434e-08
9.8e-07,171.94167007667338,2.639974736548015,16.631819604349072,0.14978424438668386,171.7269135743572,2.6224483165049057,15.979777602311636,0.148580542636825,311.44078238401306,1.5595992944964607e-08,1.695846348717393e-08
9.825000000000001e-07,131.50918010370557,2.9254903337102194,25.135350845688688,0.14477722844373003,131.1046024203685,2.886084258374001,24.958120974393996,0.1469965344862736,288.0267646931377,1.543625850452974e-08,1.7034137331832542e-08
9.85e-07,86.50544586538668,3.1438567390571728,34.45972524123547,0.14649637741322766,86.20637092444957,3.0833314587244707,33.942956230944105,0.14384627300816905,251.59459316162904,1.5288859338929494e-08,1.7173811239904366e-08
9.875e-07,40.050934555987766,3.228817989791934,41.66057044734806,0.13793321722465826,39.99283428074879,3.2081905412939284,42.881097707356105,0.13970617857933296,203.7909189757067,1.5153454109636668e-08,1.736501023575815e-08
9.9e-07,-4.78861599116198,3.270430707826103,50.82591374449088,0.13489291488892424,-4.977296990345117,3.259293792937881,51.71789214796519,0.13494677607327663,146.77635934524346,1.5029630161252118e-08,1.759044160666535e-08
9.925e-07,-45.93594086119648,3.2257057959159408,60.90894312255112,0.12950532705828557,-46.74687006571145,3.239202720051379,60.39763641076553,0.12974817690989307,83.12784252625124,1.4916916890034037e-08,1.783034278902347e-08
9.95e-07,-83.84082770722296,3.0545651801716294,68.316247512332,0.12839915502409024,-84.0352720140003,3.1534215465919297,68.8640079414651,0.12416795287659987,15.722136532149538,1.4814797264175314e-08,1.806493287187757e-08
9.975e-07,-116.26261601934556,3.0363454955829976,76.89143732137654,0.11951126848241855,-116.18776106278415,3.0093268822349564,77.0605044229162,0.11820054747353885,-52.39417422917599,1.4722716666773951e-08,1.827650065031201e-08
1e-06,-143.5744448042757,2.812033543641406,84.24228341931547,0.11168805944737586,-143.02084006562634,2.815208788307946,84.9308889142176,0.11181513061550474,-118.14238763262175,1.464008884790594e-08,1.845085526777669e-08
1.0025e-06,-164.82407702351597,2.5515717865024894,93.65816492763456,0.09919795516493139,-164.60358979061078,2.579578395073132,92.41963673393106,0.10497648761799509,-178.55083416079106,1.456629936505746e-08,1.8578079645555e-08
1.0050000000000001e-06,-180.99639644860795,2.3745627231492974,99.70836766110088,0.09897786808167515,-181.02541399183642,2.3108301510982123,99.47238031443085,0.09765545182999302,-230.88918959880226,1.4500707354943505e-08,1.8652689906115638e-08
1.0075e-06,-192.71038490313788,1.9810611429785363,108.83345488830534,0.08559314130612461,-192.20165067096286,2.01726558107817,106.03634825974449,0.08983346012965075,-272.79187947100615,1.444264673381384e-08,1.8673379361401873e-08
1.01e-06,-197.86490762313153,1.6353876807036216,111.54302817086817,0.0769175449278873,-197.75985977298208,1.707405412850933,112.06079487730776,0.08150395317637263,-302.36499762020327,1.4391427927228867e-08,1.8642515936097004e-08
1.0125e-06,-196.72333264905063,1.370569091409822,118.53930329096482,0.0669475632162777,-197.03293669148607,1.3904531060189804,117.49741652455572,0.07267214426798158,-318.27190645292643,1.4346340990597148e-08,1.8565498001995687e-08
1.015e-06,-189.23459185605375,1.0536048548022123,121.57742130975058,0.0665511845912458,-189.16360272999512,1.0767371378945134,122.30075121366733,0.06335398596707481,-319.79364991474796,1.4306660550699092e-08,1.84499985380486e-08
1.0175e-06,-173.07119728694542,0.8117563745109451,128.57571954257574,0.055150019017931005,-173.30226186305114,0.7779586439006622,126.42855805117703,0.05357477864427825,-306.8614486666607,1.4271652463974048e-08,1.8305081539399313e-08
1.02e-06,-148.90386994997883,0.5220843769329406,129.8183659561402,0.04549384617316116,-148.8608405694733,0.5071055105853434,129.8421732524567,0.04336765894465997,-280.0598087545699,1.4240581557070118e-08,1.8140183457203984e-08
1.0225e-06,-115.59484728522818,0.2836143373456204,132.82885393446244,0.03550514527754196,-115.77262826910321,0.2779576262220786,132.50683966285612,0.03277209844521335,-240.60010326711102,1.4212719396360347e-08,1.796401888024795e-08
1.025e-06,-73.86974396353312,0.0873944875701968,134.55871892612566,0.026235555921355673,-74.70467924291279,0.10418915683589987,134.3920069359382,0.021832484978368077,-190.26582103071567,1.4187350813122581e-08,1.7783569038839578e-08
1.0275000000000001e-06,-27.730626367145184,-0.046980273116361805,135.80653862942492,0.008187102351774231,-27.175748478020182,-0.001842438638362774,135.47159976285002,0.010596822966776241,-131.33195697617654,1.4163777940976232e-08,1.760339589507998e-08
1.03e-06,23.923814191743993,-0.11028989477399744,134.15652731825287,-0.0017208274954196943,24.45203893198936,-0.030459932778258012,135.72425181337255,-0.0008844407605112437,-66.46218754864879,1.414133202395748e-08,1.7425537433926265e-08
1.0325e-06,78.72327132119322,-0.013785487382720767,133.70475844696733,-0.013975504227862541,77.11818925815916,0.02402312588921147,135.1335033362492,-0.012559490106974817,1.411521401705175,1.4119510541405288e-08,1.7250142345975605e-08
1.035e-06,126.6785401593955,0.22297064808075762,131.30933888605355,-0.02310812064138668,127.33212363182253,0.16226015696170304,133.68796067154616,-0.024376170637794035,69.22143279916045,1.409729389792777e-08,1.7076798150531704e-08
1.0375e-06,171.68308118984638,0.38402049589568393,132.06077334587877,-0.03721737067835307,171.52938835279167,0.3792850486920645,131.3814162483953,-0.036283075085283625,133.90269307210113,1.4074209444083995e-08,1.6906253041725108e-08
1.04e-06,206.97095282237348,0.673137976627534,128.33984522892115,-0.045521828373244914,206.46422061943238,0.6645074800758127,128.21292797473245,-0.04823082117813481,192.53185655484785,1.4049582911810317e-08,1.674202503109922e-08
1.0425e-06,229.72246771180565,1.0199733554480985,123.9551280582481,-0.05960666739425317,229.57935348191157,1.0023312333361425,124.18685726867193,-0.060173703528547284,242.45901857420796,1.4022714777382454e-08,1.6591330639293057e-08
1.045e-06,238.83368979571947,1.3463290885799044,119.6003092526634,-0.0741973637515123,239.29646629431716,1.373342587592082,119.31286533098586,-0.07207194896423032,281.42758510605734,1.3992871016784003e-08,1.646490275093804e-08
1.0475e-06,235.13599194690025,1.759400975863227,113.18265699194932,-0.08261432051905433,235.18289568555304,1.7559286598862358,113.60586761172797,-0.08389485504430766,307.67626568629225,1.395927758412641e-08,1.6375579259164347e-08
1.0500000000000001e-06,217.30583795939518,2.0805059401670998,106.03574993646363,-0.09142831676729288,217.97002409122868,2.1281201164795682,107.08594677828825,-0.09562513434290185,320.0186797288198,1.3921119832863429e-08,1.6335930398143372e-08
1.0525e-06,189.86303298452847,2.429637743219292,99.05754254946918,-0.10656149101153314,189.42272330203053,2.4694201975881156,99.77822484401567,-0.10726478223776607,317.8969782263017,1.387754745963789e-08,1.635551386999883e-08
1.055e-06,152.6439272796957,2.7847438176988355,91.95908543479727,-0.12039359464251415,152.08318175243892,2.762387943551795,91.71269546290077,-0.11884261016466689,301.40705725489966,1.3827684819788351e-08,1.6438482899714978e-08
1.0575e-06,107.97270746334549,2.975256515048398,83.90492211293754,-0.13483338679880993,108.93222593911199,2.993786659043434,82.92401773373675,-0.13042289898532058,271.29422369001793,1.3770645759863712e-08,1.6582173767732053e-08
1.06e-06,62.68089545542448,3.1591465106117367,74.09599980328316,-0.14447348367818627,63.02344325447632,3.1551813272078775,73.45127318360541,-0.14211252857066786,228.91950903281779,1.370555154886288e-08,1.677700748510075e-08
1.0625e-06,18.395182462608567,3.2556810209697375,63.25933858489081,-0.15440706381124916,17.14796077029488,3.2429581246844132,63.337687912773085,-0.15405811123573376,176.19815388584593,1.3631550154540686e-08,1.7007666737139047e-08
1.065e-06,-25.89001832637782,3.266040130557397,54.23092966123293,-0.16808513197529937,-26.419718600361204,3.2578298137493498,52.63032217828481,-0.16640949298865895,115.51304343937714,1.3547835052308489e-08,1.725518630825803e-08
1.0675e-06,-65.7397220711538,3.239660868407003,40.781252044369054,-0.17827760387172548,-66.0604531737734,3.203966973018034,41.37972996922417,-0.17919157247690592,49.60700648735975,1.3453661972322483e-08,1.7499421604970987e-08
1.07e-06,-100.50706595513105,3.0864827925155818,30.99627010440719,-0.1931309553236103,-100.82107893808596,3.0879438655140072,29.639591380335034,-0.1919807295127444,-18.5411541878258,1.334836243803594e-08,1.7721366846772585e-08
1.0725000000000001e-06,-130.09992842096645,2.86570549005091,17.61705753139935,-0.2035724506519074,-130.30760891409454,2.917701318376635,17.46632082026158,-0.20337670335846866,-85.85129691751004,1.323135354080136e-08,1.79049446379016e-08
1.075e-06,-154.32496792393363,2.6445810557882825,4.49960001055685,-0.21047026675847574,-154.4926336035871,2.7017057594153213,4.918654294110594,-0.21088053167184087,-149.28115653571487,1.3102144020979099e-08,1.8038102900526408e-08
1.0775e-06,-173.46312840342756,2.487671224832147,-9.22456973722633,-0.21366582072319198,-173.48323740480544,2.448428586741578,-7.942780824480707,-0.2123524379766898,-205.96384783655728,1.2960337273969736e-08,1.8113250749248517e-08
1.08e-06,-187.20500932099358,2.197955732970624,-20.926111414189787,-0.20966496490992403,-187.30162657564543,2.1661940641373985,-21.05590997046624,-0.2082297645914394,-253.33744225676028,1.2822687264513531e-08,1.813333080512957e-08
1.0825e-06,-196.22401660982845,1.9051082796396532,-34.38629722437264,-0.20465711210685936,-195.7267310510059,1.863361364886249,-34.35766583704463,-0.2013328758382205,-289.26076121244085,1.269988828594641e-08,1.8103050981357195e-08
1.085e-06,-198.6203258879828,1.5472016953157564,-49.02094675403093,-0.19288599088706312,-198.23207331425272,1.5487327443451273,-47.7844493374763,-0.19434419234633,-312.1101524949942,1.2591904107478165e-08,1.8026621762030056e-08
1.0875e-06,-193.31564098269712,1.275967187402524,-61.74875764472984,-0.18220194302484594,-194.03560435298957,1.232028898928619,-61.27259326739819,-0.18836530360436152,-320.8528756533793,1.2498657440859453e-08,1.791091099125938e-08
1.09e-06,-182.78332413079545,0.9270829418232097,-72.55742122979913,-0.186311298300732,-182.25459956171971,0.9242539434034804,-74.7588248375246,-0.18334472126312706,-315.09377951064454,1.2420033149673723e-08,1.7764625933195518e-08
1.0925000000000001e-06,-162.37329642103757,0.6776517929437434,-88.92711010055011,-0.17580640075408094,-162.13724448571304,0.6377897378124247,-88.18072326114365,-0.17886440766600709,-295.0931620972458,1.2355883028159282e-08,1.7597359041881068e-08
1.095e-06,-133.20644847852506,0.42964092423165245,-101.39244493519752,-0.1668772824269849,-133.32617929278464,0.3861095376116132,-101.47716862817234,-0.17453395571159577,-261.7550057728578,1.2306031301787894e-08,1.741851723877474e-08
1.0975e-06,-96.13203700540949,0.17789973095309267,-114.97856633196398,-0.16942075950135455,-96.10105621362874,0.1830750607542268,-114.58877837732825,-0.17008446191229432,-216.58611928234143,1.2270279672909853e-08,1.7236242209675145e-08
1.1e-06,-51.05525389592662,0.05903443423652644,-128.31485536306502,-0.1674012655033799,-51.548677347648194,0.04186554008079839,-127.45832778938794,-0.16535400581606452,-161.62803343194017,1.2248410635465218e-08,1.7056528009358265e-08
1.1025e-06,-3.052199779776589,0.0056321187691066,-140.53686807706273,-0.1577697266085034,-1.6203518789227083,-0.02633339367710418,-140.03115106669952,-0.16025485028543301,-99.36472854601605,1.2240187941888173e-08,1.6882797272919208e-08
1.105e-06,50.67458171440694,-0.0124555194014759,-150.61948838211586,-0.15560559534501278,50.945152483805344,-0.013693854251447249,-152.2555197356784,-0.15474737854669687,-32.610364213157666,1.2245513821662877e-08,1.6716157589253024e-08
1.1075e-06,102.01060289498149,0.11345820790345384,-163.47242389416675,-0.14957303417170756,102.83157378015746,0.08305225760459835,-164.08299530853452,-0.1488231124012964,35.617914318541345,1.226386237008988e-08,1.6556404853813975e-08
1.11e-06,150.96574421026264,0.2550699937083151,-175.03422703938736,-0.1401668116550116,150.46314168965873,0.2617792621804489,-175.46875336613164,-0.142494200113226,102.23634423573172,1.2294902708670031e-08,1.6403601126836816e-08
1.1125e-06,190.0090162830742,0.4550417067752275,-186.65517431159319,-0.14069421382623348,190.38616554081793,0.5146621254771233,-186.37187647371152,-0.13578682878636644,164.23392421634455,1.2338343073151965e-08,1.6259811069616312e-08
1.1150000000000001e-06,218.09248089510353,0.8277078972278471,-197.5773302592943,-0.13356874084306206,219.65765808024418,0.8284849061642288,-196.75561361300268,-0.1287369095845783,218.80850483237913,1.239374404068452e-08,1.613043671395894e-08
1.1175e-06,237.06623796491164,1.1863992665651362,-206.55288386312577,-0.12148192880757847,236.1818667335295,1.185557367919744,-206.58760410558958,-0.12138710028131297,263.49343932270295,1.2460591711510104e-08,1.6024626378781884e-08
1.12e-06,239.4601475877272,1.5422965666723112,-213.8619954128966,-0.11964648950309695,238.94312401142878,1.5651412573451777,-215.8400643108037,-0.11378466580663524,296.26907040938096,1.253828968559771e-08,1.5954466755828196e-08
1.1225e-06,228.74735752801016,1.8997054561544573,-223.45396894511427,-0.10454976490294608,228.09980279135124,1.9452097580457104,-224.48993570404298,-0.10597991257929464,315.65401420725607,1.2626155676413668e-08,1.5933032660506586e-08
1.125e-06,206.23969652044582,2.2818482322302187,-230.95180247254467,-0.09647455176359732,204.9265411682743,2.304313643015744,-232.5189932755899,-0.09802504732139708,320.7721154020064,1.2723423679587156e-08,1.5971740229569833e-08
1.1275e-06,171.2920604249058,2.6128734436212353,-239.71492908680338,-0.08877226016223133,171.6163958805849,2.623314163141867,-239.91391353265885,-0.08997336036320853,311.392047475083,1.2829251912812218e-08,1.60776892148082e-08
1.13e-06,131.30505909399074,2.973665932329035,-247.00310990616208,-0.08055449625352014,130.9769334084022,2.886767887171674,-246.66630173561649,-0.08187865035364356,287.93776813555024,1.2942736009548997e-08,1.6251698887970538e-08
1.1325e-06,86.41764985479179,3.1108247016099484,-251.17096233790886,-0.07534203617464152,86.07060014368199,3.0838079861339263,-252.77267835001095,-0.07379481141008094,251.46935739711301,1.3062926301020152e-08,1.6487536066029434e-08
1.135e-06,39.41110659777535,3.183870940315824,-257.82990329257495,-0.06605410286953899,39.85722687071369,3.208449369843112,-258.2344250461501,-0.06577550639481677,203.6351043756188,1.3188847561431347e-08,1.6772484331396735e-08
1.1375000000000001e-06,-5.086441377700419,3.2575025875579042,-263.72081900234843,-0.05749605730944661,-5.1060143502651805,3.259337134622138,-263.0576909244395,-0.05787385718561304,146.59700837466687,1.3319519389993236e-08,1.7089039802615887e-08
1.14e-06,-46.555565287912394,3.237059384858346,-267.78607349861426,-0.050812243738505763,-46.8639199947793,3.2390430098877028,-267.25325998447397,-0.050142096763061514,82.93306144061911,1.345397548493436e-08,1.7417262232243597e-08
1.1425e-06,-84.16359453782611,3.125063237824072,-271.19778283489285,-0.044026873090201445,-84.13785639617045,3.1530783076899915,-270.8363811860423,-0.04263114816197432,15.520728992961459,1.3591280405139065e-08,1.7737227904790544e-08
1.145e-06,-114.99216720777092,2.990118946612777,-272.82463311024657,-0.0351957148349043,-116.27474202601259,3.0088236439765175,-273.82656276784604,-0.03539011937605402,-52.593105059814214,1.3730542946065404e-08,1.803111770420835e-08
1.1475e-06,-143.9781935418334,2.832569132140164,-275.743441030763,-0.027766969781036058,-143.09216602376276,2.8145705900682145,-276.24733279211495,-0.028465727580739508,-118.32985053419057,1.387092587835679e-08,1.8284667018643792e-08
1.15e-06,-164.10085246170416,2.5378058787636406,-279.35368624569645,-0.02081429254938426,-164.65960427625373,2.578830244421265,-278.12596816776943,-0.021901686670089314,-178.71835623704888,1.4011652396718613e-08,1.848791825304568e-08
1.1525e-06,-179.75504440061343,2.3097580359103764,-277.4922861103152,-0.01919870485478313,-181.06620248087688,2.3099965794633324,-279.4931946688999,-0.015738105717649924,-231.02919923339405,1.4152010096719028e-08,1.8635379506175745e-08
1.155e-06,-192.0046662389251,2.0581349090245165,-279.75956848543643,-0.010450582799312734,-192.2265688993096,2.016371194351307,-280.3828607067856,-0.010010950366216208,-272.89804854729994,1.4291353557612508e-08,1.8725768063195018e-08
1.1575e-06,-198.1255595485997,1.749493320777566,-280.2928036466636,-0.0027666039346000786,-197.76734848636866,1.7064761154285977,-280.8315878304304,-0.004751613722037512,-302.4325275377294,1.4429106619650713e-08,1.8761507441286412e-08
1.1600000000000001e-06,-197.84578411752943,1.443285333377406,-281.35899492493434,0.00020375942585637767,-197.0206695193909,1.3895175253776397,-280.8784011207096,1.3370802882565867e-05,-318.2977450131999,1.4564765211334267e-08,1.8748082736307172e-08
1.1625e-06,-188.33179290903038,1.0554302355280227,-280.12545767882614,0.004285574568483214,-189.12894666514777,1.0758277213869514,-280.5643428051946,0.004262462432967496,-319.7766292736835,1.4697901157926719e-08,1.8693283990700917e-08
1.165e-06,-172.71751116209634,0.755856903826442,-280.25910671551287,0.00890562331802021,-173.24296601884376,0.7771119508694572,-279.9320725530294,0.007979101981393387,-306.8023381184733,1.4828166875313498e-08,1.8606321447710227e-08
1.1675e-06,-149.70850069566924,0.48681331271600714,-278.1562831620528,0.008977576291191638,-148.7758202430404,0.5063613722337255,-279.025458010908,0.011151587715645214,-279.9612799614251,1.4955300330458145e-08,1.8496805596800768e-08
1.17e-06,-115.20771262444036,0.27616781753891084,-277.3047107023635,0.017849624536504856,-115.66268690738043,0.27735706602222887,-277.88915921131775,0.013772884102882224,-240.46660950608236,1.5079129238503468e-08,1.8373651493904366e-08
1.1725e-06,-74.14142829149266,0.14396303506077907,-276.4470422187597,0.016041721973295484,-74.57301539373104,0.10377121539394055,-276.5682105222075,0.01584041606436411,-190.103395915794,1.519957325414548e-08,1.8244066246957448e-08
1.175e-06,-26.830966022806667,-0.059515084365735625,-276.24949113815273,0.016884922196527492,-27.028127705649815,-0.002044594631480547,-275.10760381293153,0.017355898359028368,-131.1479417526697,1.5316642952200355e-08,1.81128626137218e-08
1.1775e-06,24.976080835064312,-0.05210483782702757,-273.18753569617985,0.019767250321246658,24.607511507724666,-0.03042306153530061,-273.55187648456695,0.01832523750682506,-66.26489928559765,1.543044713180424e-08,1.798235422805716e-08
1.18e-06,77.26058260915762,0.1154776810238476,-269.9693483390878,0.019151978977854225,77.27169144028035,0.024308769571790446,-271.9447079539874,0.018758524388403572,1.613165724099928,1.5541318418768552e-08,1.785299020367827e-08
1.1825000000000001e-06,124.91285996772316,0.17000128133751144,-270.04601900794654,0.01683533664053106,127.47305972201688,0.1627883414243827,-270.32852809079094,0.018670112739214786,69.41831931673129,1.5649131355303367e-08,1.772468246805355e-08
1.185e-06,171.1036706492861,0.4616122454057522,-270.06187241029056,0.018556586200731966,171.6475218684154,0.3800326532500018,-268.74414098533776,0.018078756292608786,134.0859229626149,1.575435266357314e-08,1.7598525399705913e-08
1.1875e-06,206.66118498713502,0.698424265960634,-266.70778259910753,0.017663448182304434,206.5508280872171,0.6654354055942907,-267.23036727580933,0.017007759362421118,192.69314824452726,1.5857286957430205e-08,1.747840092956485e-08
1.19e-06,230.62868651915943,0.9597777224259614,-264.5512995447193,0.016347682719037505,229.62822362169717,1.0033871184162242,-265.8237080837118,0.015485085463937141,242.59108204598925,1.5958244632758372e-08,1.7371901487980862e-08
1.1925e-06,240.32918391673573,1.3977054383532577,-264.2205265434083,0.014017866125361409,239.30459130685762,1.3744650379702754,-264.5580334023715,0.013543368069898525,281.5244513917641,1.605752407898952e-08,1.7290141133797483e-08
1.195e-06,235.32027678474174,1.7059436374344892,-263.7944446118843,0.00842760915673343,235.15075001435335,1.7570524669199699,-263.46429755340284,0.011219776996086795,307.73355665040555,1.6155397389006653e-08,1.7246337613263877e-08
1.1975e-06,218.43909481649916,2.1359727998090015,-263.6316761555891,0.013303936545619052,217.90139253090948,2.1291817920652067,-262.570284074134,0.00855571168168762,320.03380595022793,1.6252100862188264e-08,1.725343438786281e-08
1.2e-06,188.88832453643474,2.4603972009308905,-261.8262781335296,0.005893976678781299,189.32411311458452,2.470363112811087,-261.9003821266797,0.0071439884764889095,317.8692560342452,1.634783095630926e-08,1.73213524846432e-08
