time,v_coil,i_coil,v_bias,i_bias,v_coil_clean,i_coil_clean,v_bias_clean,i_bias_clean,v_coil_src,density_state,heating_state
0.0,74.180314575664,0.11117779549053015,214.5740834456606,0.05551449338843984,73.8717869280541,0.08898844996480185,214.80727285018654,0.05848653256798971,0.0,0.0,0.0
2.5e-09,106.34811814136646,0.2682521743270561,221.13093789976116,0.058035565382337735,106.39099876700838,0.2782002776393734,220.8840245507057,0.05657190539471134,49.296296618291706,5.66140237227933e-11,1.0718636742547331e-10
5e-09,134.27340611003567,0.540193966506731,226.70987743374297,0.05141850790839541,133.91483885401624,0.5274430063726424,226.52898564068883,0.05253833471420332,96.36451289191733,1.1555583798387329e-10,2.1918508544126314e-10
7.500000000000001e-09,153.6683890399262,0.8123975566194582,231.62340235329327,0.04795495348469438,154.20257891230736,0.8238714757181639,231.69931934312453,0.048101326774465554,139.07727263378123,1.769657837121123e-10,3.4336178794595e-10
1e-08,166.2290364338844,1.1257456645238253,236.19614309353219,0.0451513236058029,165.55208605976793,1.1507382801932686,236.3540435654312,0.043273838943373284,175.50405637334003,2.4091797185017327e-10,4.909085077276965e-10
1.25e-08,166.72734509883577,1.483350177980588,239.8057945403903,0.042122932556522864,167.0171035284422,1.488749432936946,240.45436587696972,0.0380742850182789,203.99845644029836,3.074041918017438e-10,6.753979585181222e-10
1.5000000000000002e-08,158.2724025259342,1.8208576231620726,243.64667353581567,0.03361053406064692,158.52746814780255,1.817744414054388,243.9640037129165,0.03252673485545215,223.27259084194105,3.763237154795177e-10,9.102057330981315e-10
1.75e-08,141.1382369531518,2.1805807053334734,246.09742205353646,0.02602754633517584,140.89298720705784,2.118480240130621,246.84948707151383,0.0266607178022903,232.45531259630974,4.4748037061361807e-10,1.2054168937907555e-09
2e-08,115.55526404684788,2.386016409907068,249.34544855485063,0.019491699389814505,115.69067333816032,2.3742828970187193,249.08044111295806,0.020510635972551417,231.1315835919237,5.205873137418182e-10,1.5650540341241766e-09
2.25e-08,84.62414943604034,2.551586766008906,251.44343502474723,0.010800147502235593,85.05404825430342,2.5723517686609667,250.62984623203687,0.014114853374271222,219.36123336525245,5.952789217157963e-10,1.9854086322016413e-09
2.5e-08,52.05775980604042,2.7126616130336485,250.6251352068988,0.010593234266435533,51.39895918930765,2.7045596500592612,251.47427336169295,0.007514575526368887,197.67625494191716,6.711283054453375e-10,2.4549411464723648e-09
2.75e-08,16.881301762905444,2.7592830809611733,251.32650997298427,9.183197788259034e-06,17.130073556265856,2.767672601108855,251.5940924693738,0.0007526630901648579,167.05675996344044,7.476682788446699e-10,2.9557558216446573e-09
3.0000000000000004e-08,-15.970150434648044,2.766132050936981,250.3739413971283,-0.005800495812357925,-15.625736534252933,2.763006065687756,250.9736524305701,-0.00612747269844291,128.88667987305845,8.244132947502914e-10,3.4662223985387693e-09
3.25e-08,-45.347929865969114,2.6822357014198843,249.93025581569543,-0.012485483337373232,-45.21883980487196,2.695620393698854,249.6014307024316,-0.013082765914965868,84.89121536611414,9.008799323389786e-10,3.964055682459667e-09
3.5e-08,-71.15313754942048,2.587674858982606,247.38229258745864,-0.020879571183396575,-70.58163941676429,2.5732252980302746,247.47015147271122,-0.020071098425372844,37.05886124742825,9.766039635128814e-10,4.429142326773201e-09
3.75e-08,-91.51296927500495,2.348234726941056,244.3546175109358,-0.024918127090033573,-91.22857394357669,2.4049977060812657,244.57687122335224,-0.027051579992053154,-12.448469005478325,1.0511527516275129e-09,4.845592461178584e-09
4e-08,-107.30774271180496,2.1079525539567614,240.8037156906161,-0.032595601197069134,-107.15995061611683,2.2005154562053697,240.92303092150803,-0.033984536394605115,-61.39315680824191,1.1241326101258489e-09,5.202791750146779e-09
4.2500000000000003e-08,-118.57245305528632,2.001278464003069,237.4140527061276,-0.03937099770879543,-118.69506983000988,1.968971492808766,236.5144743313008,-0.04083128833607257,-107.56301373393944,1.1951916132285414e-09,5.4955180839139215e-09
4.5e-08,-126.1655366875767,1.768306655504587,230.85044009181001,-0.04746274408278801,-126.27200949639386,1.7187671583900084,231.36143222475218,-0.04755384009604774,-148.87126739216728,1.2640190530424967e-09,5.7233776295460045e-09
4.75e-08,-130.2278185086418,1.4372799432599999,225.05752180793743,-0.054544020354001216,-130.25632705575418,1.4575013932074854,225.4784725575853,-0.05411461069001628,-183.4508787888801,1.330343156845922e-09,5.889874507409355e-09
5e-08,-130.66652283057334,1.1888379970166467,218.798190518272,-0.06082831997078185,-130.79798029782074,1.1922903867745462,218.88441696250194,-0.060476329671966075,-209.73892823711267,1.3939287480761718e-09,6.001376937772741e-09
5.25e-08,-127.38076462816537,0.9402398215136117,211.041177359121,-0.06475094139024022,-127.76555562560165,0.9302847047019245,211.60222419660337,-0.06660218726512576,-226.54725576759287,1.4545762530801917e-09,6.066131589326856e-09
5.5e-08,-120.77382889364003,0.6903125428963283,203.34081794042518,-0.07142498203855728,-120.77132155647595,0.6792105907823451,203.65884145836532,-0.07245628111704484,-233.1161632535556,1.5121228863794906e-09,6.093364321836794e-09
5.75e-08,-109.6177735912675,0.3880771256620714,195.4865073421578,-0.08021767427414794,-109.2825585256382,0.44775645254408164,195.0850247605955,-0.07800434987206523,-229.14875103601167,1.566446106524304e-09,6.092434620068758e-09
6.000000000000001e-08,-92.776408150898,0.24373397836006513,186.17638474150806,-0.0818707140257062,-92.79736563692006,0.2456555581019969,185.9151298067215,-0.08321473908925031,-214.82433711220418,1.6174686706324967e-09,6.072006354398769e-09
6.25e-08,-71.04612544125149,0.07841985515486224,176.42791274995867,-0.08795969392827169,-71.04987702524139,0.08337623100662811,176.18687506633353,-0.08805952037533092,-190.79035237049445,1.6651639809174362e-09,6.0392572364027964e-09
6.5e-08,-43.946548515641204,-0.061005619821347154,167.14272262368345,-0.0909403312596081,-44.202985352359775,-0.028589712475452278,165.94107897996082,-0.09251569153880865,-158.1330781886021,1.7095600398419847e-09,5.9992451980890185e-09
6.75e-08,-12.544697593560857,-0.08232700087172802,156.4054276858647,-0.09570617973432799,-12.987560754145484,-0.08076550582149071,155.22137344058433,-0.09656643328382444,-118.32854898912234,1.7509844113195525e-09,5.954631621018877e-09
7e-08,21.79926033267654,-0.06500568828347585,144.50540035202172,-0.10247966252638624,21.244328266916682,-0.06590714068917028,144.07389589847426,-0.10020249045977017,-73.17583884499744,1.7897734068531078e-09,5.905971148546198e-09
7.250000000000001e-08,57.33145456236525,0.046493359674850826,133.47164781258917,-0.10472355895872784,56.57001530179839,0.019795896489837088,132.54696261487507,-0.10342387358363504,-24.715747428452502,1.8255321474732034e-09,5.852675739418465e-09
7.5e-08,91.16213295433371,0.15542089949686685,121.19855228703014,-0.10851417480715725,90.65024945643057,0.17574723527135913,120.69072574729861,-0.10624219012723311,24.861439486674236,1.8580316589686348e-09,5.7945513785299325e-09
7.75e-08,121.12712085995041,0.41202503824357795,108.99460878308854,-0.10829415020761327,120.96766431065006,0.39638478056844517,108.55681708335027,-0.10868385288234693,73.31494595397196,1.8880524830129957e-09,5.733551831364506e-09
8e-08,144.729726260745,0.6299312688823946,96.27016988947953,-0.10969458931166426,145.1151971176199,0.6711663887095166,96.19798134996944,-0.11079371227068381,118.45478382431286,1.915801196468492e-09,5.675200510997965e-09
8.25e-08,160.86948305393258,0.9806269028712835,83.00253096377216,-0.11448804318334281,161.09020579747323,0.9851482041658562,83.66770210975093,-0.11263615068081,158.24073522293287,1.941452917814185e-09,5.629105026432549e-09
8.500000000000001e-08,168.10637200225187,1.2712193127094267,72.38901831201305,-0.11486766082010152,167.54786413801605,1.3201113109115978,71.01982331491135,-0.11428393087043813,190.8745657511808,1.9651327475795122e-09,5.608182420883481e-09
8.75e-08,164.0957996705766,1.657958292482325,58.43058544999521,-0.11539108193461935,163.97326777235617,1.6561051210843056,58.30816962197832,-0.1157713931208424,214.88130058621837,1.986901942972123e-09,5.626589524363352e-09
9e-08,150.8984328330306,1.9901625178559115,45.18217238646516,-0.11910510392556045,150.74457338398753,1.9732090562852083,45.586168576132486,-0.11697522242569555,229.1758899840513,2.006750599639683e-09,5.696787849384494e-09
9.25e-08,128.79207157914504,2.243893720395418,33.07147773030514,-0.1173772247685913,129.0771912958472,2.253279181328491,32.90647775330203,-0.1174221008814604,233.11225105697278,2.0245977648754705e-09,5.826501002068335e-09
9.5e-08,101.05526251372785,2.4603524995312247,19.538922086293883,-0.11549433154367619,100.85847414770595,2.4814495776379957,20.3206199007822,-0.11620090139559976,226.51246924876386,2.0402989100237376e-09,6.016410305141107e-09
9.75e-08,68.36916738302072,2.6341348830776834,7.336790487552875,-0.11313716055330017,68.4001031286785,2.6471988150007766,7.878629043775188,-0.11239969567874475,209.67483966746923,2.0536597078734347e-09,6.2592390681298495e-09
1e-07,34.14771538395557,2.79133402024423,-5.042102632689506,-0.10643995460687346,34.148375891394124,2.744862791661369,-4.371289573542779,-0.10620111772634916,183.36038482582117,2.064454253284081e-09,6.540468235652931e-09
1.025e-07,0.33638498897326263,2.787246107508577,-16.414562221598107,-0.0987627187750878,0.39859986256804447,2.773564097070358,-16.383082967120153,-0.0993326032974573,148.75845815674117,2.074734069338018e-09,6.844801725178847e-09
1.05e-07,-30.61886403873969,2.737432079121059,-28.017766892802438,-0.09560292768726317,-30.942212288579647,2.7366194765081566,-28.113154713717407,-0.0935737417787462,107.4329879466869,2.0882681085120306e-09,7.157920295794409e-09
1.075e-07,-57.95090520588459,2.6166988312148445,-39.763226109020785,-0.09001764787282683,-58.50974547618811,2.640565181985491,-39.52064764346166,-0.08928410505341655,61.25179133863903,2.1046982833116016e-09,7.458324287753831e-09
1.1e-07,-81.7291059678385,2.468963726821234,-51.56752932221405,-0.08601851503017623,-81.53471222180653,2.493991681970583,-50.56770268403598,-0.08584987234193975,12.302153250819025,2.1236841637751044e-09,7.727817243789493e-09
1.1250000000000001e-07,-99.73077384537773,2.3375792285858155,-60.962995777452065,-0.08422576827194374,-99.79241309714446,2.3063958853678677,-61.219691824726226,-0.08265334094699392,-37.20351414823792,2.144912510369443e-09,7.953064463596866e-09
1.15e-07,-112.7962234122981,2.1115436478134626,-71.43946966093226,-0.07776127755162954,-113.46703838894318,2.0872385169056216,-71.44542339412908,-0.07937485232714372,-85.02766743137532,2.168101955712848e-09,8.126152856030354e-09
1.175e-07,-124.00679270626047,1.8000822413888187,-81.20149436840912,-0.07707343215756508,-122.96291540321045,1.84534101516052,-81.21731808605114,-0.07590851215483088,-129.00876378016412,2.193003709805673e-09,8.244327557544946e-09
1.2000000000000002e-07,-128.172258832804,1.5535590104384953,-89.77013357126525,-0.07101749634981562,-128.7034837041133,1.5886805821177197,-90.51155442187462,-0.07224699765131136,-167.1589577978114,2.2193997356205072e-09,8.309206062015143e-09
1.225e-07,-131.51499604383926,1.3533671442619306,-98.72262340583885,-0.0671364393340651,-130.9597503719606,1.3245580136051434,-99.308182602223,-0.0684179002354792,-197.75394759417446,2.2471000900550307e-09,8.325769421972371e-09
1.25e-07,-130.36191774597282,1.072849376773381,-107.08695711154367,-0.06392787634559671,-129.74322103082255,1.060036277828979,-107.59120597378119,-0.06445736936130689,-219.4109093044439,2.2759410145402894e-09,8.301341402989287e-09
1.275e-07,-124.85950527076882,0.7570459475300235,-116.33147537161818,-0.06082654545047552,-124.7850948226691,0.8024926410317635,-115.34862961624273,-0.06040122747943716,-231.15099757872488,2.3057849218006583e-09,8.244647436222506e-09
1.3e-07,-115.30291652630598,0.5172313025640135,-122.10443995879656,-0.07543911755111556,-115.60628957176297,0.5601036323060377,-122.57247583710719,-0.07827749376249729,-232.4435871627287,2.3365227525550995e-09,8.164948635613286e-09
1.325e-07,-101.63953411613541,0.3842409613617189,-134.19861007718276,-0.06687661416249882,-101.66478694279562,0.3420946407689058,-135.0403167860079,-0.06516873834621423,-223.23025595087333,2.368078403799423e-09,8.071207049825808e-09
1.35e-07,-82.54475109802053,0.16788229321036927,-139.76999710840997,-0.03137575599335861,-82.55117077383085,0.15863219064340878,-138.83420076925603,-0.0301711563562207,-203.9274255324109,2.4019277566946927e-09,7.974140307586038e-09
1.375e-07,-57.80433966923309,0.0279364781219029,-141.83148928131862,-0.02523701102609135,-58.19294756858626,0.02030848682238198,-142.1220221261646,-0.02627193565644314,-175.40753988391063,2.4359446882643486e-09,7.875641212218247e-09
1.4e-07,-29.26685722558389,-0.014361431903913223,-145.88115190237014,-0.021862087544404343,-29.025200111427488,-0.06274847064197678,-144.91286433981955,-0.02244068670011289,-138.95963288833508,2.4701892194602865e-09,7.779414605037063e-09
1.425e-07,4.441835430424953,-0.09452266249443846,-147.21742405482317,-0.017116775179687373,3.910057276408903,-0.08202549149465738,-147.21919638022894,-0.018705976033115586,-96.23106693904717,2.5053027013652497e-09,7.686819533699988e-09
1.4500000000000001e-07,38.9414913015976,-0.02653083433325483,-147.67086358798153,-0.013541755249064157,38.96158706568387,-0.031859670721586186,-149.05671433477326,-0.01509697481164215,-49.153075911171065,2.54105831712975e-09,7.59749539218459e-09
1.475e-07,74.28338575361148,0.08544047913100752,-150.9133819122522,-0.010594788006731573,73.97263208221025,0.0894491669232414,-150.44415767963983,-0.011642923696844264,0.14652221156544257,2.577036058821509e-09,7.510642498703334e-09
1.5e-07,106.37281937327367,0.2773109039396894,-150.20552649997126,-0.007022693033816331,106.48073068525588,0.2788524299255283,-151.4031019012561,-0.008372305787153736,49.439497864014704,2.613577866805923e-09,7.426727756106429e-09
1.525e-07,134.27412015743425,0.47467943880098773,-151.1047547232865,-0.006088606769437225,133.9863202476449,0.5282554244956315,-151.9577293744144,-0.005311823436688156,96.49792080160347,2.6511336151962935e-09,7.3491479819179015e-09
1.55e-07,154.49539201802165,0.8043473256811549,-151.37246465069475,-0.0006756814728091818,154.2498705620204,0.8247999371506894,-152.1345805843718,-0.002485312696460571,139.19485747372258,2.689852348217047e-09,7.285262678314964e-09
1.575e-07,165.62221341295373,1.1478212079594103,-152.65460577958453,0.0014776038713152722,165.5711993802327,1.1517288492896718,-151.96228794215398,8.72548234235992e-05,175.60050357654728,2.7298349756671094e-09,7.2462903189252976e-09
1.6e-07,166.59026381492052,1.4540982438413814,-151.92246372243048,0.0036693370777091403,167.00651172566185,1.4897430385486825,-151.47129458420648,0.0023905419430861104,204.06940681282583,2.7711182350904124e-09,7.2458581351699795e-09
1.625e-07,159.29548181625313,1.8185138552980522,-150.5990047376769,0.002984798051164044,158.4882937215741,1.818682075451611,-150.69356066819782,0.004414280005168833,223.31483758852596,2.8136643934556983e-09,7.297420805943773e-09
1.65e-07,140.39456136316298,2.082212032807876,-150.26772515488702,0.005689816770703178,140.82883614310913,2.1193082481428984,-149.66225977518383,0.006153310686324521,232.46694626021474,2.8573580602785313e-09,7.411165520888751e-09
1.675e-07,115.34281610651178,2.346558030682226,-147.31681850256837,0.008213278966647935,115.60714405325483,2.3749572666059033,-148.4114681036451,0.007607240069223653,231.11207835803364,2.9020105418383352e-09,7.591240770138658e-09
1.7000000000000001e-07,84.57217617936182,2.525184919378349,-147.76814491917872,0.008895119474361005,84.9579961312078,2.572841399696436,-146.97584919250048,0.008779769453614326,219.31147082571994,2.9473711559783257e-09,7.834090108186527e-09
1.7250000000000002e-07,50.786704078985416,2.697892578643216,-146.45767255306583,0.00955379783130788,51.29763617627374,2.7048478438368333,-145.3903369376721,0.009677815946101708,197.59848425020482,2.99314401372997e-09,8.128355134751572e-09
1.75e-07,16.57688301447836,2.7060853126681383,-144.65390866979962,0.008868790965221208,17.03028012942015,2.7677568442161364,-143.68981966991745,0.010310564676046402,166.95449617770674,3.0390081054532705e-09,8.456352275018551e-09
1.775e-07,-16.10889786612564,2.7259135121799285,-142.05442299629266,0.012533400736648498,-15.718355719697716,2.762896264555519,-141.90882804049167,0.010688598663580599,128.76454508353294,3.08463821036921e-09,8.796694490904315e-09
1.8e-07,-45.24460320858723,2.6299650020157075,-139.74575639340523,0.013686984660688926,-45.3002537797226,2.695335975497511,-140.08122941597034,0.010823231405171893,84.75472978714537,3.1297242234652904e-09,9.127368473965425e-09
1.825e-07,-70.73612497173359,2.5539148851773334,-138.3435662586766,0.012222017154263723,-70.64958534551272,2.5727917471213497,-138.23993141470677,0.010726125082420193,36.914193716367265,3.1739869387935634e-09,9.428556982074989e-09
1.85e-07,-90.35510817338889,2.3920995404962633,-136.72548254455523,0.009806673361918893,-91.28240613294535,2.404443154718698,-136.41659712556842,0.01040922162106382,-12.594779845679001,3.2171890557664455e-09,9.684684750231662e-09
1.875e-07,-107.83762045423286,2.181348027942879,-134.63277620600337,0.008727421430156762,-107.20023617983568,2.1998678870963904,-134.64137443564405,0.009884954672126394,-61.53449804079895,3.2591410503805328e-09,9.885464506213865e-09
1.9e-07,-118.66912211327305,1.9596208474504946,-132.9283974268067,0.0084005119465914,-118.72302677556054,1.9682569527283837,-132.94264175859524,0.009166658562460302,-107.69299705701766,3.299702418448013e-09,1.002600805682214e-08
1.925e-07,-126.20882362074015,1.6978957747399792,-130.6360869828398,0.008512693778385805,-126.2889084900978,1.7180091568301308,-131.34677230047112,0.008269054640629525,-148.98401785557468,3.338779500165083e-09,1.0106257569098192e-08
1.95e-07,-130.9264847632121,1.4546396303869298,-129.64047189385104,0.006659801742174838,-130.26298099810924,1.4567214102986197,-129.87791882652442,0.007208682508356501,-183.5413003284374,3.3763215143798073e-09,1.013005133079255e-08
1.9750000000000001e-07,-131.65456098659806,1.2066439652791368,-128.74245757092933,0.007498697023528794,-130.7944257508082,1.191509186799829,-128.55782070243146,0.006004155549733081,-209.80293400514884,3.412316500102391e-09,1.0104086593834158e-08
2e-07,-127.66371693742195,0.9301922781808831,-128.09663319144104,0.006048308414143198,-127.75099086755088,0.9295239875094826,-127.40563477804321,0.004676154630982753,-226.5819528491531,3.44678858071567e-09,1.0036930902849206e-08
2.025e-07,-120.45907418522853,0.7048654829976372,-126.38078604480967,0.0020589579231827656,-120.74431484145289,0.6784944435143949,-126.43779146323334,0.003247124457837506,-233.11998341956905,3.479797396562599e-09,9.93811983961577e-09
2.05e-07,-109.12315716221845,0.4151208139643839,-126.16679826616824,0.00216997052425378,-109.24148638565735,0.447112101261029,-125.66787711551908,0.0017406945493769687,-229.12152162367417,3.5114398107093667e-09,9.817308391429003e-09
2.075e-07,-92.36144174209207,0.25970480474814756,-125.01639403310692,0.0009885735848596414,-92.74099463813853,0.2451130563783471,-125.10654361998428,0.0001809005852312754,-214.7672888289439,3.5418532288288986e-09,9.683438694711547e-09
2.1e-07,-71.37603089992125,0.062301954297548756,-125.17359509790623,-0.0026286666890629226,-70.97797181228732,0.08296693527689207,-124.76144579576345,-0.0014086778629519886,-190.70606366879855,3.5712192397807594e-09,9.543946798071897e-09
2.125e-07,-43.59496743851392,0.0002821804569673528,-123.82584025255218,-0.004642008932202024,-44.11681677676481,-0.028835782183952517,-124.63720701216204,-0.0030057279285945065,-158.02535872583675,3.5997659074099243e-09,9.404126988896708e-09
2.15e-07,-12.857540135046827,-0.0856311584508834,-124.93004819280745,-0.004115770302106635,-12.890202195085882,-0.08082308204495631,-124.73541314362845,-0.00458983244900396,-118.20226743969481,3.6280132266148687e-09,9.266853794955202e-09
2.175e-07,20.32723697532503,-0.03614985404295363,-126.69976757966569,-0.006606159695602238,21.347993016549182,-0.06575937907093941,-125.05463473852487,-0.006142816659554486,-73.03670284736084,3.656472859945544e-09,9.132871290860035e-09
2.2e-07,57.49797531100323,0.020186273780373905,-126.71051118869534,-0.008347943494174967,56.67359917991096,0.020154110135177615,-125.59047702423133,-0.007648759877777458,-24.5700456128449,3.6849161383835326e-09,9.001756912098066e-09
2.2250000000000001e-07,91.0339514343588,0.1201554322494777,-126.0034330005661,-0.008244552931640609,90.74645497928398,0.17630694589076756,-126.3356571228058,-0.009093677772792642,25.0071217299938,3.7132693992824656e-09,8.873457483299185e-09
2.2500000000000002e-07,121.19934276526315,0.4001539024576619,-127.03109515063618,-0.010692100820195874,121.04908095886255,0.3971220753068076,-127.28010760941537,-0.010464939047801608,73.45402411936747,3.742448928953901e-09,8.75004114706742e-09
2.275e-07,145.0370735010487,0.6098222221442675,-128.59824469865862,-0.013412834023259138,145.17518364579792,0.6720432301876074,-128.41110531220409,-0.011750528119567595,118.58097189543052,3.772781924713402e-09,8.637115908969337e-09
2.3e-07,161.27165787879184,1.0031346650241033,-129.90600665663624,-0.011940975032013504,161.12371974757045,0.986114992182867,-129.71342402923162,-0.012938294069368129,158.34832978632696,3.8045467755066455e-09,8.54433962076236e-09
2.325e-07,168.1136166435781,1.3440419621509594,-130.36869064190503,-0.014565106038401068,167.55210644506255,1.3211109061939206,-131.16950962758355,-0.014015330534148076,190.95870377761122,3.83795368630615e-09,8.484640303763578e-09
2.35e-07,163.72920676512135,1.6456400025189248,-132.79556067029262,-0.014529582306148975,163.9480388438715,1.6570778306993095,-132.75967579357356,-0.014967610368581689,214.93817922849811,3.873130188877218e-09,8.472142518558085e-09
2.375e-07,150.5546480103617,1.9672311170858416,-134.7050505234984,-0.017589801089988817,150.69228352425387,1.9740979258861089,-134.46231852285828,-0.0157799563705793,229.2029384570791,3.910113315256667e-09,8.519230421133196e-09
2.4000000000000003e-07,128.51695871098227,2.279077785057386,-135.763786502135,-0.0179732785380491,129.00252475308096,2.2540348913139363,-136.25414727685455,-0.016436372505910485,233.108246831365,3.948849359680264e-09,8.63350614058934e-09
2.425e-07,100.68480883393433,2.490957698693948,-138.7045848259787,-0.014539130842732038,100.76776254648212,2.48203430688653,-138.11043058850197,-0.01692069881276283,226.4775933063992,3.9892011565825385e-09,8.815489006909887e-09
2.45e-07,69.01031738188618,2.639487688232327,-139.1231267923595,-0.014199977409300065,68.30051076071241,2.647588605366509,-140.00525377740976,-0.0172174982154771,209.61066832151985,4.0309618192332984e-09,9.057705110511074e-09
2.475e-07,33.3746626038741,2.7343579397308244,-142.88592814463075,-0.017381369950943398,34.04702816213542,2.7450481892690113,-141.91178633282652,-0.017313044410791366,183.26981847498593,4.073873075366232e-09,9.345408540967432e-09
2.5e-07,0.6438677476145063,2.764206163533799,-143.6701037326293,-0.018396947498596675,0.30179219397629353,2.773549120352292,-143.80255644355887,-0.017196263573125484,148.645590193832,4.117645831987293e-09,9.658707717331796e-09
2.525e-07,-31.153255550990462,2.6839046443946346,-146.42465536154177,-0.016384113363602123,-31.02960550239483,2.7364192184654477,-145.6497300976057,-0.01685949160430879,107.30291974659175,4.161980477601879e-09,9.975509170693272e-09
2.55e-07,-58.882775123787916,2.6258168782687306,-147.7391000012528,-0.015545249121223095,-58.58458035930275,2.640202551171052,-147.42539214134473,-0.016298941274986933,61.11040168779929,4.206584696544409e-09,1.0274548621416675e-08
2.575e-07,-81.76771055911387,2.4603142114054384,-149.148822311641,-0.013892496475203943,-81.59557342400987,2.4934938901010626,-149.10182667886383,-0.015514823937396316,12.155832639464759,4.251187169821692e-09,1.0537872638515848e-08
2.6e-07,-99.48849785930584,2.3196455894937187,-150.29871002493593,-0.013505390424418907,-99.83932616423998,2.3057912830706564,-150.65179420651847,-0.014511129485171427,-37.34815236168909,4.295546356130293e-09,1.075239278417311e-08
2.6250000000000003e-07,-113.9455223234968,2.088463401454262,-150.51954066411227,-0.011387427838119872,-113.5009723439135,2.0865542663784633,-152.0488029158515,-0.01329512535307786,-85.16408592906045,4.339454435691526e-09,1.0910441312613715e-08
2.65e-07,-123.08076929753085,1.8598352942766276,-153.27045625077085,-0.01202941346633927,-122.9851867266991,1.8446018918969815,-153.2673716592588,-0.011876680436114473,-129.13079675665335,4.3827372993754746e-09,1.1009504466517699e-08
2.675e-07,-128.62653897951003,1.5913914902117738,-154.51496478592335,-0.011731363793029312,-128.71518736154826,1.587908954603433,-154.28328215663382,-0.010267544915237152,-167.26108964047233,4.425252036660584e-09,1.1051434296877992e-08
2.7e-07,-130.65119874987877,1.3480635945978787,-154.81092992235898,-0.009564124417330832,-130.96133467053116,1.3237748053704674,-155.07381812690002,-0.008480717779605008,-197.83156217630537,4.4668836227900126e-09,1.1041438415550427e-08
2.725e-07,-130.70247842048832,1.114855325069975,-156.22206440559765,-0.00543060721039651,-129.73429266906822,1.059262515695344,-155.61798915484525,-0.0065300103959792825,-219.46049862368307,4.507542393392347e-09,1.09870582344325e-08
2.75e-07,-124.83550516800132,0.8106114631708702,-155.53885850718243,-0.006665301105611221,-124.76449416912553,0.8017510737870591,-155.89673724986042,-0.004429871228781509,-231.17032031077304,4.547163455806148e-09,1.0897227202573049e-08
2.775e-07,-115.75744572695558,0.5616040365074714,-156.3874601640219,-0.0012427022154560346,-115.57242249181421,0.5594198874378268,-155.89312421768946,-0.0021954817619906186,-232.43176996410068,4.5857085127217436e-09,1.0781404101906417e-08
2.8e-07,-101.60684691654536,0.3911583101062514,-155.4958565890881,0.0012228157764534375,-101.61614823117883,0.3414974764222598,-155.592498147637,0.0001569230538207648,-223.18783293203586,4.623169801094289e-09,1.0648737563565204e-08
2.825e-07,-82.26443982944517,0.17271022413623835,-154.93154932014536,0.003529477723219846,-82.4869548513116,0.158152579334042,-154.98263751417454,0.0026096044758678848,-203.85631411720547,4.6595751314617975e-09,1.0507247688259016e-08
2.85e-07,-57.850612465762275,-0.006354390370516164,-152.96092470623012,0.002684870701139052,-58.11362184042899,0.019977503765963654,-154.0538716017659,0.005142864763429169,-175.31095414636192,4.694992493781065e-09,1.0363093724977849e-08
2.875e-07,-29.14397128873819,-0.08740684344369598,-152.15304240399172,0.005952467178770388,-28.932919094724983,-0.0629027319108911,-152.79917618307076,0.007734719134517955,-138.8419382838266,4.729532483278898e-09,1.0220092713427874e-08
2.9000000000000003e-07,3.9175616045400994,-0.08334971972278175,-151.35639774706647,0.012779421995370821,4.011293574785274,-0.08198153653741644,-151.21424361148289,0.010360809172750916,-96.09758299567582,4.7638840496675536e-09,1.0079706210020256e-08
2.925e-07,39.44047830573001,-0.002471045394296975,-149.39301002344462,0.0128618682357587,39.0660833949329,-0.03160617150676355,-149.29752672711234,0.012994632402914428,-49.009835799195315,4.797859168198501e-09,9.941668334886135e-09
2.95e-07,73.9867010638265,0.08478554853715846,-146.43240348089034,0.0167801231444078,74.0734554864123,0.08991048004261218,-147.05025621867273,0.015608108307809041,0.29304436528623645,4.8310749299671524e-09,9.805268063982732e-09
2.975e-07,106.66638227688345,0.2399929512765725,-144.92891685450007,0.01760542137571491,106.57041888321174,0.2795051076956958,-144.476431330083,0.018172441392760686,49.58267959180693,4.86390973908664e-09,9.671055645150943e-09
3e-07,133.740403853933,0.5306929543793842,-141.93066393440776,0.02131059097419911,134.05773822645688,0.5290682555519691,-141.58278404769777,0.020659187673746315,96.63129061543874,4.8968391053802606e-09,9.542505138588283e-09
3.025e-07,153.9614654260169,0.8115581283298038,-138.85629558389527,0.023853739922756148,154.2970838417104,0.8257286646840115,-138.37871714970615,0.023041391931233272,139.3123873617387,4.930035209908899e-09,9.427044764184702e-09
3.05e-07,166.43309892765492,1.1635222061342299,-134.62722211393566,0.02580842668190193,165.59022602926893,1.1527195153055625,-134.8762167411815,0.025294646356956677,175.69688145545678,4.963617528204543e-09,9.33594970454172e-09
3.075e-07,166.92545403433851,1.5229087064566065,-131.60100361662185,0.028679625650113953,166.9958326613932,1.49073656433814,-131.08974013429093,0.02739793004429716,204.14027662198376,4.9976369410815905e-09,9.282888468060343e-09
3.1e-07,157.6309675511405,1.81063284188887,-127.1193479609498,0.028490791682793847,158.44903918598337,1.8196194884227561,-127.03608016120556,0.029334121884974286,223.35699617394937,5.032065634312608e-09,9.281339513732429e-09
3.125e-07,140.0117901046716,2.1187109790341165,-122.5786195714229,0.02979977533142881,140.7646188661052,2.120135861784141,-122.73420722517619,0.031090131346120084,232.4784881498509,5.066794153625164e-09,9.341496585767266e-09
3.15e-07,115.84687076942852,2.370364996018562,-118.46272299711568,0.03058744051515844,115.5235673346526,2.375631129989445,-118.20509060111573,0.032656653568783944,231.09248188475527,5.1016360384201586e-09,9.467500365131983e-09
3.1750000000000003e-07,84.48685674931698,2.5458154323864233,-112.89803795583337,0.03381706360838828,84.8619178170898,2.5733304538082797,-113.47150068898549,0.034027616810447116,219.26162170549188,5.1363394471887244e-09,9.655777090180235e-09
3.2e-07,50.937684096056174,2.7177679443003675,-108.96611859131727,0.03704817623855996,51.19630809004347,2.7051354329662063,-108.5577940995805,0.03519944114347021,197.52063554974055,5.170604274612122e-09,9.894947157252383e-09
3.225e-07,16.884818728239804,2.7738398059335374,-102.57540325203304,0.03560373187296815,16.93050027374365,2.767840494861038,-103.48968361135275,0.03617025910487132,166.85216648098177,5.204102592455445e-09,1.016730687316094e-08
3.25e-07,-16.039230079574242,2.7395603013522623,-98.60810448860006,0.03722355929865089,-15.810946916768067,2.762785915919101,-98.29399517726932,0.036939256483670184,128.64235945980332,5.236499928495187e-09,1.045145340308949e-08
3.275e-07,-45.77672170324286,2.639473081806035,-92.83172945713731,0.03911903703001664,-45.381630492842056,2.695051077831611,-92.99841428109747,0.03750627329891755,84.61821074835198,5.267474973842162e-09,1.072536303319799e-08
3.3e-07,-71.3341726094793,2.6069527852113206,-87.70249812547834,0.03632011887307116,-70.7174898738888,2.5723577974320113,-87.63122404182985,0.03787176356396937,36.7695116121669,5.296735754950279e-09,1.0969212686169976e-08
3.325e-07,-91.03536840930308,2.3685138668785837,-81.38906715317482,0.0367741231492966,-91.33619706001603,2.4038882885091275,-82.22103754236231,0.03803715255562892,-12.74108571365954,5.324031034784128e-09,1.1167423889263174e-08
3.35e-07,-108.05944953101982,2.163630497154323,-76.2558864265017,0.03680711667436284,-107.24048341477568,2.1992200834216633,-76.7965269132349,0.03800555801348012,-61.675814980510985,5.34915658313889e-09,1.1309706636945412e-08
3.375e-07,-119.26786890750184,1.9286616107505659,-70.67996887865121,0.03616850411159665,-118.75094934734798,1.9675422511712488,-71.38615173380907,0.037782762753520605,-107.82293786460579,5.371956821023019e-09,1.1391168841718295e-08
3.4000000000000003e-07,-126.17982686784812,1.6978864593645917,-65.58610529196284,0.03706701772792266,-126.30577639350757,1.7172510596556696,-66.0178893213465,0.03737824597797309,-149.09670950245163,5.392323045660127e-09,1.1411746858091007e-08
3.425e-07,-130.2726381131086,1.4378955990033497,-60.321476497768714,0.03781024477708805,-130.26960519714044,1.455941393298826,-60.71896946301584,0.03680600630399625,-183.63164940879628,5.410189860854443e-09,1.1375271346595674e-08
3.4500000000000003e-07,-131.44849236546116,1.1756341731257922,-55.73228193951969,0.03517676455750464,-130.79084029084356,1.190728014551623,-55.515616107006316,0.03608485536077139,-209.86685694630953,5.425531505737866e-09,1.1288430804872547e-08
3.475e-07,-128.5965010300834,0.9610041215337796,-50.799632518499756,0.03486633621305018,-127.7363917340988,0.9287633649967073,-50.43279846701654,0.035237854227551275,-226.6165604797468,5.4383594920590695e-09,1.11597838033025e-08
3.5e-07,-120.83652698303905,0.6472308163994344,-45.60561432268001,0.03489028318905809,-120.717268982748,0.6777784664828331,-45.49399390995289,0.034290648743634605,-233.12371155350493,5.448722389933518e-09,1.0998857561026167e-08
3.525e-07,-109.52791415679297,0.406347924652227,-40.20840372304246,0.03431679945891252,-109.20037058502959,0.44646800515090496,-40.72096489048798,0.03326867872525691,-229.09420175778845,5.4567078610723196e-09,1.0815299948660747e-08
3.55e-07,-92.48938438464074,0.24405427474247465,-35.59876360702624,0.0327513479522347,-92.6845775301649,0.24457090144441657,-36.13355206911182,0.03219360090978941,-214.71015575895933,5.4624462751207e-09,1.0618047753765883e-08
3.575e-07,-70.82194659906868,0.06421009290646221,-31.450122863575555,0.030142864711275405,-70.90602181664485,0.08255807837683472,-31.749485603621885,0.031079700621977055,-190.62169967936865,5.4661146112917525e-09,1.0414534099284364e-08
3.6e-07,-43.83276529982102,0.04331231541449463,-28.404171136324845,0.029731177331242618,-44.030609753767706,-0.02908132975316515,-27.584216438940423,0.02993138489482487,-157.91757687716193,5.46793897269683e-09,1.0210053845981341e-08
3.625e-07,-13.2855850200073,-0.07303967894378058,-23.034029155466197,0.029201146782795093,-12.792817006539035,-0.08088007229359252,-23.650769238201462,0.028742807030290047,-118.07593922588352,5.468442321391751e-09,1.0007487248668538e-08
3.65e-07,21.25139906313301,-0.10693839948586775,-20.002267486263342,0.029111100432814313,21.45166753848529,-0.065610997717375,-19.95961840084616,0.027500129871337094,-72.89753801599004,5.468136454262156e-09,9.807591367693179e-09
3.6750000000000003e-07,57.36836194829606,0.03499339346190302,-16.36566418520291,0.026770119106473072,56.77717229060591,0.020512938601368755,-16.518588402777638,0.026186027253316743,-24.42433409737323,5.466799479844269e-09,9.609965960442455e-09
3.7e-07,90.68670046611165,0.2358550576388824,-13.049497815452634,0.024206614993909265,90.84262761494018,0.1768672227957953,-13.33277947134686,0.024785170866068965,25.15279410089671,5.464370817455016e-09,9.414590831231032e-09
3.7250000000000003e-07,121.59910992615471,0.41410065895875575,-9.566474063800342,0.023899928036213835,121.13044356335334,0.3978598440305432,-10.404519376053635,0.023289120958029336,73.59307328627737,5.461778713117236e-09,9.223577610309544e-09
3.75e-07,145.40789551097785,0.6906324143105963,-7.361856096656773,0.023876815164685414,145.23509853027392,0.6729204146674579,-7.733341876477056,0.021699408106962827,118.707113152659,5.4593667569303455e-09,9.042586312893086e-09
3.775e-07,161.65078536025572,0.9789316620131692,-5.40940459222472,0.020118596468380153,161.15715024396795,0.9870819634499338,-5.315992124181328,0.02002840140349571,158.45586183630817,5.457432858556382e-09,8.881331745761264e-09
3.8e-07,167.46603634709578,1.3099889474340285,-3.961967314942418,0.01716804619250784,167.5562607940014,1.3221105097931956,-3.1464590674732165,0.018298324907581185,191.04276641657003,5.456209803899076e-09,8.752799551613037e-09
3.825e-07,163.31004163622086,1.6982234899871032,-1.583840248560449,0.0164203297411353,163.92272531223304,1.6580503740228028,-1.2160346590594884,0.0165391649022429,214.9949730165886,5.455850667118092e-09,8.671168876325862e-09
3.85e-07,150.8239904795736,1.9558429247218772,0.9606291444240775,0.01250276202859919,150.63991977999817,1.974986470277916,0.4866005808206637,0.01478617914674315,229.22989644441648,5.456420853832534e-09,8.648873509312657e-09
3.875e-07,129.31895946299056,2.2810025532654152,1.6183142262709622,0.015506914243758618,128.92780094686233,2.2547901460594586,1.9752663371361976,0.013077470879698367,233.10415057831315,5.4581524734900515e-09,8.694044313335115e-09
3.9e-07,100.58686877165198,2.4483999506366865,2.3010958258062884,0.01359104925007306,100.67701401916187,2.4826184891053855,3.2661465381724177,0.011451835618039832,226.44262795426758,5.461466215655253e-09,8.808229709757433e-09
3.925e-07,68.39918624682362,2.6630987133674133,4.342597177899973,0.009333074365765798,68.20090296452322,2.647977799622152,4.377629818733947,0.009946933790123435,209.54641422459753,5.466086422890326e-09,8.983774316559954e-09
3.9500000000000003e-07,33.81009959305667,2.734375122594949,5.242112994624642,0.009654195708909921,33.9456851457151,2.745232983718819,5.330127788381926,0.008597789599200047,183.17917977212926,5.471697795583365e-09,9.20578053901223e-09
3.975e-07,-0.08740534282835172,2.8609013774997982,5.674571295222438,0.007658388946851385,0.20500593362949004,2.773533570187764,6.1458726928565,0.007435621587794839,148.5326635479966,5.477966714123982e-09,9.454239228243242e-09
4e-07,-30.842744364833383,2.7430512472802913,6.0594914641875794,0.00552597670732363,-31.11696541347925,2.7362184448140634,6.848696251145451,0.006487027799658485,107.17280918500396,5.484562165569909e-09,9.706975469637225e-09
4.025e-07,-58.7109323049485,2.6512767189520656,7.698092743881763,0.0072358807038634025,-58.659375299210836,2.639839480413661,7.463791629288739,0.00577355124151889,60.96898791153915,5.4911740448459305e-09,9.942679281911293e-09
4.05e-07,-80.88062159245261,2.4898026271110325,8.366355110315112,0.005478341460731563,-81.65639284205889,2.492995741657245,8.01746067334768,0.005311631408122359,12.009507229180693,5.497527202286872e-09,1.0143385081954693e-08
4.075e-07,-99.87253860672908,2.3042069280954505,8.760971106575221,0.005404069788924543,-99.88619919915597,2.3051864069753147,8.536848666508497,0.005112909453108013,-37.49277583068159,5.5033904302700095e-09,1.029602271220641e-08
4.1e-07,-113.18851950361093,2.0151133523778824,9.853363755401128,0.005720595768083538,-113.53486993794249,2.0858698189552345,9.049668997747741,0.00518480884456717,-85.30047080531241,5.508580471912924e-09,1.0392969962407913e-08
4.125e-07,-122.38700605859377,1.8380610915474362,9.682398474056837,0.005920792209986156,-123.00742549970585,1.8438626410114105,9.583920230701331,0.00553127210414602,-129.25277875434907,5.512961935454701e-09,1.0431783196235927e-08
4.15e-07,-128.74565007478083,1.5575162976486066,10.273175343296913,0.006548877303227328,-128.72686090071596,1.5871372626584441,10.167598140431547,0.006153507805718019,-167.36315545110483,5.5164445694791975e-09,1.0414407185231003e-08
4.175e-07,-130.99037295116182,1.3459525489772557,10.407775750217386,0.007188080544073225,-130.96288895896882,1.3229915937523848,10.828405341898005,0.007050597122898023,-197.90909865766858,5.518979601219092e-09,1.0346163407658162e-08
4.2e-07,-130.23034628557355,1.0584290020099087,11.450388692294071,0.006945148959552099,-129.72533189919275,1.058488814020943,11.593461166593816,0.0082198282190824,-219.51000130339327,5.520556728333075e-09,1.0234727041230845e-08
4.2250000000000003e-07,-124.34989379467127,0.7850897819490023,12.747459040233629,0.00825096480088448,-124.74385682499522,0.8010096379802946,12.489014452652228,0.009656667842229197,-231.18955178043976,5.521202915930961e-09,1.0089183833592138e-08
4.25e-07,-115.40500400207995,0.5449750145270679,13.35352725331196,0.011088905954700445,-115.53851385982762,0.5587363543764055,13.540161898631283,0.011354337574508854,-232.41986100509095,5.520983477715567e-09,9.919161715029832e-09
4.275e-07,-101.75374180182557,0.38069431461157566,14.550652684096107,0.014991746296748236,-101.5674642586615,0.3409006127306259,14.77057459227725,0.01330303042352868,-223.14532180217645,5.5200051485628365e-09,9.733993319826951e-09
4.3e-07,-82.12730764969896,0.12048342488292066,16.078067743059155,0.01742409885566302,-82.42269292077889,0.1576733614861523,16.202235263082017,0.015488874380023825,-203.7851222227559,5.518420139547477e-09,9.541895498973514e-09
4.325e-07,-57.78132654501278,-0.008444425021185371,18.287658043870177,0.017274732352523556,-58.03425383044223,0.01964700309933824,17.855188721974624,0.017892815633090784,-175.21429919882576,5.516429649220157e-09,9.349235088067432e-09
4.35e-07,-28.968068867506535,-0.07512010873350246,19.944185894520583,0.02076628073438932,-28.840604877146212,-0.06305643588684574,19.74730784368066,0.020489646901319748,-138.72418886672008,5.514285094309499e-09,9.16004610510825e-09
4.375e-07,4.164531916594157,-0.08231626003011146,21.00890492344721,0.021113997385556135,4.112548614424114,-0.08193697431261016,21.89407731810553,0.023247435002110406,-95.96406111450135,5.512823887249888e-09,8.9760155533849e-09
4.4e-07,39.59810139581299,-0.028411367976321177,24.718784723467202,0.025992972822493732,39.17057953958131,-0.03135204980155478,24.308397247625912,0.026127592267174617,-48.86657633891094,5.512007115654485e-09,8.797110787231514e-09
4.425e-07,74.91610809460819,0.05000681213643061,27.070898726497422,0.026440502022856166,74.17425707509334,0.09037238917653867,27.000408498727857,0.029085773305304322,0.4395664033181701,5.511607444001756e-09,8.622860762798314e-09
4.4500000000000003e-07,106.35036183688186,0.2866845376240454,30.253111143258046,0.033976677480599266,106.66006329814329,0.28015831066816943,29.977341530451334,0.03207365181582159,49.72584174514371,5.512164987564886e-09,8.454060315114727e-09
4.475e-07,134.16491863777242,0.5383168000168863,33.805054917343504,0.03543446398189903,134.12909273825613,0.5298814991379116,33.24339022022094,0.03504144813788535,96.7646222807712,5.514311418950663e-09,8.294428905572033e-09
4.5000000000000003e-07,154.2491191601109,0.8193712083574393,36.73046253905552,0.035842303293359364,154.3442187163501,0.8266576578210764,36.79961199162481,0.03794087148041596,139.42986225143156,5.5183763289924664e-09,8.151635466486445e-09
4.525e-07,165.85431538873615,1.1177613334382632,40.42638094593769,0.039354671303933664,165.60916599352026,1.153710277691481,40.643855320428166,0.04072797564440248,175.79318997202026,5.524634165645811e-09,8.037184596354164e-09
4.55e-07,167.03397823297104,1.4844527309069784,45.06187977865757,0.04301063201271542,166.98506634559513,1.491730009751238,44.770715456599184,0.043365378728169805,204.21106583979247,5.533286845794074e-09,7.96495636431105e-09
4.575e-07,158.12522766200888,1.797386773076586,48.66467350379422,0.048453213672408575,158.4097045728309,1.8205566524575352,49.17151895345727,0.045823412359656354,223.39906658156823,5.544452180826048e-09,7.948617754451048e-09
4.6e-07,140.82629723084528,2.1198331468509686,53.51209600906026,0.04687249362660577,140.70033542534964,2.1209630806303807,53.8343373424126,0.048080024429957124,232.4899382606616,5.5581594936015665e-09,7.998525205547282e-09
4.625e-07,115.50125564629235,2.3988237510517068,58.85748732247921,0.050341168561696355,115.4399432426641,2.376304486863018,58.744030035376774,0.05011957140170879,231.07279417982474,5.574352860658154e-09,8.118956135651318e-09
4.65e-07,84.70860880531121,2.591431813118031,64.75077435453477,0.054671534457827256,84.76581337568018,2.5738189308242676,63.88231627904441,0.05193088619666259,219.21168602424862,5.592901402743659e-09,8.306449535824823e-09
4.675e-07,50.492316889560065,2.757291863818905,69.67587458072266,0.053496816272688756,51.09497499028904,2.705422417409735,69.2278757281687,0.053505115649221745,197.44270887125705,5.613615133779949e-09,8.549717439470339e-09
4.7e-07,17.156893186677504,2.8142193454293705,74.738512930876,0.055557538544607765,16.8307340386553,2.7679235531263466,74.75647695093392,0.05483377924743555,166.74977091366424,5.636264210772681e-09,8.831129056497772e-09
4.7250000000000003e-07,-15.39082746190505,2.742307267001102,79.68463882316179,0.05643120949929516,-15.903510090319225,2.7626750199565326,80.44113293084875,0.05590735963113663,128.52012305010854,5.660599109713243e-09,9.12933655525434e-09
4.75e-07,-45.563913434424975,2.637487109440051,86.37007439748395,0.05744122105662036,-45.4629699247006,2.694765700943294,86.25228238840799,0.05671456509053276,84.48165830362758,5.686369328970993e-09,9.42235220649208e-09
4.775e-07,-71.13912559063124,2.5168527767475823,92.361085027819,0.05692180776872414,-70.78535299661254,2.5719234492371004,92.15799551430058,0.05724225765918992,36.62481499194649,5.713338667669444e-09,9.69036712769404e-09
4.800000000000001e-07,-91.46833996609905,2.433283127313351,98.86624767755752,0.057203106992155944,-91.38994673016845,2.403333107733583,98.12420248617164,0.05747593952965114,-12.887386551662873,5.7412958543649965e-09,9.917791617339163e-09
4.825e-07,-107.17898974358978,2.1667668296847653,103.59714001457583,0.055689630228230785,-107.2806923319892,2.1985720454506157,104.11494293489228,0.057400634398215654,-61.81710757158723,5.7700601759878905e-09,1.0094295449875926e-08
4.85e-07,-118.70234891569264,1.913625844673299,109.50873219915735,0.05611338772956589,-118.77883755680384,1.9668273883878136,110.09263433576862,0.057001978396792004,-107.95283610540709,5.799482620503331e-09,1.0214914566807735e-08
4.875e-07,-126.17665655470051,1.733075350830684,115.85153534122978,0.053980502969564796,-126.32261321391624,1.7164928671006496,116.01835712682497,0.056267337461645826,-149.20934228830822,5.829443746506807e-09,1.0279480020359442e-08
4.9e-07,-130.20913492814302,1.4745261856170686,122.15837906678092,0.055696590351248375,-130.27619965318974,1.4551613424354757,121.85215420181588,0.05518678834871168,-183.72192599428718,5.859849908936198e-09,1.029168342752202e-08
4.925e-07,-130.59711596177516,1.205567382791784,128.02580581006634,0.0539546436415293,-130.78722391077525,1.1899468702635436,127.55334229131832,0.0537538360443558,-209.9306970353591,5.890629536000442e-09,1.0258040990602679e-08
4.95e-07,-127.54398678827762,0.9044022778590032,132.9144515061051,0.053518536119296106,-127.72175821244812,0.9280028374146908,133.0808326323522,0.05196578842275785,-226.65107864571138,5.921730867282719e-09,1.0186906760534446e-08
4.975e-07,-120.12696546765122,0.6788535263024333,138.65365249916937,0.049010988770491364,-120.69018396580269,0.6770626599613883,138.393458236525,0.04982376539444503,-233.12734765389146,5.9531219907135704e-09,1.0087572484458908e-08
5e-07,-109.18164317409772,0.40101048517594606,142.9486002919445,0.045327088258363915,-109.15921111258608,0.4458241645060927,143.4503049994758,0.04733237792564803,-229.0667914491403,5.984793273590857e-09,9.969421000129757e-09
5.025000000000001e-07,-92.66947390241944,0.26672323847784524,147.5905779176511,0.04700743183593847,-92.6281143106036,0.24402909359692354,148.21104385110007,0.044499164064380696,-214.65293792480466,6.016761518288034e-09,9.841096092783479e-09
5.05e-07,-70.29458482196327,0.13235728746047778,153.5021928933054,0.04319112730866726,-70.83402704919266,0.08214966058405838,152.63626112702184,0.04133390633254643,-190.5372604355106,6.0490745391502e-09,9.70971194239795e-09
5.075e-07,-43.83313360469461,-0.03253699220647656,155.9535828263015,0.036985356091416836,-43.94436431015406,-0.02932635495402995,156.6877843472942,0.037847971123198806,-157.80973268512932,6.081814481950603e-09,9.580221267643735e-09
5.1e-07,-12.811486849305364,-0.0065478482661759235,161.20224045752457,0.03457927957030588,-12.695405231271693,-0.08093647641743876,160.32900061831674,0.03405380290631538,-117.94956439756281,6.115348579939767e-09,9.455142579668407e-09
5.125e-07,21.288790526834163,-0.030895429299233702,162.59010809269773,0.029622439723726628,21.555351776674346,-0.06546199658386889,163.52516492824276,0.02996467501455548,-72.75834440582648,6.150014286189902e-09,9.334855900858563e-09
5.15e-07,56.925071341808504,0.04734246273736547,166.019455514896,0.024325871991722352,56.88073456978059,0.0208723818108727,166.24369568426866,0.025594749590517597,-24.27861293956044,6.185407269042762e-09,9.218573174934992e-09
5.175e-07,91.10323828253021,0.14219439811974088,168.57527865498514,0.01796105415059555,90.93876729827146,0.17742806578324383,168.45445494149175,0.02095944029232059,25.298456541874852,6.22127727737388e-09,9.105879596251314e-09
5.2e-07,121.3818589563061,0.39968493875253375,169.7718274796107,0.01548518871623015,121.21175206574826,0.3985980864223011,170.13001089665443,0.016076012816538414,73.73209339980663,6.2583495406151515e-09,8.998488090080287e-09
5.225e-07,146.19470289331915,0.6790151399640346,171.14301837334165,0.010550682825915115,145.29494172674237,0.6737979417434596,171.24588036499176,0.01096431050134073,118.83320754619841,6.296758304000526e-09,8.901656905780617e-09
5.250000000000001e-07,161.1076134098444,0.9932815103854756,171.12003191211332,0.004327339540964522,161.1904972621101,0.9880491175104101,171.7807491233342,0.0056474637083919685,158.56333133042583,6.336586046658384e-09,8.824695610370023e-09
5.275e-07,167.3920178215886,1.323563202364779,171.19743866411355,0.0008778876021126806,167.56032718315734,1.323110121245243,171.71666818617825,0.0001524374984096671,191.1267536348707,6.377845616507642e-09,8.780180133724997e-09
5.3e-07,163.10824006169761,1.6844645235816476,171.2960000236837,-0.004064820638863673,163.89732719872808,1.659022750626921,171.03922428202415,-0.005489706833876974,215.0516819280692,6.420467267645872e-09,8.781875099980373e-09
5.325e-07,150.24124149289227,1.9517493014119986,169.63050334180687,-0.013583192038470596,150.58748219249725,1.975874689107059,169.73768301318302,-0.01124391814179816,229.25676393542108,6.464292360112433e-09,8.841796473525324e-09
5.35e-07,128.6873290702663,2.2989913921124954,167.6084533113176,-0.017733282796688357,128.85301993292293,2.255544945312747,167.80510341158765,-0.01707165473105102,233.09996229943428,6.509074630110527e-09,8.967174448452658e-09
5.375e-07,100.96047119228712,2.4750890967254846,164.784085319447,-0.021991991146270855,100.58622862874053,2.483202124155993,165.2384228439301,-0.022931740775014454,226.4075732061722,6.554488940481568e-09,9.158161746854887e-09
5.4e-07,67.7070110461016,2.5799499320666905,161.75437414472182,-0.028549898551788775,68.1012798026892,2.6483663977401655,162.03851146959823,-0.02878149006866543,209.48207740207013,6.600146439067219e-09,9.406934881551664e-09
5.425e-07,34.07636955291664,2.7421669453582593,159.03808707859594,-0.03547289009246024,33.844346897319085,2.7454171750777006,158.21019571222263,-0.034577970105392014,183.08846875303348,6.64561424626173e-09,9.698426955149257e-09
5.45e-07,-0.45705816934768073,2.7612991269932032,155.32154460065647,-0.041610563599445045,0.10824112413080655,2.773517446711136,153.76225046794232,-0.04027926610237237,148.4196782638205,6.690437291482041e-09,1.001246279875832e-08
5.475e-07,-31.05783594303524,2.74908993501303,149.54536622543569,-0.044807112652819295,-31.204291994528315,2.736017155723557,148.70736003846594,-0.04584561844793364,107.04265631328694,6.734159797276492e-09,1.0326707247129778e-08
5.5e-07,-58.80857004348644,2.6202359577279353,143.47896792413545,-0.05118853936057377,-58.73413028385371,2.6394759698861177,143.06204804234696,-0.05124034711730786,60.82755006568975,6.77634417911863e-09,1.0619696270037762e-08
5.525e-07,-81.45668278981043,2.488083249152873,136.95377495655578,-0.05768068785906181,-81.7171704765799,2.4924972367885054,136.84657682128383,-0.056430537846573946,11.863177077733368,6.816585731097553e-09,1.087331537943898e-08
5.55e-07,-100.1874294758642,2.3149536379057007,129.41670844793765,-0.061978190810084405,-99.9330322107849,2.304581257190209,130.08481711743298,-0.06138753875424645,-37.63738449811915,6.854522288670382e-09,1.1074348995659826e-08
5.575000000000001e-07,-113.63060574810653,2.0731226473429305,123.4850952071288,-0.0654720592013617,-113.56873118291192,2.085185174696695,122.80408905038612,-0.06608739089589685,-85.43682200629097,6.889838949455171e-09,1.1215031555814889e-08
5.6e-07,-123.81649031073725,1.897630222811821,115.62726771937231,-0.06912241995278144,-123.02963173206267,1.8431232625214422,115.03497566645643,-0.0705113750402829,-129.37470972509402,6.922268732847463e-09,1.1292777527568958e-08
5.625e-07,-128.60145184917812,1.624166664841358,107.31586357112516,-0.07730009187332729,-128.73850432564174,1.5863655062707247,106.81111056607776,-0.0746468702898849,-167.46515518941467,6.951590629628609e-09,1.1309391589628531e-08
5.65e-07,-130.79306317351345,1.292557888725686,98.06526171956067,-0.0803846441049978,-130.96441323377277,1.322208378728244,98.16894133544811,-0.07848862609452652,-197.9865570076535,6.977626738501832e-09,1.1270058065154581e-08
5.675e-07,-129.82955303522706,1.0771237557783,88.32644403806043,-0.08161176132992985,-129.7163387108417,1.0577151727928322,89.14747071409211,-0.08204020930386863,-219.55941732403102,7.000240073373922e-09,1.1182319490205084e-08
5.7e-07,-124.89473114084883,0.8317006253244253,79.37811142070206,-0.08352428347352187,-124.72318277601157,0.80026833362551,79.7879776190167,-0.0853145078987395,-231.2086919801329,7.019334185546777e-09,1.1055135150033244e-08
5.725e-07,-115.28642167486606,0.5524486968251735,70.61353091164675,-0.08855456798388094,-115.50456366225929,0.5580530331734791,70.13372031692613,-0.08833022186558205,-232.40786029040072,7.034855071435778e-09,1.0898014226044563e-08
5.75e-07,-102.13149797082838,0.38177402953201794,60.12427845169204,-0.09100936299483443,-101.51873501783305,0.34030404978518564,60.229624187050746,-0.09109766888100733,-223.10272257807816,7.046795064732884e-09,1.0720179697024751e-08
5.775e-07,-82.13401083987318,0.1367924557253939,49.73127662376331,-0.09281606008311377,-82.35838498602878,0.15719453722299587,50.121956647265776,-0.0935828272934006,-203.71384987716738,7.055197695969213e-09,1.0529749247597086e-08
5.800000000000001e-07,-58.50406770051105,-0.018393767196506112,40.42661421494601,-0.09840369042368483,-57.95484355729894,0.019316984962134704,39.85799192411266,-0.0956403897948729,-175.117575079458,7.0601619860147014e-09,1.0333002726566596e-08
5.825e-07,-29.146544504365004,-0.059177124028625475,29.83489619332532,-0.09580422007459893,-28.748257493652723,-0.06320958243475529,29.48566843225234,-0.09693389058315967,-138.6063846834994,7.061844430495461e-09,1.0133901566799268e-08
5.85e-07,4.55318581117976,-0.06503008861433437,18.773944422519833,-0.09653223784143923,4.213822345391332,-0.08189180471212913,19.053241589948776,-0.09692970636045194,-95.83050134823534,7.060996805184051e-09,9.934077363569159e-09
5.875e-07,39.046840133172,-0.08324706593386794,8.449043143731748,-0.09559948567129498,39.275075438749724,-0.031097305544631353,8.608934933957402,-0.09511722892874848,-48.72329758687937,7.0574989102425765e-09,9.733462255075816e-09
5.9e-07,74.46998367223705,0.06958792315911698,-0.421180294806498,-0.09038852913579506,74.27503678267975,0.09083489432605497,-1.7994075907062488,-0.09150463054349169,0.5860882678154206,7.051054333085754e-09,9.531572791048677e-09
5.925e-07,106.59479508102984,0.29521766862210796,-12.11302881199697,-0.08581520696171395,106.74966386733544,0.2808120387791465,-12.124665303265346,-0.08694433354937008,49.86898426750405,7.043090202494694e-09,9.33100366627309e-09
5.95e-07,134.83925021334235,0.5006976284029788,-22.96761010397427,-0.08224176673724184,134.20038373088582,0.5306951551307206,-22.320777596333425,-0.0826140884765274,96.89791574496249,7.0386501472009634e-09,9.143944096389614e-09
5.975e-07,153.99507205391313,0.8198239794012793,-31.78773893182353,-0.08042647476013486,154.39127515096965,0.8275869163956677,-32.343071117662916,-0.07912285714948544,139.5472820964216,7.037951706928048e-09,8.97777572357797e-09
6e-07,165.56309150543245,1.2071767166358174,-42.385841312017924,-0.07626473389236245,165.62801925969745,1.1547011362602992,-42.14857464567623,-0.07635068870917085,175.8894290882158,7.041145391303666e-09,8.843697160144475e-09
6.025000000000001e-07,166.84181862157538,1.4846233068807317,-51.7383261821577,-0.07416485835459395,166.97421278829424,1.4927233746059738,-51.69631908824563,-0.07390851788036178,204.28177443830768,7.0482986065193005e-09,8.755262710554708e-09
6.05e-07,158.13697530132947,1.7457235147498176,-61.099288754274994,-0.0731508481696781,158.37028991397844,1.8214935674041823,-60.94762016446513,-0.07148539247784674,223.44104879477334,7.059385489509102e-09,8.72579413645362e-09
6.075e-07,141.4529118658807,2.10435385970379,-69.53361199249704,-0.07224343047718802,140.63598587018785,2.1217899045803628,-69.86634148032368,-0.0689181382749652,232.5012965881268,7.074284012550152e-09,8.765285876596906e-09
6.1e-07,115.7162507850703,2.391420892028816,-77.62797356132936,-0.06683293245303064,115.35627183762503,2.376977337187896,-78.4191358798916,-0.06614618298623186,231.05301525101464,7.0927807763146764e-09,8.877641841909639e-09
6.125000000000001e-07,85.14664456443232,2.603282961768951,-87.1299771960292,-0.0626180796978396,84.66968287070674,2.574306830770293,-86.57566314240256,-0.0631610392083592,219.16166380170247,7.114582898124608e-09,9.059023251150327e-09
6.15e-07,51.54731815529153,2.6692355924464732,-94.34085513638003,-0.06068081859712655,50.99363693666401,2.705708797249869,-94.30878230075265,-0.0599762540035939,197.36470424551854,7.139335489258997e-09,9.29776806053892e-09
6.175e-07,16.37209408226344,2.7349487378486215,-101.01201313773919,-0.05872448262697961,16.73098147353405,2.7680060191346056,-101.59471707667524,-0.05661357309558851,166.64730951617673,7.166642548159356e-09,9.575882348255058e-09
6.2e-07,-15.42220980115458,2.76838403021491,-108.77707316613301,-0.05175178304167141,-15.99604520525497,2.7625635768086303,-108.41319316023251,-0.05309772317896476,128.39783590270451,7.1960887798435025e-09,9.871671533718904e-09
6.225e-07,-45.54792634021512,2.739534239133648,-115.99122184923772,-0.04871139131987903,-45.54427205581082,2.6944798449684533,-114.74754630428158,-0.04945490104536362,84.3450725068855,7.2272599293799136e-09,1.0162820701395727e-08
6.25e-07,-70.48166641220065,2.540694862956241,-120.51089468095898,-0.04779852029748936,-70.85317470844528,2.5714887026471716,-120.58480045607692,-0.04571250305866258,36.4801039128275,7.25975966431555e-09,1.0429214530412888e-08
6.275e-07,-92.13170521434998,2.442040084062745,-125.75529276833795,-0.042623426604991924,-91.4436551488051,2.4027776124633182,-125.91571540594998,-0.0418990300457217,-13.033682301928438,7.293221769607772e-09,1.0654977574584637e-08
6.3e-07,-107.45493764149856,2.1909201824061117,-130.60134112524673,-0.03565327550857796,-107.32086294253952,2.1979237732100425,-130.73480369484085,-0.03804379681046534,-61.958375758248394,7.327317293763911e-09,1.0829514159578528e-08
6.325e-07,-119.31809615664763,1.9165400415179943,-135.06614903048177,-0.03494406747806662,-118.8066914153527,1.9661123643649676,-135.04031678600793,-0.034176398161101844,-108.08269172813688,7.3617571485521175e-09,1.0947615044557534e-08
6.350000000000001e-07,-126.23659464402564,1.7053991074256893,-139.65987152540742,-0.028880367856560018,-126.33941895860065,1.7157345791252705,-138.83420076925597,-0.03032602399831993,-149.32191616868081,7.396291364268939e-09,1.100888705002782e-08
6.375e-07,-130.350382818276,1.4911070223769451,-141.00328953930594,-0.029365638523904107,-130.2827643665766,1.4543812576614246,-142.12202212616484,-0.026520764426091657,-183.81213004927278,7.43070661821406e-09,1.101681987866871e-08
6.4e-07,-130.00311472116618,1.2102266590588227,-144.81853288384005,-0.020015409287346065,-130.7835766034309,1.1891657539027032,-144.91286433981966,-0.022787042438037506,-209.99445424709268,7.464823719642121e-09,1.0977751897225088e-08
6.425e-07,-128.2343232866717,0.9545428020775973,-147.355370854871,-0.018819152150061653,-127.70709028979078,0.9272424047642549,-147.21919638022885,-0.01914927654915558,-226.68550733341934,7.498496449219245e-09,1.0899885182320407e-08
6.45e-07,-120.67805629530561,0.6722073753108506,-149.16953978826513,-0.015469500866367397,-120.6630597760613,0.6763470239978018,-149.05671433477326,-0.015629822054184478,-233.13089171929317,7.531612579017632e-09,1.0792386870175579e-08
6.475e-07,-108.64699320732436,0.43385944907502816,-149.99054017239223,-0.011208404991461028,-109.11800795717632,0.44518057942498396,-150.4441576796399,-0.012249179088174415,-229.03929070855017,7.564097157319706e-09,1.0664543646663038e-08
6.5e-07,-92.97337735326013,0.22825504264102464,-151.57384696622202,-0.0085775278222605,-92.57160497709602,0.24348763297764708,-151.4031019012563,-0.009026399514340328,-214.59563534907048,7.595917379257663e-09,1.052493237523536e-08
6.525e-07,-70.81178593073295,0.054446821835516135,-151.07487431273768,-0.004975332720655944,-70.7619875208567,0.08174168206560195,-151.95772937441455,-0.0059795827630495235,-190.45274597056013,7.627087731955255e-09,1.0380630235048832e-08
6.55e-07,-44.20520287472586,-0.05876506576852071,-152.45855686946805,-0.0037976143196199116,-43.858080472754594,-0.029570857620839518,-152.13458058437192,-0.0031263303752919777,-157.70182619231343,7.657673729869204e-09,1.0236583761725535e-08
6.575000000000001e-07,-12.392549604375699,-0.12157159390261135,-151.80431403111183,-0.0018095616771135524,-12.597966912093243,-0.08099229428336205,-151.96228794215415,-0.00048403365257940575,-117.82314300461846,7.688045018764131e-09,1.0095337362091797e-08
6.6e-07,21.46130233592976,-0.05246103746207208,-151.08804977125828,0.0013318522679683863,21.659045675037525,-0.06531237560078565,-151.4712945842065,0.001930102437298018,-72.61912207181926,7.718552734696929e-09,9.957330530551748e-09
6.625e-07,56.76558753145892,0.006866163194172256,-150.6816943016036,0.0036539018528200405,56.984285953314455,0.02123243974436572,-150.6935606681979,0.004099348293158377,-24.13288219693659,7.748826797073307e-09,9.821869518137432e-09
6.65e-07,91.19019339571449,0.1712646989074528,-149.89994871683658,0.004856953533873114,91.03487396415724,0.17798947472940743,-149.66225977518388,0.006008042843550644,25.444108995423004,7.778671183871483e-09,9.688668959234594e-09
6.675e-07,120.85137020844927,0.41948818129360393,-148.05313822606698,0.006411727130314713,121.29300640770511,0.399336802251745,-148.41146810364518,0.007642424106807189,73.87108440507153,7.808877490582457e-09,9.559604981133172e-09
6.7e-07,145.29022688090262,0.7275041095339131,-146.2036050353779,0.007959520160543519,145.3547131909509,0.6746758110906944,-146.9758491925006,0.008991583008446486,118.95925502627088,7.839663561251655e-09,9.44012940603097e-09
6.725e-07,161.13549359391533,1.0018231782832778,-144.59119552667883,0.009260655223271437,161.22376077750434,0.9890164539700105,-145.39033693767226,0.010048398030840068,158.67073822625022,7.871210792914714e-09,9.339770593367387e-09
6.75e-07,167.34936918139243,1.3140153419650236,-143.8643151663647,0.010566389457731199,167.5643056109242,1.324109740121762,-143.68981966991757,0.010810304329016918,191.210665399354,7.903645503501656e-09,9.271342477601933e-09
6.775e-07,164.11740197605565,1.7230282831150205,-142.00890132091723,0.010138440580336435,163.87184452470942,1.6599949600898487,-141.9088280404919,0.011279772264078758,215.10830594055093,7.93702507533218e-09,9.248861329614842e-09
6.800000000000001e-07,150.9091943272954,1.9615145286234978,-139.91892218166856,0.01277176832270586,150.53497080307932,1.9767625819983543,-140.08122941597043,0.011464413319861849,229.28354091948628,7.971330639850945e-09,9.284604493079937e-09
6.825e-07,128.79997847183634,2.296316511590668,-138.25688592233928,0.00961538693343884,128.7781817670263,2.2562992887794544,-138.2399314147068,0.011376688666515164,233.09568199638184,8.006467217893894e-09,9.386071699856708e-09
6.85e-07,100.4409303828937,2.486669442641785,-138.1778729190516,0.010853024974407344,100.49540643822672,2.48378521184871,-136.4165971255685,0.011033257271984414,226.37242907595294,8.042271232303602e-09,9.553693977107891e-09
6.875e-07,67.42197638099772,2.629399070136721,-135.839102275855,0.011585024947686203,68.00164133777301,2.6487543996461578,-134.64137443564414,0.010454055726916402,209.4176578793362,8.078524328772372e-09,9.779936769283719e-09
6.900000000000001e-07,33.29524814650296,2.813689504697302,-132.58826868534456,0.008864126813877247,33.743013472102156,2.7456007633832273,-132.94264175859539,0.00966124126285566,182.99768545350872,8.114971636019794e-09,1.0050034492328927e-08
6.925e-07,0.5587695928522245,2.743098906715434,-132.12153864111227,0.008766573454503733,0.011497808032384427,2.7735007500566136,-131.34677230047117,0.008678146062739126,148.3066343859021,8.151342096603933e-09,1.0344126054563699e-08
6.95e-07,-31.202538680890214,2.7086814254837157,-129.8262931782761,0.009580443227878299,-31.291585218279995,2.7358153514011647,-129.8779188265245,0.007528382166489674,106.9124611828259,8.18736838044578e-09,1.0640201396141875e-08
6.975e-07,-58.333835480544266,2.726368323315512,-128.661694049316,0.005800004195989946,-58.808845301217026,2.639112019841664,-128.55782070243157,0.006235203842006126,60.68608820608691,8.222804164070676e-09,1.0917128742527576e-08
7e-07,-81.8414977615507,2.5087096236425723,-126.35232688388058,0.003222448035993289,-81.77790632823,2.491998375768775,-127.40563477804326,0.004821184175087382,11.716842242891607,8.25743716195272e-09,1.115712759282768e-08
7.025e-07,-99.63574330129268,2.291862735542316,-126.68240854651535,0.003915222019182904,-99.97982520803814,2.3039758339906737,-126.43779146323337,0.0033082038870547907,-37.781978306915,8.291097117994792e-09,1.1347312049077328e-08
7.05e-07,-112.94016784888363,2.1006316101909115,-125.20654504163367,-0.0011151832146385978,-113.60255609070258,2.084500333869206,-125.66787711551913,0.0017176935564202737,-85.57313947816371,8.323658855087068e-09,1.1480236156708942e-08
7.075e-07,-122.69547415702402,1.8780653137999912,-125.94318321339989,0.0001248195847538627,-123.05180543358978,1.8423837566835055,-125.10654361998434,7.102564295571369e-05,-129.49658962075245,8.355041280009441e-09,1.155361900699385e-08
7.1e-07,-128.4035597515565,1.5811011927904557,-124.73165521419615,-0.0012719412254232482,-128.75011764033007,1.5855936856938593,-124.7614457957635,-0.0016100720778302181,-167.56708881513106,8.385203810362881e-09,1.1569551056502568e-08
7.125000000000001e-07,-130.98017506085898,1.3658083026219943,-125.06322213159078,-0.0023925563021265964,-130.96590749142,1.321425160560416,-124.63720701216208,-0.003303210554751965,-198.0639371956821,8.414141934695666e-09,1.1533480612717779e-08
7.15e-07,-130.01723384674153,1.0577520553867594,-124.74183710214677,-0.003769827227917133,-129.70731309364336,1.0569415922938452,-124.73541314362849,-0.0049852461363287595,-219.60874666608854,8.441883502459768e-09,1.1453190055020757e-08
7.175e-07,-124.5795457531143,0.7846837071962105,-126.11166804255045,-0.006071207989366346,-124.70247200790284,0.7995271610328939,-125.05463473852483,-0.0066324615519106145,-231.22774090229564,8.468486899437408e-09,1.1337852305952502e-08
7.2e-07,-115.2447396998745,0.5475063924821693,-124.74294498325717,-0.0091667451400206,-115.47057188557712,0.5573699241646813,-125.59047702423129,-0.008221027631013015,-232.3957678247681,8.494041589621211e-09,1.1197162005786695e-08
7.225e-07,-101.70460794446966,0.326840956608482,-126.66888085634201,-0.007736128739112235,-101.46996050130718,0.3397077879341044,-126.33565712280588,-0.009727695350809872,-223.06003527655827,8.518670732053835e-09,1.1040497541428272e-08
7.25e-07,-82.17820989442667,0.1601975762769954,-126.78055986953261,-0.012750109619966131,-82.29403105089675,0.15671610688130078,-127.28010760941541,-0.01113061979690144,-203.64249710857638,8.542534864740667e-09,1.0876100380818679e-08
7.275e-07,-57.149221933051095,0.029591804469084475,-129.42962940523995,-0.01018959608781581,-57.87539103972314,0.018987449647147867,-128.41110531220417,-0.01241018731643788,-175.020781826446,8.56583513118844e-09,1.0710341559660755e-08
7.3e-07,-28.248450666462787,-0.12103757960433076,-129.8893460055134,-0.01302323463439401,-28.655876979257247,-0.06336217134239631,-129.71342402923156,-0.013549710217730009,-138.4885257806745,8.588814315574711e-09,1.054724099135297e-08
7.325e-07,4.011034560704298,-0.0560365756111281,-130.71349320476466,-0.01275777538679155,4.315114717712678,-0.08184602763909586,-131.16950962758347,-0.014535871300668286,-95.69690374960506,8.612295128515837e-09,1.0388456837902018e-08
7.350000000000001e-07,39.3860507384072,0.03408593298615538,-132.2903743855419,-0.01531531688529829,39.37957103154315,-0.03084193878122474,-132.7596757935736,-0.015358840279835253,-48.579999599658294,8.636206660164203e-09,1.0233917287468587e-08
7.375e-07,74.46543918208368,0.08708297474467507,-133.92866808004825,-0.013888623419224795,74.3757945435995,0.09129799529043979,-134.4623185228582,-0.016012038823744943,0.7326099009359618,8.660286805538813e-09,1.0083105801516757e-08
7.4e-07,106.71907717729385,0.2806738575156317,-136.04497387505168,-0.01598833759745331,106.83922052809618,0.28146629167571724,-136.25414727685458,-0.01649159080167251,50.012107102379176,8.685040658594208e-09,9.936767441678129e-09
7.425e-07,135.2413093005131,0.5613922300711602,-138.25571935789762,-0.01431113829718458,134.27161115223333,0.5315092230450457,-138.11043058850203,-0.016795548740040758,97.03117095539122,8.711044508231432e-09,9.798566552318628e-09
7.450000000000001e-07,153.6349927887734,0.8675680094519268,-139.61462716951385,-0.014721194271856879,154.43825311065945,0.8285164398251398,-140.0052537774099,-0.016923026695889725,139.664646850356,8.738569288219732e-09,9.676107258785451e-09
7.475e-07,165.54567732579596,1.1141099089203341,-142.66915607234338,-0.01731699621119344,165.6467858145799,1.1556920903787453,-141.91178633282655,-0.01687338667536071,175.98559876605137,8.76782369062993e-09,9.580813188276713e-09
7.5e-07,166.94829013353805,1.5384350687891182,-144.82267884329698,-0.01662606690791073,166.96327199958583,1.4937166582710166,-143.80255644355876,-0.01664561721615758,204.35240238961268,8.798937415483036e-09,9.526460920696132e-09
7.525e-07,158.15409357874032,1.7315123092478832,-146.08677851955602,-0.016841976292097986,158.3307952413457,1.822430232685335,-145.6497300976056,-0.016238010173666145,223.48294279699098,8.831950327356638e-09,9.526587794323107e-09
7.55e-07,140.2986360703365,2.157385169455326,-146.78214702423693,-0.015838962959385226,140.57157025001158,2.122616333155464,-147.42539214134462,-0.015648190729335817,232.51256312776195,8.866808885057323e-09,9.591395468756551e-09
7.575000000000001e-07,115.28454993178168,2.3977871667470403,-148.60605781475923,-0.0141638614355087,115.27255317988921,2.3776496806165053,-149.1018266788638,-0.014873495076931737,231.0331451061331,8.903370265070632e-09,9.724987629788225e-09
7.6e-07,85.02758284002799,2.560320061458256,-151.25881042003874,-0.01520398189896141,84.57352636590022,2.5747941534461396,-150.65179420651853,-0.013911630727258598,219.11155505760289,8.941413588130853e-09,9.923720716829412e-09
7.625e-07,50.307257734259046,2.595208995071791,-151.06760997767228,-0.012803060467491214,50.89229398880177,2.7059945724333527,-152.04880291585147,-0.012761506303165145,197.2866217033222,8.980656745692991e-09,1.0176127007906935e-08
7.65e-07,17.123886900637633,2.8146843074727554,-153.56828403026216,-0.01341567516514609,16.631242627727293,2.768087892963905,-153.26737165925874,-0.01142408943367535,166.54478232897296,9.020776656763053e-09,1.0464409030557076e-08
7.675000000000001e-07,-16.15159233865538,2.7843039542554364,-154.2352541667491,-0.008626907580167183,-16.08855222652349,2.7624515866579054,-154.28328215663376,-0.009903147738158612,128.2754980658669,9.061430469870933e-09,1.0767072111739815e-08
7.7e-07,-44.91091634601717,2.6604094220960994,-154.32257329438045,-0.009035068590517347,-45.6255368667355,2.694193510161118,-155.07381812689994,-0.00820574938354875,84.20845341204145,9.102275303364138e-09,1.1062003927655922e-08
7.725e-07,-72.10693759204064,2.5780644071938017,-154.55708292808347,-0.005635527572052476,-70.92095500418074,2.5710535579547455,-155.61798915484525,-0.006342442317982744,36.3353784319445,9.142984564886967e-09,1.1329291851684722e-08
7.75e-07,-90.60391632925001,2.3723036626259923,-155.22262493502694,-0.0035177871162270337,-91.49732232135283,2.402221803001413,-155.89673724986037,-0.0043270873241118574,-13.17997290670099,9.183259619841087e-09,1.1553259631403716e-08
7.775e-07,-107.66481671908511,2.1929160114995865,-154.95352618940157,-0.0006134346544958936,-107.36099525749738,2.1972752669946733,-155.8931242176894,-0.002176379442229598,-62.099619484725636,9.222836453575522e-09,1.1723503585714151e-08
7.8e-07,-118.9312033997625,1.951345135999779,-156.30478772562336,0.0006202580540127969,-118.83451093441295,1.9653971793808491,-155.592498147637,9.085550902047652e-05,-108.21250468153168,9.26148783501607e-09,1.1834996206687496e-08
7.825e-07,-126.74492933042202,1.6986023049679866,-154.50588629715088,0.0008751099360486225,-126.3561936348187,1.7149761959930037,-154.98263751417457,0.002454466884958096,-149.43443109912315,9.299022187932952e-09,1.1887513735785477e-08
7.85e-07,-130.12091679715124,1.457806708787113,-153.67466867825533,0.0017401552322281566,-130.28929933759784,1.4536011392346944,-154.05387160176588,0.004893752232177354,-183.90226153814046,9.335280790278122e-09,1.1884701930458638e-08
7.875e-07,-130.29411819567875,1.1556237446924604,-152.40628472746877,0.008678499858782494,-130.7798983616176,1.1883846657340238,-152.79917618307076,0.007388073843789937,-210.05812855634284,9.370134986097028e-09,1.1833041519087531e-08
7.900000000000001e-07,-127.75742149171298,0.908296133317907,-152.17443679649017,0.010401242259948673,-127.6923879533067,0.9264820673278602,-151.21424361148289,0.009917229718457373,-226.719846529279,9.403484807819772e-09,1.1740863289234534e-08
7.925e-07,-121.33622127902785,0.694084200217574,-149.0915873938512,0.010605454810314332,-120.63589639896921,0.6756315588964454,-149.2975267271122,0.012461540292020224,-233.13434374831098,9.435259833556902e-09,1.161744956050351e-08
7.95e-07,-109.49628059736197,0.43767511447295265,-147.21839152410453,0.014164693278042205,-109.0767611076695,0.4445372502288038,-147.05025621867247,0.015001669623950366,-229.01169954687532,9.46542236148223e-09,1.1472188762203996e-08
7.975e-07,-92.33528349758687,0.20872276363732403,-144.45244091371578,0.01739142114787526,-92.5150495273139,0.242946519908862,-144.47643133008305,0.017518253323957768,-214.53824805437804,9.493972219820981e-09,1.1313746201889454e-08
8e-07,-70.94385145658315,0.06168581682033057,-140.84048210748202,0.018255774720240033,-70.68990324260565,0.08133414311955117,-141.58278404769766,0.019991445551353345,-190.36815631788176,9.52095189872074e-09,1.1149274644602337e-08
8.025e-07,-43.999763871262516,-0.05374318176976962,-137.47985254769068,0.022457039157216818,-43.771758268448636,-0.02981483751122493,-138.37871714970618,0.0224005165185518,-157.59385744131168,9.546450317763668e-09,1.0983784380784184e-08
8.05e-07,-12.040808603775524,-0.09264155645452413,-134.63128390352458,0.023506131172779922,-12.50050209186525,-0.08104752573755422,-134.8762167411815,0.024723626481959127,-117.69667509696608,9.570858089493967e-09,1.0819873507968939e-08
8.075e-07,21.617938293342426,-0.03185424197851964,-130.3963418747529,0.02661202374678196,21.762749177458076,-0.06516213473142361,-131.08974013429093,0.026937873068857653,-72.47987106893429,9.594537134047067e-09,1.0658027518420673e-08
8.1e-07,57.20777853969596,-0.07053314706631371,-127.16416433651743,0.0294768362041659,57.087826377075565,0.021593112302643745,-127.03608016120566,0.029019661157213283,-23.987141927033033,9.617127472482224e-09,1.0497593457310845e-08
8.125000000000001e-07,90.63555356616077,0.14339605655727491,-123.13338941053637,0.03102587840246256,91.13094754748711,0.1785514493942196,-122.73420722517596,0.03094538701090625,25.589751404043174,9.638442331042547e-09,1.0338323419932e-08
8.15e-07,121.98969304217154,0.40998870467096904,-117.69628358136244,0.031768296909774264,121.37420653091657,0.40007599114890635,-118.20509060111554,0.03269237149303552,74.01004624720692,9.659274443363675e-09,1.0182128190852153e-08
8.175e-07,145.51081685751046,0.6877310289294273,-113.70406184848699,0.03580555783194239,145.41441287869526,0.675554022235757,-113.47150068898543,0.03423993148194432,119.085255543112,9.679840577960926e-09,1.0034490264945445e-08
8.2e-07,161.75693741735338,1.0178549075996899,-109.02187130190191,0.0363540412176671,161.25694076572344,0.989983972291121,-108.55779409958058,0.03557045277075918,158.77808248138,9.700317883981956e-09,9.90496203897604e-09
8.225000000000001e-07,167.92081902058283,1.3195102571781692,-103.82424541495156,0.03821591075715063,167.56819607576523,1.3251093658678275,-103.48968361135238,0.03667032690877098,191.29450167689762,9.720825618575327e-09,9.806371610451094e-09
8.25e-07,163.47796271474402,1.637650039836561,-98.45377655556646,0.03520498395922579,163.84627731159367,1.6609670018878908,-98.2939951772693,0.03753063921991499,215.16484503168076,9.741411678104577e-09,9.752736979914783e-09
8.275e-07,150.65454834895692,1.960676202038918,-93.57776716667783,0.03792425807308954,150.48238565312667,1.9776501485030862,-92.99841428109752,0.03814754120026377,229.3102273860404,9.762045692287998e-09,9.756324101931583e-09
8.3e-07,129.10856123196228,2.324668876869866,-87.00953965292838,0.03756944801197172,128.70328650497174,2.2570531761193386,-87.63122404182988,0.03852229857764713,233.0913096708457,9.78261958823487e-09,9.824610032030018e-09
8.325e-07,100.35113390302577,2.480201421228193,-83.00692187167249,0.03877194779321253,100.40454751063791,2.484367751970992,-82.22103754236241,0.03866106377828549,226.33719557748412,9.802955533624274e-09,9.957995995856676e-09
8.35e-07,67.5266978991023,2.679240561215507,-76.76053803307492,0.03877390206522172,67.90198763232604,2.6491418052586915,-76.7965269132346,0.03857446363191769,209.35315568182668,9.822820187615821e-09,1.0148916036965157e-08
8.375e-07,33.69556062272857,2.761069992026314,-71.53409777004259,0.03847074527365519,33.641684925193,2.745783748673566,-71.38615173380884,0.038277105450140014,182.90682990939692,9.841943384074301e-09,1.038257707229623e-08
8.4e-07,-0.24324027937016054,2.8362431663191727,-65.69033586548635,0.03658793194339381,-0.08522397214300881,2.7734834803587067,-66.01788932134633,0.03778707651823317,148.193531958877,9.86003887300129e-09,1.0639098588104417e-08
8.425e-07,-31.555272406178315,2.727122177524646,-60.61206900292067,0.0349436702245804,-31.378845057519595,2.735613032047368,-60.71896946301575,0.03712544177422042,106.78222384501981,9.876824628137197e-09,1.0896461251284535e-08
8.450000000000001e-07,-59.27968106365587,2.613666452425862,-55.20268366587522,0.035804035133964546,-58.883520339327816,2.638747630514818,-55.515616107006096,0.03631564578636325,60.54460238857591,9.89204050087888e-09,1.1133534075230804e-08
8.475e-07,-82.28535934101231,2.4286052312928885,-50.153240945039904,0.03598289041804145,-81.83860039769777,2.4914991588384487,-50.43279846701642,0.03538263388727456,11.570502782424434,9.905461605075352e-09,1.1332545730133457e-08
8.5e-07,-99.73772699758405,2.3291423934104665,-45.49949144193732,0.033648994636797415,-100.02657819984026,2.3033701376028417,-45.49399390995279,0.03435148167706913,-37.926557199980905,9.916906639581205e-09,1.1480625493989315e-08
8.525e-07,-113.90438824495773,2.0504479855174105,-40.65592202409993,0.03495536638539273,-113.63634467319652,2.0838152966748487,-40.720964890487956,0.03324542682432465,-85.70942316711465,9.926241245593206e-09,1.157034636886653e-08
8.55e-07,-122.98851438487365,1.8207731858304625,-36.11961695972074,0.030681433812841344,-123.07394661409457,1.8416441236766217,-36.1335520691118,0.03208346337798986,-129.61841839320954,9.9333772949325e-09,1.1599448668835331e-08
8.575e-07,-128.9567637006005,1.648532100712941,-31.15837837590628,0.029996847884974476,-128.76170084876523,1.584821801093584,-31.749485603621693,0.030878029053264953,-167.66895628801683,9.938269574341843e-09,1.1570045697669817e-08
8.6e-07,-130.9486985754655,1.3307971061127912,-28.07749962376218,0.027189644606944396,-130.9673717283649,1.320641939416412,-27.584216438940267,0.029633614066310005,-198.14123919120323,9.940911574665366e-09,1.1487610299888989e-08
8.625e-07,-130.0344150633092,1.0457699510145952,-23.09915133817225,0.028985457993345138,-129.69825503720983,1.0561680727088107,-23.650769238201377,0.02834710657036895,-219.65798931008968,9.941331978585288e-09,1.1359951515447924e-08
8.65e-07,-124.57448696410955,0.7883553962589155,-19.892231449070874,0.02627652783373651,-124.68172450639108,0.7987861204159135,-19.959618400846054,0.027010219855819213,-231.24669853940864,9.939592999141684e-09,1.1196271511694718e-08
8.675000000000001e-07,-115.66731914513353,0.5671133818932547,-17.4380205842105,0.026413091955154518,-115.43653851625847,0.5566870275951922,-16.51858840277759,0.02561354197627926,-232.3835836129667,9.935791046514584e-09,1.100629703520549e-08
8.7e-07,-101.94810182856946,0.32991161005079783,-13.914486836948726,0.024246020546728274,-101.42114070172505,0.3391118274465315,-13.332779471346555,0.024151011374401284,-223.01725991446907,9.930059428431087e-09,1.0799441523926163e-08
8.725e-07,-82.0728538046274,0.19450071228880544,-10.264810027202651,0.02233813226883886,-82.22963111925998,0.1562380707351709,-10.404519376053535,0.022623399461731954,-203.57106394515256,9.922572073988179e-09,1.0583984513635089e-08
8.75e-07,-57.03073290445165,0.002139395607877681,-8.287106348964649,0.01966723383313873,-57.79589629648437,0.01865839740478525,-7.733341876476942,0.021039827854631935,-174.92391947800118,9.913546755325313e-09,1.0366338476810238e-08
8.775000000000001e-07,-29.074579248292586,-0.08652518597982256,-4.779121076967598,0.019372976157580865,-28.5634633690179,-0.0635142024174742,-5.315992124181292,0.01941719156635256,-138.37061220477287,9.903246073475096e-09,1.0150569013609642e-08
8.8e-07,4.689672738692651,-0.08223021529612456,-2.8708111403404994,0.01846776550817913,4.416425681375678,-0.08179964299445516,-3.1464590674731596,0.01777811228709357,-95.56326837134971,9.892516950314082e-09,9.93838566572193e-09
8.825e-07,39.51926911694827,-0.05104091758712498,-0.917525263035282,0.014486247306295934,39.48406625703456,-0.030585949535614096,-1.2160346590594244,0.01614836580530116,-48.43668243382273,9.881311359961657e-09,9.729775395756709e-09
8.85e-07,74.49578954010728,0.07612730377709577,0.5992088843232197,0.015307243500212456,74.47653029227195,0.0917616919024093,0.48660058082087687,0.014554599016352976,0.8791312448320594,9.869395779989365e-09,9.524289170683938e-09
8.875e-07,107.35313421202116,0.29128418692271385,1.9536745678859802,0.012438928075262127,106.92873321775177,0.2821210690427118,1.975266337136432,0.013022786759785748,50.15521019326646,9.857565331729204e-09,9.323232019201042e-09
8.900000000000001e-07,134.953947642463,0.571710131562817,3.9147689679489526,0.013018802998379446,134.342774950228,0.5323237024310937,3.2661465381727446,0.011577508391194277,97.16438785945333,9.846952109221994e-09,9.131337667633327e-09
8.925e-07,154.05154717666886,0.814964149568126,4.63968013960227,0.010098684237064812,154.48515256056754,0.8294462275552712,4.3776298187343485,0.01024187492088531,139.78195646689838,9.837758301795709e-09,8.956070706164053e-09
8.95e-07,165.27342671142847,1.1648053725071918,5.2527547374043495,0.00793563062378422,165.66546564501456,1.156683139432008,5.330127788382171,0.009037829053848805,176.08169896755854,9.830135485639362e-09,8.808738107984654e-09
8.975e-07,167.68168631994752,1.501427097050039,6.645252695754899,0.007179483394274415,166.9522439896327,1.4947098601228106,6.145872692856592,0.007986537780525028,204.42294966582557,9.8241686425983e-09,8.703019740289185e-09
9.000000000000001e-07,158.8729032335398,1.841813342584513,6.877988931634559,0.008792944069168961,158.29122058691038,1.8233666477216715,6.848696251145558,0.007108656291314156,223.52474857168306,9.819865965378426e-09,8.652374271899431e-09
9.025e-07,139.9118084697397,2.1111467507409674,7.695883922039016,0.007638589899586783,140.507088614248,2.123442365867893,7.463791629288714,0.006424328541528344,232.52373787511982,9.817155806768086e-09,8.666942852163977e-09
9.05e-07,115.33264175937283,2.452808329024038,7.238669077736027,0.005804577123469212,115.18878732983357,2.378321516788234,8.017460673347644,0.005952880803074709,231.01318375302492,9.815891185860959e-09,8.750789193821155e-09
9.075e-07,84.51936609618595,2.5485062551243676,8.754969954648,0.005871750671237861,84.47734392498414,2.5752808986385283,8.536848666508623,0.0057122448604018305,219.06135981173142,9.815861254192133e-09,8.900254342237594e-09
9.1e-07,51.24820511552002,2.7215155360103593,8.755707546560458,0.004905591139224692,50.79094620630495,2.706279742897244,9.049668997747906,0.005718206881847468,197.20846127549117,9.816808213943763e-09,9.103884238405147e-09
9.125e-07,15.88394487681774,2.8143436036569685,9.722143287733024,0.007397514110012399,16.53151755053286,2.768169174688907,9.583920230701661,0.005983609990637026,166.44218939252323,9.818447516257578e-09,9.343927646733796e-09
9.15e-07,-16.229824180559806,2.79263249203255,10.201181961533013,0.007389254127537553,-16.181031119118487,2.7623390496917484,10.16759814043193,0.006517640719743961,128.15310958789559,9.82048885445975e-09,9.598970193658555e-09
9.175e-07,-45.835803789744745,2.6644613269960224,10.962643683786787,0.006644048768133693,-45.706764338079495,2.6939066967896763,10.82840534189824,0.00732530381450661,84.07180107303516,9.82265554786252e-09,9.84701297244338e-09
9.2e-07,-71.00505062713313,2.588649704572745,12.029760429978499,0.009186980117915718,-70.98869387865783,2.570618015476492,11.593461166593803,0.008407142672197368,36.1906386064279,9.824700361771607e-09,1.0068286815464458e-08
9.225000000000001e-07,-92.04874970114692,2.435531095405184,12.174785880196614,0.007745392406694857,-91.55094825326806,2.401665679684644,12.489014452652345,0.009759204415812054,-13.326258308233932,9.826416540172012e-09,1.0247284559535455e-08
9.25e-07,-107.78207574880747,2.2483364905847343,14.290279191513601,0.012505057269434638,-107.40108928794315,2.196626527141746,13.540161898631123,0.011373192213532817,-62.240838695254986,9.827643703945505e-09,1.0373792429694663e-08
9.275e-07,-118.84334379618817,2.0144924001628883,14.792639533505778,0.013854782569251455,-118.86229612539819,1.9646818337639875,14.770574592277093,0.013236706833282631,-108.34227491434339,9.828269131343106e-09,1.0442989175509274e-08
9.3e-07,-126.85235649176812,1.6773934293706734,16.121699027462647,0.014887671138160625,-126.37293724981302,1.7142177180243596,16.202235263081995,0.015333466788330695,-149.54688703521992,9.828225636359714e-09,1.045486991206641e-08
9.325000000000001e-07,-130.6383093100634,1.5119214963714225,17.720048464865947,0.018335203534549455,-130.29580456652792,1.452820987475787,17.855188721974667,0.017643419300210333,-183.99232042530673,9.827487674974654e-09,1.0413308888232972e-08
9.35e-07,-130.6062497435514,1.1857779261516272,20.23966190617994,0.01987013018880269,-130.77618917812208,1.187603606088919,19.747307843680776,0.020142712054520225,-210.1217199379698,9.826067373199872e-09,1.0325022430229814e-08
9.375e-07,-127.55454030245919,0.8724638399383845,21.724425350532705,0.022370255041428755,-127.67765119016326,0.9257218254566337,21.89407731810543,0.02280357666664037,-226.75409621973384,9.824011884092405e-09,1.0198581670490128e-08
9.4e-07,-121.52372819038968,0.6845142546897467,23.008531217410862,0.02683935613507516,-120.60869381997506,0.674916265030102,24.308397247625877,0.025594255422457957,-233.13770373958184,9.821402907803672e-09,1.0043511549666556e-08
9.425e-07,-109.3416001807575,0.4020221986506423,26.855134607154454,0.02917401170842854,-109.03547055295084,0.44389417730379876,27.000408498727815,0.02847915154706173,-228.98401797500867,9.818358466592712e-09,9.869442722943822e-09
9.450000000000001e-07,-92.82778952679405,0.12407980997225915,28.445631521464286,0.03210670580578469,-92.45844795896096,0.24240575477075904,29.97734153045124,0.031419369699842145,-214.4807760633829,9.815036263912627e-09,9.685279573914203e-09
9.475e-07,-70.44178918168834,0.10854827482371968,32.05519787070537,0.034527946150263056,-70.61777422545026,0.08092704409029502,33.24339022022087,0.03437372356928941,-190.2834915108701,9.811637325498172e-09,9.498408232986869e-09
9.5e-07,-43.370285796630405,-0.017817217528562457,36.84090957836745,0.036125093530660686,-43.68539772416658,-0.030058294352980144,36.7996119916247,0.03730013870688342,-157.48582647475322,9.80840824912305e-09,9.314064593926669e-09
9.525e-07,-12.35836598504948,-0.12061577793518796,39.98391621035637,0.03799928689310359,-12.403010813483936,-0.08110217061771437,40.64385532042809,0.04015722472736965,-117.57016072453034,9.805897016393787e-09,9.135063237687636e-09
9.55e-07,21.749197672830476,-0.06964233679688143,43.87096386856514,0.045057132116294175,21.866462227793285,-0.06501127395612602,44.77071545659909,0.04290570458347088,-72.34059145214407,9.8046132282131e-09,8.96209625048445e-09
9.575e-07,56.835632669451584,0.03387843356966442,49.167379880264356,0.045906443220917074,57.1913557769198,0.021954399340949872,49.171518953457124,0.04550942282427688,-23.84139218738573,9.804342714217597e-09,8.794706744654857e-09
9.600000000000001e-07,91.48843693964203,0.19037295424742284,53.40841620388229,0.04765618072033642,91.22698798315513,0.179113989462473,53.83433734241287,0.04793580369295252,25.73538371023146,9.80504079516343e-09,8.632831145068978e-09
9.625e-07,121.11774162021175,0.433751012470819,59.68037047014578,0.050630520923232204,121.45535237710031,0.40081565264039454,58.74403003537691,0.05015582317492814,74.148978871345,9.80762964121311e-09,8.478550352967516e-09
9.65e-07,145.66612893075973,0.6960764706947414,63.68594870233319,0.050648071412803274,145.47404074582582,0.676432574577499,63.88231627904456,0.05214370182387216,119.21120904698016,9.812447066578822e-09,8.337498688879064e-09
9.675e-07,161.5810510359954,1.0038482211086157,69.63144207150143,0.05240136910919299,161.2900372024057,0.9909516717903367,69.22787572816856,0.05387655655508512,158.88536405343982,9.819780307721844e-09,8.219356674928732e-09
9.7e-07,167.00652017025453,1.3299050191541115,75.01352155749693,0.05315411308726873,167.5719985762126,1.3261089977730893,74.75647695093397,0.05533417486736486,191.37826243439963,9.829846564490584e-09,8.137051004033877e-09
9.725e-07,163.7419232542122,1.662231091863923,80.13243982078764,0.05607608686342233,163.82062558086278,1.6619388753420354,80.44113293084875,0.05649895113618602,215.22129917913668,9.842778446669464e-09,8.10466378662926e-09
9.75e-07,150.9312864116413,1.994704362120771,85.39733193966117,0.05787014585037887,150.42972678407028,1.9785373880274013,86.2522823884079,0.057355918619173815,229.3368233245483,9.858616093200416e-09,8.13448773723587e-09
9.775e-07,128.95244619852375,2.2548532048465395,92.65320158685095,0.056872342544182795,128.6283342025865,2.2578066068663483,92.15799551430047,0.05789276378510264,233.086845324552,9.877306877655742e-09,8.233989211289908e-09
9.8e-07,100.7968293145469,2.486978675102998,97.27403491713694,0.05961028768798725,100.31365190899699,2.4849497442113146,98.12420248617123,0.05809972607309989,226.30187272467458,9.89871261461344e-09,8.403523749334823e-09
9.825000000000001e-07,67.98936994537053,2.6352448414813976,105.16063977034555,0.05841213304782171,67.80231874888578,2.649528614429237,104.11494293489227,0.05796934440718136,209.2885708350061,9.922623200139436e-09,8.63544883381859e-09
9.85e-07,33.387094599313656,2.7425225763197716,110.07893758904127,0.05659345395388866,33.5403613116809,2.74596613095388,110.09263433576886,0.05749608099221524,182.81590215656328,9.948774815154865e-09,8.91486831357988e-09
9.875e-07,-0.9700547518615829,2.7279943977418273,115.42372902408917,0.05576619688463918,-0.1819241739314137,2.773465637752263,116.01835712682508,0.05667590708449401,148.0803710273886,9.976870321611666e-09,9.221775440183395e-09
9.9e-07,-31.515717599482308,2.7629419966988467,121.22211936860039,0.05326056952940351,-31.466071485085934,2.7354101978931804,121.85215420181599,0.05550595963560997,106.65194435127844,1.0006599363386732e-08,9.53400302536061e-09
9.925e-07,-58.728521830543826,2.6373616003027296,127.15104701859018,0.05426192366290667,-58.95815538625583,2.638382802195886,127.55334229131805,0.05398436862350692,60.40309266901636,1.003765595579385e-08,9.830250310839882e-09
9.95e-07,-81.23139048350446,2.5041990055465195,132.47751124386534,0.05213604891776908,-81.89925268570397,2.4909995863129417,133.08083263235199,0.05211031821212237,11.424158754107658,1.0069751951551777e-08,1.009255271435203e-08
9.975e-07,-100.18155636725028,2.2549219172534714,138.08168223734833,0.048618357712180975,-100.07329119513808,2.3027641683406928,138.39345823652505,0.04988435182530564,-38.0711211202443,1.0102625592471681e-08,1.0307820839000502e-08
1e-06,-113.54089611114675,2.0967597342240833,143.0279975929744,0.046590580080998124,-113.67009694227929,2.0831300634103282,143.45030499947566,0.04730887508491448,-85.84567301934425,1.0136045244911029e-08,1.0468382121579095e-08
1.0025e-06,-122.92728638631763,1.83771692831359,147.63178002067107,0.04294087789188901,-123.09605528337181,1.840904363775607,148.21104385109976,0.04438876389326998,-129.74019599436366,1.0169809214374892e-08,1.057170397505935e-08
1.0050000000000001e-06,-129.12431534206115,1.5317959961236713,153.76568995384127,0.041709611480195245,-128.7732539549106,1.584049852727751,152.63626112702178,0.04113195735921064,-167.77075756785518,1.0203743101417424e-08,1.0619600196622986e-08
1.0075e-06,-130.97095370157155,1.3167764065798195,156.5693246886597,0.03577917972295763,-130.96880594103962,1.3198587155478918,156.68778434729438,0.037549912063885256,-198.21846296370373,1.0237696402498916e-08,1.0617219246936533e-08
1.01e-06,-129.30083883324784,1.0920549240862187,160.09536988151848,0.032888919383340896,-129.68916453113488,1.0553946142952748,160.3290006183168,0.03365781569253551,-219.707145236597,1.0271539942010283e-08,1.0572023277501962e-08
1.0125e-06,-124.7196502008818,0.8084695111894252,162.71916746911924,0.028764373865405726,-124.66094025719337,0.798045212046546,163.52516492824282,0.029474499962702648,-231.2655648839871,1.0305165278226916e-08,1.0492847721665213e-08
1.015e-06,-115.26532583724892,0.5832068317631405,165.90258270649628,0.02328593221287499,-115.40246354078919,0.5560043437526613,166.24369568426857,0.025022046956623047,-232.37130765980677,1.0338486549620963e-08,1.0389035462532316e-08
1.0175e-06,-101.32476796113926,0.3454970245900472,168.7183251587754,0.022734772638707327,-101.37227561175152,0.33851616861757206,168.45445494149155,0.02032513913366352,-222.9743965086975,1.0371444454776908e-08,1.0269601686474536e-08
1.02e-06,-82.74681898757018,0.18268511749448613,170.1612521755872,0.017438498999943028,-82.16518519503383,0.1557604290696205,170.13001089665445,0.015410250885213693,-203.49955041509907,1.0404011343054242e-08,1.0142416215648404e-08
1.0225e-06,-57.71299826359435,-0.039358768850164386,170.43552699042834,0.011612423798454532,-57.71635934639728,0.018329828485399432,171.24588036499173,0.010304809544295282,-174.8269880723632,1.0436195877731043e-08,1.0013473723197052e-08
1.025e-06,-29.06012962534084,-0.11317379125336191,171.59098712057568,0.00390124330673511,-28.471016698038127,-0.06366567547197345,171.7807491233342,0.005036460535492727,-138.2526440023449,1.0468045525544619e-08,9.88641797179152e-09
1.0275000000000001e-06,4.829819761934846,-0.09500650759519633,170.66595616611409,0.0012743840367455649,4.517755186324738,-0.08175265067831014,171.71666818617814,-0.00036744666128764943,-95.42959526623244,1.0500188895964709e-08,9.762537349490147e-09
1.03e-06,39.66199142607504,-0.08388167287947254,170.1150344148067,-0.004817117143745069,39.58856105427722,-0.030329337814787326,171.039224282024,-0.005880074878751421,-48.293346145953656,1.0532352488877173e-08,9.641403411484858e-09
1.0325e-06,74.9954188343385,0.07416359001043955,169.45515814792483,-0.013681489980606875,74.57724396311978,0.09222598404043368,169.73768301318293,-0.011474995819600894,1.0256522416610645,1.0564078945343389e-08,9.52216221007978e-09
1.035e-06,106.88876351720111,0.29903027575477475,168.91067905414303,-0.016178897063993083,107.01820187365085,0.282776370649761,167.80510341158768,-0.017125804671571477,50.29829348367107,1.0595689230764491e-08,9.405244476046107e-09
1.0375e-06,134.62660360613984,0.5513360949171691,164.625004120154,-0.023069485075919334,134.413875072838,0.5331385929683239,165.23842284393015,-0.02280554542702285,97.29756640455089,1.0627567556785531e-08,9.29402375008574e-09
1.04e-06,154.81347191716358,0.8438908202151099,161.72211234756696,-0.028556037113499487,154.53197346590116,0.8303762792053684,162.0385114695983,-0.028486079568461723,139.89921089973808,1.0659802943891157e-08,9.195833754422328e-09
1.0425e-06,165.81544948676932,1.2004914409361211,157.6499319937987,-0.03353344135624857,165.68405873791642,1.157674283016624,158.21019571222268,-0.03413754926264119,176.17772965479958,1.0692429299365354e-08,9.121842564707515e-09
1.045e-06,167.35284526765142,1.4813982567451505,153.36030250892279,-0.03927420392271144,166.94112876866606,1.4957029797749015,153.76225046794232,-0.03972808045814095,204.49341623909535,1.0725409962201105e-08,9.085580338183864e-09
1.0475e-06,157.66246600757833,1.8291288593986563,148.9784391686086,-0.045981561828254254,158.25156598271377,1.8243028121803762,148.7073600384663,-0.04522384329262255,223.56646610234245,1.0758628089936745e-08,9.100343814195524e-09
1.0500000000000001e-06,140.38565191416865,2.1191723804041245,144.09121642388618,-0.05099793262026265,140.44254101237576,2.1242680024670344,143.0620480423467,-0.05058954343565277,232.53482082578822,1.07918842391708e-08,9.176100930660248e-09
1.0525e-06,115.46352546380868,2.3089744291527667,137.0812865585381,-0.05660597429235181,115.10497434785552,2.37899284555125,136.84657682128386,-0.05578936823527974,230.99313119957037,1.0824901546007358e-08,9.316734430088122e-09
1.055e-06,84.05435379719772,2.579465940299243,130.10121758193026,-0.061674360459042,84.381135611682,2.575767066297215,130.0848171174329,-0.06078836694300217,219.01107808390324,1.0857337902249363e-08,9.51840212930359e-09
1.0575e-06,50.75784429042975,2.7281759533948735,122.92641378376388,-0.06621290089942175,50.68959364875919,2.706564308682367,122.80408905038621,-0.06555421403936923,197.13022299288104,1.0888803612543121e-08,9.769470720662303e-09
1.06e-06,16.56292520146681,2.7213408911486896,115.03239269899944,-0.07186592225828536,16.431806291225406,2.7682498644199964,115.0349756664566,-0.07005929036885823,166.33953074733535,1.0918882354116398e-08,1.0052019265169146e-08
1.0625e-06,-16.459497019214417,2.7639936792037063,106.39628692647662,-0.07440116852117548,-16.273481848079125,2.7622259660616786,106.81111056607804,-0.07428300168731884,128.03067051710613,1.094715294834037e-08,1.034447704158664e-08
1.065e-06,-45.50234575379016,2.688485661358926,97.08260000601469,-0.0779773364689006,-45.78795445049344,2.693619405016333,98.16894133544844,-0.07821418112876334,83.93511554381324,1.0973209535092169e-08,1.0624703784515087e-08
1.0675e-06,-71.55327648886995,2.569920279683078,90.71278624979996,-0.0840513361430229,-71.05639132674705,2.570182075357884,89.14747071409215,-0.0818531484937618,36.04588449342033,1.0996678191617604e-08,1.0872803696098228e-08
1.07e-06,-91.69267357706057,2.4309934087463585,80.29013400939613,-0.08541321079274823,-91.60453295002232,2.40110924262158,79.78797761901731,-0.08521221868972026,-13.472538448764523,1.1017228768900802e-08,1.1073156328595122e-08
1.0725000000000001e-06,-107.4672561058332,2.1660173939735237,70.52133199458676,-0.08659265044696395,-107.44114504496599,2.19597755371272,70.13372031692606,-0.08831161496567505,-62.3820333340901,1.103458159499282e-08,1.1215446371534397e-08
1.075e-06,-118.46211396070944,1.9675341742853094,60.21826271569424,-0.08976675133985516,-118.8900469997146,1.9639663275294745,60.229624187050845,-0.0911642485984241,-108.4720023753437,1.1048509558262788e-08,1.129476169818535e-08
1.0775e-06,-126.46241343063916,1.6866845619513489,50.36417402494544,-0.09462148404779838,-126.38964981080747,1.7134591451987293,50.12195664726589,-0.0937385049785344,-149.65928393257664,1.1058836781736842e-08,1.13110169753634e-08
1.08e-06,-130.17635688463668,1.4046172921550621,39.5920836444452,-0.0951171916169667,-130.30228005361872,1.4520408023461573,39.857991924112845,-0.09589007001224123,-184.08230667521875,1.1065435513053448e-08,1.1268017033882914e-08
1.0825e-06,-130.18952314812725,1.1722052692866978,29.30878201869211,-0.0981807557291027,-130.77244904571057,1.1868225749318035,29.48566843225254,-0.09728111503432221,-210.1852283668694,1.1068222917539197e-08,1.1172420965302898e-08
1.085e-06,-128.36405812772375,0.9036246439438361,18.04693990044015,-0.0989235357605084,-127.66287998751726,0.9249616791376486,19.053241589948982,-0.09737384356737191,-226.78825639126254,1.1067159174269608e-08,1.1032756187145804e-08
1.0875e-06,-120.55040409643985,0.6658984731506419,8.090501289625728,-0.0951406617988073,-120.58145202452766,0.6742011424230316,8.608934933957745,-0.09565081042272165,-233.14097169177955,1.1062247701367721e-08,1.0858518668095212e-08
1.09e-06,-109.46775951932217,0.4760502901834535,-1.6591135049130983,-0.09286802789759986,-108.99413628192607,0.44325136071767124,-1.7994075907060179,-0.0921114352106112,-228.95624600387873,1.1053537594572928e-08,1.0659325822333568e-08
1.0925000000000001e-06,-92.6709488665818,0.21147745542499347,-12.381670411923219,-0.0864276181307173,-92.40180026977558,0.24186533767096838,-12.124665303265278,-0.08759870947309198,-214.42321939877277,1.1042069729640806e-08,1.0445873367155105e-08
1.095e-06,-70.06671704023196,0.08715152612257682,-22.10726668947418,-0.08180632685846966,-70.54560048044677,0.08052038511232716,-22.320777596333404,-0.0832817951983817,-190.19875158294758,1.103245946672803e-08,1.0234002206803225e-08
1.0975e-06,-43.48132725790533,-0.043937486006360285,-32.688067924281135,-0.08072738536581996,-43.598998866884486,-0.0303012280048011,-32.34307111766325,-0.07976344696913808,-157.3777333352846,1.1024841621050887e-08,1.0028642966547678e-08
1.1e-06,-12.48330643010253,-0.08847849006951851,-41.81366051910789,-0.07654130369737197,-12.305493119895344,-0.08115622879923318,-42.14857464567648,-0.07692117037050088,-117.44359993725708,1.1019642628120894e-08,9.832288517252749e-09
1.1025e-06,21.88861599897994,-0.104722965580652,-51.998741387470126,-0.07265929311000709,21.970184769863803,-0.06485979318981532,-51.69631908824549,-0.07436780895362317,-72.201283276434,1.101723422674264e-08,9.64529749787789e-09
1.105e-06,57.61926529883176,0.04811536053389433,-61.45118856623841,-0.07010621893445901,57.29487408868632,0.02231630088682135,-60.94762016446495,-0.07179891067235888,-23.695633035534364,1.1017258755174065e-08,9.466872692524668e-09
1.1075e-06,91.57202162888295,0.1582071327592139,-69.68321547864696,-0.06932589230250834,91.3229952060679,0.17967709489431155,-69.86634148032364,-0.06906183538246265,25.88100585649783,1.1019523506300397e-08,9.296607569244668e-09
1.11e-06,121.31448074752092,0.4013534059212564,-79.17921015247151,-0.06644052763932949,121.53644388800991,0.40155578661927205,-78.4191358798915,-0.0661093974607085,74.28788222264052,1.102479206817896e-08,9.136240352844237e-09
1.1125e-06,145.26036421982542,0.6614942416973653,-86.59063478926913,-0.06172616478451859,145.5335967482418,0.6773114679525667,-86.57566314240202,-0.06294772284482253,119.33711548815093,1.1033240334657767e-08,8.991064148046313e-09
1.1150000000000001e-06,160.9680871807495,0.9685644868347241,-94.56842818795442,-0.056542855333181985,161.32305006325072,0.9919195522674642,-94.30878230075265,-0.0596043841409337,158.99258290007174,1.1044990607242581e-08,8.870419399521834e-09
1.1175e-06,167.3024516914733,1.3601335412030358,-101.61556960547041,-0.05639393225070006,167.57571311086775,1.3271086356259179,-101.59471707667554,-0.05611285005162176,191.46194763879447,1.1060093784326413e-08,8.786892902804726e-09
1.12e-06,163.87270371375035,1.646019327781299,-107.88886546976174,-0.05070470790553165,163.79488935406314,1.6629105802563966,-108.41319316023277,-0.0525059233283615,215.27766836063216,1.1078516469647452e-08,8.754226707732368e-09
1.1225e-06,150.0655975722543,1.9490437674330567,-115.33633830341236,-0.047834407058973065,150.37699423739468,1.9794243004159027,-114.74754630428187,-0.048813462304229865,229.36332872451035,1.110013475063034e-08,8.784374751140499e-09
1.125e-06,129.21467130080703,2.256919750945979,-120.38917530568986,-0.044393997545490595,128.55332491573122,2.258559580924025,-120.58480045607689,-0.045062026192339046,233.08228895926302,1.1124735542989905e-08,8.884469751199867e-09
1.1275e-06,99.94193798919085,2.466295314665018,-125.39225976278135,-0.042066594017866346,100.22271969634005,2.4855311885415223,-125.91571540594997,-0.04127536848579608,226.2664605314688,1.115202539903865e-08,9.054544812841722e-09
1.13e-06,67.36690710628856,2.5872829426875636,-131.0895521239579,-0.03634385531211976,67.70263474998569,2.649914827197016,-130.73480369484085,-0.03747528263618394,209.2239033643752,1.1181645696296985e-08,9.28665346382934e-09
1.1325e-06,33.9887159369964,2.759694107774158,-135.473469868257,-0.033904579197716445,33.43904268663773,2.7461479103201953,-135.040316786008,-0.03368253581488081,182.72490223091086,1.1213192319742736e-08,9.565621173110414e-09
1.135e-06,-0.5387954377067546,2.7948084358009067,-139.0147775330228,-0.02861492808739825,-0.2786027548940453,2.773447222372054,-138.83420076925614,-0.02991771537723992,147.96715163611998,1.1246237453773177e-08,9.8711939829418e-09
1.1375000000000001e-06,-31.633293294814624,2.7267805119599857,-141.36784596785623,-0.025912102462669565,-31.553264473852174,2.7352068490900634,-142.1220221261646,-0.026201857364620513,106.52162275304144,1.128035098377273e-08,1.0180991979387557e-08
1.14e-06,-59.12155518692191,2.6107359344467658,-145.4500767866982,-0.022829224624424053,-59.03275043011428,2.638017535031093,-144.91286433981955,-0.022556767729305018,60.26155910326919,1.131511928103409e-08,1.0473537130113955e-08
1.1425e-06,-82.46675188392867,2.445174131885265,-147.16730987319238,-0.0194174021594697,-81.95986319300147,2.4904996583155063,-147.21919638022902,-0.019004996657483116,11.27781021571062,1.1350159750423592e-08,1.0730722216440988e-08
1.145e-06,-99.47336527240108,2.2735910758814826,-150.38350467646043,-0.01629143274780318,-100.11996420289155,2.30215792629415,-149.05671433477312,-0.015569482170754883,-38.21567001063527,1.138513034300111e-08,1.0939348130558004e-08
1.1475e-06,-114.170220509474,2.100661369472511,-151.29103499546667,-0.014092491308786119,-113.70381290983505,2.082444634131022,-150.44415767964006,-0.01227293293487837,-85.98188898106476,1.1419734125598214e-08,1.1091663761005572e-08
1.15e-06,-122.90940911776353,1.8489481050652583,-151.0918479303686,-0.008279006304072911,-123.11813145120533,1.8401644770092538,-151.40310190125592,-0.009137062404735857,-129.86192237614858,1.1453719797324533e-08,1.1185087871064204e-08
1.1525e-06,-128.7083400149776,1.512135104318253,-152.19991204231667,-0.008697908667900494,-128.7847769627075,1.583277840613937,-151.95772937441464,-0.006181809217403751,-167.87249261445083,1.1486879610086884e-08,1.122141489994224e-08
1.155e-06,-130.47887292482645,1.3291681684198138,-152.3951169674217,-0.004628301875459236,-130.97021012585378,1.3190754889805791,-152.13458058437172,-0.00342467771440287,-198.2956084826907,1.1519046391911612e-08,1.1205803124801849e-08
1.1575e-06,-130.52933789325982,0.9960446549326553,-152.01382089766898,0.0011940749766346493,-129.6800415649974,1.0546212171062281,-151.9622879421543,-0.0008803076165171896,-219.7562144262007,1.1550091254664046e-08,1.1145753722214707e-08
1.1600000000000001e-06,-124.2573312840206,0.8005886539168515,-151.79878096585668,-0.00034128060938123255,-124.64011924602158,0.7973044360194189,-151.47129458420642,0.0014396624266382668,-231.2843399285835,1.1579923124781106e-08,1.1050170206669573e-08
1.1625e-06,-115.69813475646812,0.5539793197812805,-150.66516729972201,0.004216998631755062,-115.36834694566649,0.5553218727791273,-150.6935606681975,0.003526428465792173,-232.35893997013434,1.1608490560142638e-08,1.092849205459602e-08
1.165e-06,-101.0673249058094,0.336521751168409,-149.87413468837522,0.004673182635501512,-101.32336522407896,0.33792081163139825,-149.66225977518394,0.005373600266930445,-222.9314450761645,1.16357855443159e-08,1.078985861949717e-08
1.1675e-06,-81.97974724889286,0.17367945518050257,-149.14707204404803,0.007223256931140731,-82.10069328216866,0.15528318209400013,-148.41146810364506,0.006976622061132553,-203.42795654664263,1.1661848235049988e-08,1.064229032329125e-08
1.17e-06,-58.3136557279498,0.06296973513596864,-146.95650531342326,0.007327571238577601,-57.63678020832686,0.018001743096452083,-146.97584919250082,0.008332161712084982,-174.72998764779905,1.1686771130597062e-08,1.0491957828471994e-08
1.1725e-06,-28.605388636565063,-0.045253173367448704,-145.96061626410946,0.009195364903379926,-28.378537001472004,-0.06381659033392503,-145.39033693767195,0.009437601895796358,-138.13462121996258,1.1710700911942902e-08,1.0342705590698247e-08
1.175e-06,4.821525767380965,-0.08706985207111194,-143.8358633583767,0.011434780453732293,4.6191031824663575,-0.08170505058923828,-143.68981966991763,0.010290748971202279,-95.2958844870253,1.1734381279396976e-08,1.0196047109349802e-08
1.1775e-06,40.100727980970674,-0.06387277873164642,-141.46370791383853,0.012781762721839444,39.69305536229771,-0.030072103618762693,-141.90882804049178,0.010889835541112638,-48.14999079263959,1.1757663211156978e-08,1.005180329311394e-08
1.18e-06,74.48947217602982,0.06326497206345795,-141.44283051908556,0.012486801586158534,74.67793549055895,0.09269087158180919,-140.08122941597026,0.011233838262115587,1.1721728335788075,1.1780229328861778e-08,9.909393111743017e-09
1.1825000000000001e-06,107.10935955196773,0.30419376627146466,-138.73171430661537,0.01199578491052754,107.10762643316214,0.28343219624414345,-138.2399314147069,0.011323072951773996,50.44135691710921,1.1802556105009085e-08,9.769541855297115e-09
1.185e-06,134.49426274193883,0.5711013280116782,-135.93389074130334,0.012367384066234811,134.48491146807658,0.5339538942829151,-136.41659712556833,0.011159975116898207,97.43070653811013,1.182518724989347e-08,9.63593554523977e-09
1.1875e-06,154.97259201647574,0.8020909190310342,-134.64485233657626,0.008889411032740803,154.57871579192602,0.8313065943052572,-134.64137443564417,0.010749935407053102,140.01641010258487,1.184838230734158e-08,9.516232738654898e-09
1.19e-06,165.64857897138882,1.1534664585312375,-133.49025451133136,0.009533296460148267,165.70256508026833,1.1586655206039518,-132.94264175859524,0.010102043219096033,176.27369078986305,1.1872353103680021e-08,9.421931899272031e-09
1.1925e-06,167.10280542043358,1.4702746438283136,-130.34116798530957,0.008586182114465213,166.92992634698513,1.4966960166862686,-131.34677230047132,0.009229600834770861,204.563802081603,1.1897246798846366e-08,9.366892251474423e-09
1.195e-06,158.5029500795049,1.8557220442916682,-129.7360179226918,0.008292977534029123,158.2118314608497,1.825238725556212,-129.87791882652454,0.008150303652531122,223.60809537250353,1.1923134726862866e-08,9.364732662794333e-09
1.1975e-06,140.40866466474907,2.0868144305714726,-128.49719954192219,0.007268725682604302,140.3779274939105,2.125093242526996,-128.55782070243134,0.00688603360074425,232.54581197539198,1.1950008388514924e-08,9.425732900342251e-09
1.2e-06,115.12928919340611,2.437589401819262,-127.56428885208732,0.0033735914460542777,115.02111429437396,2.379663666592641,-127.40563477804324,0.006210802890497242,230.97298745368585,1.1977783013527404e-08,9.55407640855036e-09
