time,v_coil,i_coil,v_bias,i_bias,v_coil_clean,i_coil_clean,v_bias_clean,i_bias_clean,v_coil_src,density_state,heating_state
0.0,32.5855018164645,-0.016553136055863976,-111.15741319034518,0.08416490174723608,32.99718240106295,0.01907718001969687,-108.9948784410604,0.08368543509581626,0.0,0.0,0.0
2.5e-09,57.56119295864925,0.19944700140031832,-104.68427739840759,0.08164086029276031,57.75166611658595,0.19065470819897865,-103.96045062887254,0.08248783255940795,32.02756828575295,1.6461944225966193e-11,4.098191487453143e-11
5e-09,79.7443030399322,0.477765635938115,-101.10992710593707,0.07939945056583313,79.79320857673692,0.4786445740198299,-99.10600094190742,0.07990150042073471,62.607563421386985,3.327092202742058e-11,8.063036415612842e-11
7.500000000000001e-09,98.20209848734405,0.8929125593461478,-94.33844645902306,0.07749198751498132,97.57744340754114,0.8692239272203848,-94.45050541520351,0.0769803465034316,90.35783926660953,5.1227170337579357e-11,1.2209862058887673e-10
1e-08,109.68204792773265,1.319503192658681,-90.53786409832578,0.07344964332003695,109.86876057117486,1.341387914685218,-90.01220383918452,0.07371112556119175,114.02414654893339,7.103993977151657e-11,1.7201279980857647e-10
1.25e-08,115.15777593080065,1.8661836950957187,-84.59135131139956,0.07009128585934692,115.87333709500848,1.8684981360609187,-85.80848057457025,0.07008435439189627,132.53682207449089,9.327984458006645e-11,2.405905391024813e-10
1.5000000000000002e-08,115.53248484505582,2.429457180102427,-82.64227920868048,0.06688153291749663,115.31760876185984,2.420433585822292,-81.85575138761314,0.06609602313475808,145.05913506845192,1.1834160529954099e-10,3.4059099504788683e-10
1.75e-08,108.93108906746124,3.023568629141899,-76.83358965022457,0.06078322451395009,108.46102265746848,2.9660775991640715,-78.16935719288347,0.0617489006936459,151.02510550055908,1.464211664259312e-10,4.852651371027025e-10
2e-08,96.72269072905316,3.4666044034860843,-75.77521422439551,0.057413211807395434,96.04242482271358,3.4758272084394073,-74.76346553351223,0.057053292549459254,150.1650850935885,1.7750939005143242e-10,6.85790866717727e-10
2.25e-08,78.80151128117748,3.9470888629998075,-74.87967372623658,0.05176581046915718,79.16999319525449,3.923814342055407,-71.65098056452764,0.05202719261682878,142.51794481141033,2.1140243599630638e-10,9.488448134389264e-10
2.5e-08,59.153895844915105,4.260779118020207,-71.36111308160957,0.047062458893540986,59.173395752829094,4.289580600234494,-68.84346223424124,0.04669586125392131,128.42931797994274,2.4772687367084123e-10,1.274924262613666e-09
2.75e-08,37.29262488968095,4.586501758764196,-69.55911178606146,0.041851634603743665,37.44232944282321,4.559039536960729,-66.35105528216711,0.041090942989650575,108.53597844793113,2.8597585832309505e-10,1.6578090413044964e-09
3.0000000000000004e-08,15.220683405552325,4.736457893734636,-66.70296433971018,0.03574395210814628,15.276856028994366,4.724676232646741,-64.18242859034804,0.03524929492779819,83.73705985911053,3.2555160889163145e-10,2.0852311363945145e-09
3.25e-08,-5.991513869886729,4.802304519881944,-61.437676920646474,0.028899867828608566,-6.2281758579253825,4.785053268534023,-62.34472533893039,0.029211719322218433,55.15341685910602,3.6580910224288014e-10,2.54051353245043e-09
3.5e-08,-25.9435862808969,4.705623194781395,-59.20458889665319,0.02300925667665305,-26.24924247740966,4.743794450848183,-60.843524327107446,0.023021777580873176,24.076965017973443,4.0609637036295913e-10,3.0047440401492043e-09
3.75e-08,-43.37004927429983,4.666939739078015,-58.64779767289746,0.01661917588407109,-44.24483038278391,4.608285488308748,-59.68281272792379,0.01672481211531574,-8.087710811487169,4.4578793755567627e-10,3.459006926013974e-09
4e-08,-59.99178813215602,4.364369369340606,-60.924974795103026,0.00943794162456355,-59.91495577278826,4.388353324032243,-58.86497045069093,0.010367228568726827,-39.8868405304164,4.843095336260047e-10,3.886287412064149e-09
4.2500000000000003e-08,-72.38860367855627,4.061268613114196,-58.60839473416011,0.0029694829971809,-73.12295815131654,4.095160210696421,-58.390766188734325,0.003996010550240563,-69.88317589169256,5.211539637159015e-10,4.272832103116661e-09
4.5e-08,-84.23413907501326,3.758635269348578,-57.674474700067904,-0.0015832976846925798,-83.79950584581181,3.740480804241342,-58.25936513369166,-0.002341630036274394,-96.72095084765522,5.558895856491868e-10,4.608921114841605e-09
4.75e-08,-92.6053392524947,3.347909974643231,-59.40218541422218,-0.009365750530340423,-91.85141502416081,3.3364339880255445,-58.46834824145037,-0.00859860626664961,-119.18715908797311,5.881639611297269e-10,4.889130440605944e-09
5e-08,-96.25017188774123,2.8681737646817016,-57.10840846644206,-0.01454643708925342,-97.09626193734695,2.895634356780293,-59.01374283987283,-0.01472845817493154,-136.26637916249106,6.177057178360306e-10,5.112212537931242e-09
5.25e-08,-99.58670106054548,2.4184468121145537,-59.96182999559455,-0.02016974157755879,-99.23818453279692,2.4316315276492393,-59.89006427552347,-0.02068611617147403,-147.18666921835714,6.443274189544454e-10,5.280707412443916e-09
5.5e-08,-97.59745393185162,1.9420512823813314,-57.88485135932658,-0.026219693109625946,-97.89176636737741,1.9594369830852252,-61.090368206487334,-0.026428974225392355,-151.4544570138282,6.679313533261173e-10,5.400345476958011e-09
5.75e-08,-92.6175853058935,1.4860206202133235,-60.75961061114265,-0.031093727613916874,-92.65104438956266,1.495910993935091,-62.60631306181948,-0.03191823775985743,-148.87684825958416,6.8851882286798e-10,5.479254997711912e-09
6.000000000000001e-08,-83.46807058157523,1.0569817863588549,-64.19110415871342,-0.03635651825951943,-83.1913003706222,1.0598016950774563,-64.42823210593261,-0.037120426219216685,-139.57034500132715,7.062019900179032e-10,5.5269735661118276e-09
6.25e-08,-69.49385872836385,0.7181532770471244,-66.25751076097168,-0.07567338579290075,-69.38412000100294,0.6712913485752074,-66.54521446901542,-0.07608275494603499,-123.95557999262604,7.212159674794309e-10,5.553300940941172e-09
6.5e-08,-51.985731923607084,0.3820765817282217,-74.14424765062786,-0.06616871947885561,-51.40257605311744,0.35099994051732564,-72.79807884684567,-0.06671695215170854,-102.7383050523618,7.339278740322583e-10,5.5671120270624235e-09
6.75e-08,-29.708185311635845,0.12220804390431403,-74.85176590746097,-0.022784628989378615,-29.79401774503634,0.11850619923383564,-73.8986544148478,-0.023152320450514848,-76.87749268972385,7.454166891204319e-10,5.576789143546773e-09
7e-08,-5.660531856785371,-0.016633291694230928,-74.93521121483015,-0.0265599939929502,-5.502767178490025,-0.009449342360364906,-75.27347318887875,-0.027570506337799346,-47.54199273066254,7.554969813995006e-10,5.584699866475208e-09
7.250000000000001e-08,19.8773457965372,-0.03947784818093425,-78.00761162665825,-0.03101303148788518,20.16678195743826,-0.020835000334988668,-76.90860464771049,-0.03168433901927742,-16.05770296757876,7.65034024696255e-10,5.592824616552433e-09
7.5e-08,46.20637542135415,0.11941284958488524,-81.79722715694241,-0.0347144581680684,45.64602871044174,0.09001136889374511,-78.78923674326656,-0.03549316552376159,16.15235840142441,7.748690241391302e-10,5.601541491845342e-09
7.75e-08,70.14439247483405,0.34809317823073727,-81.9499423256298,-0.03930924775187564,69.24606200942743,0.32120634019420036,-80.89980275310293,-0.039002439242020535,47.63236995445711,7.85422344485831e-10,5.611084560757538e-09
8e-08,89.38211800046994,0.6268853028390621,-84.91379499344687,-0.04206914003787306,89.33003820618985,0.6628471764462154,-83.22411201848098,-0.042221931867815386,76.95950685876804,7.978040841810126e-10,5.623254947841154e-09
8.25e-08,103.36261333522076,1.1460994906793427,-84.95045140880922,-0.045527173272599426,104.48908051256372,1.0973616793714849,-85.74548343987749,-0.04516371430607973,102.80824931298584,8.127763227139837e-10,5.64286207562543e-09
8.500000000000001e-08,113.9649691000182,1.591816981854168,-89.70755137109944,-0.048106405798312796,113.69553246468956,1.600683291114285,-88.4468805855036,-0.04784018593508668,124.01029302353363,8.309799689750453e-10,5.678376937453539e-09
8.75e-08,116.11288205993706,2.0956077681883483,-92.93274251942843,-0.05105413192611918,116.41062727065335,2.144130253412669,-91.311047262123,-0.05026241826865569,139.60735389811936,8.528918130352218e-10,5.741466395340776e-09
9e-08,113.4636116792948,2.7174450774198,-90.80798417485363,-0.052298941230806854,112.6307633873388,2.696762428438636,-94.32064240121062,-0.052439023491380396,148.89448030440636,8.787941965971107e-10,5.8453989717630576e-09
9.25e-08,102.71553608860563,3.2584585234225534,-99.00061497411221,-0.054674221044895915,102.86637580602856,3.2279197012985827,-97.45837312720076,-0.05437567000501664,151.45191527840788,9.087604480835336e-10,6.00266165216864e-09
9.5e-08,88.83354849284062,3.707301289771658,-98.64879551160986,-0.05579323211357801,88.05816383005177,3.709623465199057,-100.70712489809956,-0.0560752611950818,147.16406858334705,9.426572518272143e-10,6.222379980985875e-09
9.75e-08,69.80308308490405,4.128179206989261,-103.28586911296166,-0.0575352879774428,69.44531197320495,4.118551090035234,-104.05008764184024,-0.05753868825383266,136.22474112512518,9.80162999975357e-10,6.50820033464334e-09
1e-07,48.47516352407656,4.411538417019911,-104.78498532821959,-0.058552654156542254,48.40761543808511,4.437367239802172,-107.4708768541221,-0.05876598095969585,119.12836559271808,1.0207992487979287e-09,6.85715459236267e-09
1.025e-07,26.451529868242467,4.658461619765817,-110.66204536473265,-0.059097641981614296,26.306854129127025,4.655302319561151,-110.95364867469908,-0.059757626238447104,96.64765922660608,1.0639709706127855e-09,7.259740758310384e-09
1.05e-07,5.369998788924116,4.778783378441479,-113.73813732505245,-0.06013769807413444,4.351791448145379,4.767988563472286,-114.4832080186859,-0.060515811558134854,69.7986987592137,1.1090105731119783e-09,7.701124851227916e-09
1.075e-07,-16.290821998940892,4.768776932628431,-117.10223803638863,-0.060422865232333874,-16.493971004461397,4.77667747889919,-118.04510890688806,-0.061045379774937486,39.79499606051612,1.1552207396591603e-09,8.16310947875994e-09
1.1e-07,-35.78376521720128,4.695376781236363,-121.98231393115674,-0.06102384572729103,-35.55041287777813,4.687049183877989,-121.62574621380959,-0.06135434751324158,7.992650165047181,1.2019119784842347e-09,8.626394028301113e-09
1.1250000000000001e-07,-52.42070592152746,4.453788464778148,-124.62793297108865,-0.06256321194587598,-52.40496973671195,4.507870170864815,-125.21243813317174,-0.06145392788074799,-24.170945316215462,1.2484321784052214e-09,9.072681712715376e-09
1.15e-07,-67.60009547204679,4.233153809866848,-127.45607047661211,-0.061059772381768636,-66.85096803490143,4.249754195202852,-128.79349874774928,-0.06135809377358783,-55.242069113690654,1.2941871809032538e-09,9.486327852556002e-09
1.175e-07,-78.6004134340613,3.9763316229290098,-132.63504880479962,-0.06133853639432706,-78.79774073234111,3.924232957569661,-132.35830018231027,-0.06108280283282319,-83.81637719001864,1.3386530742917744e-09,9.855402521365306e-09
1.2000000000000002e-07,-87.91727922974339,3.5450770316084865,-137.72168523927238,-0.061322543419493294,-88.17422250242018,3.5432589485648665,-135.89732391459847,-0.06064506412435212,-108.60237589243525,1.3813822882194684e-09,1.0172193389976153e-08
1.225e-07,-94.34466003800878,3.0529121930996412,-139.68546510162642,-0.05862982228436112,-94.84834647434835,3.1191586266259193,-139.4022009187638,-0.06006204958610892,-128.47979452475784,1.4220063754092716e-09,1.0433261404049667e-08
1.25e-07,-97.90444269292281,2.6679233231618547,-143.86189946226028,-0.05923359207079128,-98.5808674074411,2.6649498506475444,-142.8657404175277,-0.059350436649114366,-142.55021903166124,1.460238481412764e-09,1.0639176020657456e-08
1.275e-07,-98.01204439467597,2.203554382338005,-146.70114727711317,-0.058874398883451966,-99.02501937140832,2.194852894089041,-146.28194712275524,-0.058526115860368315,-150.17769826801796,1.49587792356123e-09,1.0794018766707345e-08
1.3e-07,-96.05270071025095,1.7411213949637685,-150.53723105657824,-0.0576611299692396,-95.77401745722202,1.724775429768431,-149.64602694807232,-0.05760431899622047,-151.01748754240685,1.5288181595796076e-09,1.0904689464008527e-08
1.325e-07,-88.57772161816636,1.2558870882576183,-153.17203919732074,-0.05657824327535306,-88.44856723461946,1.2725479893840512,-152.95438128078612,-0.05660013386835,-145.03163029207815,1.5590579629439197e-09,1.0980015324364517e-08
1.35e-07,-77.3377516206705,0.8232096294459862,-154.96589608685724,-0.05464307088369814,-76.80807099993372,0.8577286494276881,-156.20459000271202,-0.055529288543378796,-132.49067363315095,1.586714136358201e-09,1.1029674813933423e-08
1.375e-07,-60.56163732693785,0.5153177698081477,-159.94575359016972,-0.0545845932671704,-60.86369096604745,0.500876630298182,-159.39538354968167,-0.05440902568477018,-113.96144024708202,1.6120328935204314e-09,1.1063010533118877e-08
1.4e-07,-40.63261411688862,0.1515858396616077,-166.1018458613414,-0.052690674812719614,-40.96989316035312,0.22229947322844462,-162.52660439660744,-0.05325885893339027,-90.2814092862893,1.635396379213654e-09,1.1087897561819666e-08
1.425e-07,-18.36542540371867,0.06930972602941005,-166.79571572618485,-0.05187957689692438,-17.873880981570338,0.0403882614189594,-165.59915844815242,-0.05210101339460705,-62.52086422365414,1.6573208372773588e-09,1.1109912680408973e-08
1.4500000000000001e-07,7.330301327843578,0.02613918840138045,-167.3994361906266,-0.05162410020422516,7.291015753828886,-0.030250359150665047,-168.61495690348096,-0.050960400057021085,-31.934518476905076,1.6784437055887287e-09,1.1132064247480057e-08
1.475e-07,33.20605543135546,0.06233827904773588,-173.3920401388631,-0.050448335244976474,33.07255244050661,0.019404385168164232,-171.57684924646443,-0.04986405116234531,0.09519478050508316,1.6999006165253546e-09,1.1155255456255017e-08
1.5e-07,58.25916323120586,0.19608784290831144,-175.55586289373124,-0.0489055985244657,57.82148640520656,0.19133792128354554,-174.48854808936147,-0.04884003663636645,32.1206054506238,1.7216779837987681e-09,1.117946577563963e-08
1.525e-07,78.18148077505606,0.5002613808817458,-178.24059108927028,-0.04725869992512383,79.85262867624299,0.47965454045430655,-177.35454666770912,-0.04791597417048622,62.694237902645014,1.744982926125703e-09,1.1205395308981743e-08
1.55e-07,97.71663058876065,0.8598139475245229,-181.9256853641058,-0.04738599375684732,97.62228817746347,0.8705086654641134,-180.1800298463554,-0.04711732090598849,90.4342335750857,1.7705788397409935e-09,1.1236110471319302e-08
1.575e-07,110.32366945272041,1.3140008119868043,-179.4276203822188,-0.046445683176726676,109.89598511866608,1.3428761977657384,-182.9707795506794,-0.0464656793464063,114.08680783585741,1.7991360046683826e-09,1.1278147652493864e-08
1.6e-07,115.89791495264895,1.8530247286231492,-185.7977431382704,-0.04601518523820764,115.88134636461996,1.8701050631470086,-185.7330755826313,-0.04597735590736991,132.58291819239236,1.8311841627422787e-09,1.1341629072577921e-08
1.625e-07,115.37278677356083,2.400713138178126,-188.922467601977,-0.04648456262457693,115.30639479421924,2.4220675715601887,-188.4735928178893,-0.04566237606293137,145.0865825777765,1.8670755046753596e-09,1.1439209930064112e-08
1.65e-07,108.36204280438473,2.986251173407824,-189.91360951246676,-0.045750048709878845,108.43210166481762,2.9676479014587773,-191.19929580786595,-0.04552409110599834,151.03266383639138,1.906962042546525e-09,1.1584026861868985e-08
1.675e-07,96.14329240513516,3.456805990096119,-195.12624128249175,-0.04542415345463889,95.99858823727803,3.477251048784763,-193.91733182827522,-0.0455594199471662,150.15241263636153,1.950789561350901e-09,1.1787132998360031e-08
1.7000000000000001e-07,78.84146686162016,3.9223988648829975,-195.83602793396008,-0.04570907858748856,79.1149161926253,3.9250227569509195,-196.63492342436865,-0.045759670958262146,142.48561432733177,1.9983082524552517e-09,1.2055071660278414e-08
1.7250000000000002e-07,59.018655179259476,4.27267314213674,-199.52880811558362,-0.046320314265831185,59.11116836789802,4.290522382056785,-199.35926150169553,-0.04611180063655152,128.3787907332667,2.0490980671263722e-09,1.238820173232432e-08
1.75e-07,38.15918533781831,4.570008144034052,-202.95227916822253,-0.047460792739332694,37.37698559111648,4.559682938904536,-202.09740000038514,-0.04659990300247609,108.46953815514185,2.1026051172526956e-09,1.2780163677398139e-08
1.775e-07,15.238064093003887,4.76173997906033,-204.91226710082182,-0.04824791738949115,15.2119728636758,4.725008469627819,-204.85615317060714,-0.04720669680538005,83.65770947013742,2.1581843571218797e-09,1.3218552980043195e-08
1.8e-07,-6.854788265655082,4.7928877458161105,-207.33483140811873,-0.048386782600203855,-6.289751121096073,4.78507818230717,-207.6419964372402,-0.04791479105336653,55.06474283082575,2.2151434601334048e-09,1.3686561728096068e-08
1.825e-07,-26.60866793561249,4.728959733698061,-213.08190761457107,-0.04826973343832957,-26.305505990605482,4.74352896551818,-210.46097180316895,-0.048707560220016315,23.982975214527077,2.272783278434728e-09,1.4165153743995562e-08
1.85e-07,-44.340185875778786,4.642827904666388,-215.4608487002568,-0.04903863749520436,-44.29457295250956,4.607755618969978,-213.31859869339522,-0.04956953922255642,-8.18276826502688,2.3304314257513007e-09,1.4635296169029501e-08
1.875e-07,-60.138762115854554,4.330735122882437,-215.9530303281759,-0.049885873609534434,-59.957579100449195,4.387590495655401,-216.21979108674697,-0.050486340532713087,-39.97866925362384,2.3874671236036473e-09,1.507986298637268e-08
1.9e-07,-73.33569165287184,4.121645422226968,-220.3232704322797,-0.05218197898710405,-73.15820694919007,4.094198501455995,-219.16878171891125,-0.05144418488390174,-69.9676254354003,2.4433371958457214e-09,1.5484994074401198e-08
1.925e-07,-83.08091726100524,3.7577551103310762,-223.75061536106068,-0.05248978044648007,-83.82718065357365,3.739355476746578,-222.1690540704027,-0.0524292069708197,-96.7942042848047,2.4975646657938128e-09,1.5840866017215696e-08
1.95e-07,-92.06623036098027,3.3762834112520235,-227.21605555477723,-0.053447720408295964,-91.8711321019649,3.335181362061756,-225.2232827765487,-0.05342673584074959,-119.24590553002531,2.54975252413715e-09,1.6141953465836e-08
1.9750000000000001e-07,-97.66664739893523,2.8759023086764524,-229.46081826362206,-0.05409254615712808,-97.10731561783146,2.8942927671727667,-228.33328301434548,-0.054420749661839934,-136.30796340404848,2.599585704568082e-09,1.6386909068668895e-08
2e-07,-98.79524513501437,2.466174146453304,-233.4755565458791,-0.0559506867367694,-99.23954595793954,2.4302428593124503,-231.49996933386956,-0.055393666493035294,-147.20921174640122,2.646834061622322e-09,1.6578174131792745e-08
2.025e-07,-97.19758150826907,1.9664895497072488,-236.18371962984696,-0.0561965889849729,-97.88222459416592,1.9580481297822814,-234.72332431062182,-0.05632656374193443,-151.45693895742744,2.6913582603003846e-09,1.672138112100238e-08
2.05e-07,-91.66721037726961,1.4886747545772818,-239.01042933172712,-0.05846905076940478,-92.62946657661088,1.4945745756760047,-238.00237730057546,-0.05719983194877501,-148.85915744054003,2.7331191496826177e-09,1.682456071345126e-08
2.075e-07,-83.43190578856542,1.0406050964811928,-242.48146482500485,-0.05781169841462512,-83.15696256125172,1.0585754946429302,-241.33519348266884,-0.057994179442211496,-139.53328100437318,2.7721896788876794e-09,1.6897152871170158e-08
2.1e-07,-68.58800224507749,0.6595679201057506,-242.38079996299913,-0.05851376253949917,-69.33704357754615,0.6702361682367317,-244.71887327491243,-0.05869182974272331,-123.90081802601857,2.808767034206941e-09,1.6948859468303086e-08
2.125e-07,-51.23807722090525,0.3808181642580605,-246.25800946982258,-0.05887709002981054,-51.34380036377192,0.3501758921047174,-248.14956211107722,-0.059277707244032064,-102.66832023228218,2.843181719454685e-09,1.69884575162127e-08
2.15e-07,-30.487810627569043,0.11441773750795724,-253.47378500630555,-0.05842970570341472,-29.72574767688735,0.11796776715204338,-251.62247046599978,-0.05974039750738258,-76.79544817066315,2.8758999799804457e-09,1.7022783953780076e-08
2.175e-07,-5.557894099110208,-0.00040511242553440373,-257.61647025497933,-0.05999311008441863,-5.428354231447924,-0.009658845192436077,-255.13190391979415,-0.06007269860596135,-47.4515967380423,2.9075163811115772e-09,1.705615564273976e-08
2.2e-07,20.210881151671636,0.0022396425049552894,-257.96171661100465,-0.06015260531758745,20.243038670669254,-0.020688782234252027,-258.67130295558206,-0.06027164442030556,-15.963041194406143,2.938862910534052e-09,1.7090454433681582e-08
2.2250000000000001e-07,45.97046362122203,0.06133060465769287,-258.6499611092766,-0.060146607539094524,45.719244049929294,0.09051927106470445,-262.2332920926306,-0.06033796845256318,16.247007458575037,2.970738258467035e-09,1.7125966474744808e-08
2.2500000000000002e-07,69.63444884499746,0.31830741374950583,-266.97843812291234,-0.06091487300424887,69.31124273610622,0.32205854431092673,-265.8097378678575,-0.06027507219606883,47.722728373746754,3.0035355448450555e-09,1.7162841910360487e-08
2.275e-07,89.03053981679267,0.6189466449213978,-269.9951083302649,-0.059660935006991565,89.38260968957428,0.6640027444315969,-269.391815094343,-0.06008764846048876,77.04149064541762,3.0383300272930036e-09,1.7202805969412078e-08
2.3e-07,104.65812061422639,1.0691897937415604,-273.23018105759064,-0.060523895750773445,104.52538460451488,1.098758400143975,-272.97008074655287,-0.05978017192524946,102.87815298654093,3.0758519196216875e-09,1.7250598559457e-08
2.325e-07,113.36613345003116,1.547290435847511,-273.9184570327927,-0.058877904507010206,113.71322200096824,1.6022422766574151,-276.5345547491369,-0.0593554954413242,124.06495709714132,3.1167112845764946e-09,1.731462453305889e-08
2.35e-07,116.14241719983892,2.160296107735666,-281.7569563205728,-0.05855918215697994,116.40889840750098,2.145762321299164,-280.07480688010065,-0.05881377634955633,139.64430768013915,3.1613550865064364e-09,1.740648441413464e-08
2.375e-07,112.41869351662672,2.6680259020568435,-282.87708806852265,-0.05752874995200078,112.6103927050407,2.6983754788064505,-283.58004894045206,-0.0581519045976036,148.91205356804585,3.21003686728753e-09,1.7539377106266497e-08
2.4000000000000003e-07,103.08794961343654,3.2307111241566977,-286.2904991206139,-0.05701900173699435,102.82956036453115,3.2294261567415274,-287.039231291639,-0.05736352271900362,151.44931375216999,3.2628021870816543e-09,1.7725715046621604e-08
2.425e-07,88.72709738096006,3.7063137762138916,-291.3461989355763,-0.05677389989503225,88.00819372150657,3.710946851515118,-290.44114281968353,-0.05643963094769448,147.14140985029326,3.3194909941263385e-09,1.7974544589932915e-08
2.45e-07,69.70844357684918,4.115344286447896,-293.885407646627,-0.055805961481320304,69.38613095185738,4.11963099164015,-293.77451335127466,-0.05536967568048941,136.18304930838903,3.379755967002526e-09,1.8289430390688746e-08
2.475e-07,48.47349449863699,4.429165447256183,-295.68108056348206,-0.054934267223254785,48.34334144191688,4.438162137899729,-297.0281175225139,-0.05414294263321656,119.06952506747078,3.443093946966328e-09,1.866732333450998e-08
2.5e-07,26.026506103459656,4.640993432341334,-301.4768410541201,-0.0526997060581511,26.241335208800827,4.655790165571722,-300.1908790857423,-0.052750030572930505,96.5743294505919,3.508886149294054e-09,1.909864460966956e-08
2.525e-07,3.9042122007096633,4.7962906491252895,-302.3802752923727,-0.05050813747234993,4.288263282240306,4.768165294733397,-303.25197463406226,-0.0511841750669807,69.71419407131376,3.5764421254518755e-09,1.9568490322308587e-08
2.55e-07,-16.59405682024297,4.788654448112168,-305.59055365392675,-0.048120438003248917,-16.553080398316993,4.77655398717115,-306.2009357268542,-0.04944222495840475,39.70313588018184,3.645042532029814e-09,2.0058601493617208e-08
2.575e-07,-35.278086223292036,4.712875889579632,-309.6373278213322,-0.046867481584636994,-35.60351364283299,4.686647448367341,-309.0277484127552,-0.047525140914705624,7.897586363235687,3.713976598724511e-09,2.0549624250192312e-08
2.6e-07,-51.733955557585546,4.4451671653200115,-312.77022809973397,-0.04508837404230767,-52.45118867370506,4.5072193337640325,-311.7229491690934,-0.04543797318402634,-24.26491607215086,3.782571598653086e-09,2.1023215729050553e-08
2.6250000000000003e-07,-66.60476530889409,4.2659673638911775,-314.736474295395,-0.04320206211275686,-66.88991515000038,4.248887281042505,-314.27771630846416,-0.043189368730498064,-55.33069955958157,3.85021333686151e-09,2.1463690586073475e-08
2.65e-07,-78.52614446075766,3.947421227614427,-317.1898725106546,-0.040361402927495856,-78.82922317158675,3.9231847356303975,-316.6839559437059,-0.0407907394843204,-83.89566143154872,3.916358368231206e-09,2.185908175262776e-08
2.675e-07,-88.07241559625702,3.5318661604822443,-319.7837137928146,-0.0385646853574924,-88.19797308661552,3.5420651502476193,-318.9343816516257,-0.03825527897462882,-108.66873046244079,3.980540027071384e-09,2.2201641642529876e-08
2.7e-07,-95.1146908526708,3.1215418527699943,-321.86289044148117,-0.03656210633530906,-94.86382918592554,3.1178564121458194,-321.02258703298776,-0.03559703432781487,-128.530220347785,4.0423711573618544e-09,2.2487896589302278e-08
2.725e-07,-99.10648324274098,2.62523320133352,-321.4727553167879,-0.03284246684049198,-98.58720554824144,2.663579131863288,-322.94311043101357,-0.03283022123744346,-142.58243697534317,4.101546544300153e-09,2.27183811903653e-08
2.75e-07,-98.01987025591006,2.1924458701705434,-325.44540968796497,-0.030016147221405005,-99.02106681062982,2.193457917007959,-324.6914911423492,-0.02996891485992298,-150.19025215467056,4.157847466219948e-09,2.2897141166830172e-08
2.775e-07,-96.10262555821923,1.7273898801191563,-325.7410503042459,-0.027487885046286086,-95.75856409670287,1.7234059398839832,-326.26431653249904,-0.027027169869307616,-151.00980996494226,4.211149643804239e-09,2.303103893783009e-08
2.8e-07,-88.25338048447686,1.284555223135237,-328.7377672641669,-0.024212576172705627,-88.42064193797276,1.271259361409454,-327.65925955139903,-0.024019532869295528,-145.0040682595136,4.2614343995194895e-09,2.3128862072501888e-08
2.825e-07,-77.25932451886455,0.8926756339485797,-328.48779045556944,-0.02242852248728285,-76.76728392222091,0.8565805504784301,-328.8751062333443,-0.02096182665320304,-132.44447288659137,4.308801354801956e-09,2.3200246632700936e-08
2.85e-07,-60.45314627300275,0.5050884264148532,-328.1959490233067,-0.018200270040219145,-60.810546466520606,0.4999300685253208,-329.91177285810227,-0.017872023954682844,-113.89868895505853,4.3534797924861156e-09,2.3254489897743766e-08
2.875e-07,-40.3074660579828,0.22469838229704303,-331.13266623161974,-0.014554592679699382,-40.90600637233902,0.22161241079800767,-330.7703125458879,-0.014770999962187899,-90.20494366429853,4.395835153627849e-09,2.329941919871812e-08
2.9000000000000003e-07,-16.761981716916452,0.01351001000626894,-331.12527701303367,-0.012250276472509822,-17.80204546485963,0.04001028140690101,-331.4529111570885,-0.011682963582746996,-62.43414034367426,4.436367179477669e-09,2.3340562434210188e-08
2.925e-07,7.462313229462116,-0.040586480608777,-331.3289863362228,-0.008475626418200318,7.366937477218062,-0.030283605898109182,-331.96287246730526,-0.008635415799909072,-31.841456060815588,4.475696980905511e-09,2.338087995136712e-08
2.95e-07,33.4639970130532,0.047454412223474005,-330.69703864960445,-0.0056579929145334,33.147913522328764,0.019732660147774465,-332.30459268852667,-0.0056585612345020075,0.19038952342877458,4.514944460550004e-09,2.3421230095653795e-08
2.975e-07,59.00517421308389,0.19937791345987443,-332.8266939208925,-0.0029844636476217957,57.89128294104847,0.19202215296423716,-332.48352450714725,-0.002784192598962432,32.213629934788315,4.554079119926301e-09,2.346155256771667e-08
3e-07,79.95489559063593,0.4998170802727768,-333.08054469810287,-0.0004249785175059775,79.9120114662342,0.4806654044505577,-332.50613090818996,-4.4160600707761e-05,62.78088763321083,4.594292644612635e-09,2.3502513613772163e-08
3.025e-07,96.95117351358215,0.8618927668290012,-333.2541791948878,0.0034753664642018295,97.6670847975514,0.8717941171920317,-332.37982915157596,0.002531382506306484,90.5105921815587,4.636332729682153e-09,2.354715098512506e-08
3.05e-07,109.90100634534518,1.3290292014311187,-333.3566652590585,0.005114638840986024,109.92315456350917,1.3443649608325796,-332.1129253597325,0.004915732662880442,114.14942408311654,4.680854175041652e-09,2.3601975344595337e-08
3.075e-07,116.46486605216765,1.8410912388394018,-330.17262160027326,0.007691392928827657,115.88929815577708,1.8717122062274891,-331.7145402653853,0.0070871380841367685,132.62896196865773,4.728371529853395e-09,2.3677082884435236e-08
3.1e-07,114.76778278071262,2.3619328128282073,-329.81614282880946,0.00956375774708136,115.29512565900004,2.4237015006838862,-331.19452675321475,0.009029853102593195,145.11397280921588,4.779222163468059e-09,2.3785099217382065e-08
3.125e-07,109.23898474542723,2.9893743499853866,-330.40725558208203,0.01226923222569162,108.40313202662651,2.9692178879761344,-330.5633799083973,0.010734606089824572,151.04016254691993,4.8335437340383554e-09,2.3939125603449215e-08
3.15e-07,96.02253683754331,3.471873914212021,-332.68271057517467,0.013524789804965796,95.95471276661132,3.478674347143462,-329.83214035816053,0.012198437308327198,150.13968090134006,4.891268241841816e-09,2.4150173549680185e-08
3.1750000000000003e-07,80.19020584631231,3.915805518697153,-328.0908706138297,0.012736698708864755,79.05981199826229,3.926230451284049,-329.0122917586863,0.0134239608876458,142.45322759218914,4.952132763080565e-09,2.4424740024821786e-08
3.2e-07,58.711466084490496,4.2438479863625735,-325.73088106033805,0.014834124219848827,59.048925994062564,4.291463320765623,-328.11565333836745,0.01441819325057687,128.3282128046774,5.015704895801806e-09,2.4763135903518635e-08
3.225e-07,37.82120263316602,4.5615831061396985,-324.9231597742274,0.015723851196583885,37.31163814442792,4.560325432874537,-327.1542684590359,0.015191153062544543,108.4030550402966,5.081419239994444e-09,2.515895574169128e-08
3.25e-07,14.754636220387061,4.70792045713392,-326.0804326013886,0.015237967188757985,15.147095672400708,4.725339787023404,-326.1402901988241,0.01575446449559381,83.57832605442489,5.148620142764749e-09,2.5599754687324212e-08
3.275e-07,-6.4356016218294565,4.744549821858619,-325.06254937224793,0.016253321395436043,-6.351313244363351,4.785102209100484,-325.08586499342476,0.01612018205038174,54.976047063857365,5.2166056218911915e-09,2.606869245888823e-08
3.3e-07,-26.868444014067908,4.720029915113535,-324.4249036120769,0.017146294495497406,-26.361751689560027,4.7432626585270885,-324.0030153963261,0.01630000426896625,23.888975942981716,5.284667857412411e-09,2.6546709445456148e-08
3.325e-07,-44.653735618135755,4.587416456460722,-324.11833295922617,0.01625084757798852,-44.34429516172237,4.6072250143376525,-322.90352303290956,0.016304964902830243,-8.277822488138932,5.3521267949097865e-09,2.7014757925937305e-08
3.35e-07,-59.97096517390521,4.3587701697753145,-323.0239691762686,0.016476306600673677,-60.000180953289885,4.386827029661454,-321.79881282791695,0.01614559786436609,-40.070482193886,5.418355004992144e-09,2.7455704311428835e-08
3.375e-07,-73.6063776004755,4.118903866993992,-320.4431903132585,0.01564378814031366,-73.19343373760526,4.09323625725186,-320.6998395806868,0.015832483275286996,-70.05204735699735,5.4827936882155075e-09,2.785568653600789e-08
3.4000000000000003e-07,-83.62032752287764,3.7312752673439626,-320.0502399600229,0.015206586878377832,-83.85483268829617,3.738229719623213,-319.6169779477185,0.015377012129890795,-96.8674195091355,5.5449612830863e-09,2.8204883276175e-08
3.425e-07,-92.31718051902101,3.3287257559975107,-319.34582678454393,0.014403695539071918,-91.89082483467783,3.3339284159124194,-318.55991686766987,0.014792168958463041,-119.30460489568264,5.6044572470930725e-09,2.8497774046941152e-08
3.4500000000000003e-07,-97.3723610300026,2.8962679107598275,-317.22607089844564,0.013897643868788157,-97.11834235821189,2.892950974907931,-317.5375594300099,0.014093132073789932,-136.34949383338076,5.660964047453035e-09,2.873301822998483e-08
3.475e-07,-99.29895209998257,2.4258130417808252,-319.3779009652679,0.013357029845250525,-99.2408770362855,2.4288541186851873,-316.5579291455149,0.013297529219154537,-147.2316961585799,5.714250153819016e-09,2.891306507628884e-08
3.5e-07,-97.35739057349709,1.9210557268136776,-314.743909171506,0.01240915804757567,-97.8726488664886,1.9566593509098305,-315.6280835249726,0.012425255521622292,-151.45936110822578,5.7641759386809906e-09,2.904355562894006e-08
3.525e-07,-92.50384471886652,1.5141995159366775,-314.85089624012795,0.011067172629083735,-92.60785190143018,1.493238395359606,-314.7540358122766,0.011497847808286976,-148.84140785425797,5.810703052960814e-09,2.913252916938443e-08
3.55e-07,-83.63840608929077,1.1068515467515199,-313.23035466153664,0.011546359577824105,-83.12258670025554,1.0573497085299755,-313.940685650071,0.010537498495548862,-139.49616192188967,5.8539063304578065e-09,2.9189433693056982e-08
3.575e-07,-68.95323095499823,0.6423342770537255,-314.26309838585587,0.008765772581705014,-69.28993056288222,0.669181582737021,-313.1917593808276,0.009565866949717347,-123.84600714533018,5.8939858962230215e-09,2.922397813270184e-08
3.6e-07,-51.394293487544246,0.3100725650602309,-313.6106437075607,0.009391615141874088,-51.28499283890696,0.34935261018392255,-312.5097606043473,0.008602892552421079,-102.59829488037539,5.9312761988505406e-09,2.9244945650920938e-08
3.625e-07,-29.340681453027113,0.09958365146881601,-309.6378853083137,0.0069832517554503665,-29.65745402728836,0.11743024852781918,-311.8959315248913,0.007665822880068211,-76.71337333397538,5.966248367256606e-09,2.9259179208539702e-08
3.65e-07,-6.06792859596329,-0.02161680355347827,-313.40099506551167,0.0074469101424597065,-5.353929132270972,-0.009867328775504934,-311.35022552822727,0.006768640296445193,-47.361182012282754,5.999502705105965e-09,2.9271003095404513e-08
3.6750000000000003e-07,19.977594883685303,-0.0016801220094596614,-312.01637362882684,0.005453976394914702,20.319293775177616,-0.020541494913525655,-310.87129133163205,0.005922005818769035,-15.868373119278207,6.031880469397519e-09,2.928231003209223e-08
3.7e-07,46.19830453221776,0.08461142776534385,-307.68543504130815,0.004763726690743381,45.79244295596177,0.09102822622626058,-310.4564689491724,0.00513375152275752,16.341650101663756,6.064179991321603e-09,2.929340245411176e-08
3.7250000000000003e-07,69.49718706712815,0.33888106868096746,-309.04624185111686,0.004930429739447191,69.37639265963529,0.3229117147955722,-310.1017976112821,0.004409857410679927,47.8130679528589,6.096808795155844e-09,2.9304453407623943e-08
3.75e-07,89.4544472391772,0.6777669637768854,-308.3128903298524,0.003115070296308639,89.43513800492761,0.6651591248331475,-309.8020356726673,0.0037557624822462544,77.12344401730715,6.1308483294588605e-09,2.9317217437574613e-08
3.775e-07,103.8692387106151,1.0843754348970844,-310.7957445843305,0.004476826630106157,104.56163651803097,1.1001557223867553,-309.55069243682544,0.003177798095317694,102.94801604543048,6.167037323415472e-09,2.9336468339487075e-08
3.8e-07,114.1138065392569,1.6066111033640478,-310.38153391519614,0.0033716224112967518,113.73085465008444,1.6038016122658518,-309.3400717199055,0.0026845056969123,124.11957219186905,6.205994635855836e-09,2.937064623342135e-08
3.825e-07,115.64879740592912,2.1463977004416086,-312.95038039128303,0.002510440756040417,116.4071126555408,2.147394468123208,-309.16132687217777,0.0022876154952560833,139.68120633279776,6.248176237677361e-09,2.9431384542910265e-08
3.85e-07,112.46873869741366,2.679765534985831,-308.72650819769217,0.0015581805511325896,112.58996965023847,2.6999883395862985,-309.0045268729724,0.002002515340379714,148.92956804356476,6.293844824776735e-09,2.9531909453972334e-08
3.875e-07,102.45729244915353,3.2194861711643084,-307.9919473901096,0.0025679582035532484,102.79270084347812,3.230932177777692,-308.85873301547304,0.0018481209622022913,151.44665243614153,6.343055198655601e-09,2.9684653263747113e-08
3.9e-07,88.86863256563929,3.7196982449195453,-309.74027372104524,0.0005195779383407712,87.95819043904841,3.7122695996394923,-308.7120856021211,0.0018461556060566822,147.11869302814125,6.395656573625394e-09,2.989867490320073e-08
3.925e-07,69.39182217558869,4.147541799623433,-308.287892726255,0.0024060213651353047,69.32692888200033,4.120710103949721,-308.55189998043295,0.0020199422005518363,136.14130372874124,6.451310848921319e-09,3.0177546284897025e-08
3.9500000000000003e-07,48.204805882865436,4.446692597465201,-309.3766702253572,0.002377783252010176,48.27905834432503,4.4389561532851385,-308.3647711635864,0.0023928880318632786,119.01063753546099,6.509523959271457e-09,3.051822335584637e-08
3.975e-07,26.033698082676374,4.655815180986009,-309.8966877570839,0.0030830580792717594,26.175817767718826,4.65627709160387,-308.13668620094285,0.0029868872861855827,96.50096154856108,6.569685990702202e-09,3.091113348360981e-08
4e-07,3.9200773190161904,4.761923608491343,-311.65966893497,0.004086470647714561,4.224745001270682,4.768341117920764,-307.85314339147175,0.0038208731601862274,69.6296618613545,6.631115033546435e-09,3.1341382667569845e-08
4.025e-07,-16.934114566740185,4.785899171417193,-307.3880732363074,0.006342727153394673,-16.612174009963027,4.776429637886426,-307.49927736846206,0.004909717861421445,39.61126002567724,6.693099831122713e-09,3.179072683631629e-08
4.05e-07,-35.3735954078226,4.669279185926982,-307.9482255035676,0.0064326663373840244,-35.65659508836514,4.68624493256016,-307.05998902755397,0.0062636120896909266,7.802519443582441,6.754937120915974e-09,3.223983192355199e-08
4.075e-07,-52.137132423096034,4.490491508344656,-306.9930361526426,0.007804700644870688,-52.49738656437483,4.506567809439965,-306.52007922249277,0.007887967741700462,-24.358877248681942,6.815960977408903e-09,3.2670378528607536e-08
4.1e-07,-66.68089742824013,4.2450236696931825,-305.0226901504646,0.009394842236535961,-66.92884050366092,4.248019780378067,-305.8643851145569,0.009783794522008,-55.419308161788074,6.875563178704005e-09,3.306670655841847e-08
4.125e-07,-78.90874140922715,3.9346777946059106,-305.7895540574052,0.01132790068454056,-78.860683290611,3.9221360312248663,-305.0779180326887,0.011948419597457231,-83.9749125524003,6.933205313864244e-09,3.341687401427525e-08
4.15e-07,-87.2545338892836,3.555766178834849,-306.69668030460406,0.014202923219806296,-88.22170023358417,3.540870976488532,-304.14600168224086,0.014376363947497523,-108.73504213175309,6.988424717589455e-09,3.3713156491869474e-08
4.175e-07,-95.19147726799623,3.080949415594908,-300.88251122510655,0.016863363626931374,-94.87928637583103,3.1165539351319427,-303.0544095311363,0.01706016940985622,-128.58059542911667,7.04083712355535e-09,3.395210032039697e-08
4.2e-07,-99.08086180699904,2.638863783259031,-301.16107825631366,0.020029356211222808,-98.59351511227237,2.6622082739495676,-301.7895002032231,0.01999098985284985,-142.6145986297373,7.09013903725869e-09,3.413425596852636e-08
4.2250000000000003e-07,-99.16646959909322,2.1921582922225458,-299.82111701342785,0.022149462378307526,-99.01708206768092,2.1920629390810684,-300.3383497197067,0.023158814586943875,-150.2027467485902,7.136112245649075e-09,3.426368017244157e-08
4.25e-07,-96.00947360063164,1.708365304553133,-297.71750563246474,0.026179551616436775,-95.74307517276888,1.7220366044916358,-298.688879450689,0.02655227183656748,-151.00207277119625,7.178631737265181e-09,3.434724084005812e-08
4.275e-07,-88.34059999164319,1.296899027846327,-299.03463414546843,0.029913271067169112,-88.39267890508386,1.269971058681653,-296.82997866986324,0.03015805006535663,-144.97644898163924,7.217676841989258e-09,3.439372485550622e-08
4.3e-07,-76.52540767287277,0.8894495564548586,-297.26104915354387,0.03367364765334351,-76.72645914481377,0.8554329566091997,-294.75162064607315,0.03396005854157609,-132.3982198530515,7.253343914448724e-09,3.4412760912100365e-08
4.325e-07,-60.65507153527557,0.4663246696216543,-293.68699801438305,0.03818863055986666,-60.75736732427126,0.4989841897452638,-292.4449712553999,0.03793851022356424,-113.835892697637,7.285857686212218e-09,3.441363211121165e-08
4.35e-07,-40.53574918090998,0.20805348913631383,-287.35718737196754,0.04111505466541439,-40.84209145821123,0.22092619270307753,-289.9024891562767,0.0420691382360455,-90.12844243082478,7.315577755374846e-09,3.440414533296567e-08
4.375e-07,-17.732043272655694,0.01465894913253403,-287.70952811739016,0.04553344953390982,-17.730191742603324,0.03963327404625893,-287.11801663736134,0.04632274631536476,-62.34739181568502,7.34299672579588e-09,3.438980311225555e-08
4.4e-07,6.978936099605764,-0.019928813399189553,-284.3008657125322,0.05125399292218285,7.442864672377381,-0.030315800587056286,-284.0868603229464,0.050665245085490106,-31.748381074222472,7.368727281745655e-09,3.4373537606632737e-08
4.425e-07,33.04489606015381,0.016904974906281265,-280.06264870569623,0.05555770053784096,33.22326560260836,0.020062004896934695,-280.80586100292703,0.05505824815111,0.2855841911899665,7.39388005629691e-09,3.4356178540584756e-08
4.4500000000000003e-07,57.71071311051733,0.18173053728208483,-276.04983041533944,0.05856317471391784,57.961055681529466,0.19270740295918937,-277.2734519430688,0.0594602083631946,32.30664170152269,7.418412761237665e-09,3.433763859707698e-08
4.475e-07,78.86627003406127,0.5315668789563441,-271.99758779291346,0.06414426035583816,79.97135691006687,0.4816771655159202,-273.489705125772,0.06382798176855353,62.867512578876706,7.44350540441286e-09,3.431855957684445e-08
4.5000000000000003e-07,97.50996279865907,0.8364678996139104,-268.9653993494673,0.06824171395102616,97.71183324110709,0.873080281732637,-269.45636497090356,0.06811863120270599,90.58691505588399,7.469892487116165e-09,3.430195679727857e-08
4.525e-07,109.14041206601266,1.364593244562605,-266.5451353605683,0.07246197892730764,109.95026889176334,1.3458542030866643,-265.1768691897143,0.07229123677615149,114.21199526599098,7.498214645807887e-09,3.429431842088533e-08
4.55e-07,115.00094962069763,1.8429723612280102,-259.0470595082392,0.07604691501682072,115.89719246849856,1.8733195644400875,-260.65635653148126,0.07630847479757512,132.67495338510872,7.528971442658035e-09,3.4305715037590344e-08
4.575e-07,114.92623977449038,2.4438974253589234,-256.35288060746154,0.0801761496020165,115.2838013696175,2.4253353723375333,-255.90166129140783,0.08013776126041357,145.14130575195713,7.56248460841734e-09,3.434874052441926e-08
4.6e-07,107.18243054814569,2.998540260354559,-252.86159628358314,0.08325304217787599,108.37411376750451,2.970787557932756,-250.92129455853086,0.08375182509234097,151.04760162918421,7.598875703488896e-09,3.4436456288143395e-08
4.625e-07,95.77243700005252,3.4485699850181417,-246.27017526134534,0.08748551163435943,95.9107984430578,3.480097102859339,-245.72541229297684,0.08712866803136031,150.12688989355027,7.638060377462936e-09,3.4579825680393306e-08
4.65e-07,78.985711696647,3.9121783168796425,-241.92512080021433,0.0898844128266507,79.00468064810964,3.927437424563223,-240.32577043193496,0.09025096636517947,142.4207846187687,7.679759315591523e-09,3.4785291019863975e-08
4.675e-07,58.12531613820288,4.31004229963792,-235.86562811728405,0.0926333432263162,58.98666866671325,4.292403416051124,-234.73566733219886,0.09310505778899918,128.27758421414174,7.72352389704267e-09,3.5053105413655104e-08
4.7e-07,36.99972492521698,4.585768826643783,-229.64064851945795,0.09524471888024025,37.246287134070656,4.560967018739402,-228.9698739631724,0.09567971907251976,108.3365291296422,7.768772881577394e-09,3.5376806615300354e-08
4.7250000000000003e-07,15.192992873514278,4.710810516635263,-224.5342450076275,0.09803668381507885,15.08222448000751,4.725670184860698,-223.04455236687807,0.09796496637266872,83.49890964331355,7.814835352177305e-09,3.574389773847056e-08
4.75e-07,-6.754892160174877,4.752465180057493,-216.422771756926,0.1003502137747384,-6.412862210350658,4.78512534906838,-216.9771629999116,0.09995109557664432,54.88732959321527,7.86099482585865e-09,3.613749398154651e-08
4.775e-07,-25.988470612199635,4.762588233349377,-210.98787577795184,0.10084409351634765,-26.41797956390721,4.742995530120764,-210.78636166554523,0.10162812784300922,23.79496724044751,7.906529923436652e-09,3.6538500059677164e-08
4.800000000000001e-07,-44.87613393728726,4.599739643851224,-202.3403320651149,0.10317680315946408,-44.393997005429966,4.6066936747157,-204.49188683155396,0.10298574497355036,-8.372873443298836,7.950748144666984e-09,3.6927841435505316e-08
4.825e-07,-60.412233800668766,4.3941196192053535,-199.10441681123174,0.10536138751716831,-60.04276132930824,4.386062926387019,-198.11443821001114,0.10401370476437996,-40.16227931495586,7.993010896891554e-09,3.728836566960656e-08
4.85e-07,-73.70154251985493,4.0526527431236685,-191.31238786460517,0.10484612189417392,-73.22863851500425,4.09227347843917,-191.67554754860626,0.10470263479191155,-70.13644162315647,8.032749669959045e-09,3.760619854791176e-08
4.875e-07,-83.23696944382756,3.7316576475266827,-187.08341173899868,0.10453089601116451,-83.88246194673579,3.7371035332425953,-185.19744264834887,0.10504503035298707,-96.94059649174271,8.069474817623596e-09,3.787151211707304e-08
4.9e-07,-91.8597607102618,3.3461981836514187,-179.44659737617695,0.10497890398634827,-91.91049321615114,3.332675149972172,-178.70290567924837,0.1050362412713089,-119.36325716177075,8.102779516238289e-09,3.807878392742771e-08
4.925e-07,-97.75707609930222,2.892885895578557,-171.57487157212046,0.10421276530238734,-97.1293421494235,2.8916089804157514,-172.21512691323784,0.10467523019685623,-136.39097043409248,8.132341936243047e-09,3.822667557289503e-08
4.95e-07,-99.1699162569449,2.473197425294415,-165.26399155370626,0.10406346047707811,-99.24217775710217,2.4274653062438243,-165.7575550318183,0.10396492229196841,-147.25412244601665,8.157928415466325e-09,3.8317642449321793e-08
4.975e-07,-98.45587319260149,1.9445623705681772,-159.1098270071542,0.10262556074009148,-97.86303917424759,1.955270646994815,-159.353745194304,0.1029120364968371,-151.46172346526703,8.179399535116662e-09,3.8357335508177915e-08
5e-07,-93.16620699698363,1.497568798025769,-153.33732076055202,0.10098585868412661,-92.58620035748551,1.4919024535559087,-153.0272060709266,0.10152637999292777,-148.82359950774546,8.196719660195317e-09,3.835380750203394e-08
5.025000000000001e-07,-82.97324230471155,1.0454263694038701,-148.4747854090139,0.09887462379286528,-83.08817278763883,1.0561243373298121,-146.80124705322083,0.09981968462349435,-139.45898776853002,8.209968992215996e-09,3.831652325914268e-08
5.05e-07,-69.8087005543512,0.6454841995935177,-140.8442990451653,0.09795950322228415,-69.24278096597334,0.6681275926526903,-140.69882685203186,0.09780415055978614,-123.79114737219953,8.219355804456834e-09,3.825521188955799e-08
5.075e-07,-52.11074020897816,0.3587568937260332,-133.3438538409215,0.09590600343778406,-51.22615349775263,0.3485300952702485,-134.7424046811447,0.09549092382627808,-102.52822902428704,8.225225576571469e-09,3.8178680519034934e-08
5.1e-07,-30.152164726818082,0.1537347763441756,-128.72344687466594,0.09279774183308331,-29.589136825578144,0.11689364376344892,-128.95379520208613,0.09288875983253304,-76.63126821206365,8.228063428139495e-09,3.809380099342327e-08
5.125e-07,-6.02962347487188,0.0015943028417784878,-125.19836878114826,0.09065460718238548,-5.279491918656746,-0.0100747928697426,-123.35402837324511,0.09000310981497738,-47.270748589079126,8.228486665593938e-09,3.800493328338382e-08
5.15e-07,20.27191826210093,-0.04094779871658047,-119.484006689442,0.0878279929761377,20.395547228092674,-0.020393138334736216,-117.96321530442933,0.08683581242158758,-15.773698779567335,8.227359351379639e-09,3.7914014937035455e-08
5.175e-07,44.842512616000676,0.08148810339276027,-112.8697150224266,0.08291102247299838,45.86562538470453,0.09153823419238741,-112.80042116665274,0.08338548613648857,16.436286293327814,8.225495423786687e-09,3.782140462821137e-08
5.2e-07,69.68682305717499,0.3726100480046097,-105.7654067658205,0.07950902881943354,69.44151173985756,0.32376585123726737,-107.88354614680887,0.0796486126557133,47.90338865612851,8.223335290534613e-09,3.772734450826715e-08
5.225e-07,89.78617818360416,0.6404817480764368,-104.95179560748377,0.07581546781386654,89.4876231201557,0.6663163170376948,-103.22921536844292,0.07562119307163788,77.20536694208191,8.221987647829231e-09,3.7633671122042614e-08
5.250000000000001e-07,104.29584546539314,1.1093582872820111,-99.4347210931597,0.07136126220053754,104.59783623255474,1.101553645328434,-98.8526786236813,0.07130076542184943,103.01783846207448,8.222223500930566e-09,3.7545251512829573e-08
5.275e-07,114.4368370097639,1.5788290676766359,-94.11520183997773,0.06681615513389878,113.74843040505796,1.60536129707058,-94.76772067819361,0.06668850989078222,124.17413828615567,8.224697024477333e-09,3.7470627266666766e-08
5.3e-07,117.08104552551458,2.15368312556179,-92.36219825186298,0.06199869818729979,116.40527002168909,2.1490266929880657,-90.98658282155539,0.06179114834356556,139.71804984152865,8.22990252938541e-09,3.7421537872756667e-08
5.325e-07,113.03341836707469,2.7012838576704072,-87.52403996043797,0.05621148856077389,112.56949424232612,2.7016010099241528,-87.5198962403473,0.05662237256946073,148.94702372404882,8.23814405214279e-09,3.74113170265447e-08
5.35e-07,102.51456571381748,3.2575018957603397,-84.08576106201079,0.051086152141355874,102.7557972718464,3.2324377636583166,-84.37662769157345,0.051203606822615384,151.4439313313731,8.249520698521604e-09,3.745250422827785e-08
5.375e-07,87.63756062385495,3.7163310205210904,-82.74613740426253,0.044969711618223045,87.90815401735895,3.7135917089761086,-81.56403785039795,0.045564012877779836,147.09591812585887,8.263928894723836e-09,3.755426545825668e-08
5.4e-07,69.75526891237963,4.148971978942079,-81.06721963889166,0.03975086187649116,69.26770579979427,4.121788426548403,-79.08765259966857,0.039739761488848925,136.09950440266326,8.28108057858784e-09,3.772028145945816e-08
5.425e-07,48.13624683570792,4.436865960323572,-74.1825010312131,0.033186974375592405,48.21476617903352,4.439749285730189,-76.95124742014698,0.03377270176230208,118.95170301993629,8.300534439914654e-09,3.79476218341747e-08
5.45e-07,25.89230262848149,4.640766411820329,-74.91596732695167,0.02684850345854349,26.110301834162087,4.6567630976042995,-75.15684493074541,0.027708640101794125,96.42755554948054,8.321735894183835e-09,3.8226835618888937e-08
5.475e-07,4.574025086308665,4.756504669716417,-71.59551604846467,0.020806975072432128,4.161236626360806,4.7685160331290675,-73.70472551831443,0.02159547932273707,69.54510216270654,8.344060761543983e-09,3.854316091772741e-08
5.5e-07,-17.42849862290941,4.78807160097338,-72.4016971699186,0.016107112445587327,-16.671251825677786,4.776304431252591,-72.59345088759967,0.015481461020283126,39.51936853327554,8.36685771194867e-09,3.887849727910579e-08
5.525e-07,-35.67794486352103,4.674664441431213,-73.22783206091154,0.010714393374401363,-35.70965720696863,4.68584163674088,-71.81990025481753,0.00941370432806276,7.707449443618087,8.389485377800275e-09,3.921366539052238e-08
5.55e-07,-51.73104820503717,4.514603162225744,-73.26503810101784,0.00380440627761964,-52.54356340555125,4.5059155982233,-71.379318803818,0.0034371539346556446,-24.452828808713523,8.411341449217681e-09,3.9530510183463506e-08
5.575000000000001e-07,-67.70386866813098,4.2438392394317646,-72.21378110824014,-0.003062777022958856,-66.96774409441079,4.247151693565807,-71.26537792290969,-0.002406043003069105,-55.5078948853304,8.4318827805596e-09,3.9813543254283134e-08
5.6e-07,-80.6623894872861,3.9189035808053516,-72.06455175690054,-0.006712832545950858,-78.89212108722995,3.9210868447262635,-71.47024664397698,-0.008076798672512901,-84.05413052128588,8.450637231186907e-09,4.0050999283577004e-08
5.625e-07,-89.17723429047268,3.5271451044967375,-73.78006652456244,-0.013611374952836918,-88.2454039387077,3.5396764276800234,-71.98467361435826,-0.013539117345448671,-108.80131087419316,8.467209331859005e-09,4.023533338951847e-08
5.65e-07,-95.47691085649213,3.111889700652312,-72.2784328548421,-0.017767541347631526,-94.8947180363749,3.115251196005703,-72.79807884684566,-0.018760061721196417,-128.63091974886532,8.481282671018191e-09,4.036327248756167e-08
5.675e-07,-98.20841514991118,2.665424490832591,-75.02556113359412,-0.024268675041142287,-98.59979608940282,2.6608372773686875,-73.89865441484771,-0.023709807685156004,-142.64670398214622,8.49262200267673e-09,4.0435547236796706e-08
5.7e-07,-99.4223824083449,2.2260461657320043,-78.1646453311708,-0.028344525892576265,-99.01306513180776,2.1906679608194746,-75.27347318887874,-0.028361899499335493,-150.21518204484423,8.501077492196866e-09,4.0456392876623555e-08
5.725e-07,-95.39464736794672,1.7143964799093374,-78.11753990756361,-0.03233785975803812,-95.72755067672429,1.7206674241497701,-76.90860464771046,-0.032693749773327896,-150.9942759642232,8.50659237138453e-09,4.043285286552492e-08
5.75e-07,-88.3510222244903,1.2671224649832906,-79.32257721806533,-0.0366197179483728,-88.36467813234572,1.2686830817914814,-78.78923674326656,-0.036687350587110035,-144.94877246935897,8.5092138092155e-09,4.0373885410020064e-08
5.775e-07,-76.7890344164138,0.8880739287045423,-83.04496965360944,-0.03949090348302092,-76.68559667196433,0.8542858684140996,-80.8998027531029,-0.04033009004114829,-132.35191455079126,8.509105319841078e-09,4.028928513045948e-08
5.800000000000001e-07,-60.35598539698584,0.5339530229901477,-84.55882562015728,-0.04344178996683787,-60.70415355333033,0.4980389945134369,-83.22411201848097,-0.043615517050469094,-113.7730514996071,8.506557831895918e-09,4.018849485055098e-08
5.825e-07,-41.221207315262326,0.22665781500032384,-83.97013424078173,-0.04586079341906389,-40.778148442386,0.22024081941053658,-85.74548343987749,-0.046543877005404646,-90.05190561606845,8.501995888452197e-09,4.0079474798106865e-08
5.85e-07,-16.932446354612487,0.07362965058054416,-85.6149687815206,-0.04926849414548318,-17.658319848644805,0.0392572396640916,-88.44688058550354,-0.04912225662357374,-62.2606186739329,8.495975492779667e-09,3.9967875115059587e-08
5.875e-07,8.460332313819244,-0.0612497052831967,-91.92308942056137,-0.05202662772745974,7.5187972985389715,-0.030346943075088888,-91.31104726212295,-0.05136422580037793,-31.655293553873406,8.489170890583684e-09,3.9856771168712275e-08
5.9e-07,33.43411721047821,-0.01792390525821876,-93.70934874121966,-0.054580003778885854,33.29860863742202,0.020392419342424934,-94.32064240121048,-0.053288939127914256,0.38077874620650415,8.482752567647515e-09,3.974713313279679e-08
5.925e-07,58.04685800498701,0.17592792528277904,-97.91494092045042,-0.054207420449312455,58.03080458407744,0.19339367096825197,-97.45837312720086,-0.05491974686081191,32.39964071410551,8.476734451767158e-09,3.9639012645161536e-08
5.95e-07,79.93575660509775,0.4924312694827298,-100.44680451181314,-0.05638023911797609,80.03066497112164,0.4826898231348271,-100.70712489809964,-0.05628244894241547,62.954112705443755,8.472351369220926e-09,3.9533189161005536e-08
5.975e-07,97.9434175944507,0.8810871596189097,-103.63302965859762,-0.05936352930766427,97.75653348146656,0.8743671583891742,-104.05008764184008,-0.05740339111321192,90.66320216792896,8.470389360701954e-09,3.94328130150098e-08
6e-07,108.95728539813076,1.3012326807764558,-107.63966936111177,-0.05743506058572642,109.97732808952826,1.3473439237034963,-107.47087685412193,-0.05830763698061213,114.27452135977809,8.471537547039092e-09,3.934450190036056e-08
6.025000000000001e-07,115.60044112439404,1.8644113329941339,-110.94409737437536,-0.05795368518035384,115.90502930284498,1.8749271368989755,-110.95364867469908,-0.05901744729696165,132.72089242359007,8.47634076034074e-09,3.9278446654377354e-08
6.05e-07,115.49073962562917,2.4167465999350894,-115.22491284179843,-0.059872363759239475,115.27242193952418,2.4269691856449414,-114.4832080186859,-0.059551257095008095,145.1685813952093,8.485162657800117e-09,3.924734834117071e-08
6.075e-07,109.40402381426479,2.965470359642732,-117.42918690425886,-0.059717458092735765,108.3450469120878,2.9723569105291796,-118.04510890688799,-0.05992326890633277,151.05498108024764,8.498163280419229e-09,3.926435978379665e-08
6.1e-07,95.2173048845356,3.4667373178327554,-123.37200756785286,-0.05960089010368907,95.86684529897892,3.4815193152646238,-121.62574621380952,-0.06014368781259963,150.11403961804197,8.515293231812891e-09,3.93405190905094e-08
6.125000000000001e-07,79.99461522529009,3.9240051047042526,-129.59662818517847,-0.06009055668923486,78.94952217811269,3.9286436762896204,-125.2124381331718,-0.0602195269638666,142.3882854198774,8.53630455991636e-09,3.948232780463187e-08
6.15e-07,58.92527163310057,4.322523665781699,-129.5421459222609,-0.0608598905563359,58.924396421232686,4.2933426675997,-128.79349874774934,-0.060155826832925335,128.22690498164707,8.56077636123161e-09,3.9690085449843704e-08
6.175e-07,37.47741072453546,4.614859250062497,-132.4600244597425,-0.059132689738640214,37.18093259133888,4.561607696366665,-132.3583001823102,-0.05995707235568456,108.26996044944106,8.588151420394542e-09,3.995736684730271e-08
6.2e-07,15.47747018546724,4.696565629207066,-133.84436848026942,-0.06029470470562938,15.01735931131005,4.725999663167138,-135.8973239145983,-0.05962856926441136,83.41946026815504,8.61777911070562e-09,4.0271706042184686e-08
6.225e-07,-6.942504548440985,4.78628287606471,-136.40719083866117,-0.059410612158085435,-6.474398001702241,4.785147602365636,-139.40220091876358,-0.05917755810863499,54.7985904539267,8.648959468214495e-09,4.061624522231238e-08
6.25e-07,-26.966957331285673,4.796031588954142,-142.51738941893376,-0.05912453981748711,-26.474189603302925,4.742727580544421,-142.86574041752772,-0.05861389845363688,23.700949144036013,8.680983832568913e-09,4.097191297270987e-08
6.275e-07,-44.24196079978842,4.60031469753406,-145.10582442281654,-0.058997579395285854,-44.44367847865175,4.606161600405416,-146.28194712275516,-0.057950236879637684,-8.467921092979834,8.713168605064667e-09,4.131965505528379e-08
6.3e-07,-60.29062649526828,4.382676249492392,-151.56613976129336,-0.056895684683145785,-60.08532022650873,4.385298186163245,-149.6460269480723,-0.05720166625253394,-40.2540605805939,8.744880276786941e-09,4.1642334455194e-08
6.325e-07,-74.02452036720658,4.074908227991763,-152.04282781711416,-0.05641290345438078,-73.26382127982652,4.0913101653641935,-152.9543812807861,-0.0563849736716714,-70.22080820055824,8.7755516241856e-09,4.192608588569066e-08
6.350000000000001e-07,-83.59258992840202,3.6939846374587413,-156.0279798824167,-0.0561961990235946,-83.91006842564278,3.7359769179633098,-156.20459000271188,-0.05551764464550066,-97.01373520373853,8.80469053576199e-09,4.216108233491758e-08
6.375e-07,-91.73457191840045,3.377669928164803,-159.23253422430184,-0.05492956882684317,-91.93013724022823,3.3314215646188705,-159.39538354968178,-0.05461682910848893,-119.42186230513624,8.831884042353752e-09,4.234179320728593e-08
6.4e-07,-97.08685968407855,2.885174362838579,-161.7520433859118,-0.05254150237100713,-97.14031498239395,2.8902667841054677,-162.52660439660752,-0.053698474358701315,-136.43239318980815,8.856800586003777e-09,4.24668621837164e-08
6.425e-07,-99.89861012658633,2.3970071246997424,-168.2014073830084,-0.051804939354920206,-99.24344810965484,2.4260764224403983,-165.59915844815225,-0.05277679129626974,-147.27649059985777,8.879193313751074e-09,4.2538716602371865e-08
6.45e-07,-98.05321025429744,1.904626135479932,-168.4615889244457,-0.05204896569194318,-97.85339550735075,1.953882018536992,-168.61495690348076,-0.05186415077911248,-151.46402602761853,8.89890629277527e-09,4.2562968969004704e-08
6.475e-07,-92.65865795249145,1.4736757024193696,-171.1060689206108,-0.05120729442283281,-92.56451193825531,1.4905667508060216,-171.57684924646452,-0.05097141934457118,-148.80573240803247,8.915884203139177e-09,4.2547622987444795e-08
6.5e-07,-84.04845302304216,1.0652661189473438,-173.59082954017404,-0.04953711451285948,-83.05372082343088,1.054899381604902,-174.48854808936156,-0.05010865408778788,-139.4217585589712,8.93018455039009e-09,4.25020836797076e-08
6.525e-07,-69.46020327984586,0.6237084197242936,-177.45417895149924,-0.04992049672559868,-69.19559479580997,0.6670741985338176,-177.35454666770906,-0.0492860016141763,-123.73623872828468,8.941990063402985e-09,4.243600968261367e-08
6.55e-07,-51.09761537834685,0.3267665527904024,-180.1652611169191,-0.04794135550508087,-51.16728235956799,0.3477083478573683,-180.18002984635538,-0.04851459956630848,-102.45812269167757,8.951617991005723e-09,4.235812759156872e-08
6.575000000000001e-07,-28.644428618503635,0.1595834035081765,-185.49351037425384,-0.04755702759870779,-29.52079610111885,0.1163579532473119,-182.9707795506795,-0.047807270035480555,-76.5491328373385,8.959522695714743e-09,4.2275220029250215e-08
6.6e-07,-5.472944724810428,-0.004715752382871448,-188.59066869785522,-0.04721726450016592,-5.205042628320552,-0.01028123723857783,-185.7330755826311,-0.04717882428519956,-47.18029650413156,8.966288359900729e-09,4.2191551210388833e-08
6.625e-07,20.852767090904436,0.00555008923367159,-186.73515911570829,-0.04702669449494383,20.471798986533386,-0.020243712449892915,-188.4735928178892,-0.04664586263380506,-15.679018212650526,8.972746461488614e-09,4.210895908700442e-08
6.65e-07,46.641857468167274,0.07195322332859042,-189.57818086771843,-0.04550479929587537,45.938791292327075,0.09204929480199257,-191.1992958078658,-0.04622604085503465,16.530915996206346,8.97966608448823e-09,4.202770155539444e-08
6.675e-07,68.74558881003699,0.3648463824797313,-193.98531499786068,-0.04538876639006803,69.50659993663228,0.324620953265991,-193.91733182827514,-0.045936869625089354,47.9936904478979,8.987455135728344e-09,4.1947920709576865e-08
6.7e-07,88.94800778697103,0.6623705452785014,-197.57511377899837,-0.04442587156421075,89.54006500319434,0.6674743204884621,-196.6349234243687,-0.04579419946446522,77.28725938740142,8.997179414142532e-09,4.1871354279890184e-08
6.725e-07,104.49944578127449,1.0617865967394389,-196.40833320062205,-0.045670953548125434,104.63398372756491,1.10295216826776,-199.35926150169553,-0.04581060492917762,103.08762020890654,9.0095675518205e-09,4.180277063402908e-08
6.75e-07,113.31581153747442,1.5570390881379201,-202.27939640573754,-0.04656017092556189,113.76594925894919,1.6069213302835845,-202.0974000003851,-0.04599390741445364,124.22865535845781,9.025230102544092e-09,4.175061038142925e-08
6.775e-07,117.08438662375073,2.170236255875136,-205.7636196754965,-0.045782129988232306,116.40337051290167,2.150658995084669,-204.85615317060712,-0.04634606103264275,139.75483819178575,9.044616741392423e-09,4.172650674988442e-08
6.800000000000001e-07,112.49565556487235,2.717733632855428,-207.6484586002312,-0.04681414142617931,112.54896650073067,2.7032134890554915,-207.64199643724018,-0.046862572944532645,148.964420602607,9.067986094388075e-09,4.174367940929809e-08
6.825e-07,103.10456762995669,3.193223050455275,-210.68210546402506,-0.047297265324721276,102.71884967863659,3.2339429137205813,-210.46097180316892,-0.047532547318555184,151.441150438939,9.095391323673951e-09,4.181454503426842e-08
6.85e-07,87.30021648364036,3.7507324646855476,-214.510898761019,-0.04785920109918408,87.85808449113297,3.714913179006082,-213.3185986933952,-0.04833934496262008,147.07308515243784,9.126682613873325e-09,4.194813887811886e-08
6.875e-07,69.47045974499044,4.134452422074427,-216.29744528844566,-0.04965495070523314,69.20846174139663,4.12286595908442,-216.21979108674685,-0.04926175543152857,136.0576513466564,9.16152558506478e-09,4.2148005763056605e-08
6.900000000000001e-07,47.92482692362718,4.431661764556329,-220.18540319743593,-0.05174331392134315,48.15046497975469,4.44054153505318,-219.16878171891133,-0.05027550150803502,118.89272154416238,9.199432735384165e-09,4.2411078014463094e-08
6.925e-07,25.60274917066484,4.702261208787618,-221.57249153170417,-0.05155643386189176,26.04478743638772,4.657248183546178,-222.16905407040278,-0.0513548505577539,96.35411148232573,9.239803593414071e-09,4.272777003517389e-08
6.95e-07,3.3056165448918966,4.727192445166314,-227.8920720096426,-0.05189891288808744,4.097738178616673,4.76869004045771,-225.22328277654879,-0.052474100928410386,69.46051500875457,9.281968550538765e-09,4.3083191185037035e-08
6.975e-07,-17.502841691552227,4.813240723495184,-225.79671869008655,-0.05351875423100166,-16.730313831760935,4.776178367459713,-228.33328301434548,-0.053608744928731855,39.42746143925302,9.325231434892775e-09,4.3459120071130224e-08
7e-07,-36.844511182888866,4.697194604319029,-230.70302506287322,-0.054676489904255436,-35.76269999125185,4.685437561154562,-231.49996933386956,-0.05473617658220295,7.612376400874754,9.36890673114347e-09,4.3836264703323055e-08
7.025e-07,-52.32569381360245,4.481864117539469,-235.9416371930502,-0.05592296278372437,-52.589719194072906,4.505262700384536,-234.7233243106218,-0.055835900044552224,-24.546770715156615,9.412348765536599e-09,4.4196364889823415e-08
7.05e-07,-66.774779945089,4.2650230254856885,-240.134140858949,-0.05733589774892124,-67.00662592077616,4.246283020882695,-238.00237730057552,-0.056889287384836694,-55.59645969523389,9.45497188968513e-09,4.452383328379204e-08
7.075e-07,-78.84223464280805,3.9322282621246796,-240.68978997472485,-0.0584228358050149,-78.9235365592541,3.9200371764113084,-241.33519348266879,-0.057879015642156084,-84.13331530693188,9.496262390518036e-09,4.480681027844597e-08
7.1e-07,-87.05770885884739,3.5203846932394627,-243.17945093331662,-0.058694934957663605,-88.2690841973577,3.5384815041033097,-244.71887327491243,-0.05878836816123894,-108.86753666359729,9.535784220971106e-09,4.50376600484923e-08
7.125000000000001e-07,-95.27066573096268,3.082484949552816,-248.78794765767182,-0.05890315069431532,-94.91012415985855,3.1139481950654613,-248.14956211107733,-0.05960060444846149,-128.68119328716455,9.5731814470523e-09,4.5213020952434705e-08
7.15e-07,-98.38164162694163,2.708706211829769,-251.27880386850188,-0.06034618633576162,-98.60604846949698,2.659466142451586,-251.62247046599984,-0.060298582967301,-142.67875301989588,9.6081804123712e-09,4.53335368243325e-08
7.175e-07,-98.71474797677732,2.20176600925514,-254.74753425944067,-0.06068956733448571,-99.009015992259,2.189272982598967,-255.1319039197943,-0.060864766288274925,-150.22755803852303,9.64059403399862e-09,4.540335730343452e-08
7.2e-07,-95.15834051188232,1.7374062177124097,-259.4266931383072,-0.06167174618918462,-95.7119905998851,1.7192983992826605,-258.67130295558206,-0.06128165808159689,-150.9864195471014,9.670329497417445e-09,4.5429440967951775e-08
7.225e-07,-87.67450138091385,1.2417170102092498,-262.06419389746077,-0.061345908689665926,-88.33663961617144,1.2673954312030384,-262.23329209263056,-0.06153263137518996,-144.9210387335989,9.69739915280495e-09,4.542066132226801e-08
7.25e-07,-76.7082852664666,0.8598285789401329,-263.3723264909322,-0.061930940414670274,-76.64469650795209,0.8531392863746348,-265.8097378678575,-0.06160302394222137,-132.30555699809065,9.72193293071489e-09,4.5386728000173464e-08
7.275e-07,-60.73238232074806,0.5239358314146259,-266.6299256359644,-0.061719291159198615,-60.65090516776275,0.49709448329419664,-269.39181509434303,-0.061481315138002306,-113.710165385779,9.744189398952073e-09,4.533699841801507e-08
7.3e-07,-40.899938314403514,0.23781764511868142,-274.9481080252381,-0.061485192086939984,-40.71417734931325,0.21955629132462545,-272.97008074655287,-0.0611601705472144,-89.9753332502468,9.764561929724182e-09,4.527934744420334e-08
7.325e-07,-17.448321268704305,0.0667388837795867,-278.3413761791157,-0.060594184444446295,-17.586429816853943,0.03888217855945918,-276.53455474913693,-0.060637151971117784,-62.17382095267453,9.783576494217854e-09,4.5219341144853165e-08
7.350000000000001e-07,7.883016774474673,-0.01508254485192408,-279.00159245631824,-0.05942167228227423,7.594735314924429,-0.030377033208608455,-280.0748068801008,-0.059914939078561893,-31.562193536513664,9.801878379380002e-09,4.515997400002651e-08
7.375e-07,32.703628288564175,-0.021720086597946754,-284.6236419310098,-0.05905743623472586,33.37394258284441,0.020723903463708553,-283.5800489404521,-0.059000987164020365,0.47597315089869974,9.820610511724282e-09,4.51021406405803e-08
7.4e-07,57.81175560427512,0.2351908303488177,-285.78209660002426,-0.05762859610339576,58.10052960613248,0.19408095678495052,-287.03923129163894,-0.05790663927263518,32.49262693582328,9.83975898157212e-09,4.504582424646325e-08
7.425e-07,80.14269869201574,0.4830222370654697,-292.4062163646106,-0.05658548770135054,80.08993561280312,0.4837033769229486,-290.44114281968353,-0.05664580391676851,63.04068797872412,9.86053283171731e-09,4.4991743522936785e-08
7.450000000000001e-07,97.75517581432243,0.8644562421210406,-294.97800680223315,-0.054484951175876026,97.80118549200137,0.8756547466273865,-293.7745133512748,-0.0552333852266866,90.73945348757839,9.883692707611586e-09,4.494299480980444e-08
7.475e-07,110.34139064588298,1.353981467890495,-297.2847153093761,-0.053757193856336816,110.0043321429442,1.3488341220435431,-297.0281175225139,-0.05368369712412586,114.33700233979465,9.90990307490608e-09,4.49061460506618e-08
7.5e-07,116.53093673819234,1.9016198767461072,-304.6428216435981,-0.0516488961489744,115.9128086589175,1.8765349229151151,-300.1908790857424,-0.052009098857077746,132.76677906596444,9.939684815093861e-09,4.4891339078483704e-08
7.525e-07,115.07987610559793,2.474295253586131,-304.62848838762704,-0.04955461236126319,115.26098738220934,2.4286029399274263,-303.25197463406215,-0.05021905473657089,145.19579972820455,9.973378316141095e-09,4.491122317556977e-08
7.55e-07,107.80699964929451,2.9262497446986964,-306.6256217473888,-0.049519355628307074,108.31593148504312,2.973925945152907,-306.2009357268542,-0.04831975199769548,151.06230089719665,1.0011121016796754e-08,4.497889410705588e-08
7.575000000000001e-07,95.37540062488954,3.492701533277097,-307.40577425621484,-0.046215145099873935,95.82285336675217,3.482940983858071,-309.02774841275533,-0.046314319275847074,150.10113007988804,1.0052841574792753e-08,4.510532692679231e-08
7.6e-07,78.77947760825444,3.898840559358992,-311.9063881994045,-0.04488836747507715,78.89433662422482,3.9298492061021144,-311.7229491690935,-0.044203590108293896,142.3557300083464,1.0098270736356096e-08,4.529695537883699e-08
7.625e-07,59.293618885800086,4.319158002540562,-313.6336966568331,-0.04134788477494032,58.86210929299884,4.294281075200957,-314.27771630846405,-0.04198726815350369,128.17617512720216,1.0146966921810012e-08,4.555400924537847e-08
7.65e-07,36.208921254813674,4.56598736330307,-315.7431838544347,-0.04056487771838028,37.1155745475148,4.5622474656892145,-316.683955943706,-0.03966528860969195,108.2033490259757,1.0198352836620627e-08,4.586999515663292e-08
7.675000000000001e-07,14.770014787351357,4.7492514786799465,-322.10977805420964,-0.03743348117613916,14.952500191102017,4.7263282219968,-318.9343816516257,-0.0372391442029056,83.33997796031382,1.02517583321645e-08,4.623238372039804e-08
7.7e-07,-6.6917923238142185,4.765293057622463,-320.10252811259426,-0.03362992251166688,-6.535920601087803,4.785168969136139,-321.0225870329877,-0.03471295827747048,54.70982968102045,1.030646442975511e-08,4.662426058393975e-08
7.725e-07,-26.75015870865029,4.709744895919982,-319.46417807968214,-0.03261364806662125,-26.530381797417462,4.742458809997643,-322.9431104310136,-0.03209413898966005,23.606921690867274,1.0361743904244887e-08,4.702650542233276e-08
7.75e-07,-44.392590404406064,4.615929123846791,-325.5503768809897,-0.030242041853610884,-44.49333957641947,4.605628791631598,-324.6914911423492,-0.029393527819579334,-8.562965399658612,1.0416894982368476e-08,4.74200221435185e-08
7.775e-07,-60.31070236816468,4.368589383452492,-328.5534731583617,-0.027146271261535283,-60.127857642899855,4.384532809218436,-326.26431653249915,-0.026625048151428767,-40.34582595456736,1.0471266314250706e-08,4.7787637474790836e-08
7.8e-07,-72.78562792547679,4.093523040724739,-327.81500540976305,-0.024348476625906373,-73.29898203050962,4.090346318248748,-327.6592595513991,-0.023804948829908603,-70.30514705589701,1.0524273120807422e-08,4.811545365909954e-08
7.825e-07,-83.67336277224545,3.737724909678736,-326.4071164725669,-0.02107373508048081,-83.9376521217581,3.7348498740028666,-328.87510623334435,-0.020950807399052387,-97.0868356162464,1.0575405985040502e-08,4.839361329892746e-08
7.85e-07,-92.36304186410914,3.329452490467889,-328.05511530263533,-0.017840555126876136,-91.94975690074206,3.330167660077585,-329.91177285810227,-0.01808049576601306,-119.48042030264179,1.062423486226228e-08,4.861655615488703e-08
7.875e-07,-97.24663057970848,2.909997373358298,-330.9199526691116,-0.015608764023403165,-97.15126084804426,2.8889243862269374,-330.77031254588786,-0.015211310694207024,-136.4737620841766,1.0670411344623457e-08,4.8782896060026155e-08
7.900000000000001e-07,-99.78224942413708,2.462305619486337,-330.1551371939935,-0.012443407688981535,-99.24468808320704,2.4246874675665318,-331.4529111570886,-0.012359433170794328,-147.2988006112728,1.0713671964518345e-08,4.8895029633608466e-08
7.925e-07,-97.25801159557805,1.952836353902257,-331.39093508163364,-0.00908122301134384,-97.84371785571221,1.9524934658805897,-331.9628724673052,-0.009539811555425179,-151.46626879437136,1.0753844429782108e-08,4.895853723810783e-08
7.95e-07,-92.52463426082899,1.4634132521423704,-330.7760710786497,-0.006763897741852323,-92.5427866372348,1.4892312875067524,-332.3045926885267,-0.006766476320025672,-148.78780656217296,1.0790857342368167e-08,4.8981388466719023e-08
7.975e-07,-83.08683804113366,1.0393206227889185,-332.23539995529404,-0.003569727836242668,-83.01923080768358,1.0536748417907245,-332.48352450714725,-0.004053205218264425,-139.38447430791015,1.082475243806789e-08,4.897295176582892e-08
8e-07,-68.85247028552956,0.6937585038104829,-329.80142616560585,-0.002555514408729586,-69.14837206141212,0.6660214008270123,-332.50613090819,-0.0014143833292263063,-123.68128123526236,1.0855697008730077e-08,4.89428464665001e-08
8.025e-07,-50.837050743704026,0.37676928547434846,-331.32759685366517,0.0011646283465489673,-51.108379443643045,0.3468873683641802,-332.3798291515759,0.0011341435444630892,-102.38797591022232,1.0883993218132124e-08,4.889975737237644e-08
8.05e-07,-30.16794538553561,0.11483032960422011,-332.575471641294,0.002148045440985291,-29.452431883307852,0.11582317732564944,-332.11292535973246,0.0035744324260333087,-76.46696724222988,1.0910080709453547e-08,4.885042381863181e-08
8.075e-07,-5.578729862872891,0.004845877322526905,-332.9583672473133,0.006362120086702611,-5.130581299002214,-0.010486661653033514,-331.7145402653853,0.005886203500843082,-47.08982579315114,1.0934529321395634e-08,4.8799067015841446e-08
8.1e-07,20.19569438307503,-0.022126834501135565,-330.57280590910045,0.007840517681188453,20.5480490076097,-0.020093217184277777,-331.1945267532148,0.008047112388816238,-15.584331455905636,1.095815930554263e-08,4.8747484500937206e-08
8.125000000000001e-07,45.708503600108685,0.0739163809655817,-330.3821391019472,0.009499869444334542,46.01194063500374,0.09256140795246456,-330.5633799083972,0.010033561805275641,16.62553917294318,1.098171871507273e-08,4.86958986113262e-08
8.15e-07,69.93049528625195,0.3608252011184152,-329.32904205692665,0.011420287134300386,69.5716572098402,0.3254770205971241,-329.8321403581606,0.011821984793328268,48.08397329252144,1.100560906693814e-08,4.864442224531362e-08
8.175e-07,89.74991281913816,0.6826206501314473,-332.5556219865363,0.012747314928958484,89.59246362200722,0.668633134734341,-329.0122917586863,0.013390445773118247,77.369121320934,1.10308814772709e-08,4.859477042803348e-08
8.2e-07,104.79058874639318,1.1113984630517315,-329.8579909122364,0.014056850072968443,104.67007898257958,1.1043512906217616,-328.1156533383675,0.014720344393485187,103.15736125837876,1.1058252413999054e-08,4.8551693815566165e-08
8.225000000000001e-07,113.67874224458114,1.5653889407094475,-329.09482023638355,0.01567701655637802,113.78341120486148,1.6084817112394,-327.1542684590358,0.015797981656440384,124.28312338725604,1.1088320848304747e-08,4.852361747180366e-08
8.25e-07,116.45756645954559,2.1476301109727762,-325.9284010853784,0.01740976814599946,116.4014141361741,2.15229137372294,-326.1402901988241,0.016615762802413017,139.7915713690464,1.112152553768297e-08,4.852215788151321e-08
8.275e-07,113.40954505762191,2.731665577641372,-323.07657332262295,0.016307061210033207,112.52838644491305,2.704825776324308,-325.0858649934247,0.017172864640170444,148.98175867237083,1.1158114948915334e-08,4.8560513924238367e-08
8.3e-07,102.15464662973828,3.251366828625695,-322.9293870373468,0.01712179311941054,102.681858092873,3.2354476273946973,-324.0030153963261,0.01747527730225385,151.43830975993708,1.1198132940313138e-08,4.865107603973514e-08
8.325e-07,87.49216021737102,3.7156755260265393,-321.5880396188142,0.017239626751388504,87.80798189507448,3.716234009284901,-322.90352303290956,0.01753522759265085,147.05019411689221,1.1241421341861587e-08,4.880284834812873e-08
8.35e-07,69.18486446935812,4.155639663855838,-325.0460061168626,0.017336485870925362,69.14919674296287,4.123942701260355,-321.79881282791683,0.01737008635042669,136.015744577243,1.1287638451793807e-08,4.901934200235269e-08
8.375e-07,48.67231654362026,4.387888607692603,-320.77000372976516,0.01634401895469071,48.086154780190604,4.441332901107182,-320.6998395806868,0.017000939135589452,118.83369313142559,1.133629054680225e-08,4.929745662150317e-08
8.4e-07,25.432732381839127,4.705273980103326,-318.6742767489596,0.016464650965877212,25.979274602641315,4.657732349419895,-319.61697794771845,0.016451044893630907,96.28062937609614,1.1386772082132363e-08,4.962757853270904e-08
8.425e-07,4.138690794086305,4.745073340761934,-318.47411333295713,0.01670118899913742,4.034249679120265,4.768863140008778,-318.5599168676698,0.015744413529210726,69.37590043289227,1.1438409550175457e-08,4.999479657272463e-08
8.450000000000001e-07,-17.220124868113174,4.8244965150728,-315.90945475870166,0.013745337733316243,-16.789360014533376,4.776051446689447,-317.53755943000965,0.014904699911265525,39.33553877989208,1.1490504060046974e-08,5.038087797687856e-08
8.475e-07,-35.87813743006282,4.704195049059582,-316.45129106171106,0.013551392656396299,-35.815723433840105,4.685032706030399,-316.5579291455148,0.013954545159434598,7.5173003528847,1.1542368545325431e-08,5.076652869126283e-08
8.5e-07,-52.319774941243246,4.498092953741931,-314.7545632598737,0.013317138264632402,-52.63585392678527,4.504609116174387,-315.62808352497245,0.012915408400875976,-24.640702930921247,1.1593356923710564e-08,5.113349476645829e-08
8.525e-07,-66.86284380286867,4.240110596160007,-313.55950757704755,0.012644893955990614,-67.0454859812856,4.245413762585033,-314.75403581227664,0.011807839460829842,-55.68500255653457,1.1642884246909174e-08,5.146620174937135e-08
8.55e-07,-79.12873437501517,3.9207428844944836,-315.6882724731718,0.01067673230519267,-78.95492970448916,3.9189870265379314,-313.9406856500709,0.010652061874331011,-84.21246687807832,1.169043857254562e-08,5.175280778511162e-08
8.575e-07,-87.92201089023592,3.5327596120677325,-315.22037831667905,0.009919071780534168,-88.29274100489899,3.5372862060248096,-313.19175938082753,0.009468680692963891,-108.93371947382356,1.1735586655785806e-08,5.198569808832245e-08
8.6e-07,-94.75505442925478,3.1305260643294046,-311.06965341391026,0.008323650213029214,-94.92550473857396,3.112644932600481,-312.50976060434726,0.008279310525668148,-128.73141602416547,1.1777976357583472e-08,5.216153413973783e-08
8.625e-07,-97.52205213001086,2.6376658642164443,-314.88216072993686,0.007772002765052643,-98.6122722424137,2.6580948695267406,-311.89593152489124,0.007106939284514301,-142.71074573033272,1.1817338769895264e-08,5.2280984084086316e-08
8.65e-07,-98.71712471419636,2.156105190174621,-311.8554619744939,0.00582689590278192,-99.00493463828457,2.187878004799772,-311.3502255282272,0.005975898305999957,-150.23987472474136,1.1853492469178491e-08,5.234822232205958e-08
8.675000000000001e-07,-95.24407671016925,1.7229362633284515,-308.82682324019504,0.005418840396209231,-95.69639493357717,1.7179295303255695,-310.87129133163194,0.004911389610845315,-150.97850352293233,1.1886351162140785e-08,5.237023191694502e-08
8.7e-07,-88.0949664216767,1.2681798514724936,-309.15684655539957,0.0031532257855903315,-88.30856335299332,1.2661081073966987,-310.45646894917235,0.00393861125569984,-144.8932477853078,1.1915934521772393e-08,5.235590982651515e-08
8.725e-07,-76.00819558028837,0.8299223257466257,-311.08938258168445,0.0025552111407052417,-76.60375865708366,0.85199321099179,-310.101797611282,0.003081605370305309,-132.25914721325148,1.1942380528025138e-08,5.231498743881157e-08
8.75e-07,-60.56722108941181,0.49311562261173403,-307.1158122039022,0.0025198714732427288,-60.59762218166178,0.4961506565713121,-309.8020356726673,0.002362015061782314,-113.64723438097846,1.1965956432584972e-08,5.225684189268024e-08
8.775000000000001e-07,-41.144041630613685,0.21183899337895706,-312.611973307661,0.0025318921063197724,-40.65017820347039,0.21887260886528467,-309.55069243682544,0.001797964344315181,-89.89872536358851,1.1987064816460597e-08,5.2189366028050954e-08
8.8e-07,-16.83499502748403,0.07111633232325548,-309.5504622157167,0.0011588173161977578,-17.514521681123426,0.038508091039226526,-309.34007171990544,0.00140326409232774,-62.08699868617434,1.200624125943524e-08,5.211814318664568e-08
8.825e-07,8.105150974875048,-0.03241824748532345,-310.14533248963994,0.0007884427047856839,7.670678680735196,-0.030406070838221933,-309.16132687217765,0.0011870982377374818,-31.46908105889976,1.202414092020208e-08,5.204618615897466e-08
8.85e-07,34.125242621328624,0.04017270918266071,-308.7182685071774,0.002187552497497862,33.449267394944656,0.021056457220392743,-309.00452687297246,0.0011542663524289811,0.5711673676831568,1.2041917103850133e-08,5.19744109080002e-08
8.875e-07,57.14789124750029,0.1987428061081652,-305.96988053228057,0.0014373576635025147,58.170230705145144,0.19476926016481103,-308.858733015473,0.0013059650130825893,32.58560032996653,1.2059565098621985e-08,5.190282654377866e-08
8.900000000000001e-07,80.20470574198053,0.479863227048825,-307.9351075602528,0.0013037392003531034,80.14916879854111,0.4847178264387727,-308.712085602121,0.001640997489669501,63.127238364541185,1.2078304149547422e-08,5.183218276340231e-08
8.925e-07,97.49486565646966,0.8723921619965375,-308.3871079595741,0.001727767360114394,97.84578924611542,0.8769430458373201,-308.55189998043295,0.0021572258183933466,90.81566898472776,1.2098904438526542e-08,5.176561085424045e-08
8.95e-07,110.62899595147228,1.3461973914339922,-308.33360425719985,0.001877662161542956,110.03128103819077,1.3503247973757717,-308.3647711635863,0.0028530347276575704,114.39943818137274,1.2122039581961921e-08,5.170971500826061e-08
8.975e-07,116.87257292466249,1.8869471930873891,-309.2101252880635,0.0037446853394204047,115.92053053685882,1.8781429216966807,-308.13668620094285,0.003728571288306507,132.81261329411706,1.2148239136030192e-08,5.167467097207051e-08
9.000000000000001e-07,115.39527044250102,2.479006605748398,-307.69761187701835,0.004600291273304531,115.249497711199,2.430236634397785,-307.8531433914716,0.00478655878627625,145.22296074019812,1.2177851612212664e-08,5.167315595936075e-08
9.025e-07,107.47804873796295,2.9649919691799886,-307.08649522188574,0.0058986684843713505,108.28676751106269,2.975494661083755,-307.4992773684621,0.006032552322776596,151.06956107714186,1.2211021958354697e-08,5.171828507173801e-08
9.05e-07,95.13894682136245,3.535669608972166,-307.56025946863326,0.007167167991139887,95.77882267877347,3.484362108038164,-307.0599890275539,0.007474595112048258,150.08816128418522,1.2247685670696079e-08,5.1821043280052255e-08
9.075e-07,79.16456306505034,3.9537551540383604,-306.4645093681892,0.008415897965795418,78.83912402240128,3.931054013553284,-306.5200792224928,0.009122332500137878,142.32311839702766,1.2287579609104218e-08,5.1987865981863263e-08
9.1e-07,58.36010704115044,4.307697354006104,-308.73069035987965,0.010562776078282496,58.79980731737821,4.295218638577352,-305.86438511455685,0.010985728360119051,128.1253946708327,1.233026752567143e-08,5.221897906381031e-08
9.125e-07,36.68952693260167,4.570102549103335,-303.3062103511788,0.013982170949126587,37.050213033858114,4.5628863265959625,-305.07791803268856,0.01307359059713967,108.1366948855395,1.2375176612877038e-08,5.2507883123346104e-08
9.15e-07,14.421094977606685,4.7336070032630655,-303.83348183957713,0.01528172943365299,14.88764714415762,4.726655861385431,-304.14600168224075,0.015392138445456394,83.26046275117005,1.2421640294515966e-08,5.2842043728490066e-08
9.175e-07,-6.185915493281136,4.7404253586183716,-305.34514032425216,0.017987098009285624,-6.597429991194584,4.785189449532211,-303.0544095311362,0.017943829906668096,54.62104730954089,1.2468942174192271e-08,5.3204544560047967e-08
9.2e-07,-27.07697121977251,4.766530976057105,-299.84530289069124,0.02121946273056776,-26.58655613594408,4.742189218714973,-301.7895002032232,0.02072661605385982,23.51288491805865,1.2516356541127837e-08,5.357626708287212e-08
9.225000000000001e-07,-44.74351272180806,4.562609448508021,-300.70788154831735,0.02328578219804294,-44.54298029378014,4.605095248679247,-300.33834971970657,0.02373370958750011,-8.658006325817489,1.25631819935175e-08,5.393812013950919e-08
9.25e-07,-59.952119812774626,4.380731789954145,-299.95409974767836,0.026494150933182078,-60.17037357649398,4.383766795864315,-298.68887945068906,0.02695386241249457,-40.43757540064666,1.260876634372831e-08,5.427293705558819e-08
9.275e-07,-73.08498038234728,4.115618031336627,-298.2595234054047,0.031231040717223355,-73.33412076548878,4.089381937418795,-296.8299786698632,0.03037205781390751,-70.38945815587714,1.2652522713797445e-08,5.456682652281172e-08
9.3e-07,-83.22400328601363,3.708410639264489,-294.98885698475027,0.03335794237503926,-83.96521303181744,3.7337224017005024,-294.7516206460731,0.03397045301726993,-97.15989770040999,1.2693938293889587e-08,5.4809935751933026e-08
9.325000000000001e-07,-92.68354161264672,3.327407728633526,-292.979798008192,0.037358214701007496,-91.96935219151659,3.328913436709314,-292.44497125539976,0.037729369919290025,-119.53893113116894,1.2732578341624245e-08,5.499670595755724e-08
9.35e-07,-97.4213486383649,2.895538639637548,-290.10385180705,0.04167863856649868,-97.16217973728732,2.8875817871762237,-289.90248915627666,0.041628132160576405,-136.51507710086463,1.2768088458348242e-08,5.5125748372650325e-08
9.375e-07,-98.59662668868597,2.457421954914732,-288.6520215370172,0.04540606142023029,-99.2458976670204,2.4232984420656076,-287.1180166373615,0.04564558511265399,-147.32105247145415,1.280019792545887e-08,5.519945235909002e-08
9.4e-07,-98.47284511383359,1.9151230862658162,-283.68735387319697,0.049846532304353805,-97.83400620925289,1.95110498952149,-284.0868603229465,0.049760204508581235,-151.4684517646399,1.2828725990449137e-08,5.522338589332041e-08
9.425e-07,-92.15153647877374,1.4742237251436419,-282.294697742796,0.0545096967773199,-92.52102444793398,1.4878960641998973,-280.8058610029272,0.053949786530957,-148.76982197724396,1.2853591650054472e-08,5.520550061211091e-08
9.450000000000001e-07,-82.18268491917239,1.0120902232965923,-276.667480666358,0.058437791082891995,-82.98470274047241,1.0524507184541567,-277.2734519430689,0.05819080109658428,-139.34713503006606,1.2874825963580598e-08,5.515514105880922e-08
9.475e-07,-68.5468290847172,0.6404387181852593,-275.29545660482233,0.06239446543291529,-69.10111277182872,0.6649692000891826,-273.48970512577205,0.06245756439978952,-123.62627491482897,1.2892584554123941e-08,5.508189659211334e-08
9.5e-07,-50.53978285369897,0.3546342018238397,-269.38451515299687,0.06740212167576735,-51.049444769302255,0.34606715729162624,-269.4563649709037,0.06672143265912939,-102.31778870761728,1.2907157006585691e-08,5.499441638193777e-08
9.525e-07,-29.462462409759624,0.15265530907528876,-265.94381745228776,0.07117028028793114,-29.384044201565118,0.11528931639203674,-265.17686918971435,0.07095022772241913,-76.3847714591736,1.2918969560142001e-08,5.489939964370578e-08
9.55e-07,-4.775843399243827,0.001516108318511013,-261.88717465026645,0.0754977792966247,-5.0561079684592105,-0.010691065876114613,-260.6563565314814,0.07510807467990123,-46.99933649185327,1.2928577913974894e-08,5.48010249669137e-08
9.575e-07,20.757104285091145,-0.04084186212034442,-254.97772385509597,0.07810792869840201,20.6242972484221,-0.019941652496929963,-255.90166129140806,0.07915576694723897,-15.489638546713495,1.2936790260760657e-08,5.470104729687364e-08
9.600000000000001e-07,46.04597819412642,0.08389027799553653,-249.68860772905623,0.08249836865273985,46.085073368908255,0.09307457346590503,-250.92129455853066,0.0830516866331697,16.720155786178307,1.2944331889967763e-08,5.4599648919506614e-08
9.625e-07,69.64197581184875,0.34354830374800943,-247.84997249261625,0.08712303466973548,69.63668351937305,0.3263340528324179,-245.72541229297678,0.08675321282327697,48.174237154351786,1.2951595375370237e-08,5.449690699025049e-08
9.65e-07,89.2010251970392,0.71060470791529,-239.89303841430387,0.09067148779538592,89.64481894458923,0.6697927591783236,-240.32577043193487,0.09021846456063787,77.45095271036277,1.2959613857894369e-08,5.4394505506950625e-08
9.675e-07,104.97733488232554,1.1319652530402007,-234.78620205593046,0.09303301168961328,104.70612197715506,1.1057510116375344,-234.73566733219903,0.0934081640774186,103.22706158296,1.29690877732138e-08,5.429716761550902e-08
9.7e-07,113.52857905109965,1.567927906533913,-229.29770010795042,0.09683098963755618,113.80081623593765,1.6100424390886092,-228.9698739631723,0.09628738021416458,124.33754235104422,1.2980600179168901e-08,5.4213291877236396e-08
9.725e-07,115.48365662497523,2.151582605615378,-220.4695232472337,0.09929022990601151,116.39940089854164,2.153923828025685,-223.04455236687818,0.09882692664375772,139.8282493588082,1.2994574256418747e-08,5.4154466256049245e-08
9.75e-07,111.85497694083068,2.717942184493755,-219.9539565644867,0.10067624175019013,112.50775409436658,2.706437870895092,-216.97716299991168,0.10100424202949658,148.99903792649576,1.3011243465227537e-08,5.413385659886972e-08
9.775e-07,103.15152754077572,3.2222021084041836,-208.74016138962546,0.10295334988973806,102.64482254360156,3.236951903948387,-210.7863616655454,0.10280366040325084,151.4354092954888,1.3030637471038848e-08,5.4163814776619444e-08
9.8e-07,86.8648348185989,3.6906988905258657,-206.07128000014552,0.10410414755210913,87.75784626389685,3.7175541992303,-204.4918868315543,0.10421607555124605,147.02724502825856,1.3052584969817911e-08,5.425330173628767e-08
9.825000000000001e-07,68.36870075962509,4.098169821763561,-196.6637025907494,0.10446906287693779,69.08991084064729,4.125018652671386,-198.11443821001112,0.1052380961884309,135.97378411096724,1.3076732424093355e-08,5.440578361091345e-08
9.85e-07,48.607184427563794,4.399733268832937,-188.72955089423496,0.10627248344265937,48.021835614027395,4.44212338367152,-191.6755475486062,0.10587086279666573,118.77461780502736,1.3102575800346261e-08,5.461811705351203e-08
9.875e-07,26.201769131528174,4.608375599844576,-184.83223963449151,0.10594586275614863,25.91376336114024,4.658215595176548,-185.19744264834867,0.10611873922651693,96.20710925979638,1.3129500979261989e-08,5.488065155187436e-08
9.9e-07,3.7489040483078884,4.774356469097097,-179.47490695361552,0.10540019976935788,3.970771148928499,4.769035331878435,-178.70290567924837,0.10598809533574453,69.29125846852031,1.3156827805031112e-08,5.51784485597959e-08
9.925e-07,-17.12722811419647,4.763750512796867,-170.20515779610272,0.10459645996875054,-16.84839036033481,4.775923669148395,-172.21512691323798,0.10548636101910282,39.24360059148444,1.3183852836121578e-08,5.549325939355223e-08
9.95e-07,-35.673886308129774,4.689184166666012,-165.8173165002396,0.10503157924168821,-35.86872752737278,4.684627071649922,-165.7575550318185,0.10462146415628483,7.422221337184593,1.320988670666158e-08,5.58057861096042e-08
9.975e-07,-52.3737239812548,4.517278823666801,-160.34986166757506,0.10387454347395406,-52.68196760054572,4.503954845919221,-159.35374519430397,0.103401678443727,-24.73462541892766,1.3234283425506831e-08,5.609778230389567e-08
1e-06,-67.86670097620994,4.22756193718439,-152.50977332722496,0.10152385667824924,-67.08432427446985,4.244543919023947,-153.02720607092678,0.10183581860189278,-55.773523434279134,1.3256460655076527e-08,5.635369125250609e-08
1.0025e-06,-78.93715233865167,3.923887498511772,-145.37774374837176,0.09948671846017368,-78.986300520734,3.9179363954737996,-146.8012470532214,0.0999336474385206,-84.29158520347382,1.3275911705051824e-08,5.6561697617139735e-08
1.0050000000000001e-06,-88.81051653717749,3.555330968221913,-140.87164630938744,0.09782731517459582,-88.31637435668624,3.536090533831488,-140.6988268520318,0.09770631633569879,-108.99985927874332,1.3292211340625555e-08,5.6714220733080055e-08
1.0075e-06,-94.78433284008196,3.1199652882359366,-136.30170679849113,0.09443925489602484,-94.94085976480575,3.111341409027067,-134.74240468114468,0.09516665689699008,-128.78158794004372,1.3305018302366631e-08,5.680796297317702e-08
1.01e-06,-99.55832143499556,2.6380817935953074,-130.32877631661123,0.09210093345999351,-98.61846739800731,2.6567234590519746,-128.9537952020859,0.09232917811032576,-142.74268210082835,1.3314077536174885e-08,5.6843639608274764e-08
1.0125e-06,-99.20496526805249,2.2133002318177675,-122.39405456409384,0.08896394715000652,-99.0008210591367,2.1864830279293197,-123.354028373245,0.08920969365120074,-150.25213209863637,1.3319224540964062e-08,5.682547799816674e-08
1.015e-06,-95.21126626073237,1.6976428345939918,-118.11494524554733,0.08485193628861665,-95.6807636691371,1.7165608178340683,-117.96321530442935,0.08582459395222289,-150.9705278948411,1.3320393093138873e-08,5.6760519585446644e-08
1.0175e-06,-88.59296230768987,1.2349506789553226,-113.31077751400966,0.08244990021468905,-88.28044933926307,1.2648211109612588,-112.80042116665294,0.08218986896651853,-144.86539963545715,1.3317626140597676e-08,5.665772466185265e-08
1.02e-06,-76.69406808214156,0.8045096889917097,-106.87141801718275,0.07826601254622972,-76.56278312369328,0.850847642858151,-107.88354614680905,0.078320060902358,-132.21268521459714,1.3311088175861248e-08,5.6526892499621695e-08
1.0225e-06,-61.14374770958461,0.5181307813807469,-102.9198026969332,0.07368122651181698,-60.54430460915175,0.49520751489910764,-103.22921536844305,0.07422736559000945,-113.5842585100496,1.3301076204407947e-08,5.637747257340845e-08
1.025e-06,-40.76421336437432,0.23961320247467055,-98.72690525030374,0.06986903830018336,-40.58615102936548,0.2181897724983818,-98.85267862368165,0.06992109726648202,-89.8220819863372,1.3288025775600666e-08,5.621743499377558e-08
1.0275000000000001e-06,-17.076833330820218,0.06569012959081164,-93.30306830647426,0.06461884135248434,-17.442595475375583,0.03813497742916093,-94.7677206781935,0.06540768391002236,-62.0001519087123,1.3272508596231227e-08,5.6052446530981265e-08
1.03e-06,7.153118901534061,-0.03764611871081726,-91.14255417132398,0.06044609334071317,7.7466273551582905,-0.030434055823455736,-90.98658282155533,0.06069127715937368,-31.375956157792086,1.3255219028680966e-08,5.5885611423268114e-08
1.0325e-06,33.588094752150646,0.003433408743810828,-87.44624902068338,0.05612047656162914,33.524583029791664,0.021390080536360764,-87.51989624034718,0.05577495760227697,0.6663613589797828,1.3237352927417649e-08,5.5717947177542694e-08
1.035e-06,58.400303338033375,0.14422161496954747,-84.7075435403219,0.051083864271024806,58.239907838576926,0.19545858080353734,-84.37662769157346,0.05066241171514874,32.67856085983082,1.3218949867570974e-08,5.5549576167987487e-08
1.0375e-06,80.12779803525954,0.45818514119653064,-79.9889857968736,0.04564192245422935,80.2083644917854,0.48573317116112535,-81.5640378503981,0.04535986962418877,63.21376382872234,1.3201277226008961e-08,5.538137354352523e-08
1.04e-06,98.01662098153047,0.8944190827467402,-78.79210631286776,0.03876332158769927,97.89034471724844,0.8782320553151626,-79.08765259966863,0.03987803805814329,90.89184862928929,1.3185155536733941e-08,5.5216607084849866e-08
1.0425e-06,110.31699177622995,1.3287178220150968,-75.62586860227731,0.033576138741139336,110.05817476148876,1.3518159488672408,-76.95124742014707,0.034233749238876364,114.46182885986437,1.3171311226179746e-08,5.506202578010905e-08
1.045e-06,116.17572085300502,1.8637095589310375,-77.18855073564103,0.028508739114847394,115.92819493685272,1.8797511323481848,-75.15684493074549,0.028451075840158966,132.8583950899533,1.3160328981652061e-08,5.492795471288288e-08
1.0475e-06,114.7459474890443,2.4069875614417553,-74.46045781697148,0.023325411162106537,115.2379529400572,2.4318702681694098,-73.70472551831449,0.022561729611462033,145.2500644204655,1.3152614626980795e-08,5.482722115800774e-08
1.0500000000000001e-06,108.63339336387307,3.0206727680411953,-72.26547290605022,0.01661069294934609,108.25755501487036,2.9770630575116828,-72.59345088759969,0.01660465632959424,151.07676161721665,1.3148372457095813e-08,5.477308817740576e-08
1.0525e-06,95.32891502103777,3.4767414812498636,-69.4069689588982,0.010171453805389207,95.73475326745402,3.4857826871271276,-71.81990025481753,0.010624848117818166,150.0751332360533,1.3147599192176998e-08,5.477668551998681e-08
1.055e-06,78.65519242701247,3.924492537421567,-70.78397784558503,0.00586531900790733,78.78388440860088,3.932258098135395,-71.37931880381808,0.004671499837703283,142.29045059879502,1.31500946185182e-08,5.4844591032111526e-08
1.0575e-06,58.770695638468844,4.3118467580527895,-71.1440861751726,-0.0007238204817720552,58.73749052973127,4.296155357408261,-71.26537792290969,-0.0012042763420411747,128.07456363258535,1.3155486921869152e-08,5.4977173084270185e-08
1.06e-06,37.51307399354828,4.543976554578803,-70.57613149038609,-0.005935960125971619,36.98484808161963,4.563524278949879,-71.47024664397699,-0.006951907884678084,108.06999805445022,1.31632690166399e-08,5.516807780738812e-08
1.0625e-06,13.36212211512065,4.703559811645889,-70.96326243199167,-0.012942014096191536,14.82280019522755,4.72698258135902,-71.98467361435823,-0.012523703373190209,83.18091467211418,1.3172841093555827e-08,5.5404922039745096e-08
1.065e-06,-6.062142770062853,4.769552673840653,-71.52781432311623,-0.01786038198916678,-6.658926154734614,4.785209043710744,-72.79807884684566,-0.017876816973067915,54.532243374536876,1.3183554302400223e-08,5.567094806322538e-08
1.0675e-06,-26.251045303158882,4.7529802117119875,-74.225131292258,-0.022583570901057847,-26.642712608592188,4.741918806947656,-73.89865441484783,-0.022974637701469625,23.41883886273543,1.3194750973721779e-08,5.594720343107625e-08
1.07e-06,-44.532910285349736,4.616506783090386,-76.40401697768003,-0.027760545071393982,-44.592600625787014,4.604560971859895,-75.27347318887858,-0.027787496712483078,-8.753043833928283,1.3205797945608985e-08,5.6214769386864154e-08
1.0725000000000001e-06,-60.45587121428228,4.336801979649764,-77.79891109971207,-0.032740364426453734,-60.21286802531086,4.383000146446619,-76.90860464771045,-0.03229269053332005,-40.529308882613655,1.3216111166616133e-08,5.645665589160931e-08
1.075e-06,-72.9005159959646,4.062217672363474,-75.28664095485703,-0.037185614616003435,-73.3692374831978,4.088417023239539,-78.78923674326653,-0.0364739193442889,-70.47374146721585,1.3225171490037519e-08,5.665915006504631e-08
1.0775e-06,-84.21343970215072,3.7453960381833955,-79.34650526330432,-0.039324729787728274,-83.99275115254846,3.732594501438072,-80.89980275310282,-0.04032032056366318,-97.23292142738633,1.3232533137964326e-08,5.6812576990397315e-08
1.08e-06,-91.59124768277582,3.3614337276101818,-84.52262709174408,-0.04396192366258992,-91.988923106367,3.327658894919243,-83.22411201848094,-0.04382532604183299,-119.5973947676192,1.3237827417117216e-08,5.691155320160419e-08
1.0825e-06,-97.22003570805356,2.9246459010277785,-85.77145947383784,-0.0472518239013447,-97.17307164102918,2.8862389873933503,-85.74548343987743,-0.04698557855372954,-136.55633822356222,1.3240764724525796e-08,5.695486109051128e-08
1.085e-06,-99.6977378396097,2.4105106725984933,-89.1687987121015,-0.050098608958189,-99.24707685035459,2.421909346423038,-88.44688058550355,-0.04980010946573076,-147.34324617161707,1.324113762606842e-08,5.694505568608889e-08
1.0875e-06,-97.12198951934155,1.942738634898748,-90.11191596260021,-0.05270249634951472,-97.8242605578985,1.9497165899942768,-91.31104726212281,-0.05226991108688909,-151.47057493756256,1.323882689575112e-08,5.688786392378366e-08
1.09e-06,-91.4879792965692,1.4700360570332422,-92.96815100561471,-0.0541967487935144,-92.49922536387793,1.486561081461319,-94.32064240121046,-0.054397947017878305,-148.7517786603457,1.3233811060313256e-08,5.679138849184441e-08
1.0925000000000001e-06,-82.50848560035956,1.0777039013870566,-97.13717615122233,-0.05699951111664986,-82.95013662189542,1.0512270121902576,-97.45837312720084,-0.056189548361418915,-139.30974074017902,1.3226178479331812e-08,5.666511593538309e-08
1.095e-06,-68.72728668364311,0.6625392925374406,-99.79069385999675,-0.05740682805440462,-69.05381693613674,0.6639175968986474,-100.70712489809952,-0.05765306041718091,-123.57121978869883,1.3216139616411798e-08,5.651876767263173e-08
1.0975e-06,-50.55195862496771,0.33008999014897444,-103.30843295465942,-0.05931471160814367,-50.99047835589689,0.34524771515475916,-104.05008764184018,-0.05880054863177957,-102.24756111156967,1.3204036209772208e-08,5.636111462938491e-08
1.1e-06,-28.76795149452566,0.06977369701316942,-105.82074566256635,-0.06006429288466567,-29.315633085340117,0.11475637084705263,-107.47087685412198,-0.05964835423569154,-76.30254552061926,1.3190343741286238e-08,5.6198967883528115e-08
1.1025e-06,-5.539318436106385,-0.016083225852318524,-109.16502170087718,-0.060571132974719936,-4.981622674470349,-0.010894449670390199,-110.9536486746991,-0.06021731239518173,-46.90882863596167,1.3175664026239103e-08,5.6036609220923774e-08
1.105e-06,19.5277073917131,-0.03047764603703751,-112.80797766602373,-0.06110331396853835,20.70054366606179,-0.019789018351900237,-114.48320801868579,-0.060532504582867956,-15.394939522457365,1.3160850748330059e-08,5.587588990158063e-08
1.1075e-06,46.239503696640284,0.11691781799584933,-118.0749696561344,-0.06097883275928262,46.1581894502234,0.09358879115548802,-118.04510890688802,-0.06062250129921151,16.814765798560728,1.3146661022838048e-08,5.571708342323941e-08
1.11e-06,69.30092253048569,0.3100556660560962,-120.84672477915392,-0.06095508113930077,69.70167882514549,0.32719204956259307,-121.6257462138094,-0.0605181456906877,48.264481997756235,1.313352979795679e-08,5.556035410541073e-08
1.1125e-06,89.78690837029461,0.6858182351917329,-122.24616777881364,-0.058749965933369716,89.69713093896442,0.6709531932120402,-125.21243813317156,-0.06025101566190988,77.53275352338198,1.3122519976640598e-08,5.540746877920865e-08
1.1150000000000001e-06,104.44481722972768,1.107479524063657,-131.2254881998491,-0.058782090717120546,104.74211269088318,1.1071513305522314,-128.7934987477493,-0.05985176581176401,103.29672115513057,1.3114359896308263e-08,5.5263227233256925e-08
1.1175e-06,113.12679597752427,1.6241767772447118,-132.02283764392763,-0.060059247219488354,113.81816434536326,1.6116035129746336,-132.35830018231024,-0.059348579248263936,124.39191222833979,1.3109656564366715e-08,5.5136095344477916e-08
1.12e-06,116.24851012528215,2.1818582653068486,-134.90992176205197,-0.0576078002964326,116.39733080707921,2.1555563571120064,-135.89732391459847,-0.058765947724061025,139.86487214659158,1.3108853136993125e-08,5.50377154514779e-08
1.1225e-06,112.35980447362837,2.7101521862293856,-141.790892870199,-0.05775614168884328,112.48706946861778,2.7080497719321848,-139.40220091876373,-0.058123948537474934,149.0162583581602,1.3112199085813342e-08,5.498129179633453e-08
1.125e-06,102.7959025347893,3.2485565935947798,-143.42816095247554,-0.05666858100364577,102.6077430598905,3.238455742652489,-142.86574041752775,-0.05743810710016265,151.43244904673912,1.3119736159755843e-08,5.497919714127624e-08
1.1275e-06,87.40481325286389,3.7637784581800524,-146.22048551415818,-0.05677459992456951,87.70767763232456,3.7188737482655267,-146.2819471227551,-0.05671983908717787,147.00423789559648,1.3131301266649109e-08,5.504039629940315e-08
1.13e-06,68.430998757215,4.12418447650669,-147.9614463544979,-0.05556318113434187,69.03060407060578,4.126093812919289,-149.6460269480723,-0.055977372470927954,135.93176996439686,1.3146545279040665e-08,5.516834459653316e-08
1.1325e-06,49.02744978578739,4.416338740167977,-151.54142405779632,-0.054702825212251144,47.957507514945526,4.442912982531734,-152.954381280786,-0.055216973998533966,118.71549558829375,1.3164964849366502e-08,5.535987674882803e-08
1.135e-06,26.477342123282835,4.643736145392576,-153.86319153749156,-0.054221034726473896,25.848253740092176,4.658697920771643,-156.20459000271197,-0.05444426004159902,96.13355116245684,1.3185942902186433e-08,5.5605312944363214e-08
1.1375000000000001e-06,3.1345751007952396,4.787876750922621,-159.1866831252387,-0.05388659967112465,3.907302609082553,4.769206616164078,-159.3953835496817,-0.053665365855852964,69.20658914905879,1.320879276805221e-08,5.5889681051137636e-08
1.14e-06,-16.553043770214153,4.778788883586333,-161.22271410535706,-0.05297074343393067,-16.907404855529066,4.775795035040017,-162.5266043966074,-0.05288778081393591,39.15164691032269,1.3232801022052463e-08,5.619469632442642e-08
1.1425e-06,-35.62018306521666,4.682856977340569,-163.71990636991043,-0.05200637500025623,-35.92171226450815,4.6842206582861845,-165.59915844815248,-0.052120723757356824,7.327139391306896,1.3257264938693612e-08,5.6501022712217586e-08
1.145e-06,-53.08118616059272,4.471758538157799,-168.3709105771927,-0.0526026026710572,-52.7280602122193,4.503299889930976,-168.61495690348087,-0.05137502002355378,-24.8285381420978,1.3281521893925828e-08,5.67903729830958e-08
1.1475e-06,-67.10249493042818,4.250180023662712,-170.54944106591353,-0.05046480089882878,-67.12314079886033,4.243673490529796,-171.57684924646455,-0.05066253405602422,-55.86202229352192,1.3304969760456192e-08,5.704714560048724e-08
1.15e-06,-78.11551042595853,3.9603743916025747,-177.9841955028362,-0.04935131355167315,-79.01764900578624,3.9168852835593713,-174.4885480893614,-0.0499952921226937,-84.37067025188996,1.332707903488182e-08,5.725947507833443e-08
1.1525e-06,-88.93558689722406,3.5070315444523126,-175.98585726151907,-0.049249386231883664,-88.33998424806441,3.5348944878768216,-177.3545466677091,-0.04938448407637604,-109.06595605224186,1.3347398798333608e-08,5.741972419338709e-08
1.155e-06,-94.27645317378004,3.1427503996821886,-183.026153891001,-0.04913911659239347,-94.95618923082768,3.1100376247222568,-180.18002984635535,-0.04883955161684493,-128.8317090149883,1.3365559407711549e-08,5.75245316844183e-08
1.1575e-06,-99.44613152824088,2.634653212023974,-183.12677427578373,-0.04888971384541205,-98.62463392612644,2.655351911440805,-182.9707795506794,-0.04836755000939519,-142.77456211877222,1.3381274913842868e-08,5.7574541801855856e-08
1.1600000000000001e-06,-98.55252552871735,2.173639506474724,-187.1759317935212,-0.04801223202677498,-98.99667524406917,2.1850880524469036,-185.7330755826313,-0.04797291461564299,-150.26433015536944,1.3394347610116944e-08,5.7573903382067104e-08
1.1625e-06,-95.63480457822031,1.7030021513178824,-187.2343017343779,-0.047346442831475044,-95.66509679791177,1.715192262313532,-188.47359281788928,-0.04765768320016021,-150.96249266597619,1.3404675965222411e-08,5.752957176921305e-08
1.165e-06,-87.43956233861512,1.2567456889303583,-193.13696618578265,-0.04816825107432888,-88.2522975714513,1.2635344424358366,-191.199295807866,-0.047422134598514146,-144.83749429504036,1.3412265726756226e-08,5.7450413511961005e-08
1.1675e-06,-76.17975232876273,0.8318441840778936,-194.22808098083993,-0.047285017583296646,-76.5217699121371,0.8497025825202795,-193.91733182827525,-0.04726572061241808,-132.1661710204664,1.3417242499758296e-08,5.7346126539873505e-08
1.17e-06,-60.82198209785654,0.5028491641364379,-194.81301132056709,-0.04704787829154148,-60.490952464387476,0.49426505879304045,-196.63492342436874,-0.04718810641649487,-113.5212377978543,1.3419862911986583e-08,5.722605178766717e-08
1.1725e-06,-39.196545040811856,0.17114184448724493,-198.49570656829647,-0.04718127340803315,-40.522095851536626,0.21750778266185447,-199.35926150169544,-0.047190106843094194,-89.7454031487504,1.3420520830972063e-08,5.709804466163946e-08
1.175e-06,-17.442416793597367,0.04813083383678755,-201.09283264400474,-0.046488841092849724,-17.37065123355425,0.03776283804199791,-202.0974000003851,-0.04727431713882611,-61.91328065457414,1.3419745152744707e-08,5.696765288158442e-08
1.1775e-06,8.57763852966404,-0.05702231271333486,-205.6089736534146,-0.04824159919533387,7.82258129736546,-0.030460988018631546,-204.8561531706069,-0.047445285594879774,-31.28281886995593,1.3418186466196751e-08,5.683785978672859e-08
1.18e-06,34.127694939488855,0.05122540490036316,-208.49631948481073,-0.047586126816818584,33.599889443450785,0.021724773361411185,-207.64199643724,-0.04770915348888598,0.7615550872074972,1.341699640855447e-08,5.670956288685254e-08
1.1825000000000001e-06,58.58839176503884,0.2000119285500591,-210.72486388232704,-0.04755346517251401,58.30956096390199,0.1961489184447027,-210.46097180316912,-0.04807278137472193,32.771508488718915,1.3416168620179318e-08,5.6582767791382446e-08
1.185e-06,79.82267503531249,0.517124359185036,-214.3421991714213,-0.04860259651003709,80.2675226560139,0.4867494106383598,-213.31859869339536,-0.0485424733590839,63.30026433711064,1.3416925140296869e-08,5.645823732058607e-08
1.1875e-06,97.69394714039748,0.8768444996577331,-215.3462890426644,-0.04983194151285316,97.93485187887396,0.8795217744460659,-216.21979108674702,-0.049122486128431696,90.96799239118839,1.3420040496558452e-08,5.633913097959175e-08
1.19e-06,110.39190241282945,1.349090245281359,-218.79608724239137,-0.050390633792643094,110.08501329909899,1.35330757578966,-219.1687817189113,-0.04981355365209728,114.52417435063869,1.3426194976574271e-08,5.6232091583278874e-08
1.1925e-06,116.09819087643673,1.9074964536127845,-222.76746919344976,-0.050348292889053285,115.93580185912421,1.8813595540892414,-222.16905407040278,-0.050611663620235954,132.90412443539924,1.3435927180375594e-08,5.614733719214066e-08
1.195e-06,114.56273588702267,2.4115318636890275,-225.32266274735207,-0.05173147268031335,115.22635308238304,2.4335038404750446,-225.2232827765486,-0.05150728658978314,145.27711075830894,1.3449597083649248e-08,5.6097584220181196e-08
1.1975e-06,107.58276365226038,2.9681680165915125,-227.65681125371236,-0.05295326468943454,108.2282940212159,2.9786311337430704,-228.33328301434528,-0.052485189397337574,151.08390251457857,1.346736355824075e-08,5.609597904868172e-08
1.2e-06,95.38358442137518,3.483048457897756,-230.3445110886342,-0.052494169610763954,95.69064516522225,3.487202720554,-231.4999693338693,-0.05299315283579362,150.06204594063547,1.3489178504123793e-08,5.615352869634323e-08
