time,v_coil,i_coil,v_bias,i_bias,v_coil_clean,i_coil_clean,v_bias_clean,i_bias_clean,v_coil_src,density_state,heating_state
0.0,-125.74740162010112,-0.10724511395549159,-45.96915715050377,0.048810515984663704,-124.39327738998709,-0.05979275324507127,-49.43251586913749,0.049934903653514405,0.0,0.0,0.0
2.5e-09,-61.65555254791433,-0.26564805484339576,-42.591438218346234,0.04810855344042529,-61.61158234267262,-0.26595375662501847,-44.50388742287056,0.04886704222736711,82.83496365604829,1.8356707973215487e-10,1.9753053774884365e-11
5e-09,4.119413019557198,-0.4154486757911676,-39.0405129626692,0.04727351845504982,3.640925844798579,-0.3516462340682073,-39.835774189015005,0.04649318771542542,161.92597559494695,3.491025865423176e-10,3.8742558715596704e-11
7.500000000000001e-09,66.87040913827046,-0.3290541311302645,-34.85147520517941,0.04404400066022897,66.73962123963484,-0.3143987545455295,-35.45205357440223,0.0438336055364993,233.69830219105847,4.972919270288529e-10,5.671735239041954e-11
1e-08,121.54039927747722,-0.1805547544242234,-33.2751620543275,0.040253599946124645,123.51280013502559,-0.16030864720216798,-31.375506539536858,0.040883819023732317,294.9079977293934,6.28901774082579e-10,7.175966959055553e-11
1.25e-08,170.5736558923521,0.12443707927865086,-25.794596673708288,0.03830206251830182,170.66614180624958,0.09702254719299078,-27.627649966877954,0.03764499666188747,342.788523364489,7.44797775622998e-10,8.27967803411159e-11
1.5000000000000002e-08,209.51177162108166,0.3893113912458004,-25.769537649613998,0.033959819151126946,206.06178693110783,0.4382901891330043,-24.228577734268203,0.03412470339971718,375.1757883759837,8.464547679571463e-10,9.158536463719725e-11
1.75e-08,229.52330224204235,0.8583317289315999,-23.014101210382933,0.03037674148054233,228.81615007424546,0.8407307528814475,-21.196811803119758,0.030337008979396837,390.60596214089264,9.362217372490496e-10,1.0360577811352566e-10
2e-08,241.865513437176,1.3186633468220743,-19.304723145007866,0.02645898982988419,239.21183331869167,1.2804625189648018,-18.549164549156664,0.026302005308366013,388.38163594418415,1.015635429015394e-09,1.2771183342252022e-10
2.25e-08,239.74438421546424,1.7234113363084669,-18.23467154663741,0.02199994140200131,238.45050610629124,1.7345824650856352,-16.30061347115942,0.02204488000672201,368.60334426449043,1.086231670068569e-09,1.7478182530832137e-10
2.5e-08,227.89017785774394,2.2000950408706474,-13.343384170562107,0.018197549163692334,228.29980966008762,2.1827427061198836,-14.464189311044674,0.017594742196667193,332.16502084462024,1.1495410627662656e-09,2.558664720129755e-10
2.75e-08,211.40425536066073,2.5909378474084788,-13.050947680480874,0.012889322494203959,210.7036519594294,2.608038479748693,-13.05087850762531,0.012983399989600785,280.7135949221395,1.2070882990230096e-09,3.803683121656636e-10
3.0000000000000004e-08,189.8707542693408,2.974711786685718,-9.529471235553052,0.009084743082327958,187.42888528086783,2.997173207758196,-12.069540787487337,0.008244258272768461,216.5745537783869,1.260393382605781e-09,5.546460485068325e-10
3.25e-08,158.98154523961566,3.3030089059197416,-13.979425504449129,0.0032588305486224312,159.81178653583927,3.340000241886674,-11.526842570618992,0.0034114542996270284,142.64683600918977,1.3109729656594188e-09,7.812092118415706e-10
3.5e-08,125.57696947754451,3.6736192759961273,-9.338162209647077,-0.0018402600900045704,128.64684065494401,3.6286513414255173,-11.427206736815226,-0.001480711158887801,62.27180610208755,1.3603402651185217e-09,1.0584576482392867e-09
3.75e-08,94.70329329764445,3.8673584631792326,-8.497857189631855,-0.004794011265658755,94.23193772252702,3.856529031159796,-11.77277916260121,-0.00639804973056029,-20.91776762921414,1.4100025657214759e-09,1.3807993313486073e-09
4e-08,59.0343869734816,4.02500291920148,-16.355456074724927,-0.010633783860210404,56.55344350622692,4.017452064391629,-12.563412298642472,-0.011306526391088884,-103.16190589971794,1.4614560275704859e-09,1.7389705467164946e-09
4.2500000000000003e-08,17.673567840213178,4.14781784331138,-13.64370449956266,-0.016428930550835247,15.56729096200742,4.105198662031637,-13.796665915549283,-0.016172168596106963,-180.743360954214,1.516178256700252e-09,2.120460636574818e-09
4.5e-08,-30.115221381660252,4.136373262189716,-10.481700053949945,-0.020779842539294845,-28.486746390461956,4.113599755759962,-15.467825002865982,-0.020960976217164987,-250.1556277005249,1.57561972216038e-09,2.5100585399283087e-09
4.75e-08,-75.89252711631087,4.064194249191677,-19.313205012972237,-0.02572583325834517,-74.80762340018536,4.037211619629609,-17.56993466309636,-0.025638972643000742,-308.26142975430685,1.6411954904707436e-09,2.890633008663159e-09
5e-08,-120.41950611972989,3.839945638527663,-19.070337003962607,-0.030107006565256157,-121.85650117312349,3.8724670970378523,-20.09385170109453,-0.030172517957057273,-352.4345171871008,1.7142788206392833e-09,3.244284349264482e-09
5.25e-08,-167.7715574018902,3.6395496313633293,-22.58731207208268,-0.03464507899696105,-167.3271369461222,3.6190915905337975,-23.028312470263774,-0.0345289556120328,-380.6783670423383,1.796197901967641e-09,3.5539359447804128e-09
5.5e-08,-205.0742046947003,3.2534039621365864,-27.96451389276333,-0.037896908251236455,-208.28224929651776,3.2814955285971275,-26.360016401957648,-0.03867758726151479,-391.7164216262959,1.888236466909148e-09,3.805274397497846e-09
5.75e-08,-239.80025437101602,2.8411607380631207,-27.916918466052067,-0.04113740615729368,-241.4439524213134,2.869833690803946,-30.07372451442931,-0.042590877938642864,-385.0497860087459,1.9916382713323405e-09,3.988743416152634e-09
6.000000000000001e-08,-264.00831429784887,2.373463600381618,-35.52545767777658,-0.045979033382246896,-263.59694826651867,2.4004585281056823,-34.15237207375229,-0.0462457071980073,-360.9797769376688,2.1076146407278076e-09,4.101128603356238e-09
6.25e-08,-269.090356207047,1.896664643181317,-37.94800227936515,-0.049066736946074316,-272.040665387119,1.89558391854227,-38.577194462403625,-0.04962442924585621,-320.59430400843416,2.2373535817204266e-09,4.146228297324525e-09
6.5e-08,-264.8443739169399,1.4367453645997141,-45.86530413336365,-0.05351268115787023,-265.0150663576793,1.38210254734431,-43.32786520266127,-0.05271551121852566,-265.7186986275851,2.3820284878844177e-09,4.134249960557393e-09
6.75e-08,-239.45080893154486,0.8987614471233905,-47.07856350051068,-0.056628519018784275,-242.02658389162195,0.8896422881253745,-48.38264498255884,-0.05551359190187547,-198.8332131900935,2.54280432268653e-09,4.0798939045465925e-09
7e-08,-206.03014634406415,0.4337720317985065,-53.30093000827258,-0.05850597774164837,-204.0154130022618,0.4480795842518737,-53.71854044270875,-0.058018926402598855,-122.96091931938443,2.7208393794118303e-09,3.999494552286223e-09
7.250000000000001e-08,-152.73164384241153,0.08381610600479263,-58.42450252654327,-0.058965751041235435,-153.33068236483777,0.08482733439513966,-59.31147140361775,-0.06023631697348405,-41.53107191440134,2.9172812732135232e-09,3.907933682181206e-09
7.5e-08,-91.73766437924962,-0.17112550654975286,-61.544637930456076,-0.0620792632126329,-93.51146930791727,-0.1777367230894203,-65.13644514584449,-0.06217373241157375,41.7758853623814,3.133256628882925e-09,3.816171784570378e-09
7.75e-08,-28.993113056755686,-0.31844620872945817,-70.32953557430976,-0.06365096085112439,-28.903720580043533,-0.3243466934401168,-71.16773630006051,-0.06384085916519386,123.19466775702926,3.3707632546455206e-09,3.730086092383669e-09
8e-08,35.372850433938744,-0.3764741003554712,-77.1576256820596,-0.06511671476222808,35.82972435467605,-0.3481460018303265,-77.3790708612301,-0.06524780400474092,199.0453317203373,3.6306720850105572e-09,3.6508956601354686e-09
8.25e-08,98.0290095109176,-0.2554358091197916,-86.06109490112995,-0.06666897852971804,96.23139020304804,-0.2510384316647488,-83.74381281109066,-0.06640410151456946,265.8995999759188,3.91330421436119e-09,3.5769409671077694e-09
8.500000000000001e-08,149.53202840806404,-0.0860742675281507,-88.95233119493275,-0.06741457939267595,148.5244167896646,-0.04306950558749091,-90.23515181612282,-0.06731809953378727,320.73581184587925,4.2188862974487746e-09,3.5061612668233823e-09
8.75e-08,190.64607276683458,0.2328105152062908,-98.64683416733996,-0.06755662688530448,189.97038558610296,0.25903863436155944,-96.82629046438478,-0.06799672617706246,361.07549543222893,4.547570847991457e-09,3.438434028410148e-09
9e-08,219.30766596890257,0.610770560396504,-107.63531744708864,-0.08836410347663487,219.06010135410258,0.6339518978654176,-103.49062951396441,-0.08832969839391178,385.0953889024467,4.900777380212411e-09,3.3770601545918115e-09
9.25e-08,231.79358085246525,1.057234976781347,-114.92255147820812,-0.07996985725403291,235.51672785620414,1.0580611926103562,-114.19185982702895,-0.08046068683764825,391.7098477721936,5.279147437532882e-09,3.3290272657588863e-09
9.5e-08,240.1594340245796,1.488101848984139,-120.1501617050893,-0.05235626481320435,240.12276820071392,1.5077406547007381,-119.29940971459044,-0.052571788117373924,380.6199135636677,5.697748027855324e-09,3.3056953631952638e-09
9.75e-08,231.78175632008333,1.94802195516494,-128.69460386199341,-0.05227497467702372,234.41187340385457,1.961212179995002,-124.42244658151317,-0.052586812827371,352.3268260479816,6.135830272512277e-09,3.315674083583843e-09
1e-07,221.4894345485395,2.372323158006792,-130.17738306956755,-0.052141764772075855,220.28817549424576,2.3997895759566115,-129.5379535248092,-0.05239321616130423,308.10936834898223,6.593432538863486e-09,3.3691009200361236e-09
1.025e-07,199.55115548655613,2.809041552708738,-135.22629483946247,-0.052352898780939336,199.64600352992812,2.8083996568339513,-134.62380168957878,-0.051997993247945455,249.96606885822595,7.070459984026582e-09,3.4736909957209915e-09
1.05e-07,169.9211552829713,3.162583284543221,-139.1899224561866,-0.05188677107829218,174.0597620285102,3.1754145509713547,-139.6589029524395,-0.05140982898483428,180.52487230293028,7.566697279588859e-09,3.633632784369372e-09
1.075e-07,146.56275396157713,3.5063758831882654,-144.63208277486413,-0.05057104849062071,144.5981179329783,3.491954550660748,-144.62335229085582,-0.05063931356865097,102.92436262892323,8.081821455502499e-09,3.849073253404317e-09
1.1e-07,112.62691832354452,3.8010737573188993,-149.88428489198077,-0.04965199117538316,111.79138853580206,3.7509115700015943,-149.49855870207236,-0.049698943920427646,20.67190615379018,8.615413471713941e-09,4.116072419929592e-09
1.1250000000000001e-07,75.07733802116971,3.9530063608544297,-154.52200490354613,-0.04865092958644182,75.75079993240921,3.9459836424638386,-154.26736363881625,-0.04860290652574142,-62.514873403351416,9.166967762948559e-09,4.426842743128518e-09
1.15e-07,37.5429915840452,4.104234855317332,-161.08286187290867,-0.04885312010131189,36.40862414060808,4.0709941046122085,-158.9141460411065,-0.04736667634522846,-142.87612304781305,9.735899741539209e-09,4.770128421821696e-09
1.175e-07,-6.142001254230917,4.106687080441515,-164.4937541368128,-0.04551794001924986,-6.175481404593295,4.119698845543534,-163.4249131633888,-0.04600649909657174,-216.77969730238,1.0321551939084233e-08,5.131683490495571e-09
1.2000000000000002e-07,-51.44188973240663,4.081617783506637,-166.60446921354574,-0.044060088825421256,-51.50998824297409,4.086174689007794,-167.7873765227374,-0.044538844599068456,-280.8853229113918,1.0923199983470308e-08,5.4949193330920615e-09
1.225e-07,-98.86569342127318,3.9240964978800466,-167.7702410198499,-0.04300268054197223,-98.43753540740714,3.9657523778800843,-171.99101242590973,-0.042979923353900724,-332.29557158509283,1.1540059841354068e-08,5.841857410621016e-09
1.25e-07,-145.7842548092868,3.7638750763870013,-175.88656126156187,-0.04118036514030389,-145.02785781578285,3.7563330764197222,-176.02710666943602,-0.04134534625561031,-368.6868171600178,1.2171297658719968e-08,6.1545026112974035e-09
1.275e-07,-189.18033717452664,3.4654990970455466,-179.16071690421364,-0.03992335187776628,-188.630933096411,3.4598312881436866,-179.88878314645808,-0.039649980426731436,-388.4142582099813,1.2816043117012922e-08,6.41663485798964e-09
1.3e-07,-226.09151878335683,3.093025132558034,-185.58518889821406,-0.03776348874234768,-226.09403946111732,3.0834380104508012,-183.57101623548186,-0.03790801740200068,-390.58625932483613,1.3473406562988007e-08,6.615826796322225e-09
1.325e-07,-255.46105686450485,2.633694489537062,-186.99203311304862,-0.0356213319088254,-254.11552497571853,2.6404057805658083,-187.07062698831427,-0.03613322982019917,-375.10465100049015,1.4142499387149048e-08,6.7452981495518006e-09
1.35e-07,-273.1671984510437,2.165371933729146,-189.56460720593486,-0.034263062786184996,-269.6815339482932,2.1501217089728786,-190.38626327597035,-0.03433935660114926,-342.6691666769294,1.4822456364080193e-08,6.80510208291007e-09
1.375e-07,-272.9949371931792,1.6733232489015866,-196.21176785993862,-0.03264170456117407,-270.5145614666599,1.6373450774938423,-193.51836419101576,-0.03254053082999545,-294.74581638023443,1.551245807273454e-08,6.802186380002906e-09
1.4e-07,-256.1908537239337,1.1322638001698095,-200.32255710758483,-0.030507094142143126,-255.4577331450883,1.1306236101396474,-196.46910914142347,-0.030751653951961732,-233.50062640794653,1.6211751203230802e-08,6.749112168483994e-09
1.425e-07,-227.18857645168018,0.6491266566807885,-202.9872367056313,-0.02811553859560755,-224.7271522266646,0.6600430558295792,-199.2423522033724,-0.028988626433903954,-161.70173987311094,1.691966459761694e-08,6.661594631584032e-09
1.4500000000000001e-07,-181.5901411721249,0.279408737809443,-200.91793607811746,-0.027577723168797537,-179.98514836686832,0.25458341722199324,-201.8435424273426,-0.027268367760453032,-82.59430293946356,1.7635619272518667e-08,6.555426736451024e-09
1.475e-07,-128.56613922509908,-0.004927001055089905,-202.02869876287832,-0.02578353327027511,-124.21627844322619,-0.06056917586788925,-204.27963091225226,-0.02560859361031174,0.2462083949998727,1.8359131375248785e-08,6.443600226180044e-09
1.5e-07,-62.148289928703896,-0.30183907531447196,-208.23351150687247,-0.023487022157274006,-61.420418516607796,-0.2663870834502986,-206.558965575192,-0.024027359217026287,83.07559167070049,1.9090117484771102e-08,6.33442761792591e-09
1.525e-07,3.6559484878182715,-0.36825450973601165,-206.60689418434475,-0.02309361057991775,3.832434546143597,-0.35171619562130557,-208.69117464855063,-0.022542418057908978,162.1501473909715,1.9829006690950762e-08,6.2311732914520896e-09
1.55e-07,65.6264901258271,-0.3355930311277418,-209.83331246555144,-0.02143167915859122,66.91826650974971,-0.31411104447383054,-210.68704003109977,-0.02117047709854123,233.89588571378152,2.0574933518334102e-08,6.133217973897182e-09
1.575e-07,123.65120727785671,-0.2034890809576987,-209.76474818595142,-0.01921633036250933,123.66739610963442,-0.15969308198189502,-212.55836170408293,-0.01992644822172433,295.070062653545,2.1327067526137732e-08,6.038288626852111e-09
1.6e-07,170.0351278111076,0.10324512357460029,-211.10103192341876,-0.018210995711200724,170.78858681435588,0.09791638112528095,-214.3178144968171,-0.01882279698001367,342.9077447245681,2.2084638926335764e-08,5.944970342225767e-09
1.625e-07,205.23736144094678,0.43863768934943786,-212.0595005403235,-0.018450699308514815,206.1476288483533,0.4393990669051987,-215.9787985481316,-0.017869074200899056,375.24677763801776,2.2847461347084757e-08,5.854688821979517e-09
1.65e-07,230.024844112042,0.8237893299033708,-219.36191934381893,-0.017101069704920067,228.8645941235237,0.841984748846777,-217.55528485961662,-0.017071686032425343,390.62551075190123,2.3616192181876244e-08,5.7726016384510575e-09
1.675e-07,238.1509962760373,1.2734887986429653,-219.58682464446665,-0.016154731918467367,239.22522653984043,1.2817917076327348,-219.0616573737116,-0.01643391906023359,388.34886035146786,2.4390665326138514e-08,5.707245170378701e-09
1.7000000000000001e-07,238.65898479402927,1.7311892367891568,-217.48143322303375,-0.017040071371393822,238.4334203667055,1.7359224496067374,-220.51255303384067,-0.01595619603602509,368.51972585020013,2.5170707262260303e-08,5.669183948792098e-09
1.7250000000000002e-07,231.55609877699763,2.1881658093354375,-221.03400437556203,-0.014367578176635767,228.25790960041053,2.1840383011715465,-221.9227012948973,-0.015636501764052225,332.03433897065753,2.5956140524421126e-08,5.6691585115604565e-09
1.75e-07,210.22327786340722,2.607421714858239,-225.52438881753852,-0.016061153922433423,210.64256445696628,2.609245244316807,-223.30676455032977,-0.015470894083419144,280.5417561116063,2.6746790586624563e-08,5.7162661145766795e-09
1.775e-07,187.4303436086006,2.979673758277615,-226.70448227512188,-0.015024286902605592,187.35327784495772,2.99825693039668,-224.67918092693225,-0.015454005883093326,216.36932475419013,2.7542494412186215e-08,5.816567188215833e-09
1.8e-07,160.08179623533678,3.3194807834864535,-223.44786967119455,-0.01623110009265411,159.72481556508248,3.3409348527675053,-226.05401087034846,-0.015579452112036738,142.41749265585443,2.834310882386929e-08,5.972282214442799e-09
1.825e-07,128.12152262411652,3.6039232773671475,-231.5802143287916,-0.015965464854741273,128.5500554079183,3.629415995161148,-227.4447889035505,-0.015840079160412957,62.028714216901186,2.9148517117356425e-08,6.18153301132826e-09
1.85e-07,93.38905074346806,3.858688936132788,-231.91154579140292,-0.01706779805145807,94.12563600678344,3.8571052243059567,-228.86438188752538,-0.016228028398611923,-21.16362084663437,2.995863288566075e-08,6.438461733943171e-09
1.875e-07,56.85350564355819,4.027005451397603,-228.99569049860716,-0.017125709260112122,56.437386914049924,4.017821601564048,-230.32485504860864,-0.016734624718320115,-103.39940844382629,3.077340073708322e-08,6.733551758120676e-09
1.9e-07,18.548325315943952,4.062473311090654,-229.2132736517876,-0.016324111661725225,15.44161707292023,4.105343075606401,-231.83734696093262,-0.017350137457259874,-180.9617782508813,3.1592794333456534e-08,7.054052946881454e-09
1.925e-07,-28.709412620857744,4.140925390197441,-235.8475020918163,-0.018646136676965443,-28.620617198251406,4.113501456114686,-233.4119545860251,-0.018063488412116826,-250.3450877853437,3.241681280390631e-08,7.384528869184489e-09
1.95e-07,-72.63543464406061,4.057070932442377,-235.5698159080878,-0.019499049172745787,-74.9462907174979,4.03685666753474,-235.05762937547814,-0.0188619947341154,-308.41336946290096,3.324547698006336e-08,7.70763804781254e-09
1.9750000000000001e-07,-124.108349325105,3.8630714922098357,-236.84011818074418,-0.018859746258007407,-121.9942645241551,3.871849119440315,-236.78208533770595,-0.019731230918565608,-352.54206919065416,3.407882697436232e-08,8.005287026812737e-09
2e-07,-165.93720608041184,3.595450384784292,-237.7702014096782,-0.020739226995254715,-167.4561520919761,3.618216075425591,-238.59171985706547,-0.020655074421784086,-380.73667023521847,3.491692236563832e-08,8.260223162510065e-09
2.025e-07,-212.47043638718333,3.2849129120766167,-243.02915346681135,-0.02210128157598603,-208.39317192858226,3.280383588639547,-240.4915479340611,-0.021615967161990428,-391.72284083695865,3.575984571012142e-08,8.457975410861006e-09
2.05e-07,-238.85203242354066,2.864454201311382,-244.3632379168733,-0.02174014035564394,-241.52698846571656,2.8685244085223736,-242.4851503900731,-0.022595386073941355,-385.00403110348765,3.6607709360274515e-08,8.588847642507694e-09
2.075e-07,-265.246735081496,2.3695739630394863,-249.2965441260995,-0.02473827843315248,-263.6431510811233,2.3990091868890766,-244.57463645018134,-0.02357447703632482,-360.8839159340098,3.7460664784805936e-08,8.649501292017518e-09
2.1e-07,-273.0946986390303,1.8844455155137312,-246.44163367420788,-0.024656274174045024,-272.0432684756439,1.894067751967819,-246.76062098437043,-0.0245347749168748,-320.4526696054351,3.8318912889114383e-08,8.643622633040674e-09
2.125e-07,-264.39383408827496,1.3668619239637494,-251.297900029665,-0.025632945140802058,-264.97062542520706,1.3806040480633408,-249.04221655190798,-0.025458913955115004,-265.537692377718,3.9182713370441924e-08,8.581314888284655e-09
2.15e-07,-243.82321796871003,0.902462001233961,-251.22754050692927,-0.026324659417412497,-241.9357271495433,0.8882505352108498,-251.41704025720585,-0.026331230692623265,-198.62101616364632,4.005239100131905e-08,8.477178108204175e-09
2.175e-07,-201.92125972763296,0.48741919992950317,-252.790217670043,-0.027466934384663348,-203.88305952150614,0.4468804007029579,-253.88123528923515,-0.02713817669898891,-122.72712233871633,4.092833695727257e-08,8.347448213564916e-09
2.2e-07,-151.61247764061721,0.08959864622303951,-261.2844579452822,-0.027527546368911183,-153.16567450278197,0.08389531142204523,-256.42950688179735,-0.027868487925404955,-41.28624207061145,4.18110038650642e-08,8.206910411490394e-09
2.2250000000000001e-07,-92.54093403470165,-0.15769544016808296,-261.2465914318168,-0.02825806649364499,-93.32566178421871,-0.17834524223713477,-259.0551722998703,-0.02851309654743168,42.02068231790422,4.270089406065064e-08,8.066433091830055e-09
2.2500000000000002e-07,-29.760397602529956,-0.33471702708334833,-263.38720063809666,-0.02941934093789699,-28.71065876156517,-0.3245987014825478,-261.7502243290301,-0.02906481283941229,123.42836755937127,4.35994529866383e-08,7.931809884715805e-09
2.275e-07,35.45146299759274,-0.34665003509126097,-262.97299490084634,-0.02938034515485471,36.01633674167235,-0.34803430306277217,-264.50540762176144,-0.029517841676623552,199.2573716706361,4.4507057667590524e-08,7.80418880740927e-09
2.3e-07,98.06013567263918,-0.2396868190091124,-266.9854670927785,-0.029157838891477748,96.39920021714624,-0.2505812174243463,-267.31030713739636,-0.02986722420965785,266.0803963513007,4.5423603993166426e-08,7.681854504488364e-09
2.325e-07,149.57479507708535,-0.05376781196936226,-268.4346431477545,-0.03029696395379527,148.66368102095907,-0.042307182787585856,-270.1534478025394,-0.030108305582599526,320.8771930619049,4.634895429282197e-08,7.562705863415833e-09
2.35e-07,188.37035936310565,0.20592668565763889,-272.9340525122254,-0.031077709560702035,190.07479641376443,0.260048798360697,-273.0224044171023,-0.030236322517799293,361.1710713799016,4.728295424998524e-08,7.4465932744804845e-09
2.375e-07,218.68458540499353,0.6068820147520766,-275.4758019285519,-0.029878964157875085,219.12707439500622,0.635142441238292,-275.9039207384155,-0.030246181473616632,385.14083976658685,4.822677553451558e-08,7.336799976462376e-09
2.4000000000000003e-07,232.44575131761678,1.0695380628822508,-277.7084065557745,-0.02943476448074963,235.54713719101323,1.0593614057447849,-278.78403659312346,-0.03013246304923654,391.70311927724686,4.918085234176381e-08,7.240301009690684e-09
2.425e-07,239.88702469390978,1.5109087340526968,-276.81422174083775,-0.02945775519572642,240.12020955166642,1.5090827969139735,-281.6482217944451,-0.029889647598045268,380.56130982228285,5.0145289859431974e-08,7.166858589080071e-09
2.45e-07,233.65059846042166,1.9623581201774103,-279.56718739823566,-0.029722926772153775,234.381613210773,1.9625361453591479,-284.48151558153353,-0.02951251783684912,352.2189958158116,5.112007883982475e-08,7.127350547263931e-09
2.475e-07,219.6985059256893,2.4259151828849603,-287.1159637576126,-0.029698182764868547,220.23599218890476,2.401045510592309,-287.2686702486438,-0.028996663515737767,307.957185306958,5.210509890512439e-08,7.131873515086297e-09
2.5e-07,195.7693400790726,2.803049133808311,-290.65936734129355,-0.02746612946173777,199.5771379529027,2.809548427154903,-289.9942975950367,-0.028338996310480435,249.77641133328228,5.3100125554840034e-08,7.188101775612698e-09
2.525e-07,172.58959926863872,3.193522080957629,-292.377731242996,-0.027276378981440048,173.97816535423632,3.176426360783014,-292.64301680234877,-0.027538182897447385,180.3063123832853,5.410483903243287e-08,7.300184221612481e-09
2.55e-07,144.87776382848458,3.4975566747032323,-292.58925945148115,-0.026371398113429124,144.50612318626537,3.492806332968378,-295.1996023347351,-0.02659492054936071,102.6867787252207,5.51188332942625e-08,7.468230601912536e-09
2.575e-07,111.26902138754784,3.7476878449941284,-298.1500895327171,-0.026010039725038157,111.68984734071776,3.7515839783452116,-297.6491304585578,-0.025512009457689912,20.42603651742557,5.614162372938339e-08,7.68826669202779e-09
2.6e-07,77.42626602754035,3.940527682836431,-301.4976130214769,-0.024035559321852144,75.63963502069436,3.9464585019164957,-299.9771229927064,-0.024294213843505046,-62.757916024732786,5.717265291504967e-08,7.952473792383764e-09
2.6250000000000003e-07,36.53662354165425,4.099201224152511,-303.79848935845916,-0.02310550550383774,36.28766700740825,4.071253049580555,-302.1696869276749,-0.022947942843854423,-143.10535368120645,5.821129443096478e-08,8.249567863720804e-09
2.65e-07,-5.5684834428426155,4.105279811813321,-306.06295100101624,-0.02199553989210287,-6.305554662887193,4.11972359626528,-304.21364859102715,-0.021480815062044637,-216.9847552451824,5.9256855449176036e-08,8.565277542657474e-09
2.675e-07,-49.78058500910691,4.104489012841704,-306.36960215362666,-0.02003367526595869,-51.646831124362926,4.0859490532020075,-306.09668108849104,-0.01990119155513191,-281.0569400115657,6.030857932957227e-08,8.882991944254335e-09
2.7e-07,-99.78964071778111,3.9624088028263027,-310.9656206794331,-0.018421586186458862,-98.57660563098977,3.9652656769719563,-307.80742381316185,-0.018217767085846222,-332.42599114053684,6.136564968130426e-08,9.184714129306386e-09
2.725e-07,-147.672021585941,3.7194383057758493,-307.7662434295649,-0.016180979841799135,-145.16232899204894,3.7555843598691623,-309.33559288959157,-0.016439297738216972,-368.7701445038285,6.242719724946949e-08,9.452435440332245e-09
2.75e-07,-185.67476267125286,3.4418076620064877,-309.590837292007,-0.014716255164137576,-188.7520999193222,3.4588334783691517,-310.6720815042114,-0.014574516572383607,-388.4467271359807,6.349231056768651e-08,9.66992786616388e-09
2.775e-07,-223.56635214526793,3.0630504710174336,-314.53114259912695,-0.011940716374368112,-226.1921808313281,3.0822210577897096,-311.8090491678124,-0.012632252625337601,-390.5664023115102,6.456005065432686e-08,9.824761648589928e-09
2.8e-07,-251.75591820159494,2.611438176619115,-315.10370786262564,-0.009780748553817433,-254.18110209236946,2.6390180173310953,-312.7399990588369,-0.010621728816625958,-375.0333655396209,6.562946924363402e-08,9.91015821167308e-09
2.825e-07,-267.18190021253525,2.1378408095186483,-312.7927541862584,-0.00741148332677432,-269.7065335985712,2.148628857401452,-313.459842707073,-0.0085529783962977,-342.5496747090097,6.669962927842469e-08,9.926173626551917e-09
2.85e-07,-271.5228549264392,1.6411924400451618,-315.6558802980173,-0.006342769837421366,-270.4937607531278,1.6358267432753797,-313.96495139499314,-0.006437294028666032,-294.5835186700943,6.776962579315058e-08,9.87975584282502e-09
2.875e-07,-256.8164175046386,1.158687030129039,-316.9221512512351,-0.00401578070096925,-255.38966715921975,1.1291675158147834,-314.25319377736844,-0.004287613162062997,-233.3028584424853,6.883860500211509e-08,9.783459387235273e-09
2.9000000000000003e-07,-225.53857581365088,0.686647201096691,-315.9570698914598,-0.0017720185871328384,-224.61461015799597,0.6587376623284964,-314.3239593477955,-0.002118750033802789,-161.4774403139889,6.990577944614751e-08,9.65298318998513e-09
2.925e-07,-174.87169185669163,0.2354968045698858,-315.3360150183228,-0.00024280514613817016,-179.83509878122283,0.25350987720786367,-314.1781675122478,5.259251019990187e-05,-82.35360961595745,7.097043744901157e-08,9.504093602222504e-09
2.95e-07,-122.28397911857701,-0.08865752487748846,-316.8348183929834,0.0024540189907115667,-124.03921792975251,-0.061344645512389315,-313.81826216349384,0.002208063131870669,0.49241669280057027,7.203194583576649e-08,9.349747246517049e-09
2.975e-07,-61.34477353360879,-0.26692056833540095,-314.8136110225558,0.004627493936324239,-61.229233272313714,-0.26681935747663754,-313.24819178502247,0.004328144579851858,83.31618688842478,7.309005928541767e-08,9.19821696890464e-09
3e-07,3.9795023568945678,-0.3599731617772909,-312.22512565355794,0.006830270852480722,4.0239240530341025,-0.35178508099806316,-312.47337524773303,0.006392829077212325,162.37425517268588,7.414501916880391e-08,9.052727750343953e-09
3.025e-07,67.10560304170349,-0.3204625895209501,-310.4713537942313,0.008960954178850348,67.09685598876025,-0.3138223101837403,-311.5006535958829,0.008382404760506565,234.09337689811326,7.519576250088733e-08,8.912625343106165e-09
3.05e-07,125.39911403678148,-0.16456293963742805,-311.1927687404504,0.010928174311497781,123.82190744845548,-0.15907661055385347,-310.3382282494181,0.010278253006915917,295.2320110887091,7.624124706734687e-08,8.775608365585064e-09
3.075e-07,171.08256482979536,0.10458747779375642,-310.5650231390387,0.012450692237436754,170.91092854460695,0.09881095300019398,-308.99558617665576,0.01206355497789104,343.02683071010097,7.728047832906207e-08,8.640239927501579e-09
3.1e-07,207.41992932608204,0.45820365086868703,-309.35960580598316,0.013301835445051556,206.2333598978788,0.44050848382900226,-307.4834127131977,0.013723821317624845,375.3176187585664,7.831303828950664e-08,8.507927721284845e-09
3.125e-07,230.05635388668944,0.8219447478405226,-307.2321638308302,0.015343697869775137,228.91292997630035,0.8432390752468072,-305.81349281880506,0.015247188876957822,390.64490515014455,7.933933497544764e-08,8.383811822881753e-09
3.15e-07,236.5629759116313,1.3143398879834427,-301.3695942537844,0.017058565664827923,239.23852230343903,1.2831210265561797,-303.99860167272476,0.016624467265176492,388.3159314447719,8.035894830662308e-08,8.276408369590917e-09
3.1750000000000003e-07,237.00721269347952,1.7876940762706937,-305.8966355675506,0.018197164899513733,238.41625285029178,1.7372623866204486,-302.0523856086076,0.017848959081323154,368.4359619501581,8.137144519590041e-08,8.196256855777831e-09
3.2e-07,226.7200851025279,2.188240746845807,-295.40166185177304,0.01962314531982712,228.2159449411071,2.1853337011721856,-299.98923448180363,0.018916113611617026,331.90352601479674,8.23763853300833e-08,8.154067571024846e-09
3.225e-07,211.26899140197995,2.5620972933103427,-298.6244348775417,0.02078096704531813,210.58142790881084,2.6104516979265826,-297.82414664360516,0.01982309831826787,280.3698065476302,8.337333048769083e-08,8.158903337056541e-09
3.25e-07,184.75684481578153,3.014261306336003,-294.88498190924724,0.020389851809139464,187.27763305970043,2.9993402537130085,-295.5725877681856,0.020568381372290397,216.164010310809,8.436185560018568e-08,8.216787829379896e-09
3.275e-07,161.1095144688395,3.3523392113443222,-293.07790693203253,0.021391963902800053,159.63781410954567,3.341868995758161,-293.2503448379052,0.021151410389086602,142.1880930783492,8.534155968439411e-08,8.32990446158715e-09
3.3e-07,130.51609154621912,3.6524743960518196,-290.90376060522823,0.02086749933212753,128.45324211851045,3.6301801232830906,-290.87337664074806,0.02157244905807007,61.78559784376027,8.631207503791693e-08,8.496339303705959e-09
3.325e-07,91.90690317742455,3.880896997390831,-292.38505211199214,0.021188111279556505,94.01930591511271,3.8576808373654687,-288.45766216949824,0.021832598914794974,-21.409465708991384,8.727307363487284e-08,8.710201151390038e-09
3.35e-07,59.871968532080196,4.028895776417434,-288.15533280875815,0.02124979290922688,56.32130133089546,4.018190503360032,-286.0190483354775,0.021933994441066966,-103.6368701674862,8.822427037489367e-08,8.96194303220513e-09
3.375e-07,14.765579113649148,4.098271321782314,-279.8873206639541,0.021310184308825197,15.315916083032594,4.10548679850998,-283.57309842007567,0.021880123163253228,-181.1801241067038,8.916542358288991e-08,9.238787959530737e-09
3.4000000000000003e-07,-29.8193684115343,4.126048279257207,-280.6903408558107,0.021432540456977234,-28.754508251525543,4.113402416455561,-281.1349426847384,0.021676195143245314,-250.53444903788713,9.009633378597404e-08,9.525276837148585e-09
3.425e-07,-74.30888812498105,4.003914073361971,-277.12350045686105,0.02094981221980534,-75.08496489290013,4.036500942250548,-278.71913254460105,0.021329473232946275,-308.5651874147816,9.101684218501861e-08,9.804050785287652e-09
3.4500000000000003e-07,-121.99763770830431,3.852036250833374,-279.228186188245,0.021131271743112502,-122.13201454613016,3.871230364228729,-276.33949968263397,0.020849479124204418,-352.64948201618205,9.1926830314566e-08,1.0057005616746348e-08
3.475e-07,-166.75879572120678,3.6507844954787267,-272.2278382637005,0.019752607514100188,-167.5851281215746,3.617339819429972,-274.0090214402804,0.020248009984954754,-380.7948231192911,9.28262221282439e-08,1.0266886013665504e-08
3.5e-07,-207.00683847201174,3.267124410858909,-267.9001380363519,0.018914200066953164,-208.50402661863114,3.2792709951469554,-271.73969376743594,0.019538932825937737,-391.7291054016474,9.371498920207176e-08,1.0419227107386468e-08
3.525e-07,-241.27036085942248,2.914616702840912,-269.9078317016961,0.01824971091207945,-241.60992826176846,2.867214614811356,-269.54241294971536,0.01873776289644973,-384.9581242047351,9.459315901433464e-08,1.050434739818876e-08
3.55e-07,-266.4625697421643,2.409269331863873,-268.32466064538,0.01749740209052696,-263.6892338510303,2.397559528249791,-267.4268672548432,0.01786107131439819,-360.7879124590961,9.546082547418414e-08,1.051892947075253e-08
3.575e-07,-270.08110795520594,1.9080643399001926,-263.6446925373797,0.017038100020725765,-272.04573599127843,1.8925515035356384,-265.40143955334617,0.01692579875625537,-320.31090869279666,9.63181601802766e-08,1.0466683933711343e-08
3.6e-07,-263.64455646886057,1.374477239156826,-268.1202810294496,0.016186670878118564,-264.9260445361923,1.3791057269607223,-263.4731218722901,0.01594857059873408,-265.3565812977743,9.716542242951826e-08,1.0357737507271008e-08
3.625e-07,-244.03239670072244,0.8630292201411756,-261.45629306719565,0.0157645008960192,-241.84473868771943,0.8868592230726043,-261.64744273543533,0.014945110956980617,-198.4087407247666,9.800296585938114e-08,1.0206709335551353e-08
3.65e-07,-206.56388511958764,0.4306623675915073,-259.5230534876922,0.013044197728331965,-203.75059495857377,0.4456818991631228,-259.92840802981686,0.013929838078035084,-122.49327690732294,9.883123983385775e-08,1.0029848108733187e-08
3.6750000000000003e-07,-153.47969880165053,0.11002304387397203,-256.30404886656135,0.012436587087673643,-153.00058666427657,0.08296416761688197,-258.31845601839075,0.012915694032951796,-41.04139592766844,9.965078424754991e-08,9.84194596581437e-09
3.7e-07,-93.40586683877825,-0.1320639669920054,-255.3813168604659,0.013153037368840291,-93.1398124784735,-0.17895274748670248,-256.8184269920971,0.011914222710340698,42.265462684325406,1.004622172391597e-07,9.653875254928712e-09
3.7250000000000003e-07,-28.219311697508367,-0.2957720060636607,-258.31864605070075,0.01035644749492612,-28.517596123289337,-0.32484963480888096,-255.42754792358724,0.010935868543924514,123.66201863414817,1.0126713085456974e-07,9.471434946323437e-09
3.75e-07,36.113219485124304,-0.3351002430961855,-255.83537355769252,0.010050983700106037,36.20291082148916,-0.34792154580337503,-254.1434323501311,0.009990431483006953,199.46933295728115,1.0206606725483616e-07,9.29578417626652e-09
3.775e-07,93.83304560059898,-0.2972468841693162,-255.44051305558696,0.00894948171011107,96.56693881785343,-0.2501230325259329,-252.96209557603555,0.00908758790914679,266.261087682356,1.0285911753335589e-07,9.125227452241743e-09
3.8e-07,148.31664096386692,-0.06697111496859712,-252.38181334645887,0.00896254858857845,148.80284990007343,-0.041544035864065486,-251.87798514651803,0.00823737702170363,321.01844760069724,1.0364636285888857e-07,8.957692861067515e-09
3.825e-07,189.5742253305314,0.278838129952529,-249.32939492293212,0.007444063396577435,190.17909878847334,0.2610595994520227,-250.8840264066037,0.007450559403431843,361.2665047429551,1.0442788946281786e-07,8.793067472586159e-09
3.85e-07,220.06271094617392,0.624170661787066,-248.17957015333113,0.006332942895654778,219.19393673402388,0.6363334147799478,-249.97168282150625,0.006738777716409733,385.18613858322254,1.0520513426932486e-07,8.63467513668767e-09
3.875e-07,233.60906781061826,1.068254947580825,-249.88479863358924,0.0068071298417434044,235.5774428866298,1.0606618421359073,-249.13103060032284,0.006114484608235466,391.69623614411205,1.0597880446276174e-07,8.489531426144094e-09
3.9e-07,240.75388219921876,1.5312166216806808,-250.41607490343367,0.005446285440079705,240.11756090659685,1.510424971903832,-248.35084703394924,0.005590643687843805,380.50255584132015,1.0674929668517215e-07,8.36743573766891e-09
3.925e-07,233.00080582442936,1.9368834130067307,-243.98848978336474,0.005065490366449585,234.3512798777974,1.9638599803732,-247.61871183205886,0.0051802486396108115,352.1110265331588,1.0751690499223768e-07,8.2792979458763e-09
3.9500000000000003e-07,221.52881380756253,2.405743978124246,-248.82174906822715,0.005713556072602752,220.18375245278844,2.4023011836354287,-246.92112062394153,0.004895736273674743,307.804880688315,1.0828182130705249e-07,8.235241387290447e-09
3.975e-07,201.29159853093398,2.8100912788567105,-246.7892337085024,0.005377170677538805,199.50822977106003,2.8106968349662718,-246.24360967503517,0.0047483861981515415,249.58665520056496,1.0904413946326052e-07,8.242962683214849e-09
4e-07,173.43041822825825,3.17877876473809,-246.27430917349645,0.005236852874623356,173.896535383374,3.17743773125749,-245.5708907661322,0.004747799973008937,180.0876812815649,1.0980386102561812e-07,8.306630147901919e-09
4.025e-07,147.70770085820462,3.4874555534838874,-242.8236107829556,0.005209925379559573,144.41409965481677,3.493657614502419,-244.8869950864556,0.004901536196307504,102.44915428240148,1.1056090116442338e-07,8.426371340746331e-09
4.05e-07,112.48245496366384,3.7926981389169554,-244.9394163801281,0.005451483392590962,111.58827814086999,3.752255831281281,-244.1754249059402,0.005214948081349097,20.180158817185923,1.1131509326737469e-07,8.598229043799768e-09
4.075e-07,71.88682006310002,3.9406454642199304,-242.51260533457278,0.006373459248658799,75.52844128508367,3.9469327520734896,-243.41931171691866,0.005691232215161543,-63.00093387028349,1.1206619160983135e-07,8.814401048548124e-09
4.1e-07,33.721958591272475,4.083946492191998,-240.31030448110286,0.0060439057210218555,36.1666813492232,4.071511330386193,-242.6015794716785,0.006331658266851733,-143.3345278188713,1.1281387214295607e-07,9.063619303054472e-09
4.125e-07,-7.1500556707839165,4.109062236024875,-245.94735913940102,0.006837425924774124,-6.435652329584251,4.1197476304083835,-241.70511149062025,0.00713591653077215,-217.18972752583986,1.1355773215264539e-07,9.33162801244791e-09
4.15e-07,-52.749175566900874,4.1045879918285655,-238.4798343933674,0.00797345474387049,-51.7836884047668,4.085722659112954,-240.7129195764987,0.008102499331796378,-281.2284461549122,1.1429729005407179e-07,9.601831887162708e-09
4.175e-07,-97.38466796637495,3.9777548090461043,-239.63955002670014,0.009313030947583885,-98.71567339873056,3.9647781984506283,-239.6083138438267,0.00922902729535711,-332.5562794594642,1.1503198681531912e-07,9.856250498134355e-09
4.2e-07,-145.53344364465858,3.7644138128000644,-238.52158076874989,0.01103558671737573,-145.29677447617553,3.754834881540197,-238.37507175924367,0.010512443234993332,-368.8533262630268,1.1576119040052449e-07,1.0076893738023146e-08
4.2250000000000003e-07,-190.98091020826934,3.467245404383344,-237.952282217826,0.010800155826788973,-188.87321334531362,3.45783496902223,-236.99760488863,0.011949022840317566,-388.4790427093641,1.1648420420194415e-07,1.0247555073662929e-08
4.25e-07,-226.47883441431614,3.0959762422374744,-238.86145081020175,0.012477817930405297,-226.29023975258437,3.081003521116355,-235.46112186001983,0.013534187700809885,-390.5463911087541,1.1720027976520578e-07,1.035582919415336e-08
4.275e-07,-253.75187919951912,2.6528363053318844,-235.49662287676188,0.014404040724930983,-254.24657021510882,2.6376298396887066,-233.75178607782993,0.015262145906050729,-374.9619320215181,1.1790863332328155e-07,1.0394963631465944e-08
4.3e-07,-269.2046988557581,2.1378342377814303,-233.29643610071878,0.016694969385471024,-269.7314041760454,2.1471358083784566,-231.85686676338656,0.017125421316232473,-342.43004750790374,1.1860846488815195e-07,1.0365039439045896e-08
4.325e-07,-273.7683326610923,1.6377954104253007,-227.73312366264943,0.01935223672358229,-270.4728207454679,1.6343084619633166,-229.76488194885874,0.019114358050320992,-294.42110466304763,1.1929897804932025e-07,1.0273024590904623e-08
4.35e-07,-256.598508612707,1.1584778788659993,-230.94151794085258,0.020209710999658556,-255.32146374218922,1.127711738318926,-227.46573211607443,0.021216697078157428,-233.10499837275097,1.1997939831250408e-07,1.0131484767896383e-08
4.375e-07,-225.35648817867792,0.6198618750570971,-225.49867683098356,0.023851432462976236,-224.5019452512752,0.6574328398375207,-224.9508232477494,0.023417314994825283,-161.253077006132,1.206489878483894e-07,9.95611841660971e-09
4.4e-07,-176.808736781624,0.22182938662784604,-221.77534992652286,0.025955182134632063,-179.68495258607493,0.25243712895412945,-222.21317814576153,0.025698192122050885,-82.11288378054778,1.213070549170927e-07,9.762679176910909e-09
4.425e-07,-126.01934072890339,-0.08061043044596589,-217.89723332734226,0.02847327958737252,-123.86209596277276,-0.06211915689851366,-219.2475349685035,0.028038641922939835,0.738624796203652,1.2195295693229182e-07,9.564100713696638e-09
4.4500000000000003e-07,-61.68973758362537,-0.253431760824231,-215.3776978638889,0.031232703658597923,-61.03802673119591,-0.26725057607403374,-216.05043204620395,0.030415792424448623,83.55674921424001,1.225864145044139e-07,9.368626746172128e-09
4.475e-07,4.673202682823527,-0.3467298300951986,-212.23466981721984,0.03211088297728049,4.215394249529693,-0.35185289040117285,-212.62027814850913,0.03280527011790906,162.59829885161645,1.232075977660599e-07,9.179451905358283e-09
4.5000000000000003e-07,68.09133137234328,-0.2663778531292487,-204.93699466576805,0.035553469312607895,67.27538957861763,-0.313532554674218,-208.95740750155392,0.0351820046825534,234.2907756660888,1.2381535213540092e-07,8.995894646002834e-09
4.525e-07,125.2482534756915,-0.14200398412752196,-204.1252072249294,0.03711459168871912,123.9763340806663,-0.1584592384710056,-205.06411898116642,0.03752105446450153,295.39384297095114,1.244085198601273e-07,8.815631676271488e-09
4.55e-07,173.82602349460615,0.09564037182952971,-198.2677679122433,0.040025399487186315,171.0331669583556,0.0997062551218089,-200.94469904361108,0.03979835113471578,343.14578127407185,1.249859691946599e-07,8.637209446064931e-09
4.575e-07,206.1857524338656,0.45856929005280256,-196.86937656552206,0.041383672088538576,206.3189800732463,0.441618430591274,-196.605428094214,0.04199127755087061,375.3883117096635,1.2554713046902763e-07,8.462021993596069e-09
4.6e-07,229.21992901049248,0.8080240332903189,-192.41451040608382,0.044722358867800474,228.9611576537528,0.8444937217294985,-192.05457013612005,0.04407902274633497,390.6641453279657,1.2609223589679102e-07,8.29519544193887e-09
4.625e-07,242.2876419329582,1.242167236852556,-188.42046670699108,0.04695472039362482,239.2517206501562,1.284450464915355,-187.30234568505728,0.04604269682398777,388.2828492370957,1.2662067991842595e-07,8.145228585883421e-09
4.65e-07,238.93027971254622,1.7309617942209843,-180.04745339668037,0.048023097343828265,238.39900360719508,1.7386022653545017,-182.36088808009444,0.04786522943732337,368.3520525974342,1.2713183476287814e-07,8.022638315462678e-09
4.675e-07,226.85798366161353,2.2769234817709294,-176.11049615769653,0.04967817959617995,228.1739157318092,2.186628895825665,-177.2441834636787,0.04953111124123761,331.77258202867955,1.2762506012108049e-07,7.93810682458161e-09
4.7e-07,213.1389096374393,2.5719745858134258,-172.96680909135563,0.05077887924181638,210.52024235595212,2.6116578310895067,-171.96799484552224,0.051026061881288665,280.19774629809535,1.2809971659683748e-07,7.900664567689576e-09
4.7250000000000003e-07,186.78934060853183,2.9823193082542088,-167.06118520417522,0.052088973174214924,187.20195095258873,3.000423169269659,-166.5497708028801,0.052336716520547985,215.95861052930178,1.2855518110880156e-07,7.916300646642817e-09
4.75e-07,159.66858633561773,3.3083255135661656,-159.9518811275671,0.0528989140471987,159.55078218240146,3.342802663650603,-161.00853950326876,0.05345041414734951,141.9586373672341,1.2899086233704941e-07,7.987163907941184e-09
4.775e-07,129.5474142725427,3.6533891462383496,-155.48495862953968,0.05448792341144009,128.35640078875215,3.6309437199564236,-155.36478886348846,0.05435514660781424,61.5424570786452,1.294062145705233e-07,8.111307706471296e-09
4.800000000000001e-07,92.238639090522,3.866763605693187,-153.01546598177563,0.05479395670190385,93.91294744475374,3.858255866013706,-149.6403337798648,0.05503969189005751,-21.655302119233177,1.2980074885588055e-07,8.282811260492438e-09
4.825e-07,53.56601602146764,4.009314018008171,-143.37900284285143,0.05553147782809174,56.205186757304894,4.018558767114579,-143.85817147780241,0.05549391509112417,-103.87429097694974,1.3017404106254438e-07,8.492102003601105e-09
4.85e-07,15.368288846711652,4.103377506324585,-140.10281819179895,0.05574803541618304,15.190188004223034,4.105629829902092,-138.04232613307914,0.05570918305554306,-181.3983984354851,1.3052573722192034e-07,8.72638205400412e-09
4.875e-07,-27.62982434605825,4.0753819332225225,-131.56209697928955,0.0557809667650205,-28.888419520879197,4.113302637933979,-132.217684011877,0.05567881084542769,-250.72371138339668,1.3085555712612958e-07,8.970177035990874e-09
4.9e-07,-72.59582995051488,4.05656658224341,-125.83855600441412,0.05505584249323181,-75.22364587661392,4.036144447059439,-126.40982046049734,0.0553984453719779,-308.71688355001123,1.3116329756127623e-07,9.206119716163536e-09
4.925e-07,-124.17910471149811,3.866321206840972,-125.04114996997211,0.054736474807643744,-122.2697511702667,3.870610836888332,-120.64482014831911,0.05486629656217283,-352.7567556212799,1.31448836625308e-07,9.416106118691963e-09
4.95e-07,-167.33516742347513,3.627011943912008,-114.15165380481785,0.05374849049626926,-167.71406495280198,3.6164628301969612,-114.94909202817593,0.05408314918355558,-380.85282567159817,1.3171214032318485e-07,9.58289131408723e-09
4.975e-07,-206.80871834848529,3.258532028214744,-110.43763277389132,0.0526339360077886,-208.61481328048336,3.2781577577504817,-109.34918052640327,0.05305212563007024,-391.7352153178892,1.319532720871142e-07,9.692032011248983e-09
5e-07,-243.95557353124173,2.831523548951334,-106.155942055652,0.05166385362231318,-241.69277173066826,2.8659043209331783,-103.87157450994025,0.051778215611489035,-384.9120653306121,1.3217240513644966e-07,9.733879293289687e-09
5.025000000000001e-07,-262.02117096586846,2.3903822198197595,-99.1566071264165,0.05064260873186494,-263.73519651658535,2.3961095645655446,-98.54251559970152,0.05026763494381569,-360.6917665508268,1.3236983680668173e-07,9.705157601353688e-09
5.05e-07,-271.4281278191901,1.9072410416450105,-92.46304001540184,0.04822722913248815,-272.0480679035917,1.8910351860822374,-93.38780740780899,0.048527113953125596,-320.16902132648426,1.3254600328824098e-07,9.609625530936435e-09
5.075e-07,-264.06296756572056,1.4196244970688914,-87.1422729417384,0.04654905081495709,-264.88132369604944,1.3776075965814707,-88.43262727106816,0.04656323851871719,-265.1753654592559,1.3270149275743177e-07,9.457460079159396e-09
5.1e-07,-240.090964873181,0.8333638049920518,-83.48040142195022,0.04429043098323847,-241.75361854933567,0.8854683631852613,-83.701342034361,0.04438196783533486,-198.19638695726067,1.3283705474858651e-07,9.26332956098027e-09
5.125e-07,-206.58795354168316,0.41310977922229675,-84.02816774360436,0.04236750021340092,-203.61801939117467,0.44448408930278854,-79.21732940553062,0.04198843051382693,-122.25938311752508,1.3295360384685176e-07,9.043528966560241e-09
5.15e-07,-150.63288715333624,0.07083246864215381,-77.69383438901008,0.03988005283673175,-152.83541895351584,0.08203391022974102,-75.00280635814413,0.03938705716473718,-40.79653358223089,1.3305221634928866e-07,8.812894487690746e-09
5.175e-07,-93.63581835398793,-0.1876936911133406,-72.14042218744865,0.03643872523384646,-92.95392150970585,-0.17955923444604655,-71.0786660006217,0.03658205027499833,42.510226365011285,1.3313411936253456e-07,8.582343255614209e-09
5.2e-07,-29.342127974264518,-0.3538806690896717,-68.14481395643644,0.03354162210560321,-28.32453278556229,-0.32509949210378486,-67.46432426009798,0.03357813174034984,123.89562088911723,1.3320159045749824e-07,8.357724195258148e-09
5.225e-07,34.9190732930736,-0.3446852959064283,-66.28115340768898,0.03056300037136103,36.38944648575614,-0.34780773179874525,-64.17757764766496,0.030381456967227084,199.68121549659128,1.3325592313459147e-07,8.140256021442503e-09
5.250000000000001e-07,93.43905868854,-0.26053219340988787,-61.47798968628192,0.027130466806462427,96.73460591985898,-0.24966388154240685,-61.23447327900835,0.02700055258309897,266.44167389775265,1.3329803842368396e-07,7.92831543271938e-09
5.275e-07,148.1032251731075,0.009858845287880912,-61.26939292157795,0.022617942467790468,148.94192337200676,-0.040780071796953976,-58.64919222172537,0.02344712882724574,321.1595754064912,1.3332892059453035e-07,7.719915904622473e-09
5.3e-07,193.56143260451003,0.237596753518471,-59.43472168407974,0.019592065339192857,190.28329268803833,0.26207102879565336,-56.433947128667086,0.0197366381705744,361.36179548371484,1.3334963092101095e-07,7.515041199806299e-09
5.325e-07,220.66897714541892,0.5937406012677537,-56.84897960799335,0.01658946940278389,219.26068837939403,0.6375248084014226,-54.59889499646927,0.015888493507466357,385.23128533447095,1.3336265670498136e-07,7.317119549976196e-09
5.35e-07,234.89406042869155,1.1112847885421435,-55.749090560692274,0.012613172989703231,235.6076449751837,1.0619624910564127,-53.1520657610552,0.011925913274480518,391.6891983755064,1.3336981392395446e-07,7.133274492433045e-09
5.375e-07,244.77182989379236,1.506968634412787,-52.44438747696845,0.007557836530343675,240.114822312222,1.5117671688578391,-52.099307308423704,0.007875416530929926,380.4436516439737,1.3337267688660548e-07,6.973413571761771e-09
5.4e-07,233.1435863043981,1.965909257394188,-48.905125495389115,0.0027659681814287615,234.32087345598868,1.9651836746081295,-51.44424734063308,0.0037660388171505844,352.00291824265037,1.3337277892150086e-07,6.848553043481308e-09
5.425e-07,219.12042377700297,2.426344517066885,-49.41565098892532,-0.0006667289033522857,220.1314563320327,2.4035565854029315,-51.18827239475786,-0.00037162741901573815,307.65245455317984,1.3337160895747667e-07,6.768920464436801e-09
5.45e-07,200.0830454982872,2.842254383936102,-49.076845946866776,-0.0037444051562424163,199.43927901898647,2.8118448715912274,-51.330524167965756,-0.004506449391117595,249.3968005349931,1.3337061119488217e-07,6.742315250031399e-09
5.475e-07,173.10183550204883,3.1882034946957445,-50.96951733126957,-0.00836169010930315,173.81487213607616,3.178448654902043,-51.867913155994245,-0.008607712993281735,179.86897908407752,1.333711860788349e-07,6.773008261092541e-09
5.5e-07,147.80700951941887,3.497819124027015,-52.63923217346047,-0.012136835787784602,144.32204734559838,3.4945083890788964,-52.7951494664613,-0.012645929598731724,102.21148939428132,1.333746908789306e-07,6.861230353396421e-09
5.525e-07,112.69696178195693,3.731826081712171,-54.5664982737349,-0.017007959827178065,111.48668093494567,3.752927124036734,-54.10479052389884,-0.016593427302541874,19.93427315013917,1.3338243859151487e-07,7.003128818720293e-09
5.55e-07,75.32648253748899,3.9434178038185714,-56.77639604876236,-0.020132935503748436,75.41721872342215,3.94740638967572,-55.787305241390854,-0.02042470048065789,-63.24392684406187,1.3339569452202322e-07,7.191007083917513e-09
5.575000000000001e-07,35.202963815285884,4.0917077604921746,-59.11097505238763,-0.023927415138602165,36.04566717134995,4.071768945398895,-57.83115409547897,-0.024116528855607715,-143.56364537033713,1.3341567064671953e-07,7.413703462483956e-09
5.6e-07,-2.5430559168877833,4.097947461655118,-60.24182767163724,-0.027119927378626254,-6.565774384607678,4.119770948092923,-60.222884407746356,-0.02764790954487697,-217.39461406343133,1.334435185491932e-07,7.657068903235237e-09
5.625e-07,-52.989857088727675,4.083481708596933,-62.01387722814039,-0.03109191421433952,-51.920560044668875,4.085495508718491,-62.94724000938091,-0.030999868838833412,-281.3998412737229,1.334803222408299e-07,7.904615219500632e-09
5.65e-07,-94.7965592753146,3.963949469009102,-66.66092551615301,-0.03351943691034526,-98.85473865087363,3.9642899462133108,-65.98728434512499,-0.03415523214156116,-332.68643649043827,1.3352709240450531e-07,8.138469840888354e-09
5.675e-07,-145.74064883104936,3.711327250401142,-65.41129412107264,-0.03694433128314054,-145.43119419173232,3.7540846472286886,-69.32453596140763,-0.03709842947624974,-368.9363624047729,1.3358476349865762e-07,8.34075188332514e-09
5.7e-07,-188.61544852851435,3.456216384931308,-72.39843082522535,-0.03952828996905585,-188.99427328889598,3.456835767661744,-72.93911522105813,-0.03981540048008922,-388.5112049173739,1.33654194738638e-07,8.495365749868418e-09
5.725e-07,-225.7366190082235,3.0823372614167934,-75.51590899644223,-0.04217681290811058,-226.38821614090912,3.079785409480853,-76.80990099472372,-0.042293638637493754,-390.52622572446757,1.3373617530773763e-07,8.590018260497107e-09
5.75e-07,-256.09248413281387,2.673362822346053,-83.76791546061153,-0.04430467573132161,-254.3119292733254,2.6362412577692345,-80.91469599773899,-0.044522382980137123,-374.89035047438324,1.3383143336222515e-07,8.61806838785048e-09
5.775e-07,-267.55471737584145,2.1605264419887207,-84.44792326590883,-0.046651203904548716,-269.75614563463523,2.1456425725829735,-85.23039937141124,-0.04649293156687712,-342.31028512083805,1.3394064762887004e-07,8.579704561853615e-09
5.800000000000001e-07,-270.16168127637104,1.5913854982192308,-93.40724668336843,-0.0478750303131876,-270.4517414306695,1.6327902441700781,-89.73318505011173,-0.04819902082398547,-294.2585744232097,1.3406445979431383e-07,8.481993642364547e-09
5.825e-07,-256.1745650853361,1.1222260195055962,-93.20630568533853,-0.05015534869169234,-255.25312291843198,1.1262562875540987,-94.39868441065033,-0.04963719443491518,-232.9070462768527,1.3420348557038983e-07,8.337587197464226e-09
5.85e-07,-226.15287368394317,0.6875565827145185,-98.07601772431363,-0.05062284778401659,-224.38915756772354,0.656128596938429,-99.20217166857594,-0.050807079711591194,-161.0286500381141,1.3435832235633222e-07,8.162253201864216e-09
5.875e-07,-181.42571200529028,0.24369582210159182,-103.00165838356044,-0.052436654575940385,-179.53470987368894,0.2513651792088868,-104.11875046750309,-0.05171150030111735,-81.87212552827745,1.3452955181438286e-07,7.971797286591568e-09
5.9e-07,-127.11964895239414,-0.09355998574351415,-109.23070799747684,-0.052865767623209214,-123.68491265554148,-0.06289270547673863,-109.12354010250502,-0.05235638019058284,0.9848326080079695,1.3471773637278018e-07,7.779188970865301e-09
5.925e-07,-60.97181123745828,-0.2910878806601265,-113.12048370168495,-0.05214861141095001,-60.84679901467121,-0.26768073707312423,-114.19185982702902,-0.052750430367677036,83.79727855317121,1.34923730997473e-07,7.592695195703215e-09
5.95e-07,5.89883448969835,-0.3846787122296671,-116.59994847856659,-0.053287588677218604,4.406845019721461,-0.3519196240277655,-119.29940971459038,-0.05290464890821302,162.82227833931242,1.3514875005319307e-07,7.415525565211668e-09
5.975e-07,66.53024084645133,-0.32415259831078747,-127.90663961116958,-0.052967206624234014,67.4538671813347,-0.31324178031191363,-124.42244658151301,-0.052831699694330964,234.48808193977428,1.3539260293139053e-07,7.247008986397827e-09
6e-07,123.15953376286993,-0.18943540856304178,-132.691008915693,-0.05267947775133154,124.13067593553134,-0.15784096992247865,-129.53795352480904,-0.05254525745303355,295.5555582363812,1.3565500515825278e-07,7.084829906413499e-09
6.025000000000001e-07,169.76153803615205,0.1046840118354402,-132.60635235094534,-0.05144944470423325,171.1553020170571,0.10060228192700237,-134.6238016895789,-0.05205941286904545,343.2645963695248,1.3593560310631912e-07,6.92753916350962e-09
6.05e-07,204.45784293948762,0.4365692727045062,-143.28236485459544,-0.052231817010288194,206.40448936810552,0.4427289007486788,-139.65890295243963,-0.05138822002465395,375.45885646339974,1.362345106926012e-07,6.7765291215437186e-09
6.075e-07,227.2513046065563,0.8630495143533605,-144.59653635185808,-0.05053621527998331,229.0092771771307,0.8457486814558528,-144.62335229085562,-0.05054544165663184,390.68323127776955,1.3655253313114036e-07,6.6369144333498404e-09
6.1e-07,238.3698944836448,1.2623271184287033,-147.43399010327053,-0.04862278675304714,239.26482162070351,1.2857800159051938,-149.4985587020722,-0.049544510892805954,388.24961374150007,1.3688953564089883e-07,6.517169149502071e-09
6.125000000000001e-07,239.31918532056224,1.7693085487176625,-154.57697811954392,-0.048604023731549595,238.3816726875728,1.739942079381779,-154.26736363881628,-0.048398688245488035,368.26799782515207,1.3724525363164658e-07,6.427769926346806e-09
6.15e-07,228.68977234702365,2.1517950740664755,-160.65009978238382,-0.04677032048537082,228.13182202213477,2.187923879327339,-158.91414604110653,-0.04712135716321889,331.6415070640004,1.376193007682007e-07,6.379342706870485e-09
6.175e-07,208.9980699101357,2.637013411187031,-162.7189818872025,-0.04671799636295429,210.45900783934403,2.612863638771421,-163.42491316338877,-0.045726376913255304,280.0255754309257,1.3801118142208978e-07,6.380846645266552e-09
6.2e-07,188.43008273812254,2.9709618113398304,-165.97525800201436,-0.044513317130504715,187.126231551071,3.0015056728697136,-167.78737652273728,-0.044228402415916884,215.7531254907552,1.3842030568904782e-07,6.438186355463699e-09
6.225e-07,159.00108289236118,3.3411947174348438,-171.18099401211455,-0.04248349917324565,159.46371979678813,3.34373585309319,-171.99101242590962,-0.04264308843732977,141.72912561310235,1.3884600506700702e-07,6.553415068592249e-09
6.25e-07,129.0221303734625,3.6514734059891043,-175.91674764857234,-0.039695729496022666,128.2595314206489,3.631706782647548,-176.0271066694359,-0.04098711871074053,61.29929201753997,1.3928754714840483e-07,6.724481143153546e-09
6.275e-07,93.98692169043659,3.827131076628786,-184.43434853251026,-0.0397557657018562,93.80656059294743,3.8588303084914055,-179.88878314645797,-0.039278034740367986,-21.901129980301867,1.3974414822106357e-07,6.94535066330262e-09
6.3e-07,54.45469737261634,4.011589729045293,-187.0423958561493,-0.037644150274395445,56.08904319384099,4.018926391793719,-183.57101623548172,-0.03753387790015575,-104.11167077848825,1.4021498338200527e-07,7.206330652615926e-09
6.325e-07,15.43637837251409,4.124899010078625,-183.74234511657053,-0.03567068205869515,15.064432848419576,4.105772169421324,-187.07062698831413,-0.03577269479918596,-181.616601151049,1.4069919450726794e-07,7.494496334817786e-09
6.350000000000001e-07,-27.44570915460667,4.121255135328051,-190.54985492381843,-0.034257578888612514,-29.022350976851648,4.113202120799042,-190.3862632759704,-0.03401198304476974,-250.91287474715782,1.4119589704344896e-07,7.794241008626845e-09
6.375e-07,-73.69724820403047,4.049634304024188,-194.8497308334487,-0.03226453449582349,-75.36233361880701,4.035787182739949,-193.5183641910158,-0.03226816747369734,-308.8684578087069,1.4170418697151875e-07,8.088061190712647e-09
6.4e-07,-121.50529851777114,3.8874831888956387,-192.53278161242199,-0.030664752574069278,-122.40747432772886,3.869990538617993,-196.46910914142342,-0.03055619320707028,-352.8638899635949,1.4222314936370925e-07,8.357714625690026e-09
6.425e-07,-165.58393761699534,3.607894174999452,-197.7776688740635,-0.02876419893515174,-167.8429625035147,3.6155851092047495,-199.24235220337215,-0.028889302102961246,-380.9106778692409,1.4275186969244222e-07,8.585818000236762e-09
6.45e-07,-209.12497123593525,3.2950881087049724,-201.79457634064116,-0.02687950274880542,-208.7255318279597,3.2770438780392155,-201.84354242734236,-0.027279026840005174,-391.74117058327187,1.4328944850130183e-07,8.757790917092408e-09
6.475e-07,-240.49369149505222,2.8869500155053576,-205.07596508426633,-0.025527719533927344,-241.77551879365754,2.864593528405888,-204.27963091225223,-0.02573539775939722,-384.86585449930084,1.4383501931154518e-07,8.86384887215825e-09
6.5e-07,-262.3117096576171,2.434340801542484,-206.31336886546077,-0.024074779622739025,-263.7810390182043,2.3946592971100142,-206.55896557519193,-0.02426731876787639,-360.59547824716185,1.4438776884988227e-07,8.900580986726378e-09
6.525e-07,-271.7904993718677,1.8715296069316913,-209.03341563528767,-0.022554824567347052,-272.0502641822505,1.8895188004981862,-208.6911746485505,-0.022883037091136177,-320.02700756251346,1.4494695799272472e-07,8.871608195094249e-09
6.55e-07,-265.21382828777155,1.3996346408406726,-210.48869373423167,-0.021819648130275288,-264.83646291030294,1.376109657354717,-210.68704003109966,-0.021590613219980744,-264.9940449337027,1.4551194136258385e-07,8.78696423967787e-09
6.575000000000001e-07,-239.6269198290357,0.8411021740805549,-216.34895120077294,-0.02016783485019378,-241.66236677768148,0.8840779555175902,-212.55836170408304,-0.02039829545206121,-197.98395494495395,1.4608218337853174e-07,8.66116583092962e-09
6.6e-07,-201.81953663262595,0.40038017072357,-213.47108574940972,-0.01947419953467405,-203.48533289710784,0.4432869707192981,-214.31781449681688,-0.019314718507199062,-122.02544106165634,1.466572687928235e-07,8.510346927737559e-09
6.625e-07,-152.43729982734823,0.1178164881323675,-217.4468593929979,-0.017479775409944723,-152.67017147476034,0.08110453865782047,-215.97879854813138,-0.01834887525690192,-40.55165513096937,1.4723690631414153e-07,8.349174617971121e-09
6.65e-07,-94.1131696462129,-0.2354817037893334,-220.5245732373505,-0.017026679659000492,-92.76798899696571,-0.18016470368357004,-217.55528485961636,-0.017509849541714785,42.75497326333303,1.4782092473864476e-07,8.188392600571214e-09
6.675e-07,-32.85967315666355,-0.31473271594774,-218.83575374941918,-0.016921747928185755,-28.131468868714546,-0.3253482736335233,-219.0616573737114,-0.01680633955131273,124.12917423205461,1.4841018275685294e-07,8.03367727789817e-09
6.7e-07,37.62233812400871,-0.318432093855542,-220.8147542018098,-0.016577004598805234,36.575943626160964,-0.34769286074841177,-220.51255303384067,-0.016246038036722466,199.89301920492227,1.4900453034293936e-07,7.886081026038441e-09
6.725e-07,98.3678948119438,-0.2262513086582193,-221.75059029465885,-0.016960510671309326,96.90220143792749,-0.24920376338158945,-221.9227012948972,-0.01583496124960279,266.62215492619407,1.4960344022614017e-07,7.743824220416164e-09
6.75e-07,142.60020002800323,-0.028418162193495633,-221.73415441914184,-0.013807455412866189,149.08090138184986,-0.04001528854746851,-223.30676455032963,-0.01557682846771649,321.3005764235678,1.5020644569136085e-07,7.60477547623665e-09
6.775e-07,189.11407692125653,0.26875823558936957,-222.01741909188718,-0.015708804119386438,190.38737809035982,0.2630830894420481,-224.6791809269322,-0.015472586542978315,361.4569435645596,1.5081316101417697e-07,7.468784143992348e-09
6.800000000000001e-07,217.9877048443274,0.5875329912707442,-224.52359521502228,-0.015755501668982347,219.32732933943697,0.6387166261337677,-226.05401087034838,-0.015520150436792175,385.27628000250934,1.514246421090985e-07,7.339151769226217e-09
6.825e-07,234.91109781796038,1.0996226978939556,-228.6051321572314,-0.015450725299079381,235.63774348886153,1.0632633573972776,-227.4447889035504,-0.01571439536270537,391.6820059742084,1.5204128076416622e-07,7.2228797254083415e-09
6.85e-07,238.87464944426844,1.531447230751186,-226.70309966734956,-0.016604243477426575,240.11199381528593,1.5131093933337822,-228.86438188752527,-0.016047395191002508,380.38459725349935,1.5266325352774815e-07,7.129755422728022e-09
6.875e-07,234.42393268827368,1.9568689070423018,-232.58870388907619,-0.016307789530175053,234.2903939964044,1.9665072340457126,-230.32485504860847,-0.01650886240757952,351.89467098696446,1.53290724084322e-07,7.07067596496782e-09
6.900000000000001e-07,219.0998720310891,2.3498632222156903,-233.55694458902698,-0.016757155607976092,220.0791038727467,2.4048117220310177,-231.83734696093262,-0.017086714066669915,307.4999069617261,1.5392384506857197e-07,7.0557512399988675e-09
6.925e-07,198.80964743186482,2.7898867105644007,-232.51895865219194,-0.018055774240800255,199.37028573122132,2.812992543042517,-233.41195458602513,-0.01776767118598255,249.20684741150768,1.5456276257135897e-07,7.092666089092191e-09
6.95e-07,176.7371863147949,3.1961998753262084,-237.62506099717882,-0.018463160787174075,173.73317563245638,3.1794591373307983,-235.0576293754782,-0.018537798761503906,179.65020587716825,1.5520762152215595e-07,7.18558192904427e-09
6.975e-07,144.377949842257,3.486258455727501,-237.35875806302045,-0.01960810997212394,144.2299662655395,3.495358661643922,-236.78208533770584,-0.01938290988191976,101.97378415468386,1.5585857023059865e-07,7.334627130234774e-09
7e-07,109.34610304091731,3.7701623740618984,-239.07200380700897,-0.020343167720564062,111.38505572161797,3.753597860622695,-238.59171985706536,-0.020288787185643947,19.688379613357075,1.5651576278619182e-07,7.535854723418834e-09
7.025e-07,73.86584529061678,3.9763684098045395,-239.5090091359355,-0.02198076544871749,75.3059673335621,3.9478794175301144,-240.49154793406103,-0.021241212610800225,-63.48689485014227,1.571793586611149e-07,7.781482780805145e-09
7.05e-07,35.79208406234522,4.064188689192685,-237.53514529540547,-0.022060871017704355,35.92462447912418,4.072025895948455,-242.4851503900731,-0.022225835115584163,-143.79270624514677,1.5784951960705904e-07,8.060273505604374e-09
7.075e-07,-3.612477340228542,4.138687873182034,-244.68973493109485,-0.022825464839403745,-6.6959208078300065,4.119793548902124,-244.57463645018134,-0.023227938706157875,-217.59941477707204,1.5852640463683294e-07,8.35801132239669e-09
7.1e-07,-47.99220472045704,4.096196299680887,-247.1817333756304,-0.02389503598287708,-52.05744600448844,4.0852675996078025,-246.76062098437038,-0.024232193725780497,-281.571125300329,1.5921016439874904e-07,8.658151736603114e-09
7.125000000000001e-07,-97.45111621170324,3.9573197245545884,-250.78607376351349,-0.025079803917398568,-98.99380132761016,3.963800915660083,-249.04221655190793,-0.02522247914193268,-332.81646218207754,1.5990093648499932e-07,8.942777083788055e-09
7.15e-07,-143.82088129861512,3.7742901328033738,-252.66110610276004,-0.025291036016134066,-145.56558806225377,3.753333650042065,-251.41704025720583,-0.026181851595083596,-369.0192528962869,1.605988431161831e-07,9.193973757160602e-09
7.175e-07,-185.72501924649373,3.451848602777497,-256.27394875087884,-0.02701057725240247,-189.11527966456458,3.4558358651321623,-253.8812352892352,-0.027092710356194684,-388.5432137473121,1.6130399222697494e-07,9.395626649661684e-09
7.2e-07,-227.6497559937427,3.1061200532550965,-256.08217498708683,-0.028430832132574656,-226.48610991234455,3.0785667116636626,-256.42950688179735,-0.027937170851953314,-390.50590616661214,1.6201648231666646e-07,9.53543620014654e-09
7.225e-07,-255.03910676006234,2.634699163470846,-258.4829171244467,-0.027847353826652477,-254.3771791964664,2.634852258679173,-259.0551722998701,-0.028697619634301473,-374.8186209264751,1.6273641064374087e-07,9.60676661941817e-09
7.25e-07,-268.1319987636845,2.1750744414075243,-258.9346479163857,-0.03055703141994874,-269.7807579283479,2.1441491360287914,-261.75022432903006,-0.029357387798944725,-342.19038759509164,1.6346388358151672e-07,9.609820136306708e-09
7.275e-07,-268.9085204838933,1.644674314396328,-266.07429400734446,-0.02942518690214525,-270.43052279582895,1.6312720755638144,-264.5054076217614,-0.029901454436424085,-294.0959280147486,1.641990273566966e-07,9.551681800037542e-09
7.3e-07,-255.1981388594745,1.1388703476445292,-266.1362442774465,-0.030076481066104898,-255.18464471249794,1.124801149703748,-267.31030713739636,-0.030317081430184065,-232.7090022329433,1.6494199708134146e-07,9.44502144785077e-09
7.325e-07,-227.37722316231566,0.6226121535593043,-267.7047047331425,-0.03185334988856557,-224.27624716866492,0.654824921232438,-270.1534478025394,-0.030594287814059633,-160.8041594985353,1.6569298202941916e-07,9.305622181062374e-09
7.350000000000001e-07,-177.29135921039256,0.21609644135825862,-271.10245213534506,-0.03149309989008602,-179.38437073639477,0.25029401784976657,-273.0224044171023,-0.030726094927501068,-81.63133495418313,1.6645220550806115e-07,9.149300514487762e-09
7.375e-07,-124.0071139949028,-0.03510375798243067,-276.59435190071196,-0.030836939199957284,-123.50766812135163,-0.06366529836396799,-275.90392073841537,-0.030708508845091437,1.2310400310187544,1.6721991837398766e-07,8.989034023443266e-09
7.4e-07,-61.38256833229307,-0.2771045868251572,-280.98445935785054,-0.030820979103922504,-60.65555024415311,-0.26810984406047217,-278.7840365931234,-0.030540247906178358,84.03777481026394,1.6799671152370292e-07,8.833098332223767e-09
7.425e-07,4.2825136198863225,-0.3806406110937166,-284.2563500047259,-0.029428881520774035,4.598276247739941,-0.3519852816653422,-281.6482217944451,-0.03022226342681486,163.04619354735152,1.6878356571343141e-07,8.6847166246532e-09
7.450000000000001e-07,71.22576941682816,-0.3102842368021688,-284.6612342240903,-0.030242336152042283,67.6322886990013,-0.3129499830946643,-284.4815155815336,-0.02975713381362107,234.68529564128082,1.695800988592853e-07,8.54323983359914e-09
7.475e-07,126.06633676512735,-0.15481785754790192,-286.4586339720394,-0.0285068346724898,124.28493294240951,-0.15722179739338463,-287.2686702486438,-0.029148430712985986,295.7171568211595,1.7038586794765016e-07,8.406384447309061e-09
7.5e-07,174.5843163074918,0.09762456304004734,-291.7631152964502,-0.029716326003587284,171.2773336822572,0.10149904393942348,-289.99429759503664,-0.028400157342601547,343.3832759495499,1.712003899338786e-07,8.27274242902429e-09
7.525e-07,202.57472909416418,0.41225835894264573,-294.1870095523456,-0.027183855206817424,206.48988777619775,0.4438399071658137,-292.64301680234865,-0.027516343571280678,375.52925299192555,1.7202367915315222e-07,8.14375329488543e-09
7.55e-07,230.75025428235037,0.8261429501088773,-291.9954325172594,-0.027042973631637227,229.0572885677511,0.8470039688742725,-295.19960233473495,-0.026500852457731778,390.70216299202053,1.7285645452429434e-07,8.024580753217582e-09
7.575000000000001e-07,241.53012742042566,1.312119411131388,-296.55846352417507,-0.02546904149395718,239.27782525583618,1.287109694785763,-297.6491304585578,-0.025357414168871606,388.21622497110525,1.7369851560893353e-07,7.923745900860048e-09
7.6e-07,239.65581545064137,1.7036021370762697,-296.3189693164801,-0.023982090523186915,238.36426014159557,1.741281844049174,-299.97712299270637,-0.024089862363281728,368.1837976664975,1.7454954586373564e-07,7.851767739842896e-09
7.625e-07,229.3243517628352,2.2213705009528035,-305.83848969732196,-0.022425644133922416,228.08966386168754,2.1892186664765942,-302.16968692767483,-0.022702512472421565,331.51030117250946,1.7540911703667232e-07,7.819308814723993e-09
7.65e-07,209.58983482585205,2.611254942903446,-302.91113942268265,-0.020952996984603185,210.39772439990793,2.614069134699567,-304.2136485910271,-0.021200597107823183,279.8532940140975,1.7627669807973524e-07,7.835359551480872e-09
7.675000000000001e-07,188.07319407336684,2.966292207113216,-307.41650343514135,-0.01942107075429654,187.0504748825513,3.002587776751091,-306.09668108849104,-0.019590665257807383,215.5475552762892,1.7715166678801397e-07,7.905851779457006e-09
7.7e-07,159.9812297912706,3.3661425375007332,-310.26854840740265,-0.01702609136222675,159.37662696579645,3.3446685745060387,-307.80742381316185,-0.017880860393470355,141.49955790655116,1.7803332229010068e-07,8.032863330328871e-09
7.725e-07,127.95289030055923,3.6653784516773933,-309.3201360853307,-0.01583615803297407,128.16263401618508,3.6324693196929405,-309.3355928895915,-0.01608101640487305,61.05610275645054,1.7892089677236483e-07,8.214365650434708e-09
7.75e-07,91.29449077553457,3.8363633538813255,-306.5378921543951,-0.014380515664853858,93.70014535692842,3.859404170824413,-310.67208150421135,-0.0142025450129583,-22.14694919514851,1.7981356535802858e-07,8.444346977746217e-09
7.775e-07,54.439371020329816,3.998303091074839,-311.1445763424026,-0.011999971454612327,55.972870641086494,4.019293380910873,-311.8090491678123,-0.01225812758121853,-104.34900947839061,1.8071045376943675e-07,8.71313573750477e-09
7.8e-07,13.042274878552137,4.138808767100319,-313.58879192856125,-0.010035081396126612,14.938650627588276,4.105913817894738,-312.73999905883693,-0.010261260912402079,-181.83473216725505,1.8161064413737345e-07,9.00782790370796e-09
7.825e-07,-26.27412401342483,4.152822075338735,-312.2529988841733,-0.008081577660089295,-29.15630258991935,4.113100863064621,-313.45984270707305,-0.008225733976216338,-251.1019390544854,1.8251317994014514e-07,9.312837229918181e-09
7.85e-07,-78.12958992688323,4.0270589834285015,-310.73343214549544,-0.006710664500020512,-75.50102806958233,4.03542914444563,-313.9649513949932,-0.006165125579244463,-309.019910131027,1.834170714357646e-07,9.610681198376398e-09
7.875e-07,-119.63041912320305,3.9283197377561936,-312.13149772369223,-0.004202442858372026,-122.54518394964278,3.869369461781925,-314.25319377736844,-0.004092409349898264,-352.97088500083674,1.843213030164101e-07,9.88314022425118e-09
7.900000000000001e-07,-169.5471801998427,3.5988225408603642,-315.92986990453704,-0.002333676486400199,-167.97182069154536,3.614706646252106,-314.32395934779555,-0.0020197326817615662,-380.9683796893804,1.8522484364806925e-07,1.011285659787978e-08
7.925e-07,-209.49197171436077,3.2513363315135186,-318.14573583446105,-0.00029056124214756193,-208.8361821748911,3.2759293436446404,-314.1781675122478,4.1596016280378385e-05,-391.74697119544453,1.861266610051015e-07,1.0285279150209106e-08
7.95e-07,-243.9808373170494,2.87647848561483,-313.8342726898057,0.0022413764592844956,-241.85816937201483,2.8632822232662725,-313.8182621634938,0.002080916466205376,-384.8194917290453,1.8702573916910825e-07,1.039065579137771e-08
7.975e-07,-262.5195421979109,2.368895683235232,-313.38712717687935,0.005279083603508029,-263.82676129637844,2.393208711047044,-313.2481917850225,0.00408786552190801,-360.49904758611297,1.8792109897039074e-07,1.0425609326913757e-08
8e-07,-269.86769149573473,1.9159742907003474,-312.0190611533016,0.004765106572447581,-272.05232479701993,1.8880023318960626,-312.4733752477331,0.006051940911325969,-319.88486745694837,1.8881181935691307e-07,1.0393792392540939e-08
8.025e-07,-264.9058347414844,1.3873634441209477,-310.1688322456352,0.008290410017334843,-264.79146218458743,1.37461189519443,-311.5006535958829,0.007962072955284245,-264.8126197926932,1.8969705771380436e-07,1.0305264578055866e-08
8.05e-07,-238.90149502720365,0.9116057249676945,-305.16929326774334,0.009999930589322404,-241.57098341616268,0.8826879875903182,-310.3382282494181,0.009806299335821403,-197.77144477172212,1.9057606692065117e-07,1.017455924053428e-08
8.075e-07,-203.34979615954683,0.4017105691635566,-310.4814204753295,0.011971999230533497,-203.35253555426777,0.44209053322100617,-308.9955861766558,0.011571622814033072,-121.79145083207861,1.9144820716219582e-07,1.0017816148005857e-08
8.1e-07,-148.91784006018835,0.048441255278338896,-305.35112330957503,0.012888779549087591,-152.50484433232802,0.08017604548980284,-307.4834127131978,0.013244102150961065,-40.30676067055662,1.9231295107463074e-07,9.849698185415448e-09
8.125000000000001e-07,-95.56827851452485,-0.2139821086451943,-300.6217715013185,0.013986403563402472,-92.58201505932065,-0.18076915956723572,-305.813492818805,0.014809187489104382,42.99970328267396,1.9316988162851101e-07,9.680938082743731e-09
8.15e-07,-28.501696315882246,-0.3469093525169749,-304.9987672640592,0.01668274425799935,-27.93840449304787,-0.32559598070301266,-303.99860167272476,0.01625226991287295,124.3626785707678,1.9401960698339714e-07,9.517199277165033e-09
8.175e-07,40.26324403448924,-0.354225968637751,-303.5266321116308,0.016770584422111285,36.76240213443957,-0.3475769311026035,-302.05238560860755,0.017559378097941582,200.10474399865262,1.948617129218407e-07,9.359524019580088e-09
8.2e-07,96.13187072892752,-0.29566197520766735,-298.63744030150144,0.018528733636359464,97.06972528691219,-0.24874267403503691,-299.9892344818037,0.018717929341607605,266.80253069643123,1.9569540950769972e-07,9.206128826502314e-09
8.225000000000001e-07,154.31861975886284,0.0009542912671076792,-301.928850949327,0.01952801790366237,149.21978387480254,-0.039249680174203376,-297.82414664360505,0.01971743232375119,321.44145059627,1.9651996655338332e-07,9.05488579763182e-09
8.25e-07,189.9839812189863,0.2674053759907091,-295.79624661705793,0.01987570960565429,190.49135497343974,0.2640957886757917,-295.5725877681856,0.020550046397040278,361.5519489479284,1.9733473655445073e-07,8.905653765323397e-09
8.275e-07,216.70045092791284,0.6198704373406606,-293.78402521809204,0.021530988916069204,219.3938596225538,0.6399088760140828,-293.25034483790523,0.021210925700464837,385.32112256957345,1.9814052306351883e-07,8.761746741732266e-09
8.3e-07,233.71773925146795,1.1104149836012551,-293.4954461108508,0.022481369516020935,235.66773845990755,1.064564449409012,-290.8733766407482,0.021698311747287362,391.6746589430575,1.9893746287764714e-07,8.630178099146903e-09
8.325e-07,239.67334480164826,1.5290424190559715,-287.51332715126057,0.02105146648888864,240.10907546256107,1.514451653343571,-288.45766216949835,0.022013379101859562,380.3253926932108,1.9972549083083757e-07,8.52074407745271e-09
8.35e-07,231.14296010543237,1.970916586810456,-285.4066265807038,0.02260026466727769,234.25984155010033,1.9678306661113734,-286.0190483354776,0.02215987810457013,351.7862848088342,2.0050454080535705e-07,8.444346223905848e-09
8.375e-07,220.65526192248416,2.449149637974302,-286.8739655281054,0.022779357325176983,220.02669512101514,2.4060666001151754,-283.5730984200756,0.02214364942677866,307.3472379741807,2.0127455002440851e-07,8.41109484882868e-09
8.4e-07,200.3529662403937,2.799745592695058,-280.669746903125,0.021774380280329655,199.30124994227154,2.8141398549349104,-281.13494268473846,0.021972102193722892,249.01679590511202,2.0203546592932865e-07,8.42867270522488e-09
8.425e-07,174.15603216458226,3.1785547023567773,-276.83034731559076,0.022138825878749827,173.6514458925824,3.180469183101358,-278.71913254460117,0.021653747653311437,179.43136174720524,2.027872537965111e-07,8.501238575955138e-09
8.450000000000001e-07,142.65986870252047,3.4823923666257697,-278.2862860779824,0.021651081688107403,144.13785642153505,3.496208435677416,-276.33949968263386,0.021197864048487936,101.73603865744866,2.0352990334985395e-07,8.62891944075151e-09
8.475e-07,109.73976202880002,3.8132200646487155,-273.9324349944441,0.021010803405246473,111.28340249954294,3.7542680434631537,-274.0090214402804,0.02061433859258478,19.44247830391173,2.0426343304356035e-07,8.807769439106806e-09
8.5e-07,73.66187854146061,3.9434453932097067,-267.4608123255755,0.019190612966964553,75.19468711336937,3.94835183706164,-271.739693767436,0.019913694773382926,-63.72983779259653,2.0498789133859783e-07,9.030010952748187e-09
8.525e-07,38.081976037631684,4.084789460685516,-272.76220886240844,0.019378149262871684,35.80355327791074,4.072282182552359,-269.5424129497154,0.019107274549550687,-144.02171035287066,2.0570335504450382e-07,9.284414080193958e-09
8.55e-07,-6.142976045497813,4.153506911442643,-266.0713509098686,0.01812520274186045,-6.82609157907422,4.1198154325750345,-267.4268672548433,0.0182075124384794,-217.80412958591222,2.0640992550021843e-07,9.55677514145348e-09
8.575e-07,-51.29942503552697,4.105640704832029,-268.4472601793184,0.016877843724592587,-52.194346244595906,4.085038930910802,-265.40143955334617,0.017228217997573736,-281.74229816711784,2.0710772388691915e-07,9.83056626344188e-09
8.6e-07,-102.5905699269002,3.98243053551229,-264.31574092580604,0.017004132827563995,-99.13286136906913,3.963311105519257,-263.4731218722902,0.016184778553715213,-332.94635648304535,2.0779688720099214e-07,1.0087892242504604e-08
8.625e-07,-146.47944237560202,3.7680157955944638,-262.15343355181204,0.016017910750410386,-145.69995601122898,3.7525818885429083,-261.64744273543545,0.015094206150468099,-369.1019977048422,2.0847756631827785e-07,1.0310869061927062e-08
8.65e-07,-185.30007250978,3.4641945417676174,-260.602459781969,0.013821619949589553,-189.2362323868123,3.4548352600757326,-259.9284080298169,0.013974979436697166,-388.57506918654354,2.0914992716585182e-07,1.0483419321750802e-08
8.675000000000001e-07,-227.10550164838776,3.0780920981769064,-258.177799908202,0.013125487361275733,-226.58392098295843,3.077347426615376,-258.3184560183908,0.012846667833234621,-390.4854324432094,2.0981415535901866e-07,1.0593289359334243e-08
8.7e-07,-253.43534588519984,2.6604420427658746,-259.4841714105803,0.01202528731290938,-254.4423199140356,2.6334628418593895,-256.8184269920971,0.011729365203021537,-374.7467434061114,2.1047046387974974e-07,1.0633896133657133e-08
8.725e-07,-269.5850396360736,2.155683076083942,-257.625403752084,0.010081860833159309,-269.8052410112763,2.14265549875388,-255.42754792358724,0.010642996207967562,-342.0703549779994,2.1111910261425747e-07,1.0605498590059251e-08
8.75e-07,-271.38202724538183,1.6319081641927269,-256.92422664601696,0.010058875830626611,-270.40916482814816,1.62975395679019,-254.1434323501311,0.009606584023926097,-293.93316550187274,2.117603679761648e-07,1.0515238478348898e-08
8.775000000000001e-07,-254.18861424327497,1.1473903623712436,-252.66745697012945,0.008996727502688902,-255.11602914904572,1.1233463259275513,-252.96209557603564,0.00863757840725411,-232.51086631920523,2.1239461053461496e-07,1.0375838203806868e-08
8.8e-07,-224.792843791832,0.6797467667525185,-250.7864407892011,0.007761222412677207,-224.16321411552184,0.6535218142019149,-251.87798514651803,0.007751336254193992,-160.57960547601598,2.1302223861152767e-07,1.0203126281174679e-08
8.825e-07,-176.0722131943259,0.23500694595973035,-253.94401020196372,0.007245706378962418,-179.2339352666098,0.24922364641520295,-250.88402640660382,0.0069608238142430615,-81.39051215333055,2.1364371621524085e-07,1.0012956587181646e-08
8.85e-07,-121.84970556323464,-0.044877231363105764,-249.96496799935665,0.005883569569558679,-123.3303624735454,-0.06443693427310958,-249.97168282150625,0.006276574532797086,1.4772469680316467,2.1425955438175448e-07,9.818337625047888e-09
8.875e-07,-58.75067768683281,-0.24918951328193711,-249.31562028740373,0.006230097386403844,-60.464280541059445,-0.2685378963065925,-249.13103060032287,0.005706895212089123,84.27823789057408,2.1487062521978462e-07,9.627573165099632e-09
8.900000000000001e-07,3.8681748633035897,-0.35762083067967054,-251.55879183432256,0.0055795820088276075,4.7896878177563345,-0.3520498634052384,-248.35084703394924,0.005258272997625929,163.27004438734062,2.1547819556124028e-07,9.443916213660595e-09
8.925e-07,67.8357146338249,-0.322668252993301,-248.85388974232345,0.005142435981979809,67.81065403376947,-0.3126571641197822,-247.6187118320588,0.0049359036436534215,234.8824166927471,2.160821867816273e-07,9.266752931884481e-09
8.95e-07,124.4281071134486,-0.1794923995333615,-245.41932638436248,0.0044408866637484995,124.43910503074535,-0.15660172307154752,-246.92112062394148,0.004744243184459561,295.87863866148564,2.1668246837082222e-07,9.093842181909427e-09
8.975e-07,172.76955345498044,0.12040830556025493,-244.68432631695413,0.004385105143527439,171.39926191560528,0.10239653790366156,-246.2436096750352,0.00468748370768807,343.50181996729583,2.1727887585590603e-07,8.923824678713006e-09
9.000000000000001e-07,204.42372374429362,0.3869148147495806,-248.26050571641318,0.004188933632482524,206.57517529135737,0.44495144564079286,-245.57089076613224,0.004769869577410016,375.59950126745105,2.1787174974053194e-07,8.758192169680055e-09
9.025e-07,226.45039293389263,0.8338751602396921,-247.29084593018854,0.005117760077574137,229.10519184700735,0.8482595790334899,-244.88699508645573,0.004995800360080481,390.72094046324565,2.1846212692817663e-07,8.602160103677582e-09
9.05e-07,236.9369513107121,1.313181530721005,-241.99155536663199,0.004911261715344723,239.29073159635038,1.288439496099359,-244.17542490594033,0.005369705521438427,388.1826829390933,2.190501248897067e-07,8.464297064025557e-09
9.075e-07,239.95522611281402,1.7452682943111806,-244.8107014393938,0.006452606195925559,238.34676601944534,1.7426215536502736,-243.41931171691886,0.005895716793996012,368.0994521547106,2.1963573868136945e-07,8.355162736596176e-09
9.1e-07,227.02662839791304,2.194801672718891,-242.50182149897006,0.005752849917382761,228.04744130005406,2.1905132515642496,-242.6015794716786,0.0065771997381753435,331.3789644060003,2.20218842335544e-07,8.285452638254481e-09
9.125e-07,209.749500405997,2.6548644210055943,-242.48627292803127,0.006890606337960386,210.3363920785267,2.615274313380156,-241.70511149062023,0.007416230173722914,279.6809021156151,2.2079919485527776e-07,8.264182995192e-09
9.15e-07,186.08478794590872,3.0183833900655,-237.0117833559673,0.007897000323033723,186.97468097439582,3.003669475821468,-240.71291957649868,0.008413109657876812,215.34189996706434,2.2137644905548865e-07,8.297305653528773e-09
9.175e-07,156.35130390789058,3.373644751075736,-237.15335812254284,0.010015138949199502,159.2895037024883,3.3456008233597654,-239.60831384382664,0.009566005660971816,141.26993433821804,2.2195016140903115e-07,8.386914225865863e-09
9.2e-07,130.49306188608062,3.624119206627667,-243.2259188343998,0.010439373343766776,128.06570857731805,3.6332313272777896,-238.3750717592439,0.010870778223394538,60.81288939137595,2.225198013132514e-07,8.530992904208015e-09
9.225000000000001e-07,94.00596699523915,3.8326678476214706,-234.21893787120666,0.011353306062041015,93.59370173392873,3.8599774500711166,-236.99760488863006,0.012321020098568575,-22.39275966673869,2.2308475873030197e-07,8.723540308210353e-09
9.25e-07,54.497638785937276,4.034548489886911,-235.4983411986038,0.01483131951931556,55.85666909965537,4.019659732575894,-235.46112186002,0.013908298068796671,-104.58630698295396,2.2364434986051312e-07,8.95489315110073e-09
9.275e-07,16.152146821924468,4.117427184301041,-237.56238186465905,0.016087958052084014,14.812841353745794,4.106054774683926,-233.7517860778301,0.015622546435834413,-182.05279139798853,2.2419782124140338e-07,9.21215378748721e-09
9.3e-07,-27.0696215667179,4.094870010430727,-231.63604603677905,0.017653547938373156,-29.290274330504857,4.112998865555211,-231.85686676338668,0.017452536316429294,-251.2909042307463,2.247443532809236e-07,9.479740883706696e-09
9.325000000000001e-07,-75.68091514089711,4.039047443166739,-231.78263920076918,0.019508530391188685,-75.63972917897846,4.035070334660752,-229.76488194885874,0.01938633130352643,-309.1712404571788,2.2528306461072287e-07,9.740176255191563e-09
9.35e-07,-127.1304198002573,3.860244545261287,-227.49869197920654,0.02084195293979449,-122.68287996706985,3.868747610670629,-227.4657321160745,0.021411643686659012,-353.077740690762,2.2581301870726248e-07,9.975245345883383e-09
9.375e-07,-166.24499928246257,3.6164809200428216,-222.8514282951236,0.022963107115049893,-168.10063943469513,3.6138274474905234,-224.9508232477497,0.02351602513977596,-381.02593110923704,2.263332339583654e-07,1.0167597478683042e-08
9.4e-07,-210.0611486511065,3.2862910836004664,-220.88860778031628,0.02475358300679924,-208.94676423509975,3.274814162503807,-222.21317814576173,0.025686858048827886,-391.75261715211667,2.268426977956705e-07,1.0302691292357381e-08
9.425e-07,-243.40694447442317,2.843306317620791,-219.64702736186706,0.028155886586312264,-241.9407233870573,2.8619704150041048,-219.24753496850371,0.02791115265209714,-384.7729770381493,2.273403847693736e-07,1.0370786923022568e-08
9.450000000000001e-07,-261.89574962415753,2.3851137872492387,-216.54506839500613,0.031047982935236786,-263.87236329167087,2.391757817020032,-216.0504320462041,0.030175193850309243,-360.4024746057492,2.2782527764708893e-07,1.0368519989357174e-08
9.475e-07,-273.10368501219676,1.9030174403645663,-213.59146870403686,0.03205317013973885,-272.054249717764,1.8864857915211732,-212.62027814850927,0.03246411288226696,-319.7426010659036,2.2829638992219455e-07,1.0299553365992058e-08
9.5e-07,-263.17571457754616,1.3849923660304224,-208.8630854261679,0.033578554025939567,-264.74632152465307,1.373114321280708,-208.95740750155406,0.034761477311183966,-264.6310901078593,2.2875278765231345e-07,1.017395053645964e-08
9.525e-07,-239.8444095903533,0.9021708370945205,-208.13385383433038,0.03715790457712499,-241.47946850829038,0.8812984697926125,-205.0641189811666,0.03704899450024893,-197.558856521456,2.291936084101423e-07,1.0006239170554948e-08
9.55e-07,-204.4290289684286,0.42997904551636196,-197.59651506731458,0.03797983375353608,-203.2196274406403,0.44089478569209334,-200.94469904361122,0.039306408483045854,-121.5574125211649,2.296180753545656e-07,9.81254225288333e-09
9.575e-07,-153.86974798543622,0.10728391925896381,-197.12359808405378,0.04071505390312399,-152.3394376306045,0.07924843747530028,-196.6054280942143,0.041511640395172064,-40.06185029767309,2.3002550499379358e-07,9.607495745270244e-09
9.600000000000001e-07,-90.52416331531988,-0.14487641114056368,-192.76275016147724,0.044122103182077606,-92.39599981588002,-0.18137259796137659,-192.05457013611993,0.043641183550368855,43.244416326407496,2.304153080280589e-07,9.401798699257886e-09
9.625e-07,-25.624621423635453,-0.33233957429678157,-190.0681993967447,0.046880858900887244,-27.74533977887255,-0.3258426120709869,-187.30234568505728,0.045670722613611825,124.59613381305971,2.3078791057424877e-07,9.201079031815493e-09
9.65e-07,35.34401192456814,-0.3629974849965818,-177.84042832887667,0.047385256927860255,36.94882190238216,-0.3474599445712671,-182.36088808009447,0.04757590940051942,200.31638979419904,2.3114269911078822e-07,9.006346616489747e-09
9.675e-07,92.17031639142775,-0.2832498085387036,-173.95263497238452,0.048801173980578594,97.23717738174406,-0.24828061799959178,-177.2441834636789,0.04933320204547444,266.98280113725866,2.3147868388500392e-07,8.815792315437813e-09
9.7e-07,152.30066335661195,-0.08421579541714799,-172.64225386361613,0.05006703742637913,149.3585707961397,-0.038483253604069824,-171.96799484552227,0.05092066407662888,321.582197868975,2.3179493375489004e-07,8.627270535545227e-09
9.725e-07,189.8359590538802,0.2898472025347342,-168.2028820761305,0.05193991530404558,190.59522331536698,0.2651091176400827,-166.54977080288023,0.05231862698928622,361.64681159631266,2.3209060345231088e-07,8.440629203146299e-09
9.75e-07,219.84259035444856,0.5906173527856529,-163.48022192283287,0.053245701531869125,219.46027923722636,0.6411015478377475,-161.0085395032689,0.05351014283366531,385.36581301796065,2.3236631163764367e-07,8.259175381225233e-09
9.775e-07,234.39260823311307,1.0600060543648628,-156.38814529347775,0.055315535033711935,235.69762992062226,1.0658657561393614,-155.36478886348863,0.05448118792524172,391.6671572849542,2.3262201309932168e-07,8.089916191190288e-09
9.8e-07,238.28904894913882,1.5374055364008312,-145.1006997760141,0.05520266595850107,240.1060673008463,1.515793937749791,-149.6403337798652,0.05522061880463226,380.2660379864797,2.3285748164561225e-07,7.942639822578158e-09
9.825000000000001e-07,234.63363205831737,1.996368591375325,-140.0944650056539,0.05625861904129074,234.22921616813056,1.9691539599669459,-143.85817147780244,0.05571991987305173,351.6777597510486,2.3307251203229577e-07,7.8282369660409e-09
9.85e-07,221.58359854350314,2.3832093011995967,-139.49237843920463,0.05538174912555683,219.97423012289465,2.407321209502713,-138.04232613307906,0.05597281197357956,307.19444765080976,2.3326692911181698e-07,7.756804848195624e-09
9.875e-07,198.50116289348014,2.780691715953998,-133.18278455772565,0.05667163502334674,199.23217168659636,2.815286798089598,-132.21768401187697,0.055974807508935784,248.82664609082252,2.3344059954032926e-07,7.736012636504943e-09
9.9e-07,178.045202489676,3.1745795050975776,-124.02409059534129,0.056290977019874386,173.56968293647878,3.1814787842174574,-126.40982046049731,0.05572279802225045,179.21244678057488,2.335934441544401e-07,7.770007205639221e-09
9.925e-07,145.83981217581533,3.5471547943830712,-122.6232418565903,0.05577587456987554,144.0457178204538,3.497057704523156,-120.64482014831934,0.05521474513448132,101.4982529964393,2.3372544923087264e-07,7.858907305609457e-09
9.95e-07,112.48086983317599,3.7591485027693623,-116.34821957167044,0.05526961128880886,111.18172126737055,3.75493766737926,-114.94909202817614,0.05444951888807291,19.19656931888664,2.338366752622832e-07,7.998763990076036e-09
9.975e-07,81.45637737677453,3.9569586855225856,-110.39885066578647,0.0531300440983784,75.08337806071738,3.9488236447106018,-109.34918052640333,0.05342689465623441,-63.972755575522854,2.3392726253199164e-07,8.181802605677913e-09
1e-06,34.60109587299498,4.054734541691251,-99.68565917524359,0.05295122073470377,35.68245357311088,4.072537803427835,-103.87157450994052,0.052147687598525796,-144.25065760310676,2.339974335197586e-07,8.396802851709388e-09
1.0025e-06,-7.196110954752525,4.106146769213933,-98.96567205678362,0.05170063921452819,-6.956286678098394,4.119836599274199,-98.542515599702,0.05061397846588581,-218.00875840912445,2.3404749287367178e-07,8.629577891848265e-09
1.0050000000000001e-06,-52.76671249670942,4.077865390680959,-91.75795595082933,0.04872734250697745,-52.33126072528833,4.084809504891634,-93.38780740780906,0.048829370829535076,-281.91335980651127,2.3407782620343176e-07,8.863624848188074e-09
1.0075e-06,-100.21036388467292,4.002240945068717,-88.84754398887891,0.04697606352899983,-99.27191871533115,3.9628205202645534,-88.43262727106806,0.04679921920255923,-333.07611934206886,2.340888991865462e-07,9.081082946650502e-09
1.01e-06,-143.50056654801426,3.7696047606385283,-82.52905103928762,0.04458515624743731,-145.8342979621158,3.751829369431559,-83.70134203436092,0.04453077873750871,-369.1845967977769,2.3408125838328707e-07,9.26411347805507e-09
1.0125e-06,-189.92739693851306,3.473364882657708,-76.70633847416276,0.042695722832125235,-189.35713137010748,3.453833961305136,-79.21732940553055,0.04203324654834089,-388.6067712224912,2.3405553474318326e-07,9.396696350228927e-09
1.015e-06,-227.83060923701092,3.0843475252658705,-74.85770046291873,0.03881398651409136,-226.68164926883762,3.0761275649864444,-75.00280635814424,0.039317687414855126,-390.464804562342,2.3401245012962893e-07,9.466647396259853e-09
1.0175e-06,-253.10479285185068,2.610684135770341,-72.69917791375217,0.03703139057428695,-254.5073513555929,2.6320730193531015,-71.07866600062188,0.03639685814009313,-374.6747179416683,2.3395282641080996e-07,9.46746400773119e-09
1.02e-06,-268.6676158614914,2.133057808735673,-72.00711710570451,0.033349958139252824,-269.8295948376,2.141161673592454,-67.4643242600981,0.03328496188700973,-341.95018731695245,2.338775959103739e-07,9.399493685528486e-09
1.0225e-06,-267.77177227395384,1.6339993953391494,-64.54608648490584,0.029789053604896372,-270.3876675149366,1.6282359007538336,-64.17757764766506,0.029997374719979118,-293.77028694883813,2.3378781142441386e-07,9.269970917621953e-09
1.025e-06,-254.7053872680943,1.1480404427936544,-58.33412847390131,0.026131753062550153,-255.04727625284917,1.1218918284193826,-61.23447327900851,0.026550390740067632,-232.31263861385946,2.336846537090738e-07,9.091710933354991e-09
1.0275000000000001e-06,-224.79418646737918,0.6266451512044401,-55.98508424928065,0.02213653329901927,-224.0500584698303,0.6522192865599082,-58.64919222172535,0.022961029464289396,-160.35498805921654,2.3356943439306795e-07,8.880632129665268e-09
1.03e-06,-177.61854340977084,0.2389984767060845,-55.104167306108,0.018744335778411225,-179.08340355683214,0.2481540734540008,-56.433947128667086,0.019246939312253616,-81.14965722079548,2.3344359267761102e-07,8.65267439260262e-09
1.0325e-06,-120.95268799034558,-0.033822886003173715,-53.83195777299517,0.01618469103864825,-123.15299582550757,-0.06520760734823555,-54.598894996469255,0.015426414363670295,1.7234533218508312,2.3330868489524313e-07,8.420929913082747e-09
1.035e-06,-59.51220409031425,-0.28726669917524367,-50.88290796210115,0.012450158910180736,-60.27299002681671,-0.2689648909712459,-53.152065761055226,0.011518519110964909,84.51866769917059,2.3316670016753643e-07,8.193787377555371e-09
1.0375e-06,8.270738628521471,-0.3316514486834005,-51.92579658416144,0.006819991307238972,4.9810796139594515,-0.3521133695128932,-52.09930730842373,0.007543290658159171,163.49383077089684,2.3302007761595372e-07,7.974590254736118e-09
1.04e-06,67.48337328309022,-0.3086889253345717,-49.58852085754879,0.003764206988606867,67.98896308786081,-0.3123633266162206,-51.44424734063314,0.003521964385124616,235.07944501635515,2.328699780423761e-07,7.76282426412965e-09
1.0425e-06,125.97353961361307,-0.13344257949942026,-50.925058708717934,-1.0709599484127943e-05,124.59319213007382,-0.1559807528024654,-51.188272394757846,-0.0005228469061553252,296.0400036936111,2.3271756814244678e-07,7.556358444460372e-09
1.045e-06,170.91255832639075,0.08172070249741423,-47.49579825885139,-0.0050747776445805946,171.5210866788425,0.10329475586026496,-51.33052416796579,-0.0045670939207857345,343.6202283759633,2.3256403404495893e-07,7.353953284767746e-09
1.0475e-06,205.97551614737077,0.4278623742200079,-48.87228402933616,-0.008752485126599542,206.66035190749753,0.4460635066957871,-51.86791315599419,-0.008585413747999633,375.66960126223864,2.3241111998218514e-07,7.157226719792746e-09
1.0500000000000001e-06,227.54299390175626,0.8607980366848316,-50.994883424417786,-0.0125079701037057,229.15298703635523,0.8495155015597742,-52.795149466461424,-0.012551470037909235,390.7395636840309,2.32261301720228e-07,6.971522511960317e-09
1.0525e-06,239.06629014445727,1.2552349307856656,-55.35206891691181,-0.01672422065052949,239.30354068308728,1.2897694091657053,-54.1047905238988,-0.01643850840863399,388.14898765870583,2.3211617624647482e-07,6.805535573640163e-09
1.055e-06,236.76502775035078,1.779588447203727,-55.69073178063863,-0.020092358379068486,238.329190371317,1.7439611977090834,-55.7873052413909,-0.020220083513763587,368.0149613230877,2.3197724954607798e-07,6.669947008443792e-09
1.0575e-06,228.08625741541488,2.219012990677878,-57.37933957438285,-0.024509399212162202,228.0051543868064,2.1918076247253735,-57.83115409547885,-0.023870877006402485,331.247496816321,2.3184593158687272e-07,6.575567521036575e-09
1.06e-06,214.7596937912824,2.6065934860520446,-60.41977441122685,-0.027527014679399393,210.27501091605396,2.616479165857115,-60.222884407746214,-0.02736750095256261,279.5083998035456,2.317235356042404e-07,6.531522393641589e-09
1.0625e-06,186.66972743496973,3.0021461134289926,-62.949228085521895,-0.029407279332983063,186.89884985392237,3.004750762236214,-62.947240009380714,-0.0306891752525451,215.13615964426774,2.3161127997128937e-07,6.5438673135939975e-09
1.065e-06,157.22839968290916,3.352571132604097,-64.01416749963442,-0.034114781388003314,159.20235001987874,3.34653259305426,-65.9872843451248,-0.03381818291534611,141.04025499875212,2.3151029085839969e-07,6.614795567667705e-09
1.0675e-06,126.6002733551487,3.6697074170223027,-72.25574564948151,-0.03708000504805085,127.96875510598062,3.633992800141061,-69.32453596140755,-0.03674004170399154,60.5696520183357,2.3142160414651384e-07,6.742387530901329e-09
1.07e-06,94.3684997269921,3.872280790642177,-68.98470821745852,-0.0404324023612492,93.48722972118635,3.8605501423929183,-72.93911522105788,-0.03944337846327574,-22.638561298010867,2.3134616559847894e-07,6.920734640207504e-09
1.0725000000000001e-06,54.3141991512889,4.01599435612669,-75.85175343392869,-0.04102047330994473,55.7404385701721,4.0200254444619254,-76.80990099472375,-0.04191954395863362,-104.82356319850496,2.3128482900028107e-07,7.140262767113968e-09
1.075e-06,15.51612473877768,4.1322915820924235,-81.97312129927592,-0.044584044580145955,14.687005038944697,4.106195039071435,-80.91469599773892,-0.044162050905710945,-182.27077875716807,2.3123835271798023e-07,7.388159374300492e-09
1.0775e-06,-26.955046248709447,4.121570914722465,-83.5594700986311,-0.04560218881351687,-29.42426616897503,4.1128961292560255,-85.23039937141118,-0.04616594712203319,-251.47977020134215,2.3120739573204117e-07,7.648924036898023e-09
1.08e-06,-77.54951801149838,4.029711710307778,-84.7575562661351,-0.048325315444751014,-75.77843689698173,4.034710756136589,-89.7331850501115,-0.047927243936608056,-309.32244872742115,2.3119251458711703e-07,7.905155571405094e-09
1.0825e-06,-120.61092861925249,3.876448067056254,-92.42674564787838,-0.04963566279079203,-122.82056231103238,3.868124989802491,-94.39868441065008,-0.049442506209283886,-353.1844569911869,2.3119416275600065e-07,8.13871318825808e-09
1.085e-06,-169.60890769988725,3.576988031499531,-100.62944999401557,-0.049661123977605,-168.2294186507419,3.6129475191123874,-99.2021716685757,-0.050708677937637656,-381.0833321060903,2.3121269364447552e-07,8.332317446173356e-09
1.0875e-06,-207.8331799397778,3.2822701600120268,-104.93884292901859,-0.05258378565733669,-209.05727792242988,3.2736983422725627,-104.11875046750276,-0.05172317308100899,-391.75810845105997,2.312483679047607e-07,8.471495857406402e-09
1.09e-06,-243.20493072909676,2.8918653565579144,-107.59280643660519,-0.05167977034016959,-242.0231807601433,2.860658112402358,-109.1235401025049,-0.05248421314337921,-384.72631044497666,2.3130136497920403e-07,8.546574114540433e-09
1.0925000000000001e-06,-263.8538005772725,2.404847504707142,-113.47479435178239,-0.053616482586032174,-263.9178449447189,2.390306624487652,-114.19185982702905,-0.052991349479767656,-360.305759344194,2.313717979994348e-07,8.554247657814776e-09
1.095e-06,-274.86662558965804,1.8699259486280049,-114.45727670617093,-0.05324493425938607,-272.05603891444395,1.8849691889714386,-119.29940971459047,-0.053246076186402924,-319.60020844554043,2.3145973046788627e-07,8.498229716642425e-09
1.0975e-06,-265.8745247645907,1.3930715150866846,-127.42343001477855,-0.05316310092697564,-264.7010409363567,1.371616944775576,-124.42244658151304,-0.05325242357140522,-264.44945595086205,2.3156519268206301e-07,8.388620343281256e-09
1.1e-06,-240.85228843144614,0.8615634193697667,-130.29231431008324,-0.05258742500170984,-241.3878220976839,0.8799094102931655,-129.53795352480898,-0.05301742463976038,-197.34619027808202,2.3168819572153887e-07,8.239966232899002e-09
1.1025e-06,-202.2629633105554,0.3966153739321764,-135.79329575551952,-0.052256932208381804,-203.08660863430103,0.43969973482563934,-134.6238016895786,-0.052551366954217506,-121.32332622130984,2.3182874104117148e-07,8.068389845807054e-09
1.105e-06,-152.03776019734082,0.07916113975217648,-138.17683515241637,-0.051127141601636346,-152.17395147403283,0.07832171947516585,-139.6589029524393,-0.0518677761574434,-39.81692410900553,2.3198682427514983e-07,7.888507567326543e-09
1.1075e-06,-94.12791286805867,-0.2123442807349827,-143.2410883406459,-0.05180865666095854,-92.20994338575929,-0.1819750160330245,-144.62335229085556,-0.05098311971247694,43.48911229793032,2.3216243266904577e-07,7.710982778984421e-09
1.11e-06,-28.169095967744266,-0.3307066436557734,-149.32754240955646,-0.05012871132666714,-27.55227484646155,-0.32608816695224496,-149.4985587020721,-0.04991626309017243,124.82953986677121,2.3235646654689737e-07,7.54139615674473e-09
1.1125e-06,35.68138317203414,-0.3464040575454279,-154.74690825839826,-0.048050996008302906,37.135202821835726,-0.34734190226824385,-154.2673636388159,-0.04868774854534449,200.52795650800718,2.3256867094990252e-07,7.380703392864122e-09
1.1150000000000001e-06,95.00874473990287,-0.2463055523508924,-159.49124446807335,-0.04615161136606519,97.40455763742894,-0.24781759799850042,-158.91414604110653,-0.047318992568509535,267.16296617750027,2.3279831027618568e-07,7.227037495283898e-09
1.1175e-06,150.05155305378335,-0.028524190034466698,-164.24797390702838,-0.046632980319813666,149.4972620912477,-0.037716012782126884,-163.42491316338882,-0.0458315078706948,321.7228181861211,2.3304459736930814e-07,7.078192315791301e-09
1.12e-06,188.16460190144386,0.34407397838866716,-164.16232364984506,-0.04433988591389383,190.6989830943333,0.2661230716025169,-167.78737652273722,-0.04424624788359047,361.74153147226303,2.333067203848412e-07,6.933951135121615e-09
1.1225e-06,220.46968932976046,0.6394454381618236,-173.32895788644208,-0.04267403894626897,219.52658819202065,0.6422946365153681,-171.99101242590953,-0.04258314777094718,385.4103513300279,2.3358522624620017e-07,6.797549291372388e-09
1.125e-06,235.42611933996238,1.0651107647043736,-175.8879101117392,-0.040457548231568524,235.72741790336622,1.0671672725246963,-176.02710666943582,-0.04086090015267213,391.6595010028599,2.3387987903853143e-07,6.675911743097807e-09
1.1275e-06,238.17925476184897,1.5955611155005323,-180.27148018436017,-0.039174064322992926,240.10296937696918,1.5171362418190688,-179.88878314645797,-0.03909696246165049,380.20653315673775,2.341901577104255e-07,6.5787315407427324e-09
1.13e-06,235.99931890717548,1.9603158766194213,-185.92865987537894,-0.037267285738307857,234.19851790154897,1.9704771114204465,-183.57101623548175,-0.037307753329187385,351.5690958564579,2.3451545614647984e-07,6.516790271555258e-09
1.1325e-06,222.36737186232514,2.36907900068894,-185.6177430819808,-0.03528021495609429,219.9217089244201,2.4085755466610603,-187.0706269883141,-0.035508964520123795,307.0415360519428,2.348550949640561e-07,6.500062750692319e-09
1.135e-06,196.5110358778281,2.8147830243733245,-188.10797926470602,-0.033789593937959723,199.1630509986227,2.816433369670337,-190.38626327597018,-0.0337158980309229,248.63639804372247,2.3520833642114203e-07,6.536084286285783e-09
1.1375000000000001e-06,171.60116436365706,3.165334059238126,-189.85638849077904,-0.033774502753204004,173.4878867841325,3.1824879385143032,-193.51836419101573,-0.03194373783528708,178.99346106371362,2.3557440052172794e-07,6.62885881773136e-09
1.14e-06,145.20884682561143,3.5009691630113022,-196.19901743154642,-0.029984619337625917,143.95355046912212,3.497906466622067,-196.46910914142342,-0.030207682218993358,101.26042726552168,2.3595248050373644e-07,6.778355335935777e-09
1.1425e-06,112.42362327026956,3.72192988208386,-201.19040345096244,-0.029031357304537944,111.0800120237263,3.755606731328973,-199.24235220337232,-0.028522892533660787,18.95065275535444,2.3634175631185143e-07,6.9804700867488995e-09
1.145e-06,74.68165183994091,3.93748946674032,-203.84681656903646,-0.027124264940106994,74.97204017348699,3.9492948398522345,-201.84354242734256,-0.02690425197112314,-64.21564810302391,2.367414053043291e-07,7.227269835574219e-09
1.1475e-06,39.549470626005466,4.048705573712433,-203.33324683552166,-0.026040882684183496,35.56132537015586,4.072792758261361,-204.27963091225226,-0.025365966674779042,-144.47954790547288,2.3715061018934833e-07,7.507372938567295e-09
1.15e-06,-6.8477358353442614,4.069134991052486,-212.7078005143875,-0.024869810700492396,-7.086506084629846,4.119857048884284,-206.55896557519188,-0.023921074072494525,-218.2133011659407,2.3756856488637449e-07,7.806429544136472e-09
1.1525e-06,-50.28800217618717,4.095774114964823,-208.39105229015237,-0.022769208043109952,-52.4681894068009,4.084579321509987,-208.6911746485505,-0.022580943772847504,-282.08431015096716,2.37994479525208e-07,8.107773532190013e-09
1.155e-06,-102.28504520478245,3.9663353299399056,-207.1779649069836,-0.020554319534298995,-99.41097330640591,3.962329159795855,-210.6870400310997,-0.02135486094373559,-333.2057507079095,2.3842758602870883e-07,8.393382529690277e-09
1.1575e-06,-145.3157682213107,3.7482852317427104,-210.53203079149105,-0.020697226899919704,-145.96861383831828,3.751076092404972,-212.5583617040829,-0.020249769893538126,-369.2670501424759,2.388671456269588e-07,8.645259949543191e-09
1.1600000000000001e-06,-192.587475240886,3.4620384794981716,-215.47017927601544,-0.019557307865356612,-189.47797652891774,3.45283196817355,-214.31781449681702,-0.019270228739595732,-388.6383198426406,2.393124592354858e-07,8.847233342509241e-09
1.1625e-06,-227.92457543062335,3.050763764965689,-217.94686609413537,-0.018884084811241503,-226.77929468609528,3.0749071256653955,-215.97879854813155,-0.018418589370453917,-390.44402253215304,2.3976288097261965e-07,8.986972610410573e-09
1.165e-06,-254.92254009270957,2.6148143821807373,-215.16936837033234,-0.017611576007793433,-254.57227345075765,2.630682789505906,-217.55528485961653,-0.017695376977467092,-374.60254456157855,2.402178343121093e-07,9.057835142331394e-09
1.1675e-06,-269.4120861472744,2.1312267803423532,-218.73629864490073,-0.01704372399465428,-269.85381936158797,2.1396676583345315,-219.06165737371157,-0.017099807454659482,-341.82988465938155,2.406768296126375e-07,9.060032339781061e-09
1.17e-06,-268.4885366865007,1.6214205516807445,-223.09929819140552,-0.017183397967043112,-270.3660308436093,1.6267179047606972,-220.51255303384073,-0.016630355474631164,-293.6072924199467,2.4113948118008855e-07,9.000663374201685e-09
1.1725e-06,-255.14161838690376,1.1449689524783704,-223.2942990765699,-0.016000873503191865,-254.97838604879186,1.1204376541657448,-221.92270129489714,-0.016285275725737954,-232.11431919516303,2.4160552171791104e-07,8.892405693193819e-09
1.175e-06,-223.9454595886241,0.6506615403583282,-224.18717560359323,-0.016513161711613236,-223.93678029321998,0.6509173352270954,-223.30676455032966,-0.016062986633101625,-160.13030733681242,2.42074812073147e-07,8.751035291733762e-09
1.1775e-06,-181.97244185780326,0.2101752163750588,-226.9413009318123,-0.01612286150754736,-178.93277569963405,0.2470852961440868,-224.67918092693196,-0.015962248819683843,-80.90877025166635,2.425473445964421e-07,8.592344993486164e-09
1.18e-06,-121.65159425812286,-0.08878656011659168,-230.15529444509272,-0.01493556540527891,-122.97556829066353,-0.0659773197933911,-226.05401087034824,-0.015982105657218252,1.9696589952779384,2.430232391459763e-07,8.429277719383374e-09
1.1825000000000001e-06,-60.027386303211635,-0.3061159139383154,-229.70587607550794,-0.015740129902044844,-60.081678822845255,-0.26939082928305913,-227.44478890355077,-0.016121594396452887,84.75906414114105,2.4350306887027393e-07,8.270075133156423e-09
1.185e-06,7.154426982915485,-0.391589544406629,-229.08483520814946,-0.016063898646696672,5.172451520592466,-0.35217579993116954,-228.86438188752535,-0.016379276346056154,163.7175526096779,2.439878697552032e-07,8.11794114725408e-09
1.1875e-06,70.27580675268183,-0.30300704167977277,-229.6572155620753,-0.017245897155284195,68.16721576356892,-0.3120684690171367,-230.32485504860875,-0.016752666372705026,235.2763805343212,2.4447743310974374e-07,7.972233833852921e-09
1.19e-06,124.94008641186602,-0.19119702442206832,-235.4974992565503,-0.017253159441977015,124.74719417002326,-0.15535888340066498,-231.8373469609326,-0.017237660037303773,296.2012518538314,2.449715895330808e-07,7.83070889640766e-09
1.1925e-06,171.29444310994376,0.09408798355854778,-236.93287148238426,-0.01693205227642698,171.6428079338116,0.10419370259387603,-233.41195458602536,-0.017828057813242596,343.73850112880643,2.4547022727716307e-07,7.692027646503322e-09
1.195e-06,205.5425273287015,0.45412889418061086,-237.94681366818756,-0.01803493762383193,206.7454176186386,0.4471760965702115,-235.0576293754782,-0.018515269887268596,375.73955294862037,2.4597383990820416e-07,7.557720664847717e-09
1.1975e-06,226.8770877303163,0.8426272496883822,-236.28569811335646,-0.01909310078707063,229.20067415732754,0.8507717438963828,-236.78208533770572,-0.019288254870219377,390.75803264702455,2.4648369098849646e-07,7.4330527258461885e-09
1.2e-06,235.9642582541776,1.300685069503967,-242.19556360632814,-0.01963046246768109,239.31625255693,1.2910994423042295,-238.5917198570654,-0.019694885405303897,388.1151391432451,2.470002185039615e-07,7.326644813993976e-09
