time,v_coil,i_coil,v_bias,i_bias,v_coil_clean,i_coil_clean,v_bias_clean,i_bias_clean,v_coil_src,density_state,heating_state
0.0,-36.70359286727524,0.14060395041363444,173.22171045621266,0.05110463745259469,-36.67991195333377,-0.018798509124341174,171.3909840065731,0.04944884913528882,0.0,0.0,0.0
2.5e-09,-11.769925893560435,-0.18475588150888464,178.85371821516998,0.04854260781505359,-11.926127459221984,-0.17482436786669206,178.947574607334,0.047762704788196726,31.661887427809063,6.47328251380699e-10,7.218568792467995e-11
5e-09,13.163696883101258,-0.24726368242461752,185.58769832851428,0.04393972589430263,13.246793027809598,-0.2167783928408652,185.9645734125011,0.04422168682578459,61.89272964751308,1.3225987961841424e-09,1.480532373502136e-10
7.500000000000001e-09,37.439913088644204,-0.24345033610153488,193.78011442341807,0.04091054297195389,37.06114662696059,-0.14364380963937878,192.38646560660402,0.040343645256518075,89.32616143549339,2.0234542298571522e-09,2.2695366050841922e-10
1e-08,57.133481046876355,0.04336567050270733,197.5298352967445,0.03496630990566083,57.9364548695459,0.03752054633171865,198.16009992713342,0.03613045960634803,112.72225414910105,2.7473285686187133e-09,3.0737128808507595e-10
1.25e-08,75.07885384747924,0.35246457478962595,203.1883779235933,0.03172650688612452,74.65100889729376,0.31257017157897155,203.2351269631809,0.03158932544184525,131.02355767761452,3.4916586433869014e-09,3.8923332585105013e-10
1.5000000000000002e-08,86.98426210069117,0.7544166837184437,210.04787121605813,0.02470834363798639,86.44681428304801,0.6619788686249904,207.56441844285604,0.02673339684247733,143.40289477911261,4.254702304636412e-09,4.756099143857714e-10
1.75e-08,93.34184339530108,1.1199249420166575,210.17034162801153,0.019394058704579116,93.0643037163068,1.0629894281958672,211.10446392060888,0.021581972937599177,149.30074760807813,5.0337958214428815e-09,5.732920180870623e-10
2e-08,95.38326213116267,1.515701691751133,213.8617513349408,0.017411080705733106,94.70516763502262,1.4918871355432228,213.81574145823504,0.016160177318414733,148.45054664782495,5.826059805356623e-09,6.92139401127141e-10
2.25e-08,91.95279618243171,1.838536804551376,216.12980389583583,0.00990905297867185,91.93372377241792,1.9260708143650966,215.66305910574093,0.010498165569073268,140.89071904559347,6.628412269827161e-09,8.434852595695363e-10
2.5e-08,86.13488590694631,2.2756245200950205,215.45861605879517,0.005012098895066748,85.53728403444744,2.345649198082092,216.61586422858306,0.004629973982835005,126.96295179300543,7.437587996707407e-09,1.0381264923418104e-09
2.75e-08,76.62737427175585,2.809224436936104,216.38651344625862,-0.0009387865869093511,76.37222983051424,2.734387722877809,216.64851799399764,-0.0014078219841944049,107.2967482521665,8.250162924417435e-09,1.2844564849489111e-09
3.0000000000000004e-08,65.1849554677925,3.0543403452702327,218.45374675588423,-0.006882050249733335,65.22390594056374,3.0799544138423967,215.74053261891837,-0.0075774474758150846,82.78097603726759,9.062581838737833e-09,1.5871408347286009e-09
3.25e-08,53.458320594354795,3.3964173731902183,213.33742381726864,-0.013310012987129886,52.704790385909476,3.373540958179144,213.87676929283793,-0.013841086681049785,54.52369222264193,9.871187515899624e-09,1.946490283922837e-09
3.5e-08,39.57822713336344,3.675354058707251,211.3801505403651,-0.018960224340078588,39.20739992695042,3.6090434546185146,211.0475950182106,-0.020161726726551383,23.80206168638414,1.0672249647619082e-08,2.358457634473478e-09
3.75e-08,24.10806352380919,3.79964707351309,207.68913589644296,-0.027632668535721713,24.917529589740354,3.7820574691547932,207.2489969557824,-0.02650362597612509,-7.995367833651343,1.1461992322313804e-08,2.8150531388470004e-09
4e-08,9.038438083941738,3.8544687741307833,201.47712164024256,-0.03257241655920883,9.881690140404977,3.8889617635813476,202.4826532195683,-0.03283243188195177,-39.43142493546091,1.2236619452550632e-08,3.3049588711376768e-09
4.2500000000000003e-08,-6.093920878109182,3.9057560016249995,195.3305293459302,-0.03907710712627511,-5.887859869322229,3.926331475396776,196.75595943298921,-0.0391150602904971,-69.08527142739123,1.2992338203013543e-08,3.8142014793688474e-09
4.5e-08,-22.591512706493436,3.844682759116908,189.5005137740063,-0.046554661217209484,-22.294384729457356,3.8908414209672637,190.08201073073855,-0.04531952352645598,-95.61662097872625,1.3725381056209966e-08,4.32686152591357e-09
4.75e-08,-39.37229606783591,3.7684620159852504,182.6366353118267,-0.05232096570842512,-39.05093285080834,3.7797088462754127,182.47953926704534,-0.05141495133684242,-117.82631700960114,1.4432027541762202e-08,4.825898638131847e-09
5e-08,-55.34546408232079,3.5883748893499785,174.88783611786621,-0.05632819599870981,-55.61204996426912,3.5916033372694147,173.97280766685307,-0.057372086835363253,-134.71053183757215,1.510862677377817e-08,5.2942091576838385e-09
5.25e-08,-70.4684741154495,3.3696854603254884,162.34548872770816,-0.06195940012997153,-71.16055506452227,3.327842601113904,164.59145922879338,-0.06316456787355991,-145.50613740284575,1.575162176490314e-08,5.715983476533879e-09
5.5e-08,-84.85952968232948,2.934230264465991,153.59428733971018,-0.07105079875145372,-84.65674729756458,2.993617076599914,154.37032605444995,-0.06877133998363126,-149.72519691870949,1.6357576046325576e-08,6.078299988950341e-09
5.75e-08,-94.58743803725204,2.606595732765871,144.24836113951162,-0.07336245135437744,-94.94562612678641,2.598958481618093,143.3491966341152,-0.07418060862606567,-147.17701850311263,1.6923202501481066e-08,6.372721410880332e-09
6.000000000000001e-08,-101.29566383203273,2.210268546093353,131.983377232652,-0.0797746798240729,-100.90651302245006,2.1591934619948283,131.57254476193586,-0.07939582028227554,-137.9767740174722,1.7445393634212857e-08,6.596515790930169e-09
6.25e-08,-101.25635466565001,1.7088922530698099,117.02244513958294,-0.08506467916304747,-101.62089878392945,1.6946997026491495,119.08922198005943,-0.0844441564873276,-122.54029356081789,1.792125187086514e-08,6.753086675208237e-09
6.5e-08,-96.60478899031084,1.2310596659699005,106.51665682536496,-0.0892123999497698,-96.52998176287532,1.2298952948977562,105.95211605927555,-0.08938750342461436,-101.56527089628568,1.8348118061995745e-08,6.851318271841153e-09
6.75e-08,-85.23775385755478,0.7538444152287741,92.64763325607804,-0.09287518571561357,-85.55403760765375,0.7915230554145676,92.21777831004096,-0.09433351395282051,-75.99972928188315,1.872359619330923e-08,6.903817600206734e-09
7e-08,-68.51617994598008,0.38250942093599605,77.97199883788248,-0.09963199858335704,-69.15140273997332,0.40641674248832704,77.94602278017233,-0.09943685361124097,-46.99917297816063,1.904557247901628e-08,6.924388926964151e-09
7.250000000000001e-08,-49.022368444069464,0.052822028724177426,63.6400741540813,-0.10442594091922208,-48.304506556502226,0.09903336066721062,63.19950063163478,-0.10486106523401646,-15.874361087065013,1.9312227479803607e-08,6.925374905700107e-09
7.5e-08,-24.250531904763626,-0.030309897295285007,48.433273575044694,-0.10836729288372553,-24.432377482682377,-0.11091260632003032,48.04325319668314,-0.11062925203370132,15.967935774475318,1.9522040593277908e-08,6.915610503419114e-09
7.75e-08,1.0162892563136832,-0.14218609854066322,30.08881359271922,-0.11524602164531493,0.7587202733970635,-0.21038081907856843,32.54424739133029,-0.11622603215938651,47.088518302797546,1.967432661048783e-08,6.899588068499763e-09
8e-08,25.62777027480614,-0.19687810296759903,16.182094114384725,-0.12025819724713205,25.464534336385704,-0.19422925697869559,16.77089731019846,-0.11992288077390588,76.08080703853936,1.976809079769852e-08,6.878056462652961e-09
8.25e-08,47.4011624007293,-0.0791612527196266,-1.3942993998195976,-0.11767144856822301,47.98335986083665,-0.06556214777530896,0.7925759399764303,-0.11903982159127698,101.63441655499886,1.9802104059695604e-08,6.849805692095818e-09
8.500000000000001e-08,66.20917662178331,0.18983527201755548,-16.84815928122127,-0.11403617839319916,66.897530751295,0.1648347225434868,-15.320878991993702,-0.11297806960354255,122.59438189527945,1.9775408700879104e-08,6.8140000477221885e-09
8.75e-08,81.62239253452242,0.45433875006704894,-31.19223118574753,-0.10575841714589869,81.20897029470395,0.4798699387897612,-31.499660972723014,-0.10494834993478201,138.01336035813995,1.9803863238926454e-08,6.78516969840332e-09
9e-08,90.17945905333288,0.9197394314814995,-43.98738440263715,-0.09810065491107683,90.40989854472254,0.8581126293593218,-47.67448839107091,-0.09833899123840234,147.1944492307065,1.9894142584313914e-08,6.769233760594244e-09
9.25e-08,94.23533457919586,1.2322639340604438,-62.21717836763415,-0.09506238975603637,94.48092530452074,1.2760466483609887,-63.77709191177418,-0.09384011353494284,149.72268420403722,2.004629234312894e-08,6.774966238689316e-09
9.5e-08,94.18296193462537,1.6891191121389273,-82.17510643087962,-0.09039424860764932,93.82105813328252,1.7102810926112741,-79.74069154995522,-0.09067803658036636,145.48379481488834,2.0260043028758226e-08,6.813485156581167e-09
9.75e-08,89.49215791435017,2.13021748659993,-94.75963692237201,-0.08568310692743705,89.12545644144689,2.1394121046079553,-95.50045955414967,-0.08809621003083154,134.66936921042446,2.0534816466187908e-08,6.896375376404281e-09
1e-07,81.85817497528137,2.5467427482200446,-110.31493581748519,-0.0850603112054441,81.23508454499782,2.5453079937910674,-110.99396533335533,-0.08567197607435023,117.76819480027062,2.0869738462999694e-08,7.033686109186924e-09
1.025e-07,71.73711273959623,2.875294447889222,-126.83449198926405,-0.08352009324972538,70.98631704631399,2.9137028004827314,-126.16159882327409,-0.08320877602367167,95.54416617871287,2.126365626722061e-08,7.232299623144623e-09
1.05e-07,58.97078519825877,3.224959946967564,-139.90605773300769,-0.0786785327423755,59.08738262677836,3.2341118623870377,-140.9469688774097,-0.08062163343242268,69.00175882865425,2.1715159041404602e-08,7.494952274648411e-09
1.075e-07,46.562693307072095,3.6153897736658696,-156.51446275366806,-0.07805163784475154,46.04255906763113,3.4992035469369043,-155.29727348828368,-0.07787662843175723,39.34062911728002,2.222259960507812e-08,7.819939787561677e-09
1.1e-07,31.242540961578243,3.728194535194652,-167.61882760222454,-0.07731202019845992,32.13537392107225,3.703852553017318,-169.16363889081876,-0.07496424020718107,7.90139256023864,2.2784116014557874e-08,8.201352571327103e-09
1.1250000000000001e-07,17.31844780619526,3.779346645374875,-181.49251086432795,-0.07252073801713878,17.47049890765149,3.8441460234454135,-182.50142487173258,-0.07188797419037374,-23.894968946680084,2.339765208839026e-08,8.629614431524389e-09
1.15e-07,1.6480113813700912,3.9004091295428642,-194.94256135082117,-0.06754028674316596,2.062665345930792,3.9166064524567594,-195.27049390318382,-0.06865905252416307,-54.61133227323324,2.4060976637602054e-08,9.092136090365892e-09
1.175e-07,-13.551708846435307,3.9774015015811446,-209.1762494253354,-0.06628896029931122,-14.048157264136773,3.9178370267798943,-207.43544203334204,-0.06529338747886718,-82.85938774745054,2.47717017933722e-08,9.574001242628237e-09
1.2000000000000002e-07,-30.17141216077367,3.823752194424017,-217.45875430314337,-0.06291543739797074,-30.68123227612942,3.8446969194556497,-218.96578979823218,-0.06180948034289129,-107.36238759120802,2.5527301316481427e-08,1.0058719523337166e-08
1.225e-07,-47.221123424067585,3.6956135792638385,-230.0805163112474,-0.05541227621361871,-47.42537168829817,3.6949947229621727,-229.83613176524057,-0.05822685260400098,-127.01285201226096,2.6325130026512364e-08,1.05291544260511e-08
1.25e-07,-63.13986560209693,3.4129103585944467,-242.09366187402318,-0.05544570388359167,-63.596641263265525,3.4685701049810373,-240.0262436760017,-0.05456495663270967,-140.92262476879068,2.7162445453077372e-08,1.0968729286197883e-08
1.275e-07,-78.11697700881777,3.0702794385993206,-247.57396507770463,-0.04956771686269777,-78.25624872617178,3.168539158953331,-249.52114652191,-0.05084259460555196,-148.46301580893424,2.8036432489812865e-08,1.136292159179373e-08
1.3e-07,-90.65205282078362,2.800206627905839,-261.0695009443217,-0.04734311173420436,-90.29013456298887,2.8024258537502162,-258.3111272559926,-0.047077849534465865,-149.29321662941337,2.8944231282096083e-08,1.1700898053807633e-08
1.325e-07,-97.9511462983603,2.3782909572944306,-265.2701254288839,-0.04397273688451744,-98.54002590321484,2.3829010241446666,-266.3917162171115,-0.04328846825560581,-143.37570404375913,2.9882967902815734e-08,1.1976975795481203e-08
1.35e-07,-101.39462536777121,1.9328464779161747,-275.1520779635638,-0.05799473958215705,-101.96560501554593,1.927902622104172,-273.76362171317146,-0.05879130581067207,-130.97793614488882,3.084978669398787e-08,1.2191495434884515e-08
1.375e-07,-99.84666443900963,1.4999235459982858,-290.20244840462664,-0.04407934684861118,-99.81083315879954,1.4600079313961092,-287.5790445806649,-0.04714511120129847,-112.66026380838838,3.184188260503728e-08,1.2350730085382977e-08
1.4e-07,-91.8737700027779,0.9811731094789641,-290.7042277397365,-0.018611459269682468,-91.74558699592286,1.0050534145857863,-290.6451071948617,-0.016330614949567904,-89.25060410902334,3.2883521033080635e-08,1.2468667897862382e-08
1.425e-07,-77.79524223977515,0.5342748285133452,-293.3546773307153,-0.014650104983546908,-77.95699673480976,0.5901288698979951,-293.0686194212443,-0.012836196139976766,-61.80702035437515,3.393406228002336e-08,1.2554536071504414e-08
1.4500000000000001e-07,-59.64927163279241,0.21997681326784196,-296.73402646758507,-0.007105330322470774,-59.17269827291932,0.24118636508628052,-294.8713690076483,-0.00943356272587662,-31.56990003286747,3.499116360251522e-08,1.262164987273175e-08
1.475e-07,-37.053898157142385,0.0020285121675328657,-297.4662165772017,-0.006390524774039966,-36.60928030014266,-0.01941944108731103,-296.0791144073864,-0.006150337302440755,0.09410787597657533,3.605263119262739e-08,1.2680700024896722e-08
1.5e-07,-11.536636068684958,-0.18583696581087208,-298.9801578551435,-0.0018685705502834741,-11.851592839520452,-0.1751184220553699,-296.72130811909983,-0.003015586934663799,31.753862323138648,3.711652066224585e-08,1.2738259144141583e-08
1.525e-07,12.900869427710063,-0.16523042698517532,-294.8285140270702,-0.0005007567083206279,13.319883257504058,-0.2167303577164456,-296.83079177211357,-5.859081994207195e-05,61.97841450638125,3.818161053210726e-08,1.279666811465034e-08
1.55e-07,36.37873270610323,-0.18515697009237123,-297.57236533674467,0.0030259855566424658,37.12774999978853,-0.1432629131191739,-296.4434657218407,0.00269263277144059,89.40168349740946,3.9245609659094386e-08,1.2855289917569005e-08
1.575e-07,58.28448514614985,0.013168817426327157,-295.3749909544353,0.007537358334774583,57.99237255113832,0.0382023153541773,-295.5979361297329,0.005212837575489625,112.78419998885286,4.0306363522875076e-08,1.291266623751055e-08
1.6e-07,74.72977620227516,0.24260153644818486,-294.99563058176574,0.007300115492884649,74.69328790801866,0.3135021497496,-294.33514268575755,0.007480887750075367,131.06912748431463,4.1362069704328286e-08,1.2968826220511794e-08
1.625e-07,86.38651047343734,0.6227761273440772,-292.1981669839207,0.009205763284363672,86.47395704610095,0.6630975559609381,-292.6979702868538,0.009480740750696603,143.43002890127437,4.2412085053354744e-08,1.3026983400107174e-08
1.65e-07,91.91345614699432,1.123119082224445,-287.26723563747055,0.013501935263834166,93.07626186137206,1.064225179184946,-290.7308481109464,0.011201950430761352,149.30821964517222,4.345518495108364e-08,1.3094109165031502e-08
1.675e-07,95.20211196728339,1.4064579377789057,-289.54144611535924,0.012221249601164398,94.70313354408046,1.493170718083997,-288.4793396218268,0.01263964522148001,148.43801888079082,4.449025905351882e-08,1.3180276293103691e-08
1.7000000000000001e-07,92.44525604373851,1.9095005719634226,-285.0811677852835,0.014768219463073074,91.9197669409177,1.9273389303669786,-285.9897271047537,0.013794021826623109,140.85875770097158,4.551631309022719e-08,1.3297060121694503e-08
1.7250000000000002e-07,85.51175377215259,2.3848161267949823,-281.8823881820612,0.014268537916439618,85.51390404996732,2.3468482887367625,-283.30859436547524,0.01466947188599065,126.9130014507871,4.653247412584295e-08,1.3455526753913958e-08
1.75e-07,76.04352034412484,2.7186296767608575,-278.5341706039133,0.0172145378314699,76.341909357986,2.735475717813046,-280.4824112262909,0.015273514060051296,107.23106655406829,4.753799811610499e-08,1.3664364963239966e-08
1.775e-07,65.77838823984419,3.1055365188469803,-276.89633476827356,0.01657096832176719,65.18874362695311,3.080900465144657,-277.5571234218058,0.015615727487083576,82.70253164646641,4.853227818104763e-08,1.392856159299269e-08
1.8e-07,52.6774593896409,3.34462688627211,-274.0927544202553,0.016215762951540456,52.666275836338244,3.374323558736205,-274.57775143452517,0.015706870746284532,54.43603064696029,4.951485191003747e-08,1.4248773988850727e-08
1.825e-07,38.49505266907825,3.599943622164604,-272.83788373010646,0.013007460041889036,39.1663641904275,3.609647611391994,-271.5880017169802,0.015558325834601273,23.709145029411324,5.0485406215203724e-08,1.4621325704636803e-08
1.85e-07,24.807782811642298,3.740882186296744,-267.92465915218605,0.015423021578011923,24.874270208485893,3.782471738172392,-268.629893623577,0.015181937602015812,-8.089339950619316,5.144377871442963e-08,1.503861978641389e-08
1.875e-07,9.381565409809678,3.8187049662620693,-268.16533583464343,0.014112953380689394,9.836236044450647,3.889175931778687,-265.74340522294045,0.01459023830856132,-39.52220518673984,5.2389955258791015e-08,1.5489750282621097e-08
1.9e-07,-5.572875706162317,3.940003621022269,-263.7371684963796,0.016649153215739673,-5.935405348130021,3.926335500906538,-262.96614098160325,0.013796969245294128,-69.16875675235715,5.332406389913471e-08,1.5961171729462797e-08
1.925e-07,-22.607770328048336,3.810335603018342,-261.67509740027424,0.011871181600262574,-22.34349977431548,3.8906259516848425,-260.33302410410346,0.012817750884167738,-95.68903803081194,5.424636618253082e-08,1.6437405198006287e-08
1.95e-07,-38.841321214578095,3.7817537112178363,-258.4290379189667,0.008748610967909217,-39.100409898461834,3.7792672816988464,-257.876016084764,0.011670720829137827,-117.88439270296773,5.515724706857874e-08,1.690186037672016e-08
1.9750000000000001e-07,-55.733876368294915,3.6114898977781205,-254.5723176507334,0.012007800809054064,-55.65986933300768,3.5909350474290402,-255.62386577472938,0.01037696084907595,-134.75164128313526,5.6057204882354515e-08,1.7337890395370536e-08
2e-07,-72.14608197033769,3.3168615914201482,-253.91568514868788,0.009947560278860075,-71.20393752805471,3.326956635051663,-253.60188999648813,0.008960570209704276,-145.5284225472845,5.694684255068127e-08,1.7730146332960103e-08
2.025e-07,-84.01182354238973,2.9332131061257605,-253.3291626964831,0.008105368343219137,-84.69239014809273,2.9925355349897202,-251.83178744955487,0.007448305970826392,-149.7276505242452,5.7826860932592375e-08,1.8066167898151185e-08
2.05e-07,-95.62821224551556,2.6334182885337936,-252.56413865721692,0.007135250563013418,-94.97009231533315,2.597718725136173,-250.3314873478277,0.005868790463951543,-147.1595296723627,5.8698054434669335e-08,1.833797556267387e-08
2.075e-07,-100.90943180682478,2.111414887077535,-251.08693323706078,0.00586996580871128,-100.91671291269981,2.1578484823335438,-249.11503391407757,0.004251367447447845,-137.94013320575925,5.9561308414178265e-08,1.8543286200587647e-08
2.1e-07,-101.90170059443331,1.6689155261669162,-247.545117787291,0.0010559716228174725,-101.61458440077895,1.6933162712504106,-248.19250753289484,0.0026247567054146605,-122.48615684938912,6.041759724877604e-08,1.8685936835722442e-08
2.125e-07,-97.01000030558733,1.2379829228598958,-247.27680664661918,-0.00019158924511154677,-96.5061678120048,1.2285498758693179,-247.56998303310985,0.0010156996321153285,-101.49608514121223,6.126798151276688e-08,1.877522298067827e-08
2.15e-07,-85.0983769857832,0.8155323860411869,-248.08477758063938,-0.0008111835827830979,-85.5132731419648,0.7902958584674862,-247.2495252371639,-0.0005522023452537775,-75.91862152173753,6.211360253660315e-08,1.882413456563949e-08
2.175e-07,-68.4105632754889,0.3706091417733662,-245.48015462229426,-0.0022784246265672315,-69.09584059453961,0.40538462996113006,-247.22922158111132,-0.0020592808289810055,-46.90980909899467,6.295567278044127e-08,1.8846825820538207e-08
2.2e-07,-48.79264741205447,0.14586855422474998,-246.13640505584604,-0.002119903927141709,-48.237750566566774,0.09826254906390539,-247.5032512778469,-0.003490106681175882,-15.780780132708221,6.379546090969222e-08,1.8855954215274812e-08
2.2250000000000001e-07,-23.952676061326834,-0.0793540429456068,-248.17679429869628,-0.005319388260383605,-24.359124306822313,-0.11137303678979331,-248.0619901707285,-0.0048332697678184705,16.061504157997724,6.463427115193955e-08,1.8860634523793066e-08
2.2500000000000002e-07,0.5110692691103109,-0.13771416817204535,-249.39042862475048,-0.0061911054814981,0.8331936281533596,-0.21050368840976647,-248.8921501078795,-0.006080678824001132,47.177845037633546,6.547395908340881e-08,1.8865605573644102e-08
2.275e-07,25.673100001574376,-0.2416634677199554,-251.58496361994443,-0.007699466967811461,25.53496046522871,-0.19401165239344983,-249.97695136192954,-0.0072265068121041415,76.16185475969775,6.631575765640656e-08,1.8871831291106322e-08
2.3e-07,48.165291018690645,-0.04085250281827833,-250.80342327943285,-0.0066137768325379015,48.04505890363919,-0.06502508336038867,-251.29632632848381,-0.00826596460619456,101.70352209005367,6.716034416578635e-08,1.8878286138993965e-08
2.325e-07,66.78788530924669,0.2607880832093819,-254.35120392618893,-0.00852966611908635,66.94688945448085,0.16564925382909815,-252.82715246177503,-0.009194111939186126,122.64842183142039,6.800832670550486e-08,1.8884287115480976e-08
2.35e-07,80.17509154331395,0.4222381590047784,-254.6625644475415,-0.008216732708022858,81.24375271725488,0.4809040303044282,-254.5435121501833,-0.010004904776176052,138.04989221331869,6.886105718256966e-08,1.889157851845822e-08
2.375e-07,90.25483392730081,0.7692044259440025,-257.28702095780994,-0.011076297356709985,90.42934801851752,0.8592988481353233,-256.4169769998387,-0.010690634447586894,147.21182184826299,6.971975115057195e-08,1.8905503889399356e-08
2.4000000000000003e-07,94.2228331760595,1.2827123521761616,-258.52075876410566,-0.0106106082228024,94.48565287959887,1.2773147820094306,-258.4169137834369,-0.01124184381950066,149.72011238122036,7.058514651747931e-08,1.893494752415231e-08
2.425e-07,94.11974114767752,1.7594646225125101,-260.3602643224829,-0.012539706263476858,93.81274860336814,1.7115642896280874,-260.5108091255156,-0.011647721937382623,145.46139479223268,7.145780718641573e-08,1.8991148266366767e-08
2.45e-07,89.08717914236199,2.153166688998701,-262.5426354292869,-0.01001888708232186,89.10645284740258,2.1406516002317884,-262.6646098364113,-0.01189689578685261,134.62815341794268,7.233811653683914e-08,1.9085819605681366e-08
2.475e-07,81.2467148063313,2.6543415665882515,-264.29650920083986,-0.013532664177071099,81.20793059344675,2.546455903170507,-264.8430756762857,-0.01197847064952404,117.7100260979217,7.322627672562977e-08,1.9229146089804286e-08
2.5e-07,70.7037151883193,2.8482585876171993,-265.65186586161053,-0.010637892847158893,70.9533409874114,2.9147228283956053,-267.01014122914717,-0.011883130723061396,95.47167365937602,7.412231244241755e-08,1.9428152094100542e-08
2.525e-07,58.75381979596724,3.2093499703586534,-269.46493948045224,-0.012332875825670246,59.05039522932808,3.234978157435358,-269.12928349551055,-0.011604106019967057,68.91821898911543,7.50260774644939e-08,1.9685723346373728e-08
2.55e-07,46.089122926287835,3.5115259025986707,-270.3971711862541,-0.010043561537481016,46.002714518803906,3.499898250045154,-271.16389177186863,-0.011137840724061654,39.24981776804199,7.593726238024055e-08,2.000031246535856e-08
2.575e-07,32.286996750841915,3.6977000682162973,-273.7187818517862,-0.008313671567306261,32.093210172431284,3.7043627980916582,-273.0776363757784,-0.010484256598328332,7.807414167481486,7.685540216659536e-08,2.0366173924239296e-08
2.6e-07,17.308210522079225,3.842151175478043,-274.80524778100795,-0.012118731760476861,17.426139107484705,3.844461206167481,-274.8348327971503,-0.009646581913225087,-23.987866773620517,7.777988284378395e-08,2.077390176865603e-08
2.6250000000000003e-07,2.098305552451393,3.9750369883489416,-277.92322211145967,-0.012191261492131122,2.0161309018510023,3.916716482799921,-276.40079790900415,-0.00863079763691088,-54.69895076413575,7.870994707864718e-08,2.1211081759046212e-08
2.65e-07,-14.268890557884259,3.9060849547184824,-279.5995792624631,-0.009631080633225948,-14.096593096284202,3.917732042262195,-277.74219495403725,-0.007444823489906846,-82.93776674605972,7.964469923718158e-08,2.1662976032403953e-08
2.675e-07,-30.893594949364726,3.821713305211521,-280.20513720221743,-0.007822318762377682,-30.73072963474882,3.8443686048629027,-278.8273641359968,-0.006097614025420681,-107.42798454527869,8.058311087331994e-08,2.2113274974268068e-08
2.7e-07,-47.310727870624994,3.734872984743703,-279.33865023948977,-0.006040584711629906,-47.47432087616978,3.694439020673844,-279.6266357860622,-0.004598350494643747,-127.06270208885421,8.152402788821434e-08,2.2545024463057598e-08
2.725e-07,-63.87054834407904,3.52357769081655,-280.21193125958786,-0.0010072102727702406,-63.64262334302863,3.4677907761115137,-280.11262324286446,-0.002955895023821972,-140.95447485796734,8.246618055136864e-08,2.2941831463435886e-08
2.75e-07,-78.36794482587412,3.1392985852228135,-279.3774808113013,-0.0019601981158978207,-78.29618177040149,3.1675514305873445,-280.2604927788786,-0.0011786230031840287,-148.47542635919612,8.340819724560008e-08,2.3289357850156053e-08
2.775e-07,-90.47574799987908,2.8001558268611393,-280.89030986959847,0.0007904204967848032,-90.32059234937638,2.801259305103221,-280.0482081239195,0.0007253233043416322,-149.28562671215101,8.43486222398012e-08,2.357695438890568e-08
2.8e-07,-98.32445878937692,2.3781490736066035,-281.4910682115671,0.004840305661784386,-98.55768258332598,2.381600942284749,-279.4567473763738,0.002747398897772059,-143.34845670594834,8.528593710840777e-08,2.3799119807976343e-08
2.825e-07,-102.03761233662276,1.890810505027084,-280.50500761400406,0.0041141533073663,-101.96773385592874,1.9265292846565678,-278.47029035239945,0.004877753048584427,-130.93226290414825,8.621858473139873e-08,2.3956370623536533e-08
2.85e-07,-99.85321091298576,1.4643867278146174,-276.7910944432443,0.0077470326509247525,-99.79577453302372,1.458633610990942,-277.0763747002798,0.00710423078246775,-112.59822899118744,8.71449942531001e-08,2.4055146108082777e-08
2.875e-07,-91.89315090442385,1.0183569999852295,-275.1441888412854,0.008536411258569826,-91.71310285200207,1.0037572889111859,-275.2660193988917,0.00941147675296046,-89.17501154782829,8.806360506053974e-08,2.4106577387449565e-08
2.9000000000000003e-07,-77.43919060900163,0.6291129422169813,-272.33751295304495,0.011885781297849392,-77.90844556465309,0.5889903933218058,-273.03381456319283,0.01178033053758087,-61.72128666080443,8.897288783021991e-08,2.4124278683053593e-08
2.925e-07,-59.245334120172686,0.17957463719548933,-268.2095129515029,0.015326178368667235,-59.11099332336734,0.2402779465970053,-270.37797679300405,0.014187659481143193,-31.477900174629838,8.987136100005279e-08,2.412166272442163e-08
2.95e-07,-36.27854004198986,0.04272080100813886,-266.76243724371295,0.014333813808622213,-36.53862940878289,-0.02003945581097883,-267.30036962129395,0.016606705568677042,0.1882157148008516,9.075760160835429e-08,2.410950112484854e-08
2.975e-07,-11.951754840828912,-0.10369172076503752,-262.08138925001776,0.020138366806365108,-11.777054621822922,-0.17541147779661234,-263.8064889417973,0.019007938507374814,31.845824682546283,9.163034769051109e-08,2.4094434361583628e-08
3e-07,13.879631799127727,-0.1547598240833118,-259.3480086909639,0.02187807916433059,13.39296147486007,-0.21668131489753217,-259.90541362015256,0.021360322963307646,62.06407489715295,9.248896101612108e-08,2.407886247234035e-08
3.025e-07,37.72182585161724,-0.10482584328571465,-256.3971938160288,0.023008645551259962,37.1943274955142,-0.14288107064847066,-255.60972181492266,0.023632838499531142,89.4771702649568,9.333164754410523e-08,2.4062202564971716e-08
3.05e-07,57.83279779535374,-0.010176390784944533,-248.92928003584748,0.026184115896732574,58.04825365830231,0.03888490631493695,-250.93537385192843,0.025796048375956605,112.84610130318875,9.4156661086709e-08,2.4043047296400728e-08
3.075e-07,74.16435854299796,0.30372817836698857,-245.2200507833873,0.027906409805974534,74.73552373602082,0.314434778598994,-245.90156280441963,0.02782350541738456,131.1146455469992,9.496252479234757e-08,2.4021473222734274e-08
3.1e-07,85.91045430621013,0.6675114648960102,-240.78411618764113,0.02801607083051669,86.50105440852535,0.6642166944255954,-240.5305342299518,0.029692810980676054,143.45710639953202,9.574883307948366e-08,2.4000735417888617e-08
3.125e-07,92.49960267740283,1.0577860490261493,-236.0143887730621,0.031145364998537563,93.0881764453146,1.0654611734934252,-234.84737679968669,0.031386201691890124,149.31563273774577,9.651452241853347e-08,2.3987837773153106e-08
3.15e-07,94.5898334188295,1.4799926129340177,-229.251533877618,0.03344971082863504,94.70106091410607,1.4944543461079447,-228.87978582469108,0.03289061769385752,148.4254325127777,9.725857025489052e-08,2.3992873755623333e-08
3.1750000000000003e-07,91.97509909446754,1.9138864097099795,-220.24634719168824,0.0345955062408485,91.90577853943829,1.9286069180188872,-222.65780193414994,0.03419729169055552,140.82674074754289,9.798000249460376e-08,2.4027426178813096e-08
3.2e-07,85.70566809161632,2.3281563880445706,-215.032008804413,0.0332508749071397,85.49050005124464,2.348047109496304,-216.21352739006366,0.03530097506383703,126.86300100532593,9.86779050239097e-08,2.410255577884768e-08
3.225e-07,76.3536237027443,2.7407044283739896,-209.14563289759948,0.037329963377800125,76.31157177702445,2.7365633356860863,-209.58082272981187,0.0361989723392454,107.16534252284308,9.935143801430788e-08,2.4226935022759717e-08
3.25e-07,65.38069193304618,3.101108398143163,-202.86696797285364,0.03844927096835925,65.15356956374058,3.081846063167739,-202.7949866101259,0.0368901788434243,82.62405460601488,9.999985135315208e-08,2.440552628578698e-08
3.275e-07,52.583286652524095,3.2934533143095623,-195.88231805544117,0.03966705822509477,52.62775293662661,3.3751056534359956,-195.8924218818284,0.03737430473827006,54.34834758079616,1.0062249943010187e-07,2.4638957178965905e-08
3.3e-07,39.41044680785268,3.649596516845729,-188.03497810125546,0.036239113388088745,39.1253216651799,3.610251224429058,-188.91029105278525,0.037651424261020965,23.616219012443334,1.0121885371070363e-07,2.4923518702993586e-08
3.325e-07,24.65551976529707,3.846328393715314,-181.01332334543417,0.038092296594104444,24.83100436228631,3.782885432132755,-181.88616439570174,0.03772192030467048,-8.183308874043654,1.0178851199268432e-07,2.525158031160937e-08
3.35e-07,10.136558914606946,3.948185896768562,-174.41353436590418,0.037243286050813014,9.790775502111847,3.889389494945244,-174.85766402677257,0.037586814110742675,-39.61296983527825,1.0233120387446872e-07,2.5612202641096487e-08
3.375e-07,-6.178096347275447,3.8874322094217693,-168.0211897045594,0.0344352132500405,-5.982956506978646,3.92633889189863,-167.86210732014968,0.037248392506411605,-69.2522147705931,1.0284679264589733e-07,2.599180796679691e-08
3.4000000000000003e-07,-22.514355197000917,3.9183202525739396,-159.89523264623259,0.03830256237320643,-22.392618047470272,3.890409822809828,-160.93615303133333,0.036710984861647394,-95.76141730638106,1.0333527440828227e-07,2.637488731430421e-08
3.425e-07,-39.103564096441445,3.7218175742108675,-154.0341062903991,0.035169348769084834,-39.149885431197355,3.778825044937284,-154.1154534798785,0.03598170968283557,-117.94242185744316,1.0379677563181965e-07,2.6744823911116038e-08
3.4500000000000003e-07,-55.879669181141104,3.6252703961187076,-148.6562083368166,0.03517745335116797,-55.707680033157914,3.590266095904545,-147.43431608838762,0.035071012325926285,-134.79269753088457,1.0423155048744893e-07,2.708494966181761e-08
3.475e-07,-71.27333857755468,3.3080983972459554,-141.30109383114663,0.03538465311055668,-71.24730219193762,3.3260700517751687,-140.92537749114663,0.03399285044332738,-145.5506502394068,1.0463997912316098e-07,2.737990130374045e-08
3.5e-07,-85.04316644257497,2.9914469186067882,-134.5292364479257,0.03237676967152888,-84.72800503644599,2.9914534632231957,-134.61929331267118,0.03276444621840053,-149.7300450196757,1.0502256762283782e-07,2.761721225080536e-08
3.525e-07,-94.36532570867263,2.5597439939679103,-127.97703308817339,0.031451626064761574,-94.99452066843821,2.596478572215169,-128.54444657488045,0.0314056030953273,-147.141982745361,1.0537994977036917e-07,2.7788904896457995e-08
3.55e-07,-101.06579898248786,2.1502909594433373,-121.59869999178234,0.02950136993475325,-100.92686686534972,2.1565032845162615,-122.72667752287607,0.029937665628412498,-137.9034379374663,1.0571289005986274e-07,2.789270512007434e-08
3.575e-07,-102.0008694516029,1.6904815907502613,-117.18603454541326,0.030309677823840312,-101.60821913987053,1.6919328356727532,-117.18903746487476,0.028382269867951466,-122.43197178236524,1.0602228677537159e-07,2.7932463703813308e-08
3.6e-07,-95.89081636891072,1.142467394346786,-110.43312107465465,0.027312395875799738,-96.48230225912266,1.2272046872272873,-111.95156900348314,0.02676007598406267,-101.42685931709147,1.0630917353233212e-07,2.791749174695728e-08
3.625e-07,-85.77022423064503,0.8190530002011657,-107.71253212349917,0.024340790557938415,-85.47246108672738,0.7890691273729784,-107.03111479514065,0.025089686274533857,-75.8374837901221,1.0657471751779453e-07,2.7860794056458168e-08
3.65e-07,-69.36250040438104,0.35759629101447055,-102.94763241348107,0.027111807045439293,-69.04023948567466,0.4043531978968262,-102.44115671439627,0.023386927430351527,-46.820426700578615,1.0682021282920174e-07,2.777653790687997e-08
3.6750000000000003e-07,-48.13361180298289,0.08556673493572556,-98.77876444874362,0.02417871772465314,-48.170968081177435,0.0974925908207773,-98.19168702200557,0.021664619112146517,-15.68719294834988,1.0704706777729921e-07,2.7677392931736698e-08
3.7e-07,-23.345181948426077,-0.1462107308234207,-91.78193515030948,0.021432556403712697,-24.285859627967472,-0.11183249973649571,-94.28911284318238,0.01993287046069602,16.155066200691998,1.0725678571880555e-07,2.75724881659937e-08
3.7250000000000003e-07,0.3959867394092522,-0.2307536565321414,-91.0864647451785,0.016285746527227914,0.9076626376311019,-0.2106255455604577,-90.73619495731543,0.018199855656703887,47.26715314740336,1.0745148379661193e-07,2.746658298294291e-08
3.75e-07,25.838168601347327,-0.1781317382479771,-88.31259301459272,0.014705019374844974,25.605367312095808,-0.19379306350685324,-87.53202158581757,0.01647293511772453,76.24287241336238,1.0763271058104151e-07,2.7360672201882293e-08
3.775e-07,48.38220953559434,-0.01636321522560203,-84.77960310520899,0.013875749598140969,48.10672623769646,-0.0644871300334115,-84.67201754335402,0.01475992614961952,101.77258747416863,1.0780152224115617e-07,2.7253774109353887e-08
3.8e-07,67.03150973468287,0.24723366823305656,-82.09257508956983,0.011742471523360552,66.99620772412533,0.16646452331075362,-82.14798879237577,0.01307029820431468,122.70241334790708,1.0795896374155164e-07,2.7145262709248546e-08
3.825e-07,81.19041733873404,0.5056760221839736,-79.20084599565261,0.010528395826466154,81.27849030261821,0.48193867137000534,-79.9482021146166,0.011416079474551921,138.0863695685862,1.0810688359774182e-07,2.7036950373438615e-08
3.85e-07,91.13824393249806,0.8684753629685409,-78.22433056569488,0.011542577546944603,90.44875255076681,0.8604854098000382,-78.05749928892749,0.009812311706879316,147.22913634892345,1.0824703996695447e-07,2.6934256071871428e-08
3.875e-07,95.20085634253857,1.2679834525381388,-77.34989900430041,0.010935605718726019,94.49033908563102,1.2785830533627396,-76.45744484545543,0.008276969500615836,149.7174814512743,1.0838076525327621e-07,2.684614279121235e-08
3.9e-07,93.47436616446929,1.6854667615839125,-74.48040092489695,0.008806978364401372,93.80440387100107,1.7128474370288767,-75.12650615460811,0.006830353940882314,145.43893734372216,1.0850926301971527e-07,2.6783928042865112e-08
3.925e-07,89.04954315190687,2.1697409572461135,-73.41235982562502,0.005244253734712105,89.0874214821127,2.1418908880460124,-74.04026430831345,0.005494060664507967,134.58688447639759,1.0863359682001132e-07,2.6759402208003294e-08
3.9500000000000003e-07,81.11761126683793,2.534474535570479,-74.77940119117854,0.006053152716115723,81.18075623818802,2.5476034808119263,-73.17165396348699,0.00428969297968543,117.65181092551897,1.0875468436502267e-07,2.6782824809778333e-08
3.975e-07,70.8382390514189,2.92303345738557,-71.98358160666923,0.0019445206091907132,70.92035073900735,2.915742434049336,-72.4912300459966,0.0032375292835434975,95.39914344933356,1.088732957199284e-07,2.686129428714267e-08
4e-07,59.756497418475526,3.241797439833307,-69.22586910332352,0.00551658204228041,59.01339803671685,3.2358439674537864,-71.96745896022105,0.002355354819713594,68.83465194175567,1.0899005394490251e-07,2.699777093498179e-08
4.025e-07,46.79036778359617,3.559473632887989,-71.705463046467,0.0025542232270737313,45.96286260494074,3.500592424648707,-71.56703171683328,0.0016576318085269764,39.15899092359647,1.0910543662023807e-07,2.7190783597569855e-08
4.05e-07,32.490916447812495,3.713556517278425,-67.55456604261832,0.0028307289524937733,32.051039899331734,3.7048724816336236,-71.25519618185135,0.0011551165874724083,7.713432692481131,1.0921977701734937e-07,2.7434665144198832e-08
4.075e-07,17.320988382715875,3.8322510284800853,-72.28952153584773,0.0011475583241897058,17.38177282402708,3.8447757978684955,-70.99610546518417,0.000854949900546037,-24.080755130531305,1.0933326421761319e-07,2.7720090029245998e-08
4.1e-07,2.548270281925272,3.8663881086412073,-69.50985955584906,0.0001072390451203279,1.9695902381155506,3.9168258930198636,-70.75317930857048,0.0007611617859562389,-54.78654766075827,1.0944594213078489e-07,2.8034725856100045e-08
4.125e-07,-14.533903390420303,3.905418301564099,-67.34119320168267,-0.00014181037892911793,-14.145033637552407,3.9176264104533662,-70.48947520243674,0.0008754606264081736,-83.01611300215207,1.0955770799450256e-07,2.8363917406813786e-08
4.15e-07,-30.347610635658466,3.8179006036023604,-69.08704980090297,0.003994223414524094,-30.78022814960976,3.8440396238811814,-70.16806585999525,0.0011981294212501502,-107.49353908848296,1.0966831142214865e-07,2.8691438140049638e-08
4.175e-07,-47.863960628537654,3.715386347644395,-70.73495672842847,0.002690080160413533,-47.5232652489436,3.6938826505367777,-69.75241960582736,0.0017288393036862149,-127.11250200310496,1.0977735531188862e-07,2.9000417440188754e-08
4.2e-07,-63.18447871894461,3.477131774830033,-68.72421165489085,0.0023641944430706848,-63.68859237404389,3.467010806581523,-69.20678019593882,0.0024672130410909572,-140.98626930054982,1.0988429988423399e-07,2.927454645443267e-08
4.2250000000000003e-07,-78.02411524587963,3.2237148559087756,-68.37144295774392,0.0034711871208567783,-78.3360919716053,3.166563127393199,-68.49654257726246,0.0034130258521680615,-148.48777829371107,1.0998847078285944e-07,2.949957201711084e-08
4.25e-07,-90.54492057568461,2.7993925731401625,-70.62925643119476,0.0057376702530370005,-90.35101709443356,2.800092292626118,-67.58862111693195,0.004566008028166074,-149.27797785928752,1.1008907161162517e-07,2.966493008159688e-08
4.275e-07,-98.74640548756771,2.4053303135426365,-65.46345906304856,0.007030942601314701,-98.57529705140585,2.380300553811651,-66.45180688524624,0.0059253004184406325,-143.32115277643697,1.1018520059153251e-07,2.976520316897215e-08
4.3e-07,-102.29090830605752,1.903164548197216,-64.47183799184606,0.008781341483941059,-101.96981380962595,1.9251558384818002,-65.05711066063937,0.007488695169741003,-130.88653797342394,1.1027587033179709e-07,2.9800987386601807e-08
4.325e-07,-99.71133510071529,1.4739055519361732,-64.81657030591363,0.009572151789437976,-99.78066409245045,1.4572594082325532,-63.37808843949024,0.0092518565040149,-112.53614972198943,1.1036002914891189e-07,2.9778793773672597e-08
4.35e-07,-92.01466443778062,1.0670058463330527,-62.75663140509694,0.010756488731552683,-91.68056851814322,1.0024615180566856,-61.39114637727584,0.011207749214775999,-89.09938378175116,1.1043658204495231e-07,2.970981379114642e-08
4.375e-07,-77.24723027432402,0.56091313228866,-57.90094159458285,0.014372407617137005,-77.85985058781166,0.5878524984882495,-59.07582225915766,0.013346499665720237,-61.6355286006477,1.1050440943897409e-07,2.9607708036949687e-08
4.4e-07,-59.08594734403356,0.27696313640969317,-55.93586166057447,0.015021520428322102,-59.04925525406129,0.23937030489137473,-56.41504079613189,0.01565587278931628,-31.385887889414697,1.1056238204717848e-07,2.9485921112783497e-08
4.425e-07,-37.11223982450678,0.008857014728324179,-51.33698488255071,0.016515101687395003,-36.46795932368843,-0.020658549785823408,-53.395340265648684,0.01812246682386059,0.2823234793208105,1.1060937088598426e-07,2.935524377311556e-08
4.4500000000000003e-07,-11.659700675357003,-0.1433199951785239,-49.726043826943666,0.021692561417951176,-11.702512853099792,-0.1757035339352458,-50.0070682611682,0.02073359700957149,31.937774469727458,1.106443526249675e-07,2.922232655556027e-08
4.475e-07,13.187443518184356,-0.13947523235227488,-47.38334998104293,0.024669551824145368,13.466027635617015,-0.21663126563049714,-46.244544581345124,0.023479635065292,62.14971078601102,1.1066686243656762e-07,2.9089574878172235e-08
4.5000000000000003e-07,37.379444462497595,-0.07114807428349665,-41.78703050161386,0.02586893148416892,37.260879077332206,-0.14249828574338838,-42.10618957408615,0.026356239368931993,89.55262170833498,1.1067522815347833e-07,2.8956410286704946e-08
4.525e-07,58.62947095358725,0.0817035018268097,-37.48862103873448,0.030482807943778285,58.1040981652241,0.03956831371917667,-37.59461655109946,0.029365371084343343,112.90795806767113,1.1066777186845665e-07,2.8821430845301753e-08
4.55e-07,75.21013111342609,0.40342124471451185,-34.2057611231077,0.031795527729286024,74.77771636831248,0.31536805106690063,-32.716687202136704,0.032513197577973434,131.16011184769755,1.1064303788023293e-07,2.8684719106709166e-08
4.575e-07,87.09703683331914,0.6462181150736278,-26.988996157307604,0.03400644264713082,86.5281063700921,0.6653362758805355,-27.483529262132777,0.035802142860481605,143.4841272631962,1.1060058976661642e-07,2.8549534445920433e-08
4.6e-07,93.63097847278743,1.0303022862648779,-23.483725205685754,0.0385992872077077,93.10004747880869,1.0666974024137126,-21.91051601604297,0.0392144033539451,149.32298688287213,1.1053929304667216e-07,2.8422880213316715e-08
4.625e-07,94.7367768725834,1.6003122350955787,-15.134949229098538,0.041860089551843234,94.69894976345682,1.495738010820902,-16.017207562415315,0.04268740453841486,148.41278754875435,1.104580176149958e-07,2.8314841741651297e-08
4.65e-07,91.54912133237225,1.9358651071416202,-9.070004958597313,0.04784057637162484,91.89175859006741,1.9298747688584124,-9.827254094675268,0.046090341437657806,140.79466819794757,1.1035565126625392e-07,2.823698474460959e-08
4.675e-07,85.58497438162642,2.357339450823839,-2.108418434557225,0.04893029208709423,85.46707206014884,2.349245652561629,-3.36826179570199,0.04922235932100549,126.81295047636081,1.1023111786358576e-07,2.8200344295294173e-08
4.7e-07,76.25832889333371,2.69630880839013,0.9799493225898614,0.052546373692082,76.2812171060441,2.7376505695999667,3.3283777263732617,0.05185245041101759,107.09957618443802,1.1008339884325679e-07,2.8213560575602615e-08
4.7250000000000003e-07,65.06189943075564,3.096926280225527,10.282218691457844,0.05122156578904097,65.11838376390705,3.08279120207508,10.227693208139641,0.053793138249751925,82.54554494689579,1.0993669651821763e-07,2.8284363136888307e-08
4.75e-07,53.18118247747753,3.3497668519317236,19.0967705230714,0.05432539924781475,52.589221693895006,3.3758872375989064,17.291373138657676,0.054962513361568675,54.260643058764124,1.0981711100847087e-07,2.8416335362731605e-08
4.775e-07,38.92869774430736,3.585750649441083,21.24225648772086,0.05522635394062937,39.0842723535878,3.6108542902635157,24.47803693496754,0.05539138051140598,23.52328367216661,1.0972509560527488e-07,2.8605840717600146e-08
4.800000000000001e-07,25.725616475834457,3.804347455898635,31.60461113099789,0.05642948323942684,24.787732051133585,3.7832985488235393,31.743535728896315,0.055180299994106716,-8.277274566828309,1.0966093183874292e-07,2.8845289205542558e-08
4.825e-07,9.684093017405612,3.8795844802647665,40.92366978088978,0.054943223950710135,9.745308514037472,3.889602452163265,39.04128034045512,0.054446699485558595,-39.70371884524302,1.0962472339366808e-07,2.912374926161092e-08
4.85e-07,-5.383933966084504,3.9935500711863594,46.993888235070585,0.05315119121161064,-6.030513341513353,3.926341648795686,46.32259376544502,0.053291577991499695,-69.33564544915234,1.0961638904937237e-07,2.9427617422749718e-08
4.875e-07,-22.55466137059687,3.902407684784853,53.87629214605015,0.054374057504647286,-22.44173953848867,3.8901930361475663,53.53708527998358,0.05178847103638745,-95.83375877685876,1.0963565554336902e-07,2.9741325065363785e-08
4.9e-07,-39.228810502578156,3.815430041946697,60.9768997152926,0.0517862853930566,-39.19935943138064,3.7783821391978814,60.63304306460259,0.049985180944116796,-118.00040445011766,1.0968205163497734e-07,3.004816212234491e-08
4.925e-07,-56.26982415946836,3.583800342507274,69.2324647835498,0.048464916682357806,-55.75548204034439,3.5895964872743993,67.55784207710036,0.047910147149575116,-134.8337005646118,1.0975490474878361e-07,3.033133445139257e-08
4.95e-07,-70.89615905690631,3.322480955816792,74.77068835937129,0.04632830706295412,-71.29064902713456,3.3251828571277766,74.25836375805481,0.04557935026649633,-145.57282047043748,1.0985334138503135e-07,3.057532123424606e-08
4.975e-07,-84.53748236553699,3.0256414391171176,81.12820029013055,0.04213786728976335,-84.76359193236186,2.990370868206946,80.68142403715873,0.04300206007836596,-149.7323804040557,1.0997629202635902e-07,3.0767467939232914e-08
5e-07,-94.67299631467783,2.507421887594154,87.14375276811519,0.040252944454559784,-95.01891115886495,2.5952380305220326,86.77420602333964,0.04018485895473505,-147.12437772903493,1.1012250062955017e-07,3.089957911109531e-08
5.025000000000001e-07,-100.45638666711018,2.164644206049433,94.20704274024622,0.03661125317037369,-100.9369748605539,2.1551578765767063,92.48469370783943,0.037133952438533964,-137.8666882270794,1.1029053808424454e-07,3.096913242390642e-08
5.05e-07,-101.25713100765715,1.6923333303574917,97.24063436970154,0.03135546975595922,-101.60180299246537,1.690549403860498,97.76210298751477,0.03385610012974498,-122.37773838113789,1.104788183792335e-07,3.09796988057037e-08
5.075e-07,-96.71813751802416,1.1932957758433802,101.36964074431253,0.030015495624677382,-96.45838510899618,1.2258597363497148,102.55730632585767,0.03035863720490148,-101.35759345125334,1.1068561576281247e-07,3.094027631912722e-08
5.1e-07,-85.39742458515383,0.7220336184375452,107.97923509466459,0.026908108038168854,-85.43160146082832,0.7878428684955364,106.82324741156683,0.02664906037358191,-75.75631611907004,1.1090908100672872e-07,3.086352274682027e-08
5.125e-07,-68.42771919679919,0.425867995517621,111.07669311797152,0.02036724255606521,-68.98459944503686,0.4033224512788185,110.51534224860848,0.022734572819248525,-46.73102581820009,1.1114725502525915e-07,3.0763225289617735e-08
5.15e-07,-47.86530911733912,0.07036888706493881,112.65005570188461,0.017647593258349165,-48.10415914160347,0.09672348929458714,113.59186321699097,0.01862186165713555,-15.593599570935673,1.1139807854726826e-07,3.065164377769671e-08
5.175e-07,-24.29072035018722,-0.1649236421233082,116.48896054408546,0.013275529012584482,-24.21258349248004,-0.11229099352672597,116.01430277903869,0.014317246875778842,16.248621865621978,1.1165939722083641e-07,3.053747334572786e-08
5.2e-07,1.0901895477544534,-0.25494878033744545,116.21747394117736,0.012445994088170877,0.9821272555753691,-0.21074639056118197,117.74771367068132,0.009827211938422379,47.35644259684917,1.1192950855541283e-07,3.042502247164992e-08
5.225e-07,25.333168496053943,-0.23771333529310182,115.65009341538871,0.0054207860942221105,25.675754835931794,-0.19357349181137354,118.76102260973144,0.005159217431044828,76.32385996754797,1.1220599867920108e-07,3.031482529534377e-08
5.250000000000001e-07,47.37149727765332,-0.018605509918204546,120.91174549396071,-0.0007761939364578712,48.16836183137133,-0.06394829043567084,119.02731477168336,0.00032262089162536905,101.8416126800786,1.1248585718277662e-07,3.020543557837032e-08
5.275e-07,66.51436922801958,0.14832751833037608,117.9238268096568,-0.004245059339305913,67.04548554073574,0.1672805275783581,118.52408652635029,-0.00467051532958177,122.7563564234245,1.1276598427121205e-07,3.0095762739124845e-08
5.3e-07,81.30588436712037,0.5487600134826363,117.73212894211825,-0.010846530921491687,81.31318304433206,0.4829738581900574,117.23346419354989,-0.00980494934094979,138.1227924095423,1.1304403992602602e-07,2.998715607294865e-08
5.325e-07,90.93647936026476,0.8848779992195427,115.47006844899747,-0.01648762828592656,90.46811214703943,0.8616723105182111,115.14238686080081,-0.015062308417157744,147.2463927258526,1.1331757005975647e-07,2.988457306973002e-08
5.35e-07,94.25977586360932,1.270533438803147,112.32902669429001,-0.02075766140994311,94.49498393760983,1.279851458829104,112.24275160809228,-0.020421796318281237,149.71479141523758,1.135837116998002e-07,2.979651662585828e-08
5.375e-07,93.08370827092865,1.7201045921849845,106.75663741693171,-0.026297042809900053,93.79602395692083,1.7141305316643618,108.53151980166625,-0.025861627673766707,145.41642247822222,1.1383951837193263e-07,2.9733846200237544e-08
5.4e-07,89.16611485673789,2.1737227315565892,104.14310786845219,-0.028445402319208172,89.06836236802043,2.1431299654557114,104.0107834476187,-0.031361191027589407,134.5455624020824,1.1408197970156206e-07,2.9707898349754427e-08
5.425e-07,80.79287299983301,2.5579926367856487,100.47336540728179,-0.03515037735398674,81.1535614996947,2.548750724706861,98.68779093414233,-0.036903877365365864,117.59354930604455,1.1430804575390273e-07,2.9728486777296787e-08
5.45e-07,71.09245391763014,2.92049066038504,92.98023171770365,-0.04346218839919712,70.88734631694594,2.916761615990113,92.57493183547055,-0.04248042606581969,95.32657557722173,1.1451465454619196e-07,2.9802276960214006e-08
5.475e-07,58.74808044111165,3.307889635649381,85.73257772080125,-0.04727163023206595,58.97639105893872,3.236709291467391,85.68968079801894,-0.048092459043545206,68.75105771956451,1.1469876088948979e-07,2.9931814254952483e-08
5.5e-07,45.18074181267225,3.4341600367254905,76.71891404422836,-0.05424170429529524,45.92300333055836,3.501286070151427,78.05450087685946,-0.05375540937323856,39.06814861980252,1.1485736475619706e-07,3.0115235359032836e-08
5.525e-07,32.25089549438348,3.640603710173242,69.83916558012214,-0.06190761519683857,32.00886310260367,3.705381603318223,69.6967070354591,-0.05949890515785776,7.619448172339706,1.149875377021901e-07,3.034650774392196e-08
5.55e-07,17.737556907755387,3.843545233715484,60.12417979364809,-0.06791980909838284,17.337400057202736,3.8450897983908177,60.64829086057709,-0.06536008484866167,-24.173633980740803,1.1508644642711334e-07,3.0615970302378425e-08
5.575000000000001e-07,1.6674462392356708,3.828973430637389,54.01425859879538,-0.07100536904572567,1.9230433568767946,3.9169346830328515,50.94570787437403,-0.07136000342980799,-54.87412292852043,1.1515137322184844e-07,3.091098734907288e-08
5.6e-07,-15.47647551342488,3.897170999017392,40.575800774829794,-0.07651318742215871,-14.193478880767563,3.917520131262572,40.62962914428886,-0.0774434780114133,-83.0944264847973,1.1517973369909286e-07,3.121663477439884e-08
5.625e-07,-30.304277318685568,3.7717797563577182,29.38990723304001,-0.08366384128680979,-30.82972780671447,3.8437099763439186,29.744659195269037,-0.08335049713761485,-107.55905119494075,1.1516909270720937e-07,3.1516453638825146e-08
5.65e-07,-47.60421752222739,3.7289519418004287,18.44068012652272,-0.0902992982779926,-47.57220478544324,3.6933256122518334,18.339022515910365,-0.08841402820079562,-127.16225173535271,1.1511717959280719e-07,3.1793379586618726e-08
5.675e-07,-62.94295420403801,3.4879066187856798,5.46617927542764,-0.09183845232080236,-63.73454832924327,3.466230195914927,6.46422121738658,-0.09150347422179124,-141.0180080839858,1.1502190395304254e-07,3.203095075375236e-08
5.7e-07,-77.91733687906037,3.1807229259768155,-4.5057756265360425,-0.09005896864064607,-78.37597929963627,3.1655742486882055,-5.825333350520143,-0.09166553120643808,-148.50007160760285,1.148813727082304e-07,3.2214803267929387e-08
5.725e-07,-90.22254603989106,2.8190260077413756,-18.034953185842504,-0.08960726600276687,-90.38140876885917,2.798924815412638,-18.47271200062935,-0.089245111579024,-149.27027007384234,1.1473790919379852e-07,3.2339211514039494e-08
5.75e-07,-98.68747200890431,2.3245403591457245,-30.85369030023449,-0.0837754383828341,-98.59286928340138,2.3789998575920737,-31.41887890581563,-0.08583723338307557,-143.2937922660044,1.146415348059432e-07,3.240445190067668e-08
5.775e-07,-101.85309741626632,1.9862443847624691,-42.928718529431286,-0.08573480716372633,-101.97184486196527,1.9237822822425812,-44.603119204033135,-0.0828690319878625,-130.84076137076732,1.1459317740816256e-07,3.2411329559494445e-08
5.800000000000001e-07,-99.44247709077476,1.3935366875392263,-58.46324482599762,-0.0783984601481212,-99.76550183491743,1.4558853216355752,-57.96347948376687,-0.08076801900419166,-112.47402602530104,1.1459357790435245e-07,3.236654821960632e-08
5.825e-07,-91.98585070890363,1.0612897651431659,-70.58970834873742,-0.07933568025387393,-91.647984006239,1.0011661004853154,-71.43721751460407,-0.07930222689530007,-89.02372084064751,1.1464329710475357e-07,3.228147088566223e-08
5.85e-07,-77.06349615071677,0.5418682620979716,-85.8765100378952,-0.07621631222957986,-77.81121182986529,0.5867151839332492,-84.96125751080548,-0.07811117286460223,-61.549746207760414,1.1474272090799298e-07,3.216990481520875e-08
5.875e-07,-58.455914840766155,0.25057456599413624,-100.70466686734815,-0.07730977002098816,-58.98748410197528,0.23846343873053796,-98.47264717084096,-0.07693114727067489,-31.29386321355015,1.1489206230493859e-07,3.2045414629893516e-08
5.9e-07,-36.908236200636225,-0.027467571982975156,-110.75273088005757,-0.07633371689028931,-36.39727008930938,-0.02127672385797378,-111.90901272334274,-0.0756144752030606,0.37643113238339876,1.1509135928510847e-07,3.1918885034965324e-08
5.925e-07,-11.358961120240206,-0.24536367674668247,-127.23928057260196,-0.07424191262450133,-11.627967580323473,-0.17599459075889562,-125.20900822982424,-0.07409218335995403,32.02971164838002,1.1534057198153915e-07,3.179703691032403e-08
5.95e-07,13.446659973008682,-0.17565659149520257,-138.94468316623184,-0.07019366991805735,13.539081695528704,-0.21658020949966647,-138.31275544665485,-0.07233959511231737,62.23532213914705,1.1564001466632863e-07,3.168232563959737e-08
5.975e-07,38.17530592256244,-0.15083836930840686,-150.2504418581122,-0.06956206671260934,37.32740470846306,-0.14211455717973925,-151.16227063278038,-0.07035493595525591,89.62803779775551,1.1598859287910333e-07,3.157420495535442e-08
6e-07,58.549654391491394,0.11842673152331501,-162.31777542358412,-0.06745741109924593,58.1599060461253,0.040252539650261036,-163.70187480462278,-0.068147601689581,112.96977025787943,1.1638499259009909e-07,3.147128814178927e-08
6.025000000000001e-07,75.30268596800737,0.28541984170314916,-175.80495626361656,-0.06630093924819369,74.81986579194688,0.31630197008313815,-175.8785840846739,-0.06573194721093933,131.20552636846168,1.1682790466145628e-07,3.1373654576568686e-08
6.05e-07,86.12150327300631,0.6363958833231783,-187.692999797242,-0.06543230929091595,86.55511293060738,0.6664563040244434,-187.64247696405266,-0.06312402348886637,143.5110914815991,1.1731680760144987e-07,3.128453879362777e-08
6.075e-07,93.19564486767926,1.1130345473595804,-201.31980966139307,-0.06324637370057443,93.11187497255722,1.0679338702772692,-198.94703550032082,-0.060339954222522245,149.33028207764826,1.1785025326214602e-07,3.121089357674106e-08
6.1e-07,95.54378140976517,1.5115149720776153,-210.10926177816899,-0.0564256459803954,94.6968001105074,1.497021717004729,-209.74945769829418,-0.0573953234211292,148.40008399371294,1.1842656458807701e-07,3.116272438304486e-08
6.125000000000001e-07,91.98598485666396,1.8803088341815974,-221.90708672612385,-0.055329609489538134,91.87770711489743,1.931142487905438,-220.01093857152028,-0.05430523748223667,140.76254006484646,1.1904384773005871e-07,3.115148562552303e-08
6.15e-07,85.38440724611458,2.398460941452468,-230.0327212156686,-0.051332640511848174,85.44362009854378,2.3504439229646183,-229.6969176532857,-0.05108482173693135,126.76284988365087,1.1970001022919383e-07,3.118806940369612e-08
6.175e-07,75.88580970281056,2.7897644103171375,-239.2604150370196,-0.04728284932188604,76.25084536344505,2.738737424373212,-238.77729101609486,-0.047749931201335354,107.03376756481565,1.2039278397414934e-07,3.128094264372838e-08
6.2e-07,64.95670657100125,3.1099775150285494,-245.9337537027241,-0.04303876258521951,65.08318624041509,3.083735886248266,-247.22658616497694,-0.04431786220751763,82.46700270010281,1.2111975120729536e-07,3.14348304743144e-08
6.225e-07,53.343240424530215,3.348636174587687,-253.64159137091826,-0.042735667198970755,52.55068211524934,3.3766683149570014,-255.02409849007358,-0.040807875106010985,54.17291711549153,1.2187837173059447e-07,3.165009711589808e-08
6.25e-07,38.49837459499336,3.556363756700834,-261.7434142808591,-0.036657789182228624,39.04321625801924,3.6114568117875256,-262.15398829489106,-0.037241387140005446,23.43033904526898,1.2266600964851008e-07,3.192274884133494e-08
6.275e-07,25.34513121710987,3.723864315284614,-267.6090422455612,-0.032404612906694635,24.74445327501841,3.7837110901258155,-268.60533775549084,-0.03364176519757113,-8.37123699187499,1.234799584353349e-07,3.224485265734895e-08
6.3e-07,9.571086589996163,3.8848009796930536,-275.09314845806097,-0.03168425855455652,9.699835080882192,3.8898148041485308,-274.3721675097864,-0.03003372952169345,-39.79445218080837,1.2431746373435284e-07,3.260515168846138e-08
6.325e-07,-6.271029848769022,3.8568988270026865,-281.1531844945686,-0.027902285861780694,-6.078075847362884,3.926343771012601,-279.4534129219786,-0.026442457435814314,-69.41904875509587,1.2517574396309097e-07,3.298973795185636e-08
6.350000000000001e-07,-23.117260290497306,3.829389491384458,-281.79294214500027,-0.024952376988152072,-22.49086423691862,3.8899755897035204,-283.85286041200504,-0.022892536732951916,-95.90606241368705,1.2605200938289473e-07,3.338276213420761e-08
6.375e-07,-39.39334524733826,3.831077488001641,-286.7575955938354,-0.019168898047346093,-39.24883188135816,3.7779385610105085,-287.57904458066514,-0.01940695060471534,-118.0583404581022,1.2694348067947654e-07,3.376726047831823e-08
6.4e-07,-55.737547559449354,3.576056340732233,-289.4448239260297,-0.0158105838827855,-55.80327533017256,3.5889262165895284,-290.6451071948616,-0.016006273982619276,-134.8746503681285,1.2784740821878172e-07,3.412621541253288e-08
6.425e-07,-71.12953249175624,3.3757526853713236,-293.1781175325914,-0.01242461772391071,-71.33397800459957,3.3242950447623114,-293.068619421244,-0.012708225251076474,-145.5949332316239,1.287610929655498e-07,3.444391600235891e-08
6.45e-07,-84.9444589755227,3.0553203560499096,-296.59393860319364,-0.010260236388322413,-84.79915080557936,2.989287742378012,-294.871369007648,-0.009527653934784119,-149.73465667646323,1.2968190961204718e-07,3.470755326382694e-08
6.475e-07,-93.79564299013619,2.5210294423856268,-296.40515045585954,-0.008358612952531402,-95.04326375939308,2.5939970915696224,-296.0791144073864,-0.006476965611728255,-147.10671463033427,1.306073318433436e-07,3.490881408373591e-08
6.5e-07,-101.09442891835718,2.165643628353544,-297.2887530389931,-0.004198010430786072,-100.94703687849348,2.153812249499022,-296.7213081191,-0.0035669043346887993,-137.82988408910802,1.3153495898022507e-07,3.5045094868057666e-08
6.525e-07,-101.17645105095089,1.694136930000567,-297.2935518567828,-0.0023314383474574204,-101.59533594986166,1.6891659667472612,-296.83079177211346,-0.000807544986595953,-122.32345666711781,1.3246254262254946e-07,3.511991982855883e-08
6.55e-07,-96.83357528209247,1.23135419820979,-296.88203844472207,0.0004923072885271928,-96.4344163664339,1.2245150146457855,-296.4434657218407,0.0017906943183835186,-101.28828757104249,1.333880114860827e-07,3.514227219420191e-08
6.575000000000001e-07,-84.84336237933077,0.7942649299537698,-296.849197724811,0.0049047678628879165,-85.39069428319289,0.7866170742482064,-295.597936129733,0.004216218542135991,-75.67511854062181,1.3430949247431248e-07,3.5124824275703946e-08
6.6e-07,-69.98697720576934,0.2964577148809988,-295.16405540977286,0.005938698438302724,-68.92892050431705,0.40229238400470635,-294.33514268575743,0.006455772964726275,-46.64160648715164,1.3522532619476285e-07,3.5081405819679906e-08
6.625e-07,-47.684553670952795,0.007683138636009612,-291.4056955662013,0.009234779468598051,-48.03732378913803,0.0959552402531568,-292.69797028685366,0.008494426041038023,-15.50000003741584,1.3613407560192753e-07,3.502434770813047e-08
6.65e-07,-24.326073839784193,-0.036858853864796204,-289.9893533476172,0.009966426874679173,-24.13929594673042,-0.1127485202694867,-290.73084811094634,0.010316053914873627,16.342171115853375,1.3703452715683436e-07,3.496244690722108e-08
6.675e-07,1.5739234725781206,-0.1613968025245908,-288.09104797886283,0.011738297988338699,1.0565874357390115,-0.2108662233000997,-288.47933962182685,0.011904276632310048,47.44571335072042,1.379262331698822e-07,3.4900147747981244e-08
6.7e-07,25.656436278562374,-0.16540255739265686,-285.17147509806426,0.011248237663409127,25.74612299570537,-0.19335293503656778,-285.9897271047537,0.013243717811744979,76.4048173902833,1.388083305919909e-07,3.483815712725317e-08
6.725e-07,47.75824039506711,-0.06895713671183476,-284.5671891849052,0.013888450725586672,48.22996565305713,-0.06340856034683137,-283.3085943654754,0.014321402718208196,101.91059768053196,1.3967965343927065e-07,3.477523964641914e-08
6.75e-07,66.53030788555591,0.14167409451249127,-280.6878297276489,0.015135119078027757,67.09472288485617,0.1680972724757055,-280.4824112262909,0.015128084336731061,122.81025103667531,1.4053922119842262e-07,3.4710552284402676e-08
6.775e-07,81.57223976377047,0.4546247237264216,-277.6977437847222,0.01672795020484362,81.34783093597112,0.4840095978265145,-277.55712342180595,0.01565929757555699,138.159160721807,1.4138707445010002e-07,3.464572469936852e-08
6.800000000000001e-07,90.1819945969507,0.8663201318262305,-274.1118948482102,0.015872100825415777,90.4874268129365,0.8628595581285923,-274.5777514345252,0.015915986250312226,147.26359097223798,1.4222337029880568e-07,3.458602185471637e-08
6.825e-07,94.56790528522728,1.260758954094125,-270.5127264551067,0.016670176367724165,94.49958745055038,1.2811200065870305,-271.5880017169802,0.015904618105214346,149.71204227417223,1.4304807498308163e-07,3.454027500476357e-08
6.85e-07,93.21838876612682,1.7031507955033454,-268.9174284459559,0.014959507185827559,93.78760888187784,1.7154135816527833,-268.6298936235772,0.015636787332281563,145.3938502046219,1.4386126263420122e-07,3.451968729019057e-08
6.875e-07,89.28123596539581,2.1434223717331533,-265.9008177769249,0.014633328757363659,89.04927552756736,2.1443688401774614,-265.7434052229405,0.01512838701037808,134.50418721130998,1.4466310910627505e-07,3.4535950118668975e-08
6.900000000000001e-07,81.75456645089308,2.516600471555453,-262.600114260362,0.013793361230099468,81.12634639842912,2.5498976418966923,-262.9661409816033,0.01439850104873842,117.53524126249852,1.454538889924323e-07,3.4599240560099194e-08
6.925e-07,70.5497389503169,2.9182039399317414,-260.5203195570734,0.012514384876984643,70.85432773705192,2.917780380376464,-260.3330241041036,0.013468204907229393,95.25397007168509,1.4623397449726472e-07,3.4716594372589956e-08
6.95e-07,58.19901753336351,3.270219684173793,-260.2401766215177,0.016786428089425768,58.939374305971796,3.237574134599846,-257.87601608476405,0.012359469853509136,68.66743635554552,1.4700383457242478e-07,3.4890932841990305e-08
6.975e-07,46.02198207937187,3.506172117043653,-256.21263523781903,0.011010931194448306,45.88313670015816,3.501979190531252,-255.6238657747296,0.011094336220241195,38.97729089252222,1.4776403277098388e-07,3.512077266696564e-08
7e-07,32.271704269866134,3.6457512061049706,-253.61040974060853,0.008841974063328489,31.966679783070425,3.7058901658927517,-253.60188999648832,0.00969446268515191,7.525460644160812,1.485152226166187e-07,3.5400463144262785e-08
7.025e-07,17.549212777858802,3.8815283370540627,-250.85744146171976,0.007870876755425311,17.293020806936855,3.8454032091808856,-251.83178744955504,0.008181081855176995,-24.266503287583497,1.4925813984341937e-07,3.572072389418601e-08
7.05e-07,0.8795619241901368,3.884104183055375,-249.4153672913812,0.007184390061773897,1.8764902603002107,3.9170428529235073,-250.33148734782782,0.006575311480148023,-54.961676532846894,1.4999359152993082e-07,3.6069295537516145e-08
7.075e-07,-14.243728946313244,3.8364850720754693,-249.97622308787268,0.003514133119031787,-14.241928818738126,3.917413203363036,-249.11503391407769,0.004898700248213859,-83.17270716307888,1.5072244279751213e-07,3.643162251220813e-08
7.1e-07,-31.0254264984868,3.8191255280216083,-247.72043962388196,0.0031203055823370404,-30.879228592042416,3.8433796594836904,-248.192507532895,0.0031738401709253774,-107.62452083878705,1.514456022441597e-07,3.679160364930182e-08
7.125000000000001e-07,-46.54390508197669,3.7135296281719223,-248.60818567180795,0.00344928338221933,-47.621139464473295,3.6927679016165884,-247.5699830331099,0.001424862638284813,-127.21195126595792,1.521640075444793e-07,3.7132519026793136e-08
7.15e-07,-64.12310692338876,3.4285821101450407,-248.12209209427726,-0.0011800565623009008,-63.78049118154626,3.4654489385322305,-247.2495252371639,-0.00032234490223781605,-141.04969119574582,1.5287861261386394e-07,3.743823565472435e-08
7.175e-07,-78.42226171937031,3.1653512593291433,-246.17111522694077,-0.0037363517641130915,-78.41584372434258,3.1645847876430167,-247.22922158111135,-0.002040313534683685,-148.51230629601784,1.5359037741422098e-07,3.7694700725020185e-08
7.2e-07,-90.67974639552865,2.8480480942126927,-246.9586676521201,-0.004208556364733029,-90.41176734336008,2.7977568656127074,-247.50325127784683,-0.0037005973876064187,-149.26250335885865,1.543002609279545e-07,3.789157283659873e-08
7.225e-07,-99.14299278046306,2.4356648246416963,-247.05521545883454,-0.005650598460336637,-98.61039925528192,2.3776988451033345,-248.06199017072865,-0.005274764638115331,-143.26637518545198,1.5500921714817103e-07,3.802367486202742e-08
7.25e-07,-101.87784880908285,1.952462991263213,-247.01731113119976,-0.005815163222619983,-101.9738269983076,1.922408607180289,-248.89215010787962,-0.006735655520303944,-130.79493311424972,1.5571819325334997e-07,3.80918538001544e-08
7.275e-07,-99.74103503331871,1.5143801342890586,-249.7396615055051,-0.00853711539732192,-99.7502877583031,1.4545113427007055,-249.9769513619298,-0.008058731710044197,-112.41185792564912,1.5642812858341863e-07,3.810287312002906e-08
7.3e-07,-91.83112042551508,0.9548389590340877,-248.5251223056596,-0.008767176300441885,-91.61534932822518,0.9998710284680151,-251.29632632848381,-0.009223315602245291,-88.9480227543896,1.5713995271949816e-07,3.806816909192709e-08
7.325e-07,-78.1329381128839,0.5934191312223769,-253.09501354274022,-0.009499083564134253,-77.76252931643178,0.5855784431754665,-252.82715246177506,-0.01021352742676162,-61.46393951600807,1.5785458095872622e-07,3.8001632327776115e-08
7.350000000000001e-07,-59.29745301739121,0.2800644965949314,-254.45342097066373,-0.008576702598416667,-58.92567990410684,0.2375573432754332,-254.5435121501834,-0.011018771583026091,-31.20182618336193,1.5857290578214533e-07,3.791691927125546e-08
7.375e-07,-35.82723018291408,-0.10932280647865396,-255.89498828960072,-0.011346784363461516,-36.32656175010883,-0.021893980953948778,-256.4169769998387,-0.01163369365790371,0.47053863683800173,1.5929578349474213e-07,3.78250154535167e-08
7.4e-07,-12.02849975316636,-0.14606011618664752,-258.17620352027996,-0.011959843151145448,-11.553418850463423,-0.17628464916295672,-258.416913783437,-0.012057614198037442,32.121636182209684,1.600241224793184e-07,3.773275384028647e-08
7.425e-07,14.228992565145237,-0.17847727888573683,-260.12578150961616,-0.012041052344199483,13.612123610365689,-0.21652814541117368,-260.5108091255158,-0.012293529683871238,62.32090892276353,1.6075929217445161e-07,3.764271601806862e-08
7.450000000000001e-07,37.86531293663189,-0.13433995166649296,-262.0982146273738,-0.010631822837459068,37.393904352158266,-0.14172988206582696,-262.6646098364115,-0.012346840540853048,89.703418503447,1.6150135950764968e-07,3.7554498095431086e-08
7.475e-07,57.742580064136234,0.039852856525768796,-264.72287490623046,-0.013770021719657105,58.21567727526507,0.040937588484923855,-264.8430756762858,-0.012224008283332794,113.03153784941225,1.6225026052302331e-07,3.7466872013983216e-08
7.5e-07,74.95035269374274,0.309925176148053,-267.73061940054293,-0.010887753246002791,74.86197199401329,0.3172365411158769,-267.0101412291471,-0.011931351657658688,131.25088909136136,1.6300601484973328e-07,3.7380089803691555e-08
7.525e-07,86.51947249691936,0.6956461891320082,-268.094065728794,-0.011427204057996108,86.58207408991326,0.6675767849887502,-269.1292834955106,-0.011474163655811604,143.53799904409587,1.637694862496181e-07,3.7297568370423504e-08
7.55e-07,92.9280797766188,1.116242159752233,-271.9335115384103,-0.00991486720836132,93.12365893728993,1.0691705834601828,-271.1638917718685,-0.010856272541155901,149.33751831919378,1.645406621818199e-07,3.7226447387411124e-08
7.575000000000001e-07,95.50640628275495,1.4326459604638355,-272.2348185989867,-0.007826210420038185,94.69461197364893,1.4983054709075794,-273.0776363757785,-0.010080091005125743,148.38732185266846,1.653193364353794e-07,3.7176918862114775e-08
7.6e-07,91.86063069426999,1.9639930974494366,-274.1943368358043,-0.0108333446659861,91.86362413602615,1.932410080977493,-274.83483279715034,-0.009147112248294873,140.7303563609241,1.6610510823338477e-07,3.71606199057791e-08
7.625e-07,85.35800644675975,2.3722634137834215,-274.9316403431,-0.01152912061211186,85.420144188288,2.351641925870396,-276.4007979090042,-0.008058735197235021,126.71269924697647,1.6689738773816758e-07,3.718861970299644e-08
7.65e-07,76.19873592265728,2.7565318265369445,-276.33934792342836,-0.008510195592419941,76.22045656761519,2.7398239043760153,-277.74219495403736,-0.00681724665005538,106.96791668995841,1.676954067552173e-07,3.7269556420878316e-08
7.675000000000001e-07,65.71931689653238,3.036770295273939,-277.9047789447509,-0.005521517247207381,65.04797700621019,3.0846801191978015,-278.8273641359968,-0.005426765303259283,82.3884278966423,1.6849823300159118e-07,3.740832124160474e-08
7.7e-07,52.44061820747871,3.3605016502842386,-279.37422388542814,-0.003967337967819022,52.51213420777671,3.3774488881550684,-279.62663578606225,-0.003893965087777259,54.08516978560719,1.6930478617488833e-07,3.760544005840392e-08
7.725e-07,39.381200128445414,3.606477319974658,-281.7430811349766,-0.002128713743202468,39.00215338083418,3.6120587908079336,-280.11262324286446,-0.0022284404434981457,23.337385168446662,1.701138542395013e-07,3.785707684964764e-08
7.75e-07,24.27029135513423,3.8563266566952543,-281.3358425373944,-0.0009686921277789338,24.70116803392869,3.7841230570606808,-280.2604927788786,-0.0004426456526077892,-8.465196112088819,1.7092410879043452e-07,3.815545217926223e-08
7.775e-07,9.503779379872045,3.9659172564392593,-281.948425124724,0.0018806115418664368,9.654355203308,3.89002655120863,-280.0482081239195,0.0014485786264646016,-39.88516980615525,1.71734118967571e-07,3.8489457933003607e-08
7.8e-07,-5.869200806369958,3.973250245477927,-278.5601474304291,0.002744268542647984,-6.125644020141766,3.9263452582357847,-279.45674737637387,0.0034288007156900585,-69.50242465549834,1.725423640518415e-07,3.884532930724436e-08
7.825e-07,-22.08398899701168,3.93746988508624,-279.3904395397699,0.005792640416710864,-22.539992132284517,3.889757482656715,-278.47029035239956,0.005480963897445225,-95.97832818831911,1.733472454497004e-07,3.9207354016281146e-08
7.85e-07,-39.493656951961086,3.8323951270242027,-275.613778066607,0.005466077636065011,-39.29830276345216,3.777494309182057,-277.07637470028,0.007588339781907589,-118.11622985852362,1.7414709915110956e-07,3.955869904931751e-08
7.875e-07,-56.51619190169347,3.632058804349863,-273.88530933259074,0.007873260183765702,-55.851059878233436,3.5882552824374883,-275.26601939889184,0.009735288083165004,-134.91554692527015,1.7494020985392506e-07,3.988247159645351e-08
7.900000000000001e-07,-71.24449765233067,3.3405027715653053,-273.7771991123175,0.013281556467005802,-71.37728909527775,3.3234066132084252,-273.0338145631929,0.011907677950923045,-145.6169885142365,1.7572482776048455e-07,4.016307994524507e-08
7.925e-07,-84.63431376148736,3.042979859355804,-270.0274905534717,0.013493888060554739,-84.83468162584137,2.988204084364509,-270.377976793004,0.014092889508179484,-149.7368738359997,1.7649918860227094e-07,4.0387828913966155e-08
7.95e-07,-96.2159696384135,2.5899639137085266,-266.80216430518095,0.015881270430380963,-95.06757844281697,2.59275575421925,-267.300369621294,0.016279393664970467,-147.08899345623237,1.772615368177298e-07,4.0548513064647985e-08
7.975e-07,-100.26729574159013,2.1394153512471576,-264.37012174667984,0.018967356291972496,-100.95705289937821,2.152466402474116,-263.8064889417973,0.01845598923449466,-137.7930255380812,1.7801015111382615e-07,4.064262851660555e-08
8e-07,-101.82333052950435,1.7126767675354124,-261.2754672240502,0.017919710276236206,-101.588818003395,1.6877825238988233,-259.90541362015256,0.02061084415133424,-122.26912666173426,1.7874337101500148e-07,4.0673788382822294e-08
8.025e-07,-96.30961067845261,1.2047817718716658,-253.4985645949706,0.02202374889858729,-96.41039603628597,1.2231705220432434,-255.6097218149228,0.022730529765248222,-101.21894170381823,1.794596225653723e-07,4.0651050725229445e-08
8.05e-07,-85.03963141845982,0.7873966337208615,-250.94151514805645,0.02318112011502626,-85.3497395727911,0.7853917448511148,-250.93537385192832,0.024799245877055523,-75.59389108683709,1.8015744119096395e-07,4.0587145939694786e-08
8.075e-07,-68.69737661283072,0.3839667755244103,-246.84740768752118,0.026220271959143632,-68.87320269524247,0.40126299647017966,-245.90156280441988,0.026798407474694492,-46.552168742736626,1.8083548988975005e-07,4.0495944033483745e-08
8.1e-07,-47.07782404712385,0.06539264902592251,-242.68635522519176,0.026568575147233566,-47.97046206509566,0.09518784412068043,-240.530534229952,0.02870670641774162,-15.406394384741462,1.814925713831717e-07,4.038979949959667e-08
8.125000000000001e-07,-24.081343955801433,-0.1168727971700056,-235.75743552121875,0.03009489458555705,-24.065997037095215,-0.11320507966819036,-234.84737679968663,0.030500682560173933,16.435713914456542,1.821276335642908e-07,4.027751963363479e-08
8.15e-07,0.9804766518905954,-0.22834181662117828,-230.66507924814718,0.032826747097981966,1.1310431318863792,-0.21098504375140056,-228.8797858246911,0.0321557527385959,47.534965373778455,1.8274031906903332e-07,4.016355054439704e-08
8.175e-07,25.87901197201812,-0.24516954023860088,-222.6324928955102,0.03375138766553225,25.816471750404173,-0.19313139353828215,-222.65780193414997,0.03364756778226069,76.48574464960585,1.8332978141812134e-07,4.004859710195141e-08
8.2e-07,47.53467909572312,0.03649127936855842,-214.38439004066979,0.03585382015960032,48.29153767118144,-0.06286794056935731,-216.21352739006372,0.03495351098899724,101.97954244829532,1.8389481362547068e-07,3.9931421478810666e-08
8.225000000000001e-07,67.5642251166865,0.130544273888475,-208.44811828491888,0.036124550312640516,67.14391973707234,0.1689147567406712,-209.58082272981162,0.03605412634471188,122.86409716638573,1.8443433960391796e-07,3.981117902285283e-08
8.25e-07,81.82107618796503,0.47017924837742453,-201.61104781241224,0.03803796255862077,81.38243397114894,0.4850458885944072,-202.7949866101258,0.03693427557481813,138.19547449102348,1.849482609109589e-07,3.9689497518896144e-08
8.275e-07,90.75929910952308,0.8990147543961428,-196.95409663281654,0.036547352197001164,90.50669655409055,0.8640471506009026,-195.89242188182837,0.03758386799174637,147.28073108128967,1.8543654877714838e-07,3.957163729195665e-08
8.3e-07,94.4417283517297,1.2378685015180426,-188.54051464010095,0.036925166284510244,94.5041496394902,1.282388694365555,-188.91029105278525,0.03799807812461731,149.7092340291636,1.8589895390830742e-07,3.946641939676048e-08
8.325e-07,94.03460053799188,1.6153563277681764,-182.1490201221796,0.036627774836018874,93.77915866663336,1.7166965845985467,-181.88616439570183,0.03817705076375001,145.37122053183236,1.8633531050715255e-07,3.938502931102913e-08
8.35e-07,88.40876817523936,2.193655797992088,-175.99093282965904,0.03766379848737309,89.03016098319442,2.145607509804359,-174.85766402677248,0.03812517641982653,134.4627589204141,1.8674553806662728e-07,3.933913301229155e-08
8.375e-07,80.89679608576516,2.632195594247407,-167.81809209369135,0.039068520844281765,81.09911095484443,2.551044230063915,-167.86210732014973,0.037850087644448194,117.47688681790129,1.871296463272984e-07,3.933887572665952e-08
8.4e-07,70.88650086514328,2.934807044613507,-160.8514491113856,0.03882360559403621,70.82129501513836,2.9187987250646303,-160.93615303133345,0.03736156640431865,95.18132696139207,1.874877419826787e-07,3.93912574760554e-08
8.425e-07,58.80899496049988,3.266212012073768,-152.64235272865105,0.035394965666253525,58.90234778777634,3.2384384949515,-154.1154534798787,0.03667055792257877,68.58378788271109,1.87820035456287e-07,3.949916285600857e-08
8.450000000000001e-07,45.648361125009465,3.5296707187595775,-146.3639559395659,0.0362863905605927,45.84326271822793,3.5026717841970303,-147.43431608838716,0.03578845646134459,38.88641777762371,1.8812684612702016e-07,3.966107358939809e-08
8.475e-07,31.405573778420322,3.6569734855616898,-139.95110815127106,0.03460011728197062,31.924489941548337,3.706398168144565,-140.92537749114624,0.034726769108190496,7.431470145048172,1.8840860472452405e-07,3.9871307714684296e-08
8.5e-07,16.55147451047094,3.890648955094193,-134.8082878900627,0.034727404398221834,17.248635073159484,3.845716029491813,-134.61929331267098,0.033497185777858124,-24.3593630143929,1.8866585218105228e-07,4.012055860800061e-08
8.525e-07,0.9827020055803373,3.868497827111316,-130.76419795083697,0.03094191889891713,1.829930950561899,3.917150402523613,-128.5444465748804,0.03211200177244916,-55.0492084391729,1.8889923489948224e-07,4.039654648576634e-08
8.55e-07,-13.738586567776407,3.957003940670103,-123.15635476432848,0.02792496811009523,-14.2903834442541,3.9173056273053053,-122.726677522876,0.030584768573391673,-83.25095500609379,1.8910949704921445e-07,4.0684701927868866e-08
8.575e-07,-31.229479705288767,3.8423077305722764,-118.03122509182293,0.03015236001181278,-30.928730491554674,3.8430486747296975,-117.18903746487486,0.028931002261138476,-107.68994799417844,1.8929747100853178e-07,4.096891733689193e-08
8.6e-07,-48.11033329243103,3.6506179878223275,-110.17364760904873,0.027005623662341095,-47.670069264815275,3.692209521101002,-111.95156900348323,0.027168765730857424,-127.26160057529827,1.8946406733758272e-07,4.123247495715172e-08
8.625e-07,-63.784600879411215,3.4671948548889935,-108.03328428695355,0.02873117403269166,-63.826420903855684,3.4646670380816382,-107.03111479514084,0.025318963085151136,-141.08131862332084,1.896102656399143e-07,4.145925385200663e-08
8.65e-07,-77.86804632412729,3.1325568227893394,-104.06025685788804,0.02287494750064506,-78.45568521557139,3.163594749163907,-102.4411567143965,0.023405237825288285,-148.52448235412655,1.8973710735659223e-07,4.163522417756152e-08
8.675000000000001e-07,-89.8528613386869,2.7422253371570258,-98.51391928953643,0.02095511077048497,-90.44209278865291,2.796588449358872,-98.19168702200542,0.021453440363905157,-149.2546777174025,1.898456909936442e-07,4.1750078646780454e-08
8.7e-07,-98.0938482209442,2.307832622184568,-95.94458520057822,0.02111190126293098,-98.6278869430386,2.376397523520003,-94.2891128431823,0.019490710752262868,-143.23890154560354,1.8993716961269791e-07,4.179868441863761e-08
8.725e-07,-101.90789144731468,1.9680632076404558,-92.52654840060761,0.01601049742718891,-101.97576020404688,1.9210348211828208,-90.73619495731532,0.017544294283326635,-130.7490532219639,1.900127497433344e-07,4.178194064354781e-08
8.75e-07,-99.09162271524649,1.5382086899131895,-86.98370296567641,0.015269336192686339,-99.7350218605258,1.4531374795691518,-87.53202158581746,0.015640257889822377,-112.34964544757595,1.900736903331445e-07,4.170666753660839e-08
8.775000000000001e-07,-91.51486113514366,1.0357725048982571,-84.71382457188838,0.011427939939548375,-91.58266449607865,0.9985763098431215,-84.6720175433539,0.013802295623649388,-88.87228955286096,1.9012130004579258e-07,4.158435930578228e-08
8.8e-07,-77.84860794107476,0.5834197006272819,-82.79658709523392,0.010459705007183556,-77.7138030731663,0.5844422831507916,-82.14798879237559,0.01205079930316329,-61.37810855926387,1.9015693121551667e-07,4.142896321938618e-08
8.825e-07,-59.05366218580481,0.2532253157902492,-79.47937759221156,0.010913392191156744,-58.863842697486774,0.23665202398094448,-79.94820211461649,0.01040232858827219,-31.109776835186867,1.9018196908181681e-07,4.125419045027127e-08
8.85e-07,-36.83929288910478,0.01434391359405036,-78.71259866556699,0.009700346689538923,-36.25583435056844,-0.022510317591260102,-78.05749928892757,0.00886955082528776,0.5646459555303385,1.9019781551743415e-07,4.1071080844816735e-08
8.875e-07,-11.754252865111694,-0.14841970582616157,-75.14784756188553,0.00679564509203057,-11.478866710490278,-0.17657370798330677,-76.45744484545544,0.007461645644490774,32.21354803492609,1.9020597673095176e-07,4.0886524495806594e-08
8.900000000000001e-07,13.311482926112369,-0.17449577128240562,-76.88920882562151,0.007368019907718846,13.685153335914542,-0.2164750746790925,-75.12650615460802,0.006185094660715449,62.40647110307406,1.902084575158116e-07,4.070316674010466e-08
8.925e-07,36.677138752400886,-0.12606138732770641,-74.21114808403087,0.005604486692205257,37.46037797169366,-0.14134426415066823,-74.04026430831334,0.005044714786822357,89.77876379564864,1.9020600512784164e-07,4.052067704885903e-08
8.95e-07,57.67323338546679,0.04232596507941194,-71.94618349279735,0.00457077276865546,58.271411826935875,0.041623454276492625,-73.17165396348665,0.004044754925075697,113.0932608178833,1.901992713586689e-07,4.033791135401391e-08
8.975e-07,75.16025826901956,0.3870215071381687,-71.13584775179778,0.0043792043900531775,74.90403496164082,0.3181717564190577,-72.4912300459965,0.0031898670452436355,131.29619999848865,1.9018902477129922e-07,4.0155214896078e-08
9.000000000000001e-07,87.02795386672607,0.7133537520973917,-71.40491066266287,0.0021399818548388087,86.60898984788766,0.6686977097361162,-71.96745896022087,0.002485786002737761,143.56484994006442,1.9017689652080804e-07,3.9976103584936565e-08
9.025e-07,93.36874090794223,1.1304497531851463,-71.25439033416137,0.0016705674681463576,93.13539938376542,1.0704075321917284,-71.56703171683324,0.0019396045100100448,149.34469560465234,1.901636609908441e-07,3.980781750457025e-08
9.05e-07,94.00037591964261,1.5214458377406566,-72.91195617489225,0.0015498111028791582,94.69238537129014,1.499589262573754,-71.25519618185137,0.0015596018294669726,148.37450113065944,1.9014991016350008e-07,3.966064640185172e-08
9.075e-07,91.82921683622801,1.8720915690635,-72.3316672344262,0.002721379469725398,91.84950967555584,1.9336775384239893,-70.99610546518434,0.0013546644886130144,140.69811709888586,1.9013604621084816e-07,3.954631968069511e-08
9.1e-07,85.82687271801893,2.364326654749177,-72.08316824864484,-0.0011198340363210986,85.39664435123223,2.3528396523326394,-70.75317930857062,0.0013334104274562346,126.6624985861346,1.9012228043525473e-07,3.947599230269489e-08
9.125e-07,75.69211985885923,2.6481861757571252,-68.65401501049152,0.0034002202236795,76.190050736925,2.7409100016624817,-70.48947520243667,0.0015031812491724129,106.90202358585951,1.9010863743367047e-07,3.94583821088718e-08
9.15e-07,65.42006742733798,3.0860897787545136,-67.82276205755868,0.0025022360374085716,65.0127560742203,3.085623894175155,-70.16806585999515,0.001869090953326341,82.30982056753612,1.900949629299519e-07,3.94984551017836e-08
9.175e-07,51.84830500238993,3.3717975509110367,-70.66756838984917,0.002965535890089243,52.47357797854938,3.3782289517626776,-69.75241960582706,0.0024333094125644425,53.997401103755365,1.90080933589615e-07,3.959680849017915e-08
9.2e-07,39.10810207045226,3.543308536912881,-68.39696043514613,0.00480156983940646,38.96108372437691,3.6126602232891343,-69.20678019593916,0.0031947169472792314,23.244422078393224,1.9006606731125783e-07,3.974967496830807e-08
9.225000000000001e-07,24.377205388304176,3.8350620319057818,-69.42695329155048,0.0035347690551265154,24.65787632784565,3.7845344470476725,-68.49654257726229,0.004149000694684268,-8.559151890380473,1.9004973293065672e-07,3.9949341478504154e-08
9.25e-07,10.029260842232983,3.931934129271543,-69.43158757062284,0.0036341741351421757,9.608868881982985,3.8902376922817172,-67.58862111693213,0.005289186648499755,-39.97587168546772,1.9003115888322847e-07,4.0184763696289564e-08
9.275e-07,-6.319155533085136,3.9029995170818332,-66.72481665584101,0.007787444422991634,-6.17321785545111,3.9263461109948694,-66.4518068852465,0.0066065281069641055,-69.58577311744428,1.9000944102510317e-07,4.0442237584647503e-08
9.3e-07,-22.74651099943421,3.900594305791045,-64.55047775503924,0.009905508680241116,-22.589123214095718,3.88953871720174,-65.05711066063944,0.008091616176685785,-96.05055607222802,1.899835503829129e-07,4.0706108340191284e-08
9.325000000000001e-07,-39.68933881321191,3.7982798193200296,-63.332446900452105,0.008885049251554242,-39.347772059965536,3.777049387623955,-63.37808843949029,0.009735552114871334,-118.17407262852744,1.899523419751714e-07,4.095959728741516e-08
9.35e-07,-56.16481558281925,3.6184940523496603,-60.13187872911967,0.010543493717027064,-55.89883566009812,3.5875836904458276,-61.391146377276016,0.011531030322543948,-134.95639021989007,1.8991456594903025e-07,4.1185863328601755e-08
9.375e-07,-71.73267710198783,3.3472227566424864,-57.94641229916358,0.01126137347348366,-71.4205822701059,3.3225175697234244,-59.07582225915811,0.013473223119090003,-145.63898630956817,1.8986888208177744e-07,4.13693644753059e-08
9.4e-07,-85.23238819196382,3.082543111214035,-55.56372701344525,0.01591295560704678,-84.8701843628906,2.9871199028540243,-56.41504079613219,0.015560423710048121,-149.73903188178963,1.898138782388856e-07,4.1497453556989596e-08
9.425e-07,-94.82866530269972,2.605034481394728,-55.06879245149303,0.01661097469068675,-95.09185518194683,2.5915140282615146,-53.39534026564904,0.01779447115223963,-147.0712142137255,1.8974809274185734e-07,4.1561970851469086e-08
9.450000000000001e-07,-100.57335828809988,2.136153987060964,-49.22068630933725,0.01943683088774908,-100.96702290344535,2.151120345943485,-50.00706826116833,0.020181015866003196,-137.7561125885501,1.8967003989688662e-07,4.156045416182886e-08
9.475e-07,-101.59947243375053,1.7388802796762175,-45.87891450562293,0.02339979235187419,-101.58224914443753,1.6863990858530067,-46.24454458134531,0.02272963177086722,-122.21474838643587,1.8957823730079203e-07,4.149655147958085e-08
9.5e-07,-96.09056795521924,1.2298310563986774,-41.456821964583625,0.028392799682046548,-96.38632412344502,1.2218262685599834,-42.10618957408637,0.025453560641476247,-101.14955587696036,1.8947123309533701e-07,4.137934574468032e-08
9.525e-07,-85.80564472156284,0.8484391193203862,-37.633446924073404,0.028665190610619763,-85.30873734862921,0.7841668891782223,-37.59461655109965,0.028368385481663788,-75.51263378978135,1.893476311745498e-07,4.122157960004196e-08
9.55e-07,-68.10636075162877,0.4294638678324164,-32.9056257897812,0.031670776162283004,-68.81744604957058,0.40023429583427084,-32.716687202136896,0.031488116853228075,-46.46271262026263,1.892061125031691e-07,4.1037121632798933e-08
9.575e-07,-47.564193243262324,0.03908562549139921,-28.854000198406148,0.0359369895897914,-47.903574010811646,0.09442130588114152,-27.48352926213323,0.03481624877286648,-15.312782649866573,1.8904545116268293e-07,4.0838312457182796e-08
9.600000000000001e-07,-23.871345029204367,-0.1814007539454281,-21.314370091112977,0.03925583623858542,-23.992686809961466,-0.11366066921576588,-21.910516016042834,0.03832926183678303,16.529250224498032,1.8886452443517915e-07,4.063393642740837e-08
9.625e-07,0.39309295482640993,-0.13871185558205756,-15.454411411596363,0.04238265926682514,1.2054942977843988,-0.21110285199883227,-16.017207562415408,0.041953043313409356,47.624198630782956,1.8866286993474946e-07,4.042841240145468e-08
9.65e-07,25.898874102598967,-0.1658421243144097,-11.067825130626535,0.044388899824278,25.886801059042426,-0.192908869909185,-9.827254094675325,0.0455411975824881,76.56664171356768,1.884394994660498e-07,4.0222418456966515e-08
9.675e-07,48.77855394167156,0.008651009283586024,-3.7367268740670685,0.04539729238070628,48.353077854207086,-0.0623264359420669,-3.3682617957022245,0.048875500141157074,102.04844695615192,1.88193044193895e-07,4.001469385640336e-08
9.7e-07,65.98762155836143,0.1798476900769737,3.1809400912131376,0.052215679879040564,67.1930760780042,0.1697329736968658,3.328377726373155,0.05170818782677979,122.9178947912952,1.8792224950402622e-07,3.980437614662525e-08
9.725e-07,80.49308371287067,0.5019854903980597,8.19927049819184,0.05282845472344392,81.41699214351684,0.4860827224881326,10.227693208139534,0.05383776122214695,138.2317337028548,1.8765197359035613e-07,3.959588267864948e-08
9.75e-07,90.0076461408958,0.8048770536517874,15.901251514669656,0.054578819187910736,90.52592137616809,0.865235079154051,17.29137313865744,0.05517252392194021,147.2978130462412,1.8740893073275136e-07,3.939745442623827e-08
9.775e-07,94.36861692074817,1.2807248570912977,25.470771254034116,0.0570199777062174,94.5086705194902,1.2836575131479846,24.478036934967328,0.05573839552525653,149.7063666813203,1.8719385337419785e-07,3.92180070288701e-08
9.8e-07,93.51210368677344,1.7293148645857581,34.34289331706833,0.05630105772823558,93.77067333195951,1.7179795317278996,31.743535728895665,0.055635710770079935,145.34853346878694,1.8700725933906167e-07,3.906878220483426e-08
9.825000000000001e-07,89.03184232161067,2.000324724062877,39.42327313672054,0.056680295738826644,89.0110187573417,2.1468459661906643,39.041280340454975,0.05498527503727653,134.42127754575,1.8684944209586536e-07,3.8961461473152795e-08
9.85e-07,81.48136909205478,2.60249721360331,47.83295385982267,0.054732341992063574,81.07185518938115,2.5521904819687866,46.32259376544525,0.053893436146706414,117.41848599528831,1.8672046678087114e-07,3.890616450370885e-08
9.875e-07,70.01343647583576,2.854549082242507,52.90990934277193,0.05061602378645448,70.7882481669965,2.9198166438957447,53.53708527998363,0.05243917981309919,95.10864627501607,1.8662017065625955e-07,3.890982574968421e-08
9.9e-07,58.79721361007487,3.2372355272477726,58.01746115240238,0.04997245979271638,58.8653115142921,3.2393023675344472,60.633043064602646,0.050674128119157856,68.50011233408051,1.865481663937213e-07,3.897522605898307e-08
9.925e-07,45.54848865134488,3.450371696709747,65.32699363010889,0.05049671880653675,45.803381389241025,3.5033638473630537,67.55784207709998,0.048627659743783344,38.79552931098436,1.8650384660351088e-07,3.910070713639233e-08
9.95e-07,32.40657477756916,3.6866451523320145,74.26930506228129,0.045725042651733855,31.88229357884623,3.706905607489299,74.25836375805444,0.04631329476192835,7.337476712109874,1.8648638835003417e-07,3.92804123290931e-08
9.975e-07,17.372229683503328,3.884763930441803,80.35837637994543,0.043642520269062346,17.204242855797645,3.846028257928456,80.68142403715876,0.04373476288252486,-24.45221312451261,1.8649475693527744e-07,3.950482690103161e-08
1e-06,1.4553017067818104,3.9323273758557584,86.25293546853847,0.04088216978246985,1.7833654298459543,3.9172573316143815,86.77420602333945,0.04089113478761809,-55.13671861294422,1.865277088796638e-07,3.9761430681241686e-08
1.0025e-06,-15.289631284748276,3.933184246118245,91.96474063402708,0.036175876575981133,-14.338842750086622,3.9171974040319255,92.48469370783901,0.03778082496191372,-83.32916998294743,1.8658379465693948e-07,4.0035382976941666e-08
1.0050000000000001e-06,-31.135524214725567,3.9023413023483062,97.50084906307218,0.033573351439818544,-30.978233491189883,3.8427170241564634,97.76210298751465,0.03440448085457408,-107.75533263528457,1.866613622216427e-07,4.0310275958098515e-08
1.0075e-06,-47.48837449218594,3.650608358516087,101.55265603473619,0.030289107596341562,-47.718994165236666,3.6916504738492564,102.55730632585795,0.030766853108610933,-127.31119964377585,1.867585626088585e-07,4.0569065233717574e-08
1.01e-06,-64.08341169694253,3.432708987716596,107.86025249542958,0.026462213771495338,-63.87233746906598,3.4638844986626687,106.82324741156684,0.02687775602836357,-141.11289035422664,1.8687335883611775e-07,4.079527985161945e-08
1.0125e-06,-78.86611867883005,3.1593377092429797,110.95042030176076,0.02239684754562165,-78.49550374316397,3.1626041381259897,110.5153422486085,0.02275222589692373,-148.5365997771217,1.8700353900100066e-07,4.097451964949514e-08
1.015e-06,-90.61163746883793,2.8049323542166547,112.87744678503034,0.016932703679890793,-90.47238507546352,2.7954195720606907,113.59186321699087,0.018409994589254935,-149.2467931525633,1.871467339038319e-07,4.109608931722319e-08
1.0175e-06,-99.4568496240363,2.316886138669487,116.9789419033237,0.01358088773973256,-98.6453323226846,2.3750958984981514,116.01430277903853,0.01387442220869948,-143.2113713573052,1.8730043883494533e-07,4.115445195367676e-08
1.02e-06,-102.32201397030285,1.9841113747087176,118.50373811299329,0.009835408051850361,-101.97764446460964,1.919660929833714,117.74771367068152,0.009171065920847578,-130.70312171202409,1.874620384776347e-07,4.1150087214196116e-08
1.0225e-06,-100.22035945255847,1.4960359415479922,119.12651163507279,0.004058823349911194,-99.71970413954331,1.4517637374312875,118.76102260973154,0.004326088033857757,-112.28738861564204,1.8762883332052642e-07,4.108938026230924e-08
1.025e-06,-92.17612474150889,0.9862669265769755,119.57390846930461,-0.001757190252033349,-91.54992952181743,0.997281949118766,119.02731477168354,-0.0006352889200215205,-88.7965212659599,1.8779806565478132e-07,4.098337465729485e-08
1.0275000000000001e-06,-77.7738376626003,0.48042544351331135,119.17552742059866,-0.006289086569229918,-77.66503312576361,0.5833067074590189,118.52408652635009,-0.005690097373307617,-61.29225337141639,1.879669432191967e-07,4.084555249412125e-08
1.03e-06,-58.822158794738165,0.2509430272442246,116.9016941032148,-0.011555060610597566,-58.80197251917188,0.23574748339993024,117.23346419354971,-0.010818584070131596,-31.01771520536564,1.8813265886325687e-07,4.0689148297307825e-08
1.0325e-06,-36.43612533246975,-0.056790282772288994,114.8947871828258,-0.017646258246808766,-36.18508793518054,-0.023125732302142956,115.14238686080071,-0.016004770824813965,0.6587530513093944,1.8829240518122745e-07,4.052471911355821e-08
1.035e-06,-11.561608687832186,-0.24731284552446714,111.56407980453756,-0.02323378924867084,-11.404311207372183,-0.17686176677551887,112.2427516080923,-0.02123667364253681,32.305447170243895,1.884434963278664e-07,4.035867319870193e-08
1.0375e-06,14.29432031848196,-0.19336787499570404,109.9179073536747,-0.029150039177205503,13.758170827974494,-0.21642099773407777,108.53151980166652,-0.026506338640062483,62.4920086462962,1.885837827560831e-07,4.019318275611177e-08
1.04e-06,37.63413618275947,-0.15838909622973507,102.43969080041546,-0.029755263951220128,37.52682553037732,-0.14095770452910628,104.01078344761905,-0.03180993834842457,89.85407364461616,1.8870993794531943e-07,4.0027459750055625e-08
1.0425e-06,57.96220634699748,0.06628489862251682,98.60250036678833,-0.0358119377272831,58.3271096754699,0.0423101355093615,98.68779093414273,-0.03714821631203303,113.15493913892603,1.888186462329764e-07,3.985992315224359e-08
1.045e-06,74.68206865222207,0.3413816352718146,90.19599119282128,-0.04530525291134414,74.94605468199838,0.3191076143007853,92.57493183547088,-0.042527530199390796,131.3414590719555,1.8890684769422986e-07,3.969050422317023e-08
1.0475e-06,86.51807623493272,0.702109086528339,85.31437224380963,-0.048163267603297436,86.6358602044429,0.6698190766158396,85.68968079801942,-0.04796153971237022,143.59164415890262,1.8897250333839962e-07,3.952232819062796e-08
1.0500000000000001e-06,92.85195890983731,1.0696006072430875,78.90662327901522,-0.05409626207243729,93.14709632276956,1.0716447150320776,78.05450087685912,-0.05347303286008485,149.35181393119007,1.890129098714931e-07,3.936226698183083e-08
1.0525e-06,94.18893391718359,1.4482525901733325,69.65745571628693,-0.061959203936594306,94.69012032185611,1.5008730908842587,69.69670703545921,-0.05909410097320435,148.36162183274718,1.8902539745636888e-07,3.922026408400557e-08
1.055e-06,92.19058137994618,1.9372146242596027,59.26856834270953,-0.06412701627501231,91.8353637555935,1.9349448594946639,60.64829086057697,-0.06486012601812856,140.66582229145845,1.8900734576899726e-07,3.910772501482689e-08
1.0575e-06,85.63503962982487,2.307242320261927,50.039922956213815,-0.07072409068331348,85.37312060922213,2.354037101961688,50.94570787437455,-0.07078756923296425,126.61224792094309,1.889562043878425e-07,3.9035505174923074e-08
1.06e-06,76.81677277282824,2.8185413193438404,41.11195636575013,-0.07792106409846265,76.15962788973535,2.7419957161508,40.62962914428941,-0.0768156142257146,106.83608827853617,1.8886951620261633e-07,3.9012050341627083e-08
1.0625e-06,64.88087670443797,3.135369351668942,29.050845267903476,-0.08164103415275858,64.97752345735597,3.0865672113234885,29.74465919526972,-0.08267942341039741,82.23118074381632,1.8874494211739134e-07,3.904208567136989e-08
1.065e-06,53.08174934338146,3.300137780219385,18.37017516737605,-0.08563802436171718,52.43501343462316,3.37900850604894,18.339022515911147,-0.08770947402882277,53.90961110458474,1.8858028521489643e-07,3.9126002251136325e-08
1.0675e-06,38.885034442706505,3.5796914862148115,7.347800805297433,-0.09345713839827098,38.92000729098452,3.613261109523363,6.464221217386999,-0.09077592168290814,23.151449811810068,1.883735127513998e-07,3.9259864108027556e-08
1.07e-06,24.732755839288735,3.7614113010345345,-5.541586415138362,-0.09102968149934061,24.614578156755258,3.7849452603044385,-5.825333350519184,-0.09092955964260548,-8.653104289650262,1.881227748170147e-07,3.943582870857731e-08
1.0725000000000001e-06,8.76243287104054,3.935399369003303,-16.873133445759464,-0.08974810483859834,9.5633761175814,3.8904482274246734,-18.4727120006293,-0.0885220105184277,-40.066557782941196,1.8787041953703327e-07,3.964766857670654e-08
1.075e-06,-5.930579829183257,3.9455475934064177,-31.181653464152006,-0.08489872010809599,-6.2207973488760775,3.926346329109766,-31.418878905815447,-0.08515618076198604,-69.66909410803089,1.876664658691307e-07,3.988735035788873e-08
1.0775e-06,-22.82329134279373,3.9605915638455027,-45.77468485556885,-0.08235735400881337,-22.63825747183818,3.889319292853237,-44.603119204032915,-0.08226640181616562,-96.1227460369002,1.8751179998287785e-07,4.0139405995786014e-08
1.08e-06,-39.17563138593041,3.709213985981901,-57.81613484743784,-0.07995577522004456,-39.39723975317919,3.77660379548635,-57.96347948376622,-0.08028473779108493,-118.2318687452789,1.8740706933831826e-07,4.038723191818665e-08
1.0825e-06,-55.74315648616983,3.533271072879532,-72.67619124462014,-0.07888829837033104,-55.94660265132091,3.586911439352791,-71.43721751460339,-0.07897947698655557,-134.99718023586445,1.8735267972281127e-07,4.061414980525783e-08
1.085e-06,-71.58305465964317,3.3183173567574076,-85.6888294602811,-0.07752562914274692,-71.4638575000105,3.3216279126033212,-84.9612575108048,-0.07798507426541759,-145.6609266089345,1.8734879622347963e-07,4.0804767540159974e-08
1.0875e-06,-85.0795877326896,3.0155131265855113,-101.116547392355,-0.07488543306578924,-84.9056589864763,2.9860351956949103,-98.47264717084002,-0.07702727622511349,-149.74113081298125,1.873953488341105e-07,4.094657397462677e-08
1.09e-06,-94.94329563561577,2.5724742235156435,-112.01908528997923,-0.07585395031991765,-95.1160939496083,2.5902719111257384,-111.90901272334233,-0.07594315525738209,-147.05337690983282,1.8749204275228373e-07,4.103152976429371e-08
1.0925000000000001e-06,-101.250055808505,2.1952193609302384,-123.90111871594964,-0.07299395742374234,-100.97694687096039,2.1497740769890874,-125.20900822982414,-0.07464539682571443,-137.71914525508657,1.876383727152506e-07,4.105727451188104e-08
1.095e-06,-101.55457170137484,1.7105324872025394,-138.2182486789534,-0.07272024672082365,-101.57562936439895,1.6850156494653517,-138.31275544665482,-0.07309012319011184,-122.1603218626891,1.8783364008304367e-07,4.1027535485617994e-08
1.0975e-06,-96.08342093742219,1.2449311928184723,-152.59234100733246,-0.07285653386186898,-96.36220063284465,1.2204822509966087,-151.1622706327803,-0.07125798485960125,-101.08013011785975,1.880769709259956e-07,4.095144804839816e-08
1.1e-06,-85.55850611259925,0.8529807935747898,-164.1466774044448,-0.06941490093229949,-85.26768762975631,0.7829425041917841,-163.7018748046226,-0.0691447705118882,-75.43134668153367,1.8836733320083633e-07,4.08417766918132e-08
1.1025e-06,-69.15145609513296,0.34226710020346296,-174.91297744405563,-0.06726311049344888,-68.76165059909488,0.39920627946913606,-175.87858408467326,-0.066757010823647,-46.37323815504552,1.887035512458914e-07,4.0712379205275516e-08
1.105e-06,-48.143990023541605,0.0508327378993578,-189.51666160428897,-0.06440134495288811,-47.83665966764518,0.09365562357641236,-187.64247696405195,-0.06410970725507895,-15.219164869747603,1.890843162763351e-07,4.057555299279516e-08
1.1075e-06,-22.724193350319386,-0.18034730337373692,-200.407026596017,-0.05976966441288988,-23.919365311720576,-0.11411528995439295,-198.94703550032057,-0.06122471837660655,16.622780009053304,1.8950819224546307e-07,4.044000927494974e-08
1.11e-06,0.8344133772199207,-0.14654535868590057,-210.20258561542627,-0.05537957828488724,1.279940887212084,-0.2112196479629177,-209.74945769829387,-0.05812918129881046,47.713413086508055,1.8997417233929786e-07,4.031006777312729e-08
1.1125e-06,26.237343523609933,-0.259893874466402,-220.89368690638656,-0.05324495833437119,25.957110880653858,-0.19268536280754617,-220.01093857151943,-0.05485380181232511,76.64750855023196,1.9048048311614563e-07,4.0186285442151584e-08
1.1150000000000001e-06,49.15760885229078,-0.12144931537884673,-229.96271148430185,-0.05005339534463712,48.4145861706236,-0.06178404380411927,-229.69691765328562,-0.051431076687308105,102.11731117689624,1.9102473959077206e-07,4.006726119857132e-08
1.1175e-06,67.72775493751423,0.19299185946365446,-237.6683931809387,-0.048549621496139256,67.24219188831206,0.17055192728784221,-238.77729101609492,-0.04789361115189807,122.97164389016643,1.9160443780742012e-07,3.995197368590331e-08
1.12e-06,80.81296673312707,0.5112125391888879,-249.73305383171822,-0.04549613178776079,81.45150544676362,0.4871201045954147,-247.22658616497688,-0.04427271384212121,138.26793834298684,1.9221782010175543e-07,3.9841858077207564e-08
1.1225e-06,90.47406530007844,0.9527318486563443,-255.34827210539137,-0.03845298868173886,90.54510128486655,0.8664233497855414,-255.02409849007353,-0.04059741811229278,147.3148368603489,1.9286295774796773e-07,3.974196089824054e-08
1.125e-06,94.65185381489385,1.291207609976319,-260.7583556815332,-0.03774980566726852,94.5131501056334,1.2849264695448064,-262.15398829489084,-0.03689401183108608,149.7034402317743,1.9353749391148854e-07,3.966086254398492e-08
1.1275e-06,93.9529436246712,1.6621493779559455,-268.89803923961,-0.033926272426232675,93.7621528986392,1.7192624299367,-268.60533775549067,-0.03318607490682144,145.3257890244419,1.942389582479865e-07,3.960947724492992e-08
1.13e-06,89.72936771738253,2.128265290411083,-274.7714488050375,-0.030935299651809568,88.99184887244975,2.148084216189276,-274.3721675097862,-0.029494941456071948,134.37974310369626,1.9496478607160818e-07,3.959916877104513e-08
1.1325e-06,81.44333936159173,2.590073801278789,-279.84142950376406,-0.025209413510170666,81.04457912247283,2.5533364041160973,-279.4534129219785,-0.025840436915012876,117.36003881771924,1.9571234206100008e-07,3.963975227742133e-08
1.135e-06,70.6662328939461,2.930846600850612,-285.5172492420299,-0.023429791802763434,70.75518720840718,2.9208341427587743,-283.85286041200476,-0.022241701308259816,95.03592804125606,1.9647894693262418e-07,3.97378754364793e-08
1.1375000000000001e-06,58.15992420555817,3.283013282985319,-286.4093633334104,-0.01980761128750746,58.82826549544647,3.2401657573960962,-287.57904458066525,-0.018717905037753668,68.41640974269231,1.9726190524158675e-07,3.989605478636319e-08
1.14e-06,45.546197580371405,3.484517067787819,-290.2660760751877,-0.014133831138271836,45.763492717656206,3.5040553840479323,-290.64510719486157,-0.015288693457905605,38.70462552848236,1.9805853251515547e-07,4.011239446737749e-08
1.1425e-06,32.358533589367774,3.6447690237387103,-296.5893958828778,-0.013631235479780434,31.840090695765383,3.7074124867603735,-293.06861942124453,-0.011974255463202561,7.243480382449847,1.988661802626396e-07,4.0380830412059574e-08
1.145e-06,16.601951520048722,3.8960083113441115,-295.1013595750739,-0.010133637307667904,17.15984415478342,3.846339896006347,-294.87136900764824,-0.008794988449191974,-24.54505358128793,1.9968225796448477e-07,4.069167310432385e-08
1.1475e-06,1.0188961607100069,3.8408713107295243,-296.3544735700965,-0.004745956182597195,1.7367937003501615,3.9173636402817453,-296.0791144073868,-0.00577081321199018,-55.224207019614205,2.005042518118729e-07,4.1032262019688484e-08
1.15e-06,-14.810813639404428,3.912877397585218,-296.3830052276579,-0.003397960033349142,-14.387306728992693,3.917088532113052,-296.7213081190998,-0.0029202628307765485,-83.40735206276798,2.0132974061631687e-07,4.1387651981347356e-08
1.1525e-06,-30.451625722099298,3.9250866213672095,-296.8723965645531,0.0030960859436668883,-31.027737576861163,3.842384704770059,-296.83079177211386,-0.0002595165040370226,-107.82067473628895,2.0215640981275736e-07,4.174136792795088e-08
1.155e-06,-47.595802139881286,3.7178622963573646,-296.75567564861853,9.792586663481817e-05,-47.76791414447666,3.6910907553110572,-296.4434657218408,0.0021984358740446304,-127.36074845180578,2.029820647436863e-07,4.2076336912769997e-08
1.1575e-06,-63.901593397197,3.486288855907173,-295.81555540082496,0.006218017231213655,-63.91824085005023,3.4631013142523934,-295.5979361297335,0.004444332655408299,-141.1444063759967,2.0380464438558403e-07,4.2376099407385555e-08
1.1600000000000001e-06,-78.61613115581285,3.2576008529520952,-294.02684396301004,0.006765829995243863,-78.53529927695976,3.1616129472102394,-294.33514268575783,0.006472768506344572,-148.54865856021988,2.0462223636695847e-07,4.2626307440824106e-08
1.1625e-06,-90.45335051550917,2.733036703039621,-293.34086307515537,0.010801453814497613,-90.50264417452698,2.79425022538089,-292.69797028685383,0.008281870638359012,-149.23884966745362,2.0543309358802187e-07,4.281635841909969e-08
1.165e-06,-98.72403051011682,2.3480347485379203,-291.23593405161455,0.008988400143417551,-98.66273537025539,2.373793961057793,-290.7308481109466,0.009872564497033031,-143.1837846314249,2.062356520875498e-07,4.294084698156676e-08
1.1675e-06,-102.44892897059852,1.9237954479163328,-288.0944864855191,0.010133635625587983,-101.97947976545599,1.91828692396562,-288.47933962182685,0.011247546399457077,-130.65713860255968,2.0702854913984122e-07,4.3000419885081336e-08
1.17e-06,-99.63687079441002,1.4484133362787064,-284.9333211570309,0.012502346406820549,-99.70433459335432,1.4503901074365853,-285.98972710475414,0.012410136871034842,-112.22508745442539,2.0781064003311467e-07,4.300166050617076e-08
1.1725e-06,-90.84038138065473,0.9772850427027105,-283.3161408699479,0.013268475238034374,-91.5171444175026,0.9959879382734316,-283.30859436547536,0.013363214400208184,-88.72071792359849,2.0858101168788887e-07,4.295583693559762e-08
1.175e-06,-78.00675372314096,0.5684497537559187,-283.49914114146674,0.012770360993129618,-77.61621949995566,0.5821717093827372,-280.4824112262913,0.014108420027240083,-61.20637398635991,2.0933899128648456e-07,4.287667805516291e-08
1.1775e-06,-58.842797290968065,0.2843975915760395,-277.42913539170473,0.014619287477566547,-58.7400694062491,0.23484371651300573,-277.5571234218061,0.014645779917005693,-30.92564133024376,2.1008414841569174e-07,4.277768500576934e-08
1.18e-06,-35.388490994688695,0.02590269103914713,-273.03875413877444,0.014149352375028214,-36.11432254845508,-0.023740228130573582,-274.57775143452534,0.014973823209998035,0.7528598870231782,2.1081628983026367e-07,4.2669700833694575e-08
1.1825000000000001e-06,-10.920345699518194,-0.20477468314485806,-272.08043612058606,0.01267982109140865,-11.329752388077099,-0.17714882647031602,-271.58800171698067,0.015090188141142897,32.397333551884856,2.115355622123766e-07,4.255944027487958e-08
1.185e-06,13.710006992220926,-0.18817499650930178,-267.44987310225815,0.015400214065463998,13.831176042363303,-0.21636591340265304,-268.6298936235772,0.014992625416182395,62.577521518663,2.1224283231902477e-07,4.2449404021423424e-08
1.1875e-06,38.22194917495736,-0.18231771116715384,-265.12984424100944,0.01646392558738221,37.59324699154271,-0.1405702000709678,-265.7434052229407,0.014680238884814808,89.92934802061842,2.1293796000839485e-07,4.2339155103460845e-08
1.19e-06,58.12701865280407,-0.044231379693085576,-263.39774713293593,0.012988039642746188,58.382770795233085,0.042997637006716716,-262.9661409816034,0.01415476176467316,113.2165727881908,2.1362095433529084e-07,4.2227484615972306e-08
1.1925e-06,74.16600937488977,0.2665510921955887,-261.8403283448226,0.01312216274270557,74.98803114229197,0.32004412092946527,-260.3330241041039,0.01342165937933932,131.3866662938944,2.1429219312438373e-07,4.2114712967292274e-08
1.195e-06,85.92565326189607,0.5706190867942349,-257.598040585445,0.01281327877888863,86.66268515952993,0.6709408927464534,-257.8760160847644,0.01249087781967331,143.618381690035,2.149531496221213e-07,4.2004365440979624e-08
1.1975e-06,93.0569890483288,1.0697708259817664,-254.40121915530003,0.011172564015351046,93.1587497651162,1.0728821396434782,-255.62386577472955,0.01137711705921204,149.35887329599694,2.156046840432757e-07,4.190371781049633e-08
1.2e-06,94.4247844263161,1.4470539822236503,-253.70522518154573,0.009915577937630949,94.68781684378894,1.5021569636587322,-253.60188999648855,0.010776628252853455,148.3486839640162,2.1624770841272532e-07,4.18231143714569e-08
