time,v_coil,i_coil,v_bias,i_bias,v_coil_clean,i_coil_clean,v_bias_clean,i_bias_clean,v_coil_src,density_state,heating_state
0.0,43.13411766835789,0.028923077713873743,-26.325262286380138,0.02017137721682051,43.309674628702744,0.025886133921372075,-26.424989953237066,0.019578583207015,0.0,0.0,0.0
2.5e-09,60.70666913172661,0.07063570959074016,-23.24057294277806,0.01885978422264378,60.84098779532036,0.07201801364135138,-22.522523977293492,0.019329417168266947,27.20501853567514,1.508348855230785e-11,1.5152341439138327e-11
5e-09,75.1784153987514,0.12739081605642014,-18.577941386602014,0.019119538053824377,75.51935998440523,0.13087684113668485,-18.820159717664673,0.018659542050870247,53.18043218753995,2.8331995216802557e-11,3.329270088460846e-11
7.500000000000001e-09,86.6889648398815,0.18785740017360295,-14.06921986036285,0.018282036443252173,86.13125161556724,0.19938868426076067,-15.336892297296846,0.017844516364671107,76.75221141235252,3.9966690803218374e-11,6.327250073575262e-11
1e-08,91.5452919473908,0.2665688949058678,-13.592179899906291,0.017314244392513486,91.76367297189982,0.27366023773749193,-12.09085644579568,0.016874719565240646,96.8549654691758,5.019354333330848e-11,1.1767270316284233e-10
1.25e-08,92.03645604719527,0.3545856431616528,-8.720659958642962,0.01604482058050755,91.92291086709268,0.34929720491566585,-9.099192763901812,0.01574581291289957,112.58009565465315,5.91960445812947e-11,2.1104365262431143e-10
1.5000000000000002e-08,86.27192849361992,0.4213697820099927,-6.052915817931781,0.014479323729884582,86.59958926886843,0.421788341697836,-6.377920908570896,0.014459076427316898,123.21686189524777,6.713051938069492e-11,3.57098588889955e-10
1.75e-08,76.4156831253654,0.4934160882139279,-4.09613354605842,0.01301884304535932,76.2694825380712,0.48690465917193987,-3.9418207447889504,0.013021072301110418,128.2845065799978,7.412456361099407e-11,5.655493871318331e-10
2e-08,61.92365417491577,0.5339767204383493,-1.1784780397830237,0.011167442779414437,61.82997491095819,0.5410608315653684,-1.804322444894506,0.011442834641792583,127.5539837097023,8.027873665476951e-11,8.394483934081974e-10
2.25e-08,44.72858090266737,0.5724053227066702,0.8674842320458744,0.010174141748504974,44.48255207196684,0.5815920397585868,0.02259355761080961,0.009738829174350122,121.0583112544785,8.567119422169422e-11,1.1737893158460295e-09
2.5e-08,25.807658468374377,0.6085623263951624,0.9272187307093143,0.007229836149556941,25.580390361455674,0.6069132182870439,1.5284859343657313,0.007925897864179904,109.09107881670445,9.038998453233069e-11,1.5557825167489188e-09
2.75e-08,6.627297916959634,0.6266347751146353,2.1485827671919546,0.005654798346808801,6.465468563104547,0.6165465722245466,2.7045304118472977,0.00602233757710193,92.19317804958314,9.615947879062408e-11,1.9682295968839215e-09
3.0000000000000004e-08,-11.158774421478066,0.6067853157962249,4.526822485614508,0.004194192035740606,-11.679251919858228,0.6110240074099944,3.5435856627463025,0.00404719120238702,71.12835558619072,1.026620701005469e-10,2.38880307300498e-09
3.25e-08,-27.98066864690622,0.5896815635349917,4.734958415610858,0.0024229529315198564,-27.940316727397985,0.5916901844641487,4.040246597813219,0.002019772233347119,46.84869343094189,1.0958103505688496e-10,2.7952172380859056e-09
3.5e-08,-41.46748862941043,0.557914484997753,3.9670030624388604,2.215610181057755e-05,-41.73175150195737,0.5604460045480318,4.190884622113348,-4.059585029109324e-05,20.451577021167235,1.16608266593096e-10,3.1680084872163844e-09
3.75e-08,-52.591311910879305,0.5206071623524001,3.296837014598959,-0.002226695107422882,-52.794915147165185,0.5194791086248715,3.99367452850327,-0.0021146690949277363,-6.8699040955777,1.2344988514105162e-10,3.4924304391713615e-09
4e-08,-61.10936693705085,0.47396867785416597,2.1995213574456347,-0.004279613799608516,-61.14500033788506,0.47102638638833405,3.4486078128008124,-0.00418326091492738,-33.88088119203852,1.298296158159269e-10,3.759294335793304e-09
4.2500000000000003e-08,-66.67492023685037,0.40994873942693405,2.2573853245431708,-0.0055541635424789645,-66.97825182931255,0.4172040060177618,2.5574923085979577,-0.006227178370706393,-59.36051961556677,1.35490193487304e-10,3.9648725953776885e-09
4.5e-08,-70.37278753866181,0.35347919837487,1.3055957882288607,-0.008216320037890515,-70.56055789150273,0.35992495703607497,1.3239381539836366,-0.008227194525698821,-82.15719773421206,1.4019335238590683e-10,4.1101577554428905e-09
4.75e-08,-72.16174513394785,0.3054523753428051,-0.5307783362344425,-0.010573542238977983,-72.12077888497247,0.30090547566572573,-0.24666978339409695,-0.010164138192109557,-101.24055761189805,1.4371912227862128e-10,4.199806956702458e-09
5e-08,-71.74426169516596,0.2477814705048841,-3.830515456322159,-0.011643529639023239,-71.7705534799609,0.24174345869917543,-2.1472127834697154,-0.012019178616116583,-115.74807484069825,1.461427457813906e-10,4.241300589110643e-09
5.25e-08,-69.21400869954249,0.17655343393679795,-3.6494857520128,-0.01389418479861667,-69.46669261405545,0.18403743994730115,-4.368892102743397,-0.013774365126206391,-125.02404267984703,1.4914019495941377e-10,4.2451759682243655e-09
5.5e-08,-64.11051780324703,0.13851676925928902,-8.011457969064743,-0.015542767921992285,-65.02368097326631,0.12950657557611328,-6.901295296907369,-0.015413442487465782,-128.64920850718104,1.5290339937875966e-10,4.221114971837025e-09
5.75e-08,-58.91483481449891,0.07828974021200874,-9.338269716101458,-0.017028049310839125,-58.17383526728203,0.0800718535589528,-9.73247447509313,-0.016922895766398362,-126.4597230828967,1.5763243340065005e-10,4.178568956534108e-09
6.000000000000001e-08,-48.72924373639763,0.034329477200181646,-13.443341879276131,-0.018394379639433963,-48.663145886236364,0.03786645165890241,-12.849035824792434,-0.018293087299319943,-118.5545461620554,1.6353631799194925e-10,4.12596477391688e-09
6.25e-08,-36.621790554695814,0.006673393855861483,-17.242739462088927,-0.018734610177572594,-36.3635012191345,0.005157404643304785,-16.236239653338114,-0.01951925401259903,-105.29097373901597,1.708339578141907e-10,4.06998659411088e-09
6.5e-08,-21.7669826887158,-0.0114054912873172,-20.52536047889809,-0.020288137317396326,-21.37821461641711,-0.015821110926946456,-19.878110105221154,-0.020602077104729152,-87.26848908215952,1.797544819261977e-10,4.015060485737004e-09
6.75e-08,-4.593305741160653,-0.016286246880470708,-24.098090778282945,-0.021091255637344555,-4.118256693147739,-0.02310385455099433,-23.757553635212975,-0.02154756589939657,-65.30166745536293,1.907993341230377e-10,3.963238884447763e-09
7e-08,15.183200769049265,-0.024445505591317706,-29.017641401081995,-0.022295266435019605,14.668713598813559,-0.015265143569402631,-27.856485245938583,-0.02236613773482678,-40.38335917110358,2.0407087159822518e-10,3.914672985668265e-09
7.250000000000001e-08,34.490203053624796,0.004926472743210066,-31.97931205395243,-0.022335195917703773,33.926340749426174,0.00832070854439403,-32.15596143581455,-0.023070996603057503,-13.639815017354064,2.1956351052515018e-10,3.868739486547532e-09
7.5e-08,52.84108623333356,0.04005790478570212,-37.38332550369768,-0.023391966060347852,52.37435901968086,0.04727594334129522,-36.63631874966448,-0.023676131090144433,13.720217713222139,2.3739417208442893e-10,3.82566824052448e-09
7.75e-08,69.09620683067315,0.0963550831997495,-42.071434434928946,-0.024105317183150263,68.63972008238551,0.10011340458743613,-41.27731678030098,-0.024194369932233808,40.46012784821941,2.58042713520817e-10,3.788270124424875e-09
8e-08,81.70180919774124,0.17790745207131736,-45.81699602870095,-0.0244838268556863,81.41503976624278,0.16425486108558987,-46.058284435296926,-0.024635898996560903,65.37133234434634,2.8171068530782084e-10,3.7631979936090386e-09
8.25e-08,90.22402549349187,0.23818111568256753,-50.32250836806382,-0.02527498831769942,89.61997328806822,0.2361815165512934,-50.958268259337096,-0.02500748008354826,87.32790148867643,3.085662674459641e-10,3.761188148622504e-09
8.500000000000001e-08,93.04739157778333,0.3083290511838741,-54.116227156079795,-0.02557915371240643,92.53994203438323,0.31170383003509233,-55.956181589136975,-0.02531239934772123,105.33744835759155,3.3873634106282104e-10,3.795964515032844e-09
8.75e-08,90.0342738463924,0.3899506744697932,-61.8135211370437,-0.03301508971544791,89.9198727261731,0.3863186501192595,-61.03095331504313,-0.0327762413575842,118.58598244576679,3.7230089919832346e-10,3.881889088309102e-09
9e-08,81.95637101139621,0.45305869330056026,-68.54686165668986,-0.03045740775954954,81.99772956076224,0.4556075315157235,-69.22279741412237,-0.0300203852550218,126.47470018331002,4.0929051895330755e-10,4.030873572155529e-09
9.25e-08,69.24665773052256,0.5172841903945018,-72.93553188655105,-0.01956067214869004,69.47239068748284,0.5156234137276863,-73.14207390109704,-0.019978180350238187,128.64704949346495,4.5140960130873934e-10,4.251025399666939e-09
9.5e-08,53.575209676002316,0.5667604561886054,-76.91494708233328,-0.02052207245181176,53.4111404308654,0.5632147633624907,-77.09120191314341,-0.020089225360276658,125.00484513450479,4.961693081274278e-10,4.538852184918784e-09
9.75e-08,35.32770803973171,0.6068835519024687,-80.54933734459661,-0.020093642104416207,35.111847747394506,0.5962464781154578,-81.05139941582303,-0.020119252959032958,115.71270644906075,5.434791523513463e-10,4.8850879558260096e-09
1e-07,15.802626820023898,0.6173806800559927,-83.50383742542911,-0.020525306388724053,15.942072873245268,0.6136935431633084,-85.00447684653054,-0.020069174849748163,101.19061694472285,5.932204642872712e-10,5.273383187943355e-09
1.025e-07,-2.860312455983184,0.6146367236466793,-87.90754461363491,-0.01934509342811804,-2.8193519397488886,0.615603715515886,-88.93296605677213,-0.01994062074930888,82.09494199592555,6.452559968053851e-10,5.682728708653275e-09
1.05e-07,-20.111791727501593,0.6090346394051648,-92.8420843597742,-0.020105185662950803,-20.113838800467875,0.602945874107898,-92.82024186421255,-0.0197360815549768,59.28876262376449,6.994392783484263e-10,6.090573597894791e-09
1.075e-07,-35.39096183601475,0.5809165007851625,-98.07588250281374,-0.019321608058568356,-35.18853682209269,0.5773776111584472,-96.65063523221387,-0.019458971256035015,33.80286619933776,7.556227593949453e-10,6.4758823638316585e-09
1.1e-07,-47.88921468499775,0.5484638592333448,-100.36185681107693,-0.019784730999922225,-47.625207653180766,0.5409762841547052,-100.4095371708619,-0.01911360889055541,6.789157201984673,8.136640780559526e-10,6.821512677859013e-09
1.1250000000000001e-07,-57.43656809729813,0.4920115688149093,-102.91338818518608,-0.01900589689949738,-57.312099629069714,0.4959803665369753,-104.08349253744308,-0.018705131121030866,-20.531406239946847,8.734301386333885e-10,7.115582571540166e-09
1.15e-07,-63.61995034586344,0.4455161514428325,-109.10630027266905,-0.01862104474344435,-64.36849815846871,0.4445822375259053,-107.66028300523314,-0.018239353289054707,-46.92399687601416,9.347990863817457e-10,7.351811939099615e-09
1.175e-07,-68.94959776133467,0.3900882853722816,-111.22710188880279,-0.018085479826020354,-69.03975180998124,0.38880073029716006,-111.12899856649273,-0.0177226014307476,-71.19572971332717,9.976606032201656e-10,7.529060689994192e-09
1.2000000000000002e-07,-71.39236066389685,0.3321744727706097,-114.54373513178305,-0.017230323319641618,-71.58531885600132,0.33044426855896536,-114.48009703786133,-0.01716153916821897,-92.24957770166849,1.0619151835913238e-09,7.650391028110715e-09
1.225e-07,-72.36389410353267,0.2814055643860549,-117.9044787513108,-0.016758895796027146,-72.18292360562624,0.27115653677680945,-117.70545114299458,-0.016563011441698552,-109.13395485790308,1.1274731384107532e-09,7.721959319085439e-09
1.25e-07,-70.73949778316577,0.20362718366894364,-120.26892736888915,-0.01570171493965944,-70.86819014660225,0.21251984612682337,-120.7983828573541,-0.015933921973153874,-121.08572578537003,1.1942540067147097e-09,7.751940137159257e-09
1.275e-07,-67.93378998938651,0.15577633667524132,-123.01698157717784,-0.015253000977168082,-67.52183642941137,0.15617976847366494,-123.75368481256059,-0.015281153909620138,-127.56469765592158,1.2621868469084184e-09,7.749561554965132e-09
1.3e-07,-61.992671009684386,0.1052093089836308,-126.26772089298666,-0.014505289742328996,-61.90700871713238,0.10395034361952549,-126.5676286716614,-0.014611534453634003,-128.27803569557457,1.3312115758291903e-09,7.724238297363153e-09
1.325e-07,-54.031265365052754,0.07002672143952861,-128.89334886844117,-0.01416958674746966,-53.7493591888912,0.05786300452143263,-129.23796050104062,-0.01393183585882288,-123.1934986494218,1.4012811851975975e-09,7.684759100941591e-09
1.35e-07,-41.81998300986325,0.019175543716830685,-132.38623385411861,-0.013274721179224905,-42.84384719813417,0.0201336082441351,-131.7638832785005,-0.013248798360616652,-112.54089601293063,1.4723643588853649e-09,7.63852235254318e-09
1.375e-07,-29.36785496303157,-0.010388364686420671,-133.85725233935756,-0.012429471581640112,-29.166562952147782,-0.0069614560296891535,-134.1460267892668,-0.012569156582970791,-96.80170116609322,1.5444478022854373e-09,7.590899485202718e-09
1.4e-07,-12.870393021295394,-0.022996848902807624,-137.32960417712124,-0.012212553857758678,-12.968187696192183,-0.021290238764220294,-136.3864052713311,-0.011899650403888509,-76.68728987311042,1.6176532767425123e-09,7.5448949000399e-09
1.425e-07,5.360926136746468,-0.017624167893779463,-138.306820288227,-0.010973132445574501,5.171646444189241,-0.021123770008482923,-138.48836327767296,-0.011247004268670086,-53.10678771786601,1.6921279671126738e-09,7.50130781869439e-09
1.4500000000000001e-07,24.115267058972574,-0.001444074618015218,-141.5419204729638,-0.010565354736773806,24.343295874993693,-0.005407492610787445,-140.45651032458036,-0.010617864978762853,-27.125979697888216,1.7676715602561678e-09,7.459537618607244e-09
1.475e-07,43.279084654005864,0.023695205196009365,-143.42854133548906,-0.010411530494037239,43.36426456486119,0.02600122925610732,-142.2966449916083,-0.010018695986704077,0.08086083042690263,1.8440778713170311e-09,7.41899791537001e-09
1.5e-07,61.277899881843574,0.07083412279015175,-143.46801450852612,-0.009195992433291233,60.88913118691879,0.07217419551831884,-144.0156692288506,-0.009455634772758794,27.284046633351355,1.9215754535488754e-09,7.380859046858962e-09
1.525e-07,74.86756025200837,0.12715607602609771,-144.50730575607685,-0.008611904415378057,75.55718004337956,0.13106648546578778,-145.62149371035946,-0.008934327442926689,53.25405566242124,2.0003071826136194e-09,7.349617586642797e-09
1.55e-07,85.97854635826666,0.19304055501161493,-148.17486719593458,-0.00854567992487691,86.15554411618989,0.19960137748468693,-147.1229351480053,-0.008459759914632792,76.817102651037,2.0803132518658945e-09,7.333906003404258e-09
1.575e-07,92.02502094144216,0.2664786360855436,-148.13460760703092,-0.007654551497689662,91.7723182751583,0.27388357676639824,-148.5296065471805,-0.008036106998767528,96.9081915354518,2.1616131748387917e-09,7.346081155501197e-09
1.6e-07,92.04781590047334,0.3362431165157309,-149.5622862611807,-0.00763394450811115,91.91515234566381,0.3495178563971372,-149.85180144392845,-0.0076666189763245915,112.61925085153678,2.2441994588516374e-09,7.400461309554043e-09
1.625e-07,86.85299984666007,0.4126484822580982,-150.8108375570847,-0.007443313805975046,86.57613290516477,0.421993223607711,-151.10037321183142,-0.007353560180917022,123.2401764970081,2.3280338722234035e-09,7.510518361103856e-09
1.65e-07,76.13942638442275,0.49289061702801024,-152.14653833916924,-0.007300484069976808,76.2324015035937,0.48708208783394813,-152.28661056590008,-0.007098206508456938,128.2909268197295,2.4130468431817275e-09,7.685714693400093e-09
1.675e-07,62.40525628037915,0.5430807407652236,-153.38294650462564,-0.00623519249233016,61.78243479237069,0.5412014829191127,-153.42211041945095,-0.006900899998379,127.54321940719028,2.499140108326847e-09,7.928848642096607e-09
1.7000000000000001e-07,44.593494073302054,0.5835264657965638,-154.94545902236553,-0.006966901746730161,44.428401529189905,0.5816896039964435,-154.51864926829617,-0.006761150192480894,121.0308489316828,2.586192288773603e-09,8.234660775649765e-09
1.7250000000000002e-07,26.20665365803361,0.6072289952434944,-155.3358531915374,-0.006988727795080344,25.523683313381664,0.6069646765859389,-155.58805428436924,-0.006677765341872796,109.04815970807547,2.6740666846477527e-09,8.590090451657107e-09
1.75e-07,6.5166073107609375,0.6176635347811156,-156.55957811744005,-0.006955937415383966,6.409993812083245,0.6165520845766552,-156.6420752981094,-0.006648992842918312,92.13674200109139,2.7626203061311684e-09,8.976092692871455e-09
1.775e-07,-11.445439167255289,0.6036472989993117,-157.28385896846706,-0.007011083399895157,-11.730361037784835,0.6109864610613452,-157.69225883558795,-0.006672648159143703,71.06095337870605,2.8517130443897054e-09,9.370503546102287e-09
1.8e-07,-27.404952922053102,0.5914263011091461,-159.9438547993422,-0.006541519101223642,-27.98483585908084,0.5916145027937088,-158.7498253526095,-0.0067462149150734575,46.7733714907473,2.941215943765711e-09,9.751217450552353e-09
1.825e-07,-42.30410464172954,0.5553657919984828,-158.95936040589382,-0.006664353609094997,-41.768450500815426,0.5603383478348759,-159.82555077409774,-0.006866905188273098,20.37173972842902,3.0310177530032524e-09,1.0098964283617556e-08
1.85e-07,-53.63957287200406,0.5225789150565295,-159.61762200133896,-0.007349269142963958,-52.823473889028826,0.5193461059122485,-160.92965340330557,-0.007031677122799565,-6.950648277041277,3.121029266366183e-09,1.0399200155642758e-08
1.875e-07,-60.72200537846181,0.46923474237681606,-162.34618620579565,-0.007126240972871272,-61.165783920053705,0.47087452069650987,-162.07168721217263,-0.007237215380289983,-33.95888280910407,3.211185354193216e-09,1.064294339262907e-08
1.9e-07,-67.18350304323789,0.4168449096889861,-162.73235949872623,-0.006972187182663674,-66.9919980823343,0.4170392370285505,-163.26044246199857,-0.007479887128978604,-59.432253172776,3.301444957113442e-09,1.0826674302095045e-08
1.925e-07,-70.19635052753566,0.35875332993114684,-164.52015204444746,-0.00783015220849668,-70.56804423447092,0.3597526133709167,-164.50385453306725,-0.007755690965495669,-82.21942103813804,3.3917896131898922e-09,1.0951591278774868e-08
1.95e-07,-72.79044164253096,0.3103226913105211,-165.02225755723254,-0.007884530275691042,-72.12253716975273,0.3007303927328826,-165.808921763602,-0.008060217541849756,-101.29045831090447,3.482221252678079e-09,1.1022553343320207e-08
1.9750000000000001e-07,-71.93106324989515,0.24701552509416638,-167.43192688447485,-0.008328054541698299,-71.76669040300756,0.24157028818979906,-167.18163301316736,-0.008388638503135724,-115.78339753682891,3.572760005346363e-09,1.1046969358628386e-08
2e-07,-69.46561808265265,0.17441234949730314,-169.3502539366703,-0.00851425957486762,-69.4568516169992,0.18387102260478663,-168.62690557413444,-0.008735735042594032,-125.04319086767724,3.663442623711091e-09,1.1033773536573581e-08
2.025e-07,-65.30914539923278,0.1248055029676836,-170.2897782399652,-0.008546620119438832,-65.00715330247458,0.12935225617743212,-170.14853395793097,-0.009095969926736908,-128.65131673222703,3.754321863416974e-09,1.0992513561389035e-08
2.05e-07,-58.03011440869317,0.08022247860336633,-173.7526216294637,-0.00995765814740133,-58.14979820170888,0.07993562846099132,-171.74914998138047,-0.009463598599897217,-126.44469605818746,3.845466832818378e-09,1.0932514029431597e-08
2.075e-07,-49.28461351645953,0.04261731964541989,-172.8039861318963,-0.009601175153147646,-48.63098050946504,0.03775487268688637,-173.4301944734165,-0.009832807453170571,-118.52306307488678,3.936963993361267e-09,1.0862082645226763e-08
2.1e-07,-36.61276385093432,0.002288607640324128,-175.82707033043846,-0.010437599440089824,-36.32312521867185,0.005077212400491222,-175.19190081478854,-0.010197861917186751,-105.24445755323146,4.02891822662668e-09,1.0787792393807447e-08
2.125e-07,-20.896160105573113,-0.009530194785690553,-177.39698767861816,-0.010055948003154831,-21.33036058147223,-0.015863595141794296,-177.0332904140298,-0.010553244714554634,-87.20904222342536,4.121453236991252e-09,1.0713966910902699e-08
2.15e-07,-4.260639669028459,-0.023329501439193313,-177.80102833060516,-0.010791721632002888,-4.064634252283845,-0.023103496498208854,-178.95218011291902,-0.010893765831523168,-65.2319767863155,4.214974343974267e-09,1.064256629965153e-08
2.175e-07,15.321425331631117,-0.011527827341812319,-181.41933541191463,-0.011542068404937388,14.725414028787668,-0.015218802629493038,-180.9452014049313,-0.011214630346428552,-40.30657455127721,4.3094941799256974e-09,1.0573661245573232e-08
2.2e-07,34.19003792046472,0.014280483028724589,-181.89937264877682,-0.011949069849877371,33.982617254972325,0.008413473149580726,-183.00783124172565,-0.011511457385954526,-13.559406936702919,4.404927201979577e-09,1.0506561332543262e-08
2.2250000000000001e-07,51.95440897576331,0.05706619977327204,-185.03753719577168,-0.012335991038801694,52.426224346224664,0.0474123994495006,-185.1344340965358,-0.011780251907346342,13.800614992565773,4.501320171699829e-09,1.044144339014716e-08
2.2500000000000002e-07,69.43451358394366,0.10455102472774526,-186.46117630202565,-0.011837458856467932,68.68313990497477,0.10028750950649652,-187.31831485036864,-0.01201733922537583,40.53688055231785,4.599088453443055e-09,1.0381078509793227e-08
2.275e-07,82.31085201120867,0.15543673136983488,-189.98002397979928,-0.012704487749191067,81.44641713935536,0.16445751239926312,-189.5517819680978,-0.012219278746130938,65.44097142576292,4.6983775665498125e-09,1.0332090347083806e-08
2.3e-07,89.55651908349012,0.22933980085526084,-189.4415902590171,-0.012391825379994325,89.63660337741274,0.23640118397244345,-191.8262203377586,-0.01238277705729879,87.38727941952058,4.7993070220837395e-09,1.0305192509306236e-08
2.325e-07,92.4857357742329,0.31761340209312183,-194.30345772932776,-0.012653982736096733,92.54036435516454,0.3119275003438404,-194.13217305843577,-0.012504620682357507,105.38388139061061,4.901962027788472e-09,1.031408822357336e-08
2.35e-07,89.54296464085925,0.38000926842390004,-195.84362813339052,-0.012785795311472073,89.90406385792163,0.3865329667244462,-196.45943138088901,-0.012581645384926387,118.61737191361031,5.006387497481475e-09,1.0373117152158213e-08
2.375e-07,82.0176367582247,0.45848544668022,-197.7292837492904,-0.012548881492984063,81.96710498031737,0.4557999785735667,-198.79713193119892,-0.012610752494803189,126.48962735351473,5.1125850909388346e-09,1.0494165437586021e-08
2.4000000000000003e-07,69.45498113699716,0.5130896793172172,-200.3784221237859,-0.012461270902395514,69.42961549885655,0.5157833875471755,-201.1338602819009,-0.012588974436770026,128.64483969193108,5.220513624939368e-09,1.06836493022932e-08
2.425e-07,53.646589962749495,0.5745410119225641,-202.95877396171971,-0.012372313365879722,53.35977994258842,0.5633343922766204,-203.45775987790137,-0.012513582927928422,124.98559823922933,5.330092755885896e-09,1.0940416462196193e-08
2.45e-07,34.54024327774268,0.6065870707474712,-206.20632044232153,-0.012535130684235033,35.055914617686156,0.5963210928784245,-205.75664527643602,-0.01238222569589382,115.67729237587936,5.441209410995579e-09,1.1255160417831657e-08
2.475e-07,15.75512196251679,0.6186149304414887,-208.4850091206155,-0.012705042375945762,15.885543433786657,0.6137217561257919,-208.01811862187313,-0.0121930723898552,101.14063632909446,5.553726107197196e-09,1.161150039856769e-08
2.5e-07,-2.9530145010005655,0.6075908780088142,-210.6298033284831,-0.011698363547037124,-2.8729762824700664,0.6155871285702035,-210.22968824761836,-0.011944948508657096,82.03265384785625,5.667490098418676e-09,1.1988407890416931e-08
2.525e-07,-20.262754045833553,0.6087277930442253,-212.00289686456946,-0.011496042723358968,-20.161858988734856,0.602888492018311,-212.37888827899837,-0.011637437962919136,59.216982225697485,5.7823422624717404e-09,1.2363324958047438e-08
2.55e-07,-35.58616959530254,0.5842117629759556,-213.319466144077,-0.011311479527145367,-35.229227358203104,0.5772850787171223,-214.45339810294237,-0.011270939985021617,33.72483786180093,5.898124778547998e-09,1.2715219721354396e-08
2.575e-07,-48.22002144374534,0.5425705491140311,-217.41711771317267,-0.011092465164378243,-47.657815062030465,0.5408550856445241,-216.44116057261672,-0.010846673581141731,6.708407628140071,6.014686926630698e-09,1.3026960957722728e-08
2.6e-07,-57.18222068605442,0.4860231405135652,-218.17188911363056,-0.010444209329779032,-57.33668245667225,0.49583712117381756,-218.33049782786662,-0.010366631244476449,-20.61122735325226,6.1318887083065676e-09,1.3286681688541184e-08
2.6250000000000003e-07,-64.64232124282034,0.43179574335052373,-219.8270035281832,-0.009924349273365251,-64.38565042540097,0.4444231962765701,-220.11022363526143,-0.009833491700698525,-46.99928179623584,6.249602377659365e-09,1.348811745511668e-08
2.65e-07,-68.96298855900862,0.3929358255832474,-222.1008495889416,-0.009593628057974684,-69.05027137819256,0.38863153328176225,-221.76975118451733,-0.009250507610530685,-71.26307573351728,6.367712311984068e-09,1.3630142148087254e-08
2.675e-07,-71.74096157161871,0.32657373746509544,-222.42191892585305,-0.00813079490881788,-71.58989017774567,0.3302699668649074,-223.29919532077378,-0.008621387331959746,-92.30594093508108,6.486113885876618e-09,1.3715828977062844e-08
2.7e-07,-71.65990271322605,0.27254088958080697,-224.32965090492263,-0.007536523470647587,-72.18187945562353,0.2709818282326303,-224.68946824424634,-0.007950189506995248,-109.17678781474484,6.6047121002594695e-09,1.3751341831690103e-08
2.725e-07,-70.28692053432613,0.20924383159334206,-225.69968297445178,-0.007155998879467053,-70.86140016681256,0.21234943142760998,-225.93236776968726,-0.007241245480214493,-121.11309251353461,6.723420648805227e-09,1.374485926506379e-08
2.75e-07,-67.63455990132505,0.16531326588368567,-227.51736989590782,-0.006340687062302556,-67.50874475786094,0.1560187099514408,-227.0206573073063,-0.006499118089864228,-127.5753612416185,6.842161895817893e-09,1.3705609825779777e-08
2.775e-07,-61.791325813868156,0.11151857194601902,-228.6526200608044,-0.005428007576554427,-61.88681332713812,0.10380430833658541,-227.94813680370797,-0.005728597395537452,-128.27151416901438,6.960867935382572e-09,1.3643005171721554e-08
2.8e-07,-54.02491164895019,0.05904179447714693,-229.71915089431667,-0.004410058798787723,-53.721297267232245,0.05773829634826934,-228.7097039652911,-0.004934725889288508,-123.17008676875358,7.07948256256712e-09,1.3565827323677964e-08
2.825e-07,-42.76090759896219,0.02876273240308003,-229.64998333880808,-0.004445394191099795,-42.80752913251196,0.02003693595403403,-229.30140517666754,-0.004122839156236237,-112.5016519418447,7.197963681108221e-09,1.3481464331487647e-08
2.85e-07,-28.70621514981192,-0.01153561084671862,-229.04556284627864,-0.0030940088488902564,-29.122286295623816,-0.007023473644167949,-229.72047562217898,-0.00329860402399531,-96.74839864723181,7.316285459812902e-09,1.3395274115799439e-08
2.875e-07,-13.105075716660094,-0.010929546302724545,-229.30967793923827,-0.0025791943932288344,-12.917163945273998,-0.021311774125996264,-229.96536821865058,-0.0024680357070449733,-76.6223380589408,7.434556262840376e-09,1.3310245468111385e-08
2.9000000000000003e-07,5.59409799959472,-0.016234496235980774,-229.66449148546704,-0.0021049054262453027,5.227205447745407,-0.021100590776650035,-230.03577107121816,-0.0016374784398514844,-53.03312228247334,7.552905152086087e-09,1.3227161590356925e-08
2.925e-07,24.24239725319184,0.00011302081977545165,-229.2013360782244,-0.0010301933302366143,24.400261055663343,-0.005337735511224234,-229.9326132704562,-0.0008135400923542184,-27.046930151194548,7.67111328220133e-09,1.3145407364525483e-08
2.95e-07,43.503449108107716,0.02943144994591177,-229.39733564373995,-0.00020884226371270325,43.418841495137315,0.02611645389320575,-229.65805895715835,-2.979217883070628e-06,0.16172162893123002,7.78895391296081e-09,1.306438495749475e-08
2.975e-07,61.25002761417173,0.07407599896091491,-229.6420882367219,0.0007339184421804963,60.93724961135067,0.07233048884421776,-229.21548968999548,0.0007874485166288177,27.363063959718062,7.906634969004666e-09,1.2985256671372137e-08
3e-07,76.56858071848781,0.13869444714279144,-229.0532397401856,0.0016479208958682897,75.59496446780464,0.13125621431637197,-228.60947525991648,0.0015511700445065394,53.32765811344475,8.024273626043091e-09,1.2912513162385927e-08
3.025e-07,86.4274569820745,0.19159826453379153,-227.7544492035179,0.00199624605885887,86.17979295929803,0.19981412110076208,-227.84573320257402,0.0022819810906931155,76.88196356354597,8.14188366952158e-09,1.2854780182585225e-08
3.05e-07,92.22213930651822,0.2667940238580555,-224.9208677568661,0.003007044150407246,91.78091558855584,0.2741069276583674,-226.93107736528228,0.0029742172577179294,96.96137934390859,8.259456477962871e-09,1.28244032323206e-08
3.075e-07,91.95189381017293,0.3507068986481923,-225.7401436830138,0.0036979237640054705,91.90734576505858,0.3497384801931726,-225.8733559870833,0.003622890151595004,112.65836158812397,8.376954874647771e-09,1.2835681012242236e-08
3.1e-07,86.30867388774352,0.4150845745964433,-225.2875767845192,0.003919025841550603,86.5526326814353,0.4221980407770465,-224.68137984849693,0.004223773789541682,123.26344244549834,8.494309605081304e-09,1.2902055643555612e-08
3.125e-07,76.23841573844668,0.4830200109360901,-224.56540884967808,0.004505777163238601,76.19528451450665,0.4872594203718298,-223.36484114055145,0.004773434122855261,128.29729641223497,8.611418974332302e-09,1.3032949973455297e-08
3.15e-07,61.75205955842439,0.5373640868724915,-222.4325911064591,0.005045596897402397,61.73486929299904,0.5413420148677254,-221.93422378990374,0.005269203279040835,127.53240475263519,8.728151757676585e-09,1.323111603326961e-08
3.1750000000000003e-07,44.10418780020231,0.5866145716764015,-221.6198855341232,0.00607770039432003,44.37423750290405,0.5817870350438878,-220.40070605745655,0.0057091085530573136,121.00333882782466,8.844353058056589e-09,1.3491246108849298e-08
3.2e-07,25.499876408614842,0.6020008760558477,-218.85781842503846,0.005959117793020111,25.4669745662368,0.6070159976361782,-218.77605630113263,0.006091772795834017,109.0051975489602,8.959852396482068e-09,1.3800234553933297e-08
3.225e-07,6.719740996710056,0.6195808091986509,-216.3775823151574,0.006028772929419558,6.354527731505412,0.6165574644779745,-217.07252285869865,0.006416306518087884,92.08026957847294,9.074473049270486e-09,1.4138998973221975e-08
3.25e-07,-11.884639438414084,0.6089273218807448,-214.6635834658671,0.006668192054250199,-11.781453502169018,0.6109487941704966,-215.3027190631515,0.006682212131697417,70.99352311748183,9.188041531546964e-09,1.4485347931483537e-08
3.275e-07,-28.060914723610146,0.5962246550547393,-212.38841746729673,0.007096626160261223,-28.029333247650236,0.5915387173327252,-213.47950445065933,0.006889317304896625,46.69803108516665,9.300396184894323e-09,1.4817158416999065e-08
3.3e-07,-41.87795358058542,0.5594716664035794,-211.490505989569,0.006813556331458074,-41.80512555418235,0.5602306065475982,-211.61586325894936,0.0070377480552203595,20.291894393250416,9.411394043806898e-09,1.5115151137721987e-08
3.325e-07,-52.52656308577017,0.5118641736763094,-210.02308011555976,0.007244561404830434,-52.85200889296771,0.5192130382150353,-209.72478134200566,0.007127944101863074,-7.0313897144987045,9.520915488954956e-09,1.5364778583072663e-08
3.35e-07,-61.27830066607365,0.47216053219845167,-207.3208775253718,0.007235221831996097,-61.18654555831957,0.47072260849089087,-207.8191226447079,0.007160710608409702,-34.03687101974065,9.628866584053361e-09,1.555705823202003e-08
3.375e-07,-66.9265802713021,0.4167356335428408,-205.11671136869924,0.006901742818567098,-67.00572478493993,0.4168744381614034,-205.91150638844084,0.0071372932727886765,-59.5039632670727,9.735179367744411e-09,1.5688470205366052e-08
3.4000000000000003e-07,-70.06045623276215,0.36215649983003106,-205.46645761424094,0.007113487763756693,-70.57551307602164,0.35958025469933996,-204.01418611564748,0.007059459043512347,-82.28161188313886,9.839810666749321e-09,1.5760212223501447e-08
3.425e-07,-72.39805648733613,0.2901245315388686,-201.7441663311525,0.0066862945274819416,-72.1242789487674,0.30055530860796764,-202.1389317278014,0.006929563385726313,-101.34031902204222,9.942740161685672e-09,1.5777141887622003e-08
3.4500000000000003e-07,-71.48737984199151,0.2437361779626286,-200.50740460969942,0.007072513659230919,-71.76281043102185,0.241397130310718,-200.2969156274403,0.006750587212762667,-115.81867452350798,1.0043968446934263e-08,1.5746666214462232e-08
3.475e-07,-69.27273842664249,0.1740884635057782,-198.81191109420996,0.006231690734725482,-69.44699206265014,0.18370463279594684,-198.49860404093494,0.00652613192430768,-125.06228969043602,1.0143515684158227e-08,1.5677717663796317e-08
3.5e-07,-65.66628553047585,0.131348843159414,-195.59209450889227,0.006469821629491968,-64.9906046726375,0.12919798102570698,-196.75365455485138,0.006260368472169485,-128.65337416777058,1.0241421186929412e-08,1.557984270643627e-08
3.525e-07,-58.20134531076279,0.08942346307186855,-192.48619835888425,0.006562086484360823,-58.12573788487766,0.07979946623422986,-195.0708208454837,0.005957944642145342,-126.42961911511466,1.0337743944927818e-08,1.5462365540928287e-08
3.55e-07,-48.64181976335871,0.029799252505556154,-193.39451969254733,0.0058651782725551785,-48.5987906925925,0.03764337643682485,-193.45786551884748,0.005623862286807454,-118.49153319668994,1.0432563766136671e-08,1.533359451146695e-08
3.575e-07,-36.10356353452364,0.013695002155913849,-192.32862333046583,0.005520252313248797,-36.28272562721542,0.0049971224897152255,-191.92148190768128,0.005263341689639992,-105.1978998186017,1.0525982450336032e-08,1.520010470334862e-08
3.6e-07,-21.27964768387289,-0.006954726467933551,-189.33525758394563,0.004161882723469562,-21.282486518234634,-0.015905959736919578,-190.46722559342228,0.004881692583897362,-87.1495609359422,1.0618124261063068e-08,1.5066224206923673e-08
3.625e-07,-4.1730544958371665,-0.02546386100240181,-188.1766643888394,0.00484760377916794,-4.010998317958528,-0.023103006248930857,-189.09945633539706,0.004484210146121563,-65.1622603647164,1.0709399453605263e-08,1.493392141170979e-08
3.65e-07,14.48832801837761,-0.019380712724476497,-188.78741763569568,0.004110691695506845,14.782118690512396,-0.015172323927304023,-187.8212909973557,0.0040761097292036155,-40.22977401905321,1.0799827138702347e-08,1.4803280994519127e-08
3.6750000000000003e-07,33.49552742939201,0.015012470062884663,-186.36320683360978,0.0040411701744214774,34.038886750588354,0.00850637227372356,-186.6345679637923,0.0036625069938064124,-13.478993503013111,1.0889333239489294e-08,1.4673633978193787e-08
3.7e-07,51.9264357317992,0.048691359502737785,-185.4051475624872,0.0036260472883820226,52.47807059731628,0.04754897708577769,-185.5398234361039,0.0032484417027016177,13.8810068236446,1.0977981112740024e-08,1.4545186955010395e-08
3.7250000000000003e-07,69.15872107830481,0.09281178664818003,-183.04658088659406,0.0027170627038013064,68.72652916000503,0.10046171337279505,-184.53627989244893,0.0028389352604706593,40.61361725309772,1.1066203828768597e-08,1.4420748447313725e-08
3.75e-07,81.66012228256992,0.16593610705893166,-182.65931642600344,0.002576636036914491,81.47775444917048,0.16466023181273917,-183.62184688612857,0.002439065581442233,65.51058467212067,1.115416866107068e-08,1.4306984763532886e-08
3.775e-07,90.32979805540572,0.23758425956752052,-183.39441949560197,0.0022677305743231038,89.65318712692012,0.2366208827545345,-182.79313424638278,0.0020540392282670625,87.44662285125077,1.1242019968110618e-08,1.4214653522964662e-08
3.8e-07,92.64908264177159,0.30665686820579485,-183.06877355699672,0.0018185208851279108,92.54073810434463,0.3121511625275717,-182.0454776336824,0.0016892406540678394,105.43027281974251,1.1329870687229123e-08,1.4157499037442306e-08
3.825e-07,89.31616919232353,0.3904175918934227,-181.654627743787,0.0013482588548731538,89.88820852522583,0.38674723647770626,-181.37297628987858,0.0013502418490314197,118.6487145531939,1.1417796104267242e-08,1.4149895728763132e-08
3.85e-07,82.25909252628831,0.4614189289369823,-180.0764248750749,0.001154434631517154,81.9364400963791,0.4559923442134265,-180.76854271296438,0.001042762149503248,126.50450458761766,1.1505830626292405e-08,1.4203756814877614e-08
3.875e-07,69.40956582082737,0.523108243961275,-181.06395329947773,0.0010711555052147108,69.38680940391103,0.5159432523920544,-180.22396387768447,0.0007725762941034062,128.6425791034519,1.1593967899499745e-08,1.432551911520492e-08
3.9e-07,52.91957042046087,0.573334010485822,-179.4772158176361,0.0006994529351751415,53.308399964691894,0.5634538936054531,-179.72997351777667,0.0005453775546756815,124.96630200161918,1.1682164174363247e-08,1.4514047900799696e-08
3.925e-07,34.760879588781314,0.5935338677004269,-179.82270165075826,0.00038948362267361177,34.9999740153141,0.5963955712049978,-179.27633488419198,0.00036661040277740926,115.64183263513452,1.1770344397122938e-08,1.4760055767223694e-08
3.9500000000000003e-07,16.109542310229287,0.6224820529089455,-178.0276935291328,5.947940332526547e-05,15.829017742641573,0.6137498332192366,-178.85193329712354,0.00024129236414652066,101.0906157847449,1.1858410169433583e-08,1.5047186872210236e-08
3.975e-07,-2.792480797079318,0.619880893618169,-177.6027633686944,0.00022444672964248898,-2.9265876094921106,0.6155704143932776,-178.44487771895677,0.00017384656611441393,81.97033331459366,1.194624852023256e-08,1.5354446211173062e-08
4e-07,-19.732440004556082,0.5931197020890133,-177.77035413900828,0.00017568286365871833,-20.209859597898706,0.6028309973481513,-178.04261049114558,0.00016796468999365997,59.145178449704105,1.2033740405104739e-08,1.5659318478030773e-08
4.025e-07,-35.46189133193886,0.5759227987029921,-177.93164651031344,0.0006334403186926868,-35.26989470579334,0.577192451982667,-177.63202430129076,0.00022651494087932438,33.64679621023132,1.2120767988845516e-08,1.594082195521945e-08
4.05e-07,-47.97604753992537,0.5422765920225949,-175.2095711976961,0.0004012742087243435,-47.69039837357604,0.5407338124845554,-177.19958537803691,0.00035150216348627986,6.627655405922607,1.2207220047665967e-08,1.6181880091721248e-08
4.075e-07,-57.32175816993952,0.4847205836442965,-176.52032748580152,0.000595906687937546,-57.361242308015356,0.4956938203375224,-176.73146185144827,0.0005440787049309433,-20.69104032957176,1.2292995195895435e-08,1.6370681583688646e-08
4.1e-07,-64.15114481960218,0.43426913042512655,-176.10662920115402,0.00044592321736661736,-64.40278193625046,0.4442641171492134,-176.21365616581014,0.0008045965720220207,-47.074548161884984,1.237800303121735e-08,1.6501015523625757e-08
4.125e-07,-69.56451768111928,0.3875859141030019,-176.99358002245356,0.0008335730005463887,-69.06077251841411,0.3884623140895375,-175.63214039081439,0.0011326852765701583,-71.3303936201737,1.2462163633278174e-08,1.6571805000808793e-08
4.15e-07,-72.10210772739687,0.3299959875342777,-175.52477545342697,0.0009419677486872458,-71.59444465981397,0.3300956572191682,-174.97299324619522,0.0015273365845989298,-92.3622677275705,1.2545406083882223e-08,1.658616684910518e-08
4.175e-07,-72.28502637971646,0.263465994270854,-173.24208461501078,0.002372223268007511,-72.18081878133435,0.2708071254135245,-174.2225376343841,0.001986977721749841,-109.21957767031981,1.262766676443039e-08,1.6550302582932805e-08
4.2e-07,-70.99752351140724,0.20416633950853486,-174.13604077048439,0.0024189858827483894,-70.85459259317075,0.2121790366965671,-173.36747746585678,0.002509518340766959,-121.14041142816849,1.2708888116572165e-08,1.6472422392333117e-08
4.2250000000000003e-07,-67.660787011277,0.16392090521826064,-172.02588125005875,0.002904207792556774,-67.49563336956115,0.15585768714847514,-172.39503256264936,0.003092363014984287,-127.5859744625832,1.2789018343100721e-08,1.636178058749617e-08
4.25e-07,-62.192653785273,0.10697252181817836,-170.25059806180613,0.0033787319934090415,-61.86659575381918,0.10365832647454747,-171.29307043705435,0.0037323889847648067,-128.26494200289187,1.2868012221456212e-08,1.622780873935071e-08
4.275e-07,-53.72243896449378,0.060027802255565206,-170.22265578395434,0.004662458616682804,-53.69321129790551,0.05761366096530338,-170.0502337646665,0.004425896881775332,-123.14662626248567,1.294583286291824e-08,1.6079302892502296e-08
4.3e-07,-42.0081860025617,0.018215002166037192,-169.51497614219198,0.005476862657482295,-42.77118674737396,0.019940356403007908,-168.65606240359003,0.005168548712908434,-112.46236345688835,1.3022453944122434e-08,1.5923659324169466e-08
4.325e-07,-29.40150589470318,-0.00774004598333067,-165.72646651858608,0.006041289049786545,-29.077987468141945,-0.007085379797160065,-167.10110885444038,0.005955311285561144,-96.69505793363527,1.3097861725368466e-08,1.5766238898211495e-08
4.35e-07,-12.676474425826166,-0.02270210579837175,-164.68796649844796,0.006735332473401506,-12.866123074710007,-0.021333182811103576,-165.3770461084461,0.006780423762025663,-76.55735599548576,1.3172173912600316e-08,1.5610029211873094e-08
4.375e-07,5.326279737954095,-0.02837990896077229,-165.18177207131757,0.008454007583819085,5.282773605471661,-0.021077275556149258,-163.47676689301582,0.0076374050188011714,-52.9594359104443,1.3245522341859878e-08,1.5455809893633138e-08
4.4e-07,23.986417879666757,-0.00288781040920655,-161.7295456672956,0.008582103584992872,24.4572250137616,-0.005267841111679523,-161.39447339506006,0.008519110469119278,-26.967869926800308,1.3317688733488019e-08,1.5302961881154226e-08
4.425e-07,43.770265479849606,0.03227470669165158,-158.8095056843375,0.009032304471396444,43.47340538376503,0.026231807736374162,-159.12575662154165,0.009417840042981775,0.24258236359064805,1.3388443146853253e-08,1.5150884626158082e-08
4.4500000000000003e-07,61.182658294296836,0.07982697734947314,-155.2781692200252,0.010155293109496935,60.98534303453832,0.07248689346943764,-156.66766464348052,0.010325490525522245,27.442070483581137,1.3457988555429097e-08,1.50007393936037e-08
4.475e-07,75.15325013503848,0.12909611230339807,-153.1309473617567,0.011537173409152175,75.63271322951653,0.13144602749269815,-154.0187590632238,0.011233737954213063,53.401239511553584,1.3526430501352197e-08,1.4857016276208706e-08
4.5000000000000003e-07,86.20894312432264,0.19935438285332097,-152.56402560471335,0.011935567083074874,86.20399812627363,0.2000269148794139,-151.1791591443859,0.012134230625616702,76.94679412427382,1.3593768908812668e-08,1.4728338119152748e-08
4.525e-07,91.81197971917938,0.2682805815271635,-148.83076094624786,0.013189094135710388,91.78946490547227,0.2743302901661833,-148.15057314861306,0.013018771410592449,97.01452887354851,1.3659978142916522e-08,1.4627041444701778e-08
4.55e-07,92.25940794681169,0.3489633793131206,-143.81840733533355,0.013363809274641378,91.89949113152866,0.3499590760571698,-144.93631653231273,0.013879469891171383,112.6974278489736,1.3725001150004622e-08,1.4567406467249398e-08
4.575e-07,86.48739855532342,0.42381941695080355,-139.89254345732394,0.014773573305966438,86.52908861595606,0.42240279297807587,-141.54131676876892,0.014708850033651705,123.28665973153379,1.3788746270549997e-08,1.4562845458536837e-08
4.6e-07,76.37081940313811,0.49041272722492324,-139.5910065632528,0.015234953482765934,76.15813159868304,0.4874366565927105,-137.97210467565748,0.015499906819828935,128.30361535499964,1.3851087255572365e-08,1.4622740659612595e-08
4.625e-07,61.606857474898995,0.5409812499293528,-133.90474108125696,0.01609748569838968,61.687278446697974,0.5414824272653745,-134.2367922438761,0.016246114140744516,127.52153975030637,1.3911866596258374e-08,1.474979590472312e-08
4.65e-07,43.797686238485824,0.5824586335060498,-129.67834758437508,0.01637744619502593,44.320060028732875,0.5818843328091984,-130.3450370798153,0.016941394763281856,120.975780953765,1.3970901836196363e-08,1.4938652664450337e-08
4.675e-07,26.075572664440767,0.6101709418133092,-126.65757769900272,0.01749260045269493,25.41026415326542,0.6070671814017667,-126.30799368867437,0.017580069802661337,108.96219235631901,1.4027994148108591e-08,1.5176157308390075e-08
4.7e-07,5.961080660702152,0.6188636966709982,-123.86572953710977,0.018155334581531905,6.299070348802319,0.6165627119447901,-122.13825194019495,0.0181568086660465,92.0237608040225,1.4082938184784338e-08,1.5443186797533666e-08
4.7250000000000003e-07,-11.569059021991512,0.606241722341798,-118.23534513336446,0.018623200319516187,-11.832529293618071,0.6109110067986577,-117.8497631692104,0.01866660016496789,70.9260648291396,1.4135532099600587e-08,1.5717518957272976e-08
4.75e-07,-27.848262191120494,0.5992816205021023,-113.28181861154246,0.01900961323992721,-28.073808882491896,0.5914628281775959,-113.45775447075366,0.019104761326248807,46.622672243942034,1.4185586690681342e-08,1.5977010262809003e-08
4.775e-07,-41.900790616017,0.5508397180819502,-109.69016239522215,0.019567442789038304,-41.84177665946168,0.560122780807387,-108.97863185215064,0.019466992877393063,20.21204104715372,1.4232932839651764e-08,1.6202369626752405e-08
4.800000000000001e-07,-52.28046907080285,0.5227221898097527,-106.26824978401866,0.019406040116755854,-52.88052016240632,0.519079905669713,-104.4298730016855,0.019749480485070005,-7.1121283760757406,1.4277426749318834e-08,1.6379043983097578e-08
4.825e-07,-61.04328498176614,0.4667961339728959,-96.94274312010198,0.019783518238196438,-61.20728525935637,0.4705706499158312,-99.82991052417331,0.019949029998614833,-34.114845793159155,1.431895287325976e-08,1.6498048988403483e-08
4.85e-07,-66.74489136655728,0.4330484055514994,-94.14987559522918,0.019679653929368653,-67.01943194410376,0.4167096095637595,-95.198006577331,0.020063214799528245,-59.57564987014786,1.4357424804614259e-08,1.6555864838385832e-08
4.875e-07,-71.15371367663906,0.36182810957358386,-91.26665221863776,0.01958739261731483,-70.58296442090712,0.35940788116963107,-90.55411991846515,0.020090505515211913,-82.34377024466204,1.4392784685787526e-08,1.6553690362950363e-08
4.9e-07,-72.12814894316953,0.30443166806843924,-85.29595193327613,0.019504158486475385,-72.12600422296083,0.3003802234397186,-85.91876643801454,0.02003034835870374,-101.39013972562638,1.4425001865409705e-08,1.649638533973202e-08
4.925e-07,-71.61063249805225,0.24654888649194134,-81.07446885945974,0.019638954307881748,-71.75891356080702,0.2412239852114673,-81.31287431431775,0.019883159559993927,-115.85390578680877,1.4454071538392084e-08,1.639136063921151e-08
4.95e-07,-69.15189657316225,0.17878370312261233,-76.98975176008567,0.019868276785459535,-69.43711394465686,0.18353827067096115,-76.75763497210299,0.019650210813841083,-125.08133914058347,1.4480013962747111e-08,1.6247555065060268e-08
4.975e-07,-64.77195053919033,0.13209235516393109,-72.15846950327168,0.019981711914499007,-64.97403507635994,0.12904375026988596,-72.27435106518757,0.019333394908582196,-128.65538081299954,1.4502874584474391e-08,1.60745246570713e-08
5e-07,-58.31921204888876,0.08373704246129934,-67.6289708734652,0.01884368355931497,-58.10165431116457,0.07966336702201167,-67.88428273140326,0.018934881289207575,-126.41449225963066,1.4522725072836221e-08,1.5881606971518785e-08
5.025000000000001e-07,-48.14152761272083,0.03706086525406586,-63.83290775102141,0.01870193238116329,-48.56657643471195,0.03753196303937092,-63.60849338456239,0.018456696267850032,-118.4599565399118,1.453966493855939e-08,1.567712800207818e-08
5.05e-07,-36.17111712240383,-0.0005132162599573694,-60.9050250899604,0.01805930465721488,-36.24230245104223,0.0049171350196188,-59.46769631421799,0.01790028787210739,-105.15130055350713,1.4553823142863471e-08,1.5467685471541315e-08
5.075e-07,-21.61150197460697,-0.006153777024819037,-54.802374616497204,0.01699712524045528,-21.234592441603404,-0.015948204636191017,-55.4821033589683,0.017266154773129296,-87.09004524319292,1.4565358959738486e-08,1.525763625175602e-08
5.1e-07,-3.7190169439751823,-0.029767904342498114,-53.43232280891248,0.01571465065194952,-3.9573489137320834,-0.02310238376969056,-51.67127690317278,0.016553625149032806,-65.09251821808967,1.4574726547497694e-08,1.504898538295628e-08
5.125e-07,14.676814985830719,-0.01932267689496382,-48.69584420015444,0.01558001346682338,14.838827553256388,-0.015125707480130823,-48.053986420291544,0.015760858707710206,-40.15295760475198,1.4581995279934744e-08,1.4841864164643941e-08
5.15e-07,34.23261655851622,0.01217195701582683,-44.44743823037507,0.015373778995140188,34.09514920124762,0.008599405844296944,-44.6480707488791,0.01488511163351948,-13.398574748029679,1.4587151421118836e-08,1.463566216477178e-08
5.175e-07,52.22128677463993,0.040211380107062614,-39.28368414990593,0.013844756238531616,52.52989773749709,0.047685676122720295,-41.47030723986558,0.013923254776908605,13.961393174721763,1.4590329149941128e-08,1.4430657501951429e-08
5.2e-07,69.08666997758223,0.09982907612141804,-37.97655079383672,0.012834276738052956,68.76988781585744,0.10063601600974587,-38.536288856554016,0.012872481525692767,40.69033792026427,1.4592039048712987e-08,1.4229742706435518e-08
5.225e-07,81.67884828376228,0.15714969538977278,-36.544091769278936,0.011304381990340657,81.50905167191858,0.16486301911108878,-35.860310242251884,0.011731098575366956,65.58017205593667,1.4592535744572043e-08,1.4039678257687851e-08
5.250000000000001e-07,89.96976217545584,0.23540434650515654,-33.171490254466974,0.010463418494852295,89.6697245237747,0.2368406126592826,-33.45526369520164,0.010499273315155582,87.50593176043981,1.4592060011596679e-08,1.3871322345931989e-08
5.275e-07,92.51167877838238,0.3121831933408393,-32.03734073514388,0.00941523675449885,92.54106328175651,0.31237481634216263,-31.332545907146013,0.009179621389910382,105.47662262667266,1.4590830198567123e-08,1.3738522037527627e-08
5.3e-07,90.23187426165985,0.37982232516830683,-28.147413033411492,0.00853108467912136,89.87230674057854,0.3869614591471466,-29.501976231170882,0.007777553042901557,118.68001035214435,1.4589035868287608e-08,1.3655753333453403e-08
5.325e-07,82.06516427154307,0.4599268159944799,-27.85632916443826,0.0064209007853213915,81.90573493242557,0.4561846282321653,-27.971727147207847,0.006301345245909056,126.51933187974565,1.4586834374590737e-08,1.3635028501100961e-08
5.35e-07,70.00005476044736,0.5109085411642762,-26.055865444164635,0.004389629823339691,69.34397243402302,0.516103008101046,-26.74826749058663,0.004761954060594111,128.64026772891975,1.4584350718100996e-08,1.368288205116294e-08
5.375e-07,53.46863256902143,0.551202262984837,-26.030836788730557,0.003519198867946243,53.25700053245526,0.5635732672380722,-25.83631890120779,0.003172616843621557,124.94695642929186,1.4581680582309813e-08,1.379827894761789e-08
5.4e-07,35.28763900282526,0.605614357462293,-25.484824539330816,0.0016402122168255678,34.94402597519782,0.5964699130378004,-25.23882583919074,0.001548311662349988,115.60632724082596,1.4578896029211512e-08,1.3972037939830738e-08
5.425e-07,15.590512035281437,0.6216520097813697,-25.239461955599932,-0.0004555200376483308,15.772495830502299,0.6137777744378043,-24.95693939821291,-9.48573745247124e-05,101.0405553314212,1.4576052997353501e-08,1.418791992417698e-08
5.45e-07,-3.2561065976300974,0.6206458006699067,-24.951825431126522,-0.0021079167716967525,-2.9801858972250947,0.6155535730244994,-24.990015031192947,-0.0017402903042119916,81.90798042074302,1.4573199548366276e-08,1.4425059751284631e-08
5.475e-07,-20.284320983271844,0.5911753545201865,-25.16363673114277,-0.003521125537705623,-20.257840612974256,0.6027733901728233,-25.335624185490033,-0.0033714938788081167,59.07335132413015,1.4570383780268704e-08,1.4661085364964648e-08
5.5e-07,-35.85931611337944,0.5846224738474005,-24.82886371947367,-0.004922683133488395,-35.31053885845011,0.5770997310560593,-25.989579727423944,-0.004972628689067194,33.56874127544031,1.4567660467213622e-08,1.4875169802251444e-08
5.525e-07,-47.59981557532559,0.5374851600640242,-26.0090793713384,-0.0066343222584964185,-47.722957588551665,0.540612464791333,-26.945974919675628,-0.006528984541600016,6.546900567211752,1.4565095766880223e-08,1.5050399402672608e-08
5.55e-07,-57.60068140639156,0.4986370554870744,-28.03780584768668,-0.007731664864666344,-57.38577918852492,0.4955504641519348,-28.197235601022403,-0.00802737389824337,-20.770845137395767,1.4562769705720239e-08,1.5175129998166035e-08
5.575000000000001e-07,-64.87080381684267,0.44302945857347426,-28.918888464881135,-0.009400506212678638,-64.4198926981977,0.44410500026931693,-29.734185106882848,-0.009456434245458617,-47.14979594324888,1.4560776541796636e-08,1.524331851063038e-08
5.6e-07,-69.64938091040587,0.39437479801123737,-31.743698044761985,-0.010547028857566238,-69.07125523677266,0.38829307284471026,-31.546121362255523,-0.010806828431495868,-71.39768334671997,1.4559223445879483e-08,1.525405385846496e-08
5.625e-07,-71.40747496349745,0.32916958865874196,-34.57098124216655,-0.011852585706150222,-71.59898230517359,0.3299213397441314,-33.62090547676423,-0.012071330729577133,-92.4185580568997,1.4558228174772563e-08,1.5210614978189877e-08
5.65e-07,-72.13627247865115,0.2678645355045681,-34.98367234323109,-0.013119422306626001,-72.17974158158394,0.27063242844084423,-35.945061075541766,-0.013244789314727732,-109.26232440773497,1.4557916498109747e-08,1.5119360792702745e-08
5.675e-07,-70.95356266663093,0.20876305028399902,-39.56975957090999,-0.01491961536305075,-70.84776742069683,0.21200866205501592,-38.503883510438705,-0.014323965312960107,-121.16768251848627,1.4558420069959285e-08,1.4988653639343736e-08
5.7e-07,-67.32608095723998,0.16136339283474893,-39.51508274048991,-0.015180606393184741,-67.48250225731701,0.15569670018604323,-41.281558014289025,-0.015307264122869747,-127.59653731462582,1.4559875227470825e-08,1.4827894215081046e-08
5.725e-07,-61.36460109509408,0.10838575696535267,-43.67717420123946,-0.016389506995384034,-61.84635599029358,0.10351239815268291,-44.26128578741436,-0.01619439251619758,-128.25831919980146,1.4562422894084232e-08,1.4646654102467828e-08
5.75e-07,-53.81403888025384,0.05597697360378909,-45.308519971372796,-0.01664171924302552,-53.66510127730045,0.057489098485430004,-47.42541694083229,-0.016985989039755983,-123.12311713988012,1.4566209425631488e-08,1.4453862274703678e-08
5.775e-07,-42.406424788561765,0.028770583035595702,-50.46496879904637,-0.01745953648122831,-42.73482004516071,0.01984386969093824,-50.75558916530078,-0.01768327967517758,-112.42303057357199,1.457138793146047e-08,1.4257040258370001e-08
5.800000000000001e-07,-29.25758132166855,-0.010506424449007852,-53.696134025376026,-0.018141277693190065,-29.033666480203266,-0.007147174409998592,-54.23287094986183,-0.018287802823513576,-96.6416790463606,1.457811939089624e-08,1.4061666292771057e-08
5.825e-07,-12.57827734198258,-0.0217329726732162,-58.69105455430392,-0.018806647988451768,-12.815065103832172,-0.021354464770632124,-57.83790813831312,-0.01880122929874536,-76.49234370839828,1.4586691655694606e-08,1.387083790202984e-08
5.85e-07,5.990770643612818,-0.021238681939859304,-63.024364963886214,-0.020092877721732686,5.3383508899331495,-0.021053824335271313,-61.55107258735029,-0.01922527989622345,-52.88572863086868,1.4597397511076853e-08,1.3685438218778954e-08
5.875e-07,24.495142037683546,-0.006709259138201269,-65.8308969616392,-0.019708484225251142,24.51418771596785,-0.00519780944253201,-65.35261167615741,-0.019561722471464517,-26.888799055919893,1.4610173956357578e-08,1.3504946530352375e-08
5.9e-07,43.65275344036134,0.02331683518689131,-69.5293397561473,-0.01986048694331194,43.527956194976085,0.02634729071198011,-69.22279741412217,-0.01981241806387306,0.32344300248193353,1.4624938263453604e-08,1.3328856339883132e-08
5.925e-07,61.093734548096684,0.07606702842903539,-72.7744433890118,-0.020225085384572482,61.033411422413884,0.07264340928029515,-73.14207390109706,-0.01997938371774162,27.521066173748487,1.4642033721834827e-08,1.3158418371661315e-08
5.95e-07,75.56779105905784,0.13217954208874738,-76.92359953231596,-0.020704968310485333,75.67042630037385,0.13163592484859102,-77.09120191314334,-0.02006484685104947,53.47479982769836,1.4661693504609637e-08,1.2998205645784188e-08
5.975e-07,86.7337097588231,0.19933812480148735,-80.85637319859947,-0.019929735429336643,86.22815959853043,0.20023975865320026,-81.05139941582293,-0.020071278327339744,77.01159430762522,1.4684036096125462e-08,1.2856913864252574e-08
6e-07,91.61272886312157,0.26889963466042077,-83.04329931801942,-0.019933411261400826,91.79796621932482,0.27455366411474247,-85.00447684653045,-0.020001404115275935,97.06764010338854,1.4709143584571671e-08,1.2746937906730133e-08
6.025000000000001e-07,91.71218856302796,0.34802790665509514,-89.32181117073632,-0.019597686447271615,91.89158845136292,0.350179643820682,-88.9329660567722,-0.01985820478639405,112.7364496186642,1.473705526462318e-08,1.2682597734020092e-08
6.05e-07,86.57880279332277,0.4241512543038649,-92.9449470756838,-0.019118584652818137,86.50550072703626,0.4226074800622114,-92.82024186421262,-0.019644916096452688,123.30982834594832,1.476776397793325e-08,1.2677324254341588e-08
6.075e-07,76.00911551711938,0.4817571406001216,-96.92401710753775,-0.019334866954896644,76.12094278401798,0.48761379637835595,-96.6506352322137,-0.019365042408036468,128.309883645529,1.480121572454153e-08,1.2740497231426065e-08
6.1e-07,62.470187953788304,0.5467446101102096,-99.19332290446275,-0.01910598326842073,61.6396622873349,0.5416227200307207,-100.40953717086174,-0.019022389095812695,127.51062440449326,1.4837312656361175e-08,1.287479949927594e-08
6.125000000000001e-07,44.239271793662354,0.5843967938733781,-104.97397256067497,-0.01929621573996625,44.265869142296786,0.5819814972499533,-104.08349253744318,-0.018621112480340936,120.94817532038242,1.4875919123168888e-08,1.3074837440841701e-08
6.15e-07,25.487132277799805,0.6109527413984791,-107.5001419560319,-0.01793144141439181,25.35355210769992,0.6071182278767594,-107.66028300523315,-0.01816577853973176,108.91914414712966,1.4916870053722283e-08,1.3327413203655872e-08
6.175e-07,6.5437601931320355,0.623716587914674,-111.9239069553869,-0.017692310691516843,6.243621691383078,0.6165678270014889,-111.12899856649267,-0.017661416536584415,91.96721570004802,1.4959980682322434e-08,1.3613354450548153e-08
6.2e-07,-12.340012582774275,0.6159616124273487,-113.01546449138817,-0.0172607758095016,-11.883588392766166,0.6108730989919148,-114.48009703786128,-0.017113551940151215,70.8585785403102,1.5005056516774565e-08,1.3910386796481332e-08
6.225e-07,-28.277508633233914,0.5925899724932451,-117.69842930657518,-0.017306343399617872,-28.118262753014946,0.5913868353864896,-117.70545114299453,-0.016528204945300322,46.54729499682649,1.5051902502312154e-08,1.4196311572448399e-08
6.25e-07,-41.7491277152848,0.559893633452073,-120.3614308598497,-0.016106628171390195,-41.87840381407928,0.56001487067539,-120.79838285735413,-0.015911846010365452,20.13217972166241,1.5100330552817296e-08,1.4451777822563961e-08
6.275e-07,-52.877702158109855,0.5233201427279608,-123.21844579203223,-0.015401363449881559,-52.909007700782205,0.5189467083330929,-123.75368481256058,-0.015271307040838787,-7.192864229896217,1.5150164953756256e-08,1.4662165193367685e-08
6.3e-07,-60.9891484194502,0.47224657551092863,-125.38216109544975,-0.014680423398768658,-61.22800302984341,0.4704186450190758,-126.56762867166132,-0.014613654645081922,-34.192807098576814,1.5201245529419895e-08,1.4818411978471574e-08
6.325e-07,-66.89968436328358,0.410350210295938,-129.03017445756774,-0.013787473139377733,-67.03311956679651,0.41654475127245916,-129.2379605010406,-0.013946038717067125,-59.64731295369915,1.5253428840703072e-08,1.49169090180383e-08
6.350000000000001e-07,-70.82504952545577,0.36219591851755933,-132.81418922705282,-0.013251799429915959,-70.59039827387042,0.3592354928085027,-131.76388327850057,-0.013275534114174021,-82.40589609816952,1.5306587973240122e-08,1.4958752918275967e-08
6.375e-07,-71.91651158862463,0.3097713858889443,-134.01488221407482,-0.01300669520420984,-72.12771299326519,0.300205137247435,-134.14602678926693,-0.012608994510794091,-101.43992040198992,1.5360611639432808e-08,1.4948688453335713e-08
6.4e-07,-71.01887560892476,0.246378702852297,-136.15723665915547,-0.011918075359456277,-71.75499978915498,0.2410508529076092,-136.38640527133114,-0.011952935349674672,-115.88909131282152,1.5415403326475008e-08,1.4893999446022115e-08
6.425e-07,-69.35984235016687,0.1840814860664005,-137.55512549942497,-0.01140318004528065,-69.42721725666114,0.1833719362452716,-138.4883632776728,-0.011313457563974895,-125.100339210599,1.547088107946202e-08,1.4803486615765348e-08
6.45e-07,-64.8206402167004,0.1362202058534132,-141.07225454573873,-0.010300737836974987,-64.95744450624781,0.1288895639280008,-140.45651032458022,-0.010696216360481535,-128.65733666712163,1.5526978245626972e-08,1.4686557881158125e-08
6.475e-07,-58.421874204737406,0.0672382977055779,-142.84792128549321,-0.009992582256624442,-58.07754747495426,0.07952733084620846,-142.29664499160828,-0.010106431190802108,-126.3993154977069,1.5583645176306052e-08,1.4552393538569298e-08
6.5e-07,-48.45449285113409,0.03397722820420819,-145.37012577661423,-0.008879495109701941,-48.534337734935995,0.03742063251991099,-144.01566922885064,-0.00954892559209008,-118.42833311701939,1.5640851553224895e-08,1.4409154090086705e-08
6.525e-07,-36.28689013080424,-0.004860546714961399,-146.4328610660099,-0.008683334251563377,-36.2018556964532,0.004837250017433544,-145.62149371035946,-0.00902818022512941,-105.10465977634463,1.5698588741063913e-08,1.4263264703705632e-08
6.55e-07,-21.353713289531502,-0.00387632513047176,-146.9333487486921,-0.00878639983290839,-21.18667836650308,-0.015990329812929593,-147.12293514800527,-0.008548380172705452,-87.030495168673,1.575687142295959e-08,1.4118904327522612e-08
6.575000000000001e-07,-3.748999403905433,-0.018622538368170547,-148.30400769472547,-0.008343425530434049,-3.903686063185968,-0.023101629036747916,-148.52960654718058,-0.008113438825045656,-65.02275037396565,1.5816003669939668e-08,1.3977897035531889e-08
6.6e-07,14.705400877369492,-0.024533359232785917,-149.01338058568822,-0.007994407018939687,14.895540586272174,-0.015078953268797076,-149.8518014439283,-0.007726985274094115,-40.07612533869812,1.5875897273057273e-08,1.384019288169763e-08
6.625e-07,33.87209708146473,0.0010628664928878937,-150.03630748558905,-0.007086831116375512,34.15140457191475,0.00869257387560616,-151.10037321183134,-0.007392309262228218,-13.318150703501585,1.5936377727369783e-08,1.3705002575131556e-08
6.65e-07,52.64976846164345,0.046466332030145246,-152.33490022282504,-0.006908555059606028,52.58170573131286,0.04782249657102671,-152.2866105659,-0.007112266120552203,14.041774014062012,1.5997416326652503e-08,1.3572429587941027e-08
6.675e-07,68.4530141540276,0.10354605911742504,-151.78698647866037,-0.007048354370676774,68.8132158409304,0.10081041742714675,-153.42211041945086,-0.006889152287847547,40.76704252352894,1.60593555795496e-08,1.3445196331486632e-08
6.7e-07,81.2362124612181,0.17125355762563174,-154.989017919714,-0.006511473565779247,81.54030878385922,0.16506587430686745,-154.51864926829614,-0.006724568456274017,65.64973354974012,1.6122280794691122e-08,1.332989623590164e-08
6.725e-07,89.26075472246713,0.235316710977777,-154.5906240172383,-0.006031819816649367,89.68621555519583,0.2370603737058461,-155.58805428436926,-0.006619290971543263,87.56520612367214,1.6186262240924093e-08,1.3237220651704874e-08
6.75e-07,92.88108010850007,0.31467241931532014,-156.12162500662922,-0.006470835716071108,92.5413398872714,0.3125984618165697,-156.6420752981094,-0.006573172156596428,105.5229307931016,1.6251347399700213e-08,1.3180846741768344e-08
6.775e-07,89.74759531405971,0.3764294014726528,-156.96117140842767,-0.006522957461914012,89.85635851650868,0.3871756347732016,-157.69225883558798,-0.006585086687683236,118.7112592981059,1.6317555410820113e-08,1.3175075158530175e-08
6.800000000000001e-07,81.0124189171418,0.45730054882688276,-158.87185266580337,-0.0067508383617810065,81.87498951196308,0.4563768306812817,-158.74982535260946,-0.006652934622956208,126.53410922404524,1.638487443136386e-08,1.323173702735531e-08
6.825e-07,69.98216146463444,0.5142284282767168,-160.9523058102979,-0.006027290914360645,69.30110462058721,0.5162626547339069,-159.82555077409768,-0.006773703289813199,128.63790556924715,1.6453262242608152e-08,1.3357182121456405e-08
6.85e-07,53.398032658603356,0.567137492697076,-161.14946957849526,-0.007138829857541001,53.20558168116491,0.5636925132374432,-160.92965340330557,-0.006943581432571566,124.92756152988515,1.6522650000463118e-08,1.3550191470533292e-08
6.875e-07,34.575922142380016,0.6009022887766461,-161.23826220719866,-0.006893490610939713,34.88807053224755,0.5965441184362225,-162.07168721217263,-0.007158111334032918,115.57077620697028,1.6592948603164345e-08,1.3801406195916973e-08
6.900000000000001e-07,16.171789648649703,0.6177774776600008,-162.75629402475082,-0.0068155169518794335,15.715977728043383,0.6138055798295987,-163.26044246199865,-0.007412359382330699,100.99045498888584,1.6664056814283878e-08,1.4094421038973464e-08
6.925e-07,-2.8554172757780822,0.6145407085804934,-164.72493824347677,-0.007623904930666419,-3.033771122107887,0.6155366044930284,-164.50385453306725,-0.0077010836534089685,81.8455951909168,1.6735870083215243e-08,1.4408219737407018e-08
6.95e-07,-19.881139712838372,0.6071816151309961,-165.90877338589468,-0.008559960723920877,-20.30580201900047,0.6027156704959504,-165.808921763602,-0.008018878822397874,59.00150087733344,1.6808288978466616e-08,1.4720295470546812e-08
6.975e-07,-34.70743054301062,0.5817873244379289,-166.8680045365792,-0.007964507277267266,-35.35115980978519,0.5770069159107124,-167.18163301316736,-0.00836028376189325,33.49067308824188,1.6881226291392152e-08,1.5009701985052523e-08
7e-07,-47.521302546161024,0.5491671990927858,-166.54330809102066,-0.008454296964461101,-47.75549270770906,0.540491042505911,-168.62690557413447,-0.008719844606727877,6.466143143888235,1.6954612150352395e-08,1.525941943423192e-08
7.025e-07,-57.56739570014883,0.5027080146846078,-171.31522377699707,-0.00874760882881714,-57.410293103636825,0.4954070525263922,-170.14853395793097,-0.009092134521815525,-20.850641745219963,1.702839685494582e-08,1.545770765403251e-08
7.05e-07,-64.44907500850643,0.4408477805757703,-170.56904580292115,-0.009099663412665495,-64.43698271842298,0.4439458455178835,-171.74914998138047,-0.009471739384256318,-47.22502511061919,1.710255152993787e-08,1.5598435157744456e-08
7.075e-07,-69.1893069018767,0.39206014861772487,-172.73683529358445,-0.010091060685650991,-69.08171953938823,0.3881238094056593,-173.4301944734165,-0.009853224660596238,-71.46494488659158,1.7177067039702364e-08,1.5680608263213544e-08
7.1e-07,-71.60304920422203,0.33268420010547317,-176.43435292733727,-0.00969792304261359,-71.60350311678033,0.3297470142830355,-175.19190081478854,-0.010231101851552024,-92.47481190084453,1.725195183741376e-08,1.5707428262662873e-08
7.125000000000001e-07,-72.62260345141647,0.26972974142474737,-178.5845752338824,-0.00989725054519268,-72.17864785518519,0.2704577371512161,-177.03329041402986,-0.010599812456796694,-109.30502801011534,1.7327229510529886e-08,1.5685181252272523e-08
7.15e-07,-70.83994755626668,0.21572365837991261,-178.56143466237017,-0.011046835859491923,-70.84092464440138,0.21183830734185105,-178.95218011291908,-0.010953743583473523,-121.19490577372223,1.74029367142419e-08,1.562216177250981e-08
7.175e-07,-67.84303552668047,0.14287987206111502,-180.3053553121289,-0.011301296411121233,-67.46935141393108,0.1555357489138965,-180.94520140493134,-0.011287282801210297,-127.60704979357601,1.7479121975584202e-08,1.552770797990837e-08
7.2e-07,-61.93233076554647,0.11965068822525043,-182.01056625331836,-0.011673053816730127,-61.82609402968556,0.10336652323939072,-183.00783124172563,-0.011594911836439329,-128.25164576235795,1.7555845546443743e-08,1.541133422802447e-08
7.225e-07,-53.54311231809235,0.06369185340551714,-184.3373098139751,-0.01176781431035326,-53.636967201820354,0.0573646088023611,-185.1344340965358,-0.011871330671616179,-123.09955941021781,1.763318014495812e-08,1.5281917475420715e-08
7.25e-07,-42.88797106027254,0.016459501614615495,-186.48632000110712,-0.01186728628423685,-42.698429028333976,0.01974747574217448,-187.31831485036864,-0.012111597046448826,-112.38365330742316,1.7711212119199132e-08,1.5146932401848648e-08
7.275e-07,-29.237230548670443,-0.005165825116956185,-189.6207736783261,-0.012513998735615156,-28.98932334233647,-0.007208857523788564,-189.55178196809786,-0.012311262462915815,-96.58826200648214,1.779004235596823e-08,1.5011815859105648e-08
7.3e-07,-12.537460801501695,-0.025272752564360398,-191.02669783258528,-0.012002903662721656,-12.76399005200009,-0.021375620008717483,-191.82622033775866,-0.012466485307767628,-76.42730122334564,1.7869906054347537e-08,1.4879630288860768e-08
7.325e-07,5.164889089881633,-0.027310501857880788,-196.1257430875952,-0.012560129362348939,5.393937273673467,-0.021030237080231766,-194.1321730584357,-0.012574104746491167,-52.812000472844936,1.7951046736897748e-08,1.4751231424362835e-08
7.350000000000001e-07,24.4095987435779,-0.006595036599102287,-196.1400564931022,-0.012670005591613265,24.571149128953373,-0.0051276404326280264,-196.4594313808891,-0.012631665096248721,-26.809717569765663,1.803335955373487e-08,1.4626080386790193e-08
7.375e-07,42.95265946815859,0.022740508738707414,-197.80724059080853,-0.012383284175545538,43.582493893002564,0.026462902926467975,-198.79713193119898,-0.012637388391644163,0.4043035136839584,1.8116725380435707e-08,1.4503662812996394e-08
7.4e-07,60.78490115954884,0.06787495327078687,-200.0751369534896,-0.012269520790156405,61.081454740922624,0.07280003641490504,-201.1338602819009,-0.012590101399825233,27.600050999034764,1.8201458099986107e-08,1.4385231706040763e-08
7.425e-07,76.24965122722601,0.1264071424492719,-203.95878063728148,-0.01288200188345554,75.70810365225941,0.1318259065487077,-203.4577598779013,-0.012489130900356669,53.54833903283905,1.8287762968803153e-08,1.4275370639027494e-08
7.450000000000001e-07,86.12401012980585,0.19925040952384374,-205.61382841426644,-0.01341484984951985,86.25227735751588,0.2004526526067791,-205.7566452764361,-0.01233418626768908,77.07636408801955,1.837573589050751e-08,1.4182790604343035e-08
7.475e-07,92.08770884675323,0.2735494580129711,-208.09075927132437,-0.012524319635548321,91.80641952356854,0.2747770497009313,-208.0181186218732,-0.012125250337915061,97.12071301246212,1.8465440095146763e-08,1.4119902017980619e-08
7.5e-07,92.56582572864967,0.3506662614221723,-210.7040832316477,-0.011956267089609758,91.8836377308881,0.35040018368413484,-210.22968824761838,-0.011862497844027339,112.7754268817894,1.8556899290026344e-08,1.4101036387069428e-08
7.525e-07,86.06839364576534,0.42739663725635785,-213.8666711494551,-0.011674439353309366,86.48186903301698,0.42281210222425764,-212.37888827899835,-0.011546255646660763,123.33294827959546,1.865009354539784e-08,1.4139629492457981e-08
7.55e-07,76.66126391752776,0.5044296163230717,-215.22137402216765,-0.010621942232659722,76.08371809843199,0.4877908399087641,-214.45339810294232,-0.011177011448187966,128.31610128134818,1.8744958451654385e-08,1.424505904825911e-08
7.575000000000001e-07,61.71141205823857,0.5353108747677202,-217.07317913386998,-0.010643426830972752,61.59202084878684,0.54176289332031,-216.44116057261678,-0.010755468975322946,127.4996587195049,1.8841387662526884e-08,1.4420001202926601e-08
7.6e-07,44.241229591453084,0.5691492026153535,-217.26838916866302,-0.010954412856265226,44.21166487921742,0.582078528491634,-218.3304978278666,-0.010282639273719855,120.92052193857597,1.8939238497952778e-08,1.465905508979019e-08
7.625e-07,25.716193999275017,0.6131624545031921,-219.72646461736912,-0.010323482147950066,25.296838462761023,0.6071691371495078,-220.11022363526143,-0.009759951237801451,108.87605293838811,1.9038339892571652e-08,1.494901957508177e-08
7.65e-07,5.882175055065254,0.6167886948802119,-222.1076946652367,-0.00895858483149596,6.188181786637658,0.6165728096951172,-221.76975118451736,-0.009189360936843341,91.91063428887453,1.9138501703698978e-08,1.5270726593634187e-08
7.675000000000001e-07,-11.644167637236299,0.5975121073292784,-222.97926917906946,-0.008737104208649387,-11.934630780273764,0.610835070753997,-223.29919532077378,-0.008573439305584614,70.79106427763544,1.923952427851924e-08,1.560191522899916e-08
7.7e-07,-28.333654373920535,0.5855298537678048,-224.38094727156314,-0.007800180709758223,-28.162694848657985,0.5913107389200951,-224.6894682442463,-0.00791542132263639,46.471899373574324,1.9341207239073915e-08,1.592040889433015e-08
7.725e-07,-41.57926577039159,0.5616069203172795,-226.3116453686264,-0.00663059630573308,-41.91500701548068,0.5599068760718202,-225.9323677696873,-0.00721920625302929,20.052310448307185,1.9443356660492455e-08,1.6206884942492045e-08
7.75e-07,-53.00262264661541,0.5097199937922273,-227.05770790033702,-0.006666980168185965,-52.93747151154768,0.5188134460896074,-227.02065730730632,-0.006489306721696043,-7.273597244086894,1.9545790150921628e-08,1.644675423436539e-08
7.775e-07,-60.83942959067758,0.4809138209634886,-228.26742541116258,-0.005380007107056498,-61.24869887646546,0.47026659365587203,-227.94813680370797,-0.00573075284889172,-34.27075490521662,1.964833972947767e-08,1.6630985874908974e-08
7.8e-07,-67.00931460132529,0.415761311384006,-228.37391672814258,-0.0048882475559546305,-67.04678765998634,0.41637986312166947,-228.70970396529114,-0.004948964911788265,-59.718952489435914,1.9750852771662482e-08,1.6755998521225834e-08
7.825e-07,-70.04366722189381,0.35228371051072943,-227.9675273145735,-0.003339668053524514,-70.59781463964484,0.35906308943821097,-229.30140517666757,-0.004149612721671386,-82.46798941913285,1.985319158454894e-08,1.6822912033298823e-08
7.85e-07,-72.32344958945595,0.2950575110616913,-230.59658537752694,-0.003453906006151074,-72.12940526060012,0.30003004985111204,-229.72047562217898,-0.003338481301590952,-101.48966103147939,1.9955232336913522e-08,1.683648925571065e-08
7.875e-07,-71.936336900447,0.23924278336868732,-228.45581831220534,-0.0022043049571171913,-71.751069112846,0.2408777332264153,-229.96536821865058,-0.0025213602947173875,-115.92423108765713,2.0056864077174845e-08,1.6804026914189923e-08
7.900000000000001e-07,-69.13777296375498,0.17530107389175226,-230.11217574982706,-0.0014550705800205664,-69.41730199229806,0.18320562936221638,-230.03577107121814,-0.0017039692482686232,-125.11928989298183,2.0157988428141426e-08,1.6734333744780235e-08
7.925e-07,-64.72695347229043,0.1383387899988789,-230.53270837853736,-0.0013017194708589339,-64.94083295490714,0.12873542186686526,-229.9326132704562,-0.0008919234841546947,-128.6592417293648,2.025852028381721e-08,1.663682106771069e-08
7.95e-07,-58.04618405200121,0.08469255874013829,-230.42651283484008,-5.950627492272886e-05,-58.05341737064199,0.07939135760259515,-229.65805895715832,-9.073705382505462e-05,-126.38408883533513,2.0358389503547847e-08,1.652066813901803e-08
7.975e-07,-48.48027048770043,0.054511452224585935,-228.45274659655894,0.0002928567743603364,-48.50207459239331,0.037309384806311706,-229.2154896899955,0.0006941482107670401,-118.39666294049663,2.0457543268464836e-08,1.6394030167945352e-08
8e-07,-36.42307283164064,0.0006506046072101831,-228.24101358858292,0.0012757851174672395,-36.16138536977235,0.0047574674437300705,-228.60947525991645,0.001457323919389807,-105.05797750552699,2.0555948500426912e-08,1.62633232398969e-08
8.025e-07,-21.20673047627125,-0.010819802909975654,-227.7067901041908,0.0019819170340864478,-21.138744307883094,-0.016032335275754664,-227.84573320257405,0.0021933852681859747,-86.97091073589054,2.0653593598379984e-08,1.6132714434548705e-08
8.05e-07,-4.459442342327449,-0.023131253660136863,-227.4017183847152,0.0022886778730437656,-3.8500097899299517,-0.023100742031997117,-226.93107736528225,0.002896927497163525,-64.95295685989112,2.075075533996344e-08,1.6004014825924403e-08
8.075e-07,14.785522201123694,-0.015124700203278774,-225.648498160727,0.0035639831676954983,14.952257758793248,-0.015032061254209873,-225.8733559870833,0.0035625814541647995,-39.999277251225536,2.0847314568955226e-08,1.5877162447848388e-08
8.1e-07,33.27556002113693,0.017226497111104182,-223.9571771699217,0.004817726895022754,34.20765282754871,0.00878587642107762,-224.68137984849696,0.004185093930003976,-13.237721401178511,2.0943065847255825e-08,1.575135900576785e-08
8.125000000000001e-07,51.987586621660284,0.052370171262631056,-222.84768977990552,0.004054142113517279,52.63349454331626,0.04795943849169816,-223.3648411405514,0.004759450034280952,14.122149309934072,2.1037950006831586e-08,1.5626703205786148e-08
8.15e-07,68.46404562871957,0.09347607839378955,-222.5093652679744,0.005444671264568735,68.8565132036427,0.10098491768750156,-221.9342237899037,0.005281026720897906,40.84373103261346,2.113227589136044e-08,1.5505916669755234e-08
8.175e-07,81.74785617943974,0.16705888786118245,-220.07313182103186,0.006128915957572846,81.57152576127939,0.16526879745934023,-220.40070605745652,0.005745760114915279,65.71926912606769,2.122609532128701e-08,1.539559401204015e-08
8.2e-07,89.34073539810642,0.23892383372054618,-219.41954372070055,0.005959068984781753,89.70266020843916,0.23728016594727713,-218.77605630113266,0.006150305710538345,87.62444591754787,2.1319444765817396e-08,1.5306426371995587e-08
8.225000000000001e-07,93.0965527370905,0.3141951669843801,-216.60841378946836,0.006507031379489041,92.54156792079876,0.3128220989964843,-217.07252285869853,0.006492170469669657,105.56919730075015,2.1412337904575408e-08,1.5252085561792856e-08
8.25e-07,89.87181876311762,0.38447667897619275,-215.8208140074788,0.0065653367458271255,89.84036386558,0.38738976339470393,-215.30271906315147,0.006769799391710524,118.74246137874265,2.1504760394813997e-08,1.524685893150946e-08
8.275e-07,82.23804396711752,0.455633597581229,-213.55245901768043,0.007348632789068505,81.84420385852708,0.4565689515944219,-213.4795044506593,0.006982605654285362,126.54883661468226,2.159666755910936e-08,1.5302555612667046e-08
8.3e-07,69.3622246790184,0.5168018461706935,-212.03109521289798,0.007195596003101337,69.25820599501691,0.5164221923213458,-211.6158632589493,0.007130941816948693,128.6354926253667,2.1687985323136403e-08,1.5425496537418586e-08
8.325e-07,52.729727719914635,0.5595612808150601,-208.96790958451288,0.007484396080626986,53.15414344611088,0.5638116316334776,-209.7247813420057,0.007216018381297538,124.90811731105583,2.1778614293801403e-08,1.561443112734955e-08
8.35e-07,35.30458975421493,0.5970495150234374,-207.82539762018607,0.007259341043949424,34.83210772136592,0.5966181874308599,-207.81912264470782,0.007239783684416807,115.53517954760203,2.186843644640866e-08,1.5859971346619413e-08
8.375e-07,16.199355458006888,0.6042194338491319,-205.32103671737624,0.007206941123240999,15.659463465923396,0.613833249426407,-205.91150638844084,0.007204784340284229,100.94031477691883,2.195732355428987e-08,1.6145690144912896e-08
8.4e-07,-2.583139213937476,0.616668899156941,-204.8633684396543,0.007041065709617968,-3.0873432605971916,0.615519508831357,-204.01418611564748,0.007114027342117877,81.78317764974787,2.2045146299005205e-08,1.6450560183969774e-08
8.425e-07,-20.682527420950976,0.6020093625196465,-201.8403882416362,0.006672467752193456,-20.353743801044065,0.6026578383494946,-202.13893172780143,0.006970863196748612,58.929627137679404,2.2131782973074877e-08,1.675207540500251e-08
8.450000000000001e-07,-35.31524291411206,0.5886702663810992,-199.359663021759,0.0064332908826348146,-35.39175755343471,0.5769140065765822,-200.29691562744014,0.0067789044238946525,33.412591679455204,2.2217126830158992e-08,1.7029301131408307e-08
8.475e-07,-48.06934641448862,0.5408287854658611,-197.40859222116802,0.0062492891624954154,-47.78800373181871,0.5403695456551372,-198.49860404093485,0.006541986344917012,6.385383167832895,2.2301091420536676e-08,1.726523742499581e-08
8.5e-07,-57.734244146448255,0.504878096702299,-197.1950466054495,0.006025570436221759,-57.434784058795756,0.4952635854844775,-196.7536545548513,0.0062641686493021135,-20.930430121539207,2.23836136198091e-08,1.744816936906974e-08
8.525e-07,-64.05606991809803,0.4622912968964288,-193.7684513339121,0.005456105738848951,-64.45405200410832,0.4437866529163675,-195.07082084548364,0.005949768280201601,-47.30023563429664,2.246465444898033e-08,1.7571993412970197e-08
8.55e-07,-69.24061934584331,0.3901700124057061,-194.2669425112461,0.005559845034294006,-69.09216543237449,0.3879545237942235,-193.45786551884743,0.005603408144333251,-71.53217821323551,2.2544198125335257e-08,1.7635744701196546e-08
8.575e-07,-71.6488899541469,0.3265894590225893,-191.8045231530547,0.005052689301400605,-71.608007097579,0.32957268086162733,-191.92148190768123,0.005230063097968147,-92.53102923719939,2.2622250016910175e-08,1.7642653398048115e-08
8.6e-07,-71.93619492439673,0.2798294279585131,-189.3337783375732,0.005489559654591144,-72.17753760093863,0.27028305157815663,-190.46722559342226,0.0048350851204457404,-109.34768846060072,2.269883426055076e-08,1.7599034407672724e-08
8.625e-07,-69.87304935075372,0.20755597792865363,-190.05553287865027,0.004627463034020913,-70.83406425928564,0.21166797260156922,-189.09945633539704,0.004424193455619044,-121.22208118312814,2.2773991733614898e-08,1.75132112759485e-08
8.65e-07,-67.45961396959426,0.15688328072818591,-187.625461530889,0.0037242896409363548,-67.45618083220143,0.15537483338906158,-187.8212909973557,0.004003422060852084,-127.61751189528408,2.2847778860426797e-08,1.7394551656300094e-08
8.675000000000001e-07,-61.12079392847427,0.09243767372676556,-187.2213508800919,0.004043627132263175,-61.80580986512346,0.10322070180322407,-186.63456796379225,0.003579024748672532,-128.2449216931958,2.2920267430337175e-08,1.7252600029516386e-08
8.7e-07,-53.86803641881441,0.050817544279305085,-186.30847602153273,0.003418060753307376,-53.60880906788212,0.0572401919920573,-185.5398234361038,0.0031573464656791477,-123.07595308279897,2.2991545265897356e-08,1.7096264113245778e-08
8.725e-07,-42.417051756028954,0.01845085838077798,-184.11940410355098,0.002405127409647247,-42.662013699377084,0.019651174632814673,-184.5362798924489,0.0027446757512308005,-112.3442316739878,2.3061717274662888e-08,1.6933050043094303e-08
8.75e-07,-28.599511529546913,-0.012463582787712774,-182.74132340489717,0.0021015491057151596,-28.94495806509377,-0.007270429072184686,-183.6218468861285,0.0023470973412862218,-96.53480683508752,2.3130906207830416e-08,1.6768427237153435e-08
8.775000000000001e-07,-13.14188131442737,-0.017151102585171243,-181.95882613859072,0.0017243783782010576,-12.71289793859675,-0.021396648480128327,-182.79313424638278,0.0019703643977275437,-76.36222856600484,2.3199373270391447e-08,1.6605492789767306e-08
8.8e-07,5.5523631699238605,-0.01970866346337495,-180.91674084059895,0.0014766497967495362,5.449532729216724,-0.02100651377821696,-182.0454776336824,0.0016198068307571056,-52.73825146547813,2.3267388162991526e-08,1.644514068655141e-08
8.825e-07,24.379044673749224,-0.006773275555219914,-182.16696128042074,0.0016702998050894045,24.628109219373332,-0.005057334111070805,-181.37297628987852,0.0013002861576340867,-26.73062549955952,2.3334876485546043e-08,1.6286875588298037e-08
8.85e-07,43.60447070451727,0.03077074852553237,-182.03540717871635,0.0011638492214137033,43.63701844207354,0.02657864430278994,-180.76854271296438,0.001016199365985057,0.48516386527244454,2.340175196117341e-08,1.613023316240762e-08
8.875e-07,61.58220045196017,0.07756424567924686,-179.35571641003625,0.0006377148844668406,61.129472956021,0.0729567747470089,-180.22396387768444,0.0007715257404437495,27.679024928258006,2.346836534468072e-08,1.5976522913797836e-08
8.900000000000001e-07,75.51188888952713,0.12820634884896462,-178.63583840041207,0.0009649163991355723,75.74574525708006,0.13201597242173718,-179.72997351777659,0.0005699030865347684,53.62185709794519,2.3534957369901606e-08,1.5830389651000177e-08
8.925e-07,86.46617359134876,0.20161718979944537,-179.02816649756883,-0.0001878663786915014,86.2763513847084,0.20066559653327132,-179.27633488419184,0.00041471459669953413,77.14110343988526,2.3601661963972787e-08,1.5700606930023435e-08
8.95e-07,91.34893736487277,0.2690625872132035,-179.6442443457455,0.0003164380402021699,91.8148248116955,0.2750004466962718,-178.85193329712345,0.0003091656901861589,97.17374757981571,2.3668581396408852e-08,1.559964469783352e-08
8.975e-07,92.22692912490297,0.3594385397508827,-179.03842677339588,2.5973994504677493e-05,91.8756389764684,0.35062069541433644,-178.44487771895675,0.000256331881930474,112.81435962296212,2.3735779060629196e-08,1.554188685360989e-08
9.000000000000001e-07,86.51551788952057,0.4268818193299568,-177.49616670431843,-0.0005073566446447031,86.45819355227195,0.423016659244103,-178.04261049114555,0.0002591638121273228,123.35601952334837,2.380327498345969e-08,1.554081187512247e-08
9.025e-07,76.06426817696953,0.48329673248350813,-177.7364558572104,0.0003360960819216444,76.0464575698663,0.4879677869935085,-177.63202430129078,0.000320443118727171,128.32226826000291,2.3871044602156414e-08,1.560583035256031e-08
9.05e-07,61.79808554328509,0.5389766746499755,-175.77485960733566,0.000683203538277416,61.54435416494543,0.5419029469868895,-177.19958537803694,0.0004426915407442193,127.48864269967059,2.3939020926289036e-08,1.5739643891149804e-08
9.075e-07,43.53963318970045,0.5700062541898587,-176.51230949966038,0.00048283893005047075,44.15744727511456,0.5821754264391448,-176.73146185144833,0.0006280439766937949,120.8928208192625,2.4007099761118577e-08,1.5936873838729025e-08
9.1e-07,25.27685848833157,0.6025289910983911,-175.49044222414204,0.0008159788551000655,25.240123251654907,0.607219909180808,-176.2136561658101,0.0008781027304369015,108.83291874710466,2.4075147281669087e-08,1.6184342660292825e-08
9.125e-07,6.07520406319234,0.6210458925153657,-174.4105801244191,0.001052532945543715,6.132750661931604,0.6165776600409814,-175.6321403908143,0.0011937937213313502,91.85401659283632,2.4143008974989638e-08,1.6462910942497115e-08
9.15e-07,-12.399932579819438,0.6200241642444203,-175.6604031664379,0.0015103782657577578,-11.985656436823415,0.6107969221490589,-174.97299324619513,0.0015752454076728474,70.72352206777036,2.4210518854438294e-08,1.675035319275649e-08
9.175e-07,-28.34869551892952,0.5941384359724045,-172.94478752910535,0.0017102769442488485,-28.207105158879845,0.5912345388828716,-174.22253763438403,0.0020217075958505713,46.39648540395312,2.4277507909057606e-08,1.7024534507481684e-08
9.2e-07,-42.20442962997099,0.5619026046036731,-173.52458590458303,0.002274409583751946,-41.951586261133585,0.5597987971316825,-173.36747746585684,0.002531520834153279,19.972433258616462,2.434381096826028e-08,1.7266177862760513e-08
9.225000000000001e-07,-53.15009061033726,0.5261629093155448,-174.01468529133226,0.0033355654058065403,-52.96591159816885,0.518680119095466,-172.39503256264933,0.003102138881810837,-7.35432738677931,2.4409271495130804e-08,1.7460740428040824e-08
9.25e-07,-61.03279152806137,0.4660100638100447,-170.0780765964962,0.00380828961345672,-61.26937280591063,0.4701144959959637,-171.29307043705444,0.003730198265038361,-34.34868918230426,2.4473744209360157e-08,1.7599235059490882e-08
9.275e-07,-67.53386555123699,0.40591382329198517,-168.7260606094391,0.003995954729416047,-67.06043623063715,0.4162149452893617,-170.05023376466656,0.004411621687215522,-59.790568449076,2.453709581354841e-08,1.7678119082097437e-08
9.3e-07,-70.51336736174942,0.3627170473567926,-168.99781009970644,0.005478362093559501,-70.6052135229542,0.3588906712419783,-168.65606240359008,0.00514173732637777,-82.53005018304071,2.4599204388864653e-08,1.7698544436608333e-08
9.325000000000001e-07,-72.19797872459529,0.2994000395544808,-166.273241208497,0.0060073597615684,-72.13108102587285,0.2998549614379602,-167.10110885444033,0.0059153946506135,-101.53936159445742,2.465995818817262e-08,1.7665298905871517e-08
9.35e-07,-71.75248029670722,0.2500472398340598,-165.0367543051553,0.0072378890752927355,-71.74712152864953,0.24070462635837683,-165.3770461084461,0.0067270595300615655,-115.95932509744182,2.471925456159422e-08,1.7585697092716622e-08
9.375e-07,-69.39136162947442,0.1896684358697022,-164.31465661957338,0.007656147832821148,-69.40736814519664,0.18303935021406556,-163.47676689301593,0.007570876703317242,-125.1381911802505,2.4776999604839745e-08,1.7468558897944505e-08
9.4e-07,-65.34259875037345,0.12991583500305637,-160.60478595584343,0.00826551926991157,-64.92420041494735,0.12858132427697294,-161.39447339506017,0.008440695084004943,-128.66109599897678,2.4833108856197105e-08,1.7323300437077817e-08
9.425e-07,-58.147617864564495,0.07478151470967863,-158.7566542923079,0.009109302575559213,-58.02926399263375,0.07925544747346085,-159.12575662154177,0.009330059603326972,-126.36881227852682,2.4887509037588334e-08,1.7159099642407985e-08
9.450000000000001e-07,-48.64787886561167,0.051284550752382224,-156.35363723462856,0.010180350552976279,-48.469787006232515,0.03719822006317467,-156.66766464348055,0.010232180771322524,-118.36494602284635,2.4940140504441835e-08,1.698410455498046e-08
9.475e-07,-35.8125024439456,0.013290861081027481,-152.93283113274555,0.011183014094068869,-36.12089147734946,0.004677787433418379,-154.0187590632238,0.011139898531234054,-105.01125375948362,2.499095980420767e-08,1.680471880465575e-08
9.5e-07,-21.14484410989076,-0.011664790801812805,-152.22905702697372,0.011771503463641898,-21.090790280724086,-0.016074220932697666,-151.17915914438595,0.012045659285856342,-86.91129196837122,2.503994159802473e-08,1.6625092836634927e-08
9.525e-07,-4.479443752595535,-0.02029680852043132,-147.1114977159044,0.01255948183768086,-3.796320117595684,-0.023099722719118358,-148.1505731486131,0.01294152375945121,-64.88313770341787,2.508734648944298e-08,1.644701868081961e-08
9.55e-07,15.406236896435699,-0.008937525227693477,-143.4988897947587,0.013904009511071326,15.008979040035834,-0.014985031465812846,-144.9363165323128,0.013819218828581252,-39.922413372671755,2.5133034183505236e-08,1.6270415154083204e-08
9.575e-07,34.39219419024073,0.006829579995633692,-142.88888925009903,0.014842977845134598,34.26389393309932,0.00887931337989238,-141.5413167687691,0.014670239416323491,-13.157286872812675,2.517677692646217e-08,1.6094466744519506e-08
9.600000000000001e-07,52.28623006726727,0.03968257124066986,-136.91228483029084,0.015075393786335631,52.68526413806017,0.04809650171288847,-137.97210467565733,0.015485998257877151,14.20251903060342,2.5218492659527437e-08,1.5919258308185098e-08
9.625e-07,69.05973416087389,0.10363665022008103,-134.51407102930935,0.016453488204997865,68.89977987242523,0.10115951655495294,-134.23679224387604,0.01625801329852861,40.92040341723806,2.525846323588437e-08,1.5747500881499025e-08
9.65e-07,81.82731454880081,0.17503700202618702,-129.518635800048,0.016770002782431567,81.60270258049484,0.16547178828211817,-130.34503707981526,0.016978116118010228,65.78877875746858,2.529671294612331e-08,1.558577992760607e-08
9.675e-07,89.37022120971343,0.23878685055836923,-127.3043034160496,0.01769438310624842,89.71905847079582,0.2374999890654358,-126.30799368867446,0.01763866121480879,87.6836511186814,2.5333249890151063e-08,1.5444775688046724e-08
9.7e-07,92.49145509110585,0.31651254812537144,-122.36155063399605,0.017648847988769985,92.54174738228612,0.3130457275542003,-122.13825194019493,0.018232715826640156,105.61542213135048,2.5368059055631574e-08,1.5338143792153356e-08
9.725e-07,90.43711189878077,0.37997182493161197,-118.64693463212413,0.019186574641393252,89.82432280039298,0.3876038446975622,-117.84976316921042,0.01875421315365191,118.77361658173582,2.5401097631128697e-08,1.5280147533062188e-08
9.75e-07,81.64043404099873,0.46548548592801753,-113.53346039015877,0.018875936080890575,81.81337799568117,0.4567609906927101,-113.45775447075373,0.019198057675051707,126.56351404584274,2.5432293263625786e-08,1.5282563610044784e-08
9.775e-07,69.63625378367952,0.5284006526956591,-109.05160463064777,0.019811181155988192,69.21527658874258,0.5165816206373893,-108.97863185215071,0.019560178451353518,128.63302889823095,2.5461545584234537e-08,1.5351674243054357e-08
9.8e-07,52.9927032307008,0.5634576883592493,-105.23811797138295,0.01953325811382624,53.1026858625884,0.5639306222651838,-104.42987300168573,0.0198375333127654,124.88862378047975,2.5488730886289603e-08,1.5486188201748882e-08
9.825000000000001e-07,34.74328093518014,0.5923327394630271,-98.67520550974584,0.020489117125180433,34.77613757745049,0.5966921199312805,-99.82991052417327,0.020028072074887982,115.4995372767742,2.551370941838593e-08,1.5676680342756414e-08
9.85e-07,15.305980264358695,0.6125895618326903,-95.51392548901732,0.019854802272863136,15.602953074782018,0.613860783207476,-95.19800657733091,0.02013066916928443,100.89013471531297,2.5536334419854285e-08,1.5906695237734623e-08
9.875e-07,-3.3687301250836974,0.6103277899091161,-89.62606180705444,0.02016659268026554,-3.14090228917917,0.6155022860819772,-90.55411991846508,0.020145034790451925,81.7207278218735,2.555646183120581e-08,1.6155189524776078e-08
9.9e-07,-21.206926238679692,0.6053525313874507,-85.51223593272006,0.01973548673214005,-20.40166594419826,0.6025998938288143,-85.9187664380145,0.020071609256874925,58.8577301335394,2.5573959586370282e-08,1.639965487703395e-08
9.925e-07,-35.27348275968068,0.5791835365414829,-81.4087735782206,0.02009908961922778,-35.43233208305557,0.5768210031895236,-81.31287431431788,0.019911439238516765,33.334497079907386,2.5588715536956165e-08,1.6619167366084697e-08
9.95e-07,-47.4888472146038,0.5354771324037462,-75.7278947702769,0.01989428728736584,-47.82049066166628,0.540247974402959,-76.75763497210313,0.019666029215543772,6.304620670930319,2.5600643342059834e-08,1.6796748622457104e-08
9.975e-07,-57.40594223144731,0.4972294615506563,-73.81907020934844,0.019693776287182815,-57.45925205945634,0.4951200632074328,-72.27435106518762,0.019337159851159726,-21.010210234857013,2.5609686027454533e-08,1.6920713414862782e-08
1e-06,-64.50764469736856,0.44549302474045926,-67.32531731359569,0.018735001339738534,-64.47110056243572,0.443627422655173,-67.88428273140343,0.018926669339350926,-47.375427484591015,2.561581730828774e-08,1.6984993632106944e-08
1.0025e-06,-69.42134328730666,0.37391311628476953,-63.66855621912865,0.017900991751971365,-69.10259292183711,0.3877852162047888,-63.60849338456273,0.01843620517759798,-71.59938330010604,2.5619041110600337e-08,1.698866409638112e-08
1.0050000000000001e-06,-71.73202544725602,0.3277635615466928,-59.575983453520486,0.018062426205800133,-71.61249425050246,0.32939833967563326,-59.46769631421802,0.017866970610519704,-92.58721004376997,2.5619389960173323e-08,1.693499831591569e-08
1.0075e-06,-72.27018346624067,0.2717102645164904,-54.46104013442817,0.016464823504769875,-72.17641081763239,0.27010837191759934,-55.482103358968224,0.01721950757931974,-109.39030574235188,2.56169229941912e-08,1.683035835619278e-08
1.01e-06,-70.39513216907459,0.20474734888842291,-51.02219507585244,0.015947459381054113,-70.82718626034136,0.21149765802936665,-51.67127690317268,0.016493569517747962,-121.24920873597709,2.5611724281110243e-08,1.668311924863773e-08
1.0125e-06,-67.13837190499135,0.16846047424814728,-49.29580098330634,0.016154629825686967,-67.44299050492495,0.15521395380385014,-48.05398642029145,0.01568813583329008,-127.62792361561942,2.5603901925138425e-08,1.6502704977787432e-08
1.015e-06,-61.49719470663111,0.1114532113581652,-44.32457178491893,0.01477019539711679,-61.785503489742275,0.10307493402919804,-44.64807074887917,0.014801601612425674,-128.2381469949696,2.5593588127647715e-08,1.629872154710944e-08
1.0175e-06,-53.21863014124451,0.06476559385469344,-42.14556455499906,0.013880869013100705,-53.58062687191812,0.05711584822503034,-41.47030723986573,0.013832143096634563,-123.05229816694299,2.5580940039887523e-08,1.6080143574821196e-08
1.02e-06,-42.370828650426596,0.024398818694144862,-39.00091238921932,0.012689489567456115,-42.625574060797156,0.0195549665090664,-38.53628885655408,0.012778220366249102,-112.30476568883032,2.5566140936997055e-08,1.585454970011177e-08
1.0225e-06,-29.079445663119177,-0.010034665939777568,-36.843560937685744,0.011677932371006146,-28.900570659055195,-0.007331888944761993,-35.86031024225196,0.011639145854156329,-96.48131355327999,2.554940103381074e-08,1.5627487994362756e-08
1.025e-06,-12.697873115615382,-0.01428731080515512,-33.46640041366785,0.01060001293459077,-12.66178878303321,-0.02141755012190933,-33.45526369520178,0.010415631945862338,-76.29712576206558,2.553107910731628e-08,1.5402141433715505e-08
1.0275000000000001e-06,5.418626598606294,-0.02108370838495808,-29.60875989073858,0.009153522480955375,5.505137229060271,-0.020982654423811385,-31.332545907146027,0.009110237841884323,-52.66448163788651,2.5511548719385233e-08,1.5179498696823542e-08
1.03e-06,24.5579023656381,-0.00848317813757999,-30.471076657392995,0.007900316051198836,24.685067953869215,-0.004986890536579474,-29.501976231170886,0.007727661393553557,-26.651522876526656,2.549084982441698e-08,1.4959169669082256e-08
1.0325e-06,43.816188899080416,0.011148188628890629,-28.052629336460726,0.006659125805142229,43.6915298064173,0.02669451471648746,-27.97172714720785,0.006274855581253535,0.5660240253259202,2.5469019192279e-08,1.4740806971217868e-08
1.035e-06,61.4910861428442,0.07676623195811985,-27.397356397437527,0.004460988157828016,61.177466033675756,0.07311362409070402,-26.748267490586667,0.004760979902928802,27.75798793024056,2.5446540976476362e-08,1.4525848723172153e-08
1.0375e-06,75.7836831251891,0.12976829171725496,-27.517356368684094,0.003305602120748505,75.78335108676266,0.13220612223063014,-25.83631890120784,0.003197215847302569,53.69535399398969,2.5423794224453895e-08,1.4319078183843885e-08
1.04e-06,86.85883499111036,0.19908704405960054,-26.179663366851887,0.0018513884384192898,86.30038166162026,0.2008785901600465,-25.238825839190746,0.001596480572580627,77.20581233766502,2.540105998312123e-08,1.412941366036655e-08
1.0425e-06,92.19923607902527,0.28347019559868947,-24.722329207678683,0.00027551491266097016,91.8231820772358,0.2752238548118024,-24.956939398212942,-2.693283671880258e-05,97.22674378451268,2.5378594813161703e-08,1.396947162177031e-08
1.045e-06,91.34695755453015,0.346015984925604,-24.167137120013333,-0.0016659345947994358,91.86759219450545,0.3508411787268594,-24.990015031192954,-0.0016577704072013072,112.85324782681228,2.5356623051354405e-08,1.3853779945463839e-08
1.0475e-06,86.05324046558903,0.4205578242954526,-25.336970711734153,-0.003207117350852275,86.43447430320911,0.42322115086198825,-25.335624185490005,-0.0032802780227640565,123.37904206809729,2.5335331745362442e-08,1.379595573846803e-08
1.0500000000000001e-06,76.04923072524625,0.49059081478562205,-26.630760342553376,-0.005026168932092671,76.00916122628882,0.4881446374146988,-25.989579727423994,-0.004878700938909146,128.32838457905825,2.5314868802707508e-08,1.3805542454186643e-08
1.0525e-06,61.21714420836101,0.547646644631163,-28.65682354938925,-0.006520286893441218,61.4966622697109,0.5420428808668872,-26.9459749196756,-0.00643781045433232,127.47757634933919,2.5295344473733973e-08,1.3885370860488989e-08
1.055e-06,44.49216061904628,0.5946277496938452,-27.13023220543528,-0.007040220821219377,44.10321636560475,0.5822721909898663,-28.197235601022452,-0.007943435377360942,120.86507197337731,2.527683584814137e-08,1.4030191561856534e-08
1.0575e-06,24.88665264034297,0.620401853658355,-28.69294992555838,-0.009218207851217028,25.183406507574766,0.6072705439296067,-29.734185106882762,-0.009382962433554024,108.78974159030747,2.52593936578802e-08,1.4226960571507002e-08
1.06e-06,6.253557163816829,0.6084301632498772,-31.58753731669724,-0.01127732655379465,6.077328344613802,0.6165823780547844,-31.546121362255434,-0.010745758249324862,91.7973626342883,2.524305040827878e-08,1.4456679511130781e-08
1.0625e-06,-11.539096107666872,0.609043010754887,-33.170281576629904,-0.011918227225529817,-12.036665343126757,0.6107586532406393,-33.620905476764115,-0.01202346113795227,70.65595193737883,2.5227828746428903e-08,1.469727261419593e-08
1.065e-06,-28.146113195889342,0.5957084723623928,-36.10447900029144,-0.013456266787071324,-28.251493673168547,0.5911582353749062,-35.945061075541616,-0.013210097777037267,46.321053117734266,2.5213749035880024e-08,1.4926762329788743e-08
1.0675e-06,-41.6604512805655,0.557447499586829,-38.53350493269793,-0.01447000052036835,-41.98814154852673,0.5596906339798357,-38.50388351043864,-0.014301999580946289,19.89254818412539,2.5200835324495055e-08,1.5126033709248334e-08
1.07e-06,-52.57751406549844,0.5125604544005974,-41.154807988207935,-0.015302933932484691,-52.994327964123556,0.5185467274897051,-41.281558014288855,-0.015297523788968379,-7.435054626096092,2.5189119225859935e-08,1.5280706851167754e-08
1.0725000000000001e-06,-60.85796957470108,0.46487816779450697,-44.394139094146155,-0.01650778657364679,-61.29002482487439,0.46996235218433857,-44.26128578741436,-0.016196618539114038,-34.426609899075146,2.5178641622556813e-08,1.5381954511196553e-08
1.075e-06,-66.5223522187556,0.4231155230099579,-48.07169818035177,-0.017630477391825265,-67.0740652857108,0.416049997921189,-47.425416940832264,-0.01700030044803381,-59.86216080434818,2.5169452472280813e-08,1.5426387692735605e-08
1.0775e-06,-71.1047235813676,0.3602578393586499,-50.0347141745587,-0.018159551347886806,-70.61259492851316,0.35871823836365113,-50.75558916530074,-0.017710128927367317,-82.5920783653932,2.5161609289763842e-08,1.5415303602379753e-08
1.08e-06,-72.19445221109149,0.29117965070272095,-54.24920414365644,-0.018560298380821936,-72.1327402899783,0.29967987214960495,-54.232870949861635,-0.01832775886020735,-101.58902207130355,2.515517503915319e-08,1.5353625613741286e-08
1.0825e-06,-71.62991816054291,0.23641100295957254,-56.99457515415455,-0.018840074027531722,-71.74315703332317,0.24053153244339204,-57.83790813831293,-0.018854633215648064,-115.99437332832139,2.5150216177840235e-08,1.5248793603699043e-08
1.085e-06,-69.77308276819593,0.17904812551011637,-61.0998600080965,-0.018921913338162878,-69.39741570897873,0.18287309893912423,-61.55107258735013,-0.01929184575235794,-125.15704306494311,2.5146801447579342e-08,1.510974204472757e-08
1.0875e-06,-65.44346803450068,0.12618386822526986,-66.25819371557544,-0.019584489426847766,-64.9075468789756,0.1284272712937039,-65.35261167615717,-0.019640169874108916,-128.66289947522574,2.5145001743870536e-08,1.4945990523407103e-08
1.09e-06,-57.9212212069242,0.07470262968825515,-68.62450344452908,-0.019667563032393115,-58.005087335344065,0.0791196005877246,-69.2227974141221,-0.019900221121391466,-126.35348583331304,2.514489106379983e-08,1.4766808850321052e-08
1.0925000000000001e-06,-48.44977887074847,0.0452436026114168,-72.78594251094444,-0.019706790308188605,-48.43747497561803,0.03708713840708195,-73.14207390109713,-0.020072702925589478,-118.33318237658924,2.5146548201730172e-08,1.4580424887839314e-08
1.095e-06,-36.38644956703113,-0.0016284627676614758,-77.46602218559168,-0.02012762997963947,-36.080374025555756,0.004598210083012616,-77.09120191314331,-0.0201586795714818,-104.96448855665926,2.515005859731183e-08,1.4393309857317796e-08
1.0975e-06,-20.58071183209446,-0.027805886660111474,-79.74106701306208,-0.019727164504975716,-21.04281630002795,-0.01611598671586196,-81.05139941582294,-0.020159825182880675,-86.85163888965025,2.5155515595048303e-08,1.4209669957512972e-08
1.1e-06,-3.8048762894595365,-0.02606937670839225,-84.3534934223919,-0.020459678331569104,-3.7426170698383263,-0.02309857106679055,-85.0044768465304,-0.020078609660004198,-64.8132929321094,2.516328835863357e-08,1.4031342204281462e-08
1.1025e-06,14.776798449999234,-0.012333402321595618,-88.78601533813504,-0.02025788634683293,15.065704399199781,-0.014937863914736602,-88.93296605677197,-0.01991839822720038,-39.84553373338142,2.517333168112124e-08,1.385828119212544e-08
1.105e-06,34.338100668847005,0.0029294661176226143,-91.96395944226913,-0.019648493175016036,34.320127853510705,0.008972884695995002,-92.8202418642124,-0.019683457499439883,-13.07684715015835,2.5185502399078575e-08,1.3689699498616902e-08
1.1075e-06,52.2836875236104,0.05174794885383328,-97.02444759484922,-0.019531727686778598,52.73701448010734,0.04823368613540994,-96.65063523221369,-0.019378875489219387,14.282883144343181,2.5199792368010392e-08,1.3525703126334356e-08
1.11e-06,68.50161473345916,0.10275189363934276,-100.09801512974357,-0.019326457565935592,68.94301581573097,0.10133421389348299,-100.4095371708617,-0.01901041428701106,40.99705964713546,2.5216542392686512e-08,1.3369016625090182e-08
1.1125e-06,81.89214057011868,0.16479643664356827,-104.83528128535941,-0.018697855921421196,81.63383921785,0.16567484661268092,-104.08349253744291,-0.018584321415487784,65.85826241650152,2.5235823598927225e-08,1.3226228961494897e-08
1.1150000000000001e-06,90.11612947999524,0.23272632836955662,-107.87665791356811,-0.01834693772820791,89.73541032959182,0.23771984288454862,-107.66028300523323,-0.018107128727386207,87.74282170369676,2.5257677821205003e-08,1.3108010190711345e-08
1.1175e-06,92.32231395179086,0.31533983115899783,-110.77716767816719,-0.01693604608724243,92.54187827171927,0.3132693473152468,-111.12899856649264,-0.017585466273781707,105.66160526665477,2.5282110559824704e-08,1.3027988081089856e-08
1.12e-06,90.2342152609531,0.39278716173086886,-113.73800175095059,-0.01666343126462,89.80823533358283,0.38781787852263416,-114.48009703786123,-0.017025913333364288,118.80472489478618,2.5309086250432424e-08,1.3000377411544057e-08
1.1225e-06,81.49411014001267,0.4559029388961361,-118.4578405350377,-0.01608875305707037,81.78251194701687,0.45695294784409174,-117.70545114299448,-0.016434900705646648,126.57814151173224,2.533852655462627e-08,1.3036884882087846e-08
1.125e-06,69.75279674339042,0.5153114791212764,-122.30745257263062,-0.015431234102298344,69.17231643321077,0.516740939585159,-120.79838285735406,-0.015818668725819437,128.6305143888125,2.537031199376779e-08,1.314370305289759e-08
1.1275e-06,53.04766894382012,0.5627392492940685,-122.81495718933878,-0.015490745049897076,53.05120896589706,0.5640494850744309,-123.7536848125605,-0.015183275756215846,124.8690809458524,2.540428680787336e-08,1.3319435502696839e-08
1.13e-06,34.65309447731285,0.592391466183432,-126.50972151254214,-0.01468211185882243,34.72016013539325,0.5967659159170093,-126.56762867166128,-0.014534643648064139,115.46384940855985,2.54402664994444e-08,1.3554541699966607e-08
1.1325e-06,15.328552115811236,0.6101411557805497,-129.79374705879687,-0.013848316852011815,15.546446585245608,0.6138881811847802,-129.23796050104053,-0.013878621113188725,100.839914823882,2.547804718685233e-08,1.3832445728409443e-08
1.135e-06,-3.5991090146271354,0.620054283699983,-132.63697503127054,-0.012805023977289645,-3.1944481843578165,0.6154849362810815,-131.7638832785004,-0.013221043921104986,81.65824573195282,2.551741569689156e-08,1.413198224087739e-08
1.1375000000000001e-06,-20.591391150272976,0.5993647356479176,-133.90229968399674,-0.012638750688589676,-20.449568433579223,0.6025418369845281,-134.14602678926684,-0.012567772578039503,58.785809893301284,2.555815930043598e-08,1.4430520875537705e-08
1.14e-06,-35.899621225235606,0.5829729284219546,-137.83803218904217,-0.011919609558153261,-35.47288339233236,0.5767279058047904,-136.38640527133103,-0.01192469325347847,33.256389320426265,2.5600074138547285e-08,1.4707014997781823e-08
1.1425e-06,-48.261502525813235,0.540141203467342,-139.66411011611135,-0.011554507263174174,-47.85295349805852,0.5401263288008894,-138.48836327767287,-0.011297675230971605,6.223855685061522,2.564297166959714e-08,1.4944360856162606e-08
1.145e-06,-57.21870156061975,0.5009250202542704,-141.06979341587123,-0.010614384386874086,-57.48369711108339,0.49497648573708497,-140.45651032458036,-0.010692486704134705,-21.08998205367836,2.5686682838033717e-08,1.5130742722165735e-08
1.1475e-06,-64.35470314499725,0.4423560587691492,-143.33629066900812,-0.010251876678419949,-64.48812840058889,0.44346815476343326,-142.29664499160833,-0.010114678782424414,-47.45060063181859,2.5731060055315917e-08,1.52599548458514e-08
1.15e-06,-68.5866906258919,0.38073908047692384,-145.15300906279663,-0.009545183768192186,-69.113002013877,0.3876158866536872,-144.01566922885053,-0.009569453684838788,-71.66656012067699,2.5775977424162847e-08,1.5330926159398478e-08
1.1525e-06,-71.39203735712289,0.3515458838027041,-146.6724113616206,-0.008789466924243537,-71.61696457847223,0.32922399073085973,-145.62149371035943,-0.009061536209541216,-92.64335429837378,2.5821329869792212e-08,1.5346775930953123e-08
1.155e-06,-72.74881655909299,0.2723860534209383,-146.51861277938212,-0.008672940596838225,-72.17526750404231,0.2699336981686035,-147.12293514800527,-0.008595067144443372,-109.43287983854081,2.58670319281079e-08,1.5313704324656488e-08
1.1575e-06,-71.46304102725475,0.2138210300866059,-150.12421247831443,-0.008336698710089558,-70.8202906425513,0.2113273636218547,-148.52960654718046,-0.008173533435712999,-121.27628842155742,2.5913016870056398e-08,1.5239917915736686e-08
1.1600000000000001e-06,-67.17906482311064,0.1606847440590528,-149.92928222530816,-0.007494031100857359,-67.4297804248937,0.1550531101563138,-149.85180144392842,-0.007799743381274307,-127.63828495047198,2.5959236631891965e-08,1.5134666858073412e-08
1.1625e-06,-62.17098167020246,0.09729527145012237,-149.06495907484125,-0.007794470447801977,-61.76517489668073,0.1029292199196024,-151.10037321183137,-0.007475847072471628,-128.23132167035368,2.6005662716714072e-08,1.5007379011897966e-08
1.165e-06,-53.69272786058056,0.05879435452048756,-153.3498642267979,-0.00691011045143173,-53.552420610372764,0.0569915775091912,-152.28661056590013,-0.007203394243953906,-123.02859467198795,2.6052287894642644e-08,1.4866847495700768e-08
1.1675e-06,-42.2595531803102,0.011936668901795419,-151.96793648279186,-0.00672920893872097,-42.58911011511699,0.01945885138446719,-153.42211041945095,-0.006983415086198474,-112.26525536752811,2.6099128224824185e-08,1.472046713773571e-08
1.17e-06,-29.219004868844618,0.0009797141546306733,-154.2998444712614,-0.007099904846810304,-28.856161134824724,-0.0073932371233529,-154.51864926829623,-0.006816505640003854,-96.42778218217782,2.614622471336503e-08,1.4573601300274522e-08
1.1725e-06,-12.692752160229297,-0.02329572274633572,-154.78460105579018,-0.006687561816532589,-12.610662604744478,-0.02143832491266964,-155.5880542843692,-0.006702898859008286,-76.23199283722936,2.6193766786304246e-08,1.4429249338470549e-08
1.175e-06,5.938504602727553,-0.016736219083482724,-156.39489066061535,-0.006735086940675654,5.560750745684437,-0.020958658993571862,-156.64207529810938,-0.00664250541236609,-52.59069101919326,2.6241955589298837e-08,1.4288219923765618e-08
1.1775e-06,24.553076168999745,-0.006613951973523541,-157.66154182482788,-0.0064722771936080925,24.74202529907144,-0.004916309684086008,-157.69225883558784,-0.006634914286870966,-26.57240973189643,2.629066073103821e-08,1.4149949240704939e-08
1.18e-06,43.09243761892213,0.021735906255492606,-158.02807398056623,-0.006889093591208411,43.74602795026175,0.026810514194868316,-158.74982535260935,-0.006679351173562606,0.6468839619220748,2.6339749884382593e-08,1.4013924708381836e-08
1.1825000000000001e-06,61.08874658795179,0.07411568389131189,-160.27090200578934,-0.006855857711062166,61.22543393986745,0.07327058447716983,-159.8255507740978,-0.0067746010714418,27.836939973810864,2.6389542029648912e-08,1.3881428691209341e-08
1.185e-06,75.18759499703255,0.13930563033139984,-161.86771931141993,-0.006784950279945461,75.82092111326094,0.1323963560127442,-160.9296534033056,-0.006918908992146496,53.7688296919588,2.644025056457059e-08,1.3757097340078732e-08
1.1875e-06,86.4616310574689,0.1976164094515457,-161.50910638031328,-0.007122175402920243,86.32436816979589,0.20109163353302342,-162.07168721217286,-0.007109877755420008,77.27049075581277,2.649199537587026e-08,1.3649708004921712e-08
1.19e-06,92.87271418814184,0.27786348911611186,-163.83382221552117,-0.007300492601314356,91.83149131375691,0.27544727410377756,-163.26044246199865,-0.007344383689374726,97.27970160563098,2.6544875803094804e-08,1.3571738862649985e-08
1.1925e-06,92.46830264420414,0.3471459351683598,-164.81072622616927,-0.007390725093558548,91.85949739143848,0.35106163368875665,-164.50385453306743,-0.0076185292351064575,112.89209147798745,2.6598963481042697e-08,1.3537578894390035e-08
1.195e-06,86.13083171226269,0.4289343192753074,-166.33149113623412,-0.008195761908198403,86.41071130426528,0.4234255771544075,-165.80892176360203,-0.00792764628981642,123.40201590475542,2.665429780589937e-08,1.3560703942311974e-08
1.1975e-06,75.47426836989251,0.4886291609056429,-166.9744461199519,-0.00809625315911598,75.97182909568807,0.4883213912548108,-167.18163301316727,-0.00826635648891613,128.33445023609968,2.6710884562972666e-08,1.3650514437744786e-08
1.2e-06,61.28526978036995,0.5459236329990371,-168.58765247289645,-0.008284421157559027,61.448945196995844,0.5421826950433851,-168.6269055741345,-0.008442569338657365,127.4664596728795,2.6768697832318134e-08,1.3809699442652525e-08
