time,v_coil,i_coil,v_bias,i_bias,v_coil_clean,i_coil_clean,v_bias_clean,i_bias_clean,v_coil_src,density_state,heating_state
0.0,-15.17247969379348,-0.0035297198592458825,-86.49370722013862,0.0671781086924063,-16.409243781202086,-0.010752074267728978,-86.6139832753707,0.06678916678020777,0.0,0.0,0.0
2.5e-09,65.55369054241062,0.013570178189585209,-77.7721753382349,0.06727621371148648,64.24148379846213,0.022251948390452945,-78.51407130962492,0.06688809106790498,83.99632354328396,2.6387603120774972e-11,2.7617157615397164e-11
5e-09,143.85468459146315,0.12281101776109819,-74.97917496623812,0.06739866312897642,141.84836682198244,0.15078388755215105,-70.51716153641338,0.06692357113995412,164.1962045472807,5.035898200436215e-11,5.159602788683758e-11
7.500000000000001e-09,211.0297662274314,0.3198818202933788,-67.62648245463373,0.06607782592372517,212.15504101859548,0.3683741832443668,-62.64749988201195,0.06690688614297757,236.97479102983831,7.305212165544308e-11,7.27309320778535e-11
1e-08,270.2394409044348,0.6472547144836133,-56.035543799688035,0.06747301445870899,271.3939993940704,0.6637268263889531,-54.92901119478088,0.06681933704929299,299.0426566206561,9.534642477588466e-11,9.374924333354799e-11
1.25e-08,314.60973257746946,1.0233643722086618,-47.812057758635504,0.06670665760844398,316.56230154151757,1.0214911392510981,-47.38516810027038,0.06663034078513086,347.5944751422103,1.1802011367330897e-10,1.2015366119615819e-10
1.5000000000000002e-08,343.01096336994044,1.4627659361753316,-39.197949917614174,0.06687141932526225,345.6154776244646,1.423313339418662,-40.03886326341597,0.0662982879132166,380.4358149644069,1.417122130582681e-10,1.6025860600062143e-10
1.75e-08,359.2766880593402,1.8719388777726538,-32.35196793058683,0.06539503713890454,357.5604638244446,1.8490564122011368,-32.912285969374295,0.06577342420094509,396.0823223168822,1.668944791594457e-10,2.2437647829208027e-10
2e-08,351.61008190561415,2.3125624839018104,-28.44445588319039,0.06546652441936089,352.44327403409005,2.278063386474809,-26.02680389652847,0.06500251331973035,393.82681069910313,1.9385483445414448e-10,3.2331882143276206e-10
2.25e-08,328.44411339616346,2.7201014250741795,-19.71375962600902,0.06328670879890765,331.2421916356798,2.690343795724774,-19.402850910205057,0.0639345184421047,373.7712240997156,2.226926889557875e-10,4.66536619988953e-10
2.5e-08,295.94981727581757,3.0787475087749496,-15.76874845770595,0.06328529417415242,295.69002886906304,3.067584509116102,-13.059821654080713,0.06252621548466701,336.82202936041466,2.5332539766226643e-10,6.602943508438946e-10
2.75e-08,245.57738939942303,3.3661459261759643,-5.46085291929216,0.059741960448052515,248.057354496902,3.3939200643230145,-7.01597365857886,0.060746665948000655,284.6492459389972,2.855041765437093e-10,9.062445306512855e-10
3.0000000000000004e-08,188.58386168855836,3.6689110726039202,-2.0215970076060295,0.019984210860556705,190.93123561776434,3.6564379412076518,-1.2883376222625387,0.0191518536365097,219.61096483300582,3.1883719379487495e-10,1.2006627761783917e-09
3.25e-08,120.95025413879263,3.8358963248332096,-3.0390917439508476,0.03221199892114234,127.0206995275615,3.845433799591654,-3.395577800146498,0.031868827729713,144.64676823672158,3.528173280074709e-10,1.5344558889644344e-09
3.5e-08,61.262685725809675,3.931590723469983,5.9310853198924995,0.08505646925375211,59.01158069611356,3.954463842014929,4.709789909453079,0.08455055664889156,63.144867120294464,3.891293006632133e-10,1.8963010779001545e-09
3.75e-08,-4.276168819426282,3.997151654445502,6.245243873893681,0.08228263202905506,-10.518626979537238,3.980260976476377,12.420052718320267,0.08226061729469124,-21.2110381901328,4.267745247798165e-10,2.2687452400139578e-09
4e-08,-79.21643695642443,3.946469028291137,21.284152941383894,0.07953851300333963,-79.12854303694404,3.9225856136298165,19.721867370523043,0.07940793987485945,-104.60825287827384,4.669080034817018e-10,2.6350764240595486e-09
4.2500000000000003e-08,-147.33164929547553,3.8179375402667093,26.677837275029397,0.07530199225215566,-144.4979023963546,3.784070906625983,26.60371766362822,0.07603016020796939,-183.27741276074312,5.086144941176269e-10,2.9766394564184294e-09
4.5e-08,-205.17655263173862,3.5711937603712434,35.02546473964054,0.07306658009800529,-204.39286907071502,3.570099027128516,33.05592796982637,0.07218889480903921,-253.6628509641695,5.510023172990631e-10,3.2768823786701147e-09
4.75e-08,-257.924634777903,3.307445591533472,40.8282579139554,0.06739331587111384,-256.6381749192351,3.2887149117101258,39.070664147102384,0.0679591037129005,-312.5833059705515,5.932297105450642e-10,3.522888571245385e-09
5e-08,-293.2264161248493,2.95217360339848,47.129369671073704,0.06265324249666972,-299.1203700253859,2.9505533121672234,44.641922051337644,0.06342028914055382,-357.37570739318215,6.3453030495039e-10,3.706490684864939e-09
5.25e-08,-330.0227089459562,2.5176637565354607,53.195122324081495,0.05784673604967201,-329.8390307932974,2.568730491443547,49.76550395849519,0.05865012715603907,-386.01554069351636,6.742378484332435e-10,3.824847087027189e-09
5.5e-08,-346.8756118705373,2.1754146690112246,56.00260933238391,0.05429602344069761,-347.01153249814905,2.1586389011896223,54.43898330085823,0.053720382317255067,-397.2083506278856,7.11809841279039e-10,3.8804059126722955e-09
5.75e-08,-349.07621949779764,1.7349431336724992,61.12414943358031,0.04881476442220987,-349.2240843525269,1.7375848556968119,58.66165821186251,0.048694621680017265,-390.44824767664795,7.468491707166412e-10,3.8802420018626636e-09
6.000000000000001e-08,-334.45827679918017,1.3543089120945748,61.57651713932944,0.04424195911870828,-335.60960525734504,1.3242259879038258,62.434494459629526,0.04362719325940006,-366.0407730984136,7.791222695501726e-10,3.834832260222106e-09
6.25e-08,-305.940814375451,0.919595392737411,67.76482697297295,0.03804380861707771,-306.02402773663744,0.9377946490273742,65.76005842916592,0.03856302756924612,-325.08908916096493,8.085719213183121e-10,3.756429592653846e-09
6.5e-08,-259.19260739528505,0.5651812798123491,69.46331853042871,0.034017007465247384,-261.1885526867599,0.5971304330802405,68.6424408866793,0.03353795839725731,-269.44411871898404,8.353227092104873e-10,3.6572864602342793e-09
6.75e-08,-201.32580168124264,0.30273242056836513,73.27827040356364,0.028842514411306513,-202.76716151119984,0.31958311006412377,71.08717232598342,0.028579382301130298,-201.6208877161303,8.596773292278743e-10,3.548038980598708e-09
7e-08,-136.79145512818133,0.1415584153761833,74.2229936380948,0.02415153822549564,-133.35620053983033,0.11987944614224838,73.10113075598625,0.023707160801717676,-124.6848517398549,8.821025691447722e-10,3.43656348383832e-09
7.250000000000001e-08,-56.215472460187186,-0.030005590716258742,77.48764765812805,0.019700044218274013,-56.37492694371919,0.009067512751082678,74.69244283930676,0.018934711940408102,-42.11334440981232,9.032046372397421e-10,3.327542865676708e-09
7.5e-08,23.74650464750496,0.009106665600447372,79.40717875466318,0.015455333870456943,24.139447969330874,-0.006344075449015034,75.87037933475979,0.014270247337895114,42.36159018281302,9.236945942435328e-10,3.2228345488410306e-09
7.75e-08,105.17633798523472,0.09451547282974881,75.2914788516807,0.00938431418475863,103.81394308571751,0.07505151281831586,76.64524583045872,0.009718100188456287,124.92187736924586,9.444650750098453e-10,3.122544861413878e-09
8e-08,178.9132906683625,0.1932002197305407,79.30059640451569,0.005772877699895301,178.26864210426209,0.2493687818184555,77.02826977937633,0.005280071895626413,201.83598018324196,9.66064845368849e-10,3.026534677044308e-09
8.25e-08,245.39576192688097,0.48760082002006455,76.2706996846705,0.001199608469804932,243.4538666535835,0.5076424538037333,77.03148486521079,0.0009567110828249308,269.6275563341335,9.893661511364811e-10,2.935961266683562e-09
8.500000000000001e-08,297.89956931515974,0.8195566172618917,75.4558596420766,-0.0018343617339836606,295.9555647781913,0.8364268950208891,76.6676137332459,-0.003251564322617295,325.2325809616894,1.0150390568463962e-09,2.8544407741221365e-09
8.75e-08,335.3430617689566,1.2384582892013463,74.92440328082921,-0.00782506027251381,333.23324170298565,1.2187206143282863,75.94995011857634,-0.007343580167021672,366.13783358209446,1.0436293546554652e-09,2.7885052117311342e-09
9e-08,353.48888392730845,1.6493800496266344,71.83845171977015,-0.012129737815390191,353.76473142882367,1.6351174242031643,74.89224139266699,-0.011316808037081296,390.4944899304589,1.0755256068274703e-09,2.7472042365348644e-09
9.25e-08,353.9494763936807,2.1150136225098892,76.52611000558063,-0.014714256826395855,357.0859128415939,2.06506382162357,73.50857252889742,-0.015167075703257087,397.2016846072617,1.1109370616698448e-09,2.7409153344089564e-09
9.5e-08,343.244305166915,2.521758300806981,70.100328696411,-0.019158841184785988,343.7287736666698,2.488097786371381,71.81325245874602,-0.018888567760702937,385.9562676874094,1.1498834150835475e-09,2.779616576693734e-09
9.75e-08,316.7174057168601,2.873073698180022,73.24255360893231,-0.023099069207890996,315.07544222157486,2.884957624960663,69.82070375291299,-0.022474063318810612,357.26650640648575,1.192196213996157e-09,2.8709939057084928e-09
1e-07,272.2867927814665,3.213579641818815,65.98794665478081,-0.024869156012239716,273.1565780082283,3.2384778520392987,67.54535651635337,-0.025915331935821795,312.42911263918086,1.2375306513074265e-09,3.018775250266426e-09
1.025e-07,219.1880607230693,3.515303530932709,63.698334101574986,-0.029319605573941372,220.42810449899306,3.5342270957250865,65.00154733335513,-0.02920359709880926,253.47063447555794,1.2853857247009741e-09,3.221612437723726e-09
1.05e-07,159.25212938665538,3.7902501488391613,59.33508372263286,-0.03238672796127682,159.55987815829116,3.760883850712286,62.20342403897593,-0.03232998044642994,183.05586086244122,1.3351303136659394e-09,3.4726993368272315e-09
1.075e-07,92.42149143734888,3.89185799021914,58.94021967833363,-0.035089114961019116,93.26377896219124,3.9103825219533683,59.16485702692605,-0.03528585878009186,104.36737921154477,1.3860326961614765e-09,3.760162808137711e-09
1.1e-07,19.748862332219844,3.9979116737173443,58.34180994723159,-0.03797452366962961,24.178151034550183,3.977888519548879,55.89935773200456,-0.03806309614146811,20.96172969617015,1.4372913379042873e-09,4.06813018857723e-09
1.1250000000000001e-07,-44.434410987152006,3.935059490208555,50.659144680978976,-0.0395713290363515,-45.187436860637675,3.9616731442232496,52.42000484813747,-0.04065414919667836,-63.39134226531328,1.4880653455192677e-09,4.378287111390817e-09
1.15e-07,-110.59397027931101,3.860731824263419,48.908570880510965,-0.04286993274180803,-112.45605551172616,3.862955340932615,48.739378761671404,-0.043052079127148264,-144.879269917539,1.5375036442889246e-09,4.6716982940765706e-09
1.175e-07,-178.92126382144292,3.6965002578330415,44.89139146213496,-0.04479209631395403,-175.35531358597052,3.685759725386538,44.86950459460907,-0.04525053057103736,-219.81898450312582,1.5847725745911588e-09,4.930662651328084e-09
1.2000000000000002e-07,-232.18339413130724,3.4469859641429754,43.549059306441244,-0.04756402694907806,-231.6827865645288,3.4368128299823586,40.821804164726416,-0.04724375256913073,-284.8233815830541,1.6290820666460494e-09,5.140396900909392e-09
1.225e-07,-277.4929905061372,3.1256426066269944,34.45433892254015,-0.048855589799819625,-279.2910769911721,3.1254682895464483,36.60705707980992,-0.0490267348665707,-336.9544104438553,1.6697107592888996e-09,5.290374374760005e-09
1.25e-07,-318.50458576070184,2.7841518208353895,39.714513060300945,-0.05126846805584482,-316.11364512786656,2.7636233775302728,32.23537109242522,-0.05059551501204501,-373.8558672990405,1.7060303403628198e-09,5.375180958514166e-09
1.275e-07,-342.9399510444291,2.325388515988711,24.941890794333634,-0.0515099713476931,-340.2429741859172,2.365570015964502,27.716161750516328,-0.05194768001805089,-393.85989033446083,1.7375290321445374e-09,5.394789652642765e-09
1.3e-07,-352.13109848033855,1.9181467331356432,24.172131282793462,-0.05422960091745839,-350.06026094415813,1.9477175067301757,23.05814128857456,-0.05308304583052747,-396.06234326408673,1.7638336105029929e-09,5.354206620259008e-09
1.325e-07,-346.1746373412963,1.5331756471908038,19.941822394348957,-0.05459311948067714,-344.40299892547455,1.5281336127975937,18.2693166149421,-0.05400445500111786,-380.36368023114636,1.7847287578283562e-09,5.262511817831238e-09
1.35e-07,-321.0491606923665,1.14863925089623,9.215889549857419,-0.05498512134314451,-322.746002906064,1.1258741915189827,13.356996163838815,-0.05471859481512093,-347.4734450541555,1.8001720507832423e-09,5.131406248929253e-09
1.375e-07,-286.4173117218619,0.7743816582985289,9.341676360544346,-0.05555895731599072,-285.3647269783784,0.7601055362205238,8.327805296714741,-0.0552367113487345,-298.87820146216524,1.8103026078709054e-09,4.973473614722634e-09
1.4e-07,-234.1098186705988,0.4730045101092565,3.1190485108425885,-0.05557673307905301,-233.44854475096093,0.44906202162123166,3.1877098572982465,-0.055575084984541834,-236.7743437995614,1.8154414657583643e-09,4.800443179066334e-09
1.425e-07,-166.71180074360615,0.23683247765844267,-6.594207014551511,-0.056941332935580534,-169.1363976675202,0.20891763940622118,-2.0579525910496326,-0.05575514352863868,-163.9688250035471,1.8160821586167668e-09,4.621774073609802e-09
1.4500000000000001e-07,-96.31664289512429,0.011423189327927269,-3.3086677156765036,-0.05513120117367797,-95.45721919920085,0.052676823193553254,-7.4044343876621905,-0.055803121626873356,-83.75228872365942,1.8141198537540644e-09,4.445157517480487e-09
1.475e-07,-12.995417763734213,-0.0002889882841009342,-13.251485994955086,-0.055262077629385405,-16.17119614190735,-0.010797711799256909,-12.847532863375172,-0.055749227894911074,0.24966027740837846,1.8123156496635077e-09,4.275906232144253e-09
1.5e-07,64.11665384291194,0.054536444060657024,-20.06639289193851,-0.056035108068280624,64.47705488778136,0.022492533928842835,-18.383539561061397,-0.05562634822441582,84.24032520248947,1.811774026949863e-09,4.114851982957379e-09
1.525e-07,146.27428785317304,0.15377008867547226,-24.485518305966558,-0.05545785498678152,142.0684992444118,0.15129920816713216,-24.009184304702643,-0.055468384892707306,164.42351926895236,1.813023872679114e-09,3.961794351804058e-09
1.55e-07,209.67265191634613,0.35524264349908513,-32.82399494792705,-0.05444494123322429,212.3477507801386,0.36913771813691465,-29.72157487804219,-0.055308392950262894,237.1751447062204,1.8171893204644818e-09,3.8170778482127005e-09
1.575e-07,270.9968865982577,0.6323364062887206,-38.3029901250924,-0.054981563940398596,271.54918593756133,0.664698797897359,-35.518133110380475,-0.05517671426214517,299.2069937218418,1.8251267203670655e-09,3.6829923744345756e-09
1.6e-07,315.8536824347148,1.0179269999608151,-44.4479545349987,-0.05515265305760055,316.6724528206213,1.022621252288031,-41.39652819556966,-0.05509931581491749,347.71536800547096,1.8375831317501962e-09,3.5646132564808364e-09
1.625e-07,345.6088063533562,1.4410573706181584,-49.074791976147516,-0.054014536958631884,345.676098641872,1.4245441922808453,-47.3546080904978,-0.0550965100486763,380.5077995076328,1.8551585644855484e-09,3.4698349745968956e-09
1.65e-07,359.83022765580944,1.830672681659037,-55.78452936168287,-0.05535095935436434,357.57019335480265,1.8503272212494783,-53.390329851169184,-0.05518217692808246,396.10214500264954,1.878278190091053e-09,3.4085549726634382e-09
1.675e-07,355.66667493359216,2.271421155714922,-62.94313595415696,-0.05584467047882767,352.4036997071659,2.2793136543072365,-59.501689767805246,-0.05536353260054306,393.7935755871575,1.9071760770433375e-09,3.3911731504894483e-09
1.7000000000000001e-07,330.9890979871198,2.7099891275611006,-66.32391891943522,-0.055380613327505684,331.15741578844955,2.6915165924412876,-65.68665415520901,-0.05564141294549986,373.6864333414306,1.941890826039793e-09,3.42673161965098e-09
1.7250000000000002e-07,299.1287203776428,3.0750839580273817,-70.31866698730244,-0.05623565121550634,295.56606956584983,3.068629120609394,-71.94309164103397,-0.05601097604839509,336.68951530497077,1.982272350044807e-09,3.521089396627053e-09
1.75e-07,247.82449408287735,3.431009424982953,-73.17243121217965,-0.05570207125147799,247.90148271377308,3.394793874458098,-78.26870777272302,-0.05646268551941499,284.4749979199267,2.027998117554472e-09,3.6754985601794504e-09
1.775e-07,188.06816629276437,3.6504642545638126,-83.40718476180623,-0.058017072877260815,190.75134840597022,3.657107536103852,-84.66098273398168,-0.05698342113692702,219.40285846395517,2.0785965729634764e-09,3.885841491032971e-09
1.8e-07,128.271470119753,3.8266997876347686,-86.72594790129388,-0.05823166176984737,126.82481079117048,3.845875391003609,-91.11711292401304,-0.05755757377712383,144.4142094516505,2.133475224037315e-09,4.142641250406851e-09
1.825e-07,62.21979772703804,3.95506147962403,-99.84896601574471,-0.05904024484948145,58.80747982172143,3.954663184949122,-97.63395710775062,-0.05816801298745226,62.89836704668249,2.1919510353268714e-09,4.431810760778061e-09
1.85e-07,-7.872186090409707,3.9815558317301387,-103.83310047932214,-0.05873415932429859,-10.72353693696042,3.9802129916781124,-104.20798779343613,-0.05879686006998716,-21.46033831031314,2.253281216771269e-09,4.7359932748165935e-09
1.875e-07,-77.45049671163254,3.9403380205170007,-112.45668511690153,-0.05941572864855213,-79.32725430496379,3.9222939145682676,-110.8352484355869,-0.059426048153372685,-104.84908524732167,2.316693129125237e-09,5.036281481888648e-09
1.9e-07,-143.28007617248085,3.773308616502381,-118.03637752340245,-0.060836190270734725,-144.68371637754052,3.7835473779424444,-117.51131699727837,-0.06003769474159634,-183.49889230402502,2.381412697316806e-09,5.314083188121521e-09
1.925e-07,-208.53810656890175,3.5767468484127307,-124.45816212079745,-0.06019738996817053,-204.55929107591624,3.5693635197593023,-124.23127633632544,-0.06061434451989185,-253.85496731070475,2.4466912865210662e-09,5.552914373705385e-09
1.95e-07,-257.5798707505356,3.291915125611589,-131.8065391881395,-0.060311697615798764,-256.7788674337018,3.2877950269440315,-130.98969180607028,-0.061139156208827934,-312.73737589898343,2.5118313393777697e-09,5.73992955166347e-09
1.9750000000000001e-07,-300.95131800285145,2.997541611626354,-137.35520240552407,-0.062017003357964035,-299.229227444221,2.949484162621134,-137.780596383777,-0.06159610551107722,-357.484767293609,2.576211131789745e-09,5.867033547928392e-09
2e-07,-329.1774822464055,2.5374004168499247,-145.01362115403927,-0.06278046225442463,-329.91041009036246,2.5675542694937756,-144.59748355883636,-0.06197025836283016,-386.07466130680115,2.639308775863664e-09,5.9314555312403295e-09
2.025e-07,-349.95224032659706,2.1280160892092086,-147.10177953481772,-0.06221227973254296,-347.0406374983084,2.1574040678319113,-151.4333081298848,-0.06224813918144529,-397.21485983694316,2.7007251401385915e-09,5.93571053785834e-09
2.05e-07,-349.9880634505754,1.7056770404453454,-161.89107207153907,-0.06170150075137495,-349.2074631411221,1.7363447906140017,-158.2804949753262,-0.062418183881059276,-390.4018512800524,2.760204778014137e-09,5.886933986053258e-09
2.075e-07,-332.57772236760076,1.2901071636819548,-166.90587050154167,-0.06264999613795258,-335.54568808246836,1.3230370115361738,-165.13095577641997,-0.06247123416345754,-365.9435681076326,2.817653393697201e-09,5.7956549846385805e-09
2.1e-07,-304.3919232916527,0.9301798164086755,-173.0053178447033,-0.062441315888021744,-305.91361283129754,0.9367134283397996,-171.9761135869004,-0.0624010045706641,-324.9454690202166,2.873149972900491e-09,5.674168875736823e-09
2.125e-07,-260.1816427894312,0.5722428413612065,-181.53411311172076,-0.06202958913275871,-261.03514389515146,0.5962108969808765,-178.8069350588052,-0.06220444199114701,-269.2605747315643,2.9269515809879875e-09,5.534760302454719e-09
2.15e-07,-202.71133395341474,0.32547716988386616,-184.7539868544734,-0.06054860205079988,-202.57707566016632,0.31887310744043806,-185.61397005165622,-0.061881901265481314,-201.40571565228555,2.9794890553016017e-09,5.3880878268687965e-09
2.175e-07,-134.47641790242514,0.14096110239889037,-191.18923417016467,-0.06153285631194953,-133.13839220256384,0.11941745924153933,-192.38739827211856,-0.06143707987716112,-124.44777688685946,3.031352400136098e-09,5.242041908192259e-09
2.2e-07,-56.46928598217271,-0.009765029709010963,-203.03195328399178,-0.06012069277970888,-56.14051880544646,0.008879775358498477,-199.11708251454672,-0.06087668627285894,-41.86508201112984,3.0832655756082045e-09,5.101313251948349e-09
2.2250000000000001e-07,20.918579678074636,-0.011106913688678626,-204.29962238547688,-0.060196864205471955,24.377896315090588,-0.006245720561338776,-205.79262800014627,-0.06020985473220542,42.609819232129496,3.136051441064068e-09,4.9677628321260215e-09
2.2500000000000002e-07,104.23559642821023,0.0815593991561648,-209.32145845925686,-0.059186562069345756,104.04335402056918,0.07543227633797027,-212.4034472445311,-0.05944735822621842,125.15885368145901,3.190706196101858e-09,4.841497828584292e-09
2.275e-07,178.37381667940952,0.25676109196443186,-219.4709680160245,-0.058675147038815344,178.47642223697636,0.250012774229312,-218.93882982090952,-0.05860070260460187,202.05099296870483,3.247880974942691e-09,4.722377858957585e-09
2.3e-07,239.4175073254609,0.5413031280822126,-224.83102352626162,-0.05782625750061484,243.628873644801,0.508516218304186,-225.38801632958518,-0.05768120508344066,269.8108875045929,3.30853778147975e-09,4.611556234973602e-09
2.325e-07,294.96305668828256,0.8572996477957083,-229.28371411890814,-0.056347374238940436,296.08892396354014,0.8374849874401151,-231.7402758344716,-0.05669916382811971,325.3759443657411,3.3734310116384555e-09,4.512640760545165e-09
2.35e-07,334.7416431650685,1.2022078700095833,-236.08815508013654,-0.05644992044732002,333.31891965433715,1.219908721008715,-237.98498598438525,-0.05566321263999002,366.234749520357,3.443183346936829e-09,4.432148378948028e-09
2.375e-07,354.87393236728946,1.6408558968303948,-244.16419716749994,-0.05572817704452678,353.79980970551844,1.636375976980854,-244.11171500143035,-0.054579927436919994,390.54057802322956,3.518252704578998e-09,4.379104531779381e-09
2.4000000000000003e-07,352.15943196132554,2.0989538707646442,-248.70336556779495,-0.05252925480048524,357.07054937030415,2.066331739147232,-250.11030469117344,-0.05345371395752682,397.19486177770324,3.598910126437048e-09,4.3638514800830336e-09
2.425e-07,339.10907456480646,2.5078888607616237,-257.0504521048738,-0.05237523476170623,343.6658839768117,2.489315985158897,-255.97095360983164,-0.05228696520303637,385.8968423118802,3.685229575309824e-09,4.396320223383204e-09
2.45e-07,318.40500828025415,2.8781542323618146,-266.12994476241283,-0.050844284970930693,314.9701706463646,2.886072007383419,-261.68429951256115,-0.05108043943432684,357.15716437663093,3.777089430542558e-09,4.4841381781155224e-09
2.475e-07,274.11026388327775,3.2691647990414987,-263.3208646534872,-0.04944853782159212,273.0156537190933,3.239441579423553,-267.2415002042762,-0.04983378131444968,312.274795965744,3.8741844285114025e-09,4.630964827612702e-09
2.5e-07,222.03476409185072,3.5375275341542136,-275.5032325819548,-0.0481125757129747,220.25918502562925,3.535002074573906,-272.6343119203178,-0.04854609455622694,253.27831792075466,3.976046016625187e-09,4.835375986108555e-09
2.525e-07,156.93830341186398,3.7777341146951273,-276.4382788762521,-0.04688620046311959,159.3709730452518,3.7614414776249077,-277.8551643786973,-0.0472164762184146,182.8342366965839,4.08206867210436e-09,5.0904846662049085e-09
2.55e-07,92.97823789083323,3.9187513613088636,-283.3939807299902,-0.046017025975214114,93.06282076648303,3.9107038281778608,-282.8972316684633,-0.04584443976302704,104.12646434222779,4.191539704503527e-09,5.3843346861379795e-09
2.575e-07,22.304585757655385,3.9364744705745554,-290.6228216579863,-0.0443231090705718,23.97274502833618,3.977963913883283,-287.75449816981285,-0.04443018263518062,20.712412926849115,4.303670372925315e-09,5.700970402844581e-09
2.6e-07,-46.12529377914492,3.9842039582273463,-292.9760846295908,-0.04322426085420942,-45.390092316346646,3.9615019650899685,-292.42181874062436,-0.04297468892110072,-63.63779238443355,4.417626707243832e-09,6.02199617520533e-09
2.6250000000000003e-07,-115.08735934221076,3.856647785766052,-293.07291154811634,-0.04137789902333737,-112.64912153347008,3.8625453954245303,-296.8949724508134,-0.041479692025458884,-145.11171440231593,4.532559091867807e-09,6.32839812916081e-09
2.65e-07,-174.0075650941787,3.7257032029159682,-300.34140044837784,-0.04032190168780071,-175.5322050524646,3.6851269238584052,-301.17070919989,-0.03994754989872096,-220.02691739219273,4.647630303258637e-09,6.602399616236431e-09
2.675e-07,-233.84381746125996,3.4159412879812727,-304.3209869915246,-0.038106746404324515,-231.83708704540817,3.4359809349456674,-305.24678861387645,-0.03838110107117188,-284.99740478334934,4.7620421569843004e-09,6.82914461505769e-09
2.7e-07,-277.4086006037229,3.1275341361897793,-309.4580148588315,-0.035788183669597226,-279.4165465724352,3.124468706561849,-309.1220106847771,-0.0367835707781943,-337.0866585030316,4.875061125075244e-09,6.9980358835878324e-09
2.725e-07,-314.1224160747145,2.781542810284675,-310.6341960369148,-0.0348082738337235,-316.2043712199003,2.7624948429489353,-312.7962376885034,-0.03515858269736468,-373.94036290598956,4.986043195251445e-09,7.1035898870900344e-09
2.75e-07,-335.8276221416866,2.3438193294543397,-315.6195511858547,-0.03463416003322126,-340.2936819536056,2.3643579977216462,-316.2704069948907,-0.03351030592262716,-393.89281448017147,5.094457888561117e-09,7.145710119221935e-09
2.775e-07,-348.83867624822784,1.9507854642469613,-317.769905511156,-0.032367318765194,-350.06676160737936,1.9464731394294812,-319.5465344655028,-0.031843733705084865,-396.0422078521506,5.1999108167831505e-09,7.129331852785859e-09
2.8e-07,-347.5893332725116,1.5557191351027542,-321.178425032626,-0.030056463732531194,-344.3627181504186,1.5269120382340358,-322.6277082205909,-0.030165056500442326,-380.29139533632866,5.302163572273642e-09,7.063461648446988e-09
2.825e-07,-326.5926680326701,1.0942524046911677,-324.2512938873246,-0.028306257072741942,-322.65850479753146,1.1247322631564154,-325.5180726450509,-0.028482063517813974,-347.3522777890875,5.401149244416342e-09,6.959723937667965e-09
2.85e-07,-284.04685595357415,0.7465808041944757,-330.5014372067155,-0.02716941726037644,-285.2321371252575,0.75909895620559,-328.2228025937409,-0.026804489843711893,-298.71362831129295,5.496981581649511e-09,6.830622719986836e-09
2.875e-07,-232.6273689272228,0.4809169708279758,-327.3043646738431,-0.025871485308197086,-233.2757811072348,0.44824209216794697,-330.7480678482293,-0.025144223920435263,-236.57380309452344,5.589955863118808e-09,6.68780536748703e-09
2.9000000000000003e-07,-165.18867351751445,0.23263603871600663,-335.85157137657484,-0.023981430778673287,-168.93114039132402,0.20832790604689527,-333.1009879691313,-0.023515303645810774,-163.7413807275182,5.68053995054342e-09,6.540648761944344e-09
2.925e-07,-93.46355011953031,0.04966722756236178,-334.2842783711696,-0.02198144239063201,-95.22958647218654,0.05234994715510672,-335.28957777979383,-0.021933656745557674,-83.50822083995907,5.769354734751925e-09,6.3954517998880655e-09
2.95e-07,-14.137823021307756,0.005105491524420832,-337.66949315809944,-0.01989361614299222,-15.933136519742456,-0.010842503480232362,-337.32268380738475,-0.020416577936724054,0.4993204562548333,5.857144185210824e-09,6.255405780765337e-09
2.975e-07,65.55843416559605,0.009026808818259225,-340.5681296510603,-0.019796310150415462,64.71259925805728,0.022733954471260337,-339.20991209558014,-0.018981975575927873,84.48429360494873,5.944940261974802e-09,6.121342611595039e-09
3e-07,140.4124369766006,0.16719835289533783,-339.25344145836897,-0.017945387635227183,142.28856767869433,0.1518153070824963,-340.9615478882205,-0.01764745712026392,164.65076907882263,6.033200884579446e-09,5.993070546754788e-09
3.025e-07,214.4442255614351,0.36711875270783045,-346.4383004205818,-0.016288690718396556,212.54036358359247,0.3699019323779789,-342.58846776472404,-0.016429349502136953,237.3754047496117,6.122985891169077e-09,5.870951325848215e-09
3.05e-07,269.3404493711474,0.6430782776592225,-343.8884117983898,-0.015060733926110199,271.70424927271415,0.6656713143368315,-344.10204488493576,-0.01534176277042191,299.3712127008451,6.215090692308934e-09,5.757299420181116e-09
3.075e-07,318.20638452692526,1.0154300971378059,-345.06122501738867,-0.014299189984248752,316.7824630598427,1.0237517496098558,-345.5140480727407,-0.014395800893158932,347.8361235962119,6.310205670076229e-09,5.657219866840179e-09
3.1e-07,344.3184950029786,1.4046054315016085,-348.1670428956719,-0.01356062598442359,345.73657001563373,1.4257752532614143,-346.8365355334776,-0.013599003135842778,380.57963383240514,6.408878479378221e-09,5.578639350221572e-09
3.125e-07,358.36806259818314,1.8802198264597034,-350.2347157262896,-0.01270259080364271,357.57977374755205,1.8515980578090523,-348.0817440593579,-0.012955066365463275,396.12181131356306,6.511486313920518e-09,5.531487546794682e-09
3.15e-07,349.7732109547882,2.2805912623091267,-349.96990238117957,-0.012470117726525334,352.363984909357,2.2805637749959597,-349.26197462910113,-0.012463858567096768,393.7601850117448,6.618219686671298e-09,5.526194904243782e-09
3.1750000000000003e-07,334.055119768591,2.7170616260093072,-350.39941158086566,-0.011656353424893436,331.0725147259651,2.692689082149107,-350.3894753523832,-0.012121693547371474,373.60149505765963,6.729078096104519e-09,5.5718317846869094e-09
3.2e-07,293.0294760326266,3.0826404033957107,-351.05445641265914,-0.011600832637648164,295.44200497944763,3.0696732867332854,-351.4763227459624,-0.011921802961783103,336.5568683298389,6.843876818981918e-09,5.6742837033830665e-09
3.225e-07,246.1872397762701,3.3866095580462408,-350.9898971872617,-0.012151660063375343,247.74552830782682,3.3956671267462144,-352.5343023561618,-0.011854919959789689,284.30063759463184,6.96226314488151e-09,5.834828974196329e-09
3.25e-07,188.35657930790333,3.6427260768006553,-353.9155090948778,-0.012030579853380513,190.57140225150243,3.657776488739122,-353.57478976141135,-0.011909882243422125,219.19466547812905,7.08373976425927e-09,6.049377982677977e-09
3.275e-07,123.40283238107843,3.804253780495366,-356.41494655751137,-0.012798406177180924,126.62888654262561,3.8463162842067393,-354.6086329985888,-0.012074171789874716,144.1815936541374,7.207692799170265e-09,6.308485690084121e-09
3.3e-07,60.946585160232765,4.006076038810348,-358.1832004655379,-0.012840542073437749,58.60336587876719,3.9548618014089905,-355.64603745778356,-0.012334331676965767,62.6518421417908,7.3334221157222615e-09,6.598102636817076e-09
3.325e-07,-11.990714590011022,3.989074701357694,-359.089750149705,-0.012612325282198713,-10.928438735654264,3.9801642784799562,-356.6964542817778,-0.01267623274666174,-21.709629958290897,7.460172008579028e-09,6.900916665534984e-09
3.35e-07,-80.40563478994468,3.892392482582332,-356.22882193352257,-0.013594648105143615,-79.5259372546783,3.922001510149039,-357.76847328901584,-0.013085198061491738,-105.08987622361164,7.587160980666076e-09,7.198072593426925e-09
3.375e-07,-145.63265022540796,3.7906987379031873,-362.497977044519,-0.013729112038133486,-144.86948262677183,3.783023190832192,-358.86972141220855,-0.013546024631798055,-183.72029940484967,7.713610010720297e-09,7.471037768302217e-09
3.4000000000000003e-07,-205.7460652444664,3.595633638804553,-361.54077231249215,-0.013586971374380544,-204.7256464213952,3.568627424052735,-360.00676760917344,-0.014042963860946505,-254.04698343931977,7.838769264643747e-09,7.703394381656277e-09
3.425e-07,-259.79283673644414,3.269872132778102,-356.82910626625636,-0.01528521544991659,-256.9194748633249,3.286874646491072,-361.1850351582973,-0.014559730532351108,-312.8913223636525,7.961943549640843e-09,7.882368560233483e-09
3.4500000000000003e-07,-304.5842053248433,2.9468702571014913,-362.37025471561645,-0.015758624218516017,-299.33798229848475,2.9484146317031343,-362.40872219847444,-0.015079603453180164,-357.59368606471156,8.082516868410102e-09,7.999940460068645e-09
3.475e-07,-327.78449968235225,2.5302674232604816,-367.1613760989994,-0.016043895500135196,-329.9816712069513,2.566377800407786,-363.6807313129082,-0.015585660393241161,-386.133629503924,8.199976201160428e-09,8.053416307976636e-09
3.5e-07,-347.4206252887683,2.144569137291015,-366.33966867296425,-0.016052980620629622,-347.0696118955641,2.156169138370579,-365.00260888827137,-0.01606115960243591,-397.22121223186474,8.313934184440632e-09,8.045387787016852e-09
3.525e-07,-349.46434614440176,1.7093682958586602,-367.7792808238757,-0.016754526617949243,-349.19070366713305,1.7351047923682132,-366.3744949059353,-0.01649004570905534,-390.3553007589886,8.424149776552941e-09,7.983064469181224e-09
3.55e-07,-337.1307552624158,1.2963701720830398,-367.1958353980012,-0.01704536536126979,-335.4816313058871,1.3218482700750613,-367.7950837409112,-0.016857525767787127,-365.8462186481264,8.530545438173819e-09,7.877045364662202e-09
3.575e-07,-304.44297454938555,0.9583241410005288,-365.17404577794497,-0.017009427218793952,-305.80306456506787,0.9356326072894087,-369.26159645748135,-0.01715063784133047,-324.80172059614273,8.63321895556183e-09,7.73969031452024e-09
3.6e-07,-258.34261842419596,0.6227279608631736,-370.8285419644593,-0.01734875102251681,-260.8816162531264,0.595291912292675,-370.76976499893107,-0.01735872446034962,-269.07692444433314,8.73244791032417e-09,7.583342755451833e-09
3.625e-07,-203.16552608083794,0.33437581942218125,-373.9214370340287,-0.01740989845786425,-202.38689365403994,0.31816378510036025,-372.31382857311723,-0.017473728944145523,-201.19046407665294,8.82868502500235e-09,7.418714984722685e-09
3.65e-07,-135.58018771507594,0.14088925666154684,-372.5766195277552,-0.016501037479696494,-132.9205176328004,0.11895624932438091,-373.88654243660767,-0.017490253402121465,-124.21065290385154,8.922543196644337e-09,7.253747631012291e-09
3.6750000000000003e-07,-52.56039178093091,0.03642360873827756,-375.2666130603671,-0.017634162459728035,-55.90607978528958,0.008692871914819189,-375.4791991786452,-0.017405350050685102,-41.61680308477741,9.014769914217851e-09,7.093180009727312e-09
3.7e-07,24.38910677845939,-0.032192869585039946,-378.6256331838235,-0.01760823218963693,24.61633724385495,-0.0061465194348994,-377.08166250310046,-0.017218056854961312,42.858031459762394,9.106211825611274e-09,6.9389221553799605e-09
3.7250000000000003e-07,102.51741185791984,0.035534288946053344,-375.7322146889695,-0.018037661920225566,104.2727191817824,0.07581385203726192,-378.6824134027359,-0.016928727777381043,125.39578058293854,9.197886936454684e-09,6.791132207397293e-09
3.75e-07,172.5326370738543,0.2752058839338978,-382.7349672792428,-0.016052969855597867,178.68412114500518,0.25065750028111516,-380.2686085164203,-0.01653824035300595,202.26592598763648,9.29047330143069e-09,6.6497230647048685e-09
3.775e-07,244.49045130866023,0.5145237804257804,-385.3140104887967,-0.015420338293438501,243.8037695483522,0.5093905986961554,-381.8261503572889,-0.016047183297816556,269.99411215798693,9.38495338654695e-09,6.515902821926113e-09
3.8e-07,294.8610262699469,0.8280977174490837,-379.7581585077061,-0.015574445491115451,296.222149873571,0.8385435469135195,-383.3397689991181,-0.015455130892920166,325.5191793165238,9.482102717201528e-09,6.393333613021634e-09
3.825e-07,333.6033069871577,1.2323199948542032,-385.2581556307213,-0.01516886493163067,333.404451083928,1.2210971249270972,-384.7931147102612,-0.01476009821030357,366.3315208749404,9.582563561226207e-09,6.288583584337311e-09
3.85e-07,356.4422771020868,1.6423211365525185,-387.0118655543618,-0.014396274062990672,353.8347374954889,1.6376346472352363,-386.1688609302057,-0.013958243965347977,390.5865119367647,9.686811551524937e-09,6.210723466174256e-09
3.875e-07,356.64864567061556,2.056253023000042,-387.18482141881105,-0.013230940528515001,357.05504017427467,2.067599595300854,-387.4488168939953,-0.013043850516867064,397.1878821419038,9.795133259456188e-09,6.170132619691152e-09
3.9e-07,343.99216918533375,2.487082483900784,-387.2444860929577,-0.012046738251916734,343.60286075803583,2.4905339543499028,-388.6140491251921,-0.012009569593808913,385.83726459038945,9.907615686448743e-09,6.176769670200748e-09
3.925e-07,315.07294169586703,2.904669017455996,-392.60734853225864,-0.010082803043133722,314.8647833913182,2.887186010426568,-389.6450109394711,-0.010846884598764525,357.0476813467826,1.0024147465198546e-08,6.238280097439826e-09
3.9500000000000003e-07,274.80134886518135,3.2299571541326078,-390.04846115272363,-0.009511038512204717,272.8746352846495,3.2404048016362323,-390.5216790290513,-0.009546712079256857,312.120356011164,1.0144430515822924e-08,6.358332910562261e-09
3.975e-07,218.2701478734135,3.5196496974819937,-390.13755542943176,-0.008733258555263985,220.0901947683409,3.535776449690423,-391.22369613358296,-0.00810005069828157,253.08590137568044,1.0268000126432199e-08,6.535506731399994e-09
4e-07,158.94302175064956,3.7401092090008095,-393.7348834213901,-0.00669328395022912,159.18202082944146,3.7619984306988266,-391.7305187464345,-0.006498587792474575,182.61254035066668,1.0394251011274446e-08,6.7629128364297135e-09
4.025e-07,96.61186313793644,3.9125884183162585,-388.982536524823,-0.00486104907793164,92.86183846207072,3.9110244186401215,-392.0215687570413,-0.004735190546659203,103.88550836542899,1.0522466868357762e-08,7.028590859724581e-09
4.05e-07,22.100185077688003,4.002379388257587,-395.9471733303953,-0.002493889303994954,23.76733674797896,3.9780385775759104,-392.07638789054596,-0.0028042374281895656,20.463087980596182,1.0651851271244231e-08,7.316580209105824e-09
4.075e-07,-42.52927114001139,3.986211018477666,-389.980809940463,0.0005752773277492677,-45.59272938914376,3.961330066066885,-391.8747937757225,-0.0007017802772439012,-63.88421738036193,1.0781558288511709e-08,7.60848060987551e-09
4.1e-07,-108.91102016694221,3.8321871598618014,-390.0365895123492,0.0016316600801321887,-112.84214942866623,3.8621347651605964,-391.39703645144283,0.0015744382140938575,-145.3441015992848,1.0910721893570888e-08,7.88527429384581e-09
4.125e-07,-179.60954885190066,3.682339200062875,-388.728124000173,0.003942854905832076,-175.7090392420786,3.6844934961967266,-390.62395411089335,0.004025059364792716,-220.23476341811718,1.1038483859745128e-08,8.129181266405693e-09
4.15e-07,-232.72853112084653,3.3948438020903353,-386.0358658551627,0.006172763119108837,-231.99131154741232,3.4351484952646607,-389.53712688152274,0.0066492077662781745,-285.1713154711841,1.1164020299262421e-08,8.32534198936792e-09
4.175e-07,-281.28142147301617,3.092194941891351,-388.8768019047862,0.008712206367144072,-279.54192213853577,3.123468682605418,-388.1190274473295,0.009444546013481858,-337.21877348573344,1.1286567208760225e-08,8.463154389051777e-09
4.2e-07,-316.7133193601594,2.7239077178385522,-387.56271119445387,0.013264563124903395,-316.29498660832,2.761365992000285,-386.35316733853296,0.012407229766353391,-374.02471088720597,1.1405445293647e-08,8.537127322516768e-09
4.2250000000000003e-07,-340.9502106143301,2.3831548294631637,-388.0940227222053,0.016427360763548678,-340.34426481689286,2.363145806271927,-384.22423774178856,0.015531733899343984,-393.92558312323706,1.1520083987733478e-08,8.54715224944652e-09
4.25e-07,-350.2792451486245,1.966967348843037,-382.9328763757215,0.018634760694745327,-350.0731271301824,1.9452287566626387,-381.7182437216944,0.01881055356415262,-396.021916089023,1.1630044048765513e-08,8.498146323315634e-09
4.275e-07,-342.4411298493365,1.50458567441352,-376.03848022558026,0.021973551187037643,-344.3222975620105,1.5256906146838642,-378.8226307910898,0.022233817921355415,-380.2189603084905,1.1735037521624765e-08,8.399090467461609e-09
4.3e-07,-322.261935272156,1.1299246603826774,-370.3133060240754,0.025445802104881874,-322.57086921008187,1.1235906533519608,-375.52640282320976,0.025788882552848454,-347.23097339484167,1.1834943362659667e-08,8.261575033128287e-09
4.325e-07,-285.20162559623236,0.7689155906617676,-370.6390980990464,0.02926439594237336,-285.0994201395908,0.7580928542264714,-371.8202303626716,0.029459983574266362,-298.54893723301234,1.1929816743980028e-08,8.098061350012215e-09
4.35e-07,-230.7983466687249,0.4505918970545802,-366.56077979133784,0.03389534172575319,-233.1029090102892,0.44742278226164495,-367.6965484640161,0.03322803863015883,-236.3731689938952,1.2019890102387421e-08,7.920146340374353e-09
4.375e-07,-169.5797647968714,0.18572023569078405,-366.0013923918639,0.036818684179449473,-168.7258011561876,0.2077389060410361,-363.14964326552143,0.03707066632805643,-163.51387180898664,1.2105564404934279e-08,7.737150424659685e-09
4.4e-07,-95.88358953549168,0.016996987511701957,-360.0061110069333,0.041392993472578604,-95.00190470352223,0.05202388203247249,-358.1757265916,0.040962468146039516,-83.26411998853288,1.218738984758503e-08,7.555312530336939e-09
4.425e-07,-16.131654937447582,-0.04165754140602864,-351.11934702402027,0.044458404459910006,-15.6950650280418,-0.010886449274850453,-352.7729979685752,0.04487557985483951,0.7489804379781855,1.2266036197588883e-08,7.377763283166176e-09
4.4500000000000003e-07,65.2234025570841,0.04782253754258958,-344.98550013625834,0.04896056175486269,64.94811679577717,0.0229762099177483,-346.9416935352539,0.04878045921313784,84.72822865434892,1.234245886770113e-08,7.205275753991819e-09
4.475e-07,142.78596569973087,0.14831585799617716,-339.0407062243072,0.05270722622433035,142.508572019922,0.15233218406252858,-340.68412143066814,0.05264683998075633,164.87795388717745,1.2417033956479767e-08,7.037602940298447e-09
4.5000000000000003e-07,212.46270530335332,0.3495018550917763,-330.93691350760787,0.056234721204642006,212.73287934060812,0.37066682560694236,-334.0046833458124,0.05644475547815466,237.57557108095415,1.2490739597716891e-08,6.875055485668641e-09
4.525e-07,271.34874625859476,0.6100505682090334,-327.2803644383034,0.0606701085083014,271.8591893339223,0.6666443752424541,-326.9098820332854,0.06014552267765095,299.53531349283514,1.256428676941942e-08,6.7199002849026754e-09
4.55e-07,314.9566635007579,1.0187029185703274,-323.63227051875424,0.06355025549152934,316.8923322200635,1.0248826306754302,-319.4083146775669,0.06372258235164796,347.9567418667582,1.2638280030051368e-08,6.577196719624907e-09
4.575e-07,347.11703246094714,1.4298005874892366,-312.977318450032,0.06656491407312187,345.7968917341248,1.4270065217756367,-311.5106521383132,0.06715211148022954,380.6513179103657,1.2713180364707628e-08,6.4548257089314e-09
4.6e-07,359.1953386454798,1.837204000736595,-301.80745693260246,0.07014729916768625,357.5892050169022,1.8528689212853366,-303.2296041886301,0.07041335755516533,396.14132124185863,1.2789278026824323e-08,6.362669224838012e-09
4.625e-07,352.54533632122224,2.2688801005361117,-294.67423225526767,0.07414502769480677,352.32412967686184,2.281813747968662,-294.57987097886286,0.07348868511942795,393.72663898604685,1.2866676918948471e-08,6.311107007874962e-09
4.65e-07,329.2371619726415,2.6787700963413563,-283.355090559068,0.0766109251594213,330.9874885011254,2.69386126432569,-285.5780810631377,0.07636336623342305,373.5164092819361,1.2945290877219872e-08,6.309155758122704e-09
4.675e-07,297.27489127417886,3.079250178627881,-280.394644817133,0.07936174972062238,295.3178351736103,3.0707170070367367,-276.2427164297818,0.07902518201780652,336.42408848738467,1.302485109390398e-08,6.362645587106522e-09
4.7e-07,247.69620448340783,3.3956446093200476,-264.99632740727225,0.08136565800562699,247.5894913481633,3.3965398208230733,-266.5940250770253,0.0814639267001458,284.12616503194823,1.3104922987408196e-08,6.472799822552283e-09
4.7250000000000003e-07,186.8440234698865,3.6299777813925505,-260.6991366195871,0.08316181950732335,190.3913972243432,3.658444798845231,-256.6539217711588,0.08367091561330588,218.9863859577222,1.3184930226726946e-08,6.635476986323206e-09
4.75e-07,127.7983587575568,3.8806314571856193,-250.24482792265607,0.08544673550564241,126.43292684980923,3.846756479033437,-246.44587771485115,0.0856385940412888,143.94892093601192,1.3264183395633429e-08,6.8411860925619e-09
4.775e-07,57.16140533178344,3.9241562630030327,-235.81343990486303,0.08830037744671192,58.39923893166004,3.9550596913288887,-235.99479993781068,0.08736032714680082,62.40529250294544,1.334191093281816e-08,7.075840136782972e-09
4.800000000000001e-07,-9.498592041700174,4.014647611935221,-226.0712391558929,0.08839226601303711,-11.133332314723097,3.980114836918009,-225.32690129977965,0.08883042713833397,-21.958913035653378,1.3417290436088072e-08,7.322099727683412e-09
4.825e-07,-80.98221050083431,3.9139814474023304,-211.35675370465705,0.09047721670096456,-79.72459182788872,3.9217084005092895,-214.4695620662734,0.0900444481856685,-105.33062571208144,1.3489479051867898e-08,7.561093968418642e-09
4.85e-07,-145.56552844547102,3.8204638749710997,-204.56542464423143,0.09178314517754296,-145.05520108758165,3.782498345532723,-203.45118407998865,0.09099975784377538,-183.94163397581218,1.3557642340615283e-08,7.774286517646483e-09
4.875e-07,-203.54756328332385,3.598327902657571,-193.62988563160656,0.0921168323766257,-204.89193505195786,3.5678907403454683,-192.30103860489015,0.09169637918750091,-254.2388992742079,1.3620981571597016e-08,7.945267769832811e-09
4.9e-07,-255.09389929024988,3.2778454435387325,-180.47687545682055,0.09227100669672686,-257.05999715481505,3.285953770784205,-181.04910896519075,0.09213808968657045,-313.04514530378106,1.3678759742765568e-08,8.061283270381218e-09
4.925e-07,-299.804407649262,2.950990644066273,-171.87208167495808,0.09289652180424307,-299.44663453880764,2.9473447199363068,-169.72592913743253,0.09233375441700653,-357.7024636634907,1.373032667896455e-08,8.114342690471176e-09
4.95e-07,-332.07813776827686,2.533307686667255,-160.2743521829901,0.09249625208985056,-330.0528141009891,2.5652010847874585,-158.3624194803651,0.09229884897793099,-386.19244526160514,1.377514333149965e-08,8.101790419882857e-09
4.975e-07,-347.56068425779404,2.1230997965921135,-148.07455111388592,0.09214712570787095,-347.09845565952133,2.154934113468344,-146.98972080409828,0.09205707169720669,-397.2274078101425,1.381280494292076e-08,8.02626332286718e-09
5e-07,-344.78440476301483,1.7224798274418696,-133.76341736523693,0.09128050013750579,-349.1738059165938,1.7338648616577181,-135.63902798698774,0.09164183355246341,-390.3085961318346,1.384306216163583e-08,7.895021565713627e-09
5.025000000000001e-07,-334.85123723459174,1.3584152404314962,-125.12129920948964,0.09097575127335189,-335.4174349343593,1.3206597642219136,-124.34142434583033,0.09109723422470564,-365.7487247583254,1.3865838630273928e-08,7.718718847652726e-09
5.05e-07,-303.65121763715734,0.9542455679146377,-112.53706335633915,0.09107189272411095,-305.69238296842667,0.9345521865429066,-113.12771795229332,0.09047789773274309,-324.65784394549354,1.3881243171334979e-08,7.509773045679725e-09
5.075e-07,-261.9896992147086,0.5586788354770311,-102.16647401643712,0.08999142550168665,-260.72796981585014,0.5943734796067608,-102.02828106616839,0.08984681900124511,-268.8931679297946,1.3889574571429e-08,7.280589037072676e-09
5.1e-07,-201.32031144401137,0.33798323588040213,-87.81528001104175,0.0889473350999923,-202.19661557114955,0.3174551435191781,-91.0728938243094,0.08927030817030056,-200.97513307421383,1.3891317192012643e-08,7.041944927288668e-09
5.125e-07,-133.38893077705,0.13014524554762613,-85.9277923715501,0.0882984762925827,-132.70257692791202,0.11849581671440519,-80.29059328320668,0.08880942536906263,-123.97347988444632,1.3887126218700596e-08,6.801853281845099e-09
5.15e-07,-55.71163169760311,0.00704623961518539,-68.66634831289839,0.08843975874222389,-55.67160999323644,0.00850680256451091,-69.7095288635164,0.08850817530632737,-41.36850772876879,1.3877802245936759e-08,6.565133705697758e-09
5.175e-07,26.880832637904923,-0.029231564421315467,-52.52100129725025,0.08840428196725653,24.85477064109096,-0.006046472120483753,-59.35682518690332,0.08838018998697944,43.10622676772321,1.3864255964329753e-08,6.333787051032301e-09
5.2e-07,106.16568970856586,0.060834342404055344,-50.04251976846823,0.08852022948546456,104.50203845908722,0.07619623966752327,-49.258453229810065,0.08839727782668001,125.63265798014844,1.3847578552736778e-08,6.108074362299454e-09
5.225e-07,178.15544763486187,0.23778799270676285,-39.504638350849575,0.08802130255581136,178.8917387308386,0.2513029595387468,-39.439110645838895,0.08848419552629695,202.48077915518255,1.3828537933032425e-08,5.888024009014593e-09
5.250000000000001e-07,239.05087260189325,0.4857223024538054,-30.726756548583687,0.08852146826439534,243.97855428665875,0.5102655943826452,-29.922112028913485,0.088523288903741,270.17723022198345,1.3808211815220183e-08,5.674971301790301e-09
5.275e-07,297.0338176825953,0.849580173866269,-23.065556874134998,0.08823531346544314,296.35524245566035,0.8396025727175482,-20.729289804053543,0.08836982670282073,325.66228575749045,1.3787483831860041e-08,5.472715325952816e-09
5.3e-07,336.2791519880256,1.2122040846865898,-13.234236783246669,0.08694664418489415,333.48983596647565,1.222285825276079,-11.880906342121452,0.08787481038584623,366.42814760764196,1.3767115234600482e-08,5.287968129505274e-09
5.325e-07,351.9100320714949,1.633461227361214,-4.881781795091271,0.08663958977617854,353.8695148004237,1.6388934341212764,-3.3955778001467323,0.08690887127003008,390.63229165293063,1.3747711370131318e-08,5.129948340949589e-09
5.35e-07,355.4328110696904,2.0492667319183484,4.381374298343168,0.0857263368354951,357.03938527933326,2.068867389247313,4.7097899094528906,0.08538051258945117,397.1807457026186,1.3729699057537164e-08,5.009184719944714e-09
5.375e-07,343.28401029305735,2.502911047104213,14.078511472206632,0.08325536213614543,343.53970405563257,2.491751693156775,12.420052718320203,0.0832446278594153,385.77753454645637,1.3716174580610954e-08,4.938788334122248e-09
5.4e-07,310.55883555353194,2.894686294580016,17.522156603982868,0.08080031834136112,314.7592805155113,2.888299633387025,19.721867370522965,0.08050117555497961,356.93805736016554,1.3709001151923398e-08,4.9283507134677e-09
5.425e-07,272.38085862176837,3.2533121012268325,20.529895698087113,0.07588703510189083,272.73352277197097,3.241367518085663,26.603717663628057,0.07718688970766341,311.96579283641057,1.3707791204120429e-08,4.981244016770928e-09
5.45e-07,220.23989124294818,3.5298677513307632,35.234797941065736,0.0724797113821562,219.92113379714834,3.5365502206128516,33.05592796982617,0.07336389412020428,252.89338491630474,1.3711993412322055e-08,5.095761413873443e-09
5.475e-07,160.80325105004732,3.758252345815921,41.78638552228971,0.06897538361001337,158.99302158005958,3.762554709613073,39.070664147102384,0.06910843861805002,182.3907719122081,1.3720919418944347e-08,5.264742593473409e-09
5.5e-07,93.85964551570993,3.93364425342722,46.29547141803445,0.06420184038199002,92.66083211518236,3.911344293164793,44.641922051337566,0.0645016612706131,103.64451137627943,1.373377400481079e-08,5.475971770724197e-09
5.525e-07,24.295713535623015,3.9649161889041324,48.915364453399654,0.059234771157658614,23.561926256065988,3.9781125105975654,49.76550395849506,0.05962306104961256,20.21375495584019,1.3749686537752795e-08,5.713250908790202e-09
5.55e-07,-44.803805140243725,3.912060355648808,60.19262751117065,0.05505887259667025,-45.79534801960813,3.9611574472687434,54.4389833008582,0.054546553318971666,-64.13061715581162,1.3767742089690284e-08,5.957961375274755e-09
5.575000000000001e-07,-115.28111394120289,3.7826472643191402,58.87728389852827,0.049106377739977496,-113.03513914008833,3.861723450395508,58.66165821186255,0.0493385782479714,-145.57643141670684,1.3787011282969567e-08,6.1908864944815465e-09
5.6e-07,-176.9457622143676,3.6879276341944056,63.7907179016063,0.04487914336159816,-175.88581609897903,3.683859442790599,62.434494459629505,0.04405762154906923,-220.44252249884374,1.3806578559158757e-08,6.394066467346211e-09
5.625e-07,-234.59436575098547,3.4440362403936344,67.24126861187332,0.03850439446053788,-232.14546001613942,3.4343155114550696,65.7600584291659,0.03875456150884117,-285.3451135779008,1.3825569027134951e-08,6.55248008353182e-09
5.65e-07,-282.50458690085503,3.1138099087049382,67.46314908053691,0.032709600896223955,-279.6672036378065,3.12246821830829,68.64244088667922,0.03347338288049672,-337.3507553398033,1.3843174250973094e-08,6.655380236236567e-09
5.675e-07,-319.99766092261996,2.7528839725384406,79.06141530677111,0.0282353474107206,-316.38549124691446,2.760236825414627,71.08717232598339,0.02825194103432357,-374.1089112093894,1.385867724762359e-08,6.697145480777453e-09
5.7e-07,-341.92615794624385,2.419556200230737,74.27748001776125,0.023071730323168865,-340.3947227389724,2.361933442422153,73.1011307559862,0.02312259105348429,-393.9581962507212,1.3871476608356654e-08,6.677549515694308e-09
5.725e-07,-349.98126250618833,1.9353281492415675,72.62378833628493,0.018824443864418058,-350.0793574898252,1.9439843592831405,74.69244283930678,0.018112605104539676,-396.0014679827145,1.3881109122423806e-08,6.601401979177608e-09
5.75e-07,-340.80511378884,1.5413621249792782,75.26434167644912,0.013045239566636882,-344.28173715620346,1.5244693430103662,75.8703793347598,0.013244384265620239,-380.1463751762288,1.388726969318952e-08,6.477584366642707e-09
5.775e-07,-318.6534633846014,1.1000520583859226,78.06256591023671,0.007835269104654131,-322.483096162108,1.1224493629362453,76.64524583045872,0.008535527914918666,-347.10953191930656,1.388982683976936e-08,6.317593950927325e-09
5.800000000000001e-07,-285.8696061765113,0.7532502740939568,74.72395516742313,0.004490720241750165,-284.96657606426294,0.7570872310354703,77.0282697793763,0.003998855608069572,-298.3841282923375,1.3888831804011434e-08,6.133804290210415e-09
5.825e-07,-231.8639050781989,0.4575294270097214,76.34090029457205,0.00045291285111683465,-232.92992852725828,0.4466040925312001,77.03148486521079,-0.00035751532548565273,-236.17244157688103,1.38845193301234e-08,5.937729677575681e-09
5.85e-07,-169.01309779055748,0.19767704044424078,72.28123869761146,-0.0037234021018462482,-168.52038005065933,0.20715063985339063,76.66761373324591,-0.004529945732764552,-163.28629833776807,1.3877298593202526e-08,5.738613767757015e-09
5.875e-07,-94.07963257259384,0.07148938809097088,76.1814403306375,-0.008432099708098693,-94.77417399784332,0.051698628094249396,75.94995011857634,-0.008518842405805497,-83.0199862657563,1.3867733498848695e-08,5.542625974983635e-09
5.9e-07,-17.45862001560983,0.0009407477105111209,74.97124748005677,-0.012108529304635397,-15.456981780159698,-0.01092954913066253,74.89224139266715,-0.012327995594210703,0.9986401240145106,1.3856512571249627e-08,5.352836291640832e-09
5.925e-07,67.02160434572883,0.007147612946935684,77.6740447742775,-0.01680912075568026,65.18360738743063,0.023219300098995973,73.50857252889739,-0.015963707511011803,84.97213025438352,1.3844615335933636e-08,5.169967347955391e-09
5.95e-07,143.75121555383598,0.14972319928895858,73.561970596089,-0.019801521538776044,142.72851216321877,0.1528498387258513,71.81325245874602,-0.019433772826577184,165.10507360432598,1.3832443572625854e-08,4.993732360900757e-09
5.975e-07,208.07596519414872,0.3769818803243289,71.30842032015694,-0.022511089487369674,212.9252979628876,0.37143239725465105,69.82070375291312,-0.022746401836288888,237.77564362122135,1.3821006958832798e-08,4.8244121248750065e-09
6e-07,272.05107035767026,0.6315085418665489,71.95012231909034,-0.025726877983543162,272.01400605564936,0.6676179798939295,67.5453565163535,-0.02590919192417328,299.6992960330262,1.3811050026479406e-08,4.664251638954802e-09
6.025000000000001e-07,314.1705853161488,1.036341992077478,67.48892286434372,-0.02907014999030059,317.0020602622505,1.0260138946588178,65.00154733335513,-0.02892825095835063,348.07722276949545,1.3803213085235688e-08,4.518293391418283e-09
6.05e-07,347.3848035518297,1.447242648835544,63.29093807655221,-0.03177136164568831,345.85706378579806,1.4282379969419017,62.2034240389759,-0.03180755804897481,380.7228517132139,1.379799442499472e-08,4.394403020701261e-09
6.075e-07,356.31643530231275,1.8769069146152273,57.90266297472304,-0.03409460926419001,357.5984871771346,1.8541398107912186,59.16485702692613,-0.03454861610064526,396.1606747798346,1.3795722499185466e-08,4.30244564604075e-09
6.1e-07,350.80134377420495,2.284402732547822,54.09171240157877,-0.03757744629173087,352.2841340459378,2.2830635723788437,55.899357732004674,-0.03715041232221353,393.6929375233075,1.3796539635348605e-08,4.252780176419946e-09
6.125000000000001e-07,330.06649523950347,2.695177908541837,54.890120461331776,-0.039437654051965275,330.90233716686794,2.695033138204281,52.42000484813738,-0.039609663941909956,373.43117604784806,1.3800397640533492e-08,4.254397227404532e-09
6.15e-07,298.4570406178943,3.0703847133039455,46.61842797240899,-0.04273453036403931,295.19356021211826,3.071760280862685,48.739378761671276,-0.0419212933531857,336.2911758300275,1.3807064539201082e-08,4.313095493814567e-09
6.175e-07,244.55616295388438,3.4041183076394033,43.6097985618979,-0.04499420696838672,247.43337190389053,3.397411956161721,44.86950459460914,-0.044079055070055384,283.9515803007524,1.3816140757210832e-08,4.4300624594907195e-09
6.2e-07,189.9753183845737,3.6393140447635757,38.242018563396535,-0.045930311914214955,190.21133339447056,3.659112466036695,40.82180416472656,-0.04607622928910353,218.77801998495818,1.382708246399128e-08,4.601117872547845e-09
6.225e-07,127.55873311174089,3.8495773122445924,35.74553086776118,-0.04670333964905086,126.23693178060725,3.8471959752435714,36.607057079810055,-0.04790630389232451,143.71619138913744,1.383922956439448e-08,4.81673068550979e-09
6.25e-07,59.68786085232378,3.9278918462016343,35.434654904454206,-0.048874016355046554,58.1950990447964,3.9552568546124443,32.23537109242517,-0.0495635859522431,62.15871822747612,1.3851835983467513e-08,5.062773941878658e-09
6.275e-07,-11.639537151041397,3.9644279018306317,25.57780267802272,-0.051932098635238316,-11.338217613269796,3.98006466703454,27.716161750516324,-0.05104371046605851,-22.20818744398194,1.3864100339793877e-08,5.32186930064385e-09
6.3e-07,-82.83204986744624,3.890788828835452,23.99448872028883,-0.05227702128943696,-79.9232179664022,3.9214145858229337,23.058141288574568,-0.05234404196347226,-105.57133361768831,1.3875195736237333e-08,5.575108190392735e-09
6.325e-07,-145.39592615864322,3.7455070255193967,21.991648602851072,-0.05382685894869701,-145.24087170349762,3.781972842341531,18.26931661494216,-0.053463987377772866,-184.16289592952816,1.3884298065855843e-08,5.803917525932601e-09
6.350000000000001e-07,-201.41304248842525,3.583956038631461,18.32690247493318,-0.0553502475147393,-205.05815691241585,3.567153469049432,13.356996163838843,-0.05440525080742774,-254.4307147396072,1.389061279271873e-08,5.9918509994181095e-09
6.375e-07,-256.5153686707587,3.2585136462556,8.284448578469009,-0.056045172785946486,-257.200434254894,3.2850324003388907,8.327805296714528,-0.055172059561658965,-313.19884465864646,1.3893400508468463e-08,6.126116160969372e-09
6.4e-07,-303.04822524714785,2.8865551447136255,7.847184444796106,-0.05644969972043777,-299.55518411583097,2.9462744279257147,3.1877098572980866,-0.055771376566335136,-357.8111000469995,1.3892001621634553e-08,6.198681719196155e-09
6.425e-07,-328.35261482089857,2.5901804200676772,4.311955174259021,-0.05591079918792717,-330.12383873042774,2.564024123309148,-2.0579525910493928,-0.05621309090050411,-386.2511085566247,1.3885860305242889e-08,6.206846237123636e-09
6.45e-07,-348.8235840712195,2.181815890985496,-5.171916301581402,-0.05675835366684081,-347.1271687598258,2.153698993849154,-7.404434387662002,-0.05651015309903906,-397.23344656933057,1.3875796504265841e-08,6.154506134352917e-09
6.475e-07,-352.5314947562859,1.7270744179011286,-11.10156877895502,-0.05681477976085104,-349.15676987559317,1.732624999224597,-12.847532863375301,-0.056678603284848014,-390.26173741702735,1.3863521484325605e-08,6.0509064401074375e-09
6.5e-07,-338.21744438254234,1.3361857101621228,-20.942339609089135,-0.05636934134958603,-335.35309897471336,1.3194714947027677,-18.383539561061518,-0.0567374350975255,-365.6510864767218,1.384896901821725e-08,5.9065613295020834e-09
6.525e-07,-303.2287199232956,0.8988838756668983,-25.756463361525373,-0.056963116284426754,-305.58156807192705,0.9334721667729172,-24.0091843047027,-0.05670824959658609,-324.51383912506986,1.3832247501726092e-08,5.733738583511275e-09
6.55e-07,-260.8459146997573,0.6116047628733262,-24.6698253309549,-0.056198647916246944,-260.57420463855976,0.5934555995048247,-29.72157487804224,-0.05661467840679241,-268.70930526049176,1.3813644956428145e-08,5.544682855062055e-09
6.575000000000001e-07,-200.80178870787486,0.30353079298524993,-35.961698140157935,-0.05705666572672258,-202.0062414898799,0.3167471831531974,-35.51813311038073,-0.05648158769926719,-200.75972272996893,1.3793624884267168e-08,5.350003309048934e-09
6.6e-07,-131.88473905831194,0.12834106654486105,-43.52108641068166,-0.05668511980103916,-132.48457018531587,0.11803616171477795,-41.39652819556953,-0.05633410614336499,-123.73625792227193,1.3772811785739529e-08,5.1575371246474605e-09
6.625e-07,-55.10544241782949,0.000674835226499494,-46.03487054243536,-0.055794496630066526,-55.43710953930977,0.008321567439572596,-47.35460809049774,-0.05619654438401087,-41.12019604112989,1.3751966038890779e-08,4.971924865062613e-09
6.65e-07,26.786897835826046,0.004304832080134533,-49.87305888303366,-0.05659471619927819,25.09319639225976,-0.0059455786633070195,-53.39032985116909,-0.056091287933437005,43.35440505802837,1.3731948907126405e-08,4.79498748061946e-09
6.675e-07,104.5027723102981,0.08303595199608958,-59.05115434379869,-0.056188450059406675,104.7313117422353,0.07657943901325577,-59.501689767805075,-0.05603774974223976,125.8694857795719,1.3713791380655868e-08,4.626807483351208e-09
6.7e-07,180.01245010153568,0.20849216575833154,-66.568361166207,-0.05575806552859874,179.09927489701815,0.25194915163583165,-65.68665415520911,-0.05605146479664202,202.69555238652615,1.3698198400776694e-08,4.467237275892988e-09
6.725e-07,243.01659704495393,0.48745912351012666,-70.8223686562661,-0.05557266595401801,244.15322778220684,0.5111412048763143,-71.94309164103416,-0.05614339849827331,270.3602416242862,1.3686170903058437e-08,4.317438710034708e-09
6.75e-07,296.5165837666518,0.8136936362173824,-76.94477227314074,-0.05629612465723948,296.4882016572617,0.8406620642813221,-78.26870777272306,-0.05631952419390725,325.805263632141,1.3678509979103304e-08,4.181038714979219e-09
6.775e-07,336.19231973972325,1.18966725074522,-82.59308070114268,-0.05672794452979556,333.5750742767777,1.2234748214421882,-84.66098273398173,-0.056580703448219714,366.5246296803129,1.3675887111700314e-08,4.064576543661498e-09
6.800000000000001e-07,351.74846844317767,1.6378928082619786,-90.95914555764148,-0.05745394100614557,353.9041416220886,1.6401523370234148,-91.11711292401303,-0.05692287625414164,390.67791715365473,1.3678811106372987e-08,3.977095315252329e-09
6.825e-07,359.78276414834863,2.0871767243531933,-96.86160948003358,-0.05797645523734233,357.0235847113725,2.0701351204051366,-97.63395710775058,-0.057337539187529485,397.1734524626651,1.3687605933214557e-08,3.928943978554764e-09
6.85e-07,345.1643915909493,2.517854658540328,-103.65939948732134,-0.058317074320220284,343.47641391494267,2.4929692010607014,-104.2079877934361,-0.057812460670198615,385.7176522036629,1.3702400438085253e-08,3.930045752227605e-09
6.875e-07,313.06960693305666,2.900562470012801,-111.85059279198289,-0.05851181887562463,314.65366207804607,2.8894128758281847,-110.83524843558683,-0.05833255807078211,356.8282924600562,1.3723129706834745e-08,3.98800582472835e-09
6.900000000000001e-07,266.8369319504277,3.261490857588063,-118.18735105858461,-0.05859448975888469,272.592316248144,3.2423297284279853,-117.51131699727873,-0.05888084551124893,311.8111065025009,1.3749546821908799e-08,4.106450267789459e-09
6.925e-07,221.63561149405112,3.51266599076055,-128.08887244040594,-0.059083008101130596,219.75200218205617,3.537323387092407,-124.2312763363255,-0.059439357223185045,252.70076861861926,1.378124297714587e-08,4.283915845447575e-09
6.95e-07,157.42251983451303,3.735554662070774,-133.39748609281162,-0.05991387830517682,158.80397536630346,3.763110314209887,-130.9896918060703,-0.05998996059470036,182.16893146876376,1.3817673502971958e-08,4.513477389113355e-09
6.975e-07,98.11206289527505,3.927012850141398,-136.96437247032628,-0.06018026275641823,92.45980179202529,3.91166345167706,-137.7805963837771,-0.06051499484318304,103.40347346991821,1.3858187325600225e-08,4.783147572572023e-09
7e-07,25.056263013185205,4.0251993429679125,-146.52459996194085,-0.060457334453755125,23.356513615171387,3.978185712946439,-144.5974835588364,-0.060997702379572125,19.964413951013864,1.3902057698845581e-08,5.076951472562539e-09
7.025e-07,-45.76825867555185,3.976884046131658,-151.1277559113096,-0.0619713420440064,-45.997948148335404,3.960984108757013,-151.43330812988495,-0.06142245536816147,-64.37699161351208,1.3948512607453312e-08,5.376488951126252e-09
7.05e-07,-112.29563623153004,3.8707023385428156,-156.68333481013403,-0.061543435958238954,-113.22809061051083,3.861311451245814,-158.28049497532615,-0.061774813716354945,-145.8087037628566,1.399676391064009e-08,5.662757271687437e-09
7.075e-07,-175.71133017933874,3.697959414769358,-166.64269702904454,-0.06149905598659647,-176.0625355673411,3.6832247638054314,-165.13095577641985,-0.06204147685409147,-220.6501945523535,1.4046034926504189e-08,5.918005466448724e-09
7.1e-07,-234.81232536857905,3.4616830116258677,-168.31332285378704,-0.06187271598694246,-232.29953239719188,3.4334819837266255,-171.97611358690034,-0.06221020551782731,-285.51879903488174,1.4095586620741147e-08,6.127414971859536e-09
7.125000000000001e-07,-280.7545602420959,3.1379082743823883,-179.08134411673365,-0.06263218699273129,-279.7923910185967,3.1214673139206024,-178.8069350588054,-0.062269788807010534,-337.4826040131391,1.4144742765682238e-08,6.280433648202586e-09
7.15e-07,-313.6892133971129,2.756037317075759,-187.93646799702788,-0.060992606092648984,-316.47588508949815,2.7591073434778943,-185.61397005165642,-0.062210116147177495,-374.19296383930043,1.4192914344000302e-08,6.371625535854045e-09
7.175e-07,-341.26897358416943,2.3655430986672363,-197.005182382936,-0.061614301420927046,-340.445055683071,2.360720906487345,-192.38739827211862,-0.06202238626250279,-393.9906538497478,1.423962311439914e-08,6.400938360520331e-09
7.2e-07,-349.9401655002655,1.9183724479131663,-190.4239391499453,-0.06238803705141666,-350.08545266361426,1.9427399476251441,-199.11708251454678,-0.061699450827998624,-395.98086354129805,1.4284523720338785e-08,6.3733423606943015e-09
7.225e-07,-339.96123670243406,1.5595844700280657,-206.0551555720871,-0.06110063647201544,-344.24103692901093,1.523248223553366,-205.79262800014612,-0.061236255461248036,-380.0736399681985,1.4327423134289656e-08,6.297864483510716e-09
7.25e-07,-324.04037566489046,1.1398302935475462,-208.46304465045884,-0.060864402280096125,-322.39518567207045,1.1213083922380604,-212.40344724453118,-0.06063031164609204,-346.9879534104241,1.4368295732817638e-08,6.186131113834515e-09
7.275e-07,-285.7535279284887,0.7675164447824971,-215.586484631647,-0.058706932824010266,-284.83360494223535,0.7560820869318305,-218.93882982090966,-0.05988211559626044,-298.2192015543361,1.4407292024948705e-08,6.050628193894532e-09
7.3e-07,-234.8560498757637,0.4594868819138473,-224.07372944059173,-0.05853162978245698,-232.75683972534824,0.44578602322749733,-225.38801632958524,-0.05899542751458604,-235.97162092272941,1.4444739104257718e-08,5.9029662665724e-09
7.325e-07,-168.95406193205122,0.14040979487523036,-233.93366139501762,-0.058638960817110425,-168.31487716334158,0.2065631076698809,-231.74027583447148,-0.05797733808180991,-163.05866040370486,1.4481131304616748e-08,5.752470680563027e-09
7.350000000000001e-07,-96.61839376933662,0.04012836187559572,-240.3821116320154,-0.057867718234152675,-94.54639445980071,0.051374185449039274,-237.98498598438542,-0.05683807637820033,-82.7758197679984,1.4517110285810491e-08,5.605380327567763e-09
7.375e-07,-15.794053349522658,-0.035301022139634965,-242.67993719820242,-0.05476049392139388,-15.21888688945377,-0.010971803022597745,-244.1117150014305,-0.055590550341552906,1.2482994158063536,1.4553434770433338e-08,5.4648251250050604e-09
7.4e-07,65.33019270154176,0.07225743372715995,-247.78554273855514,-0.05379222867360198,65.41907091953132,0.02346322495749876,-250.11030469117327,-0.054249651088353834,85.21599830876677,1.4591147636606071e-08,5.331580504312899e-09
7.425e-07,139.56462628204824,0.15916298338090024,-254.05372664860434,-0.052040989810621156,142.94838800375325,0.15336827094068411,-255.9709536098314,-0.05283138910215109,165.33212814060624,1.4630703973854406e-08,5.205407014424355e-09
7.450000000000001e-07,212.6545976486415,0.37869988962751,-261.2676975208724,-0.05086399973254041,213.1176193622034,0.37219864712986817,-261.6842995125613,-0.05135195710035401,237.97562229143233,1.4673161555670372e-08,5.0866278345209195e-09
7.475e-07,272.16642864824337,0.6372697838159915,-265.2867709247249,-0.0504773560829771,272.16869937243945,0.6685921280601168,-267.24150020427624,-0.04982682667192257,299.8631602566834,1.4719304734937152e-08,4.9775247296399715e-09
7.5e-07,320.3102775055657,0.9962315173602017,-271.30129594794386,-0.04856926718052363,317.1116471474468,1.0271455413108743,-272.63431192031777,-0.0482699813626465,348.1975662568562,1.4769806355143873e-08,4.883169736812537e-09
7.525e-07,344.49243978026806,1.36812042515278,-278.36745946796333,-0.04636469290040005,345.91708615918833,1.4294696785148175,-277.8551643786973,-0.04669336847467715,380.7942352127097,1.4825190206984066e-08,4.811448825812883e-09
7.55e-07,358.76143023070847,1.8667707136871978,-283.8638951741501,-0.04499095616810694,357.6076202426012,1.8554107261039068,-282.8972316684632,-0.045106618899383596,396.17987191984975,1.4885803523107704e-08,4.77223646069334e-09
7.575000000000001e-07,352.57286276292933,2.2830635213929416,-287.2443396778078,-0.04337201689967091,352.243998052898,2.2843132480404096,-287.75449816981296,-0.04351704441180574,393.6590806368309,1.4951801050697278e-08,4.77588893263015e-09
7.6e-07,330.42191059209756,2.7170120389605676,-288.79370750358055,-0.04175609557017675,330.81706077617406,2.696204703643347,-292.4218187406243,-0.04192988177286789,373.3457953890467,1.5023141062132345e-08,4.831382436098003e-09
7.625e-07,298.13359927386847,3.0465392168546614,-295.8387287707102,-0.04047801013652003,295.0691801587769,3.0728031081158695,-296.8949724508132,-0.040348719427992695,336.1581304102429,1.5099592534130968e-08,4.944490786831787e-09
7.65e-07,248.49138532882108,3.3818958169756432,-302.8118333498106,-0.03927305514468555,247.27717004412995,3.3982835327090735,-301.1707091998899,-0.03877602105978401,283.7768834699735,1.5180751802101587e-08,5.116368440293494e-09
7.675000000000001e-07,191.15624093272416,3.669696398381989,-305.34887697281766,-0.037071333153057266,190.0312108318564,3.6597794902943432,-305.24678861387656,-0.03721365407488215,218.5695676420943,1.5266066395720373e-08,5.342796835794731e-09
7.7e-07,125.50369738444294,3.860359682555327,-309.9883484314789,-0.03616489005385525,126.04090140287776,3.847634772841327,-309.1220106847771,-0.03566334086234876,143.4834051053813,1.5354863542029446e-08,5.614204307335137e-09
7.725e-07,61.50799682147897,3.937284986572079,-308.6715252593442,-0.03345828843372044,57.990946282568814,3.9554532912765503,-312.7962376885034,-0.034126974109609465,61.91211941273483,1.5446380974889193e-08,5.916423643434167e-09
7.75e-07,-9.302824951076513,3.974512718349402,-316.2177698457952,-0.03317056959851402,-11.543094570414752,3.9800137688503665,-316.27040699489066,-0.032606769957530674,-22.457453084866987,1.5539798142600006e-08,6.232038717675012e-09
7.775e-07,-79.90307916116468,3.933483222792752,-319.7486371809608,-0.03226510282181239,-80.1218156120368,3.9211200661090815,-319.5465344655028,-0.031105268124629326,-105.81199984540731,1.5634266538898867e-08,6.5421070575082615e-09
7.8e-07,-148.21430156349697,3.7904385430984617,-321.28588286509074,-0.02984987259695398,-145.42649441806068,3.7814466812742316,-322.6277082205908,-0.02962521971340177,-184.38408517864943,1.5728938551296315e-08,6.828026278288892e-09
7.825e-07,-206.3189401859264,3.538921258401241,-327.1981625189066,-0.02891358462628777,-205.22431194757922,3.566415610178666,-325.5180726450509,-0.028169425383268238,-254.62242975978532,1.5822994782172395e-08,7.073325459042204e-09
7.85e-07,-253.26241986394635,3.272982996940165,-328.7269924784132,-0.027363551722559422,-257.3407861102877,3.2841105351721986,-328.2228025937408,-0.026740594916145187,-313.3524203675682,1.5915670138428913e-08,7.2651917670317216e-09
7.875e-07,-296.37165559281135,2.9749787299815558,-330.53563144155254,-0.024295912765849772,-299.66363098022197,2.9452037556973405,-330.74806784822925,-0.025341292443057526,-357.9195951723552,1.6006279040883373e-08,7.395576860550765e-09
7.900000000000001e-07,-334.4850160200036,2.583668569441179,-331.5172926612588,-0.023010536325936165,-330.1947450532482,2.5628469160132785,-333.1009879691313,-0.02397401108637601,-386.3096193658236,1.6094239872485737e-08,7.461764357065755e-09
7.925e-07,-346.55040800216153,2.1666493908520623,-335.4674898448562,-0.0228512672740594,-347.1557511661665,2.152463779571613,-335.28957777979383,-0.022641390410854983,-397.239328507045,1.6179098323868517e-08,7.466324210637958e-09
7.95e-07,-352.2843240206663,1.7138102803972879,-337.5308580966318,-0.021911798318227597,-349.13959553027604,1.731385205146565,-337.32268380738475,-0.0213465556324333,-390.21472463306674,1.626054871491404e-08,7.416440319350414e-09
7.975e-07,-336.8185517696251,1.3456127295090345,-342.66227140598136,-0.020661526831725355,-335.2886234338401,1.318283461611372,-339.20991209558014,-0.020093525582434574,-365.55330384186016,1.6338451810598535e-08,7.322678219397216e-09
8e-07,-307.2418889657318,0.9458149223793046,-339.0194864936576,-0.019032965964636144,-305.47061990619136,0.9323925480825365,-340.96154788822054,-0.018887613158220795,-324.3697061917219,1.6412847250091044e-08,7.197354443277259e-09
8.025e-07,-264.05962017267217,0.6287464485536421,-342.3702132853049,-0.017851908296028403,-260.420320776559,0.5925382720895359,-342.58846776472393,-0.01773573208915765,-268.5253365090066,1.6483958587553652e-08,7.052759773950054e-09
8.05e-07,-199.5961686715005,0.30726022881811077,-346.08193555707595,-0.017432723495877926,-201.81577148869317,0.3160399040933321,-344.1020448849358,-0.016646529616225664,-200.54423312896975,1.6552189171672623e-08,6.8995478184305985e-09
8.075e-07,-128.80175968053246,0.1308561396503718,-344.2374385281575,-0.01607328299309808,-132.2664975024818,0.11757728439332026,-345.51404807274065,-0.01563028562272215,-123.4989871109852,1.661810767698526e-08,6.745600280636756e-09
8.1e-07,-55.031978637081046,0.024612891925058517,-344.838374289531,-0.014264389103248992,-55.202578533550195,0.008137166575311397,-346.8365355334776,-0.014698551616444955,-40.871868119888795,1.6682422986153628e-08,6.5956046019210985e-09
8.125000000000001e-07,27.436958892348006,-0.02283535388217938,-349.7910432616726,-0.013942820906421871,25.331614382831496,-0.005843839066571139,-348.0817440593579,-0.013863542318584058,43.60256623270662,1.6745949193454365e-08,6.4514332220794e-09
8.15e-07,102.05831893533588,0.08952736873279822,-349.2478203339254,-0.012270632290198048,104.96053892101952,0.07696345003113314,-349.2619746291013,-0.0131373317933742,126.10626388772383,1.680967252272567e-08,6.313226430597556e-09
8.175e-07,177.76157010668402,0.23892031979862396,-355.1931674642135,-0.012289984164952668,179.30672954612976,0.2525960764919687,-350.38947535238316,-0.012530938327650516,202.91024559687332,1.6874263197411673e-08,6.180901325938452e-09
8.2e-07,244.7108400588447,0.5457175062018493,-348.540890722791,-0.011227891504272957,244.32778995755527,0.5120174300670526,-351.4763227459624,-0.012053402040117872,270.5431462926472,1.6940685969884533e-08,6.0556907411082895e-09
8.225000000000001e-07,293.7331547840637,0.849059531584651,-353.8079321354433,-0.011190928832887418,296.62102742591776,0.8417220214754847,-352.53430235616185,-0.011710962990702446,325.9481128840381,1.700971193080563e-08,5.941297084280618e-09
8.25e-07,334.18043632133055,1.219268788134586,-354.0564013693282,-0.01114696871572098,333.6601659897162,1.2246641132888707,-353.57478976141135,-0.011506434633131701,366.62096705486573,1.7081986797921695e-08,5.84433705719294e-09
8.275e-07,351.11559217728825,1.594693051449718,-352.52651708547927,-0.01049761127347894,353.9386179623246,1.6414113558097096,-354.60863299858886,-0.01143883994561468,390.7233884209238,1.7157997810368143e-08,5.773930534306833e-09
8.3e-07,358.42021445461967,2.062181711098732,-356.39952278254077,-0.0112532997519649,357.0076384963506,2.0714027886571054,-355.6460374577836,-0.011503340124045303,397.1660024249227,1.7238051520036148e-08,5.74050035082826e-09
8.325e-07,345.9105097130116,2.4840292104048585,-357.7485295616557,-0.012023964793837504,343.4129903813553,2.4941864779667,-356.6964542817779,-0.01169144464825845,385.65761758564963,1.73222634349847e-08,5.754039526624756e-09
8.35e-07,313.3748831304245,2.8758550925860717,-356.9127774956288,-0.011683942606706549,314.54792813805693,2.890525737681227,-357.7684732890159,-0.011991453725069916,356.7183866897868,1.74105592947321e-08,5.82221891333657e-09
8.375e-07,267.18696692914983,3.2352294887952797,-356.18117739330086,-0.012452568059238573,272.4510157802763,3.2432914326204925,-358.8697214122086,-0.012389055819695599,311.65629707050624,1.750268671369942e-08,5.948727129781361e-09
8.4e-07,217.49438767704672,3.5490857720543056,-362.74724846100315,-0.012864471872454056,219.58279999309315,3.5380959491093398,-360.00676760917327,-0.012867988721397262,252.50805255867888,1.759823515662509e-08,6.132162145512057e-09
8.425e-07,155.65281737075415,3.7628765492349165,-361.4459526358132,-0.01363665288567052,158.6148822573607,3.763665244487333,-361.1850351582972,-0.013410674343087825,181.94701910791278,1.7696661797454303e-08,6.3656607421543755e-09
8.450000000000001e-07,91.4664558455448,3.9014809825045593,-360.1538305476926,-0.014674901030018731,92.25874755879751,3.9119818941872393,-362.4087221984744,-0.013998754371139809,103.1623947415005,1.7797320785869677e-08,6.637300251805808e-09
8.475e-07,17.305082942627024,3.966221318595335,-363.24150099848083,-0.01483520672719345,23.151098887857664,3.97825818464083,-363.68073131290816,-0.014613482431239689,19.715065064550263,1.7899493761691088e-08,6.931174624736049e-09
8.5e-07,-51.2131458410348,3.9692785097306706,-365.78355741191956,-0.014836291323963382,-46.2005297159178,3.960810050556239,-365.00260888827137,-0.015235963069662269,-64.62334065619021,1.8002420018368392e-08,7.228957673419125e-09
8.525e-07,-112.03113168257156,3.831197850548518,-369.91299000343224,-0.016394211915259357,-113.42100378271643,3.860898767743736,-366.37449490593525,-0.015847262009873526,-146.04091854603664,1.810532538686943e-08,7.511725851794753e-09
8.55e-07,-174.23343837981542,3.6792709022349848,-367.10137543127047,-0.017276515875895064,-176.2391975913437,3.682589459285633,-367.7950837409112,-0.01642843945540444,-220.85777949666328,1.820744954308224e-08,7.761812129374755e-09
8.575e-07,-229.81697630280976,3.4138735314025017,-361.6826977884321,-0.01695068504355452,-232.45352863618783,3.432647912142618,-369.2615964574813,-0.01696057362706565,-285.69237177356644,1.8308071904150394e-08,7.964485565907975e-09
8.6e-07,-277.59944560319036,3.0994511900350905,-373.52836776234074,-0.017209647205894563,-279.91748422925986,3.1204659695319763,-370.76976499893095,-0.017424842442054854,-337.6143194536845,1.84065364810711e-08,8.109283805339437e-09
8.625e-07,-316.3429802192354,2.7568593432061768,-370.1312162623932,-0.017822124277195883,-316.56616808990185,2.757977546312224,-372.3138285731173,-0.01780271720458514,-374.2768687437535,1.8502275962532617e-08,8.190860950914092e-09
8.65e-07,-336.22847344095607,2.380749823588005,-374.67342236327534,-0.019345590217923585,-340.4952636124537,2.3595081986252464,-373.8865424366076,-0.01807629607367124,-394.0229559075046,1.8594834947429822e-08,8.209252965770564e-09
8.675000000000001e-07,-351.0343553613739,1.9195768947507434,-379.168919663114,-0.018311781285458326,-350.0914126289049,1.9414955218805303,-375.47919917864516,-0.01822877185662112,-395.9601027729078,1.868389170704229e-08,8.169514351883437e-09
8.7e-07,-345.91662629975065,1.4851790776339524,-378.2460711913843,-0.017657623637638675,-344.2001968765079,1.5220272565318684,-377.0816625031004,-0.018244994662999472,-380.00075471311436,1.8769277269513522e-08,8.080750393703428e-09
8.725e-07,-319.7632385979936,1.117515498462625,-378.9799121003755,-0.017656107049547873,-322.30713775850285,1.1201677414909956,-378.6824134027358,-0.018112061676442713,-346.8662379161928,1.885099012270478e-08,7.9546584150301e-09
8.75e-07,-284.17063122310196,0.7532554941379965,-380.8820172089175,-0.017743562667418483,-284.7005068165387,0.755077422146349,-380.26860851642016,-0.017819849322726535,-298.0541570841169,1.892920455960754e-08,7.803787179412613e-09
8.775000000000001e-07,-232.34758557788007,0.4533853385794709,-383.4940141492666,-0.017033486655170883,-232.58364267182895,0.44496857455839395,-381.8261503572889,-0.017361401005229548,-235.77070711071894,1.9004270739655523e-08,7.639802147506993e-09
8.8e-07,-169.92357188907417,0.1981304860568845,-381.69687450321936,-0.017279235261802754,-168.10929258288962,0.205976309654667,-383.339768999118,-0.016733097265352482,-162.8309580966597,1.9076704949939534e-08,7.472076833811911e-09
8.825e-07,-94.6606048876379,0.04839958086438378,-383.52346252633816,-0.015559618199193366,-94.31856619409938,0.051050554198588935,-384.7931147102611,-0.015934562786545058,-82.53162059165777,1.9147169297585938e-08,7.306893411236367e-09
8.85e-07,-15.404520243893183,-0.001158640534875863,-385.9353549105141,-0.014488210790860268,-14.98078046930577,-0.011013210925616624,-386.16886093020554,-0.01496830165589404,1.4979582147865331,1.921644106039378e-08,7.147422343514611e-09
8.875e-07,61.724312223075415,0.05435098506412926,-389.38138448929897,-0.014030517526231332,65.65450727860167,0.02370798443374505,-387.4488168939952,-0.013839092536322727,85.45983272122348,1.9285580184970423e-08,6.994478749057402e-09
8.900000000000001e-07,140.88246371497368,0.12812717297119666,-389.1484436841418,-0.01255277543935943,143.16819943673454,0.1538874805626466,-388.61404912519185,-0.01255321203452991,165.55911740638575,1.9355053870001732e-08,6.8478630718207645e-09
8.925e-07,214.56197034985613,0.3899684915769837,-390.357697655675,-0.011579888925226685,213.30984345037734,0.37296557501060645,-389.6450109394709,-0.011117581267527243,238.17550701263417,1.9425931385628064e-08,6.7079385003411465e-09
8.95e-07,275.31752408984823,0.6849548056082252,-387.18806917350076,-0.008875428253148965,272.32326921890365,0.6695668194554688,-390.52167902905114,-0.00953894279702738,300.026906099112,1.9499004541609727e-08,6.57702561341279e-09
8.975e-07,317.70937687063423,1.0323068933277195,-390.7290826621652,-0.007419655565291981,317.2210928367802,1.0282775703015572,-391.2236961335829,-0.007823170561337828,348.3177722813322,1.9574950101908177e-08,6.460231813480865e-09
9.000000000000001e-07,342.13643354835915,1.4129731861246453,-391.4091669237566,-0.00561121437593135,345.97695884291073,1.43070156614154,-391.7305187464343,-0.005974794906200017,380.8654683806737,1.9654291993058104e-08,6.365472323112464e-09
9.025e-07,358.40696863905134,1.8477774310010788,-388.04830705790306,-0.0036151435304860404,357.61660422772644,1.8566816668697086,-392.0215687570413,-0.003996791769602334,396.1989126543263,1.9737373579632894e-08,6.302642309722559e-09
9.05e-07,349.28661450397067,2.2821444955791397,-394.8282247648708,-0.0019456858625699473,352.2037217341149,2.285562774618704,-392.07638789054596,-0.0018906451128619796,393.62506833998395,1.9824341545491914e-08,6.282108576741534e-09
9.075e-07,324.71990427785664,2.7326629763392747,-394.15851991028745,0.0011556748340411315,330.73165938206284,2.6973759603436216,-391.8747937757223,0.00034334843239486714,373.260267339238,1.991514173987944e-08,6.312847141190769e-09
9.1e-07,297.36354214523163,3.0873920851162766,-394.7054340834282,0.0023856773944747047,294.9446950774078,3.0738454885439657,-391.3970364514427,0.002705597298824371,336.02495228055074,2.0009526217832396e-08,6.400621652132573e-09
9.125e-07,245.8325567896978,3.371942931606794,-390.2833617980565,0.005474624278647696,247.12088583799812,3.3991545502667377,-390.6239541108932,0.00519664121096122,283.6020746085693,2.01070697813569e-08,6.546568091830759e-09
9.15e-07,192.97263905040504,3.631107579235746,-391.41018651658334,0.007658980316342644,189.851029606477,3.660445871476728,-389.5371268815225,0.007816578158444044,218.36102901142897,2.020719372801777e-08,6.74644338745464e-09
9.175e-07,127.8856348684098,3.8714754946107828,-388.98226285005995,0.00987107104700195,125.84483578448643,3.84807287174273,-388.1190274473293,0.010564574562969829,143.25056217665187,2.0309194294823303e-08,6.990647722208839e-09
9.2e-07,60.415510481232324,3.947237438737819,-386.93449641829704,0.013348642571503224,57.78678070934621,3.955649001294153,-386.3531673385329,0.013438517588526603,61.66549615606651,2.041227343864222e-08,7.2649842351234e-09
9.225000000000001e-07,-16.49646434213583,3.959162998056157,-380.70151943336043,0.01610894946744452,-11.747963125295865,3.97996214239513,-384.22423774178844,0.016434836002851862,-22.706709859913673,2.0515570047879618e-08,7.55200726752861e-09
9.25e-07,-82.06251623179911,3.9081159413674222,-377.78357345288657,0.019197389020011765,-80.32038470660915,3.9208248414551767,-381.71824372169436,0.01954848061083594,-106.05262430022182,2.0618190313618218e-08,7.832745905387098e-09
9.275e-07,-141.9510097562448,3.772052489847941,-379.8791312608368,0.022939269876327675,-145.61206917481277,3.7809198624787097,-378.82263079108975,0.02277302366608277,-184.60520163585394,2.071923665682976e-08,8.088570743752404e-09
9.3e-07,-200.6172718633272,3.5837405798375386,-375.9207037765496,0.026103371102141854,-205.39040010227248,3.565677163945006,-375.52640282320965,0.026100814667342615,-254.81404425906283,2.081783516895128e-08,8.30298501900119e-09
9.325000000000001e-07,-257.6221038464172,3.2898767220186063,-371.4907995970731,0.028528252755469247,-257.48105266772995,3.28318817556307,-371.82023036267134,0.029523121574787512,-313.50587236991515,2.091316186245727e-08,8.463150512064738e-09
9.35e-07,-298.42988125341486,2.9310994514011033,-368.98439072950237,0.033078759035141334,-299.77197508265465,2.9441327035981564,-367.69654846401585,0.033030193198119714,-358.0279489967218,2.1004468082296157e-08,8.56099285460023e-09
9.375e-07,-327.48324069024864,2.5304672747522567,-359.7256288942774,0.036344055796242704,-330.2655330274589,2.5616694633115378,-363.14964326552143,0.03661119896453718,-386.3679776661028,2.10911051958858e-08,8.593767639852413e-09
9.4e-07,-353.4047136397255,2.1362624430709087,-360.5091468081837,0.040482984231888605,-347.1842028482709,2.1512284711025385,-358.17572659160004,0.04025403255549477,-397.2450536209633,2.1172548217975858e-08,8.564013331741432e-09
9.425e-07,-352.06006366722465,1.706194639989548,-353.27730309005625,0.04459111130229106,-349.12228286684234,1.730145479928572,-352.77299796857534,0.04394500024093613,-390.1675577985132,2.1248417446418696e-08,8.47887749903157e-09
9.450000000000001e-07,-335.9162954088354,1.3395248812999607,-344.83282256495784,0.048073600781479826,-335.22400831869817,1.317095665466822,-346.94169353525376,0.04766844656656182,-365.45537689234334,2.131849662445498e-08,8.348883493613339e-09
9.475e-07,-303.7996017996685,0.942038360686231,-342.5882948973543,0.051733332162719255,-305.359538501916,0.931313330975029,-340.68412143066803,0.05140639318255374,-324.2254452023509,2.1382745746225755e-08,8.186299433233807e-09
9.5e-07,-262.7266439385673,0.5724714618595985,-335.69443611459485,0.05574415853996881,-260.26631828523483,0.5916214978147079,-334.00468334581234,0.055138276380300555,-268.34126174797535,2.144130650237083e-08,8.003361953509955e-09
9.525e-07,-203.88448738199116,0.3059743359868701,-328.7219887999118,0.058826092558606886,-201.62520564610205,0.31533330670961535,-326.9098820332853,0.05884086304799277,-200.32866435628338,2.1494498591964024e-08,7.81066624899179e-09
9.55e-07,-131.6830169887884,0.05382934011345912,-315.39293270489554,0.061857125077235425,-132.04835897692084,0.11711918500505701,-319.40831467756686,0.0624884038086358,-123.26166754425421,2.154280571381488e-08,7.616033671691834e-09
9.575e-07,-52.95073532999437,0.021322361184978003,-308.4915018022884,0.06623340280278762,-54.96801708602668,0.007953600086965407,-311.51065213831333,0.06605304936552311,-40.62352406308146,2.1586850936747013e-08,7.424092215866336e-09
9.600000000000001e-07,26.58080870185444,0.022981271151158465,-299.46193143783023,0.06860957315325769,25.570024498258494,-0.005741253370166336,-303.2296041886296,0.06950551705689524,43.85071019377665,2.162736221968146e-08,7.236658625902854e-09
9.625e-07,101.42827895214238,0.08648745152603989,-296.13016362158015,0.07404456373301965,105.18971988523383,0.07734827252221932,-294.5798709788625,0.0728159560811061,126.34299221111455,2.1665237945347087e-08,7.053823526157588e-09
9.65e-07,184.65749564076427,0.22119648294863348,-286.6644490830303,0.0762867136497482,179.51410258081458,0.2532437337573903,-285.57808106313735,0.07595492865725917,203.12485870146898,2.170106708707982e-08,6.875461623357421e-09
9.675e-07,245.71550189088197,0.5354330460197081,-278.4010233610852,0.07914179301564467,244.5022407353323,0.5128942694738101,-276.2427164297817,0.07889440630823547,270.72594415486276,2.1735728745737134e-08,6.7027706207423084e-09
9.7e-07,296.6772028315354,0.8930070629436221,-267.90864869688744,0.08138663181454964,296.7537197092346,0.8427824437166028,-266.5940250770251,0.08160867918806207,326.090833456779,2.1769912314715294e-08,6.539423899490477e-09
9.725e-07,336.18035692748225,1.2223548531444464,-257.4169138342961,0.08465852272687434,333.7451110802509,1.2258537001656626,-256.6539217711588,0.0840750929204469,366.71715969326584,2.180418447516993e-08,6.392013342222812e-09
9.75e-07,355.67414189385966,1.6399758647734868,-242.2349426625386,0.0860726422038971,353.9729438230503,1.6426704898009081,-246.44587771485115,0.08627455990834158,390.768705436787,2.183895674333582e-08,6.269636183631779e-09
9.775e-07,356.66778857552464,2.0726289777285922,-239.10312145241983,0.08864435779350459,356.9915466602899,2.072670393332647,-235.99479993781063,0.08819183610711735,397.1583955923324,2.1874463920096805e-08,6.182693256298634e-09
9.8e-07,340.37975488453355,2.519710951255222,-224.23712384819262,0.08992294723476099,343.3494335003073,2.4954035232464977,-225.3269012997799,0.08981560356636022,385.5974307161159,2.1910754390417094e-08,6.1411556259159054e-09
9.825000000000001e-07,311.49191485565524,2.911643347289784,-213.43651240589224,0.09085809850571232,314.44207875471164,2.891638218387837,-214.46956206627314,0.09113844640207744,356.60834009274646,2.1947692045213034e-08,6.152672803438057e-09
9.85e-07,269.78878800999473,3.2759379534444744,-201.01686273199766,0.09190010069596655,272.30962143548265,3.2442526301956316,-203.45118407998828,0.09215684587136136,311.5013646015377,2.198496855528916e-08,6.220914306400377e-09
9.875e-07,218.83898918729534,3.5575304425077303,-193.14340107039692,0.09277281855016999,219.41352730026756,3.538867906300645,-192.30103860488987,0.09287134181797788,252.31523681255175,2.202212395548873e-08,6.344463603230844e-09
9.9e-07,158.56344073685676,3.786004207416211,-181.3112504842444,0.09267005103173596,158.42574232240395,3.7642195001947982,-181.04910896519047,0.09328700611626325,181.7250349172526,2.2058573086072327e-08,6.516450225832071e-09
9.925e-07,91.35641488692859,3.9190196695161323,-166.4087144122413,0.09340005297199187,92.05766948169348,3.912299620560496,-169.72592913743244,0.09341434159707339,102.9212752862059,2.2093635412179624e-08,6.72495401198825e-09
9.95e-07,22.04905455235504,3.946589472994756,-157.2721293554117,0.09295556357448037,22.94568213668385,3.978329925662282,-158.36241948036508,0.09327064862369934,19.465708394894023,2.2126566059282434e-08,6.954083193567153e-09
9.975e-07,-46.385778017405386,3.9792549607596555,-143.5472382957142,0.09245147157895509,-46.403092662969215,3.960635272763493,-146.9897208040981,0.09288178068161931,-64.86966418659966,2.2156586464192983e-08,7.185538985638138e-09
1e-06,-111.77165851552694,3.8786706637329,-134.33073314315993,0.09336832834732144,-113.6138785994972,3.8604854001004254,-135.63902798698794,0.0922840305561167,-146.2730756745775,2.2182913711524338e-08,7.400438979592677e-09
1.0025e-06,-177.65873326089022,3.68312599233142,-125.53143858109058,0.09234474495249449,-176.4158021151592,3.6819535295544057,-124.34142434583102,0.0915256493634244,-221.06527724981237,2.220478825717092e-08,7.581170939132391e-09
1.0050000000000001e-06,-236.93839212348277,3.4005762060210785,-115.66935553704833,0.09071525487095981,-232.60744867874237,3.4318132971348683,-113.12771795229307,0.09066722700397596,-285.8658317254292,2.2221500202217044e-08,7.71307169100713e-09
1.0075e-06,-280.8565021211113,3.1402362558383414,-106.07971637984049,0.09009672785572725,-280.0424832181724,3.119464185676507,-102.02828106616803,0.08977992984123848,-337.74590160944786,2.2232414481964543e-08,7.785758429227382e-09
1.01e-06,-315.54243696215195,2.7393905094658186,-90.15382176453576,0.08911439987701546,-316.65634020198587,2.756847434543115,-91.07289382430888,0.08894054662797149,-374.360625889629,2.2236995241803545e-08,7.793975001376009e-09
1.0125e-06,-341.741436509018,2.3093442825759096,-83.5492211314882,0.08733152573821769,-340.5453464904158,2.3582953195356304,-80.29059328320619,0.08822264662880581,-394.0551024112382,2.223482931369367e-08,7.737855451139492e-09
1.015e-06,-350.4363330031749,1.9682470634547575,-71.67606284079517,0.08759464945657168,-350.0972373631009,1.940251082798905,-69.70952886351633,0.08768409659002747,-395.93918568573986,2.2225648170491374e-08,7.622558747531125e-09
1.0175e-06,-347.8568729018048,1.566983770705475,-60.17645044901433,0.0867826683075147,-344.15921699483107,1.5208064427133308,-59.356825186903535,0.08735271555447467,-379.9277194397503,2.2209347147364055e-08,7.457299225540793e-09
1.02e-06,-319.76142326561546,1.114237912364505,-49.9359842799227,0.08670380744947523,-322.218952440011,1.1190274114419652,-49.25845322981017,0.08721356399663405,-346.74438548466827,2.2186000223751192e-08,7.253886468789682e-09
1.0225e-06,-285.60372075718794,0.746118751229334,-43.473199670479666,0.08733599450174172,-284.5672817302781,0.7540732373629682,-39.43911064583905,0.0872023911894496,-297.8889949468368,2.2155868388588644e-08,7.024984035847689e-09
1.025e-06,-231.07216756842254,0.447616168583684,-30.96805847846424,0.08871223382839473,-232.41033743404085,0.4441517471015079,-29.92211202891408,0.08720907655491525,-235.56970022016722,2.2119399662031825e-08,6.7823749223402735e-09
1.0275000000000001e-06,-167.51191901960735,0.21843939959961647,-21.48324209168384,0.0871987454542363,-167.90362639802896,0.20539024623862903,-20.72928980405315,0.08709206882775607,-162.6031915065362,2.20772192589691e-08,6.5355540039102654e-09
1.03e-06,-95.5042124949666,0.037072479518400404,-12.686941526259002,0.08621847457609655,-94.09068930547893,0.050727734593802296,-11.880906342121062,0.08670074552699207,-82.28738883314314,2.2030109128100794e-08,6.290930385437557e-09
1.0325e-06,-14.335345309329785,-0.016745078793739102,-0.9020986987591626,0.0853398571162163,-14.742662633102634,-0.011053772791261247,-3.3955778001464054,0.08589937925169197,1.7476164223965327,2.1978977097078946e-08,6.051809002165069e-09
1.035e-06,64.1000231824029,0.012754841482859977,3.6691861617062775,0.08435236568202124,65.88991635117694,0.023953578364645914,4.70978990945277,0.0845859660146141,85.70363339549164,2.1925024879731298e-08,5.819148619598697e-09
1.0375e-06,142.308233097884,0.15959379410785232,9.748049077944946,0.08250873429525106,143.3879463573949,0.15440746722274917,12.420052718320132,0.08270176706958725,165.78604131204256,2.1871728055788735e-08,5.595906381642959e-09
1.04e-06,218.25085916864208,0.3835304001255977,22.366502000412822,0.07931007907079468,213.5019701392971,0.3737331803422665,19.721867370522823,0.08023129993211427,238.3752977059179,2.1822131698813097e-08,5.38440576849612e-09
1.0425e-06,271.0591628694799,0.6853263518439526,25.88236612201219,0.07782948652100344,272.4777155297323,0.6705420533727394,26.603717663628032,0.07719547354304293,300.19053349566957,2.1776938400402467e-08,5.186692380611703e-09
1.045e-06,315.6012107359926,1.0097506796824163,32.01875592092749,0.07372323943692632,317.33039729145827,1.0294099808134782,33.055927969826115,0.07364154099698744,348.437840795468,2.173673838749377e-08,5.007613583732235e-09
1.0475e-06,346.78432651785045,1.39927038077029,39.57270590388012,0.06896544166255672,346.036681825655,1.4319336589425198,39.07066414710214,0.06963291635074145,380.93655118897925,2.170197240986449e-08,4.854837120680217e-09
1.0500000000000001e-06,354.8991774702229,1.8709107190115881,42.6686534541514,0.06547325006292162,357.62543914700507,1.8579526321961894,44.64192205133775,0.06524063759903337,396.2177969757463,2.167290465473339e-08,4.738020999957871e-09
1.0525e-06,350.9222315724719,2.314988173199379,49.149242562835695,0.06024026697121289,352.16330512601684,2.286812151254758,49.76550395849501,0.06053710705421244,393.5909006461939,2.1649607218922593e-08,4.6673036618744926e-09
1.055e-06,331.91522522047535,2.7011684405851755,54.55493398792553,0.0558233809324395,330.6461330375931,2.698546907519768,54.438983300858034,0.05559200316778687,373.17459193218514,2.163195648977259e-08,4.6514410853958506e-09
1.0575e-06,292.7283817227348,3.089017881769268,59.349953733048956,0.050068329414591516,294.82010503185893,3.0748874214673494,58.661658211862274,0.050469923393409805,335.8916414935259,2.1619640657270712e-08,4.695985842173764e-09
1.06e-06,247.42617514256847,3.429460184887945,64.07289651197495,0.045211545689663964,246.9645193546376,3.400025008283845,62.434494459629526,0.045229255980740714,283.42715378556136,2.161217665818431e-08,4.801873319683675e-09
1.0625e-06,189.82044243280808,3.6406714824428197,64.45890486515268,0.04026885486148037,189.67078978829997,3.661111609176311,65.76005842916597,0.03992185488421413,218.15240417528756,2.1608934254794036e-08,4.964672342131943e-09
1.065e-06,122.5444738941713,3.8471894371531157,64.06791140305376,0.034178461373060166,125.64873499328117,3.8485102716907407,68.64244088667928,0.034593209661475055,143.0176626948691,2.1609164733776944e-08,5.174609525199923e-09
1.0675e-06,57.429540566400725,3.9519799100408997,70.60952108316567,0.029028588726931398,57.58260238949592,3.9558439845604108,71.08717232598326,0.029282907700606105,61.41884855483689,2.1612031865753506e-08,5.417330661310491e-09
1.07e-06,-12.738366787614607,3.981900059062586,74.94115271995669,0.023800536718110103,-11.952823217034938,3.979909787714192,73.10113075598616,0.024025258920667553,-22.955957670699636,2.1616643220832527e-08,5.675250031216602e-09
1.0725000000000001e-06,-77.93917510114615,3.9748259815724034,74.90223356380298,0.018552797689473727,-80.51892519195351,3.920528912052464,74.69244283930664,0.018849993266269034,-106.29320688714522,2.162208056990072e-08,5.929274274993852e-09
1.075e-06,-146.24764235465622,3.7975831635252804,74.12400531017873,0.01284692102052215,-145.7975959173039,3.780392386286098,75.8703793347597,0.013782958653343775,-184.82624521385344,2.162742877030008e-08,6.160668750989706e-09
1.0775e-06,-207.71483220191334,3.565254626522171,78.97453293560125,0.008975120383259639,-205.55642132132033,3.5649381308117025,76.64524583045868,0.008846753748411536,-255.00555816179548,2.163180309533141e-08,6.352847601178081e-09
1.08e-06,-256.481143761669,3.24198452424816,74.80276963790422,0.004486731914585894,-257.62123387396565,3.2822653220963742,77.02826977937617,0.004061236493931443,-313.6592006051086,2.1634375306185844e-08,6.4928980266277764e-09
1.0825e-06,-302.72540692851254,2.9312516906648947,72.9533545540073,-0.0007629125435673577,-299.88021637382366,2.9430612723199676,77.03148486521086,-0.0005561377622604861,-358.1361614773242,2.16343988188577e-08,6.572683512599329e-09
1.085e-06,-332.47913842756714,2.561174909933663,76.32319849844416,-0.005345872292804816,-330.3362026110957,2.5604917659823827,76.66761373324593,-0.004990173007430744,-386.4261834344232,2.1631233085200776e-08,6.58940752545356e-09
1.0875e-06,-348.33605961984017,2.1361187336594956,77.57027250454168,-0.009850246059311065,-347.2125237759121,2.1499930692802494,75.94995011857642,-0.009227979795323322,-397.25062190882574,2.1624366845919787e-08,6.545563831061865e-09
1.09e-06,-350.8676584305042,1.7045463755308439,75.46528219066869,-0.01419875626794614,-349.1048318715476,1.7289058244351532,74.89224139266715,-0.013259176888366473,-390.1202369319879,2.1613439333388513e-08,6.4482601748942796e-09
1.0925000000000001e-06,-338.0176108130453,1.2816571174549647,72.60318960148123,-0.017408141454154577,-335.159253636311,1.315908107120061,73.50857252889728,-0.017076182462184602,-365.3573056668292,2.1598257942511734e-08,6.307982712887561e-09
1.095e-06,-306.94942804007707,0.9556372195742869,70.6728833220681,-0.021074360746440594,-305.24832388986715,0.9302345162437377,71.81325245874591,-0.020674509977315545,-324.0810562139056,2.157881049007302e-08,6.136963344343838e-09
1.0975e-06,-256.7120819163264,0.5362436723936415,69.40170924356298,-0.024597158323493483,-260.11219722003545,0.5907052773709033,69.82070375291298,-0.024052976999634927,-268.15708105006377,2.1555270064523377e-08,5.947402652873711e-09
1.1e-06,-202.68935780442627,0.30537109077808117,72.11209009571874,-0.02735200079280188,-201.43454404068694,0.3146273915474043,67.54535651635338,-0.02721374389514014,-200.11301649701292,2.1527990698997525e-08,5.749860079747125e-09
1.1025e-06,-133.31645416346532,0.11218016494234684,64.67096781504468,-0.030673714429911774,-131.83015470619424,0.116661863914353,65.00154733335509,-0.03016212291704121,-123.02429931576896,2.149749268844296e-08,5.552122495111633e-09
1.105e-06,-55.62482624286601,0.04146870478451036,59.98701999932364,-0.03341080448826229,-54.7334253068339,0.007770868132602352,62.203424038975996,-0.032906133483690744,-40.37516396875018,2.1464437259335316e-08,5.358786164906908e-09
1.1075e-06,26.348748548725244,-0.012613925014740684,58.64916357912463,-0.034685017979633366,25.808426624008987,-0.0056378216342502915,59.16485702692612,-0.035455820945207384,44.09883684328075,2.1429591372218533e-08,5.17164034348023e-09
1.11e-06,104.2742486388557,0.09501381612082854,59.36504980943829,-0.03762100565938684,105.41885452471617,0.07773390621113539,55.8993577320047,-0.03782239710999368,126.57967065629282,2.1393890584787355e-08,4.990753329406655e-09
1.1125e-06,179.93220820303716,0.23088078750104016,48.57313139341241,-0.03975500273354927,179.72139390376066,0.25389212295945646,52.42000484813762,-0.04001729439636939,203.33939161558732,2.1357966281850528e-08,4.8159825779734626e-09
1.1150000000000001e-06,245.36753394910954,0.5408002942020633,47.77855859890512,-0.04189485495110473,244.67658003822174,0.5137717224580276,48.73937876167123,-0.04205124591775189,270.90863513875894,2.1322732809902704e-08,4.64851230072204e-09
1.1175e-06,300.70257040162306,0.8365739943314277,45.85775240279499,-0.043588433868707026,296.8862784549077,0.843843330241896,44.86950459460896,-0.04393350741403683,326.23342529402316,2.128891474010757e-08,4.492003724550246e-09
1.12e-06,334.4263958237004,1.229364067537312,43.22454466228303,-0.045835533982971036,333.8299095234261,1.2270435812335543,40.82180416472639,-0.045671322740597084,366.81320755753904,2.125711123537991e-08,4.353034806985782e-09
1.1225e-06,352.57940752690234,1.6422510266992818,34.03627541243002,-0.04680743044269617,354.0071192062601,1.6439297381316784,36.607057079809856,-0.047269704536380595,390.81386818335386,2.122776294495303e-08,4.240683903687956e-09
1.125e-06,357.10417963173694,2.149415990211082,30.07680927333146,-0.04862494067442773,356.9753092292777,2.073937933587661,32.235371092425225,-0.04873156017017977,397.1506319678971,2.120112982912454e-08,4.165325384234876e-09
1.1275e-06,342.34827995214704,2.4775399973807355,30.740603447252504,-0.05002928214252992,343.2857433172853,2.496620336118776,27.716161750516342,-0.05005814632210812,385.5370916188218,2.1177280864162443e-08,4.136894664713793e-09
1.13e-06,316.4895943814481,2.902263773677855,21.700166702933956,-0.049624117227063225,314.33611398721564,2.892750317262523,23.05814128857461,-0.051249790490364946,356.49815271238606,2.115609540219795e-08,4.162996051243367e-09
1.1325e-06,273.8921029692327,3.2684064260022727,16.671661995617274,-0.051986252176608225,272.1681332809082,3.2452133205872413,18.269316614942205,-0.0523067807552477,311.34630915677064,2.1137274918269643e-08,4.247245079662537e-09
1.135e-06,216.94493571840877,3.545259008263863,11.977875192119296,-0.0538344227188091,219.24418417361474,3.539639258233487,13.356996163838913,-0.05323030129707509,252.12232145637378,2.1120363105804017e-08,4.388164064669082e-09
1.1375000000000001e-06,153.53131170342922,3.7406164158246646,14.122736316200317,-0.05366728491472785,158.2365556306187,3.764773081038504,8.327805296714638,-0.0540232834902392,181.50297898443162,2.1104771871404007e-08,4.578816204516653e-09
1.14e-06,93.0118644537737,3.9636097533128187,4.131885717304056,-0.05440634972500276,91.8565676268858,3.9126166306414305,3.1877098572981684,-0.054691051873118776,102.68011519921629,2.1089810754316365e-08,4.807211769888217e-09
1.1425e-06,20.55549558327364,3.992472958904914,-0.39134772999764444,-0.05522703963246138,22.740263424186935,3.9784009359888417,-2.0579525910496628,-0.055241670139235505,19.216344040478745,2.1074717613410445e-08,5.057387760875188e-09
1.145e-06,-46.82484568739211,3.9621372259771257,-10.828704817391348,-0.05620913868983846,-46.605636930106925,3.960459775483017,-7.404434387662263,-0.05568593220829134,-65.11596210749862,2.1059938122417316e-08,5.3122857128066815e-09
1.1475e-06,-112.96287882570887,3.8898052309845736,-13.023331696056085,-0.05598636139160019,-113.80671500364802,3.860071348537928,-12.847532863375308,-0.056036993487823726,-146.50517505682987,2.1046649543862214e-08,5.554997228963284e-09
1.15e-06,-177.88245652050043,3.7187534854623685,-20.367161476038035,-0.05543397338778765,-176.59234908298583,3.6813169749425203,-18.383539561061486,-0.056309691593186856,-221.27268772990035,2.1034102059059257e-08,5.7677693167774934e-09
1.1525e-06,-231.41552772656712,3.415840330773942,-22.716836271436613,-0.05593895025504055,-232.76129247046904,3.430978139132849,-24.009184304702693,-0.05651965565892291,-286.03917882198107,2.102158498733994e-08,5.9357971517958844e-09
1.155e-06,-281.9361498513372,3.111990386592233,-32.560073914884796,-0.05688369691114568,-280.1673879337051,3.118461962870378,-29.721574878042173,-0.056682339044612916,-337.87735042847214,2.1008452215617045e-08,6.048554571980975e-09
1.1575e-06,-318.8784075790811,2.756956459698582,-34.79892936440253,-0.05703092678991792,-316.74640137961995,2.7557170087582974,-35.51813311038043,-0.056812122713387606,-374.44423524385434,2.0994146844988328e-08,6.1006392187998635e-09
1.1600000000000001e-06,-342.39229265122833,2.354465447176976,-42.210950573733605,-0.05727942385129358,-340.59530428029075,2.357082269858298,-41.39652819556977,-0.056921621019853014,-394.08709334825863,2.0978224964314935e-08,6.0920347266795604e-09
1.1625e-06,-350.0377265159255,1.9091671865912532,-45.1284258606225,-0.05791291260450633,-350.1029268436549,1.939006631047797,-47.35460809049798,-0.05702127995198088,-395.9181122880513,2.0960377923748233e-08,6.02774406638766e-09
1.165e-06,-338.56469486487447,1.5532878518822242,-57.17468201768661,-0.057757766561837044,-344.11809728017727,1.5195857827640817,-53.39032985116938,-0.057119298812638164,-379.8545341769379,2.0940451893188036e-08,5.9168188026691525e-09
1.1675e-06,-326.1127102109774,1.1114600267842383,-62.15901221490037,-0.05716314448545108,-322.13062973526087,1.117887402723695,-59.50168976780529,-0.057221843225207694,-346.6223961639461,2.0918462995321772e-08,5.77089827562226e-09
1.17e-06,-283.8759203174294,0.7557457046602767,-67.65656832226661,-0.05645766273423891,-284.43392972663213,0.7530695331470835,-65.68665415520917,-0.057333464151586216,-297.72371520769906,2.0894606032967266e-08,5.60246837525904e-09
1.1725e-06,-230.88579906307612,0.404507667558649,-71.22316725513699,-0.057711921306169554,-232.23692407939296,0.443335541322745,-71.94309164103407,-0.05745760510571189,-235.3686003304285,2.0869254882007664e-08,5.423127976036965e-09
1.175e-06,-164.86314122555206,0.20556260060313564,-79.23931575591631,-0.057202933555267774,-167.6978786975322,0.20480491776098536,-78.26870777272303,-0.05759707319627951,-162.375360723253,2.0842953034352736e-08,5.2421832746351836e-09
1.1775e-06,-95.99432113411926,0.05719578718804145,-85.99518298390649,-0.05873384016202808,-93.86276389871615,0.050405726827675336,-84.6609827339814,-0.05775436826258567,-82.04312458887613,2.0816393524782782e-08,5.065852728669205e-09
1.18e-06,-15.972753484235263,-0.013652651285946324,-93.56070218154757,-0.05884848021570751,-14.504533494247191,-0.01109348858199966,-91.11711292401266,-0.057931802357178756,1.9972739400752455,2.079038847286472e-08,4.89725150298363e-09
1.1825000000000001e-06,70.5415932377067,0.03059993064845684,-94.87600695317651,-0.05728017973317819,66.12529802381066,0.02420000663461127,-97.6339571077509,-0.058131390185513464,85.94740023532813,2.0766038243873148e-08,4.7371520092761475e-09
1.185e-06,145.41695625052228,0.14523661112235423,-102.25659082665152,-0.05799667586600929,143.60762866101948,0.1549282306660276,-104.2079877934363,-0.05835453980319965,166.01289976799578,2.0743850106888933e-08,4.585327043712041e-09
1.1875e-06,212.04588988912028,0.37627103152131974,-105.53340321261804,-0.05935407827382207,213.69399934090728,0.3745014627539925,-110.83524843558712,-0.058601612771306134,238.57499429240914,2.0724942212996728e-08,4.44212725669469e-09
1.19e-06,269.5310342446583,0.6825005996456929,-120.82277207582258,-0.05932678208915838,272.63203823968803,0.6715178293560643,-117.51131699727856,-0.05887144736731723,300.35404238175863,2.0710158069524678e-08,4.309873323273356e-09
1.1925e-06,315.76559747959556,1.068985092603964,-125.97105728987707,-0.05933218886614483,317.43956047276964,1.0305427723408311,-124.23127633632555,-0.05916094395440232,348.5577717518625,2.0700230494735736e-08,4.193680922683611e-09
1.195e-06,347.85767709482144,1.4306956907872963,-130.54503420334544,-0.058929789962233865,346.0962550962,1.4331659563977697,-130.98969180607006,-0.05946479844285336,381.00748360957056,2.069574381819922e-08,4.101476365158226e-09
1.1975e-06,358.01572499842405,1.8662865864844524,-137.33343969739488,-0.06017225465838143,357.63412501500375,1.8592236215819493,-137.7805963837768,-0.05977544144401146,396.236524876655,2.0697106109158463e-08,4.043163708502171e-09
1.2e-06,352.36284839186624,2.295125081010737,-143.6357858036907,-0.05952353986373669,352.12274826508985,2.288061377493143,-144.5974835588361,-0.05995042697994357,393.55657756894954,2.0704532966032214e-08,4.029112936368407e-09
