time,v_coil,i_coil,v_bias,i_bias,v_coil_clean,i_coil_clean,v_bias_clean,i_bias_clean,v_coil_src,density_state,heating_state
0.0,-76.44559238046712,-0.15424913465736972,154.83215727718832,0.10789087455291511,-76.07157336844777,-0.14680490535383958,154.26149756166888,0.10769988461939987,0.0,0.0,0.0
2.5e-09,-17.550368099141963,-0.1318157758442377,165.79386700540906,0.10474528849585817,-17.820036137279757,-0.10937004614891549,164.79549702802814,0.10489047222040129,73.88788646153483,2.3098773060615127e-10,6.259959097897913e-11
5e-09,47.557605371847814,-0.009170677142012449,173.94957011460096,0.10067120114132766,40.95740417610004,-0.013504252208629304,174.94286761921794,0.09921182097563717,144.43620871992874,4.758399540783489e-10,1.272933419054147e-10
7.500000000000001e-09,98.34154447187755,0.15266401494055068,183.4253186656088,0.09354370887953707,96.11221674855086,0.13330489357173245,184.6621565043986,0.09348001662372303,208.45634326883152,7.33108626658416e-10,1.9365605489781816e-10
1e-08,141.45549184342428,0.32045781517268074,190.17718718506282,0.08727624764199265,143.97624787256566,0.3204078242824938,193.91353440784735,0.08767371559976665,263.05472581971685,1.0050377839515914e-09,2.6474466726542137e-10
1.25e-08,182.51544027194882,0.5208125640704598,198.59929794331424,0.0809020342444124,181.73759248515867,0.5351918427242058,202.65906338432956,0.08177667540253455,305.7636338182083,1.2917726083868955e-09,3.4775152661967763e-10
1.5000000000000002e-08,203.34805523738964,0.7523909611439746,211.6184674848471,0.07361202385753723,207.68361468721946,0.7643940761807793,210.86295112744006,0.07577853279838208,334.6527218837915,1.5928597279883191e-09,4.53238095242464e-10
1.75e-08,219.6270041026914,0.9662103248830949,215.2241223286784,0.06899049289654467,221.2794112290661,0.995336399606224,218.49178978826376,0.06967483187388306,348.41626902503657,1.9076138699976403e-09,5.932746732218078e-10
2e-08,222.21028384666448,1.2005477667429263,226.46327967885816,0.06397266721842666,223.07798278993383,1.2169129222054593,225.5147774107816,0.06346652865506017,346.43219425489195,2.235130656535645e-09,7.791176780710797e-10
2.25e-08,214.35914404068524,1.4275913799486342,233.39353272744194,0.05995500952538744,214.48655130030306,1.4202113205943758,231.90392023552775,0.05715917867813912,328.79017323463376,2.5743131537547086e-09,1.0191017535881063e-09
2.5e-08,195.96284348715935,1.5906197885442137,231.55786450809464,0.04872549086586689,197.43688786113594,1.598718598148855,237.63421428282248,0.050761992956599555,296.28758513819446,2.923907067329335e-09,1.3172355705170286e-09
2.75e-08,174.57514642519632,1.7585997293908424,242.10805745549433,0.044311926676758824,174.02211097792974,1.7481371943108985,242.68380480007954,0.04428691935392509,250.39347292937302,3.2825388272785908e-09,1.6726807460115025e-09
3.0000000000000004e-08,145.1149723309976,1.8619109900254287,248.74647384870582,0.03840227201312935,146.16568582355447,1.8659052439293144,247.03412234272486,0.03774786776588914,193.1821459653239,3.648751188688971e-09,2.0800004763678494e-09
3.25e-08,116.53036310284672,1.9709410018183229,248.50199484723953,0.03112642983787354,115.37984043285076,1.9505631425443226,250.66999445354355,0.03116015009492495,127.23942593743882,4.021032284234395e-09,2.5298895749754436e-09
3.5e-08,81.68642249841837,2.010120477678118,255.68023843839765,0.02546738355574928,82.65196081763207,2.0011289699688874,253.57973210912525,0.02454015434529639,55.5457736195892,4.397836027676406e-09,3.0100741514481027e-09
3.75e-08,47.393673632643356,2.0104740516690383,260.29445972817103,0.020967950860270576,48.47218903859843,2.016634435571993,255.75519031271952,0.017905222832108908,-18.658421171448072,4.777593999134501e-09,3.5061673871209456e-09
4e-08,14.220315226653648,1.9901091994898972,258.6946863742465,0.011312551719673814,12.988066665814587,1.9959332012979423,257.19180242843476,0.011273664486105946,-92.01929781636767,5.158721013855786e-09,4.002422375542791e-09
4.2500000000000003e-08,-19.82671301735111,1.933151417929681,255.05930178951115,0.003610439944350248,-23.75236798273377,1.9378323304980893,257.888588070438,0.00466480650065745,-161.22111175558007,5.5396180921805675e-09,4.482463643229294e-09
4.5e-08,-63.7782296889794,1.8229501444540284,255.03996147926262,-0.003156771092926519,-61.52466141415144,1.8415266864352953,257.8481345807626,-0.001901015252446939,-223.13609859235774,5.91867722134324e-09,4.930151434279674e-09
4.75e-08,-100.24405659165168,1.733429220948367,255.58793789278926,-0.006793645833830858,-99.6813842142012,1.7072486364907367,257.0765523485886,-0.00840261397626,-274.96584192070867,6.294292000121996e-09,5.330708082623314e-09
5e-08,-132.56205173267583,1.5497337438765382,258.06106668253346,-0.014133342435577845,-136.99195758085892,1.5369940682615217,255.58340444055116,-0.014818314472663118,-314.3677553740916,6.66487703769582e-09,5.6721146582245894e-09
5.25e-08,-174.0171047288038,1.3656450526357398,252.13565013947508,-0.021335249123855368,-171.6099678951715,1.335160252010394,253.38161122387731,-0.021126535623763078,-339.5609621944105,7.028897063661102e-09,5.946603253943468e-09
5.5e-08,-202.11171633002243,1.1140636440492953,248.04287072709505,-0.023609627992794632,-201.18523094573533,1.1089365780774048,250.48733087012337,-0.027306563047350373,-349.40678680588945,7.384904454427732e-09,6.151893413658365e-09
5.75e-08,-223.18093204718397,0.8809583905208619,248.23703578221816,-0.036138600966777394,-223.1104266817456,0.8683251396901256,246.9198168252173,-0.03333944171965625,-343.4602203579908,7.731581717154576e-09,6.29173608034932e-09
6.000000000000001e-08,-234.92887837599486,0.6337152132826112,241.5596569638086,-0.03696413134075461,-234.86605883285583,0.6257284686177071,242.70125351969978,-0.03920888971892863,-321.99003411204075,8.067783811592965e-09,6.375406527692167e-09
6.25e-08,-233.69886214137097,0.4229854020959757,239.95145961283245,-0.08028766915802213,-234.40755169690803,0.3951159415671276,237.85657176989452,-0.08139544624802662,-285.96663159229087,8.392574363299028e-09,6.4160457503329285e-09
6.5e-08,-223.54712472412558,0.15801312278653282,225.48867320881664,-0.07024482365593061,-220.52815042693496,0.19085533697365728,224.40309881825993,-0.07215005486088828,-237.01818855652084,8.705250013673867e-09,6.428123311907732e-09
6.75e-08,-191.74350745371837,0.03319972274349884,220.61448338306985,-0.02563039231322644,-193.1328729673499,0.02635835145083428,221.65345413457464,-0.02625360443403062,-177.3570631596344,8.99345832509825e-09,6.421520854393686e-09
7e-08,-155.9013711660285,-0.09242792283065779,217.2910101087591,-0.03112737498730336,-153.3719126380276,-0.08727267061328876,218.32849295191366,-0.0314400283600831,-109.67980240326027,9.273764661074116e-09,6.409992287893778e-09
7.250000000000001e-08,-103.33881386870617,-0.1468065328266168,212.73776955441343,-0.03674405985276279,-103.60438378112788,-0.14240208821346434,214.45987362938752,-0.03638602091297071,-37.04526435212679,9.548438537137737e-09,6.398107917274416e-09
7.5e-08,-49.874053508352596,-0.1287293912859166,210.92879109772974,-0.04082029696180113,-47.19123706234468,-0.13565290770446278,210.08114661934033,-0.04109061868862113,37.26363528452337,9.816624639657585e-09,6.386296116148816e-09
7.75e-08,9.642592985954177,-0.057659426625848456,206.73346057658355,-0.044235996030669134,11.855339125964946,-0.0682176554311129,205.22746792608453,-0.04555485892564111,109.88830346680847,1.0076755568088305e-08,6.372747951089454e-09
8e-08,71.05420482231209,0.06513760406163849,198.71031898544132,-0.04694515681470468,69.31466922130872,0.054354156849176716,199.93530402606513,-0.049781064737731556,177.5462705810817,1.0327340955172239e-08,6.355990968300193e-09
8.25e-08,120.24722568627362,0.2361513595491627,194.41856398673545,-0.053529858091658195,121.22575537928307,0.2228540119560877,194.24213079934557,-0.05377218307980057,237.17955059130026,1.0568514099048646e-08,6.3372362608407156e-09
8.500000000000001e-08,165.66248921044075,0.40606545990181536,193.78014058487128,-0.057567695219967865,164.31011200211185,0.4254863375486985,188.1861290589359,-0.057531265758223336,286.09285504389976,1.0802223215557173e-08,6.321714342499257e-09
8.75e-08,196.27777158106716,0.665184640879201,177.24031476336611,-0.062132637564700235,196.28657882124844,0.649148763577557,181.80587927849652,-0.061061149778287666,322.07541396791527,1.1028436898575891e-08,6.318602533145232e-09
9e-08,216.57065116847053,0.8877007483495009,175.72869723400828,-0.06189459612186196,216.03409837475965,0.8807292751651729,175.14005811026405,-0.06436435033532557,343.50089764308103,1.1247002129156678e-08,6.339643538437253e-09
9.25e-08,224.15883086620389,1.1213130789226764,166.79738779799655,-0.06746722818462872,223.58443405589642,1.1082356231155606,168.22713925381473,-0.06744313570888923,349.40092299954375,1.145764495003256e-08,6.396963854156017e-09
9.5e-08,219.26896182419824,1.3215987498620099,160.44569870025876,-0.07017033491120353,219.95551652409193,1.3216099973714925,161.105101182817,-0.07029971636993645,339.5088223273221,1.1659986126515288e-08,6.500779997656161e-09
9.75e-08,206.1949410326259,1.51831899963242,153.82113685557306,-0.07319402490465172,206.86248322963976,1.51314340617992,153.81114416177093,-0.07293645770408021,314.2716960495146,1.1853567421117717e-08,6.6575989468325405e-09
1e-07,186.90909700491642,1.6839623867434306,148.47988985303158,-0.07789758943080224,186.36289866391772,1.67747821959934,146.38141888860036,-0.07535602136520722,274.8302048013582,1.2037882967511175e-08,6.869252774121521e-09
1.025e-07,160.81372444683976,1.8428885790416611,141.90007063199488,-0.07554025223614946,160.5017501585168,1.8112605887249895,138.85076898275022,-0.07756135561577177,222.96701416714183,1.2212410105263028e-08,7.132790250255504e-09
1.05e-07,131.0216818985023,1.8885313171832323,131.32729465253476,-0.0793384820688062,131.01909785170014,1.9125638641987897,131.25248940323772,-0.07955548781706512,161.02622225546244,1.237663491418369e-08,7.441005784841653e-09
1.075e-07,99.8170619975881,2.0052163177261493,128.20357370594408,-0.08277818133203727,99.16932791522154,1.9802392327575566,123.61810272813743,-0.08134111717597389,91.80741180293185,1.2530069371412806e-08,7.783287360370751e-09
1.1e-07,63.0955796652862,2.0056261667501634,114.3817614950239,-0.08212526290043254,65.67842856376376,2.013354559433898,115.97715505766212,-0.08292005548366864,18.4391154099725,1.267225920885519e-08,8.146509406493911e-09
1.1250000000000001e-07,31.640546117947334,2.0147096394108637,106.07984764007219,-0.08252017210541207,30.83872251208346,2.0108563855990083,108.35703311886051,-0.0842926095745974,-55.76258700811037,1.2802783756220885e-08,8.515832121013236e-09
1.15e-07,-4.31805447566769,1.9654579292713623,98.82472768119347,-0.08503287784007371,-5.286024316572563,1.971538307682601,100.78280395266236,-0.0854570336652277,-127.44394748159309,1.2921250894431175e-08,8.875424411366173e-09
1.175e-07,-43.24726315397576,1.9082501519106758,91.88109617822664,-0.0849505075120789,-42.59341273704039,1.894331328920041,93.27707835534993,-0.08640919607716237,-193.36513175707313,1.302729136647133e-08,9.209239424637679e-09
1.2000000000000002e-07,-79.68602760771108,1.7961140734803729,84.99346242850473,-0.08980389060483458,-80.6734901537715,1.778860907618927,85.85989902838557,-0.08714259858283246,-250.54665242764418,1.3120556884416883e-08,9.50199720478623e-09
1.225e-07,-117.06452893911079,1.6217287908391915,79.04884278646513,-0.0860880585888055,-118.59915113310004,1.6261545897669227,78.54865416485666,-0.08764885548250803,-296.40403497850053,1.3200725693169846e-08,9.740453777862331e-09
1.25e-07,-155.27914589003086,1.4424345494014517,79.34182375078586,-0.08878146372267813,-154.82610961255395,1.4393447805686803,71.35801696961825,-0.08791868383329966,-328.86463014938477,1.3267517645805082e-08,9.914877358324674e-09
1.275e-07,-187.19694705644199,1.224286996115874,69.79568491139568,-0.08686939142720197,-187.2323336382693,1.2242009706425638,64.29991137560384,-0.08794337954279274,-346.4612929611019,1.3320718710695188e-08,1.0020462381482093e-08
1.3e-07,-211.1170834875124,0.9493219603552163,56.77445228310785,-0.0850853733837129,-213.30058768248594,0.9893469203488388,57.38350398281357,-0.08771666425255516,-348.39869432745115,1.3360212567229551e-08,1.0058270440605249e-08
1.325e-07,-230.14757047227835,0.7521037792610273,48.963518789068445,-0.08705788200586777,-230.42034686653236,0.746067552991712,50.6152220112992,-0.0872366984847766,-334.58926811871873,1.3386014985133124e-08,1.0035277513420813e-08
1.35e-07,-234.92545682688583,0.5113122145768506,43.34775049504967,-0.08681307935110699,-236.26180743200058,0.5076791309441068,43.99879682712033,-0.08650798597830564,-305.6571689513262,1.3398305403929624e-08,9.963277880098288e-09
1.375e-07,-230.8438678604313,0.2685885532926869,40.51122083816361,-0.08359246211443029,-229.15932583745354,0.28851259014135033,37.53533237282812,-0.08554286312124111,-262.9100618205559,1.3397449797776792e-08,9.856724347669606e-09
1.4e-07,-208.92073344562863,0.11016464650317939,31.290654607806257,-0.08292111409402605,-208.43723940976042,0.10263012874152205,31.2233976135365,-0.08436229238976035,-208.2800186207105,1.3384009623760148e-08,9.729967508543338e-09
1.425e-07,-176.3098169629039,-0.02662470379458967,28.217751706301325,-0.08252041510253554,-174.6185591330266,-0.03755331519955002,25.059141898041517,-0.08299576461811295,-144.23619289539795,1.3358733319978164e-08,9.594638695954683e-09
1.4500000000000001e-07,-131.18327637476062,-0.11913228239639885,20.81253117407588,-0.08086404451353928,-129.47525738803603,-0.12254859135357442,19.036431933587203,-0.08148024990592943,-73.67321972036744,1.332355556139089e-08,9.45796220779992e-09
1.475e-07,-74.83595511419831,-0.15788413193908216,10.921502929397562,-0.07916975095284015,-75.90466350679534,-0.14678484952669496,13.147008884549827,-0.07985829321122324,0.21961520996332348,1.3280791306964083e-08,9.322529068736828e-09
1.5e-07,-16.42056293505705,-0.1151438346577844,8.96081419715498,-0.08023807417299358,-17.645332062152836,-0.10917043077855151,7.380663931143108,-0.07817549208956055,74.10252403293417,1.3229849488130455e-08,9.187588862809365e-09
1.525e-07,41.6611188524661,-0.004607396208510665,5.222605372680854,-0.07771698185967583,41.12739354862569,-0.013141534983199544,1.725430465794867,-0.07647768796770342,144.63616752333107,1.3170112189429281e-08,9.051394494762198e-09
1.55e-07,95.4336254650916,0.14462746729586795,-3.6457301592492977,-0.07613596343551772,96.26575419930704,0.1338034145488039,-3.8322090365478676,-0.07480823004286247,208.63258562168932,1.3100994061765908e-08,8.913774154423993e-09
1.575e-07,146.86847237015786,0.322039582045235,-7.587895748295709,-0.0728166673066704,144.10362303497868,0.32100719338983597,-9.307103560992237,-0.07320563218398583,263.19928596903776,1.3037029220799646e-08,8.781041062269466e-09
1.6e-07,178.7655400116163,0.5292214706649812,-16.372919747125355,-0.06964316405667834,181.83205601101207,0.5358532474272413,-14.71520369867832,-0.07170185394211524,305.86997797445,1.2984098424574943e-08,8.661894467151427e-09
1.625e-07,209.0307939147205,0.7839734134124774,-21.66605113141836,-0.0694565646683519,207.7418606701143,0.7650786966194968,-20.073323670135508,-0.07032132155321456,334.7160435332696,1.2942420070042648e-08,8.56704976129569e-09
1.65e-07,221.35190461497362,1.031081845724476,-24.772185672310933,-0.0679571320818945,221.30155437689854,0.996008758638283,-25.3988975624995,-0.06908068875559016,348.4337061733968,1.291205507564987e-08,8.508742950351916e-09
1.675e-07,220.6777065711227,1.222252437377145,-26.51958671181223,-0.06893994172471375,223.0670621669535,1.217543299302384,-30.709732158095374,-0.06798924003366508,346.4029587827381,1.2892916697407452e-08,8.49840664522818e-09
1.7000000000000001e-07,211.00635327433326,1.4346468669593437,-37.084732612317254,-0.0676901967689275,214.44767084689698,1.4207769756296036,-36.023758751139496,-0.06704977227998851,328.7155865187292,1.2884793406325925e-08,8.544562527327444e-09
1.7250000000000002e-07,198.5896955634155,1.6033813228881895,-39.44731207776946,-0.06523123594045188,197.37616161568934,1.5992037711284508,-41.3587863466388,-0.06625975890213177,296.1710183282417,1.2887379747269026e-08,8.651418356108262e-09
1.75e-07,173.8579018611991,1.73174229695874,-48.12562725263907,-0.06564604460028366,173.94560797911637,1.748532064825492,-46.73225861104791,-0.0656126012063442,250.24019457972483,1.2900309458191237e-08,8.818348005126209e-09
1.775e-07,141.56177527351574,1.8591020805053686,-48.05670452292407,-0.06365883961909974,146.07856158238675,1.8662042106791805,-52.16101689816061,-0.06509879962692203,192.99908390832312,1.292318552069798e-08,9.040140409672188e-09
1.8e-07,112.50256897360028,1.9683116788570514,-54.902914911024034,-0.06297551250692057,115.28580044586589,1.950762887570053,-57.66107160650632,-0.06470692392518494,127.034854161174,1.2955603129641522e-08,9.307728840709266e-09
1.825e-07,83.14962920244156,1.983691368377773,-66.86441298233605,-0.0635994421344128,82.55313461377122,2.001226786347866,-63.2473840368628,-0.06442431773638116,55.32893830247659,1.2997163538780057e-08,9.609088893189677e-09
1.85e-07,46.38911680879835,1.9980382678268038,-68.68558578320196,-0.06483805546145384,48.36941302972174,2.0166272198913235,-68.93366081120787,-0.06423752968145484,-18.877719566874152,1.3047478975464832e-08,9.93009206852853e-09
1.875e-07,11.255512586012959,1.9898127354694304,-75.61221884711429,-0.06138398293070678,12.881495253200526,1.9958173584037255,-74.73216278852311,-0.06413251246602325,-92.23114750204229,1.3106170890842859e-08,1.0255256403504436e-08
1.9e-07,-25.786314744490074,1.9225699269142593,-74.5940553864172,-0.06368029756708471,-23.862466658003417,1.937604636923524,-80.65353026951757,-0.06409466646938902,-161.415937608156,1.317286532904911e-08,1.0568476112957144e-08
1.925e-07,-60.83019171459715,1.8408723695120022,-87.79926098292279,-0.06249041476634658,-61.63710452926909,1.8411859481907167,-86.70662612288275,-0.06410882122104888,-223.30509492697573,1.32471898716345e-08,1.0853884424730988e-08
1.95e-07,-98.661974285757,1.7220078547803046,-87.0379428563744,-0.06389442962625547,-99.79344966505104,1.7067977960018943,-92.89839829159341,-0.06415924571044446,-275.1013704878994,1.3328776312986078e-08,1.1096978724519774e-08
1.9750000000000001e-07,-138.89947798747696,1.5219161659294653,-100.90732525150048,-0.06420371221260837,-137.09908515724337,1.5364422982616202,-99.2337629506547,-0.06422975853793828,-314.46369059125726,1.3417272001805129e-08,1.1286015740724136e-08
2e-07,-172.9435885441415,1.309348068098369,-104.61306680526947,-0.06439636998891478,-171.70587514328957,1.3345245436952597,-105.71550938926148,-0.06430397607596383,-339.61296800820867,1.3512360868546751e-08,1.141350158359831e-08
2.025e-07,-202.77808454790656,1.0853811799056639,-110.56104270153712,-0.06298536244456315,-201.2624546129595,1.1082423937564345,-112.3442274824271,-0.06436569766104058,-349.4125126719692,1.3613792906812433e-08,1.1477424728699695e-08
2.05e-07,-220.95882640989552,0.8574998414450887,-121.59513429126893,-0.06568972689298251,-223.16121924540215,0.867605846502843,-119.11825840163996,-0.06439938891620332,-343.4194074802449,1.3721418713110853e-08,1.1481795305933127e-08
2.075e-07,-234.63545236529595,0.6108269279170205,-125.85293683258779,-0.06317852542759003,-234.88349963482602,0.6250234744230319,-126.03366899300717,-0.0643906948288284,-321.90452713960025,1.383522402961813e-08,1.143613268210729e-08
2.1e-07,-236.01789148516224,0.40640859149609815,-135.5055045357755,-0.06467333035494668,-234.38668644242418,0.39446768089235645,-133.08425002665382,-0.06432689882530696,-285.84029524558474,1.3955358408850474e-08,1.1353801813275173e-08
2.125e-07,-222.15043086992748,0.19574493602912438,-141.32261157945203,-0.06573899082492164,-220.46695977365516,0.19030546363145964,-140.2615382949221,-0.0641972458340957,-236.8567329507147,1.4082152312051375e-08,1.1249472532061362e-08
2.15e-07,-196.0230663932706,-0.0007363712129378822,-149.66184167975283,-0.06274134892044325,-193.03289331904972,0.02594364763751869,-147.55486231122032,-0.06399306606021204,-177.16778572042764,1.4216118168748355e-08,1.1136328541434976e-08
2.175e-07,-152.59201453249096,-0.09843818758058123,-155.72300563593527,-0.0657418023905974,-153.23838643305916,-0.08752408909302488,-154.951411138266,-0.06370766854110664,-109.47125803986339,1.435793298463329e-08,1.1023827478217017e-08
2.2e-07,-104.50838080063608,-0.14600034548853838,-161.1231308520609,-0.06167786835995805,-103.44589320656489,-0.14247371797984065,-162.43632565597906,-0.06333601351890178,-36.826878794846216,1.4510794798795254e-08,1.0916705882750708e-08
2.2250000000000001e-07,-47.08031282472206,-0.15100285422132506,-164.7767166998619,-0.06396727761974713,-47.01886086830193,-0.13554152245542225,-169.99281136741058,-0.06287421272106447,37.481991505827494,1.4674683889998709e-08,1.081554132703684e-08
2.2500000000000002e-07,12.423073323533536,-0.06374041793402475,-175.32837895652378,-0.062627976669079,12.029226219501682,-0.06793344976362364,-177.60227163775846,-0.06231893913478377,110.09676114819563,1.4848800676049787e-08,1.0718659016658116e-08
2.275e-07,64.42745396799764,0.05081165191776182,-183.28713354830708,-0.06372139688567746,69.47777516264287,0.05478895059207794,-185.2444600685837,-0.061666846468578264,177.73540791007292,1.503233881312054e-08,1.062470526175313e-08
2.3e-07,122.01367210678318,0.21804663778558395,-194.83285377915786,-0.060504815394703426,121.36721870339153,0.2234078064234055,-192.89765052855236,-0.060914099437209615,237.34081899134858,1.5226039755510924e-08,1.0534991777658115e-08
2.325e-07,167.6570229289073,0.434593782931238,-200.17655995177012,-0.05842665743560741,164.4216164761609,0.4261217515321076,-200.5388231950374,-0.060056098769635795,286.21896555057987,1.5432348292531035e-08,1.0454827144573494e-08
2.35e-07,197.632848024193,0.6312568339834409,-204.03019044713793,-0.05835102735697574,196.36307294692074,0.6498265192644485,-208.1438648092405,-0.05908745230669856,322.16066667351697,1.5651643726084122e-08,1.039343953889545e-08
2.375e-07,214.57875922628924,0.8849898547448444,-211.44180611518624,-0.055286899299510264,216.07402580476773,0.8814118607239527,-215.68778121252177,-0.058002201463758986,343.5414393194571,1.588408841755687e-08,1.03625918488324e-08
2.4000000000000003e-07,225.51422328892863,1.1195889579758371,-222.73024874605719,-0.05650867483085562,223.58946413495747,1.1088902177185906,-223.14492011458057,-0.056794268233219064,349.39492125524714,1.612962758215757e-08,1.0374398717429689e-08
2.425e-07,220.80673639845475,1.3302753897278823,-230.17741597760389,-0.05402237875717131,219.92984787231381,1.3222103066675597,-230.48920194609232,-0.05545804975097272,339.45654842752725,1.6388004839060917e-08,1.0439033643570932e-08
2.45e-07,208.3523082016545,1.5038139089964613,-236.2564734532903,-0.05436054542338621,206.81186284123467,1.5136702623296139,-237.69435657025528,-0.05398906215012293,314.1755126554495,1.6658789137506292e-08,1.0562931946436275e-08
2.475e-07,184.48626823924965,1.7090735257831993,-248.7872472704742,-0.05054570198493592,186.2935422692716,1.677919023929947,-244.73416357016816,-0.05238452756011834,274.69445918339494,1.69414075332142e-08,1.0747828645484167e-08
2.5e-07,163.27297354346518,1.8228202110648666,-253.97484289662447,-0.049070240325121736,160.41935919998198,1.8116078766766919,-251.58269379256996,-0.05064380910278201,222.79784171808035,1.7235178161586023e-08,1.0990653148506633e-08
2.525e-07,128.16377304422022,1.9144021023757272,-256.54447250514727,-0.04884778421539114,130.92814300030713,1.9128134157206937,-258.2145498135599,-0.04876862659436299,160.83126918474193,1.7539338627635487e-08,1.1284060588344901e-08
2.55e-07,99.22437519051539,1.9768026545663258,-265.92242730198893,-0.04736985413476163,99.07271351974853,1.9803882116279974,-264.6051029986293,-0.04676302533445,91.5954895453843,1.7853066712405278e-08,1.1617281391619987e-08
2.575e-07,66.35229922649522,2.008099650886763,-273.01365147266233,-0.04152942033430209,65.57757705879037,2.0134001322897555,-270.73072485762884,-0.04463311465827606,18.21980236902665,1.817549244473287e-08,1.197701531439924e-08
2.6e-07,30.384707579143395,2.0317147142421557,-275.1326451372727,-0.03963071618461892,30.734036417966607,2.0107951528501133,-276.56901044490536,-0.04238663382097037,-55.97937838244484,1.8505702788554595e-08,1.2348231903748164e-08
2.6250000000000003e-07,-4.081043334128197,1.995547625156749,-284.4458998550389,-0.04200134187271758,-5.394437756612566,1.9713666966462848,-282.0989916253508,-0.04003243285632388,-127.64841871289592,1.8842742028333096e-08,1.2714894966553337e-08
2.65e-07,-40.89235429119363,1.856468346855215,-287.12748675024005,-0.04038440224335208,-42.70491981409715,1.894046888600559,-287.3013381178604,-0.03757996984829124,-193.54804121133128,1.9185612049973064e-08,1.306074021542325e-08
2.675e-07,-81.25308975200805,1.7738171189546403,-288.6202550999944,-0.0351387044070248,-80.78619673695258,1.7784642440356524,-292.1585443379147,-0.03503892105076277,-250.69973301406367,1.9533276898785253e-08,1.3370260540476679e-08
2.7e-07,-118.95145193289297,1.6150768218069254,-294.47670173463575,-0.032704768995326525,-118.70942598590521,1.6256515282250608,-296.655100189655,-0.0324189773685895,-296.52036780318826,1.9884675211087643e-08,1.3629977828653162e-08
2.725e-07,-155.3582425874247,1.450590594492338,-306.26616863816815,-0.031027593639628186,-154.9284870358973,1.4387482657459494,-300.7776441037966,-0.029729863993424994,-328.93895723358787,2.0238742504834526e-08,1.3829921458006537e-08
2.75e-07,-186.46279426417883,1.2252919601365049,-303.4361069253198,-0.02796885757172113,-187.3198465796284,1.2235322319135133,-304.5150967796739,-0.02698157610207724,-346.49025488988036,2.0594443176013044e-08,1.3965043621538711e-08
2.775e-07,-211.93525195920859,1.008586871032239,-310.65775681881394,-0.022329554492431236,-213.3655008701796,0.9886355367979206,-307.8587742661958,-0.024184780422386008,-348.38098208757884,2.095080978214271e-08,1.4036160281229388e-08
2.8e-07,-229.77678393400083,0.726168470388095,-313.61201706628304,-0.020256948300260584,-230.45518207366914,0.7453502320437817,-310.8024792059136,-0.021351297994591772,-334.5256822631018,2.130698523221187e-08,1.404999734763804e-08
2.825e-07,-234.9035681628908,0.5172856418695414,-313.78031642920547,-0.01834236484782157,-236.26049375985258,0.5069972351634826,-313.34256926704467,-0.018494563931174997,-305.55058341583447,2.1662262225354307e-08,1.4018093238838623e-08
2.85e-07,-228.29753689597814,0.27157445647605155,-317.4040201400951,-0.018728666246353144,-229.11827783378754,0.28790866950261407,-315.47800199837013,-0.015629959076250175,-262.76529402866555,2.2016113951879258e-08,1.3954638534618775e-08
2.875e-07,-208.34476820343417,0.11449821589324369,-313.3628734984034,-0.015482436396008863,-208.3561706288975,0.10214390078669591,-317.21035555949555,-0.012774926537648761,-208.10361174693674,2.2368210786418187e-08,1.3873716495550112e-08
2.9000000000000003e-07,-171.7774091804786,-0.011749151753417647,-317.6397410982594,-0.012476769876035167,-174.50087791117198,-0.03788898085263106,-318.54382500210073,-0.00994882006940458,-144.03612012870252,2.2718419374607504e-08,1.3786689620325909e-08
2.925e-07,-126.73819260604525,-0.13399227854998325,-318.4826322396387,-0.007383409332398087,-129.327958515868,-0.12271110577794249,-319.48519400445576,-0.007172475319610633,-73.45852389418087,2.3067818433573567e-08,1.3700517477225757e-08
2.95e-07,-75.99007648029652,-0.14449240371378352,-320.20683145785205,-0.005029923867377992,-75.73771252280281,-0.14676425132860288,-320.0437821896093,-0.004467541319085272,0.43923033322604016,2.3417867587120754e-08,1.3617536920320662e-08
2.975e-07,-21.25624445506821,-0.1339543187119113,-323.23367118595655,-0.0037058782581871194,-17.470623540694433,-0.10897030394635432,-320.2313683851873,-0.0018556501192987078,74.3171323498306,2.376716465314969e-08,1.3536759631891196e-08
3e-07,43.885480985837,-0.025556231476746585,-321.6192752815708,0.001375773033456385,41.29735093919752,-0.012778372672605476,-320.06209040760257,0.0006424699528660316,144.83606922666513,2.4114317851242e-08,1.345622043864647e-08
3.025e-07,93.3141934120832,0.14091604486713438,-319.57981493600084,0.0029852239224501123,96.4192274890931,0.13430228677056932,-319.55232217363164,0.0030078222234598876,208.80874560970656,2.4458011114820133e-08,1.3375550007078223e-08
3.05e-07,146.46082118127913,0.3165925373065577,-322.6158024654881,0.005045544321901338,144.23090941499643,0.3216068030044724,-318.7205291557489,0.005223805392909911,263.343742211449,2.4800733129155212e-08,1.3297891072105092e-08
3.075e-07,180.4297997928904,0.553650780463759,-316.306561704455,0.005904330122257706,181.92641582482514,0.5365147765293902,-317.5871034023842,0.007276635269835768,305.97620137806916,2.5142910121398158e-08,1.3230543120896044e-08
3.1e-07,206.01525999156794,0.7775381969849652,-317.2059794157814,0.010359342653533355,207.7999983841305,0.7657633307847308,-316.17417953850054,0.00915548726688643,334.7792330421543,2.548447454822236e-08,1.3184187955073635e-08
3.125e-07,221.50671016492282,0.999088788083466,-317.7276330893953,0.011774524929026697,221.32359426779533,0.9966810347626663,-314.50543334381024,0.010852368704589534,348.451005765648,2.582521084545823e-08,1.3171024168701612e-08
3.15e-07,221.1087488100576,1.220275488012976,-305.6551908399707,0.012677781823708718,223.05605079554965,1.2181735162608727,-312.60586467387157,0.012361773872651223,346.3735865561822,2.6164766605842884e-08,1.3202443145071336e-08
3.1750000000000003e-07,215.2465848493118,1.4389696442002171,-311.74503825958953,0.013873036841384355,214.40871673332586,1.421342414402545,-310.50156664170197,0.013680208619551958,328.64087003111683,2.650267684257003e-08,1.328692334432038e-08
3.2e-07,196.7899266471912,1.5881097430051774,-308.6469688549198,0.014930447888443454,197.3153801688025,1.5996886911088914,-308.21948311298434,0.014805689099474788,296.0543345946619,2.6838396236201115e-08,1.3428630141388713e-08
3.225e-07,177.8071577240796,1.7415668538130789,-306.35180765746895,0.015993432111652238,173.86906668696287,1.7489266606809668,-305.787156685175,0.01573731819061019,250.08681743921056,2.717133362404009e-08,1.3626898743628819e-08
3.25e-07,144.8401923485272,1.8481101534042403,-301.9818052773739,0.01745750184408887,145.9914122774935,1.8665028905425947,-303.232469418742,0.016475023393623556,192.8159456583391,2.7500883385833273e-08,1.3876485343427472e-08
3.275e-07,118.06692481254514,1.968981939972594,-301.8448916247617,0.016788272250100378,115.19174395157808,1.9509623373689897,-300.58337866645456,0.01701950542410358,126.83023223356129,2.7826449698852105e-08,1.4168297626030317e-08
3.3e-07,81.84945109000464,2.018726007106272,-299.0281693183545,0.016481633732916612,82.45429604015868,2.001324298934717,-297.8676504033349,0.017372403576465884,55.11208114237492,2.8147461606365733e-08,1.4490293154255772e-08
3.325e-07,47.40651472225649,1.9943211930303646,-296.2645091788189,0.01921753543503636,48.26662574704984,2.0166196899335147,-295.11259249504917,0.017536640113736242,-19.097010509674732,2.8463379080055367e-08,1.4828332914581671e-08
3.35e-07,12.66787457876824,1.9997139229904237,-294.50154352657705,0.019045958793007235,12.774912779512015,1.9957011899959916,-292.3447903557428,0.0175168693795995,-92.44296077632099,2.8773692330009808e-08,1.5166931939417753e-08
3.375e-07,-24.680486956554493,1.9300494729188815,-291.8261100661119,0.01631266814211119,-23.972574617620882,1.9373766097008898,-289.58984743748607,0.017319934659203673,-161.6106997362756,2.9077918131658766e-08,1.548998930307339e-08
3.4000000000000003e-07,-59.84388539807139,1.8303962921094785,-285.8978297917365,0.016620123559256173,-61.749551401655694,1.8408448770319423,-286.87213296257585,0.0169552311430724,-223.4740031042792,2.9375597610065787e-08,1.5781651742302875e-08
3.425e-07,-99.30105885781383,1.6885919834569865,-284.9079732327256,0.016632173289395084,-99.90550817425363,1.7063466386577744,-284.21453925718816,0.016434887535064377,-275.2367904494262,2.9666299619875637e-08,1.60274397905741e-08
3.4500000000000003e-07,-137.02496740262418,1.4947730991238195,-276.2607219022334,0.016115359377938135,-137.20618962760247,1.5358902484886308,-281.6382509706931,0.015773709351407803,-314.5595016631384,2.994963263748128e-08,1.62156436780653e-08
3.475e-07,-173.0618080585725,1.3545525051683813,-277.09725759904774,0.014327910228616805,-171.80173864196516,1.3338886172505966,-279.16252836994715,0.014988868300796739,-339.6648397481856,3.0225266166822484e-08,1.633881323836273e-08
3.5e-07,-201.17145721469873,1.1114193287721528,-276.9551187558921,0.013690941316761797,-201.3396115844431,1.107548077801042,-276.8045067828591,0.014099366873630571,-349.41810059552256,3.049296040966096e-08,1.639498948176859e-08
3.525e-07,-223.66039670546928,0.8765902448065575,-274.5589997705667,0.012289164975252722,-223.21192290947073,0.8668865295107284,-274.5790141314659,0.01312534733561011,-343.3784590259555,3.075260079035267e-08,1.6388241161038405e-08
3.55e-07,-235.98384520174443,0.6164096164101349,-267.61866391725977,0.012291737796654526,-234.90083349370803,0.6243185783550514,-272.4984083427971,0.01208734247304635,-321.8188930843505,3.100423226935108e-08,1.6328148824906448e-08
3.575e-07,-235.92181810036655,0.3943545741437118,-273.7093105598611,0.010621381437069954,-234.365703566125,0.39381964418019905,-270.5724362572603,0.01100557655152494,-285.7138460536565,3.124808755882888e-08,1.622813782042863e-08
3.6e-07,-221.4657847479011,0.1822862464147063,-266.28165227921505,0.009789459572239288,-220.4056506037149,0.1897559321293724,-268.80811547060983,0.009899416944145392,-236.69518383762082,3.148460355192597e-08,1.610293555922371e-08
3.625e-07,-191.4465290920063,0.0405893319768894,-267.78734402701383,0.00796619181219851,-192.93280522144366,0.025529383701457225,-267.2096403483593,0.008787051095099517,-176.97843833818405,3.171442149780188e-08,1.5965780667865827e-08
3.65e-07,-153.5573471932064,-0.10726443297962267,-265.8743405194403,0.008739288118395888,-153.10477248921495,-0.08777499971146846,-265.7783132424823,0.00768542442480595,-109.26267045894662,3.193836851864208e-08,1.5826185511995075e-08
3.6750000000000003e-07,-102.09034722138482,-0.13122431953638586,-262.91544190779314,0.004943673805884233,-103.28734442019973,-0.14254480897798644,-264.51250172125424,0.0066104293495474545,-36.60847869889836,3.215981963945521e-08,1.5688945173361944e-08
3.7e-07,-47.78343226533958,-0.12927705043704762,-261.40070893659083,0.005084982938925895,-46.84646171413083,-0.1354296074297227,-263.4076223960245,0.005577291818868585,37.700332929833436,3.2378932003746334e-08,1.555470370678062e-08
3.7250000000000003e-07,12.365339430069724,-0.05438100625033032,-263.38423849328296,0.00573004548677721,12.203099200640121,-0.06764876144609971,-262.45615169558914,0.004601067431719471,110.3051753651248,3.259511155869196e-08,1.5421863429813816e-08
3.75e-07,72.84309259273476,0.04135539919205336,-257.6487839761794,0.004518435161120386,69.64083222422292,0.0552241477497179,-261.64766370168604,0.003697140361544983,177.9244750719407,3.280777298835668e-08,1.528915856351184e-08
3.775e-07,121.24908637341446,0.21083908128559828,-260.19710299195725,0.0037276583515961875,121.50860440936508,0.22396190228228854,-260.96889492007756,0.0028816183306790647,237.50199369300032,3.301790420510153e-08,1.5157997026019514e-08
3.8e-07,165.95929473267242,0.3955249398271692,-260.7840240756546,-0.0009347093704647727,164.53302339121385,0.42675735326425546,-260.40383562280726,0.002171535716555557,286.34496306254596,3.322818726169624e-08,1.5033787512010802e-08
3.825e-07,197.01254094255,0.6749892739960229,-263.3972719770768,0.0020908594511275273,196.4394597957046,0.6505043487763231,-259.9338471606485,0.001584811179738661,322.2457921951894,3.343925553639602e-08,1.4925857379428175e-08
3.85e-07,214.44835752840805,0.8595954842906995,-255.6314131990429,0.0021842087061500464,216.11384638720642,0.8820944157907092,-259.5378044125963,0.0011399498775904982,343.5818453711133,3.36515321812432e-08,1.484606388731822e-08
3.875e-07,222.05281976728085,1.0964159938812836,-260.3703363196892,0.0012366925511358893,223.59439646148505,1.109544694261228,-259.19226231354867,0.0008555256045052775,349.388781575369,3.386522754653525e-08,1.4806609243057528e-08
3.9e-07,222.49576990331408,1.31673456594534,-255.0787718777859,0.0015019767100168723,219.90409666983257,1.3228104307220674,-258.87164518409645,0.0007495170527457668,339.40414051566336,3.4080352280451164e-08,1.481774772177377e-08
3.925e-07,209.94348485610735,1.519803218954846,-256.06566928300754,0.0016057136013331941,206.7611780739797,1.5141968864706559,-258.54845737952314,0.0008385979585667754,314.07920522986643,3.429674174146672e-08,1.4885990095443636e-08
3.9500000000000003e-07,188.04041659758573,1.6887105648778706,-260.2585972212343,0.0011951722420336542,186.2241395026876,1.6783595668502895,-258.1935135805586,0.0011374887105123524,274.5586051204102,3.451408621923212e-08,1.5013143498384653e-08
3.975e-07,159.43872019171314,1.8256001538429985,-257.5703612746353,0.0004767565760936921,160.33693713356428,1.8119548861185295,-257.7761868678798,0.0016584657657026658,222.62858131195745,3.4731961335528796e-08,1.5196207752631594e-08
4e-07,129.88191990665513,1.9164040265007338,-253.9440532724021,0.0026170170745727413,130.8371679732127,1.9130626782291327,-257.2646725574242,0.0024110970738242445,160.63625262038445,3.4949853873706764e-08,1.5427907482779085e-08
4.025e-07,96.50476307066035,1.9870406090775967,-261.1256141732608,0.00439426066953049,98.9760851812805,1.9805368926465299,-256.6262656257755,0.0034022318069955393,91.38353112738562,3.516717996707399e-08,1.5697541547483093e-08
4.05e-07,63.938255004677785,2.0000717466939877,-257.89056115403764,0.004732806610323625,65.47671399189025,2.0134453971562305,-255.82764942552208,0.004636228302298183,18.000482135191987,3.538329472670571e-08,1.5991876328725842e-08
4.075e-07,28.882886062603365,1.9904624334906287,-253.19697992944762,0.005349418270263256,30.629339114383434,2.0107336004158562,-254.83519328077438,0.00611536331210889,-56.19614765700788,3.559749458984277e-08,1.6295945309081636e-08
4.1e-07,-5.916541274283543,1.9707393655046053,-252.70583573759453,0.010193148676603831,-5.502861711521087,1.9711947552581397,-253.61525646393937,0.007840335853636075,-127.85283955062347,3.580901550041345e-08,1.6593772945342493e-08
4.125e-07,-45.03072892931318,1.8786931656275951,-252.56294248188402,0.010384809010324235,-42.81643398460704,1.8937621132450482,-252.13449598724966,0.009810765609998275,-193.73087425588798,3.60170311448738e-08,1.6869152230040585e-08
4.15e-07,-81.20316461759762,1.7994471794161733,-249.61192095823156,0.011817135610029162,-80.89890240637934,1.7780672530103352,-250.36017559704086,0.012025591470140274,-250.85271462820018,3.622065564702351e-08,1.7106630320396095e-08
4.175e-07,-114.9886274513569,1.6446081562235744,-246.3435966240906,0.012375092578501896,-118.81968644264182,1.625148165380531,-248.26047333582838,0.014483299518941666,-296.6365835663307,3.641895433668277e-08,1.7292780798492554e-08
4.2e-07,-158.45364243596987,1.4475326186212976,-245.13668627480868,0.01735011251537702,-155.03083144995077,1.4381514990777953,-245.80478503709895,0.01718194748686036,-329.0131544579005,3.661096459257052e-08,1.7417682146626133e-08
4.2250000000000003e-07,-187.55288776382557,1.1993628646814078,-240.41698138655585,0.02107687310047902,-187.4073043771145,1.2228633161096174,-242.96402114044818,0.020118997740353476,-346.5190800297935,3.67957266185806e-08,1.747633206490908e-08
4.25e-07,-216.14224652426145,1.000436337208099,-236.34815443410588,0.022677011871657028,-213.43033592288032,0.9879240746246764,-239.71089426012296,0.023291015450792377,-348.3631323124122,3.697232174582071e-08,1.7469586177588697e-08
4.275e-07,-230.35830175476278,0.7293126479724864,-239.70478050253456,0.02777734734769544,-230.48991860030546,0.7446329491070726,-236.02019500779218,0.026693324873674165,-334.46196434204325,3.7139913890400104e-08,1.7404200958000906e-08
4.3e-07,-234.07171230479136,0.50572342661993,-232.95924119998486,0.030908877095048182,-236.2590666930262,0.5063155032705302,-231.86905365996012,0.030319738509127007,-305.44387725381176,3.72977885203531e-08,1.7291732800784357e-08
4.325e-07,-231.79026655953632,0.29034982470485,-227.94578826175785,0.03483856917743642,-229.07711042965184,0.28730503655112677,-227.2371853710744,0.03416247779814479,-262.62042250119976,3.744538315722229e-08,1.7146375079878546e-08
4.35e-07,-208.570736840178,0.12192817172914025,-224.79077903138506,0.038035344775888325,-208.27498699312528,0.10165807005503076,-222.10711676417495,0.03821238978052558,-207.92712271715328,3.7582304154676504e-08,1.6982198023172247e-08
4.375e-07,-173.40788280469957,-0.031880917999468746,-214.42476419323398,0.042930156800457545,-174.38309737599383,-0.03822416533758496,-216.46439188075118,0.042459535025837616,-143.8359904988291,3.7708326168247703e-08,1.681053710471796e-08
4.4e-07,-132.86770186929718,-0.11285145717231408,-210.35260690905957,0.04823286749940338,-129.18058577805644,-0.12287308949808802,-210.29775563907168,0.046894184139959785,-73.24379906773002,3.782441780908571e-08,1.66383148699948e-08
4.425e-07,-75.26701241971733,-0.12031376570368865,-202.79848388126945,0.05133978089736248,-75.57072052094401,-0.1467431123121935,-203.59931313419096,0.05150822078200702,0.6588452830881981,3.793187922314429e-08,1.6467826159988182e-08
4.4500000000000003e-07,-18.483768566789266,-0.08747911004395231,-191.73330167846083,0.05604135456815835,-17.29591068277645,-0.10876966609038204,-196.36466331153662,0.05629691575124184,74.53171132750195,3.802913751881674e-08,1.629804009920552e-08
4.475e-07,42.774673910961674,-0.026623457356102286,-192.47408307418885,0.06080564610987186,41.467276244792956,-0.012414764974822615,-188.59300575775876,0.061261014342768344,145.03591375101334,3.811460730574192e-08,1.61269508992181e-08
4.5000000000000003e-07,97.07806588405727,0.12036131762519893,-181.9331573067676,0.06757074261457455,96.57263653279152,0.13480151085025802,-180.28721957553776,0.06640906792335019,208.98482316333937,3.8186757966232044e-08,1.595415042804989e-08
4.525e-07,143.83944386366463,0.3473735008274813,-170.90715431884308,0.07275004339545846,144.35810695362005,0.3222066536408491,-171.45391354140386,0.07175993251218732,263.4880944899218,3.824785856607999e-08,1.5782742038009767e-08
4.55e-07,182.20220059990623,0.5455430383582677,-160.8243114478793,0.07779269172052171,182.0206718979409,0.5371764301149387,-162.10344698529136,0.07734533157285639,306.0823039871282,3.829807487728181e-08,1.5619981737375785e-08
4.575e-07,207.8269881379456,0.7648649959905257,-149.46314426021706,0.08394710886662234,207.85802783072216,0.7664479781094822,-152.24992107549005,0.08321229829750205,334.84229038550006,3.833707531561564e-08,1.5476500616448106e-08
4.6e-07,218.8873309085896,0.9938201764771527,-141.30371505454167,0.08958112103982441,221.34553092890704,0.9973532266634838,-141.91114044074038,0.08942510936854897,348.4681677949603,3.836436979223244e-08,1.5364437781727903e-08
4.625e-07,219.05158830689683,1.2115760667157505,-125.78611623878771,0.0942135024659855,223.044948720959,1.2188035710363871,-131.1085453102893,0.0960658998840646,346.34407758681965,3.837932420399519e-08,1.5295116923815756e-08
4.65e-07,214.0496407003031,1.443086528711102,-119.7377058028722,0.10530342685488282,214.36968901358753,1.4219076342576247,-119.86711460066891,0.10323238324167178,328.5660238012945,3.838118820021918e-08,1.527694302977934e-08
4.675e-07,196.64888946152314,1.6152151014594969,-107.72916417974133,0.1134559235705553,197.25454357391527,1.6001733550103794,-108.21524062256145,0.11102988721443127,295.9375339835187,3.8369131096149175e-08,1.5314005687420516e-08
4.7e-07,172.93184362751967,1.7533694269246785,-94.7002794913129,0.11845548692027678,173.79248714669453,1.7493209786007264,-96.18457632034601,0.11955333568290841,249.93334156838182,3.834228016615938e-08,1.5405565552124728e-08
4.7250000000000003e-07,146.90054058016827,1.8793317271439316,-80.84961862514977,0.13122638260760852,145.9042379411689,1.8668012802917262,-83.80985618861415,0.12885349173888846,192.63273128767494,3.829975594567024e-08,1.5546308402620834e-08
4.75e-07,118.28556574547582,1.9386116981282262,-70.93145105540016,0.13770758855464507,115.09767096826306,1.9511614890130298,-71.12869223218375,0.13888259174690507,126.62556023537921,3.824070049084805e-08,1.5727077609965277e-08
4.775e-07,82.86075406655686,2.0180254263167434,-60.58801522612771,0.1486559002895001,82.35544510358815,2.0014215053546685,-58.18134654690178,0.14942109909644455,54.89520222489764,3.816429651619793e-08,1.5935773673016644e-08
4.800000000000001e-07,47.350442505069545,2.007761207399846,-46.419229211763245,0.15650101204231737,48.163827191321076,2.0166118441374272,-45.01048229608904,0.16000397884050488,-19.316293913280482,3.806977756579655e-08,1.615820850660515e-08
4.825e-07,12.9914295435157,1.9694926526913548,-30.671917534962603,0.1703220031752787,12.668319246497214,1.9955846955993448,-31.66089504004058,0.16989042165607862,-92.6547375555816,3.795643144508435e-08,1.6378856855788387e-08
4.85e-07,-22.87488036382445,1.9365353104572145,-15.673206964232481,0.17815406931624492,-24.082691851730722,1.9371482497239896,-18.179226542012785,0.1781373356245499,-161.8053980630525,3.7823600653160294e-08,1.658158745906269e-08
4.875e-07,-59.77085055951765,1.8576374986817425,-6.637627985669248,0.18452429992223499,-61.862002007803014,1.840503475504973,-4.61366332218053,0.18380833149199086,-223.6428230575844,3.7670684223524364e-08,1.6750528278497297e-08
4.9e-07,-101.31318115134685,1.6868448152398587,8.30183488120421,0.1853425919973421,-100.01755970199447,1.7058951689128201,8.986377640199365,0.18626002897035734,-275.37210175182554,3.749714507617681e-08,1.68711944517947e-08
4.925e-07,-138.92846485643545,1.540479005879202,24.936930118377234,0.18602135268780626,-137.31327093682935,1.5353379254857544,22.570573547795867,0.18535683315314888,-314.65518855191044,3.732920402676244e-08,1.693890126970139e-08
4.95e-07,-169.23211972998973,1.3185589282741175,36.561083671291364,0.17999988303905115,-171.89755832557074,1.3332524813604443,36.088028173693246,0.1814821261838003,-339.7165773938631,3.718001253795269e-08,1.6949705947701987e-08
4.975e-07,-199.1164769697874,1.1089189618189124,49.862945150887846,0.17525084172876215,-201.41670179195256,1.106853640916003,49.487609336699535,0.1753510658509974,-349.42355057434355,3.704893838692396e-08,1.6901477121131578e-08
5e-07,-225.16950726142053,0.8874725194781939,60.06586213501847,0.1679217734480401,-223.26253761291997,0.8661672011137369,62.71828876043645,0.16775601276251434,-343.337375011289,3.6935375495941705e-08,1.6798087577255287e-08
5.025000000000001e-07,-232.87122953493866,0.6305215199518576,76.51851333728456,0.15887660237661558,-234.91806036573658,0.6236137939675087,75.72948159383284,0.15937701652932126,-321.73313198009697,3.683878235789194e-08,1.6648896196359984e-08
5.05e-07,-236.6732747825346,0.4115610386519723,87.68649451716115,0.14890315905253623,-234.3446030500628,0.39317184540064737,88.4713828744221,0.1507033239115169,-285.58728406642666,3.675871506908009e-08,1.6467079251861333e-08
5.075e-07,-220.40086182133825,0.18932585237328145,99.13951942338501,0.14283873693274293,-220.3442229304671,0.18920675597122433,100.89529824277716,0.14203852352900634,-236.5335412810178,3.6694849242548374e-08,1.6267087522066428e-08
5.1e-07,-192.72414720888298,0.0443050773317662,111.44456403003649,0.13306510454025908,-192.83260872051454,0.02511557172630342,112.95396626618022,0.13354290864324117,-176.78902108765794,3.6646986292763914e-08,1.6061857666900518e-08
5.125e-07,-153.72026388320876,-0.07353572693135821,125.35363810174331,0.12371681791654553,-152.97107088187636,-0.08802539271808543,124.60186980187004,0.12528077115211864,-109.05403974285913,3.661504164305427e-08,1.586057946687668e-08
5.15e-07,-106.45083076740619,-0.13622675739848517,134.51541349035872,0.11844358166411598,-103.12873751937266,-0.1426153545723204,135.79553392421937,0.11725884041113142,-36.390064150501644,3.6601420821252334e-08,1.5667711226071478e-08
5.175e-07,-45.6594389344329,-0.12413365661337813,148.80032054397145,0.10804806668070732,-46.67403970854693,-0.13531715966848856,146.49380805519522,0.10945333494654336,37.918659470344984,3.6605235892179434e-08,1.5483552720105432e-08
5.2e-07,14.644785126635607,-0.055550077664702636,157.0312017254634,0.10251614492609815,12.376957961441391,-0.06736359147380698,156.65813007242522,0.10182750123388891,110.51354603531644,3.6624810638666585e-08,1.53061598592148e-08
5.225e-07,70.30327159689152,0.05017661837465388,166.11670338044095,0.0928785229426668,69.80384031076355,0.05565974340897837,166.25277032292558,0.09434233390242334,178.11347199204238,3.66584375955245e-08,1.513392128799742e-08
5.250000000000001e-07,122.72954299750558,0.24174700776071276,173.42218040856235,0.0893729645932813,121.64991242438693,0.22451629104216742,175.2450536417541,0.08696272447336857,237.66307463262808,3.6705963158072226e-08,1.4967900544726713e-08
5.275e-07,166.86808634347523,0.4258694135709999,184.53508544458842,0.07826788887592781,164.64433270323624,0.42739313127518413,183.60555766197538,0.07966062576658149,286.4708475300562,3.6768884839850266e-08,1.4813161695295103e-08
5.3e-07,198.37279580953825,0.641061918139602,192.34512871661283,0.07412542321688763,196.51573935435033,0.6511822384447408,191.30828590378243,0.07241628445762255,322.33079049932735,3.6846645748804503e-08,1.4678685348418487e-08
5.325e-07,216.0417691016298,0.8622277190449432,200.30050410242723,0.06634520916163845,216.15356013719753,0.8827769253716111,198.33081434461045,0.0652182340534027,343.6221157820982,3.693847431366411e-08,1.4575979001141118e-08
5.35e-07,223.43622374364224,1.1347248372269587,203.72282320269775,0.059363761889473565,223.59923107279795,1.1101990372979709,204.65441039678672,0.05806251827048315,349.38250396233315,3.7043390776425315e-08,1.4516893060686772e-08
5.375e-07,219.41973560054484,1.317166441114891,207.8594979696595,0.051338492166118375,219.87826296748455,1.3234103544333724,210.2641234526797,0.05095148220787883,339.3515986124193,3.716022922981993e-08,1.4511330910015198e-08
5.4e-07,207.98407368474975,1.509204042655984,216.17387583489912,0.04514228413970096,206.71042898269133,1.51472326450736,215.14884639744014,0.043892386531536716,313.9827738107883,3.728767075726293e-08,1.4565457659817725e-08
5.425e-07,185.63278032785158,1.6651886948740695,220.0799189315257,0.03857886806597998,186.15469041428383,1.6787998357728504,219.30134773417862,0.036896041033045134,274.42264266603644,3.742428209538365e-08,1.4680744763234335e-08
5.45e-07,161.51599690903524,1.8387038693406432,222.29130778745568,0.029619109174826526,160.25448399837754,1.8123016063155333,222.71827421364674,0.02997560212251396,222.4592330156002,3.756855412062392e-08,1.4853870624426636e-08
5.475e-07,127.35676902504993,1.9213783749585496,227.1041131542545,0.02303061367174091,130.74617279558086,1.9133116430529287,225.40012410807327,0.02314562648683634,160.44117263937628,3.7718935343903156e-08,1.5077255997759527e-08
5.5e-07,97.63312679367694,1.9963463901703475,224.93337572780112,0.016422745522926663,98.8794429118165,1.980685269321564,227.35119151457258,0.016421419228187947,91.17153663261851,3.7873857284936956e-08,1.5339915627845884e-08
5.525e-07,61.866775975741426,2.02920321241395,223.87662129495146,0.010988517658669419,65.37583936600569,2.013490349781129,228.5794823153836,0.009818662604365704,17.78115479505205,3.803175075272473e-08,1.5628352957757924e-08
5.55e-07,31.509711863349466,2.0162685171248644,224.92414912362602,0.004393166342098521,30.524630601656693,2.010671726317897,229.09660265801438,0.0033532665989846103,-56.412894746220566,3.819105426360854e-08,1.592736078776411e-08
5.575000000000001e-07,-7.870284539388195,1.9626453283207128,232.38745544083127,-0.0016597510930639687,-5.611296176310615,1.9710224838372934,228.9176210461203,-0.0029586491734396986,-128.05720991407708,3.8350217662173415e-08,1.6220746301824827e-08
5.6e-07,-40.71083469901362,1.895074137010328,226.30017701553228,-0.007985597742363147,-42.92795523240446,1.8934770054782017,228.06090534968257,-0.009100746782611312,-193.9136308185626,3.850770512501193e-08,1.6492110058441298e-08
5.625e-07,-79.31977741249348,1.7790405009607377,224.14029038769453,-0.015582711817576115,-81.01160713048066,1.7776699394440094,226.54793624888362,-0.015056533556333384,-251.0055972096586,3.866200191094267e-08,1.672583324124866e-08
5.65e-07,-119.658732020518,1.6179265411100263,226.24233132215068,-0.022089093579682043,-118.92993245545823,1.624644508311632,224.4030988182599,-0.020809573114728436,-296.75268222204716,3.8811628436106425e-08,1.6908351362691254e-08
5.675e-07,-153.59975168851594,1.4313930765041651,221.13585265657747,-0.026604918058495654,-155.13314279351445,1.4375544896168342,221.65345413457484,-0.026343881266959794,-329.0872217930298,3.8955163642383404e-08,1.702963345122422e-08
5.7e-07,-189.85633119054827,1.2123093350464795,219.20509794102747,-0.03053409710908127,-187.49470696265013,1.2221942339255676,218.32849295191366,-0.03164449918688719,-346.5477683694619,3.9091277492287014e-08,1.7084595814646094e-08
5.725e-07,-212.19340375122994,0.9959877721614505,212.3688810446436,-0.03617767976213923,-213.49509277468317,0.9872125456961928,214.45987362938763,-0.03669819215415679,-348.3451450089976,3.921877016394529e-08,1.707403866793494e-08
5.75e-07,-232.3525026265855,0.748234505127393,206.90331699696145,-0.043231626305289546,-230.52455639286418,0.7439157166283364,210.08114661934033,-0.041494186778393144,-334.3981143806984,3.933661356602759e-08,1.7004685689003977e-08
5.775e-07,-230.66777545274616,0.5112056702859916,203.22855322604644,-0.04887647948779658,-236.25752619979326,0.5056339476137884,205.2274679260846,-0.046024839394523676,-305.3370505073836,3.944398952552392e-08,1.688807920705959e-08
5.800000000000001e-07,-226.02204330243387,0.2817534564432746,199.5101124140389,-0.047556139135783694,-229.03582362235016,0.2867017028314014,199.935304026065,-0.05028612695132663,-262.4754472953486,3.954031868359422e-08,1.6738413987374633e-08
5.825e-07,-206.12902425299396,0.10008721829269934,193.54772156623252,-0.056200979450517725,-208.19368853227593,0.10117264662215245,194.2421307993455,-0.054277869628461,-207.75055160103273,3.962527486165581e-08,1.6569775508331553e-08
5.85e-07,-175.95778138119667,-0.03529345175405917,182.22511772114012,-0.05663721800701543,-174.26521758889965,-0.03855886060214455,188.186129058936,-0.058003628648914715,-143.63580408478455,3.969878134100676e-08,1.6393528964035818e-08
5.875e-07,-127.58726626116574,-0.12204966255607205,179.1689141364435,-0.057954001010789756,-129.03313926215904,-0.12303453686982509,181.80587927849652,-0.061470267500938355,-73.02904532579211,3.976204173396225e-08,1.6216643594340792e-08
5.9e-07,-79.52715779803944,-0.174965459446389,177.15611711923114,-0.06486689689269219,-75.40368760573025,-0.14672142941708055,175.14005811026448,-0.06468721243781718,0.8784599728474307,3.981664070887842e-08,1.6041481172876618e-08
5.925e-07,-17.566304414649156,-0.09719075581007695,168.296349558859,-0.06485727636831175,-17.121193598275283,-0.10856851668767437,168.22713925381473,-0.06766549062748205,74.74626088123159,3.9861370913605006e-08,1.586710045530702e-08
5.95e-07,40.674416155903785,-0.023586703871439584,159.3666946069955,-0.07061428512583537,41.63716936242328,-0.012050713650797457,161.10510118281707,-0.07041665460308458,145.23570101747865,3.9895074330006833e-08,1.569160826081314e-08
5.975e-07,96.52387942514214,0.11428787084373783,153.07674659205233,-0.07293484406707001,96.72598124534562,0.13530108316349096,153.81114416177118,-0.07295171486895832,209.1608182130717,3.9916703119407334e-08,1.5514729502755718e-08
6e-07,144.13686956968155,0.3396035368783742,147.03146774051714,-0.07452761323736036,144.48521559193344,0.3228067403360766,146.38141888860054,-0.07528019687865915,263.63234274746685,3.992907123960327e-08,1.5339716022113773e-08
6.025000000000001e-07,181.60530680415803,0.5544227703443936,136.11647609546637,-0.07672050999718727,182.1148242017978,0.5378382024435071,138.8507689827501,-0.07740941573829156,306.1882857597429,3.993290577630312e-08,1.517398149573263e-08
6.05e-07,210.7028393144283,0.7887885404133572,132.14985040292424,-0.07960396441407193,207.9159490114261,0.7671326326111284,131.25248940323763,-0.07934402660939638,334.9052155384121,3.9928479637903235e-08,1.5028317840013376e-08
6.075e-07,221.71966814895745,0.9881190856287279,126.8822268901395,-0.08300730396858984,221.36736438745095,0.9980253285744501,123.6181027281377,-0.08108586785346104,348.48519225455897,3.9915932421018127e-08,1.4915023602602816e-08
6.1e-07,221.5104011016383,1.2414952525224519,115.294216853759,-0.0812318059263712,223.0337559884591,1.219433458426988,115.97715505766249,-0.08263407542643618,346.3144318863005,3.9895276680862655e-08,1.484557801298014e-08
6.125000000000001e-07,214.91765340323224,1.4329906705807025,110.91203750220612,-0.08587566868203274,214.3305877416904,1.4224726307806543,108.35703311886043,-0.08398541834410816,328.49104785880814,3.986641730782291e-08,1.4828536965248835e-08
6.15e-07,197.0891159775082,1.5937424468374743,100.73931303455801,-0.0845442199363363,197.19365188445445,1.6006577593093119,100.7828039526623,-0.08513479157415155,295.82061654092314,3.9829178952632084e-08,1.486813659400895e-08
6.175e-07,173.39107821137821,1.7598304378704999,93.5590743208203,-0.08591256469508472,173.71586940350284,1.749715015952222,93.27707835535004,-0.0860758064139966,249.77976702782627,3.9783335808882845e-08,1.496378008253495e-08
6.2e-07,143.0544115048906,1.8329936846156512,89.626644117977,-0.08631823393494692,145.81703860566418,1.8670993781088436,85.8598990283858,-0.08680143688353063,192.44944086865917,3.972863846056066e-08,1.5110291428813256e-08
6.225e-07,116.57084090707541,1.9703753240711168,79.86572373003301,-0.08854573351283154,115.00358151416292,1.9513603413729734,78.54865416485691,-0.0873047070513677,126.42083824743594,3.9664833824048246e-08,1.5298646726358962e-08
6.25e-07,81.53327186816405,1.9944933549868074,73.06081371482466,-0.08894292764028111,82.2565818108246,2.00151840501265,71.35801696961845,-0.08757942834251572,54.67830163566145,3.959167618512482e-08,1.5516871772569643e-08
6.275e-07,48.35820691176575,2.0065982740081507,59.97624474340479,-0.0880607693030833,48.0610173632707,2.0166036822735105,64.29991137560401,-0.08762100679119766,-19.53556969111683,3.950892956525919e-08,1.575089411934776e-08
6.3e-07,13.215105794637235,1.996375629356663,54.52388347650279,-0.08740975737838129,12.56171465591758,1.9954678751723973,57.38350398281383,-0.08742732994875413,-92.86647775621918,3.941636371892671e-08,1.5985292423406906e-08
6.325e-07,-23.450316986886385,1.948788536495274,52.49128813480015,-0.08414328248649415,-24.192818350439257,1.9369195569527793,50.61522201129938,-0.08699971069661076,-162.00003251161857,3.931374757131945e-08,1.6204026068508696e-08
6.350000000000001e-07,-61.471881588850366,1.8470241796916027,46.47834721651033,-0.08491819825467112,-61.97445632416026,1.840161743372394,43.99879682712023,-0.08634381870693754,-223.81155472024682,3.9200844567228846e-08,1.639129946728531e-08
6.375e-07,-98.54686578221794,1.7217660675544095,36.42321499608563,-0.08827237492226152,-100.12960420841564,1.7054433861227358,37.535332372827995,-0.08547048586158244,-275.5073043416824,3.907741408959669e-08,1.65326894847574e-08
6.4e-07,-139.09467014766778,1.5346480744606732,28.9587258231158,-0.08412106682352857,-137.42032902977394,1.5347853280182102,31.223397613536523,-0.08439624830135117,-314.75075121979506,3.894322187496269e-08,1.6616542288162083e-08
6.425e-07,-168.05858611704855,1.3405378843205735,24.06843583913097,-0.08178826240199104,-171.99333412845766,1.3326161340719944,25.059141898042014,-0.08314349838313734,-339.76818092481557,3.8798060429933966e-08,1.663546272589559e-08
6.45e-07,-198.73787624597878,1.0851495815063452,16.047674756115427,-0.08319499219615255,-201.4937251672588,1.1061590803731398,19.036431933587785,-0.08174016619500349,-349.4288626062806,3.864177819652161e-08,1.6587543043745403e-08
6.475e-07,-225.99911737316708,0.8714069293069338,11.041833465412958,-0.0801842067792754,-223.3130632947566,0.8654478578399871,13.147008884549887,-0.08021892040974254,-343.2961554524636,3.847431405010881e-08,1.6476894201358448e-08
6.5e-07,-239.04755870128344,0.608761971473369,7.972259723671223,-0.0791864352652438,-234.93518020720978,0.6229091171768136,7.380663931143207,-0.07861595145332034,-321.6472438606996,3.8295732056985447e-08,1.6313123305335967e-08
6.525e-07,-236.08144578526824,0.4118292636958708,2.6998094321603596,-0.07809589778657877,-234.32338487637563,0.39252428008912044,1.7254304657949913,-0.07696945582154102,-285.46060933386065,3.810625059805162e-08,1.6109660591494225e-08
6.55e-07,-220.563264691383,0.1776681679003909,-2.5668093238857237,-0.07340971726712114,-220.28267676735993,0.18865793062442254,-3.832209036547706,-0.07531796706480584,-236.3718053447186,3.790626016453953e-08,1.588121356700072e-08
6.575000000000001e-07,-190.30632649697515,0.013921867932234004,-11.281230754403834,-0.07244048837562915,-192.73230386233308,0.02470220746993209,-9.307103560992402,-0.0736986766115859,-176.59953404362074,3.770770220566444e-08,1.564396936961432e-08
6.6e-07,-151.8774818758961,-0.08633016005707833,-17.599577247350496,-0.07293028581212121,-152.8372816864989,-0.088275271695139,-14.715203698677929,-0.07214586576074417,-108.84536597396148,3.751611384818661e-08,1.540861677369083e-08
6.625e-07,-102.7130509972152,-0.10951898875465121,-18.47371974636103,-0.0725240337118421,-102.97007260147818,-0.14268535734547055,-20.073323670135217,-0.07068954159822187,-36.17163523588515,3.733446723820478e-08,1.5179766313676092e-08
6.65e-07,-46.586074794041906,-0.1648685660561186,-22.88020946437614,-0.06944830838110896,-46.5015949602832,-0.13520418048609179,-25.39889756249917,-0.06935434414130118,38.136971041170305,3.716250872455814e-08,1.4957894900033685e-08
6.675e-07,9.22475720089298,-0.07299120692497892,-30.73709512332705,-0.06690352560692936,12.550802393986515,-0.06707793972819925,-30.709732158095004,-0.06815877341106555,110.72187307650795,3.6999291354092445e-08,1.474126263007299e-08
6.7e-07,68.41602609753969,0.058030293605230265,-35.53822310024565,-0.06733704108920319,69.96679932703684,0.05609573916315863,-36.02375875113944,-0.06711477130223763,178.30239859576827,3.6843916802403346e-08,1.4528488869862362e-08
6.725e-07,121.60564898686711,0.21696520430039615,-43.934640902952054,-0.06817171616793706,121.791142675713,0.22507097568770704,-41.35878634663871,-0.06622767890771408,237.82406174663603,3.6697127924149274e-08,1.4320891083855188e-08
6.75e-07,163.9094850212773,0.4226149150317479,-47.33113420071605,-0.06476091004169761,164.7555443682807,0.4280290897462589,-46.732258611047754,-0.06549657050084724,286.5966189034098,3.656136827702254e-08,1.4123805143447336e-08
6.775e-07,193.79206887709202,0.6759495136597182,-48.03239517669496,-0.06358219385808028,196.59191160969465,0.6518601933686894,-52.161016898160526,-0.06491493862965221,322.415661552373,3.643709914646655e-08,1.3946495440432365e-08
6.800000000000001e-07,218.2012206506007,0.9031501686461159,-57.66297945992338,-0.06317184050069617,216.19316706993897,0.8834593951547091,-57.6610716065061,-0.06447167248282669,343.6622505365142,3.632462514517762e-08,1.380076019337734e-08
6.825e-07,225.2423073419228,1.1149284184063848,-62.132192447305684,-0.06285378273297346,223.60396800626762,1.1108532527645651,-63.24738403686254,-0.06415223890347249,349.37608841861777,3.6224093902778145e-08,1.3698744214228041e-08
6.85e-07,217.1553184335556,1.357602321666978,-64.85812250410527,-0.06443582707445235,219.8523468161323,1.3240100836636985,-68.93366081120769,-0.06393994898417818,339.298922738539,3.6135510827047744e-08,1.3650647641034547e-08
6.875e-07,207.3000557859036,1.5338307435857121,-74.01930892749682,-0.06240220090293319,206.65961562218175,1.5152494019520106,-74.73216278852277,-0.06381717972547866,313.8862184362836,3.605876455285246e-08,1.3662934719879606e-08
6.900000000000001e-07,188.3544735583097,1.7102682900764803,-78.61408448366551,-0.0637082431957463,186.08519505415293,1.6792398356423817,-80.65353026951763,-0.06376642441859183,274.2865718739478,3.599365756378643e-08,1.3737378898257861e-08
6.925e-07,161.07310603754374,1.8041857863157207,-86.47148542638128,-0.06444572993313757,160.17199983348917,1.8126480414894435,-86.7066261228827,-0.06377106857088889,222.28979689585512,3.593993635881255e-08,1.3870963505971682e-08
6.95e-07,132.00016774460298,1.9221496296366822,-95.47043929943115,-0.06471126300313769,130.6551574925372,1.9135603135919939,-92.89839829159337,-0.06381582789270973,160.24602931873625,3.589731642365261e-08,1.4056416324795338e-08
6.975e-07,101.64940610182929,1.9420614292086533,-102.81687762880385,-0.06668790712606662,98.78278672331817,1.9808333441778974,-99.23376295065457,-0.06388683524328063,90.95950614477262,3.586549895776052e-08,1.4283059456644321e-08
7e-07,64.37707122671226,2.002124267653907,-107.89231637658567,-0.06525260782508105,65.27495318406146,2.0135349917932714,-105.71550938926134,-0.06397141629231291,17.561820435193802,3.584417846433701e-08,1.4537701638505742e-08
7.025e-07,35.13642376969695,1.9935565817782186,-113.38718746365045,-0.06495822858814285,30.419910880109686,2.0106095312891386,-112.34422748242699,-0.06405764003531102,-56.62961956451828,3.5833042515492957e-08,1.4805436371235174e-08
7.05e-07,-6.580744743199303,1.9461079315950673,-118.45066161506706,-0.06565198291688576,-5.719741145965047,1.9708498822341016,-119.11825840163976,-0.06413376221704292,-128.26152972256992,3.5831766836469035e-08,1.5070364718613917e-08
7.075e-07,-38.493088991487646,1.925567269444083,-127.19897444525017,-0.0633126477434729,-43.03948354128446,1.8931915642920265,-126.0336689930069,-0.06418769167452659,-194.09631082720676,3.5840009963997174e-08,1.5316372606192293e-08
7.1e-07,-83.42852068108911,1.7499635643574458,-130.74575364015118,-0.06302937055456083,-81.12431087763426,1.7772723015077185,-133.08425002665354,-0.06420659963244289,-251.15838069807893,3.5857411912856675e-08,1.5528116856624843e-08
7.125000000000001e-07,-119.79068775164329,1.6222773501774108,-139.5500873167361,-0.06459950916266359,-119.04016397646011,1.6241405544247296,-140.2615382949221,-0.06417676195731957,-296.86866372450567,3.58836004944457e-08,1.5692297807451774e-08
7.15e-07,-154.97895047697372,1.4321403362811098,-149.92240864028471,-0.06503351934255887,-155.23542100536022,1.4369572340870724,-147.55486231122026,-0.06408367967516893,-329.16115920973664,3.5918207316208617e-08,1.5799137009075133e-08
7.175e-07,-189.70363267649324,1.234468308479585,-158.13414407151512,-0.06361862578875206,-187.5820542681476,1.2215249815173774,-154.9514111382659,-0.06391247153880784,-346.5763198975589,3.5960893350956755e-08,1.5843788579661298e-08
7.2e-07,-210.81876272024726,0.9920395475665754,-163.17189424507234,-0.06476770120975478,-213.55977135970292,0.9865009457498407,-162.43632565597883,-0.06364848302286287,-348.3270201844367,3.60113817017756e-08,1.5827272263534725e-08
7.225e-07,-231.1575422567357,0.742697764689619,-170.5930723873792,-0.0642096200135746,-230.5590953978203,0.7431985301091975,-169.99281136741024,-0.06327801725448891,-334.3341324042738,3.606949323137873e-08,1.5756508503496625e-08
7.25e-07,-236.14084279135315,0.5088036458478981,-178.40414266186926,-0.06260505971543132,-236.2558722485026,0.5049525636689974,-177.60227163775826,-0.06278907154385485,-305.23010321872226,3.6135179455246956e-08,1.5643209017823248e-08
7.275e-07,-229.1927330710937,0.2913991194690231,-183.83215929878205,-0.06135221349032328,-228.99441740928128,0.28609866401898776,-185.24446006858352,-0.06217196183086446,-262.33036846834926,3.620854677774767e-08,1.5501706976736824e-08
7.3e-07,-210.2126324456307,0.10218728450361371,-193.2506843381781,-0.06055215733048805,-208.1122752762812,0.10068762658988115,-192.8976505285521,-0.06141973642333462,-207.57389846828653,3.6289866874558255e-08,1.5346193740052153e-08
7.325e-07,-177.08923853662927,-0.02932301114497022,-202.47454686187623,-0.06007152226568145,-174.14723861138452,-0.03889306990765855,-200.538823195037,-0.060528316284038666,-143.4355609655993,3.6379569702165455e-08,1.5188108917834987e-08
7.350000000000001e-07,-127.72662344860004,-0.11635153700097317,-204.3831287500404,-0.06117681094969352,-128.88561905578635,-0.12319545033996443,-208.14386480924057,-0.05949634540985688,-72.8142627531388,3.647928097931087e-08,1.5034468034518433e-08
7.375e-07,-74.55466389283688,-0.15421840618296614,-214.10614341496407,-0.05901944335610833,-75.2366138817014,-0.1466992041454768,-215.68778121252163,-0.05832478340983659,1.0980743158070616,3.65908889708579e-08,1.4887655481417705e-08
7.4e-07,-17.7575612616331,-0.11948831361743528,-222.72562539572675,-0.05721007090675799,-16.946472397058468,-0.10836685622448308,-223.14492011458026,-0.057016314805974626,74.96078092632119,3.671340718243136e-08,1.4746732984799266e-08
7.425e-07,41.06615227036459,-0.020463618116916864,-234.24542071763653,-0.054077061954680525,41.80703018914079,-0.011686218164042814,-230.489201946092,-0.05557467857660577,145.43543094718927,3.6845802246878785e-08,1.4609792870420817e-08
7.450000000000001e-07,98.37588237718705,0.15463406002567467,-240.97894315597682,-0.05283005257662635,96.8792615417727,0.13580100521178387,-237.69435657025522,-0.05400403216986506,209.33673068942747,3.698705538661645e-08,1.4476527790869335e-08
7.475e-07,143.80600104885877,0.3460801096186899,-240.89276267585805,-0.056998585151189954,144.61223527110968,0.32340706544050873,-244.734163570168,-0.05230845498689318,263.77648692713984,3.713992905943311e-08,1.4350137112267233e-08
7.5e-07,185.60990233148516,0.5612634719890928,-253.79008028577604,-0.049103510790811655,182.20887270792016,0.5385000965509357,-251.58269379256973,-0.050491669022655,306.2941466540702,3.730498207127176e-08,1.4237958397179491e-08
7.525e-07,208.69992400324384,0.7609266183260488,-260.32712686358843,-0.049259920843291345,207.9737619278639,0.7678172978157951,-258.21454981355964,-0.04855701395077467,334.96800847604885,3.7482239669529727e-08,1.415068088839009e-08
7.55e-07,219.54703021936234,1.0010005182900734,-267.65005831357297,-0.04522890608698348,221.38909467070812,0.9986973443019996,-264.6051029986291,-0.04650766770182492,348.50207913772226,3.7671508020237804e-08,1.410047269495295e-08
7.575000000000001e-07,220.110731855773,1.2269744604061128,-271.94717671414685,-0.04611699067796156,223.02247264336626,1.2200631823118246,-270.7307248576288,-0.044347059738341334,346.28464946632783,3.7872384764122424e-08,1.4098655863962918e-08
7.6e-07,214.11673140317,1.4570653465876098,-275.44252499901546,-0.04140524385460477,214.291412971656,1.423037407732946,-276.56901044490525,-0.04207939050118437,328.4159422332592,3.808428328899602e-08,1.4153605339688196e-08
7.625e-07,197.3422629977036,1.6078985665892036,-278.5563422685075,-0.03675926691396012,197.13270515383408,1.6011419074867144,-282.09899162535044,-0.03971015277431326,295.7035823130357,3.830646561084672e-08,1.4269356649748847e-08
7.65e-07,174.12262744250978,1.7480195364513658,-290.21073079813885,-0.037173913841594894,173.63921350254995,1.7501087758076999,-287.30133811786015,-0.03724655197936374,249.62609387817787,3.853807812031205e-08,1.4445096991565334e-08
7.675000000000001e-07,148.3203519625481,1.8511983926951936,-289.5002277510805,-0.03478927643747115,145.7298143031887,1.867397186564055,-292.1585443379145,-0.03469774225169602,192.26607447364987,3.877818484858994e-08,1.4675422709368148e-08
7.7e-07,113.94358268920824,1.969558255100709,-297.85682988221475,-0.033885852156773956,114.90947560747286,1.9515588964555513,-296.65510018965495,-0.032074829829879685,126.21606635054322,3.9025794226949556e-08,1.4951073416555606e-08
7.725e-07,83.41229986179324,2.003623356271852,-299.15600998919086,-0.02689688746381487,82.15770616861124,2.0016149993174626,-300.7776441037965,-0.029390638434104575,54.46137946030262,3.927987728296486e-08,1.5259831700417696e-08
7.75e-07,46.04537053852374,2.0061645673110178,-308.42434318064323,-0.02918410681533179,47.95819626362399,2.0165952051387115,-304.51509677967374,-0.02665927504659195,-19.754837756617164,3.9539377447593205e-08,1.5587376916774305e-08
7.775e-07,14.382439906724104,1.9999993350921788,-311.79617791172154,-0.02605909006240179,12.455099009548077,1.9953507289021226,-307.8587742661957,-0.023895570891273105,-93.07818129464447,3.9803214211230586e-08,1.591803638007147e-08
7.8e-07,-25.07536383798438,1.9346931882121192,-309.31995025181675,-0.023245870015492404,-24.302954103823133,1.9366905309797555,-310.8024792059135,-0.02111449484064493,-162.1946030051374,4.0070284370683236e-08,1.6235517234945332e-08
7.825e-07,-61.51447752539527,1.8527115741314042,-317.3593576367535,-0.01886309638887553,-62.08691432712474,1.839819679662106,-313.3425692670446,-0.018330640885200148,-223.98019802564806,4.033946526658487e-08,1.652377347179783e-08
7.85e-07,-100.78077677201189,1.7405100353317435,-318.9183488143787,-0.015898288342583635,-100.24164165360547,1.7049912887982386,-315.47800199837,-0.015557876875525033,-275.6423981656188,4.060962409522341e-08,1.676813628217783e-08
7.875e-07,-138.25513925109877,1.5262990845024258,-317.95958123436696,-0.014317292329130872,-137.5273638512546,1.5342324541209373,-317.2103555594953,-0.012809211084078608,-314.8461896290699,4.0879636145272585e-08,1.6956713563429573e-08
7.900000000000001e-07,-171.9786446594795,1.3486687958224217,-320.4227852352071,-0.010081170490076369,-172.08906598495827,1.331979572972147,-318.5438250021006,-0.010096891767508373,-339.81965032067114,4.1148412886160084e-08,1.7081881086840424e-08
7.925e-07,-200.84011595074224,1.1135032679362187,-317.4829547477796,-0.007096250245389827,-201.5706816421426,1.105464393340501,-319.4851940044557,-0.007432710323202097,-349.4340366892366,4.141493857969639e-08,1.714151169450736e-08
7.95e-07,-223.25521483199367,0.8854258058097694,-318.3107588277032,-0.0045522719138176475,-223.3634998940222,0.8647284964812771,-320.0437821896092,-0.004828438913180506,-343.25480036575277,4.167831192558516e-08,1.713950574172571e-08
7.975e-07,-236.7150331642898,0.632059341076996,-320.80510487200917,-0.004571945142175916,-234.95219297449182,0.6222045444684922,-320.23136838518724,-0.0022963058168254,-321.5612287600643,4.193778759942152e-08,1.708526679889916e-08
8e-07,-233.9114428812761,0.3942846429017691,-319.8327722567758,-0.0023439243996736508,-234.30204902728792,0.39187694453654803,-320.06209040760257,0.00015059863318731334,-285.3338219059669,4.219281172762828e-08,1.699202701919266e-08
8.025e-07,-223.74768407472024,0.1836666462281381,-317.80104470470314,0.001899869936224444,-220.22101212793729,0.18810945234949134,-319.55232217363164,0.0024980838489123227,-236.20997609257046,4.2443045550035405e-08,1.6874300918358527e-08
8.05e-07,-192.1628419906645,0.02056894169999921,-322.5105019064163,0.0032598811258647995,-192.6318906930728,0.02428928740004344,-318.7205291557488,0.004730860176635059,-176.4099772808886,4.268837274941331e-08,1.674509770485933e-08
8.075e-07,-152.67714660910536,-0.10942850920674213,-312.55820429139254,0.0078032906646714785,-152.70340497862054,-0.08852463968367687,-317.58710340238406,0.006832811240748993,-108.63664923463948,4.2928887997455425e-08,1.6613693992956905e-08
8.1e-07,-102.60540311949484,-0.14469334963201635,-314.04692232637615,0.010037629810630234,-102.81134976395774,-0.142754819549753,-316.17417953850054,0.008787523051678474,-35.953192041279905,4.316728633334419e-08,1.648465766966923e-08
8.125000000000001e-07,-49.05367388090017,-0.15086572593791114,-312.9777434733682,0.009237309130881104,-46.329127578083934,-0.1350906710658207,-314.50543334381024,0.010579011182293431,38.355267556128354,4.3403027701238434e-08,1.6358429435835867e-08
8.15e-07,9.300942681456174,-0.055262207883567345,-313.1648140213393,0.012520176866136995,12.7246323903865,-0.06679180609348649,-312.6058646738716,0.012192552674890025,110.93015640646453,4.363490103818423e-08,1.6233243065926872e-08
8.175e-07,68.93525130191209,0.06649376354226032,-310.76313981316724,0.014814076295460162,70.12970917786224,0.05653213657653523,-310.5015666417019,0.013615510466625893,178.49125480852882,4.386175621151767e-08,1.610770246275099e-08
8.2e-07,122.22436896183275,0.23565905924595007,-302.6160883369762,0.014612329004037762,121.93229509068198,0.22562595927797294,-308.2194831129845,0.014838038335002569,237.98495497147078,4.408410984818109e-08,1.598311882506309e-08
8.225000000000001e-07,166.10651006933685,0.4357280393259673,-308.34927698211317,0.017613876724783793,164.86665834249942,0.42866523316376387,-305.7871566851749,0.01585357362050117,286.7222771329613,4.430417358590671e-08,1.586482746099719e-08
8.25e-07,198.56951067183763,0.6538585561169242,-304.6872964242426,0.014893994901965373,196.66797654866718,0.652538219283588,-303.23246941874197,0.01665905985176255,322.5004053208225,4.452220078798442e-08,1.5762093975255212e-08
8.275e-07,216.8702037810353,0.898678782165233,-302.5155650321304,0.014837961286252517,216.23266720070345,0.8841418318529222,-300.5833786664545,0.01725488570707475,343.70224961851574,4.4738305642652455e-08,1.5686716636666143e-08
8.3e-07,224.50133117707648,1.1036660880742433,-293.9980295820981,0.01768145455372535,223.608607299319,1.1115073480139674,-297.86765040333495,0.01764457265465181,349.36953494675583,4.495246415247816e-08,1.5650838091982197e-08
8.325e-07,218.8899816091126,1.320670322256882,-296.4452047008872,0.01657929726296048,219.82634826666364,1.3246096260360587,-295.1125924950493,0.017834283030556904,339.24611291481807,4.5164530106022535e-08,1.5664655046512463e-08
8.35e-07,205.04884751633324,1.496579484508558,-292.2331556963357,0.018936754935242498,206.60873804726128,1.5157753063282937,-292.3447903557428,0.017832246333229704,313.78953914446976,4.537426162489778e-08,1.573462941125338e-08
8.375e-07,182.6240286845506,1.7055340690620124,-287.60067002165596,0.017803998521900236,186.01565347236522,1.679679573541729,-289.5898474374862,0.017648209640218047,274.150392797866,4.558135275191551e-08,1.586253624172222e-08
8.4e-07,163.32535290167803,1.7970710048401013,-286.0813452924905,0.016680647788655592,160.08948467793812,1.8129941979859157,-286.8721329625758,0.017293007006666774,222.1202730196244,4.578546443742514e-08,1.604536686736558e-08
8.425e-07,130.7779635458752,1.8986116203376773,-290.405119449398,0.018224951402714535,130.56412208916356,1.9138086952090185,-284.2145392571882,0.016778314642378295,160.05082273550383,4.598625017239354e-08,1.6275864995741118e-08
8.450000000000001e-07,99.24494275617677,1.9749201219012495,-279.62052911908995,0.014161087288568106,98.68611662771279,1.9809811213951236,-281.6382509706929,0.01611661878726957,90.7474397475518,4.618337321120579e-08,1.6543377139297767e-08
8.475e-07,67.06088124001437,1.9968213221295872,-282.8745431526591,0.011711596866596344,65.17405544896297,2.0135793260231547,-279.16252836994715,0.01532137882715713,17.34247914220449,4.6376514486148065e-08,1.6834744812488948e-08
8.5e-07,28.835949582523448,1.9962196501001783,-276.2721496248092,0.013825398554910124,30.315179950073947,2.01054701666647,-276.80450678285905,0.014407327424286754,-56.846322026334114,4.656537252140757e-08,1.713510232956267e-08
8.525e-07,-5.978813977635667,1.946096777957916,-275.566594028946,0.011649546975049168,-5.8281966154466645,1.9706769501610326,-274.57901413146595,0.013390819733753145,-128.4657988954398,4.674965848641034e-08,1.7428599477314803e-08
8.55e-07,-39.73127867655345,1.8937557102690499,-271.43170182305437,0.013352089567301453,-43.15101889500212,1.8929057876591242,-272.4984083427973,0.012290130595633443,-194.27891420970337,4.692909063894083e-08,1.7699179104619666e-08
8.575e-07,-83.07832001191434,1.7773100305002854,-271.1185282557979,0.012076958209472077,-81.23701361617748,1.7768743353475498,-270.5724362572604,0.011125604413194408,-251.31106503315158,4.710339258661467e-08,1.7931563787165844e-08
8.6e-07,-120.27669147474275,1.6122248363326124,-267.7756936661346,0.008605640045935819,-119.15038095770203,1.6236362980057453,-268.80811547060995,0.00991958630340528,-296.98452802791456,4.7272299004440267e-08,1.811252904787495e-08
8.625e-07,-156.17178010498748,1.4377595786460404,-268.7033762704884,0.00801360481237453,-155.3376660242235,1.4363597249640998,-267.20964034835947,0.008696100827925558,-329.234966678829,4.743557083134913e-08,1.8232381081929265e-08
8.65e-07,-183.94251930799123,1.1967615516408883,-259.6960560551131,0.007553028052518993,-187.6693462255178,1.2208555497138929,-265.7783132424825,0.007480289457982198,-346.6047346028141,4.759301982999361e-08,1.8286367033505815e-08
8.675000000000001e-07,-212.00685974725943,0.9712427403821314,-261.76693350381004,0.0068114726863675815,-213.62437161207777,0.9857892642670224,-264.51250172125435,0.006297661858538668,-348.3087578458847,4.774454013326169e-08,1.827560561775338e-08
8.7e-07,-227.5012147025746,0.7600171351046419,-261.8755452803798,0.007101452107611786,-230.59353556169987,0.7424813781248327,-263.40762239602464,0.0051732511821751745,-334.27001843802856,4.7890142447841486e-08,1.8207118636591757e-08
8.725e-07,-239.24804331820883,0.5081221937589467,-267.92281102028176,0.005458705358440348,-236.25410480757955,0.5042713396739559,-262.45615169558926,0.004130783467715008,-305.12303543005015,4.802998532030546e-08,1.809271765809093e-08
8.75e-07,-225.87937102408387,0.2864207806164944,-264.4887434563241,0.0048558720731809325,-228.9528917879352,0.2854959086744117,-261.64766370168616,0.0031919722529689786,-262.185186077475,4.8164397556186196e-08,1.7946831079272974e-08
8.775000000000001e-07,-206.26667910854567,0.10269147931791722,-258.9008181420928,0.0025512568650591,-208.03074725516694,0.10020299953779535,-260.96889492007784,0.0023760312948427507,-207.39716338865253,4.829388661171966e-08,1.7783739594685946e-08
8.8e-07,-173.68266566666742,-0.041044483572287745,-257.5333303145843,0.0018376661390917854,-174.02916050502802,-0.039226801990379825,-260.40383562280743,0.001699463920886611,-143.23526122032163,4.841912945981922e-08,1.761496735681701e-08
8.825e-07,-129.03638940579592,-0.07227874032183235,-260.2231076823687,-6.5201195272688185e-06,-128.73802524662392,-0.12335583639641091,-259.93384716064867,0.00117614296846278,-72.59945143456771,4.854201692057827e-08,1.7447612784787335e-08
8.85e-07,-78.24475279046388,-0.145204616122486,-257.1382501951025,-0.0006905910315467472,-75.0694994534375,-0.14667644033519378,-259.53780441259653,0.0008176482743256579,1.3176882252618594,4.866468591879127e-08,1.7284145560833664e-08
8.875e-07,-15.81151919347676,-0.1066231775487186,-258.53819253482266,-0.003929597891318729,-16.771747188993153,-0.10816468569262248,-259.19226231354884,0.0006337874728352525,75.17527137808165,4.8786416424645705e-08,1.7123718470634615e-08
8.900000000000001e-07,44.97754928304285,-0.02123989780787478,-257.35330095992975,-9.025851566885794e-05,41.97685862203828,-0.01132127668892357,-258.87164518409656,0.000633197644828026,145.6351034612995,4.890644354313779e-08,1.6964521984274095e-08
8.925e-07,94.8683980746598,0.12624961972104418,-257.79803885220986,-7.861734944958603e-05,97.03247733714986,0.13630128139413342,-258.54845737952314,0.0008239150252872794,209.51256052295523,4.9024016428138204e-08,1.680635260585935e-08
8.95e-07,146.28479516926058,0.33229378936063675,-259.95502574515257,-0.001219317868873632,144.73916593240233,0.32400763550153,-258.19351358055866,0.001213809265638609,263.92052697203155,4.914217600864636e-08,1.6652515544758696e-08
8.975e-07,182.52259173318848,0.5252212857386273,-262.5889906880853,0.0008461327701313975,182.30281738792746,0.5391621205811976,-257.77618686787997,0.0018108059222377336,306.39988662831917,4.9261729140149235e-08,1.651045132431972e-08
9.000000000000001e-07,208.6723819358563,0.7856546157113194,-254.20717067856475,0.0006055110766680443,208.03146658174254,0.7685019828499038,-257.26467255742443,0.002622861028040369,335.0306691736222,4.9382950715325204e-08,1.6390944731013306e-08
9.025e-07,220.26802498215963,0.9942241548515044,-258.8933441424358,0.0015728728079864788,221.41072180602762,0.9993692833433916,-256.6262656257757,0.00365769764185052,348.51882843778446,4.950588567324871e-08,1.6306249028513856e-08
9.05e-07,225.0337947472369,1.2399113217530051,-258.905797228914,0.005298984219349043,223.01109873103735,1.2206927520055935,-255.82764942552234,0.0049223580025090155,346.25473033866,4.963035718279443e-08,1.6267760147657735e-08
9.075e-07,212.52478918598706,1.4415677783065874,-254.11304256604495,0.008213935780929984,214.25216475751606,1.423601973791342,-254.8351932807747,0.006422658663073063,328.3407069542975,4.975598862759525e-08,1.6283916598777733e-08
9.1e-07,196.84658450926847,1.5914687422533118,-253.90080293002003,0.00923486221907071,197.07170343545008,1.6016258072447407,-253.61525646393963,0.008162653883436432,295.58643134605575,4.988223430602121e-08,1.635880914361087e-08
9.125e-07,174.2627587036222,1.780024479547527,-253.0807490274756,0.00954594503305216,173.562519488958,1.7505022646782842,-252.13449598724972,0.01014421164159558,249.47232218009577,5.0008413126380277e-08,1.6491673954906816e-08
9.15e-07,146.4708055817492,1.8614111290978719,-248.69646786488704,0.010626817273420333,145.64256506591283,1.8676947108686857,-250.3601755970409,0.01236678730912641,192.08263217504134,5.0133739977043535e-08,1.6677151541336754e-08
9.175e-07,112.89965072740075,1.9471386235773507,-247.32578528822933,0.013645212938340761,114.81535326635628,1.951757158149614,-248.26047333582844,0.01482744607400143,126.0112446255487,5.0257350772627234e-08,1.6906021413779353e-08
9.2e-07,82.14060331997665,2.009819423982992,-244.36689937968913,0.01771326053291288,82.05881818365754,2.0017112908751993,-245.80478503709935,0.01752114298336378,54.24443578445122,5.037831914641951e-08,1.7166101577763382e-08
9.225000000000001e-07,47.779726235031134,2.013241027442793,-243.0914814920806,0.021376287905118106,47.855363893093724,2.0165864141383913,-242.9640211404483,0.020441226927924203,-19.97409802322785,5.04956649888833e-08,1.7443101775495772e-08
9.25e-07,15.925687158567825,2.013714560288134,-237.93398722529147,0.02384158952334306,12.34847230918108,1.99523325710443,-239.71089426012333,0.023580100006052405,-93.28984808727547,5.060835709327059e-08,1.772137425352954e-08
9.275e-07,-23.417760490090476,1.9383975776840048,-232.84435319798274,0.02533348121057424,-24.41309910192458,1.9364611711665092,-236.02019500779255,0.026929943176546522,-162.38910946679562,5.071531366916792e-08,1.798464567748042e-08
9.3e-07,-62.251630934664284,1.8400778771065052,-233.50676115898287,0.027927560465511064,-62.1993759930556,1.8394772829408466,-231.86905365996034,0.03048341712285572,-224.14875290721625,5.081540513756118e-08,1.821688473212843e-08
9.325000000000001e-07,-101.03751224167948,1.6995665486813103,-226.58797445686744,0.03500024015373114,-100.35367199760462,1.7045388748974992,-227.2371853710744,0.034234264768980414,-275.7773831703001,5.090746330035908e-08,1.8403433376606828e-08
9.35e-07,-138.61515466975194,1.5354264270483728,-221.77849799085672,0.03829285512955733,-137.63437534604114,1.5336793013658843,-222.10711676417506,0.03817777648788056,-314.94150374205424,5.099029973905783e-08,1.853240708863294e-08
9.375e-07,-170.9829936420634,1.346959083434868,-219.16471768727524,0.04234515858607659,-172.1847538293837,1.3313427955024204,-216.46439188075166,0.042311125359898526,-339.8709855611105,5.10627343694547e-08,1.8596186042613324e-08
9.4e-07,-201.41021899242986,1.1159357947483095,-210.67365793254044,0.0463596559420119,-201.6475711483837,1.1047695773988895,-210.29775563907214,0.04663363047076222,-349.43907282116874,5.112363282129707e-08,1.8592643162576475e-08
9.425e-07,-224.8806754090583,0.8136839288310245,-207.18574212636221,0.050090362538522226,-223.41384734979502,0.864009115013535,-203.59931313419145,0.05114705292084759,-343.21330976748334,5.117194914904109e-08,1.8525672238507674e-08
9.450000000000001e-07,-234.11560163382413,0.5880612215874416,-192.50275552417395,0.055815788298888634,-234.96909862401156,0.6215000744206169,-196.364663311537,0.05585606391304037,-321.4750867121484,5.120676872725096e-08,1.840466063418261e-08
9.475e-07,-232.6001341835383,0.4089407981037206,-189.52815103737632,0.05934634118028513,-234.28059548511015,0.3912298380447684,-188.59300575775904,0.0607690397904719,-285.206921832799,5.1227345370134e-08,1.8242811980588403e-08
9.5e-07,-222.14819057588912,0.1793367085530345,-180.72214656966256,0.065342356357128,-220.1592290258436,0.18756132117781954,-180.28721957553807,0.06589932843862353,-236.0480535884682,5.123312692135832e-08,1.805459874817892e-08
9.525e-07,-192.5662751238809,0.017371551659155268,-171.58903250264882,0.07244279282933787,-192.5313692589934,0.023876812133755258,-171.4539135414042,0.07126708672634273,-176.22035087429123,5.1223764789049333e-08,1.7852975674881342e-08
9.55e-07,-152.1707319763649,-0.11630472085883868,-162.73281310456244,0.0763125248763281,-152.56944083385238,-0.08877349575107742,-162.10344698529167,0.0769016955008026,-108.42788960728882,5.119910497045169e-08,1.7647155993779558e-08
9.575e-07,-103.31444495000153,-0.14422761845014018,-152.03246621388723,0.07966179445789424,-102.65256910430409,-0.14282374029445527,-152.24992107549065,0.08284459000721313,-35.734734652923834,5.116158697723977e-08,1.7441640458217438e-08
9.600000000000001e-07,-44.31437475404139,-0.15029080776657985,-142.64453063932797,0.09092652123184776,-46.156637670721,-0.13497663095799423,-141.91114044074013,0.08915204972148294,38.57354892902927,5.11103860155312e-08,1.7236804246858244e-08
9.625e-07,16.432429696180503,-0.06325539921477878,-124.3994353281093,0.09468775453517495,12.898447842755136,-0.06650519094786135,-131.1085453102893,0.095896990794957,111.13839594294745,5.104401057802433e-08,1.703082122470776e-08
9.65e-07,69.62644986072625,0.0555450954443566,-111.16743155477147,0.10158900241613741,70.292569768118,0.05696893412218826,-119.86711460066888,0.10316798581579449,178.6800405557687,5.0961026517333026e-08,1.6822242558874527e-08
9.675e-07,121.5976398629586,0.22669382220489376,-110.34614259549583,0.11043862963208201,122.07336959671173,0.22618123892692704,-108.21524062256174,0.11106250549771447,238.14575424361794,5.086167844373503e-08,1.661233284984364e-08
9.7e-07,167.3434618207716,0.42855835184566765,-96.91708899699245,0.11853761294229276,164.977674582122,0.4293015572107567,-96.18457632034605,0.11966981561724269,286.8478221690958,5.074788910153512e-08,1.6406384113404604e-08
9.725e-07,195.01097102323797,0.6528294457250307,-83.50999902355386,0.12779667261901081,196.7439341582833,0.6532163105160731,-83.80985618861435,0.1290377034354281,322.58502177121846,5.0619638393286354e-08,1.6213618741732928e-08
9.75e-07,220.45847629461454,0.8535840691274109,-67.73339339943381,0.14245240654171656,216.27206054484117,0.8848242286440313,-71.1286922321841,0.13911810066529326,343.74211301231236,5.0476778684977206e-08,1.6045789665264288e-08
9.775e-07,223.54192935141822,1.1054152676157318,-64.54276328685269,0.151340280314014,223.61314898943064,1.1121613153857266,-58.18134654690205,0.14969335824430477,349.36284354933446,5.0319039941395135e-08,1.5914991774577098e-08
9.8e-07,218.77048256122407,1.3245977222322922,-47.70211751467871,0.16031421020717496,219.80026736999136,1.3252089734256165,-45.01048229608979,0.1603016838340498,339.1931691621038,5.014604986924778e-08,1.5831373331760982e-08
9.825000000000001e-07,208.24114837002432,1.4922581228155143,-31.368348841980517,0.17067701721191111,206.5577963127388,1.516300969442762,-31.66089504004064,0.17020584270697364,313.69273597351423,4.995736462426165e-08,1.58013502820367e-08
9.85e-07,185.5523691773679,1.6711305691400782,-18.93817239240784,0.17728406332330707,185.9460657189624,1.6801190415920693,-18.179226542012593,0.17846564343408955,274.0141054915477,4.975250451335901e-08,1.582665784920817e-08
9.875e-07,159.41917595467288,1.8156531329770689,-6.254139691752707,0.18431567992024553,160.0069385707136,1.8133400685897445,-4.61366332218039,0.18414613046476633,221.95066145382177,4.9530989017191204e-08,1.5904256932854948e-08
9.9e-07,131.03918804536806,1.91386803658525,5.584921146739577,0.18716589176709805,130.47306661049566,1.9140567816610448,8.98637764019948,0.18660346524394372,159.85555296673468,4.9292366352470917e-08,1.6026872570951426e-08
9.925e-07,97.71499117700196,1.9849637655133692,24.5662051172271,0.18390497026680577,98.58943263689683,1.9811285959849754,22.57057354779549,0.1856997285755411,90.53533752468137,4.9062912756863616e-08,1.6190861285192722e-08
9.95e-07,65.21469487468309,2.0237355641586343,35.77085554750675,0.18308128044887245,65.07314616360127,2.013623348998335,36.08802817369289,0.18181458726188177,17.123131002681543,4.88557916951775e-08,1.638655515826737e-08
9.975e-07,32.23111939203463,2.0147864148061037,51.23137624287756,0.17152054653144252,30.21043781187706,2.010484180743333,49.487609336699435,0.17565892910348863,-57.063002046124744,4.8670309730570484e-08,1.6598898635315344e-08
1e-06,-3.551182855409801,1.9756832434908282,62.628446463684966,0.16920124250846424,-5.936662579695902,1.9705036879244135,62.71828876043596,0.16802133061786492,-128.6700173520491,4.85056868678806e-08,1.6811829963085752e-08
1.0025e-06,-41.45319679173679,1.900413394160664,74.36429020842775,0.15890337922544878,-43.262561277265455,1.8926196781358386,75.72948159383168,0.15957958938058933,-194.46144089395526,4.8361055122872114e-08,1.7009060487741526e-08
1.0050000000000001e-06,-79.50470759980122,1.7781700295348213,93.57382961118671,0.1495178741026009,-81.34971531439291,1.7764760459722573,88.47138287442203,0.15082308022953764,-251.46365015459747,4.82354616449273e-08,1.717506359371987e-08
1.0075e-06,-122.64993326251592,1.6025465609259686,99.32752587741143,0.14359465615752987,-119.26058335120294,1.6231317466425979,100.8952982427773,0.14205837821031322,-297.10027508653906,4.81278799868558e-08,1.729635038576314e-08
1.01e-06,-153.16154950985097,1.4223752636072695,115.15383857824807,0.13292549771096102,-155.43987778881763,1.435761972415913,112.95396626618052,0.13345162163573485,-329.30864417117306,4.8037231492679625e-08,1.736294949980561e-08
1.0125e-06,-187.89461616139965,1.1986200810345276,121.26581911431019,0.12468530282155527,-187.75658276665706,1.2201859510890873,124.6018698018703,0.12507530421184912,-346.63301247400904,4.796241662917981e-08,1.736981854459815e-08
1.015e-06,-215.98450223263924,0.9787960524683603,133.77947937383425,0.11770563277063252,-213.68889346596663,0.985077515842513,135.79553392421917,0.11694577501320864,-348.2903580005513,4.790235382136308e-08,1.731777469800681e-08
1.0175e-06,-231.62432122896382,0.7476552758444942,144.22434539906575,0.11016014710382269,-230.62787683108013,0.7417642766825315,146.49380805519468,0.10904905836081834,-334.2057725072739,4.785602139583626e-08,1.7213525226984566e-08
1.02e-06,-234.5850094622017,0.5175012484464174,159.39784996291553,0.10135396457273266,-236.25222384552626,0.5035902922363765,156.65813007242488,0.10135706592246935,-305.01584718363944,4.782249696966924e-08,1.7068552960615577e-08
1.0225e-06,-229.38674530551128,0.24082703639938716,169.02700605629465,0.09575775926920452,-228.9112467558953,0.2848934530425412,166.25277032292522,0.0938371132795473,-262.0399001800415,4.7800988306895107e-08,1.6896943039561125e-08
1.025e-06,-203.5233230121576,0.09925341343526663,177.173071563459,0.08795259865796384,-207.9491044990567,0.09971878031488833,175.24505364175346,0.08645718761136711,-207.220346431903,4.779085039416864e-08,1.6712620000865582e-08
1.0275000000000001e-06,-173.71598017696013,-0.05916909927120627,182.48109853587044,0.0789197540646602,-173.9109833315048,-0.03956004439960276,183.60555766197555,0.07918869987331531,-143.03490492803576,4.7791585169247214e-08,1.6526742982250898e-08
1.03e-06,-128.27295973232663,-0.10125434423910237,192.4333038040504,0.07207842258167997,-128.59035792242068,-0.1235156858531673,191.3082859037826,0.07200784125697504,-72.38461145488537,4.780390393253251e-08,1.6346042651036157e-08
1.0325e-06,-73.48494755030289,-0.15449188892366486,199.08949796726333,0.06284695915311295,-74.9023444255465,-0.14665313270110536,198.3308143446106,0.06489621283061703,1.537301614514214,4.78287365070782e-08,1.61726252246684e-08
1.035e-06,-16.815388120143005,-0.10728522362384182,204.74004681252862,0.05778791354966794,-16.59701808394385,-0.1079620040448477,204.65441039678666,0.05784108853114977,75.38973215183549,4.7864173826689204e-08,1.6005290642125685e-08
1.0375e-06,42.13388916966216,3.316325035896371e-05,209.04001431884998,0.05186043306072015,42.14665455823488,-0.010955892420867034,210.26412345267946,0.05083547208860328,145.8347184809728,4.790827562781507e-08,1.5841891375031195e-08
1.04e-06,99.19635908756408,0.12433922685175297,218.8327640252388,0.04423882403446026,97.18562854662632,0.13680190459240382,215.14884639743994,0.043877990491710775,209.68830764424214,4.795913805653035e-08,1.5681902245861517e-08
1.0425e-06,147.04801008069091,0.34216596275106004,216.9857304250254,0.037479418680276676,144.86600751715483,0.3246084400768265,219.30134773417842,0.036972609336091845,264.06446282527884,4.801869348191308e-08,1.5528322140831548e-08
1.045e-06,183.67444430479546,0.5320984817843412,217.37679745798326,0.029394580306440668,182.39665821352946,0.5398242615684398,222.71827421364645,0.030128142105054167,306.50550564074535,4.808665431226936e-08,1.5388298390124973e-08
1.0475e-06,207.00671441853967,0.7710735029432341,221.877147844999,0.02451576781947504,208.08906297484762,0.7691866731326567,225.40012410807316,0.023357541506963394,335.0931976063904,4.816225738356791e-08,1.5272333693577827e-08
1.0500000000000001e-06,220.48380177131668,1.0102929880108233,229.71023723643623,0.01908713911175768,221.43224582082163,1.0000411304226982,227.35119151457252,0.016676993042225557,348.5354401481323,4.8244563192444796e-08,1.5192409715778792e-08
1.0525e-06,221.60704897863437,1.223926142026685,228.6628283103858,0.007940620702429266,222.99963429686866,1.2213221523830105,228.5794823153836,0.010104866890888332,346.22467451510823,4.833247080353371e-08,1.5159662565865942e-08
1.055e-06,217.99354425663307,1.4111642798638886,229.70315920879045,0.004680292771007612,214.21284315331317,1.424166314690667,229.0966026580142,0.003660613814355082,328.26534205162284,4.8424745955477206e-08,1.5182285631950998e-08
1.0575e-06,195.01197146665547,1.576906087245362,230.20849363892538,-0.0021665747205972625,197.01064678268548,1.6021094457184968,228.91762104612025,-0.0026362933455288742,295.46916368623124,4.8520057224982905e-08,1.5264142986143712e-08
1.06e-06,172.9866881897524,1.7683341068946379,228.5163528817904,-0.008770669525801354,173.48578740782483,1.7508954714667238,228.06090534968254,-0.008767272736570454,249.31845199429523,4.8617014483657304e-08,1.540426612751315e-08
1.0625e-06,145.5597172479446,1.8606907091205231,227.19953956323016,-0.015497147380224313,145.55529092596268,1.8679919419090294,226.5479362488837,-0.014715320841637392,191.89911404525165,4.871420429082125e-08,1.559711561503898e-08
1.065e-06,115.58805767420246,1.94376113510832,227.84817385384446,-0.019051588327464966,114.72121450893324,1.951955119426342,224.40309881826,-0.020465427738650115,125.80637315331042,4.881021819566406e-08,1.5833317277407458e-08
1.0675e-06,81.74536341385478,1.99921696840403,222.36096297297493,-0.025425661637117434,81.9599178626505,2.0018072747705222,221.65345413457462,-0.02600471606889327,54.02747069375564,4.890367189914941e-08,1.6100562223570938e-08
1.07e-06,47.7667442873823,2.0017723005418295,217.97362831036733,-0.03107252133976079,47.752520252397765,2.016577306462487,218.32849295191397,-0.03132234214378616,-20.193350404371046,4.8993215462715226e-08,1.6384459986433974e-08
1.0725000000000001e-06,11.749075716538979,1.9990023514462623,212.73629678458252,-0.03485094958027066,12.241834556617,1.9951154590516618,214.45987362938752,-0.036409232883426956,-93.50147805055663,4.907753681791498e-08,1.6669289041007778e-08
1.075e-06,-25.91804902802044,1.9406563832321366,212.31169759517329,-0.04112084576823924,-24.523253334754937,1.9362314788347408,210.08114661934042,-0.041257753650020906,-162.58355181980957,4.915536233590712e-08,1.6938728650543736e-08
1.0775e-06,-60.23752647357417,1.8615014281207265,208.2102100364753,-0.047972396690731195,-62.311841298263474,1.839134556523911,205.2274679260847,-0.0458614055278569,-224.3172192984104,4.922545887285832e-08,1.717672665366133e-08
1.08e-06,-98.73445720664516,1.7094821052315894,199.31073008374202,-0.04942381947016444,-100.46569520040768,1.7040861496265165,199.93530402606524,-0.05021463549107742,-275.91225930243803,4.928664139094106e-08,1.7368630937424825e-08
1.0825e-06,-138.56476253653668,1.513090123612507,198.51815583418468,-0.05533239271777145,-137.74136345886885,1.5331258766714115,194.24213079934563,-0.05431281189067068,-315.03669352112064,4.93377890209622e-08,1.7502589458903233e-08
1.085e-06,-172.9609225347673,1.3391753038238843,188.22256281509695,-0.05532062678379503,-172.28039759602464,1.3307058100167333,188.1861290589361,-0.058152376432062294,-339.9221866258672,4.937787051024595e-08,1.7571040197742454e-08
1.0875e-06,-199.0177453806078,1.132739148761167,181.2763968191308,-0.061835469094901174,-201.72439361777876,1.1040746419530174,181.8058792784968,-0.06173113990435158,-349.44397100008905,4.94059777477231e-08,1.7571936566655492e-08
1.09e-06,-225.6730776483384,0.8545428196422893,175.11138534044798,-0.06546202258107654,-223.46410560119006,0.8632897234089508,175.14005811026445,-0.06504865055825318,-343.1716836740356,4.942136390282985e-08,1.7509271453319406e-08
1.0925000000000001e-06,-237.18404289687567,0.6263603647489773,167.6042514849057,-0.0672667574865631,-234.98589711226293,0.6207957170207281,168.22713925381473,-0.0681065385375918,-321.38881775095757,4.9423481070348663e-08,1.739254495135334e-08
1.095e-06,-233.37845982651535,0.3951475646225952,158.36965674637534,-0.07157167917874661,-234.25902423223874,0.3905829700429766,161.10510118281707,-0.07090873228302004,-285.0799091644524,4.9412011507862605e-08,1.723508217930249e-08
1.0975e-06,-221.0821762659161,0.20087576755847536,152.55877063068914,-0.07454855055495073,-220.0973274748157,0.18701354544282642,153.8111441617711,-0.07346145535342809,-235.88603789633274,4.93868867675748e-08,1.7051482245369857e-08
1.1e-06,-191.4162000046189,0.014904570314223528,147.96484818788633,-0.07512862443298363,-192.43073960645063,0.023464788472289545,146.38141888860048,-0.07577294315016163,-176.0306548986901,4.934829026067741e-08,1.685483019166074e-08
1.1025e-06,-152.8936573742616,-0.0853326886475109,141.85206558296696,-0.07920399492895787,-152.43538932788434,-0.08902183492055087,138.85076898275034,-0.07785286382399198,-108.21908717432453,4.929664086843216e-08,1.6654473991873616e-08
1.105e-06,-103.67808718226263,-0.12760656976632195,132.64342220750373,-0.08022957524203364,-102.49373072005994,-0.14289211654784695,131.25248940323794,-0.07971147902048491,-35.51626315706045,4.9234990872719454e-08,1.645505584731431e-08
1.1075e-06,-43.26301047252332,-0.14614041150219892,131.36560797388,-0.08166179177009014,-45.98412534697015,-0.13486205901657405,123.61810272813767,-0.08135862975620978,38.79181507370396,4.916313474449058e-08,1.6257101448819734e-08
1.11e-06,11.247464779294793,-0.0976874804564169,113.82802671297297,-0.08341860391064801,13.072248643240751,-0.06621809480672806,115.97715505766246,-0.0828026726215716,111.34659160375175,4.9080228667766504e-08,1.6058945137635393e-08
1.1125e-06,71.5120159693881,0.05035590571304316,109.56578249993576,-0.0874730035772506,70.45538100273406,0.05740612997659388,108.35703311886087,-0.08404951532922807,178.8687557629583,4.898549486792326e-08,1.5859306914832126e-08
1.1150000000000001e-06,123.17958366463502,0.2042941335756791,97.45907307406776,-0.08421696997038118,122.21436612128835,0.22673681193475634,100.78280395266236,-0.08510190458080986,238.30645949958918,4.88798464338799e-08,1.5659624332381524e-08
1.1175e-06,165.04472372610653,0.4504762211517813,87.97496655541524,-0.09020013200955054,165.08859304347715,0.4299380587645558,93.27707835534991,-0.08595910234002327,286.9732539622529,4.8765845469533194e-08,1.5465360432689283e-08
1.12e-06,197.64449508014516,0.6738351964934932,87.60302446431989,-0.08676992580404229,196.81978442565034,0.6538944639411307,85.85989902838574,-0.08661705031647696,322.6695108701566,4.8644102095073176e-08,1.528590029375616e-08
1.1225e-06,215.55353014882138,0.8515647835309066,76.04743070435825,-0.08913973968492593,216.31134711777779,0.8855065827444961,78.54865416485679,-0.08706906984887515,343.7818407021666,4.8515073622447695e-08,1.5133145842890454e-08
1.125e-06,222.92562729650203,1.1124676860793,70.42326714178004,-0.08739444798289826,223.61759311413428,1.1128151526768018,71.35801696961842,-0.08730707944755152,349.3560142289951,4.8379061666964366e-08,1.501932391626204e-08
1.1275e-06,217.55683762709887,1.3209511158581362,61.410305357864324,-0.08661685209683184,219.77410417705406,1.3258081243339432,64.299911375604,-0.08732324001167553,339.14009150129687,4.82362245480444e-08,1.495469642662214e-08
1.13e-06,208.1008541012924,1.5366559878469277,58.92653743889757,-0.08530815869978126,206.50679047342388,1.5168263905172001,57.38350398281379,-0.08711186506536728,313.5958089616389,4.808660060000138e-08,1.4945774985019062e-08
1.1325e-06,181.56563013183808,1.6882126054649549,49.31834462127376,-0.0862243730494674,185.8764318439683,1.6805582396611267,50.6152220112994,-0.08667137031017148,273.87771000880633,4.793013688820503e-08,1.499437344269564e-08
1.135e-06,160.1387169690466,1.806941044018696,48.584053718195044,-0.08629119218416134,159.92436155077814,1.813685653675034,43.9987968271206,-0.08600599687999058,221.78096226542078,4.7766717719415336e-08,1.5097515014305263e-08
1.1375000000000001e-06,129.2523289010201,1.905272790389062,39.922390065720016,-0.08454272028520882,130.381991081537,1.9143045736480397,37.53533237282818,-0.08512704069639886,159.66022008952928,4.759618822760832e-08,1.524797074904476e-08
1.14e-06,97.26957325801312,1.9929680800718126,30.80195798526082,-0.08296172993848251,98.4927347627272,1.981275768750855,31.22339761353662,-0.08405336719879995,90.32319955988865,4.7418370010261586e-08,1.5435110588044435e-08
1.1425e-06,64.26658828452615,2.0213885112923653,30.212453943204505,-0.08490976495725643,64.97222533084383,2.013667061405651,25.059141898041585,-0.08281108709595007,16.903776103212692,4.723306794577172e-08,1.5645795065411098e-08
1.145e-06,30.048991634857554,2.0134127143718232,15.009679154842212,-0.07883978764184674,30.105684465852203,2.0104210238945255,19.036431933587338,-0.08143240061480359,-57.279659538350764,4.704006952257548e-08,1.5865172416242994e-08
1.1475e-06,-9.32145708262519,1.9885754168629846,13.906079949560297,-0.0792586009094477,-6.045139033627644,1.9703300954163057,13.147008884549777,-0.07995375748878453,-128.87418501177788,4.683913983412184e-08,1.607740120413513e-08
1.15e-06,-45.20249747609014,1.885940435239372,7.592710359539906,-0.07925445984017142,-43.37411067175563,1.8923332349857047,7.380663931143353,-0.07841359426083967,-194.64389080791818,4.663001649430457e-08,1.62664289335045e-08
1.1525e-06,-81.25748050370883,1.788340981563224,3.5436856112335287,-0.07719465354433083,-81.46241594050923,1.776077431899962,1.7254304657950037,-0.07684997140455575,-251.6161360021698,4.6412408895177165e-08,1.641698064474124e-08
1.155e-06,-119.89401367298908,1.6303773052001087,-0.30885669700994267,-0.07433885622021813,-119.37077110892142,1.6226268980291905,-3.832209036547681,-0.07529842736269005,-297.2159048546748,4.618600542739628e-08,1.6515834235878192e-08
1.1575e-06,-153.60936762520575,1.4652116074018557,-9.443889435489632,-0.07510926099916145,-155.54205623781087,1.435163973280736,-9.307103560992083,-0.07379030058277374,-329.38219165767634,4.596186751260285e-08,1.655629110540172e-08
1.1600000000000001e-06,-184.7726581994019,1.227059869625661,-16.292973412319057,-0.07274778537318428,-187.8437638234598,1.219516181655438,-14.715203698678154,-0.07235166480591097,-346.66115349998086,4.57445175283865e-08,1.653483880051437e-08
1.1625e-06,-210.9048134781532,0.9905468376380123,-20.04621633918028,-0.07135259470715132,-213.75333685555142,0.9843656957681274,-20.073323670135434,-0.0710029049395406,-348.2718206556999,4.553343412698325e-08,1.6452479875259723e-08
1.165e-06,-227.22838409445492,0.7317403393623926,-27.01511046701232,-0.06856336625709121,-230.6621191525907,0.741047220539142,-25.39889756249951,-0.06975885662699777,-334.14139463737155,4.5328242411036156e-08,1.631612639077606e-08
1.1675e-06,-236.81887137697632,0.5133497352691488,-28.85437997630717,-0.07038176372303011,-236.25022933092148,0.5029094158393658,-30.709732158095342,-0.06862935995563792,-304.90853852179794,4.512875030313775e-08,1.6137480962713893e-08
1.17e-06,-229.43665397017577,0.29033859603378365,-31.36749938655427,-0.06965735372758013,-228.86948231083804,0.2842912916525534,-36.023758751139525,-0.06762004428787473,-261.8945108334054,4.493497562348389e-08,1.593085973222719e-08
1.1725e-06,-211.73712742288694,0.08735455020895494,-43.76555918796166,-0.06834365437203443,-207.8673470381707,0.09923496384711882,-41.35878634663857,-0.06673316543800709,-207.04344766784243,4.474715866319702e-08,1.5710427384852573e-08
1.175e-06,-175.9260952501293,-0.03489764705414018,-51.43090620966692,-0.06558083166945457,-173.79270715257127,-0.03989280146584204,-46.73225861104772,-0.06596835035774144,-142.83449216783922,4.4565756731713897e-08,1.5487592528864653e-08
1.1775e-06,-126.63800826882787,-0.12283195499028213,-48.96610053183389,-0.06651981002854622,-128.44261717099036,-0.12367500199184708,-52.16101689816003,-0.06532315673516094,-72.16974289890966,4.439250985522803e-08,1.526934671749998e-08
1.18e-06,-72.59476031345056,-0.14284848470542677,-57.03068942071964,-0.062431626956265175,-74.73514890267151,-0.1466292832453306,-57.6610716065057,-0.06479341330600746,1.7569143968642371,4.4229411486057516e-08,1.5058071342084967e-08
1.1825000000000001e-06,-17.67742289788752,-0.11597294481071593,-66.56661123788082,-0.06233799739985188,-16.422285191768346,-0.10775881187279578,-63.24738403686293,-0.06437336030088721,75.60416316292188,4.4075680831161384e-08,1.4852857893746649e-08
1.185e-06,39.671355204822085,-0.026323360891014346,-68.43195120724353,-0.06659247241812152,42.31641789489924,-0.010590064521939852,-68.93366081120791,-0.06405564992774282,146.03427592740883,4.3930549943470854e-08,1.4651866712406286e-08
1.1875e-06,95.86841123918066,0.13346628346524458,-72.47797822982744,-0.06516378054493549,97.33871508541662,0.13730287698295773,-74.73216278852308,-0.06383128903186584,209.86397198390597,4.379332360321512e-08,1.4454893969314412e-08
1.19e-06,145.42900219046874,0.339114944956622,-80.20588278773559,-0.06528007938096307,144.99275996679472,0.3252094824945803,-80.65353026951757,-0.06368960855361605,264.20829443005823,4.3667184745417325e-08,1.4265268145033258e-08
1.1925e-06,185.25514612440156,0.5600797114644329,-86.63943851435828,-0.06304686312150899,182.49039515652723,0.5404865237353877,-86.70662612288268,-0.0636183289505496,306.611003649652,4.35530915036606e-08,1.4090467970715873e-08
1.195e-06,207.87228348089545,0.7435598080257443,-94.7348624428976,-0.06146670731324859,208.14655110905804,0.7698713734839251,-92.89839829159298,-0.06360376197550964,335.1555937496738,4.3451547722454474e-08,1.3941323222000277e-08
1.1975e-06,225.32143606713933,1.003195287630705,-99.17389661343285,-0.06347429190971876,221.4536667425695,1.0007128906505756,-99.23376295065412,-0.06363115358392331,348.55191426220813,4.33628835685652e-08,1.383013372249415e-08
1.2e-06,220.52113856636603,1.23719044351416,-107.85758555400292,-0.061833648569739476,222.98807938629622,1.2219513885580942,-105.71550938926092,-0.06367855378391615,346.19448200753817,4.328726181907293e-08,1.3768342308054699e-08
