time,v_coil,i_coil,v_bias,i_bias,v_coil_clean,i_coil_clean,v_bias_clean,i_bias_clean,v_coil_src,density_state,heating_state
0.0,-158.04456998623846,-0.47739896345000626,-57.83877094118033,0.003652694157527066,-157.8705983768962,-0.4807175338867663,-57.62952217845906,0.0036870224767331585,0.0,0.0,0.0
2.5e-09,-118.44332839374114,-0.9618967648193334,-57.13782640578599,0.003887216968464654,-117.78356920124472,-0.9122335422632921,-56.632375540308836,0.0037517677866580504,64.56786659569676,5.507608183014195e-11,7.065150143295064e-11
5e-09,-72.4057107645571,-1.2106602694020563,-55.38717012209847,0.0038134794433831547,-72.61766787870982,-1.1877170960030852,-55.68116238973646,0.003867302926286998,126.21741266170261,1.11493654786989e-10,1.4892474870656027e-10
7.500000000000001e-09,-24.542004983892927,-1.2943564541406294,-55.29880124137284,0.0039405297909280755,-25.720232397413763,-1.2995515448369932,-54.780168648353985,0.003958521679817963,182.16221911037587,1.6844751079112592e-10,2.343513240045283e-10
1e-08,20.289081626604837,-1.2547904740890745,-53.064984818133574,0.004105746908522387,19.760307996847672,-1.2512521729874189,-53.933489645513305,0.004002039863281849,229.8737080933719,2.250963755883057e-10,3.2181080151318196e-10
1.25e-08,60.63512063562392,-0.9935320459062644,-53.569946854054066,0.003953139639086435,61.20062562147771,-1.055775455021684,-53.145001484249114,0.003979652627325673,267.1954289620568,2.806230711406238e-10,4.0458616323680706e-10
1.5000000000000002e-08,96.53881197926572,-0.7222553619378155,-51.429717239073476,0.003857176861656994,96.7225400017687,-0.7330077189284849,-52.41833392591044,0.003879730285630022,292.4405249259394,3.3428540138494516e-10,4.773265966002145e-10
1.75e-08,124.90669928541979,-0.3190673411678638,-51.06264435429178,0.003764133001113999,125.27883192373648,-0.3068909442982263,-51.75684501237122,0.0036975084430775867,304.4679751381218,3.8545333396707694e-10,5.381680933456048e-10
2e-08,146.278951945822,0.15980573395145975,-50.86486851726989,0.003424367320794888,146.600782029787,0.19733130077096683,-51.16359763045046,0.003434311682758989,302.73416623913164,4.336305363421347e-10,5.896633972228866e-10
2.25e-08,161.74565522341317,0.6417148420800944,-50.61222494325766,0.0032422937189352913,161.02764295666364,0.7553244506105522,-50.64133820717089,0.003095934651277236,287.3174624427994,4.805980196826399e-10,6.385815464578197e-10
2.5e-08,169.56503854522094,1.4326561098346198,-50.74721436542374,0.0026525815841933883,169.2584049957046,1.3450389511670453,-50.19247770688068,0.0026905450001824265,258.9146636522521,5.300370976873649e-10,6.949100772794542e-10
2.75e-08,172.11618500692353,1.9508693185848947,-49.95031712542894,0.002361183296163677,172.0787054843074,1.9471401350662418,-49.819075082205494,0.0022265446038144576,218.80951169111475,5.82182457113658e-10,7.704722014614299e-10
3.0000000000000004e-08,169.93068746047265,2.4991497513629635,-48.8469096667117,0.0017904684913987094,170.1183922716366,2.5445738323104066,-49.522823310455024,0.0017108165214004027,168.81466809654836,6.371655916264485e-10,8.774869748928526e-10
3.25e-08,162.908772508288,3.069174839147961,-49.28221055664688,0.0010470463479244783,163.68768672913893,3.1215212011351126,-49.30503812565167,0.0011476976405769702,111.18978594574527,6.950269807553162e-10,1.027236068744366e-09
3.5e-08,152.75090384851308,3.670742580838286,-48.72098781611203,0.0005910300297342641,152.72354836417924,3.6621146209704554,-49.1666495339667,0.00053886731479772,48.539378682749074,7.557225797714542e-10,1.2288478078664951e-09
3.75e-08,136.7415502503523,4.165116310015628,-48.46975284270956,-0.00016024216011512464,136.8557461751568,4.149330018361347,-49.10819617723347,-0.0001158417649897818,-16.30489795795626,8.19123338192571e-10,1.4881334281456671e-09
4e-08,116.48469991064479,4.531822110242573,-49.956764057492265,-0.0009130573600111275,115.57834965144795,4.564431879369488,-49.12982258555653,-0.000816888920184591,-80.41223034211417,8.85008715923724e-10,1.8064375406399156e-09
4.2500000000000003e-08,88.11596050984159,4.920713228224492,-49.570985186816436,-0.0015571324491561297,88.49122583068973,4.8872327731635865,-49.23127933605686,-0.0015630569175463715,-140.8851130376206,9.530572019370894e-10,2.179579850173875e-09
4.5e-08,54.82054234649586,5.107717898335021,-48.73891254774399,-0.0023287457355025726,55.56154758187188,5.0972606318981875,-49.411926110689166,-0.0023494895624062147,-194.99030946156415,1.022838253417023e-09,2.597119509218002e-09
4.75e-08,16.453247688094244,5.100261213254482,-50.21277042042489,-0.003208027834888669,17.349982114213667,5.175735473835857,-49.67073762205091,-0.0031661676931602567,-240.28238794937332,1.0938105712111496e-09,3.0422942995672414e-09
5e-08,-25.510189027747057,5.018065911168611,-50.12471417972905,-0.003959981258886194,-24.848829039517486,5.108078284853181,-50.0063123523759,-0.003997187157021164,-274.71424969707186,1.1653310872553945e-09,3.492995362540244e-09
5.25e-08,-69.69360564580336,4.933928400685743,-50.18037614090325,-0.004791486279635579,-68.98748809783703,4.8865419284743075,-50.416884027676424,-0.004821064696742634,-296.72965296535966,1.2366775311792788e-09,3.923979276664744e-09
5.5e-08,-111.444874929589,4.643267082000231,-51.221196352613724,-0.005653516763946258,-112.38342271193676,4.512492687162894,-50.90033572646512,-0.005612115388162348,-305.33355166219883,1.3070852178555327e-09,4.310195735852411e-09
5.75e-08,-151.77659074576246,4.025786220936403,-52.17363398502067,-0.006427302741945175,-151.9630402694759,3.997894082484047,-51.45421650084438,-0.00634275086040695,-300.137069160155,1.375796143959833e-09,4.630702758954593e-09
6.000000000000001e-08,-184.4820309628158,3.333298113755138,-52.00648561650394,-0.007120990612190143,-184.59945001060825,3.3656496406703083,-52.075760367184806,-0.006986375886584409,-281.37507463436833,1.44211605671936e-09,4.87230067940749e-09
6.25e-08,-207.82966017885707,2.6444818048246255,-52.98683386343926,-0.007324798923222019,-207.49295308414327,2.648631189338579,-52.761907504299224,-0.007520443053550098,-249.8955675107052,1.505473305634811e-09,5.0319035544067045e-09
6.5e-08,-218.14776979263954,1.8783390024132054,-53.57712450638955,-0.007977523442176475,-218.5343535680716,1.887425256502669,-53.50932747912261,-0.007929182667773657,-207.12134982285755,1.5654723585855591e-09,5.116882912880194e-09
6.75e-08,-217.2228388076917,1.1127536109255034,-54.01766507798642,-0.008296634359090806,-216.592347266099,1.1270366846491406,-54.31444430358047,-0.008205566078366434,-154.98571880056943,1.6219350512077939e-09,5.143140814284463e-09
7e-08,-201.71878869456287,0.31979982653389316,-55.05413934512622,-0.008207337930052738,-201.6776689767808,0.41295977282477603,-55.17346311171228,-0.00835217862731061,-95.84508623754974,1.6749239440154451e-09,5.13133815127451e-09
7.250000000000001e-08,-174.94969147626955,-0.29624019643211746,-56.207278220583305,-0.008312562868435331,-174.95637795950663,-0.21286679646947704,-56.08239823333181,-0.008380853221714413,-32.372474044654886,1.7247443922724021e-09,5.102279256216715e-09
7.5e-08,-139.00620679825832,-0.8080675659456057,-56.74887132876957,-0.00828883320232019,-138.60921964681174,-0.7156829172038811,-57.0371024296633,-0.00831111671690072,32.56330025320668,1.7742300583596492e-09,5.072712785183111e-09
7.75e-08,-95.90769808988715,-1.0789994342859641,-57.94284125227828,-0.010538427268440138,-95.55913835525476,-1.0706353828107218,-58.0332970475811,-0.01054681184134728,96.02728753604336,1.8272293604886976e-09,5.052647349746058e-09
8e-08,-49.85298583074702,-1.2647502265871309,-59.77557975889218,-0.009521411178576626,-49.110345119727654,-1.2642814028962408,-59.85670406968719,-0.00938789344788405,155.15106010524033,1.8829738388314605e-09,5.044761584552835e-09
8.25e-08,-1.8623426788201587,-1.3128715528572292,-61.30450836689796,-0.0058851590537298045,-2.556155404300096,-1.2947313966343992,-60.600864545097636,-0.005839500921332968,207.26235808326666,1.941338876701899e-09,5.046730727721565e-09
8.500000000000001e-08,39.91450894040868,-1.0746816947112132,-61.57857510979297,-0.0055977182166706925,41.18327495871283,-1.170507689234989,-61.37698409597232,-0.005665666061296033,250.00586947459982,2.000453947485731e-09,5.050834180216445e-09
8.75e-08,79.5337927979138,-0.8688109702469962,-62.22070605299358,-0.005614466921002262,79.83879480642734,-0.9083899675283186,-62.18077321728302,-0.005510770497826507,281.4496849041713,2.0595094132917786e-09,5.0506160725765085e-09
9e-08,112.64770676994758,-0.47975015300345086,-61.878982712777905,-0.0054015309987003905,111.94705339016154,-0.5306611438854024,-63.00793590736488,-0.005384712411240109,300.1726155215813,2.117783873771343e-09,5.042180012972551e-09
9.25e-08,137.36717979866927,-0.0408090749186836,-64.27091308107819,-0.005359171706755799,136.8659134574086,-0.062234842449936885,-63.854201841515774,-0.0052912588001416926,305.32842750066163,2.1746738201334515e-09,5.0257291742467105e-09
9.5e-08,154.62395978891323,0.39206981144308695,-64.16421565499061,-0.005353906534410648,154.65885239452018,0.4718722287458245,-64.71535790185759,-0.005229265790214121,296.68408988129124,2.22970771698988e-09,5.005900930354159e-09
9.75e-08,165.9233998581292,1.0888124187820314,-65.7058952715068,-0.005243845245464138,165.87942713642718,1.048358245481431,-65.58727880307991,-0.005194566047598748,274.6303070381113,2.2876567281385132e-09,4.9911159522475055e-09
1e-07,171.67106931908904,1.7019070755042986,-66.95454358658418,-0.005286737369420153,171.3035581830443,1.646539558782181,-66.46595656278367,-0.005182112751288165,240.163859732543,2.3494295150006463e-09,4.99233865750071e-09
1.025e-07,172.12257640025527,2.1997924274392147,-67.55282310531011,-0.005167628243931036,171.66511439765273,2.2483252773405384,-67.34752857639437,-0.0051879378090889106,194.8425528923404,2.415143653317169e-09,5.02163498020419e-09
1.05e-07,167.1165050208266,2.7710686062515784,-68.54315451119795,-0.005044678066059264,167.44774458998617,2.837435936389434,-68.22830406991953,-0.005210531883879827,140.7148063764462,2.484815054458384e-09,5.090777012686707e-09
1.075e-07,160.25541357337778,3.3981098478304523,-68.6931525016226,-0.005211702520912038,158.77364539209728,3.3981873852386624,-69.10478871906068,-0.005251375651748419,80.22707106223491,2.558368091652119e-09,5.2099750117454604e-09
1.1e-07,144.78002475445578,3.8987489120359333,-69.70988623882485,-0.005315612817562138,145.41026799053367,3.914243758606529,-69.97370724021694,-0.0053145229128667305,16.113254837158724,2.6356391474097753e-09,5.386697218458229e-09
1.1250000000000001e-07,126.21236081985691,4.366831777287326,-71.48157000825603,-0.0053755486153472505,126.89247454324703,4.367745510887101,-70.8320237775861,-0.005405325232885496,-48.72884381183331,2.7163734233123915e-09,5.624513187530729e-09
1.15e-07,103.72595889654862,4.809017535268144,-71.434475485332,-0.005509372546426824,102.73466663029419,4.739139763937645,-71.67695993070618,-0.005528560024674122,-111.36850969075012,2.8002170517650508e-09,5.921971649598014e-09
1.175e-07,73.22224539524225,4.927277185692347,-73.14436783624859,-0.005595630079610943,72.6891383181119,5.0078952486435355,-72.50601028820981,-0.005686347750450855,-168.97457255120784,2.8867083180002783e-09,6.271666580878413e-09
1.2000000000000002e-07,36.81640567873898,5.178023553397728,-73.31140181027806,-0.005871651730061816,36.99671991114763,5.154099699917242,-73.31695535609201,-0.005876296334221789,-218.94336953822906,2.9752727814955973e-09,6.659792708894584e-09
1.225e-07,-3.103963753851105,5.252445160028821,-74.15732433497537,-0.006249105608598173,-3.424417001955721,5.160747847491582,-74.107871792217,-0.00609028189165494,-259.01642482196553,3.065227066694699e-09,7.066565371116947e-09
1.25e-07,-46.39233001249624,4.971290403670304,-74.81316808489798,-0.006347372101173852,-46.89602097009673,5.01636848791695,-74.87713988290545,-0.006314169165864799,-287.382527561982,3.1557950463890405e-09,7.467808226101133e-09
1.275e-07,-91.14778969286161,4.746540123650469,-75.91456747638334,-0.006710137572221589,-91.02903543770285,4.717539701741332,-75.62344822203254,-0.006528611140064493,-302.7595945125692,3.2461382317296867e-09,7.83776572528135e-09
1.3e-07,-132.5967889438795,4.256548900144542,-75.79174976202812,-0.006717267002113064,-132.90741056692767,4.2708216195119055,-76.34579557791292,-0.0067108743014703594,-304.4526172657628,3.3353997381367223e-09,8.152817019185668e-09
1.325e-07,-170.53106635534263,3.6457828098990084,-77.43507330758204,-0.0068849053901250705,-169.38458944236407,3.693701547513761,-77.04348995813265,-0.0068374484606388355,-292.3850750486399,3.4227586491055054e-09,8.395373491655012e-09
1.35e-07,-197.12531193318424,2.93126510805826,-77.73198593980955,-0.0068955587109020425,-197.4498306056022,3.0142867969974607,-77.71614490718375,-0.006887051609555633,-267.1023932879947,3.507489410874324e-09,8.55699753575778e-09
1.375e-07,-212.7629379859158,2.3110348657711213,-78.51110388640012,-0.007010845806952639,-214.60775158348798,2.269672726457547,-78.36367309605565,-0.00684355793388161,-229.7472916231446,3.589019466349977e-09,8.639826638772504e-09
1.4e-07,-218.788010883041,1.5017744734133178,-78.90360967286617,-0.006613436673705777,-219.21042003444046,1.5031243878959673,-78.98627728661602,-0.006698376038248661,-182.0081355805494,3.666977954965176e-09,8.65576834276427e-09
1.425e-07,-210.91999151801403,0.6760979359113702,-80.00980870860218,-0.006286314177234237,-210.68778230996836,0.7604032419047685,-79.58443877646843,-0.0064518855600943096,-126.04262629693015,3.741229065956155e-09,8.623554338051675e-09
1.4500000000000001e-07,-189.64806911128807,0.1237498971757335,-80.51584743877655,-0.0061090583624956165,-189.63813958137908,0.08571201964586535,-80.15890345180452,-0.006113689917736765,-64.38027734162539,3.811885437663944e-09,8.564395409595052e-09
1.475e-07,-157.7488411334524,-0.5305863178325161,-80.7744677924196,-0.00582560685486561,-157.76301525130268,-0.48220384430205177,-80.7106655963789,-0.005701635078836788,0.19191353628283564,3.87929956456705e-09,8.497417872458688e-09
1.5e-07,-117.43757642648757,-0.9327592605550178,-81.00768869343887,-0.005235594865602283,-117.6561661401053,-0.9132822546616598,-81.2409496239524,-0.005239745485764285,64.75543035939639,3.949256307407555e-09,8.436113064526571e-09
1.525e-07,-71.6604239833823,-1.1546943944133845,-81.92435556877919,-0.004645821505721987,-72.48024088524544,-1.188288539652339,-81.75118991919707,-0.004755403542756339,126.39214919783886,4.02191936782147e-09,8.38667260161203e-09
1.55e-07,-25.128018801591445,-1.2388575504011885,-81.86785516591114,-0.004308913166623581,-25.582541565750134,-1.2996402898792496,-82.2430089879912,-0.00427621785652917,182.31623072544295,4.096421087762823e-09,8.348454909157362e-09
1.575e-07,20.792030565722378,-1.187829805185053,-82.65765276987106,-0.0037400503548677337,19.88961394018489,-1.2508836297374604,-82.71819413210777,-0.00382706724421988,230.00003381309955,4.171855602217592e-09,8.316174440102092e-09
1.6e-07,61.571661756593706,-1.026204927541004,-83.53576023261469,-0.0033566638439875983,61.31483375843413,-1.0549994664634512,-83.17867287540005,-0.003427765537651409,267.288359151595,4.24733931015966e-09,8.282958614683535e-09
1.625e-07,96.94224040338683,-0.7673542676739743,-83.28637053333681,-0.0029778979509841987,96.81733188905159,-0.7318903760529704,-83.62648737860846,-0.0030916744067838783,292.49585935235115,4.322062055800671e-09,8.243309479605519e-09
1.65e-07,125.69758813196866,-0.2729657712738864,-84.46974321047207,-0.0027431592035039557,125.35232800184208,-0.30550605452153135,-84.06376808776704,-0.0028254191742112253,304.4832128113461,4.395324597117727e-09,8.19522149685347e-09
1.675e-07,147.57498174356263,0.23216977109899545,-84.21335980354685,-0.00255012058351888,146.65319671827865,0.19890971544715907,-84.49270686681463,-0.0026296668196136986,302.7086184510395,4.4665604255278956e-09,8.141108287850098e-09
1.7000000000000001e-07,162.11021190094817,0.7581829188684237,-84.86082025591033,-0.0025075273754023974,161.0606428606254,0.7570275419813478,-84.91552986836582,-0.0025007410172510403,287.25228389523267,4.537496789421137e-09,8.087599632798384e-09
1.7250000000000002e-07,169.93332611745254,1.3627347236430936,-85.54416271992906,-0.0024416571054700982,169.27431221803153,1.3468057110682485,-85.3344703976487,-0.0024327088235437406,258.8128002671297,4.6117279852524115e-09,8.044542312075151e-09
1.75e-07,174.1766042417112,1.9838542644772248,-85.44950547801884,-0.002394343800135899,172.0797109941705,1.9489172986107794,-85.75174202336403,-0.002419502184674123,218.67556746147105,4.689416699223737e-09,8.023617059652265e-09
1.775e-07,170.04454531801576,2.5533387264717775,-86.00373106259266,-0.002465102535314242,170.1059367316541,2.546313532672392,-86.16951218568057,-0.002456646962169206,168.65469699653167,4.770622721176596e-09,8.036899228885669e-09
1.8e-07,163.7351376525051,3.082134265869627,-86.9779589617601,-0.0026117277539807,163.66212974154382,3.123177331410004,-86.5898765457921,-0.0025422602722826064,111.01101830477359,4.855315401607841e-09,8.095526271098127e-09
1.825e-07,153.98959517862954,3.6748565867643315,-86.968395022568,-0.0026643998944881455,152.6841885677884,3.6636391045737455,-87.01483431347755,-0.0026771270522401545,48.34989439108712,4.9433803990684686e-09,8.208482329853982e-09
1.85e-07,137.22904360188014,4.160840767217869,-86.83209715008148,-0.0028083956607882848,136.80118478728045,4.150670195692139,-87.44626477900658,-0.0028638512024005587,-16.496534641838032,5.034619440547819e-09,8.381434827444182e-09
1.875e-07,115.98875105739148,4.536268674758459,-87.71668379450803,-0.003039369412434338,115.50712170736527,4.5655299843955195,-87.88590526360964,-0.003105261552060378,-80.59735787651861,5.128744068919086e-09,8.615585256287858e-09
1.9e-07,88.82702655741896,4.887417484414251,-88.54623240343822,-0.0034850720503489785,88.4025690580457,4.888028042581453,-88.33533068870241,-0.0034024043336402555,-141.05536407958357,5.2253663862992195e-09,8.906611650347501e-09
1.925e-07,53.91839211127456,5.129423296116029,-88.95849217560684,-0.0038572741973500182,55.45614855927713,5.097694041223218,-88.79593494824621,-0.0037525439385126323,-195.1379890517018,5.3239912130263194e-09,9.243934561668411e-09
1.95e-07,17.835837820559732,5.179935926318707,-89.51169133953007,-0.004152465098944264,17.230538773380815,5.175756530701318,-89.2689142511847,-0.004147605639464751,-240.40082130652223,5.4240145770744875e-09,9.610658960427891e-09
1.9750000000000001e-07,-25.772582984917406,5.140278991950052,-89.76648320821911,-0.00449277502134149,-24.97736008495311,5.1076528350471815,-89.75525258198667,-0.004573424970673268,-274.79808390319727,5.524732905680769e-09,9.984552572204957e-09
2e-07,-69.17623679497821,4.929302977806713,-90.13897562814749,-0.005049049621170086,-69.11803658166176,4.88565963451345,-90.25570940711367,-0.005010030441254501,-296.77509890526034,5.625365780117324e-09,1.034026171878644e-08
2.025e-07,-113.44320329467993,4.536584191516883,-90.88528835730416,-0.005373553559566027,-112.5073496686636,4.511172780539695,-90.77080973390844,-0.005433003618019703,-305.33855528288535,5.725092887695724e-09,1.0652641778718887e-08
2.05e-07,-151.9432908485306,3.9700129910474953,-91.7527015405912,-0.005827497007032107,-152.07101799233862,3.9961881849131533,-91.3008366061588,-0.005815765903759758,-300.1014043093671,5.823103251275036e-09,1.0900673013887067e-08
2.075e-07,-184.92405758417192,3.362798253262976,-92.18385600510852,-0.006093240417672758,-184.6825497456064,3.3636408671560294,-91.84582609763389,-0.006132469462323513,-281.30035328214217,5.918652392910148e-09,1.1071092271348806e-08
2.1e-07,-207.90721994339785,2.637277413157697,-92.48891307617141,-0.006419576227307244,-207.54377223424274,2.64642931687584,-92.4055648414255,-0.006361051706919264,-249.78516689199816,6.011121238339567e-09,1.1160759331543595e-08
2.125e-07,-217.81406318183352,1.8127629091019217,-93.10122823184227,-0.00647608181884493,-218.54800211038355,1.8851583688739462,-92.97959010917005,-0.00648597012732466,-206.98025979422013,6.100069642917423e-09,1.1176993960246773e-08
2.15e-07,-216.31776772507885,1.138724795626502,-93.50807620183139,-0.0064951441694890534,-216.56713228369446,1.1248402775408857,-93.56719243039086,-0.006500175213381478,-154.82031630999148,6.185277610645757e-09,1.1135642501323346e-08
2.175e-07,-202.08469089095567,0.4083279090293548,-94.2129922109759,-0.006397973282159238,-201.61536351364845,0.4109647243370451,-94.16742071850352,-0.006405997240963319,-95.66284710093423,6.266768586815537e-09,1.1057301904005205e-08
2.2e-07,-173.8878556079188,-0.24052744212350363,-94.11119959275538,-0.006354306189346298,-174.8620276668061,-0.2145457906369536,-94.77908984668336,-0.006214797449469077,-32.181635055962744,6.34481143773445e-09,1.0962703563400962e-08
2.2250000000000001e-07,-138.08885863416742,-0.7293691439132989,-95.15759284599355,-0.005900748920656786,-138.4905161967474,-0.7169569113627635,-95.40079059401383,-0.005945435292246729,32.754113606283774,6.422224040258932e-09,1.0868517102630859e-08
2.2500000000000002e-07,-93.71278524824851,-1.1350261721173538,-94.9516842074581,-0.005604137495301908,-95.42545918004461,-1.071447535693267,-96.03090186032699,-0.005621795916522648,96.2094509244854,6.502800652936347e-09,1.0784671491780238e-08
2.275e-07,-50.23822221588728,-1.1461321977342762,-96.5744119471193,-0.0051729166049571855,-48.971612381015625,-1.264609414412237,-96.66760502710711,-0.005269772285392899,155.3163401587296,6.58574294179613e-09,1.0713771312195684e-08
2.3e-07,-2.384299985765615,-1.2082320463906795,-97.7786618503701,-0.004951545674907946,-2.421693961669998,-1.2945859404952615,-97.30890032194868,-0.004914178328475373,207.4032845197786,6.670179576289968e-09,1.0652512871625154e-08
2.325e-07,41.68407319617096,-1.2454637002092996,-98.21969323730949,-0.00448427282517902,41.30570498817929,-1.1699273726148405,-97.95262502552089,-0.0045760692459855395,250.11607274013616,6.755228731454466e-09,1.0594430320564174e-08
2.35e-07,80.98372253446759,-0.8704849763106309,-98.87912200370317,-0.004224137376834445,79.9436495789382,-0.9074338602914752,-98.59647334295579,-0.0042708632034923035,281.52418406209586,6.840054308770538e-09,1.0533017893183578e-08
2.375e-07,111.39299426621915,-0.5749168204447013,-99.60872454088145,-0.003927331872108774,112.03125774280117,-0.5294002385209639,-99.23801774620406,-0.00400751018287823,300.2080433796129,6.923910406183568e-09,1.0464338898871374e-08
2.4000000000000003e-07,136.23859647897098,-0.11549054154776575,-99.40601154365925,-0.003698769745466336,136.92870245565115,-0.06074387999919408,-99.87473158032769,-0.0037887654697300746,305.32318280029676,7.006170817846963e-09,1.0388562048364877e-08
2.425e-07,153.67906716542475,0.4168915781425586,-100.4578823239957,-0.003609227634565844,154.7012623486949,0.47352130976878715,-100.50401271504468,-0.0036124308568304545,296.63840967104267,7.086342955210355e-09,1.0310292520706872e-08
2.45e-07,164.35346548850004,1.0551944191599205,-100.56913709231937,-0.0035955418802833265,165.90355625175656,1.0501003739227015,-101.12320801321324,-0.003473260730397644,274.5462559594551,7.1691962732754745e-09,1.0237918493422792e-08
2.475e-07,171.05215754335953,1.6696028350216652,-101.53763102281157,-0.0034690042361946085,171.31175404520488,1.648317780323965,-101.72963838042705,-0.003365122112730462,240.04523670282396,7.255604319585846e-09,1.0182370260159334e-08
2.5e-07,170.93537159260853,2.2862957527880234,-102.2055499581963,-0.0032469830975039777,171.65925330162466,2.2500894345154,-102.3206241545575,-0.0032829662863320527,194.6947194023629,7.3456670125006915e-09,1.015567764368338e-08
2.525e-07,167.18980556689075,2.8479071778805647,-103.1595809973112,-0.0031015134302419234,167.4287451372996,2.839139534872451,-102.89351059097152,-0.0032242198046852086,140.54444416329432,7.439383747872301e-09,1.0169574760843387e-08
2.55e-07,159.14053856090788,3.418158309833843,-103.70719116361907,-0.003305356576123659,158.74131012572187,3.3997837534203894,-103.44569319829921,-0.003189324782722552,80.04188010997898,7.53666337272924e-09,1.0234232175161778e-08
2.575e-07,145.18142704587024,3.8908408023750063,-103.70365826076528,-0.0032066993735233276,145.36348111122157,3.9156827361222795,-103.97464268103674,-0.003181329693884174,15.92160535510377,7.637327577224752e-09,1.035707666243374e-08
2.6e-07,125.63549855749628,4.453683326339321,-104.44841218741716,-0.003149105085949875,126.8297130248476,4.368971784752408,-104.4779292489277,-0.0032046209782917896,-48.91828970354132,7.74110755419684e-09,1.0541634369643448e-08
2.6250000000000003e-07,102.87757844437547,4.7093234133157855,-105.14306875482615,-0.003259136105592753,102.65471928646816,4.740093630151346,-104.95324605894082,-0.0032630579075711656,-111.5471894692317,7.847635973427624e-09,1.0786408738449445e-08
2.65e-07,73.44967478090616,5.041255528195785,-105.35531336290433,-0.0032849222115705875,72.59188409302789,5.008516075574361,-105.3984315636992,-0.0033578967399350667,-169.13441029738266,7.956438084433158e-09,1.108394733371484e-08
2.675e-07,37.807142646232954,5.253830738234312,-105.69477394216071,-0.0034360322611364513,36.88380088442332,5.154331800212178,-105.81149055034159,-0.003485942371193033,-219.07714094996743,8.06692673969113e-09,1.1420399173068118e-08
2.7e-07,-3.797829414877639,5.192090976968448,-105.8274795862497,-0.003730979571132561,-3.5491776346763757,5.160547933360004,-106.19061366591941,-0.003638336455209934,-259.1180837360968,8.178406107754545e-09,1.1775937506803095e-08
2.725e-07,-47.92664378784298,4.926974581276498,-106.2283069215141,-0.0036945221257360444,-47.02656281227311,5.015713490109553,-106.53419523944392,-0.0038002850330417465,-287.4474792270938,8.290087796182214e-09,1.2126351078439921e-08
2.75e-07,-91.08158226389384,4.755729152287151,-106.28377247768461,-0.003936797705731324,-91.15741015034281,4.716433550918789,-106.84084922646751,-0.003951864649086205,-302.7849032613138,8.401121192584385e-09,1.2445859809225128e-08
2.775e-07,-132.72322086083383,4.311296397119763,-107.63150658940026,-0.004067178349567164,-133.02450721734388,4.269299657720937,-107.10942311947201,-0.004069852890085459,-304.43713920033207,8.510637386282364e-09,1.2710830363374134e-08
2.8e-07,-169.76273104227454,3.6379933679629675,-106.90371878312506,-0.004185498967184846,-169.48113771914117,3.6918315500832777,-107.33900968618252,-0.004130341771733886,-292.3295097423433,8.617803486068111e-09,1.290367276351713e-08
2.825e-07,-196.90268131763204,2.9699985874077264,-107.93500226516201,-0.004284970036144058,-197.51753084127446,3.0121660904769776,-107.52895641806248,-0.004111744129622454,-267.00925216613786,8.721881962083286e-09,1.3015955327558044e-08
2.85e-07,-215.68654890210982,2.3774581090243423,-107.38412884542083,-0.003918268775345673,-214.64035341601837,2.267421500466043,-107.6788725924867,-0.0039977210219065955,-229.62078445232444,8.822288217874252e-09,1.3049822638222128e-08
2.875e-07,-219.94701642446552,1.5732866097380456,-107.54390579045585,-0.0037227561744178407,-219.2045751988686,1.5008759123628965,-107.78863387424492,-0.003779557339202023,-181.85398019679351,8.918639220134236e-09,1.301718367436082e-08
2.9000000000000003e-07,-210.97937869088122,0.7299104128061564,-108.02139955332731,-0.0034075833824438267,-210.6435310778462,0.7582922094980695,-107.85838440489619,-0.0034575941602717833,-125.867790172525,9.010786777636517e-09,1.29367603659024e-08
2.925e-07,-189.86526756539155,0.031640914988810304,-107.5942334948443,-0.0029113273649133222,-189.55894896258323,0.08386254736279847,-107.88853635186732,-0.003041476129761741,-64.19266267124118,9.098830868580638e-09,1.2829740015622242e-08
2.95e-07,-157.16873829530238,-0.47000191731019214,-107.94464872873904,-0.002385904369878151,-157.65536007773414,-0.48368895557111935,-107.8797669128546,-0.0025491643530112526,0.3838269968012465,9.183110986226999e-09,1.2715212997219856e-08
2.975e-07,-115.96150557168569,-0.9054459201389414,-108.17309669229256,-0.0021162908057778523,-117.52871883582773,-0.9143296000628438,-107.833012794831,-0.002004866528085505,64.94296855867766,9.269414690135309e-09,1.2606626808965172e-08
3e-07,-72.61910668462221,-1.1981230519712938,-107.86544806185813,-0.0015065452371433546,-72.34279906041456,-1.1888585508540723,-107.74946221056729,-0.0014362111799542852,126.56683583635632,9.357871047215648e-09,1.251012762819263e-08
3.025e-07,-25.53163603466334,-1.2877215562598738,-107.81016361004568,-0.00104749927188839,-25.444863530592553,-1.2997276347245286,-107.63054445882777,-0.0008711114475338025,182.4701703649496,9.447597808196904e-09,1.2425032861725338e-08
3.05e-07,19.41641613357099,-1.2296853854524799,-107.1276211394661,-0.0003714828127811587,20.018884114556972,-1.2505138012347183,-107.47791717709087,-0.00033480545463237106,230.12626873245648,9.537674549414123e-09,1.2346024381173394e-08
3.075e-07,61.876381408337835,-1.0766275891486665,-107.1616587332205,8.382613773435259e-05,61.428989741717764,-1.0542223680757723,-107.29345137756063,0.0001524819278497597,267.38118381992257,9.627203183099685e-09,1.2266206632598331e-08
3.1e-07,97.20760335056693,-0.7065971348552702,-107.44102379926926,0.0005484302685589494,96.91206257171892,-0.7307721338748534,-107.07921439818281,0.0005769291212987659,292.5510783060295,9.715359170391163e-09,1.2180066817981712e-08
3.125e-07,125.91813230187788,-0.30607581236334785,-106.16753050023726,0.0008289336040702741,125.42576068315736,-0.3041204868013006,-106.83745092016177,0.0009314052377999602,304.49833027942003,9.801429019737863e-09,1.2085589552654046e-08
3.15e-07,146.77001045060123,0.16877098134166113,-106.74332535312585,0.0010172539615089108,146.705551160051,0.20048859530784785,-106.57056222191451,0.0012146961806712914,302.68295115837896,9.88483214126115e-09,1.1985180103885951e-08
3.1750000000000003e-07,161.75930094612397,0.6538127173470115,-106.08650944233571,0.0014461511079275592,161.09358880947588,0.7587309064074209,-106.2810838563247,0.0014298950551836218,287.1869919450134,9.967299015179102e-09,1.1885458564208958e-08
3.2e-07,168.85269763807506,1.3239180048356718,-106.82732122259445,0.0017163420197230657,169.2901725008805,1.348572576177346,-105.97166195341705,0.0015823225446696897,258.71083470681293,1.0052394568263811e-08,1.1796259066095455e-08
3.225e-07,171.29490752882535,1.9464155693490592,-105.88926478185503,0.001676474312717081,172.08067516046543,1.9506944198062133,-105.64502836402121,0.0016774141186051818,218.54153690217615,1.0140267587446721e-08,1.172924626429665e-08
3.25e-07,169.35496837157308,2.5441155353963327,-105.18882197422269,0.0016479760978787695,170.09344257770516,2.5480530540334327,-105.3039748715071,0.001719001160326666,168.49465931431033,1.0230964499125547e-08,1.1696476269388098e-08
3.275e-07,163.70353591207265,3.131505039707834,-105.03661571128869,0.0015569024768031904,163.63653353260497,3.1248331454520613,-104.95132670814529,0.001708324781506817,110.83220683841056,1.0324441909174287e-08,1.1709064622340434e-08
3.3e-07,152.60200148244778,3.5499963694525083,-104.84299089054024,0.0016228870448740341,152.64478619428994,3.66516312422308,-104.58991561998613,0.0016439708175819163,48.16039101165218,1.0420573425462767e-08,1.177597125221531e-08
3.325e-07,136.53654500503328,4.100760576518192,-103.53515266219162,0.0015464693059644092,136.74657623909926,4.152009745853089,-104.22255272928938,0.0015227300006224191,-16.6881648131485,1.051914949070707e-08,1.1902837219290049e-08
3.35e-07,114.82270173392402,4.571846172481444,-103.31369792111005,0.0013452060681042567,115.4358429321574,4.566627285753639,-103.85200144642177,0.0013412024492616532,-80.78245359236297,1.0619871204987898e-08,1.2090835681897744e-08
3.375e-07,89.36283474515203,4.887194403467619,-103.23730653825454,0.001309869909032888,88.31386101233115,4.88882232880484,-103.48095068374427,0.001097814315109481,-141.22555943512216,1.072234115080605e-08,1.2335614989606683e-08
3.4000000000000003e-07,54.77598281867632,5.104754667359889,-103.75489766252791,0.0008625619411732269,55.35070305460879,5.098126302223241,-103.11198862231947,0.0007948245428813088,-195.28559160445218,1.0826055642099033e-08,1.2626566171451383e-08
3.425e-07,17.97183813620901,5.134589264253874,-102.78767710666376,0.000393886080908581,17.11106022082373,5.175776310650865,-102.74757727830026,0.0004398880278598446,-240.5191597572344,1.093040331084739e-08,1.2946767461942253e-08
3.4500000000000003e-07,-25.510280227139123,5.0886682615018355,-102.29807509064663,9.339038707931161e-06,-25.10590842149754,5.107226039511821,-102.39002810963586,4.6810675161904406e-05,-274.88180962339135,1.1034674398874794e-08,1.3273966169392772e-08
3.475e-07,-69.43225322608404,4.870375207644073,-102.5840582919172,-0.0005546206334821092,-69.24857881962227,4.8847760059542065,-102.04147889531134,-0.0003647299453800848,-296.8204276830521,1.1138083609126888e-08,1.3582798217962512e-08
3.5e-07,-112.87290827086913,4.484538324620609,-101.37614104409528,-0.0007792354880658123,-112.63124337817018,4.50985164352928,-101.70387210878339,-0.0007705419232260529,-305.3434383607459,1.1239807142375222e-08,1.3848121341183106e-08
3.525e-07,-151.02385002315646,4.0159795211558995,-101.81151289244842,-0.0011531663698273475,-152.17893498051095,3.9944812573193835,-101.37893499468717,-0.0011442031831316185,-300.0656209832974,1.1339031991281571e-08,1.4048931488231482e-08
3.55e-07,-184.82682466525125,3.3601841105838486,-100.9283929726378,-0.0013525258904742753,-184.76556412806366,3.3616313516165,-101.06816154336904,-0.0014599496158336253,-281.2255208769915,1.1435013141304971e-08,1.4171992213690455e-08
3.575e-07,-206.66248195626375,2.6528495950002067,-100.35937917394602,-0.001781611727866781,-207.59448748734476,2.644227058195247,-100.77279654147611,-0.0016957264126212926,-249.67466766206272,1.1527132480393118e-08,1.4214195955442138e-08
3.6e-07,-217.7807797438191,1.9173793742692244,-100.44464218956915,-0.0018493250883121132,-218.56153681785935,1.8828914896301154,-100.49382185884987,-0.0018359194360671454,-206.83908805305347,1.1614952296534192e-08,1.4182894397776434e-08
3.625e-07,-217.87625424794328,1.1668457520735895,-100.60885176263439,-0.0019415466149782176,-216.541803580427,1.1226442776333116,-100.23194511248151,-0.0018733246649564785,-154.65485269880384,1.169825643682538e-08,1.409395862194501e-08
3.65e-07,-201.41176633149394,0.43915272846787745,-99.48147886873689,-0.0016288866904302843,-201.5529546092436,0.4089704504853103,-99.98759082746541,-0.0018100319420432658,-95.48057019814091,1.1777073513805767e-08,1.3967998896511885e-08
3.6750000000000003e-07,-173.39773151799872,-0.21469187795326974,-100.10298084878694,-0.00160467483453345,-174.76759313405108,-0.21622370596944343,-99.76089419291523,-0.001657074120296945,-31.990783362471827,1.1851678780178026e-08,1.38257478008879e-08
3.7e-07,-138.4533963302751,-0.718153378796529,-99.28328504266416,-0.0012670550515640902,-138.37175422322403,-0.7182296096765672,-99.55169748788077,-0.0014328938606216815,32.9449140285542,1.1924915775093996e-08,1.3683866960200987e-08
3.7250000000000003e-07,-95.95804580794047,-1.0811267348509286,-99.53198414500747,-0.0011295990221500745,-95.29175052858373,-1.0722582760524975,-99.35954922862226,-0.0011608727110603402,96.39157633095964,1.200056464698797e-08,1.3552273707172935e-08
3.75e-07,-48.654699551864596,-1.2277022043618262,-99.26713902414315,-0.0008682436168677965,-48.83287908604517,-1.2649359982016817,-99.18370606437608,-0.0008663171666805226,155.48155889578823,1.2077835810761282e-08,1.3433563597549293e-08
3.775e-07,-2.6198048237495204,-1.337275382710353,-98.80329277163615,-0.0006873182217787373,-2.287257564357784,-1.294439132731361,-99.02313742419251,-0.0005733781382932399,207.54412907675845,1.2155867836983769e-08,1.3324431526631642e-08
3.8e-07,39.82840124586295,-1.1805228534990937,-98.92972359848453,-0.00019176796280174298,41.42809013273215,-1.1693458526939133,-98.87653289276415,-0.0003023797341359052,250.2261772638087,1.223378984710738e-08,1.321842026759174e-08
3.825e-07,80.42449448998782,-0.9964954587106934,-98.79351952100076,-0.00016210508460539426,80.04844674444969,-0.9064767459632261,-98.74231226860871,-6.79511361175786e-05,281.59857207873097,1.231077759889098e-08,1.3109042242995858e-08
3.85e-07,111.49073212519541,-0.5320540208797527,-98.6066211998698,0.00014688257209974963,112.11539900808866,-0.5281385448207768,-98.61863823374566,0.0001217932875642383,300.2433527202631,1.2386097799124374e-08,1.299238580957842e-08
3.875e-07,137.44882610082027,-0.06680288693574972,-98.74851542779547,0.0003722211929685515,136.99142909579427,-0.05925234826270724,-98.50343154032281,0.0002649688497086873,305.31781756317474,1.2459137432661031e-08,1.2868647850005365e-08
3.9e-07,154.52650911142044,0.47558570275145917,-98.5939437724365,0.0002073819623317297,154.74361497056992,0.47517075668208875,-98.39438859672445,0.00036466797407418215,296.59261235264796,1.2529417508313976e-08,1.2742461302007504e-08
3.925e-07,165.7332252870421,1.0926458539504669,-98.22025757883459,0.00040184110548008973,165.9276349856713,1.0518426883573146,-98.2890013137291,0.0004270435499703158,274.4620964942841,1.2601739176805945e-08,1.2622239157601333e-08
3.9500000000000003e-07,171.60016189461132,1.6281980593568977,-98.431518022085,0.0005672215907851816,171.31990606253245,1.6500960310859152,-98.18457905047782,0.00045913945731820664,239.92651890704772,1.267697300514124e-08,1.2518932284540442e-08
3.975e-07,170.9201412641056,2.2132340256365355,-97.85287054702147,0.0005309102108001516,171.65335264346797,2.2518534802053627,-98.07827248055737,0.0004669107097732832,194.54680904999188,1.275523212241904e-08,1.2444586517877402e-08
4e-07,168.2572451276319,2.766678060026563,-98.0034054246617,0.0005538634918843075,167.40970717070584,2.8408428863433635,-97.96709918056312,0.0004538252427673292,140.37402646542256,1.2836528996593978e-08,1.2410947582816386e-08
4.025e-07,159.5789719218693,3.2935784477397427,-97.47708661515252,0.00045912598862211246,158.70893422254244,3.4013797330916304,-97.84797072725472,0.0004203170935746137,79.85665755845429,1.29207852475134e-08,1.242819342784887e-08
4.05e-07,145.51374148598,3.993156366179035,-97.23282993006954,0.0004339368817589045,145.31664938577006,3.917121169841669,-97.71772107499577,0.0003641892770127938,15.729949587451713,1.3007834876270534e-08,1.2503753970668642e-08
4.075e-07,125.96946189284066,4.29340916672219,-96.73080832184654,0.00017960216581825806,126.76690224476548,4.370197344158269,-97.57313597271157,0.00028187557394927895,-49.10771628308381,1.3097420768438037e-08,1.2641154122466955e-08
4.1e-07,102.74260594316846,4.7807695319821315,-97.2195848805652,-3.6913135235368684e-05,102.57472034793373,4.741046602112521,-97.41098316922053,0.00017029840119774998,-111.72582521064844,1.3189186525836311e-08,1.2838891810406078e-08
4.125e-07,71.094431206654,5.068780765429757,-97.32241323216236,0.00013297532623234517,72.49458024306374,5.009135833393748,-97.22804314759001,2.893651912695748e-05,-169.29418127197084,1.3282667446358618e-08,1.308950560505413e-08
4.15e-07,34.77260332227109,5.0927740356449025,-96.85798436414254,-7.346844857105288e-05,36.770840179067754,5.154562681654784,-97.0211401232168,-0.00013833561239200308,-219.21082587352123,1.337728544669427e-08,1.3379133915630246e-08
4.175e-07,-3.3684376049814158,5.210021991217807,-95.73862900439939,-0.0005449478731373523,-3.6739652872650552,5.160346698949511,-96.78717303668974,-0.00032204555193519814,-259.21964035451225,1.3472352697197915e-08,1.3687940733827992e-08
4.2e-07,-47.621988721183705,5.00862298523271,-95.87380544432757,-0.0005297434146124885,-47.157110733469025,5.015057141134684,-96.52314627119803,-0.0005068602561921869,-287.5123174124936,1.3567087685697968e-08,1.399171048606399e-08
4.2250000000000003e-07,-91.21062250906148,4.68877496778506,-95.02658592453885,-0.0007359277352398594,-91.2857653380441,4.715326105671904,-96.22619982531688,-0.0006724015202671094,-302.8100924753737,1.3660645513203158e-08,1.426466697172373e-08
4.25e-07,-132.69605572102623,4.168540974434581,-96.77687223016035,-0.0009461448798355147,-133.14155668990512,4.26777655426552,-95.89363867543219,-0.0007950848034883734,-304.42154094794023,1.375216177760887e-08,1.4483190627526949e-08
4.275e-07,-169.86062678582206,3.7176447349413815,-95.3594295359349,-0.0007590026726480627,-169.57761234693706,3.6899606571052845,-95.52296106782755,-0.0008507393264735941,-292.2738290289857,1.3840806854780778e-08,1.462971426514492e-08
4.3e-07,-197.96449037882624,2.9871998777915683,-95.14103423586916,-0.0009136602729007508,-197.58513548586785,3.0100448135398294,-95.11188548851042,-0.0008176192211369576,-266.9160056332571,1.3925845200521574e-08,1.4695834213895327e-08
4.325e-07,-213.92763968778027,2.3061013730282096,-94.96835577147682,-0.0006670020063981206,-214.67284517239682,2.2651700833999304,-94.6583760691276,-0.0006793335939210656,-229.49418663085615,1.4006692877587267e-08,1.4683722227216007e-08
4.35e-07,-219.45543567248285,1.4731909749296654,-94.27216423283312,-0.0004956345811209536,-219.1986152894022,1.4986276469736832,-94.16066619973464,-0.0004272228030169289,-181.69975301996672,1.4082966136561231e-08,1.460530684721868e-08
4.375e-07,-211.28178674851264,0.7154165257727289,-93.83209891249363,-2.2109172745806268e-06,-210.5991700563812,0.7561817746400313,-93.6172801336281,-6.178982619273947e-05,-125.69290435751064,1.4154514646565586e-08,1.4479316494589408e-08
4.4e-07,-190.8316290081353,0.05878458531932053,-93.55347141850238,0.0003985915051941601,-189.4796635432597,0.08201401192503471,-93.02705238580553,0.00040705449384165443,-64.00502265860824,1.4221434782101881e-08,1.432692944870576e-08
4.425e-07,-156.84811592134525,-0.517601912536819,-92.49424407811918,0.0009061820338971232,-157.54763293244955,-0.4851728671547572,-92.38914474474704,0.0009609812383821138,0.5757403057913801,1.4284060944497725e-08,1.4167212897751032e-08
4.4500000000000003e-07,-117.7900511417308,-0.9671865351570496,-92.15345416554129,0.0015065993977107124,-117.40122737452921,-0.915375578190118,-91.7030607369535,0.0015753159442469158,65.13048111950505,1.434819018464707e-08,1.4013581645899845e-08
4.475e-07,-71.73307087764887,-1.2152895876887282,-91.59774488443698,0.0022308053697531337,-72.20534248992622,-1.1894271296013075,-90.96865740486798,0.0022218665627799965,126.7414725082919,1.4413922697573311e-08,1.387214606096009e-08
4.5000000000000003e-07,-25.960440357136743,-1.3550916065092102,-89.8254764683052,0.002837008399770207,-25.307198367766702,-1.299813579611285,-90.18615428125887,0.002872061144061816,182.62403796812404,1.4480366398474296e-08,1.3742190738539418e-08
4.525e-07,20.24382224427655,-1.2590408131492656,-88.81282652466544,0.0035247988758738726,20.148118461270865,-1.2501426879133353,-89.35613946666885,0.0034999082038071343,230.25241280160733,1.4546590127570934e-08,1.3618371853198974e-08
4.55e-07,62.2666580096367,-1.0623403438137171,-88.9476906433061,0.004092955461327479,61.54309353378291,-1.053444160423188,-88.47957274092262,0.004084335193042592,267.47390293039206,1.461168427098017e-08,1.3493776543063132e-08
4.575e-07,98.26147316421009,-0.751971218922194,-87.11538229844506,0.004500067107417105,97.00673203373532,-0.7296529930200908,-87.55778566473383,0.004610578685259275,292.6061817651757,1.4674812084339618e-08,1.3362881728332866e-08
4.6e-07,123.75413225998689,-0.37279986343513993,-86.624116879759,0.0050052520103333505,125.49912997007296,-0.3027342417639846,-86.59247865293516,0.005070472376117,304.51332753637536,1.4735247307692314e-08,1.322366576342112e-08
4.625e-07,146.7078749734394,0.2783092621286673,-86.47165029137959,0.005555935851055493,146.75784537022776,0.20206793976970686,-85.58571502655741,0.00546167479325417,302.6571643712827,1.4792396148927541e-08,1.3078528307386056e-08
4.65e-07,160.60433956036243,0.7981921046252899,-84.49508572885547,0.005811969907538556,161.12648082401236,0.7604345433693551,-84.53991207667953,0.005786062794276521,287.1215866179186,1.484799270429807e-08,1.293408181854085e-08
4.675e-07,168.8254779658202,1.2834532502277356,-83.63305537473167,0.006308875793055892,169.30598586376445,1.3503395460364342,-83.45782919843515,0.006047656808652951,258.60876701155524,1.4905572512880243e-08,1.2800149297631539e-08
4.7e-07,172.90046314255684,1.9696325800914751,-83.47325147033708,0.006263923083706404,172.08159799594844,1.9524714982347384,-82.34255317857796,0.006250514767911263,218.40742006614394,1.496527017895236e-08,1.268838046039168e-08
4.7250000000000003e-07,170.2466558304788,2.567099957050565,-81.35245324789541,0.00650932954046317,170.08090981287404,2.5497923959837427,-81.19748074434969,0.006397021654767587,168.33455511306735,1.5027118333782323e-08,1.2610813105081208e-08
4.75e-07,164.02213374903735,3.2105139884292986,-80.25745081965925,0.006348961783521825,163.61089809592352,3.1264886428272654,-80.02629850486069,0.00648691307883505,110.65335161724552,1.5091060389904445e-08,1.257854175378595e-08
4.775e-07,152.41534875660062,3.6584252193159426,-78.66731588649385,0.006572906328641118,152.60534123103128,3.666686679438307,-78.83296043856613,0.006517220882174572,47.97086861925864,1.515695757645117e-08,1.260050314882413e-08
4.800000000000001e-07,136.1201798595432,4.063347985714007,-77.33847006573087,0.006514583739393903,136.69192051729982,4.153348668315147,-77.62166310151746,0.006483144245517071,-16.87978839623796,1.5224588988050112e-08,1.2682313332511341e-08
4.825e-07,114.90961013166554,4.594768412980749,-76.43321866051751,0.006215516202476974,115.36451331866391,4.567723782886873,-76.39681875069704,0.006379664980314399,-80.96751741657296,1.5293645631263325e-08,1.2825118974080695e-08
4.85e-07,88.29594852465478,4.883863242207615,-74.51103571051291,0.0060961009689301845,88.22510169914517,4.88961563129369,-75.16302659473214,0.006203574558311334,-141.39569903704842,1.5363721484743487e-08,1.3024541273311648e-08
4.875e-07,56.29820280982127,5.144741356224647,-73.45030663003864,0.005997836622606938,55.24521109121521,5.0985574144385435,-73.92504240048305,0.0059554907825291005,-195.43311706154284,1.5434305995455522e-08,1.3269945151847813e-08
4.9e-07,16.431629946995496,5.192994443331853,-72.38798632889969,0.005761560612790212,16.991546499838762,5.175794813377758,-72.6877466982555,0.0056414305910802804,-240.63740325479012,1.550478292252379e-08,1.3544386597148175e-08
4.925e-07,-25.00513020215991,5.10182061215961,-71.15067836111278,0.005341929880501858,-25.234473987176166,5.106797898162884,-71.45611184058501,0.005273574946834544,-274.96542682460074,1.5574439891186805e-08,1.3825598251733652e-08
4.95e-07,-69.8971491491178,4.894996251906559,-70.39703140166183,0.004791713505792951,-69.37911473586394,4.883891042988607,-70.23516817956872,0.0048700001303088325,-296.8656392808398,1.564249150347707e-08,1.4088212841447243e-08
4.975e-07,-113.19411234993775,4.500275228702468,-69.42325507244992,0.004352716900254195,-112.75510375848148,4.508529276626693,-69.02996963548847,0.004453332558126587,-305.34820089385266,1.570811662235261e-08,1.4307099279955672e-08
5e-07,-153.6347478622714,3.9576023954151234,-67.65294402073346,0.004071075055659021,-152.2867911554866,3.9927733004933037,-67.84555893491573,0.00404847890198415,-300.029719196073,1.5770507891747136e-08,1.4461279824927784e-08
5.025000000000001e-07,-184.02968652890564,3.3179664101523807,-66.66123630632312,0.00366670180038453,-184.84849309288924,3.3596210950937815,-66.68693279955815,0.00367975488122665,-281.1505774484577,1.5828929133690115e-08,1.4537557318759818e-08
5.05e-07,-207.67368234504934,2.5994018873998126,-64.98772872398993,0.00355200726440736,-207.64509880046614,2.6420244145135605,-65.55900736777845,0.003367853678103588,-249.5640698645226,1.5882774418466458e-08,1.4532871553534526e-08
5.075e-07,-218.56473077220173,1.8861271963128234,-64.77765334354366,0.0032175903806832004,-218.57495767565666,1.8806246200617303,-64.46658412897662,0.003127136993823609,-206.69783465509136,1.59316216841191e-08,1.4454623098306331e-08
5.1e-07,-217.62428314617014,1.1562040256808344,-63.44191620631459,0.0029488078925512615,-216.51636117195795,1.1204486861787522,-63.414316646897646,0.002963690185695156,-154.48932803233149,1.5975273979684868e-08,1.4318727155985827e-08
5.125e-07,-200.94912297648114,0.389195616721144,-62.191125720704264,0.002947192363922288,-201.4904423080149,0.4069769523750777,-62.40667834143551,0.0028744643891364685,-95.29825560113164,1.6013782721871008e-08,1.4145829258503944e-08
5.15e-07,-176.06119611178747,-0.2791221350027557,-61.6890390920962,0.0029575605472762015,-174.67307442893906,-0.21790054159910455,-61.447931589715076,0.0028476533882646616,-31.799919039525193,1.6047449592659016e-08,1.3956687804036815e-08
5.175e-07,-137.1046581046502,-0.68863488740254,-60.83481004852856,0.0028214585800322377,-138.25293380871386,-0.7195010115768922,-60.54209839621563,0.002864251677275615,33.135701444694305,1.6079166348500828e-08,1.3767983859017728e-08
5.2e-07,-94.54096497104602,-1.1130293193770984,-59.685464135270855,0.0028065408403962367,-95.15801248805565,-1.0730676036453117,-59.692932868553015,0.0029005477429900795,96.57366368356506,1.6112724234122148e-08,1.3589653456528016e-08
5.225e-07,-49.05215546392348,-1.2866348983994407,-59.03504286279504,0.0028467337798134995,-48.69414531664501,-1.2652611543356724,-58.903895720374564,0.0029311566263479577,155.64671625118876,1.6147370335783912e-08,1.3424316432985547e-08
5.250000000000001e-07,-1.4606608534696512,-1.3134727437040057,-58.42276661684637,0.0028805423137687643,-2.1528462803171244,-1.2942909736844184,-58.17813100577168,0.002932114302636147,207.68489169860456,1.6182283852291708e-08,1.3268702592430817e-08
5.275e-07,42.340631297085,-1.1040542990472384,-57.90416456181861,0.0028640839226766316,41.55043034400978,-1.1687631300178694,-57.518445270830924,0.0028835572397895412,250.33618300214985,1.621663844852825e-08,1.3116402690923156e-08
5.3e-07,81.68577437587075,-0.9310510283962216,-56.95324098077493,0.0027565064919052463,80.15318627638929,-0.9055186252155786,-56.92728928758525,0.002771592956412027,281.67284892471025,1.6249658254784304e-08,1.2960989742649824e-08
5.325e-07,113.08567990025855,-0.5575802117377612,-56.54729450141028,0.002541554865882272,112.19947717980449,-0.5268760635078215,-56.40674251387293,0.0025891163815485356,300.2785435295926,1.6280662054614276e-08,1.279862258325727e-08
5.35e-07,138.11351899598966,-0.10563511210896295,-55.907908047805975,0.0024073885094255797,137.05409338744664,-0.05776024795278783,-55.95850039964747,0.0023355154802773134,305.3123317914136,1.6309092457768435e-08,1.2629574693962685e-08
5.375e-07,155.55645785221824,0.4570551142337761,-55.85314029128736,0.002111897321620291,154.78591027902667,0.47682056882380397,-55.58386463631134,0.0020154042147018467,296.5466979441866,1.6334529466875947e-08,1.2458558139625267e-08
5.4e-07,165.37539722280795,1.008791415811573,-55.30075564766739,0.0016310985440267146,165.95166335913189,1.0535851881884062,-55.283736420874725,0.0016366868487078384,274.3778286758249,1.6361854267683403e-08,1.2294064961694854e-08
5.425e-07,171.54906325677564,1.6177704415115735,-55.24415652593944,0.0011824010370795092,171.32801425169592,1.6518743105278273,-55.05861278138303,0.0012083655710337015,239.80770639208157,1.639198567166552e-08,1.2147123604037987e-08
5.45e-07,170.66774834750743,2.315458726317596,-55.236030052335856,0.0007295819640914676,171.64741243126502,2.253617413902084,-54.90858598433629,0.0007385346304484993,194.39882189362496,1.6425104081669252e-08,1.2029855558195516e-08
5.475e-07,167.888717652576,2.850999683659504,-54.508867842431215,0.000172395075635051,167.3906306883102,2.8425459902944845,-54.833346018958125,0.0002329537323055152,140.20355335010638,1.6461291847978432e-08,1.1954080293527687e-08
5.5e-07,160.02857000018898,3.3941890076016095,-55.04336423361832,-0.0002594163337217947,158.6765176724502,3.4029753237186338,-54.832186127391246,-0.00030552887186453804,79.67140348078796,1.65005428151148e-08,1.1930047595156833e-08
5.525e-07,144.1876769447322,4.019681516722993,-54.816410179810674,-0.0008362287270844717,145.26977280038733,3.9185590591930577,-54.90401132441879,-0.000876604643888685,15.538287609864675,1.6542765261951225e-08,1.1965257090495854e-08
5.55e-07,127.96543180809007,4.302763434360566,-55.90123793831571,-0.001488696458159637,126.70404219189865,4.371422188504895,-55.04734982536133,-0.0014812745031005093,-49.29712347567655,1.6587778100985582e-08,1.2063300916635798e-08
5.575000000000001e-07,102.55108789724333,4.714502329367075,-55.714416584018544,-0.002233594323326215,102.49466981317049,4.741998679227212,-55.260367276588966,-0.0021200222192810083,-111.90441684448082,1.6635302399204322e-08,1.2222741598204125e-08
5.6e-07,72.24319450114554,4.929085395654272,-55.11351695291249,-0.002730047010456561,72.39722678224717,5.009754521568696,-55.54088365983065,-0.002790776992761798,-169.4538854118965,1.668495204610093e-08,1.2436180209673167e-08
5.625e-07,36.68772533493791,5.176277986838392,-55.599152242939326,-0.003375133868257898,36.657837828363064,5.154792343841874,-55.88639271935523,-0.0034871026681458465,-219.34442425611334,1.6736228367123444e-08,1.2689817152191339e-08
5.65e-07,-4.256128161873726,5.189087113557837,-56.30942784596732,-0.004168859686044388,-3.7987799066743193,5.160144144057976,-56.29408374033223,-0.00419702154814247,-259.3210946371184,1.6788523452245842e-08,1.2963880557051103e-08
5.675e-07,-47.91355245895907,4.919959286727534,-56.01541430245023,-0.004975508792491159,-47.287664663942536,5.014399441052079,-56.76086548743679,-0.004902774675794549,-287.5770420925833,1.6841135914113875e-08,1.3234224404935345e-08
5.7e-07,-92.54891934192261,4.669304716458877,-56.91395689775119,-0.005570909063449732,-91.41410092076673,4.714217366360509,-57.28339209519949,-0.005581656367908099,-302.8351621448049,1.6893300874327003e-08,1.3475150373097082e-08
5.725e-07,-132.80192836601685,4.213589497277388,-57.747333211547414,-0.006319784639358597,-133.2585589031193,4.266252309812068,-57.858090685878864,-0.00620786788626339,-304.40582251474495,1.6944233528647262e-08,1.3663126435422041e-08
5.75e-07,-168.79123590417552,3.647460282449826,-58.76115405612105,-0.006619196167224362,-169.67401325277024,3.6880888695230074,-58.481190476875106,-0.00675514793950935,-292.2180329305494,1.6993183095629772e-08,1.3780681343310833e-08
5.775e-07,-198.4304068215085,3.0273432640032123,-59.21238291381001,-0.007300019577204123,-197.65264448442736,3.007922967341331,-59.148753128032176,-0.0071997898967251315,-266.8226537261645,1.7039491769025513e-08,1.3819511584371298e-08
5.800000000000001e-07,-213.47254491105912,2.2560670526974027,-59.17330348544472,-0.007648830706805766,-214.7052268232111,2.2629184765335206,-59.85670406968721,-0.007523573978471763,-229.367498208716,1.7082651877715918e-08,1.378188683012771e-08
5.825e-07,-218.45528830352214,1.5435781743696622,-60.62457986734267,-0.007935267629571087,-219.19254030645348,1.4963795930120656,-60.600864545097615,-0.007716142412774171,-181.54545411095327,1.712235408488229e-08,1.3679824136629838e-08
5.85e-07,-209.51312705655923,0.7742556470249304,-62.15704023857203,-0.00788832751868692,-210.55469927613754,0.7540719385116391,-61.37698409597231,-0.0077764273358948074,-125.51796892092825,1.7158520228567024e-08,1.353212517315378e-08
5.875e-07,-190.03063094858203,0.061591700768063376,-61.97997510026745,-0.007732174464408292,-189.4002833804222,0.08016641431121926,-62.18077321728299,-0.007712891247324287,-63.81735737781026,1.7191316218782333e-08,1.3360023365972284e-08
5.9e-07,-156.80382997396183,-0.5820412332483977,-63.65435578589263,-0.007297032666061509,-157.4398338917524,-0.4866555783510766,-63.00793590736486,-0.007542532131489156,0.767653387487274,1.722114298011816e-08,1.3182623906181154e-08
5.925e-07,-117.06817390066412,-0.8634936410194693,-64.26032285010739,-0.00732534442787234,-117.27369184234381,-0.9164201886585407,-63.8542018415158,-0.007288806443749991,65.31796796784782,1.7253876774853842e-08,1.3013366715241243e-08
5.95e-07,-71.67808659268803,-1.1200160338605323,-64.69844091481228,-0.006856245574864305,-72.06787125947439,-1.1899942758284945,-64.71535790185756,-0.006978797956565872,126.91605914470037,1.7289656428612086e-08,1.2858380389822326e-08
5.975e-07,-25.525137159602284,-1.2152547609850515,-65.44908057551076,-0.006623736959788381,-25.169546153059926,-1.299898124760479,-65.58727880307985,-0.006640078549787063,182.77783347421874,1.7327644912619718e-08,1.2716966585300603e-08
6e-07,20.17770339905046,-1.249503815521233,-66.24990098788886,-0.006335679960291302,20.277316921691483,-1.2497702902201684,-66.46595656278365,-0.0062977480383616755,230.3784659707514,1.7366962265216733e-08,1.2583801094301619e-08
6.025000000000001e-07,60.57225672748654,-1.0293524739781008,-67.2757975526011,-0.005956152469063177,61.657145097155784,-1.052664844101577,-67.34752857639438,-0.005972097352653866,267.56651644640215,1.7406745971474223e-08,1.2451994129287145e-08
6.05e-07,97.17317090833798,-0.6819281853377908,-68.1795229909457,-0.005608044574384609,97.10134025912522,-0.7285329541537471,-68.22830406991953,-0.005677220938759793,292.6611697080349,1.744620205244456e-08,1.2316047417992217e-08
6.075e-07,124.63748636670549,-0.3024127808785181,-69.4661780188311,-0.005332264527325251,125.57243586503078,-0.30134732007354775,-69.10478871906065,-0.0054207316094935665,304.5282045762918,1.748464246047873e-08,1.2173962511045368e-08
6.1e-07,147.11551835978864,0.21072550835524922,-70.16601270326532,-0.005221619920151424,146.8100793639601,0.2036477482205453,-69.9737072402169,-0.005204535234869666,302.63125809993124,1.7521506866719364e-08,1.2028156968274223e-08
6.125000000000001e-07,160.69382473489554,0.7709250317934947,-70.64722934000982,-0.005009046908180848,161.1593189250406,0.7621384523325294,-70.83202377758614,-0.005026438558996794,287.05606793976744,1.7558575026756046e-08,1.1885252882870175e-08
6.15e-07,168.04792159920518,1.4224210652734237,-72.36580007866094,-0.004941911866417532,169.32175232618394,1.352106620188724,-71.6769599307062,-0.00488222373127315,258.50659722165136,1.7599390198954936e-08,1.1755072885949457e-08
6.175e-07,171.18000129697165,1.985702916776231,-71.85852013697045,-0.004788585599566208,172.0824795133505,1.9542485334970867,-72.50601028820982,-0.0047677523962189,218.27321700631967,1.7644104715091144e-08,1.164925576738666e-08
6.2e-07,168.3436472818183,2.519145224099625,-73.24366923967898,-0.004769065366578657,170.06833844021472,2.551531558149057,-73.31695535609195,-0.00468067246865028,168.17438445600786,1.769276385589348e-08,1.1579818061770187e-08
6.225e-07,164.34204895049086,3.128318007146127,-74.05264136982194,-0.004626583270284005,163.58522342507678,3.1281438231523264,-74.10787179221697,-0.004621389490049528,110.47445271189372,1.774531857870259e-08,1.155782316906915e-08
6.25e-07,153.86404274997258,3.68262523076288,-74.65879326805494,-0.004396263735057288,152.56585366534662,3.6682097698022087,-74.87713988290544,-0.004593115050194535,47.78132728872375,1.780163254686118e-08,1.1592167232873462e-08
6.275e-07,136.34466468850457,4.169758952653514,-75.52038139973182,-0.004550752632655263,136.6372176085774,4.154686962619562,-75.62344822203254,-0.004600989384620361,-17.071405315452118,1.7861482199549185e-08,1.1688416432716417e-08
6.3e-07,114.56245458536327,4.519698275325644,-76.60099939302621,-0.004659231420834316,115.2931328597504,4.56881947530958,-76.34579557791294,-0.004650460037496905,-81.15254927608936,1.7924550852060494e-08,1.1847658581772653e-08
6.325e-07,88.95837637205075,4.885579393562515,-76.97242165087428,-0.004683725452348542,88.1362911241348,4.890407949571786,-77.04348995813264,-0.004745249513227115,-141.56578281819006,1.7990419847237313e-08,1.2065447787769684e-08
6.350000000000001e-07,54.50961350106145,5.0546548557235305,-77.99105239789141,-0.004965083670498208,55.1396726924978,5.098987377455431,-77.71614490718376,-0.004885334319043228,-195.5805653647357,1.8058561182419364e-08,1.2331075330862713e-08
6.375e-07,15.896049825343008,5.1751163536457065,-77.62989267901199,-0.00518596588390143,16.871997653774656,5.175812038591635,-78.36367309605568,-0.00506536901110237,-240.75555175251196,1.812833652232493e-08,1.2627519845215783e-08
6.4e-07,-25.544384569939446,5.089248428984874,-79.31811275262295,-0.00514035422267395,-25.363056719961794,5.106368410890752,-78.98627728661603,-0.005273919199533309,-275.0489354738123,1.8199006955984563e-08,1.2932436683932928e-08
6.425e-07,-69.108398770258,4.86566502859751,-79.68226229671505,-0.005553642946531096,-69.50964425450049,4.883004745730288,-79.58443877646842,-0.00549372895205554,-296.91073368077423,1.8269756337270106e-08,1.3220385322026417e-08
6.45e-07,-113.25603165770279,4.4902294766554744,-80.13201561984312,-0.005572319890892031,-112.87893072761513,4.507205680187032,-80.15890345180448,-0.005703065150138558,-305.3528428803255,1.8339728816945616e-08,1.346616849326137e-08
6.475e-07,-152.31482269205011,4.023032963778969,-80.73631944500296,-0.005977149416007951,-152.39458643878854,3.9910643150196363,-80.7106655963789,-0.005877986700559032,-299.9936989618664,1.840807861948343e-08,1.3648750250742809e-08
6.5e-07,-184.90862978478134,3.3637384745360785,-81.29058955823793,-0.006035059254895892,-184.93133657504075,3.3576100983598605,-81.24094962395242,-0.00599521498438782,-281.07552302612976,1.8474027697532323e-08,1.375488124775066e-08
6.525e-07,-208.01248982013894,2.660248292729581,-82.14443419024364,-0.005918739384621375,-207.69560613069896,2.639821386721172,-81.75118991919707,-0.006035164479870181,-249.45337354304064,1.8536925053922586e-08,1.3781450415752575e-08
6.55e-07,-218.6944313779176,1.843490227275049,-81.5940273834661,-0.006083518392283323,-218.58826466902167,1.8783577610916047,-82.2430089879912,-0.005984650575300065,-206.55649965609754,1.8596300604444736e-08,1.3735802520477668e-08
6.575000000000001e-07,-216.3556125447418,1.076615890924326,-82.59619616144725,-0.005938885608706784,-216.49080507403673,1.118253504041082,-82.71819413210778,-0.005838833292967121,-154.32374237591435,1.865190665605181e-08,1.3633786028502754e-08
6.6e-07,-201.2852828658311,0.39447392937104925,-82.36910645009151,-0.005438465377236148,-201.42782665448806,0.40498423072788353,-83.17867287540001,-0.005602074250609889,-95.11590338187823,1.8703741393497844e-08,1.3495965047115246e-08
6.625e-07,-174.51824315119438,-0.1887054415372461,-84.08190644908152,-0.005387687044778413,-174.5784716192276,-0.21957629701049192,-83.62648737860843,-0.005287559311526911,-31.609042162475216,1.8752051007430128e-08,1.3343001647178827e-08
6.65e-07,-138.69392998565988,-0.6963136327351229,-83.43070853146503,-0.004909075252751047,-138.13405503571974,-0.7207711167897983,-84.06376808776702,-0.004915740587182355,33.32647577938426,1.8799687889388673e-08,1.3191469130734947e-08
6.675e-07,-95.43062217213193,-1.0409201592569723,-84.43295818934081,-0.004905774959078038,-95.02424514564329,-1.0738755184421234,-84.4927068668146,-0.004511843676245253,96.75571291041541,1.8850361429750427e-08,1.3051190385694882e-08
6.7e-07,-48.065937834369706,-1.2442473870953727,-84.63230005171381,-0.0041099359075118195,-48.55541115461117,-1.2655848830002971,-84.91552986836581,-0.004102835751117663,155.8118121597326,1.8903257322608555e-08,1.2924673481438231e-08
6.725e-07,-2.5765641897539124,-1.2224963466443388,-84.61106447804526,-0.00391112590647045,-2.0184601774556334,-1.2941414637020552,-85.33447039764872,-0.0037143313646521977,207.82557232974298,1.895749253478227e-08,1.2808543335023354e-08
6.75e-07,40.23349522561915,-1.1295271418245265,-85.9962600051496,-0.0033066360407969725,41.6727255737098,-1.1681792050261408,-85.75174202336402,-0.0033679118137924036,250.44608991172808,1.9012177946846812e-08,1.269629561259875e-08
6.775e-07,81.7522385942652,-0.8910789097634436,-85.70561468797914,-0.002888172667726915,80.25786814824433,-0.9045594985062692,-86.16951218568059,-0.003079251306119839,281.74701457070887,1.9066474615239594e-08,1.2581418058420315e-08
6.800000000000001e-07,112.44575583634527,-0.5225354626431897,-87.04997462737968,-0.0029145751531197543,112.28349225178376,-0.5256127949926943,-86.5898765457921,-0.002857294191081339,300.313615793709,1.9119638201974787e-08,1.2459991842208224e-08
6.825e-07,136.66773503145373,-0.024557132803560672,-86.49866723106263,-0.002683436370545094,137.11669534025327,-0.05626757938544247,-87.01483431347754,-0.0027045389956250484,305.30672548717905,1.9171048374124803e-08,1.2332217136356178e-08
6.85e-07,156.58470419116924,0.5327450915146428,-87.36180266335268,-0.002576015709919701,154.82814829296075,0.4784707459958745,-87.44626477900658,-0.0026182906783413225,296.5006664637857,1.9220222587835106e-08,1.2202733995510957e-08
6.875e-07,165.6039468821271,1.1211492563504841,-87.88740327188367,-0.0025834548308878765,165.97564139309503,1.0553278733335587,-87.88590526360963,-0.0025925769701081514,274.29345253734436,1.9271997963139116e-08,1.207996168321957e-08
6.900000000000001e-07,171.98423254987748,1.6981946516458586,-88.98787571182689,-0.002454133455497728,171.33607862934352,1.653652618657922,-88.33533068870243,-0.0026203171630165755,239.68879920482937,1.932721529895338e-08,1.1974854244979395e-08
6.925e-07,171.91566344166822,2.1880580258891618,-89.29051411804443,-0.0027117504966449124,171.64143267306852,2.255381235663541,-88.79593494824623,-0.002695300957035009,194.2507579916769,1.938599429993839e-08,1.1899457248970758e-08
6.95e-07,168.69380657666704,2.7978177473375516,-89.18549936236059,-0.002846705996637377,167.37151568819075,2.8442488467862703,-89.2689142511847,-0.002813585829742579,140.03302488464962,1.944835793616573e-08,1.1865513261105646e-08
6.975e-07,157.99118403721675,3.442066482681816,-90.03401585357011,-0.0029731227769883074,158.64406046531695,3.4045705253210383,-89.75525258198668,-0.0029740440116629427,79.48611795011331,1.9514242157086978e-08,1.1883194718877418e-08
7e-07,144.24944001785778,3.922084105280174,-90.09916078477436,-0.0032348677795057653,145.22285134128037,3.919996404124487,-90.25570940711367,-0.0031779617681028946,15.346619498007765,1.9583498976507433e-08,1.1959923761199277e-08
7.025e-07,126.90737114125214,4.437637751096305,-90.88528969184244,-0.0033673725163355325,126.64113285516264,4.372646317656885,-90.77080973390842,-0.003427782751218208,-49.4865112065478,1.965589280046275e-08,1.20992150513855e-08
7.05e-07,103.17625568011206,4.7874121715772375,-91.821638097093,-0.0039058610567549654,102.41456768069978,4.742949861285643,-91.3008366061588,-0.003725259012898904,-112.08296430021961,1.9731092065993286e-08,1.2299554010698699e-08
7.075e-07,73.58566043844982,5.05616120305837,-92.18573343146845,-0.004122826651587602,72.29982372465824,5.010372139843486,-91.84582609763389,-0.0040693962980167375,-169.6135226541118,1.9808660020256283e-08,1.2553466001183252e-08
7.1e-07,37.334070653701986,5.232446136764273,-92.57425691660119,-0.004482944604465316,36.544793865654086,5.155020786513625,-92.4055648414255,-0.004454631704378828,-219.4779360449975,1.988804943957054e-08,1.2847079152037786e-08
7.125000000000001e-07,-3.2569865627206447,5.105635986314659,-92.60529410218842,-0.004722104115991365,-3.923621439803771,5.159940268468541,-92.97959010917006,-0.004869651837987735,-259.4224465438644,1.9968606056493595e-08,1.3160555869430361e-08
7.15e-07,-48.86191939696286,5.010734323325267,-93.50807495345151,-0.005341290159791464,-47.418224533914206,5.0137403897308,-93.56719243039086,-0.005297153042105952,-287.641653241812,2.0049584405083145e-08,1.3469694644499822e-08
7.175e-07,-91.5850987194795,4.693477036126535,-93.79563444602074,-0.005723538653867997,-91.54241681844825,4.713107332969836,-94.16742071850355,-0.005714680822839098,-302.86011225970947,2.0130177876649546e-08,1.3748755203107307e-08
7.2e-07,-132.36713011723478,4.331535667258121,-95.73576518771195,-0.006017831373013776,-133.37551377550042,4.26472692447316,-94.77908984668336,-0.006096492449696435,-304.38998390695195,2.020956232973271e-08,1.3974178805178674e-08
7.225e-07,-169.64749024739933,3.6132756860611996,-94.78990360845756,-0.0064342868885527305,-169.7703403637008,3.68621618756566,-95.40079059401378,-0.006416199410105846,-292.16212146906156,2.0286950052290076e-08,1.4128481802103958e-08
7.25e-07,-196.87180089590018,3.0237258091311467,-96.33511360751962,-0.006606221229358307,-197.72005778206426,3.005800552195797,-96.03090186032699,-0.006649798618375084,-266.7291964817128,2.036164869179634e-08,1.4203358715543606e-08
7.275e-07,-215.65657243903573,2.198256282024943,-96.78332681796735,-0.006914070505099949,-214.7374983391313,2.260666680219132,-96.66760502710713,-0.00677861981279047,-229.2407192359215,2.0433118355250313e-08,1.4201081503148827e-08
7.3e-07,-219.08971266892752,1.51929633584274,-97.23932169579601,-0.006956856574282163,-219.18635025052538,1.494131750813011,-97.30890032194867,-0.006791716518892435,-181.39108353067138,2.050101971247267e-08,1.4133666845814158e-08
7.325e-07,-211.36824487300794,0.7081615290645695,-97.68901158311493,-0.006687618730688611,-210.51011876776482,0.7519627013768129,-97.95262502552087,-0.006687309997445911,-125.34298393183954,2.05652467099627e-08,1.40199077390375e-08
7.350000000000001e-07,-189.35715963898826,0.11312384153096312,-98.98143791630598,-0.006425453944927963,-189.32080853114678,0.07831975467107413,-98.5964733429558,-0.0064730458498141845,-63.629666902926004,2.0625939318418107e-08,1.3881017994923683e-08
7.375e-07,-156.31711402342032,-0.5369161066749484,-99.44372090486864,-0.006286972699945981,-157.33196303198696,-0.488137089149381,-99.23801774620408,-0.006165015417834604,0.959566166127938,2.0683474312582874e-08,1.3736073369122842e-08
7.4e-07,-116.95626169548034,-0.8822943920598637,-99.63783432793426,-0.005675788269116498,-117.14611232541522,-0.9174634315987391,-99.87473158032768,-0.005785695273453885,65.50542902969127,2.0743721473136237e-08,1.3598478909070741e-08
7.425e-07,-73.23078840094698,-1.2064389403714513,-100.73953201365403,-0.00547962662869615,-71.93038545473479,-1.1905599897868901,-100.50401271504465,-0.005361132872221291,127.09059567665865,2.080677774694404e-08,1.3474328980940317e-08
7.450000000000001e-07,-25.512736080174108,-1.3664437788959485,-100.57023887479994,-0.005155357589754006,-25.03190696221245,-1.2999812705036058,-101.12320801321326,-0.004917824432840113,182.93155682252117,2.0871785942096955e-08,1.3362897417952965e-08
7.475e-07,20.0546398071643,-1.2047631559706977,-101.83062640660032,-0.004658038402814925,20.406479437245043,-1.249396608513658,-101.72963838042703,-0.004479771963886035,230.50442819012702,2.0937847491464265e-08,1.3258842334694963e-08
7.5e-07,61.13785311125767,-1.062691184088486,-102.03588504966038,-0.003949314369321037,61.77114439442012,-1.0518844194391874,-102.32062415455749,-0.004066163419640214,267.6590243313879,2.1004082680765687e-08,1.3155267282642687e-08
7.525e-07,98.27486726492113,-0.6950569207173414,-102.89005588377753,-0.0036775271993804816,97.19588723197444,-0.7274120175224205,-102.89351059097154,-0.003690001386303562,292.7160421128992,2.1069681567855924e-08,1.3046676567750334e-08
7.55e-07,125.64782957448352,-0.3260958152771465,-103.58549383823264,-0.0033560029271071266,125.64567837051398,-0.2999597218578971,-103.4456931982992,-0.003357832993904692,304.5429613932955,2.113394119792905e-08,1.2931080131669153e-08
7.575000000000001e-07,147.1723543036572,0.20361500341903085,-103.67229102698069,-0.0031306674482596674,146.8622531564275,0.20522802066780726,-103.97464268103676,-0.003070537922924569,302.60523235455156,2.119628721005016e-08,1.2810905946085641e-08
7.6e-07,161.7249013339215,0.7942677245830712,-104.28222102935422,-0.0028053923061851175,161.19210313336973,0.7638426334331523,-104.47792924892771,-0.0028249473775693677,286.99043593642745,2.1258503144110264e-08,1.2692785432683758e-08
7.625e-07,170.07909774162502,1.277258551988239,-104.37803275432137,-0.002499205050139315,169.33747190762568,1.353873798871182,-104.95324605894082,-0.0026159273795598632,258.40432537743914,2.132410367390952e-08,1.258654756910174e-08
7.65e-07,171.48232726820444,1.9113208839948703,-105.1987434888833,-0.0024808882981985645,172.08331972537673,1.956025525886305,-105.3984315636992,-0.0024384892213392953,218.13892777568913,2.1393228091355393e-08,1.2503833771941126e-08
7.675000000000001e-07,171.6711949132949,2.519399476328776,-105.82648832452476,-0.002323138286911474,170.05572846275146,2.55327054082536,-105.81149055034159,-0.002289500436817503,168.01414740636295,2.1465909012897657e-08,1.245665948991447e-08
7.7e-07,163.7425906475423,3.1653559084853122,-106.20147538651845,-0.001985242222255609,163.5595095136157,3.129798686673834,-106.19061366591941,-0.0021686586213818695,110.29551019297351,2.154208498489301e-08,1.2456083569451741e-08
7.725e-07,151.55120814404918,3.6143866093916306,-106.78980366559995,-0.0019560246839520463,152.52632348456183,3.6697323954698295,-106.53419523944392,-0.0020785411564987616,47.59176709488184,2.1621607392425296e-08,1.251099425972525e-08
7.75e-07,135.28015694252028,4.149330238149055,-107.47489890657393,-0.0019053257623699066,136.58246749963465,4.156024628805653,-106.84084922646753,-0.002023728561727063,-17.26301549514365,2.1704240417765772e-08,1.2626946444731182e-08
7.775e-07,115.2305138374622,4.57735434655898,-107.62428738736534,-0.0018988192435191468,115.22170154831129,4.569914362943148,-107.10942311947201,-0.002009183914758689,-81.33754909786659,2.178965504582531e-08,1.280501322400693e-08
7.8e-07,88.96889363956261,4.924654575680065,-107.83026773644463,-0.0022075433215915973,88.0474292929909,4.891199283463292,-107.33900968618252,-0.002038221660017545,-141.7358107114026,2.1877420143247098e-08,1.3040731030503484e-08
7.825e-07,55.044497124930984,5.1113005773858236,-107.4740729930117,-0.002100948559799246,55.03408788192118,5.099416191040894,-107.52895641806248,-0.002110488385464547,-195.72793645581532,2.1966995038941174e-08,1.3323371883905134e-08
7.85e-07,17.095162405202128,5.282120824430972,-106.91389033801322,-0.002225302131736712,16.752413726044725,5.175827986055045,-107.6788725924867,-0.0022203891099289237,-240.8736052037548,2.2057728516804144e-08,1.3635896089013368e-08
7.875e-07,-25.48456569085089,5.101878513129163,-107.91128440426087,-0.002195441511758145,-25.491656557786868,5.1059375775096685,-107.78863387424492,-0.0023563227346571625,-275.132335538062,2.2148868575877028e-08,1.395594504638652e-08
7.900000000000001e-07,-68.19169322949415,4.92508857066127,-107.77933126256686,-0.002535106270317161,-69.64016729961689,4.882117114094964,-107.85838440489619,-0.002500951622344302,-296.9557108650532,2.223958579191556e-08,1.4258072291450666e-08
7.925e-07,-111.49446381261532,4.460995880966808,-108.01900634937572,-0.0026911669643888267,-113.00272420358974,4.5058808542619655,-107.88853635186732,-0.002632547294754154,-305.3573643183319,2.2329010881009276e-08,1.4517085317785119e-08
7.95e-07,-152.8355762157319,4.0464991215144,-107.5709949811259,-0.0027058702395614067,-152.5023207519606,3.989354301098861,-107.8797669128546,-0.002727259606127019,-299.9575602948985,2.2416284510770692e-08,1.4711964191418817e-08
7.975e-07,-185.04259305067953,3.408407034427333,-107.39685077118463,-0.002595615758219359,-185.01409450953403,3.3555983617521457,-107.833012794831,-0.002761985346941413,-281.0003576396367,2.250061498520016e-08,1.4829484520224914e-08
8e-07,-206.88048896274216,2.674464284097026,-108.71759175511993,-0.0026652678071328807,-207.746009435212,2.63761797525755,-107.74946221056729,-0.0027173949856004994,-249.34257874131737,2.2581337588478797e-08,1.4866564097373844e-08
8.025e-07,-219.24278697134955,1.880074939564298,-107.98487334718328,-0.0028194649989318806,-218.60145778328942,1.876090913208289,-107.63054445882777,-0.0025806345793720742,-206.4150831118657,2.26579684592706e-08,1.4830573847014068e-08
8.05e-07,-216.62084491441482,1.1373997575625938,-106.95146319266439,-0.002269857650472988,-216.46513530250434,1.116058731695463,-107.47791717709087,-0.002347261837665411,-154.1580957949315,2.2730246071801257e-08,1.4737379372772556e-08
8.075e-07,-201.55628098609924,0.42513331162841544,-107.14736701024924,-0.002031624194553488,-201.36510769326938,0.40299228594302516,-107.29345137756064,-0.0020220941321957182,-94.93351361237457,2.2798154721326478e-08,1.4607548826602804e-08
8.1e-07,-174.07751908068167,-0.23975172483737242,-106.58191845557336,-0.0018117612554207783,-174.4837847727291,-0.2212509719324708,-107.07921439818283,-0.001618821502804902,-31.418152806675987,2.286192665376085e-08,1.4461734712212012e-08
8.125000000000001e-07,-137.63550647727385,-0.7522981721452109,-107.57337438408787,-0.0010324504529231771,-138.01511798677032,-0.7220399252062336,-106.83745092016174,-0.0011584389508573808,33.51723695731367,2.292441840914708e-08,1.431649032131779e-08
8.15e-07,-94.80325142136167,-1.179526298634153,-105.94363962333577,-0.0007058775281035463,-94.89044858852085,-1.074682020506679,-106.57056222191451,-0.0006667444592995622,96.9377239396488,2.298930281527843e-08,1.4181613853823819e-08
8.175e-07,-48.76284724519957,-1.3322440417104784,-106.68152933988165,-0.00027080585357182546,-48.416676681715174,-1.265907184418702,-106.2810838563247,-0.00017129874316372773,155.9768465562387,2.3055750998911098e-08,1.4059590487316193e-08
8.2e-07,-2.457920237482413,-1.343786186260907,-105.73835490159495,0.0003793127390410465,-1.8840993236250938,-1.2939906031325494,-105.97166195341705,0.0003016762265409472,207.96617091463673,2.3122865851374763e-08,1.3947029267822292e-08
8.225000000000001e-07,42.06466416746711,-1.1437005112691079,-105.24391074728581,0.000758153363427337,41.794975773603056,-1.1675940781436405,-105.64502836402117,0.0007299841597981732,250.55589794915997,2.3189744754261967e-08,1.3837419661910543e-08
8.25e-07,79.28053744726564,-0.9643135333225553,-105.28128959925655,0.0009921245450913796,80.36249233357071,-0.9035993662833981,-105.30397487150707,0.0010973338866266283,281.8210689874489,2.325553590915672e-08,1.3724252657110942e-08
8.275e-07,111.15507176191161,-0.5181392201829049,-104.7883308253194,0.0015221571772094894,112.3674442179133,-0.524348739698071,-104.95132670814527,0.0013941674756638757,300.3485694987655,2.3319482822332897e-08,1.3603619659473646e-08
8.3e-07,136.5769382190624,-0.057354992357615465,-104.79379906133016,0.0016959857957267765,137.17923496389506,-0.05477434292264761,-104.58991561998614,0.001617381791301883,305.3009986526844,2.3380953752675715e-08,1.3475734608921167e-08
8.325e-07,153.52551154326147,0.45344855638074144,-104.40156284273982,0.0016725969451243643,154.87032903128565,0.4801212879130007,-104.22255272928939,0.001769082529737855,296.4545179296179,2.3439455544069983e-08,1.3345251603774255e-08
8.35e-07,165.49673558621612,0.9754392218858846,-103.82675754839951,0.001837439713199144,165.99956910851344,1.0570707435787543,-103.85200144642177,0.0018546751797780987,274.2089681121517,2.3499833429215148e-08,1.322060198141257e-08
8.375e-07,172.16678338708527,1.6872956530668093,-103.20338512452881,0.0019347908783510792,171.34409921210315,1.655430955309048,-103.48095068374425,0.0018807046476128884,239.56979739223652,2.3562902453301632e-08,1.3112748874029904e-08
8.4e-07,172.55817229321192,2.261403371022198,-102.83742596333707,0.0018611281248952928,171.63541337690302,2.257144945332595,-103.11198862231947,0.0018528857903829968,194.1026174026109,2.3628773837891652e-08,1.3033743894243801e-08
8.425e-07,166.43621161790705,2.788490115707641,-102.95879873404901,0.0016980921566374693,167.35236216839652,2.8459514556312353,-102.74757727830026,0.0017747160105740967,139.86244113637426,2.3697463207469926e-08,1.2995333017856116e-08
8.450000000000001e-07,158.5029409164658,3.4574961757092746,-102.02705595901486,0.0015774420188167837,158.61156259099593,3.4061653376472805,-102.39002810963584,0.00164693826104059,79.30080103957599,2.376890034968033e-08,1.3007689869932418e-08
8.475e-07,145.37235187708973,3.9394736410325484,-102.0684458750332,0.001440685808289571,145.17588499465344,3.9214332043028794,-102.04147889531133,0.0014679510930440279,15.154945327546354,2.3842932333772587e-08,1.3078235748204061e-08
8.5e-07,126.22955109885474,4.409528664284887,-101.54512613329838,0.0011260835054495142,126.57817422349419,4.3738697312051515,-101.70387210878336,0.0012350733217863904,-49.67587940092387,2.391931986498245e-08,1.3210482506194103e-08
8.525e-07,102.32096597616369,4.68434150040146,-102.07273148921523,0.0008500216390839325,102.33441394907898,4.743900147834044,-101.37893499468714,0.0009463991661466662,-112.26146750737715,2.399772894811202e-08,1.3402911061299901e-08
8.55e-07,72.87927511509767,4.942347524629806,-101.47141827223459,0.0005352688370903251,72.20237108442902,5.010988687774177,-101.06816154336903,0.0006028568855257698,-169.77309293559634,2.40777216932695e-08,1.3648041530672672e-08
8.575e-07,36.825689668164635,5.176585929190811,-100.5911695857127,0.00014339843564858916,36.43170832433656,5.155248009306909,-100.77279654147611,0.00021003271777796358,-219.61136118747137,2.415875106427454e-08,1.3931998051949467e-08
8.6e-07,-4.074237592710224,5.111628356403586,-100.58849226057967,-0.00023075194945799282,-4.048489833491146,5.159735071975535,-100.49382185884986,-0.0002206478617814617,-259.52369603473466,2.4240164335782015e-08,1.4234943354467694e-08
8.625e-07,-47.78116418102269,4.95318365121938,-99.95502713437632,-0.0006334154520131583,-47.54879027355655,5.013079987192223,-100.23194511248151,-0.0006716827655843273,-287.7061508346698,2.4321218964490698e-08,1.4532684218932613e-08
8.65e-07,-91.7127181995123,4.7003937439320955,-99.99830562578825,-0.000917500499607616,-91.67071295101739,4.71199600579817,-99.9875908274654,-0.0011203363996042282,-302.8849428102386,2.440111265997825e-08,1.4799499898479076e-08
8.675000000000001e-07,-133.7956265318894,4.220658038395693,-99.6622378200233,-0.0017071508435280269,-133.4924212255767,4.263200398843973,-99.76089419291523,-0.001540506645064002,-304.37402513081395,2.447902699131256e-08,1.5011864090888682e-08
8.7e-07,-169.8627662273908,3.68806899419984,-99.0136125705909,-0.001886901604305744,-169.86659360682808,3.6843426121093565,-99.55169748788074,-0.001905371859148048,-292.1060946665951,2.4554181320385862e-08,1.5152337551469906e-08
8.725e-07,-197.36054738249257,2.983402017862106,-99.9222433893176,-0.0020244864112858446,-197.787375323954,3.0036775692078437,-99.35954922862226,-0.00219042639962121,-266.6356339367985,2.4625891672490966e-08,1.5212667278112748e-08
8.75e-07,-214.09056487817284,2.224499483322512,-99.20405530210596,-0.0023556778002963782,-214.76965969091208,2.2584146957057367,-99.18370606437607,-0.0023764319173334644,-229.1138497625215,2.469362774384715e-08,1.519517959055162e-08
8.775000000000001e-07,-219.15411520162934,1.5225791598931553,-99.36692883448067,-0.0024251481320112247,-219.1800451222112,1.4918841216646415,-99.02313742419251,-0.0024518118373261,-181.2366413400624,2.4757060880630543e-08,1.5111940510598578e-08
8.8e-07,-211.1539662270476,0.7180312217587035,-98.79163352162688,-0.002444134430714038,-210.46542856199713,0.7498540644498487,-98.87653289276413,-0.002414098705027444,-125.16794945932187,2.4816096641397498e-08,1.4981781732850296e-08
8.825e-07,-189.65036374687548,0.09796342610946798,-97.84658440260046,-0.002333956752840115,-189.24123905258386,0.07647403403933081,-98.7423122686087,-0.002270194486129226,-63.44195130805695,2.4870887373487414e-08,1.4825942509339243e-08
8.85e-07,-157.52023053108348,-0.5292869321265907,-98.1979323507671,-0.0021401000368183065,-157.22402042954562,-0.4896173987795591,-98.61863823374567,-0.002035396443910184,1.1514785659449058,2.4921822811346727e-08,1.4663511923596429e-08
8.875e-07,-115.7541515665133,-0.8954123685133638,-98.07114204656374,-0.0016161906823348871,-117.01848890990253,-0.9185053065589484,-98.50343154032277,-0.0017313423456918242,65.69286423102876,2.4974802127784936e-08,1.450790064895178e-08
8.900000000000001e-07,-70.96413785585531,-1.2296651210798855,-98.59884427844901,-0.0014018598670725235,-71.79288516136488,-1.1911242713600736,-98.39438859672441,-0.0013832034021843184,127.26508203526642,2.5029915051664324e-08,1.4365207081416684e-08
8.925e-07,-24.8227313963009,-1.3117201159527512,-98.14706839372762,-0.001105117466065242,-24.894280870929403,-1.3000630170404208,-98.28900131372909,-0.0010165711303065028,183.0852079523403,2.508631762865635e-08,1.4234713272465663e-08
8.95e-07,19.613390243688713,-1.2974163401512702,-98.17660739750717,-0.000802758453078336,20.535605949410947,-1.249021643260468,-98.18457905047781,-0.0006545249488095341,230.63029941000346,2.514312482560094e-08,1.4111093496172005e-08
8.975e-07,61.21659276556408,-1.0750038526286148,-98.01089574738522,-0.00029252648533961733,61.885091388228936,-1.0511028871004542,-98.07827248055735,-0.00031532414067509925,267.75142654882984,2.519947059683278e-08,1.3987476294892252e-08
9.000000000000001e-07,97.82539384083744,-0.7320778596024318,-98.30909365610104,6.267223050718781e-05,97.29037293643087,-0.7262901839121501,-97.96709918056308,-1.1049045593830315e-05,292.77079895810704,2.5254558624391828e-08,1.385839803908937e-08
9.025e-07,126.94776304790514,-0.33093394316822644,-98.34108400444225,0.00015521504879608796,125.71885748905964,-0.298571447954267,-97.84797072725472,0.00025265646959450453,304.5575979815616,2.530769934501775e-08,1.3721904406619427e-08
9.05e-07,146.3735878255485,0.21422279476363237,-97.69123383921448,0.00041178343671285,146.91436676283456,0.20680875627710654,-97.71772107499575,0.0004757850499086699,302.5790871454187,2.535833136861037e-08,1.3580459013923346e-08
9.075e-07,161.59366150107064,0.7247911719211138,-97.22521016618636,0.0006980789914004794,161.22483346981636,0.7655470858712822,-97.57313597271157,0.0006623360915878152,286.9246906338084,2.5408267725408056e-08,1.3440725763728499e-08
9.1e-07,168.5454386005042,1.3927373420247018,-96.85887388842471,0.0008376218277700525,169.35314462756446,1.3556410813258697,-97.41098316922051,0.0008182232106979162,258.30195151929047,2.546101889170181e-08,1.3312561085815812e-08
9.125e-07,172.2183675234979,2.0187683418172546,-97.53503852269358,0.0008264859543834689,172.08411864470634,1.95780247467441,-97.22804314758999,0.0009491562498828497,218.00455242726002,2.551673420333579e-08,1.3207628115811612e-08
9.15e-07,170.84584506945995,2.5493407175806695,-97.70400791227921,0.0010272435188284767,170.04307988347904,2.555009343291156,-97.02114012321677,0.0010589243642392908,167.85384402739527,2.5575455383305148e-08,1.3137958328877388e-08
9.175e-07,164.11235882452834,3.2080381862110734,-97.16898795792477,0.0011193848726384502,163.5337563550688,3.1314532326532345,-96.78717303668972,0.00114841753505203,110.11652413113465,2.563712902412816e-08,1.3114621183777402e-08
9.2e-07,152.32503150557648,3.64453228002425,-96.75440443266852,0.001169856312230731,152.48675067598884,3.671254555672965,-96.52314627119806,0.0012155729862933023,47.402188112561845,2.570161337739832e-08,1.314651028944193e-08
9.225000000000001e-07,136.5079161535181,4.2336497205904715,-96.52759409846408,0.0014044399291110008,136.52767017717963,4.157361666082948,-96.22619982531688,0.0012562482553131293,-17.45461885967656,2.5768678204511123e-08,1.3239180614114247e-08
9.25e-07,115.27881931730587,4.545365263379956,-95.8938988684103,0.0011941269418699009,115.15021937727168,4.571008445007469,-95.8936386754322,0.001265837998853804,-81.5225168088655,2.583799869364304e-08,1.3393700090168907e-08
9.275e-07,87.39612531812296,4.908241182091909,-96.30192179529585,0.001189136972685897,87.95851621145152,4.891989632255856,-95.52296106782758,0.0012413008770851865,-141.90578264956173,2.590914647595977e-08,1.360559523461892e-08
9.3e-07,55.59849765388467,5.149318089733364,-94.98393466941175,0.0012932758409757458,54.928456682999965,5.099843854626746,-95.11188548851044,0.0011831738083814866,-195.87523027660708,2.5981582172715818e-08,1.3864124828336984e-08
9.325000000000001e-07,17.28010783987109,5.272118929218976,-95.31808504805674,0.00105207968437859,16.632794760120312,5.175842655428425,-94.65837606912758,0.001097140163225216,-240.99156356191168,2.605465438474661e-08,1.4152235185977443e-08
9.35e-07,-24.292988193947,5.081062872971079,-94.1561605562984,0.0009344492505213675,-25.620273438524023,5.105505397987529,-94.16066619973464,0.0009947885779808146,-275.21562698442193,2.612760947717936e-08,1.4447556470335696e-08
9.375e-07,-69.42630010419379,4.884070745341886,-93.56231351349743,0.000947969351900638,-69.77068379526672,4.881228148416731,-93.61728013362813,0.0008933379276567405,-297.00057081592036,2.619961498821332e-08,1.4724637427896242e-08
9.4e-07,-113.52257244726175,4.491763348007912,-92.92463133966577,0.0008452718987378681,-113.12648410440777,4.504554799577915,-93.02705238580558,0.0008142870497625657,-305.36176520608666,2.6269797255757368e-08,1.4958289960858803e-08
9.425e-07,-152.84946758882162,4.014901351597155,-92.47208569363885,0.0007389676376550633,-152.6099940165724,3.987643259834897,-92.38914474474706,0.0007811424232932991,-299.9213032094366,2.6337291300156117e-08,1.5127508360482615e-08
9.450000000000001e-07,-183.79226643253418,3.3060594683933138,-91.81482081787088,0.0007119232672316946,-185.096766831437,3.353585886694129,-91.7030607369535,0.0008165482873287613,-280.92508131865264,2.6401298582742476e-08,1.5219090035885488e-08
9.475e-07,-207.86861071164722,2.590222700753149,-90.8104335966012,0.0008479143709653623,-207.7963086712495,2.635414181768812,-90.968657404868,0.0009392607289515379,-249.23168550309285,2.6461146421224017e-08,1.522997720262439e-08
9.5e-07,-218.5050056246468,1.81519688866361,-89.83867572447252,0.0011120119855005258,-218.6145370038825,1.8738240781550521,-90.1861542812589,0.0011614486999642624,-206.27358507823124,2.651634193218029e-08,1.5167561309585807e-08
9.525e-07,-216.5010721116005,1.1616848561406046,-89.77818453584041,0.0013423675462498812,-216.43935187328952,1.11386437084285,-89.35613946666886,0.001486762721960232,-153.99238835477388,2.6566613578863432e-08,1.504771837448991e-08
9.55e-07,-200.9910102505495,0.3051656912085601,-88.1769445538015,0.0018012249022417732,-201.30228546904146,0.4010011195434493,-88.47957274092262,0.0019094930214554188,-94.75108636462319,2.6611934726769055e-08,1.48910128996244e-08
9.575e-07,-173.66566846780347,-0.27845489670569984,-87.85740481816586,0.0024798022574640147,-174.38901395731386,-0.22292456513567438,-87.55778566473386,0.002414963454210671,-31.227251047487595,2.6652525853694393e-08,1.4718079283789631e-08
9.600000000000001e-07,-137.06072002085904,-0.7280321329760064,-86.93996531394494,0.0029864018186208778,-137.8961227444314,-0.7233074359722427,-86.59247865293511,0.002981106306867022,33.70798490316443,2.669124911660079e-08,1.4545441561458994e-08
9.625e-07,-94.41533543061499,-1.0479614734414837,-85.70012478890332,0.0036135045701603647,-94.75662290387467,-1.07548710940013,-85.58571502655741,0.0035809709945318364,97.11969669939987,2.6731741668166738e-08,1.4382863425719059e-08
9.65e-07,-47.46925100163246,-1.3144852620419774,-84.47232078095571,0.004259087510638995,-48.277941979694305,-1.2662280585627517,-84.53991207667951,0.004185770277996506,156.14181937555597,2.6773160447122215e-08,1.423279691047437e-08
9.675e-07,-1.9599884683998958,-1.3065680366662982,-83.66620352240994,0.004706411856056795,-1.7497637866247544,-1.2938383923145664,-83.45782919843518,0.004767986816871997,208.10668739778293,2.681459425862658e-08,1.4091824646771639e-08
9.7e-07,42.27528166776804,-1.0359335758345054,-81.74724317866881,0.005353382922850563,41.9171808955095,-1.1670077500027338,-82.34255317857796,0.005304064406251525,250.66560707108897,2.6855126701814024e-08,1.3953419211103158e-08
9.725e-07,80.55784127203844,-0.9274248882899635,-81.25835028354415,0.0056597258137270345,80.46705880598354,-0.9026382293843593,-81.19748074434969,0.005776291284242033,281.8950121456933,2.6893892691554155e-08,1.3811064149927283e-08
9.75e-07,112.98098454179767,-0.6030852742125414,-80.22548350314032,0.006205302717626073,112.45133307213753,-0.5230838985769892,-80.0262985048607,0.0061736322056246025,300.38340463096347,2.693012312940793e-08,1.3660850589107242e-08
9.775e-07,136.3413954354573,-0.11089423301200797,-79.3647645838721,0.006444657928675292,137.24171226809273,-0.05328053955642934,-78.83296043856616,0.006491454641409752,305.29515129019063,2.696317453768685e-08,1.3502996058227591e-08
9.8e-07,155.16015393279937,0.5172217271221082,-77.23092414832904,0.006728494760653444,154.91245251293222,0.48177219359866746,-77.62166310151754,0.006730288727759331,296.40825235990087,2.699254308380349e-08,1.3342159038559607e-08
9.825000000000001e-07,166.23018833333515,1.0755589122709523,-76.41057177788707,0.006832539565413187,166.02344652633545,1.0588137979911272,-76.39681875069704,0.0068939258810811685,274.1243754336001,2.702308246588363e-08,1.3186773981422528e-08
9.85e-07,170.13394234172804,1.6797289052657538,-75.01739873401179,0.007020371436814258,171.35207601658266,1.6572093195954565,-75.1630265947321,0.00698726810667865,239.45070100127904,2.7055582884759418e-08,1.3047805032883137e-08
9.875e-07,171.81445345712314,2.272752915975173,-74.0640788968315,0.0069952552744515645,171.62935455076328,2.258908542055951,-73.92504240048304,0.007014370314866983,193.95440018490052,2.709014871801541e-08,1.2937302850887042e-08
9.9e-07,168.46271848472222,2.8507280503818855,-73.25261663900088,0.006929106608380614,167.33317012694758,2.847653815986424,-72.68774669825547,0.006977066651472174,139.69180217261635,2.712679076724694e-08,1.2867011081391363e-08
9.925e-07,159.81492159182258,3.356250622707785,-72.01827058095063,0.006801079613286684,158.5790240393226,3.407759759846978,-71.45611184058502,0.006874448877221784,79.11545282234043,2.716543622650011e-08,1.2847100240608101e-08
9.95e-07,143.90906761678795,3.859670045128069,-70.1314424433811,0.006771682694180723,145.1288737467105,3.9228694588679,-70.23516817956876,0.006703293014804422,14.963265174154705,2.7205931997079047e-08,1.288498811376894e-08
9.975e-07,126.85095578750563,4.5362535243970825,-69.36304640808812,0.006603951441291049,126.51516628584416,4.375092428299391,-69.02996963548847,0.0064593414120543416,-49.86522798405159,2.7248041231192842e-08,1.2984182877624332e-08
1e-06,103.21489402225093,4.695008396861444,-67.86088651931574,0.006017870341939843,102.25420861690166,4.744849538076898,-67.84555893491577,0.006139175720731585,-112.4399263954872,2.729143518184365e-08,1.314316205893948e-08
1.0025e-06,72.03793554734145,5.028249843377205,-66.52265577234957,0.005829569460798629,72.10486887574993,5.011604164686518,-66.68693279955824,0.005742293584557337,-169.93259619334705,2.733568419424547e-08,1.3354443794573645e-08
1.0050000000000001e-06,35.058901419190505,5.185158771362236,-65.75472564676733,0.005191833947931067,36.3185812378719,5.155474011748122,-65.55900736777845,0.005272950763255838,-219.74469963085934,2.738025263895991e-08,1.360415381089598e-08
1.0075e-06,-3.898748085447264,5.146513087361953,-63.85259433134398,0.0048520454511090496,-4.173385034529996,5.159528554385838,-64.46658412897659,0.0047413607695719635,-259.6248430697632,2.7424502549491468e-08,1.3872463211131297e-08
1.01e-06,-46.68307640972368,5.078593002159445,-63.77490201316427,0.004299896675120064,-47.67936181301279,5.012418233589711,-63.41431664689761,0.004163950947352899,-287.77053484569785,2.7467709663640016e-08,1.4135197728788723e-08
1.0125e-06,-91.02588032209475,4.721989605691707,-62.28679469986452,0.003428168456515693,-91.7989892383747,4.7108833853841805,-62.40667834143548,0.0035625385162811555,-302.90965378658893,2.7509093646094165e-08,1.4366669546823033e-08
1.015e-06,-133.35950195220815,4.306338041783937,-61.200612026331534,0.002885532636278542,-133.6092811718855,4.261672733849964,-61.44793158971508,0.0029624831971908675,-304.3579461926312,2.7547861819542207e-08,1.4543401052636768e-08
1.0175e-06,-170.05886166608343,3.7106185760472026,-61.172816682017796,0.0024213446936482887,-169.9627729092912,3.6824681444256187,-60.542098396215685,0.002390060077193369,-292.0499525452685,2.7583263186930322e-08,1.464801659941746e-08
1.02e-06,-197.63027445896842,3.0138468941311243,-60.00418160196279,0.0018430029257619832,-197.85459705533617,3.0015540199137054,-59.692932868553044,0.0018694437381841444,-266.5419661283618,2.761464734895341e-08,1.4672337874755762e-08
1.0225e-06,-215.82490477068603,2.274744616904741,-58.95403327417066,0.0012717898188163031,-214.80171084939124,2.256162524680372,-58.9038957203746,0.001419775636506544,-228.9868898386021,2.7641521512979544e-08,1.4618770856838553e-08
1.025e-06,-218.40881339924562,1.4522051905507107,-57.1736493922254,0.0009411521158112365,-219.1736249221947,1.4896367072712222,-58.178131005771746,0.0010527862786077846,-181.08212760009766,2.7663598427958496e-08,1.4499459338081657e-08
1.0275000000000001e-06,-210.06241733958547,0.71936664247717,-57.603262390703726,0.0006189797612704254,-210.42062868965678,0.7477460293151088,-57.51844527083093,0.0007713612998601006,-124.99286557248398,2.7680828860700594e-08,1.433330531177578e-08
1.03e-06,-187.34993730360168,0.13685375243097975,-57.45369398999945,0.0005015391930054674,-189.16157500195175,0.07462925375707964,-56.927289287585246,0.0005692900885151497,-63.25421066731237,2.7693414050533772e-08,1.4141608259177558e-08
1.0325e-06,-157.44688275778051,-0.5537509320846926,-56.623516508428835,0.0005220694896407637,-157.11600616086045,-0.49109650623852885,-56.40674251387292,0.00043224316418665355,1.343390511176372,2.7701796158567767e-08,1.3943508569273754e-08
1.035e-06,-117.66755234677522,-0.9476182369387122,-56.17310665442544,0.0003259214230967643,-116.89082168197844,-0.9195458129299103,-55.95850039964747,0.0003398236539481924,65.88027349786383,2.7711946169948257e-08,1.3752463680034866e-08
1.0375e-06,-71.53035238829442,-1.1602458346083173,-55.24165888356335,0.0003073435706130381,-71.65537046501515,-1.1916871203449142,-55.58386463631136,0.0002683639580168628,127.43951815163135,2.772399200226889e-08,1.3574620261402499e-08
1.04e-06,-24.478703576455302,-1.2570996066728282,-55.01492064682907,9.34621049511947e-05,-24.75666795486981,-1.3001433645447795,-55.28373642087473,0.00019402140533392935,183.23878680301888,2.773715127433471e-08,1.3409315847293268e-08
1.0425e-06,20.815866162228446,-1.1496009476735278,-55.3162192267819,0.0002799889923163158,20.664696399731305,-1.248645394948667,-55.05861278138304,9.568661147421164e-05,230.75607958069017,2.7750603718103002e-08,1.3251291042440944e-08
1.045e-06,62.048579865360374,-1.131481011150777,-54.42599055375385,2.2430949702595266e-06,61.99898604129867,-1.0503202478038016,-54.9085859843363,-4.2738071971927505e-05,267.8437230622489,2.7763551019418093e-08,1.3093752320129303e-08
1.0475e-06,97.23144745992717,-0.7588226526406031,-55.477469985275626,-0.0002363942789546478,97.3847973566942,-0.725167454181333,-54.83334601895814,-0.000231013450132851,292.82544022203757,2.7775267294536677e-08,1.2931323663993312e-08
1.0500000000000001e-06,125.51675831405865,-0.22035748297017657,-55.38008230711358,-0.00033056878129507464,125.79197322324349,-0.29718249927810786,-54.83218612739125,-0.00047234207530796836,304.5721143353109,2.7785135823326084e-08,1.2762144464741731e-08
1.0525e-06,148.14231602566653,0.24195661030380988,-53.82698666998969,-0.0007437737113747141,146.9664201984151,0.20838995413997854,-54.9040113244188,-0.0007642049674801859,302.5528224828543,2.7792670153016588e-08,1.2588774187513759e-08
1.055e-06,162.11814867810887,0.7566608158211955,-54.625369187138524,-0.0012432464646981766,161.2575099552032,0.7672518087838911,-55.04734982536134,-0.001100027086097892,286.85883205786405,2.7799777142986953e-08,1.2417971425792608e-08
1.0575e-06,169.97362407585462,1.333217379700969,-55.02392076644672,-0.0014356266795452362,169.36877050546164,1.3574084667472908,-55.26036727658895,-0.0014713030894266156,258.19947568761967,2.7810029597592572e-08,1.2259684033524583e-08
1.06e-06,173.30810605424458,1.9632600642767741,-55.93726104028938,-0.0018834961467259883,172.08487628399297,1.9595793791035063,-55.540883659830655,-0.0018697450105521147,217.87009101408916,2.7823655439589805e-08,1.212566233368906e-08
1.0625e-06,171.24821566101468,2.507602734589086,-55.7557727955435,-0.0022145292793296525,170.03039270536195,2.556747964813412,-55.8863927193552,-0.0022890246848652407,167.6934743823883,2.7840775842720748e-08,1.2028020504303695e-08
1.065e-06,163.75507826103913,3.179922690136598,-56.54834131237356,-0.0028545016896991855,163.50796394293883,3.133107460357681,-56.29408374033221,-0.0027257733966851256,109.93749459703598,2.7861417362977485e-08,1.1977906191819888e-08
1.0675e-06,150.20259768079984,3.6828777783631272,-56.73795397006538,-0.0031419237622879485,152.44713522693056,3.672776249664018,-56.760865487436774,-0.003179652472451024,47.21259041660869,2.7885518362318374e-08,1.1984286511241615e-08
1.07e-06,136.24814362771943,4.093950282558333,-57.48418141772336,-0.0038906326767559774,136.47282562793515,4.1586980736929355,-57.283392095199446,-0.0036524935584026875,-17.6462153333937,2.791292848759031e-08,1.2052784887937589e-08
1.0725000000000001e-06,113.96204625291737,4.532149870914272,-58.06330346399572,-0.004139204367003873,115.0786863395813,4.572101720760737,-57.85809068587888,-0.004146692152189054,-81.70745233607,2.794340221854513e-08,1.2184532328187855e-08
1.075e-06,88.20086803766883,4.892814756223625,-59.06178983108706,-0.004660876477058214,87.8695518852989,4.892778995275153,-58.48119047687509,-0.004663188727756718,-142.07569856556907,2.797658952547288e-08,1.2375113172133885e-08
1.0775e-06,54.36858987493918,5.058377511045332,-59.06468524067337,-0.005190322158631963,54.822779119308386,5.100270367674223,-59.148753128032176,-0.005199460761478612,-196.02244676896333,2.8012028073318208e-08,1.261383981852776e-08
1.08e-06,17.296305837916965,5.151297723742895,-59.730902691437436,-0.005754352015832049,16.513140799528777,5.175856046383721,-59.8567040696872,-0.005747959531658997,-241.10942678041582,2.8049141886003736e-08,1.2883710176690125e-08
1.0825e-06,-26.326498833803424,5.10936549599702,-61.49538226916569,-0.006405046788218856,-25.748907300002198,5.10507187227617,-60.600864545097615,-0.006295355256311867,-275.2988097800109,2.808725082293904e-08,1.3162407086620764e-08
1.085e-06,-68.52727754457572,4.888453810434561,-61.75773403179841,-0.0068824205805956065,-69.90119366547302,4.880337848977074,-61.37698409597226,-0.006822815091910813,-297.0453135156658,2.8125593693128446e-08,1.3424536345325458e-08
1.0875e-06,-113.60808824108648,4.4501274919748015,-62.02440601012073,-0.00715842773610711,-113.25021034808415,4.5032275167651425,-62.18077321728296,-0.007307355329128054,-305.3660455418526,2.8163365595601367e-08,1.3644973615826055e-08
1.09e-06,-152.97253844280272,4.0119400712374755,-63.34366962588385,-0.007745716673345506,-152.71760615421897,3.9859311921883633,-63.00793590736482,-0.007724114451683052,-299.8849277197948,2.8199767518978125e-08,1.3802783864694218e-08
1.0925000000000001e-06,-185.4722627736227,3.3878464304543954,-64.19005291610445,-0.008165474012464391,-185.17935347587306,3.3515726744194523,-63.85420184151579,-0.008049222469608826,-280.8496940928938,2.8234063815489242e-08,1.3884839436809986e-08
1.095e-06,-208.60060151465495,2.6821709416800674,-65.07545200312823,-0.008388438549802606,-207.84650379613277,2.6332100076702614,-64.71535790185756,-0.008262824991888858,-249.12069387214342,2.8265641328220563e-08,1.388815638249797e-08
1.0975e-06,-218.19102693360801,1.8785924207717,-66.02067125493053,-0.008512956897884703,-218.627502316313,1.8715572574137982,-65.58727880307988,-0.00835177921970285,-206.13200561105214,2.8294063042615735e-08,1.3820191971190944e-08
1.1e-06,-216.18232196944004,1.0883410670485816,-65.98821675980697,-0.008407935971816658,-216.41345480241088,1.111670422907574,-66.46595656278366,-0.008311581398661031,-153.82662012086004,2.8319109344444117e-08,1.3696873435455679e-08
1.1025e-06,-201.70697573296667,0.35333306839703915,-67.48434475321467,-0.008073087418875377,-201.23936002656598,0.39901073277817833,-67.34752857639434,-0.008147204416074761,-94.56862171064348,2.8340801293663512e-08,1.3538797572706854e-08
1.105e-06,-173.8223761721225,-0.2958568659448935,-68.5709787549167,-0.007979351011473424,-174.29415924090915,-0.22459707564249387,-68.22830406991952,-0.007872699680860736,-31.036336960275033,2.8359402569950406e-08,1.3366611421925013e-08
1.1075e-06,-137.40804818904013,-0.7297822015800002,-69.26365387939393,-0.0075209549177509966,-137.77706939128953,-0.7245736484444057,-69.10478871906062,-0.007509618681420888,33.89871954163658,2.837783191522463e-08,1.3196834977746434e-08
1.11e-06,-95.39613158903839,-1.0183589880142676,-70.34822649674993,-0.0071361427458341824,-94.62276817887887,-1.0762907848364682,-69.97370724021687,-0.007084501585459794,97.30163111783276,2.8399737480994186e-08,1.3039216803100417e-08
1.1125e-06,-49.14665482901951,-1.1697166007739521,-70.83639770219266,-0.006616289255903936,-48.13920713025769,-1.2665475054869193,-70.83202377758603,-0.006625829464627203,156.30673055255576,2.8424304056417517e-08,1.2896189026863212e-08
1.1150000000000001e-06,-1.9819889972292029,-1.274520430693353,-71.78618136759509,-0.0060753404489944495,-1.6154536342118178,-1.2936848315917464,-71.67695993070618,-0.006160917311326558,208.24712172370158,2.8450643474833842e-08,1.2764314687368658e-08
1.1175e-06,41.28092946201755,-1.1331556593684093,-72.7763062800655,-0.0057093694006173454,42.0393408913217,-1.1664202211608845,-72.50601028820984,-0.005713223251746633,250.77521723420605,2.847785746301613e-08,1.2637049622080955e-08
1.12e-06,80.91746525471532,-0.8464544248275442,-72.84340364276328,-0.005320639794937142,80.57156753916519,-0.9016760884946093,-73.316955356092,-0.0053004661206821424,281.96884401625124,2.850509409357548e-08,1.2507863189942137e-08
1.1225e-06,111.81146986018847,-0.5035363703674308,-73.52023689922119,-0.00480307490600489,112.53515880845434,-0.5218182723605074,-74.10787179221695,-0.004933794128253415,300.41812117655036,2.853159240129026e-08,1.237283239906211e-08
1.125e-06,137.91127111441585,-0.06843993379237552,-75.14648731567291,-0.004357603211678803,137.30412726260505,-0.05178616999652589,-74.87713988290544,-0.004618058654026055,305.2891834020059,2.855671198455561e-08,1.2232157281394387e-08
1.1275e-06,155.46909747943403,0.46603105330635125,-75.96519377164547,-0.004295695393226021,154.95451875684736,0.4834234624076542,-75.62344822203251,-0.004353053017997385,296.36186977289896,2.8579947026596333e-08,1.2090472241233431e-08
1.13e-06,167.18357328132916,1.1556595749495624,-75.93938619067681,-0.004201271490068842,166.04727366750387,1.0605570360062933,-76.3457955779129,-0.004135410961620051,274.0396745350902,2.8606162096734597e-08,1.1956178923645173e-08
1.1325e-06,171.22107132945865,1.652321702226073,-77.68031825010375,-0.0038988913838125644,171.3600090593688,1.6589877110255165,-77.04348995813262,-0.003960752711934827,239.33151007898238,2.8636118513129317e-08,1.1840199055070148e-08
1.135e-06,171.89820172109685,2.250275851685648,-77.53550856650057,-0.003779526578837937,171.62325620261603,2.260672025389065,-77.7161449071837,-0.003825636500119933,193.80610639707132,2.866990322646713e-08,1.1754531373219617e-08
1.1375000000000001e-06,167.7237057247979,2.799025306429539,-78.71752554091913,-0.0037715824178166497,167.31393956183751,2.849355927421225,-78.36367309605563,-0.0037289249855461996,139.52110806075112,2.8707504993503663e-08,1.1710858712428474e-08
1.14e-06,158.6916021192413,3.3579094706642416,-78.68235546462424,-0.00372977736437206,158.5464448001122,3.4093537914738263,-78.986277286616,-0.003672299224278976,78.93007337157282,2.8748824494485554e-08,1.1719282533341228e-08
1.1425e-06,144.73422481018272,3.837894410057871,-79.86103744396237,-0.003737280918792148,145.08181758365097,3.9243051673412412,-79.58443877646845,-0.0036598247579556187,14.771579113498602,2.8793677814759774e-08,1.1787143784751352e-08
1.145e-06,126.52914223854262,4.317284406466929,-80.91746649448743,-0.003622873542939122,126.45210903118324,4.376314408433103,-80.1589034518045,-0.003696663473708474,-50.054556881181306,2.884179317821447e-08,1.191786639042783e-08
1.1475e-06,100.55340361918574,4.759195599042327,-80.2749719648512,-0.003962739796227823,102.17395168280036,4.7457980315055766,-80.7106655963789,-0.003787196418114389,-112.61834089409906,2.8892803014327277e-08,1.2109836820508919e-08
1.15e-06,73.45516386647407,4.9737360720621195,-81.66970186499205,-0.003870032734933493,72.00731711285212,5.012218570115144,-81.24094962395239,-0.00393294523055569,-170.0920323644072,2.8946235196495337e-08,1.235547667530248e-08
1.1525e-06,37.21555346986595,5.124596338915609,-81.79612471035728,-0.004054999572556044,36.20541263978597,5.155698793472701,-81.75118991919705,-0.00413073062890218,-219.87795132251395,2.900150825138359e-08,1.2640812058524278e-08
1.155e-06,-4.472612812420075,5.128295921001574,-83.16405578375094,-0.004590948004240945,-4.2983069896414925,5.159320715494957,-82.24300898799119,-0.004371475696762135,-259.7258876090108,2.9057935298410852e-08,1.294591484925117e-08
1.1575e-06,-48.41022238072855,5.064721488145695,-82.14650243651785,-0.004559096065616169,-47.809939082367364,5.0117551289282405,-82.71819413210777,-0.004639954549327274,-287.8348052494732,2.911474041211059e-08,1.3246516048155637e-08
1.1600000000000001e-06,-91.40394614107963,4.635251141464928,-83.8650574018842,-0.004851645588123162,-91.92724560041141,4.709769471971276,-83.17867287540004,-0.0049156220921508596,-302.9342451790056,2.9171089176124913e-08,1.3516841321773573e-08
1.1625e-06,-132.528781730985,4.27407902402231,-83.63935987748717,-0.005307645200464521,-133.7260935329774,4.260143929974135,-83.62648737860845,-0.005174467323677026,-304.34174709875094,2.922613274639816e-08,1.3733336893532082e-08
1.165e-06,-169.59943163387538,3.5935393649340805,-84.1054956372509,-0.005324745389398192,-170.05887819827163,3.68059278520745,-84.06376808776704,-0.005391645521770515,-291.9936951272447,2.9279062196881205e-08,1.3878560832586539e-08
1.1675e-06,-197.56571123368377,2.945712244516059,-84.05180790293177,-0.00546300514713117,-197.9217229215239,2.999429905158162,-84.49270686681464,-0.00554449733789799,-266.44819309337385,2.9329167744238046e-08,1.3944275011516626e-08
1.17e-06,-213.8273497581106,2.221585106082037,-85.33946639156558,-0.005694016873923896,-214.83365178549036,2.2539101680598264,-84.91552986836582,-0.0056154820062208205,-228.85983951428503,2.937589604293752e-08,1.3932826372338758e-08
1.1725e-06,-218.2592881303172,1.3971515748255543,-85.73890616824204,-0.005423350320996876,-219.16708965125028,1.4873895085310624,-85.33447039764869,-0.0055945525393194025,-180.92754237177675,2.9418898383820236e-08,1.3856294053702765e-08
1.175e-06,-211.40721810210633,0.8186617602064943,-85.45157111991746,-0.005609959899289187,-210.37571918164934,0.7456385967644852,-85.75174202336402,-0.005480583480765526,-124.81773234044623,2.9458063413432492e-08,1.3733504678776762e-08
1.1775e-06,-187.14329869035126,0.10641561534020996,-86.64814549385318,-0.005330713845657372,-189.08181643653748,0.0727854144361666,-86.16951218568053,-0.005281612513599863,-63.06644505481144,2.9493529815837172e-08,1.3585669550742464e-08
1.18e-06,-157.42382998987975,-0.4554500406896703,-86.73545978449916,-0.004818987251475172,-157.0079203024084,-0.4925744111429401,-86.58987654579205,-0.005013849890417865,1.5353019260585392,2.9525676979581988e-08,1.3431829738766112e-08
1.1825000000000001e-06,-116.90531060374308,-0.9370046141101018,-87.19228555172921,-0.004544132026483226,-116.76311072782619,-0.920584950573946,-87.01483431347758,-0.004699610698137227,66.06765675621449,2.9560429120615575e-08,1.328533713087421e-08
1.185e-06,-71.28436805505639,-1.1792214183467367,-87.83011216322652,-0.004465336421588725,-71.51784145131049,-1.1922485368340434,-87.4462647790066,-0.0043644993399437285,127.61390395689276,2.9597830815294047e-08,1.3152233198739075e-08
1.1875e-06,-24.394829516436744,-1.3786216693650084,-87.93502951716415,-0.004031614825329502,-24.6190682896527,-1.3002223132956225,-87.88590526360966,-0.004034292965277245,183.39229331392636,2.9637037151113584e-08,1.3031756860629234e-08
1.19e-06,19.320165673329306,-1.3762199435179672,-87.86055562449322,-0.003809584230788957,20.793750729805158,-1.2482678639792777,-88.33533068870243,-0.0037320106761729354,230.88176865253112,2.9677166374289283e-08,1.2918560858799247e-08
1.1925e-06,63.09294843629375,-1.0429794953792493,-88.55833781583439,-0.003399609281558344,62.112828316410514,-1.049536501998968,-88.79593494824621,-0.0034756116460887125,267.93591383520794,2.9717359930166047e-08,1.2805775839453228e-08
1.195e-06,98.79129956477918,-0.7268647876866456,-89.15786820029982,-0.0032949955429519835,97.47916047703936,-0.724043828757952,-89.26891425118471,-0.003276646091470615,292.8799658831242,2.9756833106518787e-08,1.2687960606099119e-08
1.1975e-06,125.856128809033,-0.3142197943105921,-89.74300728687572,-0.0032400857455285644,125.86502557569372,-0.29579287617924727,-89.75525258198664,-0.003140009957156742,304.58651044881304,2.979491190636267e-08,1.2563196961504716e-08
1.2e-06,148.12734907712846,0.2916517769535668,-90.35913151687004,-0.0030025425993656196,147.0184134784295,0.20997161401948217,-90.25570940711359,-0.0030879313249241496,302.526438377227,2.983105427110551e-08,1.2433990934488011e-08
