time,v_coil,i_coil,v_bias,i_bias,v_coil_clean,i_coil_clean,v_bias_clean,i_bias_clean,v_coil_src,density_state,heating_state
0.0,-69.92197103001489,-0.027131273197030185,59.06364674763772,0.1147631582933216,-69.17570779149936,-0.027046776749672194,59.424967803729224,0.11447487616892955,0.0,0.0,0.0
2.5e-09,-19.395862132310594,-0.09623071029527952,68.07026506326851,0.11370928003737246,-19.129996539887717,-0.09379629941031925,68.58323990196588,0.11236775257853487,63.31228316847253,1.4530523245466283e-11,2.261889409351483e-11
5e-09,29.799219368586968,-0.12259393680738478,78.16462446836056,0.10744986046745272,31.544731341177076,-0.09785336853877968,77.45226277628811,0.1078662383099248,123.76299531882393,3.126882551968043e-11,4.881528824988578e-11
7.500000000000001e-09,79.10395211763571,-0.06028064663399167,86.2106505676717,0.1042699819304706,79.30051537083719,-0.039820308852040284,85.99903973052068,0.10294746038607912,178.61990192629503,4.997458251084259e-11,7.767275391119141e-11
1e-08,120.23591943173757,0.09298950486403226,92.67105345920048,0.0979399952980047,120.98823017862516,0.07542938605069947,94.19173704826494,0.09768606220563397,225.40359573788865,7.040370252115956e-11,1.0814754006658921e-10
1.25e-08,154.8286650213958,0.23202437177553364,102.01079170666999,0.09088026278835051,154.17699961722064,0.23937360262537952,101.99988670864211,0.09213965073747336,261.9995603338499,9.266338257650207e-11,1.4121914951509483e-10
1.5000000000000002e-08,176.8361298573667,0.4405016669255416,107.78580203426863,0.08717839249243252,177.36178595533295,0.4408189958699621,109.39457942037461,0.0863531353344159,286.75374145444965,1.169314433436819e-10,1.812288421543205e-10
1.75e-08,190.42383901983428,0.6841767998350038,116.35970790243066,0.07933958239404763,190.03230448790976,0.6670831855330649,116.34864647812333,0.08036260411077958,298.5473064857457,1.431688235249976e-10,2.3601976306780495e-10
2e-08,193.0485738803296,0.8444835406623616,122.98450743666184,0.07478798979564386,192.59998963508366,0.9052074432844833,122.83682903832081,0.07419837040175366,296.8472131458149,1.7130131630364503e-10,3.159053457789406e-10
2.25e-08,186.2653470246636,1.138327917523938,129.27863963705096,0.06817816190494555,186.20349075648028,1.1430307556887074,128.83593351677146,0.06788710951671527,281.7303017819988,2.0121982497663202e-10,4.318498142436387e-10
2.5e-08,172.2381016063453,1.3642488188528255,131.64693747406903,0.06257327261468953,172.43293209156468,1.3699894247440656,134.32497192609725,0.06145317871369823,253.87982236219207,2.3278310935482822e-10,5.934253335765341e-10
2.75e-08,152.55237353521179,1.5587883955993436,138.34468464450813,0.05510462460539385,153.02548849460447,1.5775613877111603,139.285286096711,0.054919309730423735,214.5545531322594,2.658223617191396e-10,8.070785256088149e-10
3.0000000000000004e-08,129.70687441817716,1.7714438414339861,143.64806955347566,0.050856898064682035,129.5876048717024,1.759341096850342,143.70065485929246,0.048306902052413954,165.53190670593875,3.001467740109709e-10,1.0750453525357607e-09
3.25e-08,102.8529030988652,1.9107953749069773,146.99374336558893,0.042505427147366624,103.39203246005921,1.9107970398553333,147.55738340857314,0.04163613767023669,109.02759506240281,3.3554923541178317e-10,1.3949998053412528e-09
3.5e-08,75.13496268471256,2.0397663883724944,150.56849058684878,0.03582325478737944,75.28215634150341,2.028817953711293,150.84437421637696,0.03492609512176829,47.59548441064248,3.718114287164953e-10,1.7603111662491947e-09
3.75e-08,46.33540739297927,2.1126490972671226,153.0541475126483,0.028490680702744017,45.694757076099904,2.11118596557956,153.55317901502693,0.028194974591794156,-15.987833747258666,4.087078450524581e-10,2.1606801869154173e-09
4e-08,15.186788550828593,2.15062999636092,156.34079308360114,0.02330096573372757,14.789295371683565,2.1561197844940727,155.67803152910415,0.021460470630037295,-78.84853822888543,4.4600855824694976e-10,2.5829356253440654e-09
4.2500000000000003e-08,-18.586972511359455,2.169482036390145,157.3618600017681,0.01566636750337092,-17.34876171913166,2.162008162367063,157.2158607927639,0.014740258513340316,-138.14546834438184,4.834809292494601e-10,3.011864448599859e-09
4.5e-08,-50.988954842196016,2.126797046803153,159.69842783987093,0.00932436472022936,-50.47739540199251,2.1274077056456946,158.16628505002276,0.008052506471954247,-191.19853788945554,5.208906838241511e-10,3.4310655029287914e-09
4.75e-08,-83.65927801208015,2.0474294850959245,158.4653526187246,0.0008805140772495843,-83.992590701251,2.0513185449714393,158.53158639522889,0.0014162974936776727,-235.6098689384509,5.580029707967207e-10,3.823902377873392e-09
5e-08,-116.88732612059235,1.9122891794254977,157.76420478226825,-0.004551908921794914,-116.79595666401613,1.933687788969314,158.31666646895866,-0.0051481549088443915,-269.37217046589944,5.945840317637131e-10,4.174647599538345e-09
5.25e-08,-147.29012447837746,1.783217918630269,155.45280536162403,-0.011894470510848765,-147.26993694445724,1.7760360937653341,157.52898367948018,-0.011619584043476633,-290.95946332966656,6.304039911626788e-10,4.469843414843735e-09
5.5e-08,-173.47476379582372,1.5650297788267893,157.07512954812015,-0.05852443530622726,-173.37503615948458,1.5820674579428846,156.17847257036655,-0.0577095661118499,-299.3960510530627,6.652410302580113e-10,4.69977082960394e-09
5.75e-08,-191.9006312767717,1.3878070510751206,145.61165861097157,-0.04987471572179383,-192.86035682977396,1.3581133965425836,147.2492538326644,-0.04778284667499323,-294.3006190836357,6.988868856998941e-10,4.859765572606137e-09
6.000000000000001e-08,-203.9846313042952,1.0966488380019603,146.94498990590603,0.00044342296951673725,-203.55677514039184,1.113282098590133,147.674869211606,0.0018909721058610978,-275.9034693425739,7.294420631297575e-10,4.948349351310671e-09
6.25e-08,-203.6754113160061,0.8512373132467712,148.18340048359985,-0.005669782346308628,-203.70528505902692,0.8592280126085852,147.54760813874074,-0.004293660113181728,-245.03611110233524,7.591736780940672e-10,4.976325001911935e-09
6.5e-08,-192.48735452320938,0.6028088919316857,146.92881117451586,-0.01165844454139547,-192.264503894734,0.6095198753668414,146.88436372961928,-0.010250416576247385,-203.09367866112797,7.879359292419351e-10,4.955272512187747e-09
6.75e-08,-169.76303306091387,0.3675125967504681,144.97091015038302,-0.018599158948379865,-169.1426857438799,0.37865455480437904,145.70413937090703,-0.015965452487690622,-151.97187444977283,8.156199081440232e-10,4.8993562409659684e-09
7e-08,-135.12071430774336,0.18851433579592183,144.1853963354256,-0.02235083975085729,-135.31069772738775,0.18082793095626593,144.02786516642016,-0.021428957374167657,-93.9812875989129,8.421557918647021e-10,4.82273560304107e-09
7.250000000000001e-08,-92.95340022102748,0.01440544170594263,140.77074831756966,-0.028009617713142358,-92.7713996834026,0.028620950636975485,141.87820261702453,-0.026635247643075424,-31.742960572214646,8.675121539194436e-10,4.73712306135982e-09
7.5e-08,-44.66581436233973,-0.07000854474501286,138.42802477646356,-0.030236520221899967,-44.38444096355143,-0.0682195801964049,139.2793392744365,-0.031582409032923114,31.930075984087374,8.916922314288446e-10,4.650177557222681e-09
7.75e-08,6.403300014416163,-0.11116815347080128,135.8292496826501,-0.03790968547400122,6.430470764042112,-0.1037340715306183,136.25677518200547,-0.03627153856473021,94.15994582028675,9.150393876635755e-10,4.565199709957149e-09
8e-08,55.61996152815139,-0.07076616579899243,133.15089830501833,-0.04069434506081438,56.06848012750228,-0.07630239918421397,132.8371029725747,-0.04070569738126895,152.1340005359004,9.37451135526151e-10,4.482188541659564e-09
8.25e-08,100.23815225316554,-0.012190244874186254,129.53534064673178,-0.042831222958466884,101.13634226603514,0.011280196976340012,129.0477835340518,-0.044888728848460034,203.23194488212636,9.586980980194165e-10,4.399873635707669e-09
8.500000000000001e-08,138.88659756232386,0.15017827382359153,125.66039379362041,-0.04858696651709558,138.811299964135,0.1522074745863336,124.91691917707617,-0.04882411346552069,245.14426813988868,9.78618321361452e-10,4.31802137997611e-09
8.75e-08,167.8856903057623,0.33387747204204327,121.33859146176552,-0.051631476454680685,167.1091247281822,0.3364788377930217,120.47302624599371,-0.0525140209484539,275.9766287448911,9.97615531557608e-10,4.239249246297325e-09
9e-08,185.46017989114998,0.5497592062187021,115.1292896756864,-0.05634626377292819,185.02410020756437,0.5520003762936503,115.74480910422623,-0.05595868271205537,294.335474212338,1.01572372256099e-09,4.169785283841539e-09
9.25e-08,193.56470193328417,0.7923845260387596,111.12823219195933,-0.060805504099750156,192.52562985609725,0.7858045162209631,110.76093739821071,-0.059156151769809186,299.39102653570836,1.0329558139954855e-09,4.118990744462378e-09
9.5e-08,190.50509088121964,1.0227137924232883,105.8912051414618,-0.06171088777600477,190.4203537211773,1.0252128539709404,105.54982846066267,-0.06210245193925035,290.91478626299767,1.0493018983059565e-09,4.0978677780062665e-09
9.75e-08,179.44942777104768,1.2847967531903548,99.58603874704559,-0.06473013579005044,180.11089991343053,1.2587865263403948,100.13943665443183,-0.06479205576219316,269.28986015158625,1.0647301149942043e-09,4.117053205427945e-09
1e-07,162.46766700831762,1.4831324857644954,93.09620724823655,-0.06688011653820825,163.29878049795235,1.4769537144807043,94.55705138324024,-0.06721858170371448,235.49364561525508,1.079189636216854e-09,4.184872125856404e-09
1.025e-07,141.4289485740762,1.6769069254945275,87.56874854946079,-0.07115408170382903,141.68663517866972,1.672266169439872,88.82910540584172,-0.06937557445376054,191.05365458691014,1.0926150021901693e-09,4.30590141142293e-09
1.05e-07,116.78192809806339,1.848994326934862,82.5708987318606,-0.07113394215096781,116.73275752134164,1.8393046422537156,82.98099498645145,-0.07125723204589568,137.97847345781906,1.104930944385248e-09,4.480255443579721e-09
1.075e-07,89.87418216478468,1.98799749993838,77.26181081674981,-0.07302560841685432,89.49912089665297,1.9743145715593455,77.0369132976382,-0.0728589698349696,78.6669795468805,1.116056890699141e-09,4.70356333705555e-09
1.1e-07,60.07249441911395,2.0651957135880155,71.01915786954812,-0.07447399727951955,60.6151565308656,2.0746973970922284,71.01969836331696,-0.07417775919337334,15.799917308773892,1.1259105428457476e-09,4.967444957945821e-09
1.1250000000000001e-07,31.55253092554698,2.1027600755476654,65.75784925269046,-0.07572998514213616,30.356815728428998,2.1385017503825936,64.95069669020978,-0.07521223904081296,-47.78126521052928,1.1344102105279885e-09,5.26024860033095e-09
1.15e-07,-1.3336440534416754,2.1777549521816693,59.207201630428,-0.0761179675964412,-1.1818745625986047,2.16404946212889,58.84964358743354,-0.07596265906190869,-109.20284335461496,1.141475920876755e-09,5.567871050306477e-09
1.175e-07,-33.38355647369664,2.144271096523379,54.14171930789645,-0.0767477267955396,-33.86541139911339,2.1497959054343854,52.73456101706357,-0.07643076153024848,-165.6887016667618,1.147029630222453e-09,5.874592392229643e-09
1.2000000000000002e-07,-66.71071849093447,2.1196517126813523,45.797410566962554,-0.07360270738524062,-67.29235991551752,2.094469508388001,46.62167365505182,-0.07661973187526579,-214.68580798653375,1.1509950891034525e-09,6.163965228761257e-09
1.225e-07,-101.02011441346154,1.958106322426302,40.560063042072265,-0.0760250047351779,-100.62120250683367,1.997471671784311,40.52534367320733,-0.07653433800910353,-253.9796046894105,1.1532980074763803e-09,6.419852499771769e-09
1.25e-07,-132.43331238791413,1.83842522914261,33.25668360887077,-0.07709575740112973,-132.4887366571238,1.859457805133087,34.45802458060495,-0.07618133309057053,-281.7941016482058,1.1538671165323028e-09,6.627682636273265e-09
1.275e-07,-161.19999442663757,1.700058053605714,26.94025439900618,-0.07341900122163085,-161.04609450013763,1.6829741964823854,28.43023428832669,-0.07557012289262369,-296.87214694234945,1.152636535133855e-09,6.775886382333761e-09
1.3e-07,-184.0485455416417,1.4569947486989006,22.836562210943498,-0.07521494494524009,-184.11533100369374,1.473002796689426,22.450547386412442,-0.07471361358032103,-298.53224726178604,1.1495495575413757e-09,6.857328659390888e-09
1.325e-07,-200.1664303911275,1.2218358369146853,17.315807125165488,-0.07350871780027385,-199.44645052771452,1.2372713445270227,16.52560644788148,-0.0736290810988895,-286.69936985262444,1.1445636394511645e-09,6.8704114534900075e-09
1.35e-07,-203.9779937997379,0.9873831896111341,10.955846915910318,-0.07323526702920977,-205.0349073720819,0.9862191322105944,10.660152003233922,-0.07233886192166857,-261.90833382674117,1.1376560359888775e-09,6.819471855172121e-09
1.375e-07,-199.21987466648486,0.7297591307396369,5.165346394041246,-0.07144831965062778,-199.44665513291963,0.7325636455706466,4.857070661469379,-0.07087067080924693,-225.27963755586745,1.1288293009364945e-09,6.71418833377759e-09
1.4e-07,-181.58903634813524,0.47454538289903386,-0.7705879875421975,-0.06967845607092579,-182.09414617081268,0.49048078888010294,-0.882539308122535,-0.06925740457125937,-178.46881469689876,1.1181157406200284e-09,6.567944675074911e-09
1.425e-07,-153.51611228170262,0.25518751752067054,-5.564869309687512,-0.06618475065231041,-153.4130579431564,0.2744795348934907,-6.5592857739302275,-0.06753637718156527,-123.59160784074982,1.1060097136245513e-09,6.39609431602113e-09
1.4500000000000001e-07,-115.66778341620063,0.11184676889259536,-13.181431389751221,-0.06601831694407567,-114.90491588477977,0.09810849026908114,-12.175384906668313,-0.06574802780502052,-63.12834176542916,1.0949374747816516e-09,6.215632470733402e-09
1.475e-07,-68.39745003881202,-0.04134910310334007,-16.959833828645912,-0.06308877833314526,-69.0325477822208,-0.027333182475197816,-17.734548834360766,-0.06393422643309873,0.18818159548439545,1.0849624495156282e-09,6.036353937397712e-09
1.5e-07,-19.082358357162928,-0.10324484454784272,-23.42986308901834,-0.062452912014930737,-18.979651361644493,-0.09390126214999339,-23.241860037161494,-0.06213635679066383,63.496199576828616,1.076299044523336e-09,5.8636626839994786e-09
1.525e-07,30.82220826777037,-0.07672230670141891,-28.70288278272288,-0.062379367668461416,31.69157828392941,-0.09777209978667453,-28.703633845399096,-0.06039337836481709,123.93433393722692,1.0692329220061663e-09,5.698971573481485e-09
1.55e-07,79.46741060054188,-0.032087005139375145,-33.90309817682618,-0.05878814717681297,79.43380964561464,-0.03956110483073744,-34.12727050514112,-0.05874006245025558,178.77091863938261,1.0635904248390821e-09,5.54132132778199e-09
1.575e-07,122.31490637349714,0.07732382438037945,-39.04591650078909,-0.05714201148257641,121.09961159543484,0.07584634572297458,-39.52109836264984,-0.05720556824288225,225.52746493413977,1.0592031926996733e-09,5.38964873684308e-09
1.6e-07,153.76336767873204,0.2580818739373789,-44.9815050567784,-0.05755940440151535,154.2605975726988,0.23991867996396288,-44.89420979158051,-0.055812481219034094,262.0906834076814,1.056264956149195e-09,5.244935178141417e-09
1.625e-07,177.84422349545085,0.4733743842726933,-48.90349641591537,-0.0542013216653422,177.41463427855655,0.4414563632054882,-50.25629154406085,-0.054576382570261595,286.8079998504391,1.0550454549236375e-09,5.11154125828933e-09
1.65e-07,190.26366700169825,0.672318248019941,-56.451859210664175,-0.055094030334396055,190.05433031354664,0.6677744452837061,-55.617451248388065,-0.05350595954113701,298.56224784795677,1.055607010257703e-09,4.997342422790824e-09
1.675e-07,191.67744427481804,0.9042440497135305,-61.290606380908045,-0.05227464896736409,192.59360275940378,0.905915077637924,-60.98804180166817,-0.05260360676937277,296.8221621587017,1.0579846490965233e-09,4.9126934014915975e-09
1.7000000000000001e-07,186.8397175446082,1.1261516325189553,-66.32939973569088,-0.053572237796323495,186.17286602689424,1.1437209438664313,-66.37848541510402,-0.05186641409568902,281.66639069313015,1.062185867934071e-09,4.868606154121713e-09
1.7250000000000002e-07,172.61892914312503,1.3426264793192964,-71.20165971388815,-0.05222059557432457,172.38312606676772,1.370633900040139,-71.79909906277399,-0.051287393788940094,253.7799398072402,1.0681928112081278e-09,4.874706087218193e-09
1.75e-07,152.77906217214485,1.5447023237800654,-77.01403455383576,-0.05077822518965714,152.96155446694542,1.5781381916677875,-77.25992306172479,-0.05085677647987095,214.4232135752459,1.0759662072159946e-09,4.937498891857438e-09
1.775e-07,129.80753529191568,1.7541807443075785,-82.43148291735021,-0.05096355118388015,129.51386358681776,1.7598342900426491,-82.77055447229924,-0.05056320511316767,165.3750463957407,1.0854502284553936e-09,5.0592863000726946e-09
1.8e-07,103.89433971225155,1.9014142899911637,-88.3474410014806,-0.05064916862058653,103.31162102746,1.911195611456388,-88.33998695319798,-0.05039468124224291,108.85230372782256,1.096577421806695e-09,5.2378154790227785e-09
1.825e-07,75.43627897907336,2.0268520352556267,-94.1166432914987,-0.049852708526329254,75.19692144835774,2.0291143028103713,-93.97645863638618,-0.05033916507708195,47.40968482081247,1.1092729841529528e-09,5.466536361158574e-09
1.85e-07,44.791583492090474,2.113659315697111,-99.92995709438183,-0.04807110996752527,45.60549107380914,2.1113743833125156,-99.68730950325879,-0.05038479282839458,-16.17574387399961,1.1234579109288144e-09,5.73523713481455e-09
1.875e-07,15.103956583129522,2.172997253655468,-107.19771520309637,-0.04999240068874629,14.69624744526671,2.1561953383140544,-105.47884964626036,-0.05051974203008425,-79.03006578273644,1.1390508673506768e-09,6.030839527278307e-09
1.9e-07,-16.92954163079191,2.149756143427639,-111.43347585322299,-0.050310681887168585,-17.44522017448352,2.1619662784403393,-111.3562396903456,-0.05073183636477398,-138.31240869330153,1.1559689614342135e-09,6.338227536442418e-09
1.925e-07,-50.247178517831905,2.1317278135524664,-118.65454083180866,-0.04902412242820008,-50.576102218630254,2.127244582743294,-117.32338452728436,-0.05100802556602471,-191.3433457098462,1.1741278707189606e-09,6.641099747860673e-09
1.95e-07,-84.16387780103045,2.0299831710359233,-121.89853301108687,-0.04971900718370783,-84.09107391325446,2.051032344119305,-123.38284138398942,-0.051333895490727394,-235.7259992466018,1.1934419384933655e-09,6.922921140621682e-09
1.9750000000000001e-07,-116.53412911151369,1.9410603227937613,-131.20880514712326,-0.05066951347354766,-116.89019064065397,1.933280363149949,-129.5357431050152,-0.05169335494361116,-269.4543744363458,1.2138248786131472e-09,7.168066454598816e-09
2e-07,-146.39084390797586,1.7775421217504905,-136.23850582657954,-0.0513208009075769,-147.35444826682658,1.7755148851686364,-135.78173738043068,-0.05206861072667445,-291.0040255301473,1.235191605623791e-09,7.363180081307246e-09
2.025e-07,-173.54044851462936,1.591875228575333,-142.73356677929078,-0.05482966481691014,-173.4433680527954,1.5814471229145826,-142.11894249480557,-0.052440486851689116,-299.4009573735976,1.2574614612112633e-09,7.498643700412917e-09
2.05e-07,-193.69787205865228,1.3654928328000644,-146.77427090618815,-0.05372747595666977,-192.90583236340734,1.357416734204478,-148.5439200124848,-0.052789077739594494,-294.2656477697098,1.2805627848529137e-09,7.569889931254355e-09
2.075e-07,-203.8285883079589,1.128465550267034,-153.7240931245418,-0.05061951122035166,-203.5734404446166,1.1125399567623975,-155.05166465015708,-0.05309466031852066,-275.8302010179365,1.3044384369451099e-09,7.5781970405121e-09
2.1e-07,-203.4917997215603,0.9232462661031426,-160.7505988156586,-0.052757255925738204,-203.6888752719289,0.8584780079102812,-161.63561142145443,-0.053338737843042695,-244.92785732840585,1.329051591795974e-09,7.530613963230112e-09
2.125e-07,-192.36767791833003,0.5665411716522409,-167.00259245470548,-0.05427644528550077,-192.2132636209634,0.6088039648998465,-168.28765997147676,-0.053505058374658195,-202.955332261962,1.3543909331233355e-09,7.438830980802779e-09
2.15e-07,-168.57533325119485,0.3932933718056714,-175.62882415715677,-0.053441518955764315,-169.05789474278458,0.3780156993292704,-174.99821585326842,-0.053580448652077915,-151.80968836755622,1.380474345292942e-09,7.317103144619112e-09
2.175e-07,-134.9361027949715,0.17379466057650153,-181.10145055598417,-0.05314646604941619,-135.19679828674177,0.18030625785562743,-181.75624833488908,-0.05355533010232187,-93.80259227521535,1.4073503131568552e-09,7.179659350804914e-09
2.2e-07,-92.22921980217049,0.028293210671843233,-189.01216985413728,-0.05374599903199115,-92.63568681473798,0.028249928874088007,-188.54936416633282,-0.05342383355159387,-31.555832628723525,1.4350965074299723e-09,7.0382609579659e-09
2.2250000000000001e-07,-44.769068553773245,-0.0795189547670028,-193.32530490794957,-0.0541822263254484,-44.23634890927819,-0.06841642071096536,-195.36389658161903,-0.053183494114510586,32.11717879047231,1.4638154005306386e-09,6.9005977890449706e-09
2.2500000000000002e-07,6.058051833385839,-0.07054674438118891,-200.7183341013983,-0.053314939546078695,6.580384864448198,-0.10374541187640235,-202.18500866431523,-0.05283457641038224,94.33856686880596,1.49394005876486e-09,6.769986871791831e-09
2.275e-07,56.53702829036199,-0.06728854475374535,-209.1148764959197,-0.05248535265433247,56.20970402786527,-0.07613007597982302,-208.99681006591686,-0.05237914064506736,152.2960665619337,1.5254441217674066e-09,6.6464323357275876e-09
2.3e-07,101.81492254509426,0.01250216642688255,-216.13888211409645,-0.05064954468960512,101.2595516298621,0.011621694494960436,-215.7824859371683,-0.05182000163867835,203.37013087037087,1.5581648072455771e-09,6.528659177438259e-09
2.325e-07,139.83505493915385,0.1424466810343869,-223.6610428824787,-0.05239752939685841,138.9093055618061,0.15269285716908962,-222.52443681375868,-0.051159748343175555,245.252328398367,1.5919967660223138e-09,6.416418951009519e-09
2.35e-07,167.88689845798856,0.30344280818761515,-229.4770236632421,-0.04983896750341471,167.17748702550284,0.3370749206363081,-229.20442809096167,-0.05039997816312745,276.04967919600585,1.6273860799890194e-09,6.312301561615619e-09
2.375e-07,184.5749128745174,0.5789804692940181,-235.0911714243996,-0.046825350167343925,185.0613317929873,0.5526695892287159,-235.8037476276808,-0.04954086091896379,294.3702131420566,1.6643979769640443e-09,6.2224912680147005e-09
2.4000000000000003e-07,192.26857279426133,0.795716029707992,-244.49620851695903,-0.04817653882405762,192.53297624091175,0.7865085016383501,-242.30336993990193,-0.04858108864686658,299.38588382351816,1.7030646800226688e-09,6.156286049348917e-09
2.425e-07,190.9557383373532,1.0182414602064112,-248.40155564983434,-0.04611434921463882,190.40121361834514,1.0259156502705675,-248.6841253774678,-0.04751820003908897,290.8699943477782,1.7433837384676878e-09,6.124603339226278e-09
2.45e-07,180.3815648275302,1.2432891724848592,-254.43272366243264,-0.04616591644837489,180.0700047586823,1.2594569338784278,-254.92687262700554,-0.04634920411044084,269.2074435259012,1.7853190781011594e-09,6.1379736664235395e-09
2.475e-07,164.21649165893132,1.4819088802369713,-263.127750255867,-0.04633348797798389,163.24128949771298,1.4775666047032858,-261.0126728482216,-0.045071377914563615,235.37732932289714,1.8288042521631845e-09,6.2045958505152e-09
2.5e-07,142.05098314910228,1.6902225514508888,-266.80404959949846,-0.04546110667687255,141.61731031972,1.672802696090792,-266.92296373098753,-0.04368308647465243,190.908695859408,1.8737471280493434e-09,6.328903213972483e-09
2.525e-07,117.54686390224859,1.8266183845639719,-272.6988088045674,-0.04254423904409183,116.65536161405886,1.8397515103706803,-272.63973175684424,-0.0421844740146694,137.81142409953964,1.9200351441346956e-09,6.510852395619358e-09
2.55e-07,88.97920205824428,1.9673144798391995,-276.9742006085107,-0.040196353322369996,89.41613498540042,1.9746626802229423,-278.1456809608216,-0.04057790360318044,78.48538980839828,1.9675403269372526e-09,6.745903374297973e-09
2.575e-07,59.95869616001229,2.086063696078918,-284.11479822966123,-0.03734779998625535,60.527849556505274,2.0749402672883366,-283.42439651770013,-0.03886807212650589,15.611994632732385,2.016123454566379e-09,7.025497691736005e-09
2.6e-07,29.10186781805581,2.1283606322206046,-288.3192041819775,-0.03757094180159473,30.2656307979738,2.13863416357813,-288.46050152078266,-0.037061789883240645,-47.967027147128874,2.065637046267481e-09,7.337797766901917e-09
2.6250000000000003e-07,-1.3850013308899551,2.177475665148854,-293.8379333497097,-0.0359659898285723,-1.2767140544406583,2.164066666790147,-293.23980538052837,-0.03516747761096491,-109.37804853527457,2.1159271912110737e-09,7.668508298279479e-09
2.65e-07,-33.31270037753013,2.1345639081729444,-297.1168083371038,-0.031937062404375986,-33.96321511472216,2.1496936113453886,-297.7494423444862,-0.033194486827673675,-165.84543121630998,2.1668345375361698e-09,8.0017124476777e-09
2.675e-07,-66.9311317331047,2.0808302574468835,-301.5142023564402,-0.029790276131211664,-67.39135896381893,2.0942447084289997,-301.97799872820787,-0.03115238232465225,-214.81697808625006,2.218194985685011e-09,8.320762722731836e-09
2.7e-07,-100.29252065847939,2.0268610182225366,-305.31699547283637,-0.028491555724544926,-100.71815542227579,1.9971241417972938,-305.91562754841397,-0.02905033247105647,-254.07928674950367,2.2698407252885313e-09,8.60932077987191e-09
2.725e-07,-132.72110482214293,1.8627476926181343,-309.98948522128006,-0.02560046247012965,-132.57885549838505,1.8589919702803972,-309.5541493637422,-0.026896732407572954,-281.85779026656417,2.3216022035184237e-09,8.852614670872348e-09
2.75e-07,-161.46372754561276,1.7061357027811528,-312.104967497892,-0.025691465802013314,-161.12333380628448,1.6824009479462905,-312.88713825388226,-0.024699140909222737,-296.896963538462,2.373311423790554e-09,9.03887745223194e-09
2.775e-07,-184.00397726164692,1.4526343087968034,-314.606759618332,-0.02245029243161145,-184.17301357905933,1.472340816119616,-315.9099920036709,-0.022464551684383195,-298.5170701820231,2.4248066819279005e-09,9.160780058496467e-09
2.8e-07,-198.9674996325089,1.2390968927337616,-318.37597447166684,-0.020472969349347073,-199.47813875494057,1.2365475516416722,-318.6199857035757,-0.020199955020256392,-286.6448850664285,2.4759385070761827e-09,9.21653409346715e-09
2.825e-07,-205.52271773829412,0.9976693992436192,-322.53040394143676,-0.01787855455985294,-205.0353788715335,0.9854680043835252,-321.0163081305982,-0.017913087778918063,-261.8170039223701,2.526576251387907e-09,9.210288693195358e-09
2.85e-07,-199.73528207876743,0.7298421355726922,-323.3920364289387,-0.01562764434938131,-199.41281628321363,0.7318253442955611,-323.1000804326318,-0.015613229392592224,-225.15559043701248,2.576614528478802e-09,9.151535022766013e-09
2.875e-07,-181.88140264173,0.47404076658922206,-324.89732616836113,-0.01375453410742462,-182.02572110302359,0.48979823413947604,-324.87435680324893,-0.013311886201102298,-178.31765701084092,2.625978585357743e-09,9.05346869561705e-09
2.9000000000000003e-07,-153.03959968055472,0.2682418946580458,-324.50092832478356,-0.011323983797380035,-153.31292370473577,0.27389475814992764,-326.34410700129854,-0.01102321926340465,-123.4201715706663,2.6746277329938577e-09,8.930584061756532e-09
2.925e-07,-114.7041813114253,0.07133680628602575,-329.07365732645457,-0.009214772545501383,-114.77901094339614,0.09765873606067038,-327.51618073903376,-0.008764109691472576,-62.94437544031728,2.7225561564543896e-09,8.796069079749668e-09
2.95e-07,-69.68223086170221,-0.026970732757045694,-328.6100238869976,-0.006219989322222864,-68.88935111600895,-0.027619072877912484,-328.3992541322383,-0.006553813956250798,0.3763631166776772,2.769790748426859e-09,8.659707249482406e-09
2.975e-07,-18.86661729543427,-0.11918121296765477,-328.3096842201341,-0.00471397145970391,-18.82930081450529,-0.09400567605776544,-329.0037585744137,-0.004413229357998183,63.680090917890716,2.8165123189519285e-09,8.526892203077712e-09
3e-07,32.110986487540885,-0.07700499000624453,-329.2878972947883,-0.000457769897859731,31.838399443087717,-0.097690287668419,-329.3417925630091,-0.002363855091634349,124.10562362831769,2.8629711692863434e-09,8.39903159323184e-09
3.025e-07,79.46799845789018,-0.03773750141726039,-328.67186108599884,-0.0009288891839114903,79.56705051302102,-0.03930140038991787,-329.4270171673852,-0.0004265856304567486,178.92186477654283,2.9089622008320537e-09,8.275169077145215e-09
3.05e-07,121.74263987846544,0.1240585970921943,-330.33769758392884,0.0013251752081719166,121.21091832104044,0.07626373088613046,-329.27453598424574,0.0013794985044552864,225.65124509571953,2.954287544086361e-09,8.154253455726676e-09
3.075e-07,154.4820446504091,0.2635995841152055,-327.87048469113824,0.0029777941365007016,154.34410771599016,0.24046408450213486,-328.9007605751851,0.0030381770870964615,262.1817030122624,2.9991153608137636e-09,8.03728584011416e-09
3.1e-07,177.28716116431346,0.4412565673555292,-327.8915213458356,0.004036496207737856,177.4673904297599,0.4420939465015298,-328.32326252144503,0.004536835651776018,286.8621450191721,3.043688700840845e-09,7.928651267363494e-09
3.125e-07,190.22591403527457,0.6571420533185718,-325.4790456009608,0.00779159761765201,190.07626771419427,0.6684658074801122,-327.56061336162884,0.005866822661658809,298.57707134252075,3.088046609728948e-09,7.836250752265646e-09
3.15e-07,193.28803583248703,0.9006149770136906,-328.10270518237326,0.008695628957829039,192.58713758750244,0.9066227080846233,-326.6322137977851,0.007023395645564078,296.79699399089975,3.1322031735043993e-09,7.770462849972396e-09
3.1750000000000003e-07,186.4853267080842,1.1620399194345394,-326.1576644688759,0.007343203957641578,186.14217707168768,1.1444110359542459,-325.558113662837,0.008005300959718705,281.60236840683115,3.176147404478437e-09,7.742320222492249e-09
3.2e-07,172.21482485053122,1.3623377977905544,-323.27665960179866,0.008956581151944528,172.33327113867986,1.3712782050984746,-324.35882423677305,0.00881409009758347,253.67995706398756,3.219845537715461e-09,7.761466188214118e-09
3.225e-07,154.10903408259531,1.5978115964248416,-323.1855382340262,0.009639847754469705,152.8975856585074,1.5787147698778154,-323.05512457945235,0.009453314456584979,214.2917893673432,3.2632450782076765e-09,7.83442322343658e-09
3.25e-07,129.83720657298832,1.7344292662781848,-321.94107516469643,0.011009099973960575,129.4400986560878,1.760327218423231,-321.6678636135398,0.009927753501098755,165.21812079809212,3.3062797631984635e-09,7.963510994826477e-09
3.275e-07,103.63123012123337,1.9150182896446257,-319.8950830901149,0.009723110480805073,103.23119325866051,1.9115938915700126,-320.2177597413327,0.01024281632469973,108.6769694200773,3.3488745831110883e-09,8.146497911021764e-09
3.3e-07,75.23502859051284,2.0201146521789166,-317.37438290930413,0.010153485669208482,75.11167391334628,2.029410341445634,-318.7251998135738,0.010404216707457085,47.223866514389336,3.3909501351971437e-09,8.376860007497543e-09
3.325e-07,44.71509056807451,2.1284411244130856,-315.736126813352,0.010779996847198266,45.51621366027313,2.1115624752443174,-317.2100392864087,0.010417964340497122,-16.363647614812383,3.43242583629176e-09,8.644417258464376e-09
3.35e-07,13.547217674686758,2.1360891567224725,-318.4653376329751,0.00987345015735336,14.603188679975695,2.156270552266649,-315.69140540421796,0.010290650517198904,-79.21156213676946,3.4732218435512734e-09,8.936129123047166e-09
3.375e-07,-17.916127404518036,2.1516292304328366,-314.5761943535299,0.009724004554369428,-17.541687509516013,2.1619240418296544,-314.1875052310785,0.010029947045892138,-138.47929443867227,3.5132598614597907e-09,9.236923316461173e-09
3.4000000000000003e-07,-51.24481976760681,2.123782995413342,-313.9797988967112,0.009905792165128907,-50.67481274687006,2.1270810980335826,-312.71544032215104,0.009645193294738362,-191.48807799091472,3.552463286106668e-09,9.530548263403145e-09
3.425e-07,-84.48312824329797,2.0176184921284737,-311.39506295868927,0.008968497183900517,-84.18955128470792,2.0507457804947586,-311.2910297786042,0.009147926149182578,-235.84203649386168,3.590757301404946e-09,9.800525298974943e-09
3.4500000000000003e-07,-116.9021435375584,1.9103874308612527,-310.1681713989744,0.006522943353475698,-116.98440461713831,1.9328725873117651,-309.92864336610825,0.008552214961376316,-269.5364720304727,3.6280695649771474e-09,1.0031292612427973e-08
3.475e-07,-147.61811892716136,1.7665053045827288,-310.6024454553689,0.007882292457545162,-147.4389216776144,1.7749933584440154,-308.6410462980206,0.007874697048448667,-291.04847284684746,3.664331998852657e-09,1.0209565582325924e-08
3.5e-07,-172.64554834053385,1.5838448749991476,-307.4997447472548,0.006670851734050518,-173.511642228685,1.5808265247469857,-307.43925719075787,0.007134262957101765,-299.4057454953761,3.699483954352397e-09,1.0325804271399611e-08
3.525e-07,-193.08601975915593,1.32840202186354,-306.4737041361091,0.006844587995894043,-192.95123106731592,1.3567198881712437,-306.33242059131845,0.006351404888516569,-294.2305602843663,3.733476697477584e-09,1.0375525936031603e-08
3.55e-07,-204.09006904882318,1.1165445313619504,-306.70940273336464,0.003940052199236441,-203.5900133992795,1.1117977331466753,-305.327695356387,0.005547304763598016,-275.75682379990417,3.766278821819195e-09,1.0360097432407773e-08
3.575e-07,-202.74290795259768,0.8588188179402766,-305.3959238946498,0.003756283681985457,-203.67236392302073,0.8577280402540329,-304.4301600299416,0.0047427889391538965,-244.81950686083692,3.797881905605923e-09,1.0286657039675278e-08
3.6e-07,-192.61583945207258,0.6177526107239065,-304.0861156404722,0.0037187107368622176,-192.16192092937908,0.608088218559323,-303.64273622295235,0.00395730529566563,-202.8169057392445,3.828305545401701e-09,1.0166981750459581e-08
3.625e-07,-169.86717153581267,0.37588713130992435,-302.20263064730443,0.0032933374143960287,-168.97300982194582,0.37737713250305266,-302.9661308458262,0.003208079909154503,-151.6474423532781,3.857600860283362e-09,1.0015408088285792e-08
3.65e-07,-134.7206798625375,0.16336456632088883,-301.8185207582594,0.0019848617748024497,-135.082822508954,0.17978498379565575,-302.3987978830514,0.0025095842392724665,-93.62385991973913,3.885851680677158e-09,9.846240245117124e-09
3.6750000000000003e-07,-93.00809758135789,0.028509160997439133,-300.87264467641813,0.00029565786882436483,-92.49992273085918,0.02787939167674671,-301.93692023142665,0.0018733941159867534,-31.368692227490495,3.913172900747754e-09,9.671309850010212e-09
3.7e-07,-43.94093475115252,-0.08229244279370097,-301.5379018178988,0.0033827768017379136,-44.08823568416349,-0.06861272439335422,-301.5744119497937,0.0013084573737553896,32.30426891750237,3.939705841700812e-09,9.498374913577318e-09
3.7250000000000003e-07,6.933056491978138,-0.10395101725140582,-302.48102924886723,0.0007422741927250815,6.730288474349672,-0.10375620123987896,-301.30294109082934,0.000821719012583873,94.51715067395274,3.965924672346316e-09,9.330822321035922e-09
3.75e-07,56.88922692686604,-0.044350533446185454,-301.20161589016,0.00040568694143564146,56.35088765594994,-0.07595722641884511,-301.11197310577546,0.00041899316991232856,152.45807246389253,3.991842552633278e-09,9.168730952074442e-09
3.775e-07,101.43907458261214,0.002290901657220278,-299.41595762219606,-0.0009516317869887198,101.38269597958538,0.01196365854143082,-300.98883463254214,0.00010593042370723321,203.5082365713085,4.017338774133126e-09,9.010906943615302e-09
3.8e-07,138.941218508687,0.13952207108274228,-300.7391800033143,0.0005122246367174385,139.0072288005604,0.15317861845182856,-300.91879729801815,-0.00011108584357747412,245.3602918351108,4.042352156891268e-09,8.857188561886535e-09
3.825e-07,167.6444626685736,0.35910721138603957,-302.5303557160944,0.00023742229909196955,167.24575824188616,0.33767127605756597,-300.8851809882426,-0.00022426655148452437,276.122620667079,4.0673706745489405e-09,8.71025509366235e-09
3.85e-07,185.6512710413616,0.5625786073163176,-300.7712640196398,-0.0003444119441505547,185.09847215836766,0.5533389610678489,-300.86947586689587,-0.00022408024162887087,294.4048358590768,4.092502093978433e-09,8.576378796534593e-09
3.875e-07,191.56700167865492,0.7739785873039293,-301.4895849535316,-6.491269435225758e-05,192.54023862335097,0.7872125349651355,-300.8514822548948,-9.930659028700175e-05,299.3806229185225,4.117820705139911e-09,8.464940307034879e-09
3.9e-07,190.03335054186627,1.0444983240396462,-300.5552957114161,0.00014460825428245892,190.38200195088362,1.0266183945113536,-300.8094673232148,0.00016253324269127742,290.8250876016917,4.143365330807107e-09,8.386931580676446e-09
3.925e-07,179.9906209089037,1.2718904199407466,-300.8014166202268,-0.0009140733501471634,180.0290530700762,1.2601272059063924,-300.7203373988367,0.0005744468099344182,269.12492062138,4.169140055465849e-09,8.352948441452498e-09
3.9500000000000003e-07,162.86541646739795,1.4804788736764092,-300.27786055447984,0.0026884760205763136,163.18375695783587,1.4781792946937151,-300.5598245412956,0.0011490679764654197,235.2609201072979,4.195117156823778e-09,8.371246289291335e-09
3.975e-07,141.50757220886098,1.6694642320531756,-299.72669326150657,0.0027031365267350593,141.5479567141425,1.6733389756291848,-300.3026859159597,0.001897735112618572,190.76366176417451,4.221241477550447e-09,8.446307844672818e-09
4e-07,116.76181964852478,1.8363435230282832,-301.4884736238873,0.0012627301095962874,116.57794621584716,1.840198099071198,-299.92291437107184,0.002829701819554332,137.64432033549343,4.247435374564538e-09,8.578133758398435e-09
4.025e-07,89.41985640335156,1.9690911943071656,-298.1770397713502,0.003027709137892305,89.33313498990674,1.9750104872098,-299.39395851982374,0.003951603810337157,78.30376908512507,4.273603439534043e-09,8.76222407171715e-09
4.05e-07,61.17573138456015,2.061165521324272,-298.2766460469812,0.004447361407212333,60.44053076332747,2.075182819066898,-298.68895053726146,0.0052672555390709565,15.424065793323177,4.2996363802938574e-09,8.990057213055999e-09
4.075e-07,29.206080135503907,2.1287402367233526,-296.13002843487766,0.007059670137633959,30.174434697858185,2.1387662438126567,-297.7809398054705,0.006777787649393957,-48.15277014710634,4.3254137468958015e-09,9.24982946682079e-09
4.1e-07,-2.1766088965280814,2.1447521940488192,-295.841761116321,0.006896894256805632,-1.371563700607929,2.1640835249035266,-296.6431304799752,0.008482072733173765,-109.55321053521187,4.3508055192707014e-09,9.527276193630754e-09
4.125e-07,-33.208286714745434,2.146985994804994,-295.6599427188214,0.010724494272217241,-34.061025612467695,2.149590959314437,-295.24912100617115,0.010377333835098283,-166.0020952927084,4.375672881054813e-09,9.80650784967818e-09
4.15e-07,-67.16363564641898,2.076774015899744,-294.2644913695455,0.01312719064984511,-67.4903575203074,2.0940195448728827,-293.57314358731696,0.012459797266278428,-214.94806337962657,4.399868726687782e-09,1.0070900983033008e-08
4.175e-07,-100.10228935367748,1.9704575338498016,-291.25051218223405,0.014966250157038412,-100.81509594427521,1.9967762534508773,-291.5903015954254,0.014725244596236562,-254.17886850311828,4.423238543519347e-09,1.0304138480330289e-08
4.2e-07,-133.2503623279592,1.8929218594593586,-291.2718636697509,0.016101661344171823,-132.66894573130233,1.8585257988520394,-289.2768029234372,0.017169339437169702,-281.92136761193103,4.445622258686088e-09,1.0491467388825448e-08
4.2250000000000003e-07,-160.19233891732796,1.700479609758712,-286.51100730557374,0.020280674836736935,-161.20052535638376,1.681827406008088,-286.61018730131207,0.01978764911400303,-296.9216629243553,4.466857450899084e-09,1.0621137834374465e-08
4.25e-07,-183.94601492365828,1.4656243037833145,-283.2590319927075,0.024229958202734266,-184.23062858625968,1.471678609484537,-283.5695456399788,0.02257534152840139,-298.50177525244845,4.486784035031937e-09,1.068583547836086e-08
4.275e-07,-198.89474400072004,1.2108632458954987,-280.2296359532997,0.02669726306851773,-199.50974174047076,1.2358236239240654,-280.135729525084,0.025526602615771717,-286.59028711737136,4.505250187270208e-09,1.0683782856313646e-08
4.3e-07,-204.88078836568053,0.9762811373133461,-274.8611516967204,0.027865842722956315,-205.03575246430228,0.9847168530611649,-276.2915490567619,0.02863387799797463,-261.72557065679246,4.52211895516815e-09,1.0619133791560407e-08
4.325e-07,-197.76024536112743,0.7474587621060262,-272.8728259199564,0.030157306270521392,-199.37887430736507,0.7310871437607334,-272.021957321546,0.03188708320502225,-225.03145443029726,4.537274752964112e-09,1.0501374940740172e-08
4.35e-07,-182.8335693968898,0.44863343254246424,-267.5086206777761,0.03530708630740844,-181.95719669573595,0.4891159073684862,-267.3142198873548,0.03527294275759017,-178.16642892779655,4.5506288273234975e-09,1.0343685632932625e-08
4.375e-07,-153.38710259195122,0.2834477829008742,-262.6299179128666,0.04035967306227939,-153.21270329642016,0.2733103282093337,-262.15806783130427,0.03877460653515059,-123.2486865762546,4.562122819290912e-09,1.0160530925734752e-08
4.4e-07,-113.94711117083989,0.09725951592564777,-256.78900183787755,0.04121309322386824,-114.65304146282291,0.0972094277399448,-256.5458329419414,0.042371654316683945,-62.76038426576075,4.571729744101756e-09,9.965057286728025e-09
4.425e-07,-69.2844386198499,-0.013654383030484128,-250.7204828769511,0.0450864180348224,-68.74611788190369,-0.027904447788789605,-250.4725638812385,0.046040543002067245,0.564544489289293,4.5794520333563404e-09,9.766997449590351e-09
4.4500000000000003e-07,-18.7614184339085,-0.091731474807964,-244.53163518853415,0.049629782890207905,-18.678944992302913,-0.09410954108331979,-243.93612224611041,0.049755486175743116,63.86395711906298,4.5854442979701264e-09,9.571689373971174e-09
4.475e-07,32.12174052644287,-0.10919430810356966,-236.53198612207632,0.05396169619100945,31.985194730404935,-0.0976079322802851,-236.93725763300978,0.05348969446757338,124.27686432447416,4.5899244285836016e-09,9.380484725622958e-09
4.5000000000000003e-07,78.72629043653733,-0.04086741155223645,-228.59854201072778,0.06018135912617374,79.70023789977778,-0.039041195784204785,-229.4796609809188,0.05721685930367695,179.07274027818568,4.5926546266683535e-09,9.192374335676827e-09
4.525e-07,119.92480341486527,0.10635826916192515,-221.47954234056914,0.0604971294395701,121.32215030412443,0.07668154113277141,-221.56999564632,0.060912741309241986,225.77493617376166,4.5934023183289494e-09,9.006258753455192e-09
4.55e-07,154.90445341162797,0.23978367621469027,-213.74883879643275,0.06496632483411151,154.42753002136985,0.24100981570120056,-213.21790584696907,0.06455673271614609,262.2726191116579,4.592301261072964e-09,8.823094572892986e-09
4.575e-07,177.72351048934163,0.42882781627903754,-204.8316953011374,0.07017777381802473,177.52005440868726,0.4427317451217443,-204.43600229793873,0.06813330000911318,286.9161769392736,4.5895556514612e-09,8.647223565649273e-09
4.6e-07,189.48983613901868,0.6590752102746286,-194.74467007114416,0.07023135539786822,190.0981167114117,0.6691572714287525,-195.23982505185663,0.07163327192290406,298.59177696358535,4.585166116924508e-09,8.486501748233105e-09
4.625e-07,192.53548048800272,0.9256835763424602,-186.1904998661373,0.07473677633802232,192.58059415639866,0.9073303339153496,-185.6477837438913,0.07505500560501988,296.7717086523448,4.579108043309795e-09,8.351258662744313e-09
4.65e-07,185.16155631469584,1.1446605424319403,-177.9109705727717,0.07950461555757357,186.1114239355294,1.1451010312644088,-175.68107562925962,0.07840552058546814,281.5382349483776,4.571331968770739e-09,8.252473189391586e-09
4.675e-07,172.11343819928717,1.3784056580766257,-165.8520871089925,0.08249684851020098,172.28336735180258,1.3719223392821083,-165.3635819851701,0.0817017094785707,253.5798741719049,4.56176640462489e-09,8.199731073682052e-09
4.7e-07,153.109423055704,1.579448977801494,-154.1546535084269,0.08466654803499148,152.83358210719553,1.5792911217748857,-154.72174362867457,0.08497168164174024,214.1602805604362,4.550322418886849e-09,8.199495752890159e-09
4.7250000000000003e-07,128.7463339053129,1.7900771140595175,-143.67253707372552,0.08922311638514809,129.36631010685534,1.7608198815076224,-143.78441647524488,0.08825612904027082,165.06112997494736,4.5368991428244676e-09,8.254029338537738e-09
4.75e-07,103.22216420053125,1.898256359448749,-132.82950006897758,0.09260149739960472,103.15074916951912,1.9119918797992737,-132.58270822861996,0.09160927641782922,108.50159220838364,4.521389340213793e-09,8.361047009689238e-09
4.775e-07,74.92696119999417,2.013606282801748,-121.2494965551947,0.09543271711670881,75.02641374296044,2.0297060693117617,-121.14979744905921,0.09509845780873394,47.03802956473262,4.503684309920197e-09,8.513978144821452e-09
4.800000000000001e-07,44.88384976750506,2.1212039567839884,-108.78609597108253,0.09674161754837748,45.42692483715611,2.1117502411680884,-109.52073639334871,0.09880067243861887,-16.55154489551835,4.4836776449068914e-09,8.702604152998502e-09
4.825e-07,14.083791155424683,2.1720434820616563,-97.09707758302959,0.1017429132606391,14.510119078555928,2.156345426256216,-97.73223915439063,0.10279378342702611,-79.3930272193312,4.461267693319518e-09,8.913854983892341e-09
4.85e-07,-17.53657225211022,2.174857803474088,-86.46165551947553,0.10547293013985884,-17.638163714477464,2.1618814525706758,-85.82245674985573,0.1071397782726838,-138.6461255146125,4.436358896605068e-09,9.132638638386405e-09
4.875e-07,-50.89447838504552,2.138298866998928,-72.0538305377285,0.11360648254027815,-50.77352696534569,2.1269172517096027,-73.83074091715561,0.1118585488528003,-191.63273467552176,4.408862452094961e-09,9.342694453133425e-09
4.9e-07,-84.69343465978574,2.0438176969264044,-62.170344351634164,0.11754399397941866,-84.28802278046301,2.0504588544763998,-61.79739846493334,0.11689407712359054,-235.9579806344193,4.378696910812365e-09,9.527546381565251e-09
4.925e-07,-116.71789738273351,1.9281492350963798,-48.65394600557861,0.12331440873126584,-117.07859854546527,1.9324644620432456,-49.76343810862167,0.12208132254878526,-269.61846321586944,4.345789343960648e-09,9.671648184414467e-09
4.95e-07,-147.38869214699798,1.784456789004898,-37.69876346470215,0.12611063236514528,-147.52335712005342,1.7744715144032803,-37.77031177870531,0.12712981930313774,-291.0928052622199,4.310077588668058e-09,9.761744859814796e-09
4.975e-07,-173.79845470405365,1.5582831029199526,-26.639728376131558,0.13328258379313573,-173.57985862835974,1.580205664471041,-25.85965243460924,0.13164326146838887,-299.410415416508,4.271513837632521e-09,9.788340622950181e-09
5e-07,-192.45360419540552,1.3511880127083304,-15.478413394543916,0.13555472061163373,-192.99655288900482,1.3560228596661226,-14.073010444294988,0.13518501323207685,-294.1953566414577,4.230069514283374e-09,9.747010871826433e-09
5.025000000000001e-07,-203.5981393573144,1.110888690068613,-2.0196054075762135,0.13848128809916352,-203.60649396671528,1.1110554291063603,-2.451590599393003,0.1373754708149355,-275.6833377174437,4.185741036031276e-09,9.63919285878474e-09
5.05e-07,-204.00198531733255,0.8759249568045591,8.656183366826266,0.136758474868254,-203.65575099670986,0.8569781110687765,8.964008171974712,0.13798227465944513,-244.71105974240393,4.138555778248882e-09,9.472104848270815e-09
5.075e-07,-193.45700874013914,0.6206104884988493,19.85664121813785,0.13781635144091073,-192.11047583110397,0.6073726377461925,20.134048357608467,0.13696185835401598,-202.6783991476254,4.092942447072182e-09,9.264413241773437e-09
5.1e-07,-168.81887629025655,0.3599089333230635,32.63210606508383,0.13504111167901017,-168.8880310203284,0.37673885559621845,31.019902683991685,0.1344381486446042,-151.48513647099327,4.0500263986562145e-09,9.032017651344485e-09
5.125e-07,-134.9678667186742,0.1541860076981315,40.948737061193434,0.13159788772234784,-134.96877045809825,0.17926410981672125,41.58429427350072,0.13063940243590433,-93.44509060304675,4.009749393684339e-09,8.788855795544887e-09
5.15e-07,-92.69936993563674,0.057197063608304115,52.06399350855077,0.1251308431713534,-92.36410751465385,0.027509339769978155,51.79152627537097,0.12582883346350598,-31.181539442393497,3.972077258387854e-09,8.546383790676468e-09
5.175e-07,-45.08573235039574,-0.05819856891403839,62.176788899591074,0.11854321320313306,-43.9401013809497,-0.06880849089437506,61.60769920052188,0.12025419556420927,32.49134629131866,3.936996260903077e-09,8.311979967654974e-09
5.2e-07,7.744360735794935,-0.14729839365258485,70.4524037753339,0.11475790399889316,6.88018150144242,-0.10376643967616984,71.0009142959249,0.11412259349947357,94.6956971652243,3.904821481628479e-09,8.088653101060772e-09
5.225e-07,56.95157904423949,-0.07680605834314966,79.90492699743973,0.10908789782179146,56.49203092996139,-0.07578385095415421,79.94146141360991,0.10759462733169013,152.62001817781785,3.875400499713405e-09,7.876110771421571e-09
5.250000000000001e-07,101.3879953224132,0.02259778890242543,87.89104720834172,0.099934123157875,101.50577525225944,0.012306088305204677,88.4019899616631,0.10078916196840769,203.64626193041883,3.848446070216891e-09,7.672798164617954e-09
5.275e-07,139.3444745066242,0.11457379916866828,94.80819773197783,0.09538133877066761,139.10506964169608,0.15366475733404233,96.35766166844093,0.09379211549761936,245.4681584074977,3.8237305002099295e-09,7.478204168763463e-09
5.3e-07,167.0405647030886,0.36736142403965505,103.50785935583963,0.08552753564703626,167.31393836463178,0.3382679027525682,103.78628404552555,0.086665558472722,276.1954531293152,3.801572340531585e-09,7.294669394611139e-09
5.325e-07,185.4305553494129,0.5813068690920703,108.82774842213793,0.07883231626916078,185.13552131504164,0.5540084903969817,110.6684235982657,0.07945547627547644,294.4393423497303,3.7819114048703065e-09,7.128136076986362e-09
5.35e-07,193.48205584985274,0.8015767942555185,117.56825775904318,0.07222016144530766,192.5474170336464,0.7879166147681841,116.98749800373464,0.07219768059345477,299.3752438227981,3.7646558143378545e-09,6.987661481785296e-09
5.375e-07,189.93230777998232,1.0284221896663546,121.97099053215304,0.06338332401717048,190.3627187606593,1.027321085319612,122.72984665302819,0.0649219026416545,290.7800660424659,3.7496810996052485e-09,6.8839199449885245e-09
5.4e-07,180.1600514043533,1.2809486595054254,127.61228357324474,0.055936470951172074,179.98804489311846,1.260797341170331,127.88477913655075,0.05765434385014763,269.0422914706032,3.7368319871483314e-09,6.827196140470529e-09
5.425e-07,163.6104976755752,1.4827536041532163,133.70889454921135,0.04949321117509089,163.12618292018377,1.4787917833574133,132.4446014356746,0.050419053673322195,235.14441801441325,3.725926343371252e-09,6.825443007083381e-09
5.45e-07,141.78910095573835,1.65836462771073,135.85794155712316,0.04106742670070217,141.47857439485824,1.6738750071401791,136.40461977032655,0.04323851872824262,190.61855235847173,3.7167605053175604e-09,6.882852615195835e-09
5.475e-07,116.08668888180343,1.8303870013047479,138.7334888055764,0.03527720834499295,116.50051134820501,1.8406444076254067,139.76312223804695,0.036133813313301254,137.47716223164753,3.709115127283314e-09,6.999150028999308e-09
5.5e-07,89.5129245244183,1.9752336039852048,142.43421882613748,0.027327808113429247,89.25012092089659,1.9753579919712938,142.52133856425988,0.029124594912783575,78.12211744876598,3.7027607299625203e-09,7.169577513166854e-09
5.525e-07,59.41283113082346,2.0691450976620636,145.98032514204502,0.02340086004000326,60.35320015471832,2.075425052054103,144.68337846431572,0.022229142206204856,15.236130864737062,3.6974623357356675e-09,7.385375455889454e-09
5.55e-07,31.116266638457468,2.1617352191319963,147.08678958043353,0.014414720005751397,30.083227429514892,2.1388979908832164,146.2561492937528,0.015464539680333012,-48.33849413713168,3.692982868570739e-09,7.634522976589151e-09
5.575000000000001e-07,-1.506638289937377,2.1734865699673955,147.63029359105624,0.009179833556581462,-1.466423495533519,2.164100036438437,147.24925383266435,0.008847024485188565,-109.72832928527863,3.689085330984418e-09,7.90255977120697e-09
5.6e-07,-33.148660278908324,2.1686987396173705,147.10694384367312,0.0024824935340818292,-34.15884287722014,2.149487949490403,147.67486921160605,0.0023924389783200675,-166.15869383410768,3.6855340786560517e-09,8.173422588393886e-09
5.625e-07,-68.3692124030397,2.1230638173041307,147.3811940332974,-0.0026871978158770236,-67.58935555679477,2.09379401805805,147.54760813874077,-0.003883314700515385,-215.07906381491253,3.6820957362998135e-09,8.430336767781328e-09
5.65e-07,-101.45359295415489,1.9916389531172736,147.59063792134287,-0.011987183427060495,-100.91202403091901,1.99642800728125,146.8843637296193,-0.009963938683043733,-254.27834991094045,3.678540393429133e-09,8.65685715950782e-09
5.675e-07,-133.9001744350911,1.8331018135016428,143.8293292525949,-0.01488819315221159,-132.75900730278084,1.858059291582661,145.70413937090711,-0.01583262931552674,-281.9848336592064,3.674643667082687e-09,8.838126547619562e-09
5.7e-07,-162.31659853257287,1.6826061796021896,143.46101097377482,-0.02259287144303617,-161.27766909168162,1.6812535715884744,144.0278651664201,-0.021472261004848583,-296.9462450902786,3.6701900294586418e-09,8.962314696970931e-09
5.725e-07,-184.65194842222132,1.4549744890985963,142.5365245825344,-0.027317216061109373,-184.28817596857232,1.4710161778616127,141.8782026170246,-0.026865875589880697,-298.4863624791001,3.664977506799123e-09,9.022050008589482e-09
5.75e-07,-199.92976913421816,1.2343315242350423,139.2015856992564,-0.03103350430495828,-199.54125943822666,1.235099562560873,139.2793392744365,-0.03199742675458074,-286.5355760270079,3.658823516571241e-09,9.015518817475702e-09
5.775e-07,-205.31497383559667,0.9659767027241235,135.676687249015,-0.036410600023070366,-205.03602812302105,0.983965679475811,136.25677518200553,-0.03685267339923832,-261.6340340661045,3.651571287599103e-09,8.94685657029096e-09
5.800000000000001e-07,-199.20563205076044,0.7257713303727326,131.6323022531941,-0.04219506727662164,-199.34482920280098,0.7303490451692568,132.83710297257466,-0.04142007770122568,-224.9072295847262,3.6430960649896434e-09,8.825545441029035e-09
5.825e-07,-182.96047275826078,0.4808920657412037,129.10533505348047,-0.04549933208834627,-181.88857297413165,0.48843380966261607,129.04778353405183,-0.04569155053215071,-178.01513050746593,3.6333101877932392e-09,8.664770427027127e-09
5.85e-07,-153.03260656989696,0.25521638318165696,126.0336596241213,-0.04965316880125748,-153.11239677034152,0.27272624598631173,124.91691917707624,-0.04966290210880711,-123.07715292521334,3.622166169247879e-09,8.479009833790491e-09
5.875e-07,-114.26124542621149,0.09539677699837605,120.26132024032981,-0.05356206072320815,-114.5270075175523,0.09676056598152026,120.47302624599376,-0.053333897285745474,-62.5763683144026,3.609657106542478e-09,8.28143025921787e-09
5.9e-07,-68.80364669665278,-0.055363053181375466,114.85221247429142,-0.05845688549536663,-68.60284816897429,-0.02818930681191585,115.74480910422653,-0.05670787601858337,0.7527256390266209,3.5958140709451667e-09,8.081792708038752e-09
5.925e-07,-17.937277092629962,-0.06256599873058344,110.00291175450435,-0.059084504463970004,-18.528583988871503,-0.09421285712326573,110.76093739821066,-0.05979096991193526,64.0477981077543,3.5808294466316177e-09,7.885474108109336e-09
5.95e-07,31.75359010837449,-0.08463559869612822,105.98751025404586,-0.06055094425707236,32.131964057665215,-0.09752503379914945,105.54982846066274,-0.06259101330694519,124.44805595809181,3.5649624830142064e-09,7.69387843533948e-09
5.975e-07,80.62046980987351,-0.00938646884027982,101.14097045659322,-0.06627891746787236,79.83337173266027,-0.03878049143463925,100.13943665443203,-0.06511630032211871,179.22354508474493,3.548025061795383e-09,7.506063582580352e-09
6e-07,122.1334621124846,0.07856011074213452,94.98583051655945,-0.06737927003612748,121.43330749344186,0.07709977585239491,94.55705138324046,-0.0673743683777372,225.89853811943385,3.5298396295552445e-09,7.321011159734933e-09
6.025000000000001e-07,154.18530134959346,0.26013248331698546,88.75748541180441,-0.06980895273943634,154.51086446319613,0.2415558728271144,88.82910540584159,-0.06937098892258343,262.3634316699785,3.5106012646347154e-09,7.1397697329001005e-09
6.05e-07,177.30712586045638,0.426815092489684,81.99273804254837,-0.07034154991420986,177.57262621515466,0.4433697582772351,82.98099498645134,-0.07110951739382002,286.970095589412,3.4905756155594667e-09,6.966779166956233e-09
6.075e-07,190.41406879688822,0.6901057288626852,76.97184064686691,-0.07125243760301252,190.11987732681598,0.6698488363493845,77.03691329763849,-0.07259070208064164,298.60636470534547,3.4698283141208715e-09,6.809994358821641e-09
6.1e-07,192.00355618044867,0.880058126295607,71.28341986773474,-0.07525381723299254,192.5739725031469,0.9080379544101723,71.01969836331727,-0.07381298487326857,296.74630615301936,3.448401070058013e-09,6.679839864430593e-09
6.125000000000001e-07,186.21502106161793,1.146964728635787,64.10674816079961,-0.07411508203235255,186.08060666309774,1.1457909291730377,64.95069669020975,-0.0747732574255832,281.4739903430864,3.426311028334701e-09,6.587382580451761e-09
6.15e-07,171.61007514317524,1.398055987902201,59.85932370079322,-0.0750384374177968,172.23341475062676,1.3725663020814578,58.8496435874336,-0.07546797534256348,253.4796911705032,3.4035525511445126e-09,6.542287884956879e-09
6.175e-07,153.60931201129858,1.5814429603769165,53.36583672651649,-0.07736297533065495,152.76954385088607,1.5798672469659263,52.73456101706371,-0.07589448919353965,214.02868720644057,3.38010076896515e-09,6.551090455299845e-09
6.2e-07,129.6344738700551,1.78596293477039,45.863119156591296,-0.07539416249921112,129.29249796642594,1.7613122790088405,46.621673655052064,-0.07605242860026806,164.90407398828253,3.3559160699635844e-09,6.616115916501688e-09
6.225e-07,102.98631712542519,1.9100775755584944,39.20709495999224,-0.07561499106990202,103.07028877586427,1.9123895759450722,40.52534367320753,-0.07594497386656857,108.32617216198369,3.3309486766768803e-09,6.735135860853615e-09
6.25e-07,74.72669086165037,2.045816193306935,34.41459663599978,-0.0764896582465278,74.94114094366552,2.0300014862767033,34.458024580605056,-0.07557986497958447,46.85217404520468,3.305142590009992e-09,6.901629099494933e-09
6.275e-07,44.92992675928798,2.09885517887709,27.7212949401384,-0.07648739711788474,45.33762460611747,2.1119376809997985,28.430234288326922,-0.07497002621110407,-16.739435641934396,3.278438433028894e-09,7.1054189924082465e-09
6.3e-07,14.437983951901996,2.1690322866439686,21.415955310773192,-0.07534682602987182,14.417038643761414,2.1564199602327108,22.45054738641267,-0.07413372373059088,-79.57446095878313,3.2507750492894306e-09,7.33346902626572e-09
6.325e-07,-18.07142474990774,2.166793889238149,16.996736122443203,-0.07311996402140959,-17.7346487795866,2.1618385106395186,16.52560644788181,-0.07309422356312321,-138.81290185525623,3.222090039202716e-09,7.57071130901218e-09
6.350000000000001e-07,-50.530920086634275,2.1193802841360374,10.546092020774452,-0.07197712609996869,-50.87224485265665,2.126753043771505,10.660152003233915,-0.07187897763313592,-191.7773157065617,3.192319689617813e-09,7.800899085241929e-09
6.375e-07,-84.31077426326434,2.034967081773814,4.9092447837285595,-0.07002362143326847,-84.38648836533653,2.0501715660900217,4.857070661469301,-0.07051843212356478,-236.07383162250497,3.1613989141521242e-09,8.007559665007603e-09
6.4e-07,-117.2352798716339,1.925884532278678,-1.147835974960338,-0.069773952772956,-117.17277237759583,1.932055987398401,-0.8825393081225883,-0.06904461383786831,-269.70034796016506,3.1292618434046385e-09,8.175139608385856e-09
6.425e-07,-148.3104913084318,1.7549421989746936,-6.954915509819823,-0.06928597698713647,-147.60775453735997,1.7739493531292967,-6.5592857739297585,-0.06748969048002244,-291.13702275876255,3.096273338133743e-09,8.291035940811427e-09
6.45e-07,-172.65146223137475,1.5743491188184404,-12.120233562607968,-0.06515077813518645,-173.64801719303102,1.579584542194568,-12.175384906667894,-0.06588470456596122,-299.4149671351496,3.064702063703234e-09,8.34934262383593e-09
6.475e-07,-193.83420342267328,1.3607724283347098,-16.05144101410189,-0.06487514020168733,-193.04179777601252,1.3553256488130025,-17.734548834360716,-0.0642586414437391,-294.1600368548809,3.034433305557496e-09,8.345420785657085e-09
6.5e-07,-204.1198823732726,1.0734499502246602,-23.634064447826624,-0.062028227846264224,-203.62288210931283,1.1103130447684693,-23.241860037161477,-0.06263791626749168,-275.60974279956866,3.0053691845567788e-09,8.280487102184128e-09
6.525e-07,-204.14890416961794,0.8417746742945009,-28.163232356454973,-0.05995042343745937,-203.6390364774765,0.8562282204697527,-28.703633845398922,-0.061046271436265,-244.6025160159206,2.977435136596466e-09,8.161530868186265e-09
6.55e-07,-191.62137855779454,0.6152833488996997,-34.17487063146235,-0.059367971556959415,-192.05892833734146,0.6066572225539312,-34.12727050514089,-0.05950498929099473,-202.5398125417841,2.950585743121044e-09,8.00017617635329e-09
6.575000000000001e-07,-167.84939999292453,0.3776918608365301,-40.95651751151496,-0.05792830681421661,-168.80295837697128,0.37610086867466735,-39.52109836264983,-0.058033266377494695,-151.322770784771,2.9248089999278707e-09,7.810599194725065e-09
6.6e-07,-134.92370930573037,0.17378977845303317,-46.16868945506527,-0.05701797389696679,-134.8546421983104,0.17874363595606585,-44.89420979158002,-0.056648577797746145,-93.26628439571047,2.9001282331774912e-09,7.606936096741335e-09
6.625e-07,-92.95755199933062,0.05109407829457738,-50.53739145731332,-0.0555847756127894,-92.22824124905443,0.027139773166759546,-50.256291544060424,-0.055366883961818804,-30.994374347319606,2.8766011373012843e-09,7.400846775420333e-09
6.65e-07,-43.69977111303493,-0.05886644715824235,-56.875385020428844,-0.05280110656011307,-43.79194609239275,-0.0690037202155182,-55.617451248387624,-0.05420258815019621,32.678410838066014,2.854315778770293e-09,7.199921274710642e-09
6.675e-07,6.942667805261941,-0.09891664048233861,-62.634206776770434,-0.05414260906396694,7.030063853440442,-0.10377612718697303,-60.98804180166765,-0.05316822613549065,94.87420627213227,2.833699397280223e-09,7.007391330300928e-09
6.7e-07,56.44191580381514,-0.06725518583824226,-66.53038119265884,-0.05218866929774159,56.63313376815475,-0.07560994957068616,-66.37848541510385,-0.05227394132660978,152.7819036397789,2.814718008024555e-09,6.823201405862503e-09
6.725e-07,101.98415053675335,0.008935542612470579,-70.07532997170343,-0.05055458352433803,101.62878938500151,0.012648983835493536,-71.79909906277379,-0.05152685520575714,203.78420689320853,2.797212869791925e-09,6.646048341223192e-09
6.75e-07,140.09211932922491,0.17427688994663276,-77.2853569575018,-0.05090802821849396,139.2028280465829,0.15415127391444997,-77.25992306172454,-0.050930472711601824,245.5759280729407,2.781094016753526e-09,6.475685893603218e-09
6.775e-07,166.97751312534956,0.334855703403324,-82.4238288845272,-0.050595691453955115,167.38202738111093,0.338864800880506,-82.77055447229905,-0.05048426127065067,276.2681765539598,2.7668221083480755e-09,6.314729041888266e-09
6.800000000000001e-07,184.77544764078783,0.5711340523061794,-89.38504078505035,-0.04902377044243245,185.17247927440886,0.5546781774405383,-88.33998695319767,-0.050183512212818554,294.4737326003947,2.754485875746802e-09,6.169398956507176e-09
6.825e-07,192.40901687793206,0.7686736161079161,-93.10499364206291,-0.04954258964962122,192.55451150207412,0.7886207413344752,-93.97645863638584,-0.05001954148456193,299.3697465384686,2.74414747862941e-09,6.049031511504433e-09
6.85e-07,190.52667422805095,1.0314992126428408,-99.38225357878507,-0.04989599059891645,190.3433640895612,1.0280237230345444,-99.68730950325853,-0.04998022373794678,290.7349296878756,2.735840675823794e-09,5.964575542707438e-09
6.875e-07,179.42624612627293,1.26642669391589,-105.72535721279104,-0.04965216099628492,179.94698027331322,1.2614673400443115,-105.47884964625997,-0.05005079243303659,268.95955610619046,2.729571638395769e-09,5.926583992206225e-09
6.900000000000001e-07,162.7486560660739,1.4792700991917664,-111.5156752545456,-0.05198833946920727,163.06856742659963,1.4794040710803804,-111.35623969034553,-0.050214790251402144,235.02782309023496,2.7253218865599045e-09,5.943271275518191e-09
6.925e-07,140.52117272550765,1.657853812041155,-117.38243271733562,-0.05187071846680226,141.4091633947512,1.67441079099528,-117.32338452728428,-0.05045502784087856,190.4733676995784,2.7230525873758264e-09,6.019084576659998e-09
6.95e-07,115.82867892987592,1.8433823901445872,-124.19765065804336,-0.051270394179945056,116.4230570326012,1.841090436362963,-123.38284138398934,-0.0507544093907287,137.3099498539971,2.722709351446375e-09,6.153998379974855e-09
6.975e-07,90.0265875634536,1.9775166016086185,-130.4059645618938,-0.05049776426049791,89.16709278906603,1.9757051947696775,-129.53574310501503,-0.05109651045755457,77.94043497103213,2.7242267247082286e-09,6.3434989746332645e-09
7e-07,60.474340648404485,2.0683388733515202,-136.57161677844823,-0.04960159036454567,60.265857734052204,2.0756669664233747,-135.78173738043043,-0.05146584164397552,15.048189921167774,2.727531768774092e-09,6.5790650126235e-09
7.025e-07,29.5921655544202,2.1133126544133884,-142.8308899305262,-0.05014335264487777,29.992008994380104,2.1390294048591496,-142.1189424948053,-0.05184779212321738,-48.52419904388718,2.732546418298586e-09,6.8489071427972686e-09
7.05e-07,-2.3223725409351355,2.1730719424798424,-148.5932019615665,-0.05252290181277529,-1.561293433623364,2.164116201352283,-148.54392001248453,-0.05222830835473249,-109.90340471633675,2.7391886377043323e-09,7.1387885667785695e-09
7.075e-07,-34.165675420501906,2.1575913800417914,-155.1602892210004,-0.05195237053673238,-34.25666689381384,2.149384581718822,-155.05166465015685,-0.0525934142521476,-166.31522677868608,2.7473727073679403e-09,7.4328602727802484e-09
7.1e-07,-67.43209017791149,2.092633753003383,-160.855775622254,-0.053293783618084595,-67.6883530450473,2.0935681277257903,-161.6356114214542,-0.052928710064355025,-215.20997934038735,2.7570091917646878e-09,7.714551646584899e-09
7.125000000000001e-07,-101.59402816268764,1.9846358852882904,-166.51189128099517,-0.05447633432402431,-101.00893964025678,1.9960794029395732,-168.28765997147673,-0.05321899246218938,-254.3777309336982,2.768005236318107e-09,7.967610837031659e-09
7.15e-07,-132.94361994002605,1.8366726928507309,-175.9617436963483,-0.05333699617891989,-132.84904015970127,1.857592448052375,-174.99821585326842,-0.053448116624044945,-282.0481883833359,2.7802657872694574e-09,8.177362806522538e-09
7.175e-07,-160.1117593635245,1.69784700720563,-182.49552438417135,-0.05582918851091389,-161.35476495341513,1.6806794442187254,-181.75624833488894,-0.05359917622679097,-296.97071002652643,2.793696138893425e-09,8.332147793526358e-09
7.2e-07,-184.30871515257468,1.4768925381372675,-188.61015189048507,-0.05593810090126075,-184.3456556692913,1.470353520756755,-188.54936416633262,-0.05365501715851521,-298.47083186806316,2.8082059199901696e-09,8.42475172046683e-09
7.225e-07,-199.02598069264906,1.2130211390602417,-195.51359230484022,-0.05383446921893923,-199.5726918021747,1.23437536705583,-195.36389658161866,-0.053599036277801736,-286.48075181693684,2.8237142916211477e-09,8.453503276924389e-09
7.25e-07,-205.0142388148554,0.9883695831320801,-202.1576100958102,-0.052271594218260574,-205.03620582038903,0.983214483150657,-202.18500866431503,-0.05341615933238076,-261.5423941864424,2.8401558051392774e-09,8.42266196252487e-09
7.275e-07,-199.4231217098869,0.6997610338980692,-207.5841449895795,-0.0533992492078803,-199.31068096703018,0.7296110480832537,-208.99681006591683,-0.05309385268284187,-224.78291594934413,2.857486126352298e-09,8.341812149321623e-09
7.3e-07,-181.70668859521254,0.5031588355035962,-215.94239553429878,-0.05436337790595023,-181.8198499634789,0.48775194063969707,-215.78248593716816,-0.05262300911621137,-177.8637618095827,2.875686717433085e-09,8.224216084103403e-09
7.325e-07,-152.27626360398946,0.30269833883933656,-221.65026068790004,-0.05156008175799466,-153.01200417870814,0.2721425111686956,-222.52443681375846,-0.051998561701718196,-122.90557068526125,2.8947676097830076e-09,8.084402718285257e-09
7.350000000000001e-07,-114.72162972134267,0.0894938439170489,-230.49020050794843,-0.05027079744085081,-114.40090918212374,0.09631215055509858,-229.2044280909617,-0.051219719274940616,-62.392327658881094,2.914767597756486e-09,7.935563168652871e-09
7.375e-07,-68.19349346737653,-0.021574553496031518,-237.72940325200855,-0.04994865827193268,-68.45954206631696,-0.028473650086031133,-235.80374762768076,-0.05028977603511651,0.9409064916019156,2.9357515065414675e-09,7.787459508857865e-09
7.4e-07,-18.103468442789257,-0.07508100859116013,-242.8575493530553,-0.049931856816028436,-18.37821789804069,-0.09431562421732562,-242.30336993990161,-0.04921551573825731,64.23161381138925,2.9579348046545108e-09,7.645450491287637e-09
7.425e-07,33.31641612085809,-0.0789289747173373,-248.58224525489985,-0.05046537916485071,32.278707336684455,-0.09744159216071305,-248.68412537746752,-0.04800629623448268,124.61919846158786,2.9815844787042324e-09,7.510907180735071e-09
7.450000000000001e-07,79.18153698126225,-0.024562554812062404,-255.0174298072837,-0.04569355949917218,79.96645193850387,-0.03851928717080944,-254.9268726270055,-0.046672951233362056,179.3742791366886,3.0065105483520237e-09,7.38284329559435e-09
7.475e-07,121.61677475774522,0.06585950310111333,-259.4018328525166,-0.04344068298771448,121.54438983782075,0.07751843532002785,-261.01267284822154,-0.04522667424629698,226.02205088394217,3.03252218366488e-09,7.26018650027345e-09
7.5e-07,155.565683222057,0.2342066880838303,-265.7973462117775,-0.04378970461649136,154.59411101589768,0.2421022562537086,-266.9229637309875,-0.04367804976221309,262.4541406513703,3.0597920322994475e-09,7.143920966957821e-09
7.525e-07,177.07742366425094,0.42864339187800266,-273.32567767002644,-0.04146155669497936,177.62510584904882,0.4440079864300141,-272.63973175684407,-0.04203636889576187,287.0239009483014,3.0885494028158815e-09,7.038409483257675e-09
7.55e-07,190.39722894668023,0.672955362303507,-278.41694431376766,-0.040277487108647626,190.14154958207743,0.6705405027763575,-278.14568096082144,-0.040309315955134324,298.6208345620414,3.1188146351106693e-09,6.951514531197903e-09
7.575000000000001e-07,192.2942078501013,0.8803544267542093,-284.3298975961546,-0.0386896767159546,192.56727266483477,0.9087455701549328,-283.4243965177002,-0.03850304759646739,296.7207865029515,3.150574584072232e-09,6.8935510399225764e-09
7.6e-07,186.80646785736118,1.1386534323367492,-289.4947121178921,-0.036098266158293764,186.04972529908315,1.146480730292104,-288.4605015207827,-0.03662261888801278,281.4096346163223,3.1837826441919153e-09,6.875458789928523e-09
7.625e-07,172.57005336271152,1.3835793298903447,-293.16974110688477,-0.034718342212326905,172.1834133796338,1.373210094106063,-293.2398053805282,-0.03467265252730851,253.37940809933608,3.2183612607979206e-09,6.9067600673745704e-09
7.65e-07,152.64771531520927,1.5236704409119406,-298.002541439201,-0.03351407625485812,152.7054709274325,1.5804431460276613,-297.74944234448606,-0.032658108767288835,213.89700935731176,3.2542062646406615e-09,6.993833393484059e-09
7.675000000000001e-07,129.32108772219385,1.7582402143865332,-302.91158652485285,-0.03278986214051586,129.21866226207223,1.761804411440542,-301.9779987282078,-0.030585000944083614,164.74695290009907,3.2911921914837297e-09,7.1388387527681146e-09
7.7e-07,103.0945300177907,1.9115135061146336,-305.1855130146521,-0.030216135193756734,102.98981209348774,1.9127869804298239,-305.915627548414,-0.028460916821695395,108.15070935012255,3.3291777280233625e-09,7.3393761215428424e-09
7.725e-07,75.93720857097138,2.0136728579102923,-310.69448129009885,-0.025456109236901486,74.85585552191151,2.0302965926475447,-309.5541493637423,-0.026295246231506256,46.66630002918462,3.3680105566408487e-09,7.588749666193213e-09
7.75e-07,44.40580942458056,2.131921277629023,-311.65335165867094,-0.02446048834943788,45.24831296881124,2.112124794913018,-312.88713825388226,-0.024099073193290486,-16.927319779884225,3.407531123944082e-09,7.8766073196175e-09
7.775e-07,14.841847461330502,2.1586079939495155,-316.10693353569087,-0.02194896380231481,14.323947378360534,2.1564941542251854,-315.9099920036708,-0.02188475526841359,-79.75586328350015,3.4475751802327254e-09,8.189738071870405e-09
7.8e-07,-17.591012633116264,2.135383901528244,-317.6904528023734,-0.019790845827465015,-17.83114269503452,2.16179521591787,-318.61998570357565,-0.019665272533337667,-138.9796233947647,3.4879752655831186e-09,8.512901968171826e-09
7.825e-07,-50.66345669218117,2.127371616544562,-319.9666633864749,-0.017797728298719916,-50.97096638735641,2.1265884739592233,-321.0163081305982,-0.017453472415705083,-191.92182102695125,3.5285615896331284e-09,8.829684226820248e-09
7.85e-07,-83.60801023558949,2.043724297671477,-322.9969555586117,-0.013365687823644373,-84.48494800409816,2.049883914947572,-323.1000804326317,-0.015261356724349183,-236.1895894123806,3.569162914153183e-09,9.123450018590796e-09
7.875e-07,-116.41224824294858,1.9420272618189174,-325.7478369871288,-0.013400531765413866,-117.26692606546344,1.9316471628822012,-324.8743568032489,-0.013099549854295303,-269.7821262310364,3.609608068774771e-09,9.378491659418656e-09
7.900000000000001e-07,-147.13503816818874,1.7805113856861756,-326.26356181374587,-0.008978916061553098,-147.69211387273367,1.773426874047158,-326.3441070012985,-0.010977053652297819,-291.1811253190194,3.6497286060357127e-09,9.581391911809852e-09
7.925e-07,-173.4269750785459,1.572460437425894,-327.7496449035174,-0.009179533097749536,-173.71611786391844,1.5789631572956666,-327.5161807390338,-0.008901340819851604,-299.4194006495041,3.689362854880862e-09,9.722492790809207e-09
7.95e-07,-192.66319550796453,1.3489800678086619,-327.96503983699694,-0.006941104947237101,-193.08696567590724,1.354628254978255,-328.3992541322383,-0.006878774698721082,-294.1246009385801,3.728361308002559e-09,9.797206477441186e-09
7.975e-07,-204.40064695845362,1.1093320032597007,-329.9450975064419,-0.002949167931423171,-203.63917778951784,1.109570579522313,-329.0037585744136,-0.004915280439970562,-275.5360390753321,3.766592939056373e-09,9.806802738053852e-09
8e-07,-203.58389070187053,0.8442283311800477,-328.20182073983904,-0.001778231038362872,-203.6222203498752,0.8554783679005677,-329.341792563009,-0.003017142350530356,-244.49387572423774,3.803951755972055e-09,9.758323153766911e-09
8.025e-07,-190.9844174434048,0.6229038871508785,-330.1472947686453,-0.0010061408606359902,-192.00727845937757,0.6059419725022168,-329.4270171673852,-0.0011917738730642313,-202.4011459764293,3.840362713570249e-09,9.663440322654419e-09
8.05e-07,-168.2396006025719,0.36610715835278435,-328.2177922141128,0.0005154592218641526,-168.71779193100213,0.37546317134859164,-329.27453598424563,0.000551694462648039,-151.160345358719,3.875786071427295e-09,9.536372992990202e-09
8.075e-07,-134.77322865712912,0.20633447466162977,-327.76622700524575,0.0019728870794599052,-134.7404377937983,0.17822356192278724,-328.90076057518496,0.0022021371725394054,-93.08744136832419,3.910219404760324e-09,9.391293562537879e-09
8.1e-07,-91.40007508158651,0.05292729001380653,-327.53523258337435,0.0012526919384248003,-92.09232401703578,0.02677069167848,-328.3232625214451,0.003746544210849003,-30.80719701615758,3.943696742123166e-09,9.23989348387371e-09
8.125000000000001e-07,-44.239795595761336,-0.0692815944481404,-327.9607896158257,0.004811587138469279,-43.643769911260804,-0.06919841244350274,-327.56061336162884,0.0051705332648475716,32.86546248389851,3.976284673090026e-09,9.089793200193298e-09
8.15e-07,7.813509634545792,-0.0812110098184912,-327.07117530270443,0.005916030892762094,7.179935438080554,-0.10378526376015458,-326.6322137977851,0.006459209672720137,95.0526779242122,4.008392147022411e-09,8.944258011256388e-09
8.175e-07,57.4493612608461,-0.0629391790029262,-326.12153209381023,0.0062204379279458925,56.77419608882249,-0.07543552216223187,-325.55811366283694,0.007598260282559254,152.94372878586216,4.039966654277715e-09,8.803272908471604e-09
8.2e-07,101.11374911620283,0.04468501459224975,-324.2515974452273,0.007353175897626924,101.7517383149966,0.012992345326548816,-324.358824236773,0.008575127119560069,203.92207140522066,4.0708352136438075e-09,8.665584296857626e-09
8.225000000000001e-07,139.13729685039442,0.17630431481828113,-324.056398250582,0.008678352795201166,139.30050397667543,0.15463816846803047,-323.0551245794522,0.00938009233093694,245.68360078890012,4.100897871773575e-09,8.531004294608387e-09
8.25e-07,166.82203063160475,0.3401420279507672,-322.0649036407187,0.008899535754980308,167.45002527877386,0.33946197078807866,-321.66786361353974,0.01000712004100917,276.3407909123043,4.130605575771185e-09,8.40221271236208e-09
8.275e-07,185.22743237756606,0.5580763150915381,-319.40442943461983,0.01004824674350914,185.20934604793263,0.5553480226055691,-320.2177597413327,0.010454340942011617,294.5080065974928,4.160040980563702e-09,8.285498546555678e-09
8.3e-07,193.28167412408337,0.8002765686449055,-319.1234344832407,0.010005777299920571,192.561522058956,0.789324915117168,-318.7251998135738,0.010724124553908046,299.36413106770425,4.18926308742635e-09,8.190265100369982e-09
8.325e-07,190.28629647331582,1.0424186045632728,-317.86196740815814,0.011631080172712511,190.3239379795006,1.028726308137877,-317.21003928640874,0.01082275167617168,290.68967855573993,4.218305490993805e-09,8.127525996808611e-09
8.35e-07,179.34325427929724,1.2507553245661958,-317.6091202633073,0.009264480383084608,179.90585925616378,1.262137203017861,-315.69140540421796,0.01075976373676585,268.8767145608036,4.247177252911417e-09,8.107895749850346e-09
8.375e-07,162.36960772869378,1.453877269357472,-314.6447107002763,0.008728858735640912,163.0109105189085,1.4800161583366436,-314.1875052310785,0.01054711529284607,234.9111353807956,4.2758658808559734e-09,8.139648118294553e-09
8.4e-07,141.67586313294825,1.6891064102844175,-313.2992964224647,0.009310625185582812,141.3397237466822,1.674946327628557,-312.71544032215104,0.010198282283005077,190.32810784482095,4.304341647789888e-09,8.227289355781915e-09
8.425e-07,116.36129108791643,1.8384964133300736,-312.06608206833045,0.010119221662341287,116.34558329046801,1.8415361856540358,-311.2910297786041,0.009727477380426097,137.14268326855492,4.3325623881990924e-09,8.37085490283113e-09
8.450000000000001e-07,89.41288286615297,1.9465532691936545,-310.32252530248127,0.008498154078173477,89.08405060508244,1.9760520958898085,-309.928643366108,0.009149095507075778,77.75872172364683,4.360477966582129e-09,8.565895629767138e-09
8.475e-07,60.08387627929666,2.1044449962158693,-310.0734904310427,0.010314173957127871,60.17850350468739,2.075908562357541,-308.64104629802057,0.008477462633385122,14.8602430368093,4.388033811396169e-09,8.803959406625946e-09
8.5e-07,30.358248344392596,2.1407354584325944,-306.2668445990531,0.006708781454818236,29.900779393897086,2.139160485811057,-307.43925719075776,0.007726898655530258,-48.709884794053174,4.415173203109604e-09,9.073331063869094e-09
8.525e-07,-0.9929801689475142,2.141350256352126,-306.6563122126724,0.006804324244963043,-1.6561735092654484,2.1641320196011264,-306.3324205913184,0.006912041852946417,-110.07843675926927,4.44183833913029e-09,9.359852869990326e-09
8.55e-07,-34.53022648691428,2.127352569579936,-305.8861618869154,0.006782775750616333,-34.354497647049826,2.1492808558473095,-305.3276953563871,0.00604832975404827,-166.47169406464866,4.467970506217809e-09,9.647759632547179e-09
8.575e-07,-67.2288862372584,2.09931083395178,-305.00199865803665,0.006400077762087275,-67.78734995679815,2.0933418736295084,-304.4301600299415,0.005152498802785048,-215.34080990437354,4.49350991331585e-09,9.920569378337266e-09
8.6e-07,-100.42415416255503,1.9823456576974325,-304.07076869522234,0.0028211985597804126,-101.10584273029528,1.9957304401062341,-303.64273622295235,0.004242958970605287,-254.4770115321541,4.518395831828797e-09,1.016212403751216e-08
8.625e-07,-132.8338818285355,1.8647161414348508,-304.46236096651865,0.005064308536349017,-132.939044248914,1.857125267894634,-302.96613084582634,0.0033399205990675665,-282.1114317593061,4.542567637764415e-09,1.0357847860567887e-08
8.65e-07,-161.76766107693325,1.689949255200744,-302.9897418256987,0.0009117089072561667,-161.4318128828211,1.680105023513717,-302.3987978830514,0.002465195524856991,-296.9950577234416,4.565967160072301e-09,1.0496185894673514e-08
8.675000000000001e-07,-184.16321274918937,1.4593236774165737,-300.1179325850353,-9.067528435056883e-05,-184.40306763173137,1.4696906377940118,-301.93692023142665,0.001641654875919841,-298.45518342546865,4.58854244714237e-09,1.0570033595197127e-08
8.7e-07,-199.77656652936327,1.2375537633974996,-300.88012775421583,0.0022887709254741113,-199.60403878632496,1.2336510370664067,-301.5744119497938,0.0008923909296189188,-286.425814508802,4.6102527236722075e-09,1.0577831994455152e-08
8.725e-07,-205.08827055387152,0.9917977135739842,-301.6920657383135,-0.0001328505495945409,-205.03628552917067,0.9824632637949584,-301.3029410908294,0.00023968829123683982,-261.45065105398504,4.631073987588406e-09,1.0523952757097269e-08
8.75e-07,-199.6165351396952,0.7173259170867851,-300.3997456510786,-0.0018083057770982656,-199.27642959763935,0.7288731522744695,-301.11197310577546,-0.0002960501935995064,-224.65851357322674,4.651004454048277e-09,1.0418088683337945e-08
8.775000000000001e-07,-180.73495177987627,0.4920312208109786,-301.15478659001013,-0.0006439103919800651,-181.7510276891258,0.4870703001365892,-300.98883463254225,-0.0006972623891253513,-177.71232289390315,4.670068939979271e-09,1.0273603459220086e-08
8.8e-07,-153.6001013010264,0.29835129803373406,-302.12129232147333,-0.0001067881503013571,-152.9115255738001,0.27155912365337737,-300.9187972980183,-0.0009499234387454113,-122.73393992413244,4.688321324886395e-09,1.0105118521905402e-08
8.825e-07,-114.48382867282407,0.07347380965499711,-302.3848892911796,-0.0021287370514661242,-114.27474653114047,0.09586418140637713,-300.88518098824267,-0.0010438719876707074,-62.20826237185673,4.705844420979003e-09,9.92590853744735e-09
8.85e-07,-68.08949602852286,-0.021304897276638438,-299.9309823318009,-0.0003269412892773539,-68.31619966306225,-0.02875747763177324,-300.8694758668958,-0.0009727167894434928,1.1290869727201005,4.722746909533237e-09,9.745812262270591e-09
8.875e-07,-17.840107769766277,-0.11550116376343143,-300.4187201713104,-0.0009046721442572966,-18.227846813639758,-0.09441784236872257,-300.85148225489485,-0.0007333423578834691,64.41540415740032,4.7392889158774594e-09,9.570261719728122e-09
8.900000000000001e-07,33.24875826428207,-0.09827496489131148,-300.8423234211572,0.0005795832494984163,32.42542447931297,-0.09735760736548099,-300.8094673232149,-0.00032509762980684187,124.79029176740178,4.755777808312071e-09,9.400701453954538e-09
8.925e-07,80.20237989766487,-0.04445324907431977,-302.47977245934595,0.00015720561569366516,80.0994784441945,-0.03825758300152461,-300.7203373988367,0.00025119715141749593,179.52494237450594,4.772064956761205e-09,9.236221326101746e-09
8.95e-07,121.18134832538934,0.09853791867837523,-302.6942421923964,0.0013778699060532694,121.65539728615741,0.07793751951251039,-300.55982454129554,0.0009942619063325465,226.14547441852292,4.787999452014017e-09,9.075828164656139e-09
8.975e-07,153.50720895757857,0.2518708883132959,-298.20353964401266,0.002475961811680736,154.6772696539844,0.24264896594261218,-300.3026859159599,0.0019032228448493107,262.54474602002387,4.803794028692708e-09,8.920586411661996e-09
9.000000000000001e-07,178.05866293180065,0.45887118112434144,-299.4513010074567,0.002288780530914218,177.67749331032897,0.4446464295298905,-299.9229143710719,0.002978197196972629,287.0775929947015,4.819712745824939e-09,8.774936667531487e-09
9.025e-07,189.69438748136236,0.6651690432382616,-300.369681049836,0.003727172395135863,190.16313349892482,0.6712322706536203,-299.39395851982397,0.004220511131120311,298.63518652796165,4.83580951253172e-09,8.646812711910416e-09
9.05e-07,191.997554865371,0.8949576285154105,-297.3430896801697,0.00535446266491993,192.5604946785849,0.9094531810940601,-298.6889505372616,0.005632530073845682,296.69514971221656,4.85210209009574e-09,8.54659091540953e-09
9.075e-07,185.60900074436802,1.1578622050741953,-297.93932982493476,0.0071250937125680565,186.01877988818532,1.1471704345713198,-297.78093980547067,0.007217147853268893,281.3451677934911,4.868571864876071e-09,8.48526084953751e-09
9.1e-07,171.57554512439032,1.3699533662922128,-296.66112970506435,0.007687564835849595,172.13336328329078,1.3738537153125712,-296.6431304799754,0.008977039048861896,253.27902499799026,4.885166128127326e-09,8.472382900679255e-09
9.125e-07,151.9156326320845,1.5737775256930064,-294.8918009405579,0.011292562480238742,152.64136337465533,1.581018818921944,-295.2491210061712,0.010913817518481098,213.7652470650267,4.9018022014590205e-09,8.514363333732498e-09
9.15e-07,128.99974697774033,1.74313928325133,-292.4510601142785,0.01157887030945188,129.1448030210348,1.7622962787654377,-293.5731435873169,0.013027256665853944,164.5897667724295,4.918372571881979e-09,8.61338151458566e-09
9.175e-07,102.5315548597144,1.887458084942333,-293.8798238145044,0.014652729386062295,102.90931913815497,1.913184093212243,-291.5903015954255,0.015314711657124933,107.97520384207613,4.934750180348651e-09,8.767050369724097e-09
9.2e-07,74.75985515941717,2.012940690044414,-288.85683137766983,0.0183134120139442,74.77055748412008,2.0305913883763234,-289.27680292343746,0.017770843551818242,46.48040759004626,4.950793139090801e-09,8.968681977681215e-09
9.225000000000001e-07,44.79410564379091,2.1225566591493115,-286.04807931574754,0.02072548944648814,45.15898992688086,2.1123115828554972,-286.6101873013122,0.020387687690292037,-17.11519723520266,4.966348405576554e-09,9.207927879204816e-09
9.25e-07,14.699924110128586,2.1462475526670213,-283.7003679658262,0.024448621544455176,14.230845285136361,2.1565680081869587,-283.5695456399791,0.0231550442833558,-79.93723412186338,4.9812542629569654e-09,9.471576624526818e-09
9.275e-07,-18.20577612356054,2.1677147140971242,-280.1301652956625,0.028117243894338978,-17.927645450983483,2.161751568382978,-280.1357295250843,0.02606110978106,-139.14629006731886,4.995341785090711e-09,9.744383889985013e-09
9.3e-07,-51.117962199167486,2.1175060612971466,-274.90540869614205,0.029246154826299404,-51.06969154796694,2.126423542300049,-276.29154905676216,0.029093224138568012,-192.06625057964698,5.008435735082318e-09,1.000992689871011e-08
9.325000000000001e-07,-84.1426654329514,2.047707487303262,-273.40985544202795,0.033601569883068574,-84.58340166147775,2.049595901157502,-272.021957321546,0.032238589565781295,-236.30525395834556,5.020355507595462e-09,1.0251559848496933e-08
9.35e-07,-116.75248874426644,1.937205530389776,-268.0529630924282,0.03445916173771495,-117.36105956096112,1.9312379887158369,-267.3142198873549,0.0354848244727596,-269.86379799619584,5.030916745739897e-09,1.0453562019733075e-08
9.375e-07,-147.8796340456076,1.7790103882765014,-261.54207771248514,0.03936399915853677,-147.77643506935706,1.772904077516777,-262.1580678313047,0.03882025089326502,-291.2251129255793,5.0399341383872855e-09,1.0602501943286455e-08
9.4e-07,-173.44373196366274,1.6071599301929154,-256.72548914946367,0.041538839965490564,-173.7841605822413,1.5783415102856708,-256.5458329419418,0.042233868771575436,-299.4237159578209,5.047225656116005e-09,1.068870656933106e-08
9.425e-07,-192.8152376654783,1.2869457707941652,-250.66722579176528,0.04621249996024571,-193.1320565362889,1.3539306788200514,-250.47256388123895,0.045715036610094274,-294.0890489065453,5.052618159754069e-09,1.0707571626126915e-08
9.450000000000001e-07,-203.52404365908424,1.1140453666360584,-245.16767691197253,0.04956227545921021,-203.65538096983116,1.1088280341482963,-243.93612224611064,0.04925294370469196,-275.4622265738309,5.0559539758537436e-09,1.0660347410190613e-08
9.475e-07,-203.61867631987616,0.8690995733662269,-234.78429582917826,0.05199319882832845,-203.60530259853383,0.8547285542192334,-236.93725763301006,0.05283601335577982,-244.38513891024476,5.057097743515871e-09,1.0554050577700795e-08
9.5e-07,-192.13075110376687,0.6222267231403131,-228.08439228506705,0.056207870644185746,-191.95552620858373,0.6052268884664792,-229.4796609809191,0.056451410081201206,-202.2623995063106,5.055942654022417e-09,1.0400320807248865e-08
9.525e-07,-168.68045830480918,0.3939110795105266,-222.49130809266782,0.06158955844832073,-168.632531721622,0.3748257644397327,-221.56999564632034,0.06008483182692522,-150.99786025695659,5.052415167603495e-09,1.0213334259734849e-08
9.55e-07,-134.9937393097298,0.16458160915122874,-212.4911080558724,0.06345789023584575,-134.6261573088319,0.1777038884105194,-213.2179058469694,0.0637207499286796,-92.90856159149028,5.046477413637931e-09,1.00072111493169e-08
9.575e-07,-92.01781212679495,0.02206447836145834,-204.88381185577163,0.06704838960493961,-91.95635590161609,0.02640209580163498,-204.43600229793932,0.06734321893096999,-30.620007522802066,5.038126746675162e-09,9.793583370815137e-09
9.600000000000001e-07,-42.884570053529195,-0.08299683940928686,-195.48748606813402,0.07016389450625185,-43.49557293034551,-0.06939256733404502,-195.2398250518565,0.07093732206086296,33.052501154962684,5.027392299985283e-09,9.580008495749577e-09
9.625e-07,6.924234524162116,-0.11657519020357114,-185.57157655692657,0.0740554425142336,7.329796163101722,-0.1037938494378019,-185.64778374389132,0.07449125323284597,95.23111205099619,5.0146461439461516e-09,9.369690540662675e-09
9.65e-07,56.68702216936267,-0.10377585299478549,-176.33120459183863,0.07681461924109693,56.9152178103071,-0.07526056906623692,-175.6810756292597,0.07799896654515412,153.10549355218342,4.999796439506761e-09,9.162559197441263e-09
9.675e-07,101.7070206741952,0.030022999601384714,-166.72760082563383,0.08053471226090302,101.87462197949704,0.01333617216259446,-165.36358198517053,0.08146324490560794,204.05985541203162,4.982633344041298e-09,8.957314243572486e-09
9.7e-07,139.2824670710624,0.15840820533847266,-154.7453632341762,0.08337198151126819,139.39809739349326,0.1551254401410635,-154.7217436286747,0.08489893349346458,245.79117651286242,4.963022907786135e-09,8.753730232435357e-09
9.725e-07,167.860416659127,0.35557442087061475,-143.63090204036823,0.08743673598374382,167.51793204514343,0.34005941144176804,-143.7844164752452,0.08833591808530805,276.4132961756802,4.941381404446582e-09,8.554456797518518e-09
9.75e-07,186.25518152299946,0.5485612504687487,-132.7919151227683,0.09458200516910875,185.24612164714213,0.5560180247469954,-132.5827082286204,0.09182115640203695,294.54216432749394,4.917759964105651e-09,8.365757335350469e-09
9.775e-07,193.58334670115775,0.8300825393113134,-121.06453561037448,0.09426239857331573,192.56844873465974,0.79002913492951,-121.14979744905958,0.09541864969137727,299.358397412722,4.892188961861781e-09,8.197011414520923e-09
9.8e-07,190.65708247523102,1.0072340865606024,-108.95794425347455,0.10055332797439272,190.30444047241065,1.0294288394651512,-109.52073639334945,0.0992056778287004,290.6443126639223,4.864676823146038e-09,8.059209231390523e-09
9.825000000000001e-07,179.84928893010263,1.2685964407769579,-97.38266698658103,0.10136610187344883,179.86468188717302,1.2628069290011705,-97.73223915439077,0.10326306011694297,268.79376686714704,4.835211448656877e-09,7.962942298645045e-09
9.85e-07,163.53886343351792,1.478281707917934,-85.38183983221843,0.10480290415597772,162.95321223891213,1.4806280441489457,-85.82245674985569,0.10765706853834064,234.7943549321576,4.8037637324935565e-09,7.916463473987286e-09
9.875e-07,141.008515674002,1.6618491957058175,-73.53160591106922,0.11211767073870163,141.27025548347098,1.6754816161988562,-73.83074091715562,0.11241172901359267,190.1827728515358,4.770292403599363e-09,7.924262845735838e-09
9.9e-07,116.40151014941041,1.8468311036213843,-61.493439041975265,0.11711543297720786,116.26809014320008,1.841981654805839,-61.79739846493329,0.11747369339888886,136.97536254134764,4.734749323014773e-09,7.98636725403587e-09
9.925e-07,88.55444829678589,1.9781267892121053,-50.1753388025322,0.12050228894441661,89.0009943795882,1.9763986947930903,-49.7634381086221,0.12267823904692789,77.57697777835173,4.697084428484417e-09,8.098328926044787e-09
9.95e-07,61.097109888919555,2.077232930905788,-38.48685729761435,0.1266357614601871,60.09113746997087,2.0761498394771007,-37.770311778705796,0.12773258124301876,14.672290285864339,4.6572497163695694e-09,8.251708693201083e-09
9.975e-07,29.198214689528037,2.1499495586111874,-26.517619664052475,0.13199161454542085,29.809538629506267,2.139291233527218,-25.859652434609536,0.13223583793792482,-48.895551314330156,4.615201946610929e-09,8.434816892223995e-09
1e-06,-2.6235705153979265,2.1736400314134268,-13.352919277038014,0.1362830396913183,-1.75106371682892,2.1641474911562497,-14.073010444295605,0.13574551752652972,-110.25342534498023,4.570904090798408e-09,8.633534352279673e-09
1.0025e-06,-34.48524249391585,2.1338411227924245,-2.20937697433277,0.13757309609741877,-34.45233512168897,2.149176772051934,-2.4515905993941134,0.13787627444373435,-166.6280956302175,4.5243258512783325e-09,8.8321479209019e-09
1.0050000000000001e-06,-68.53772953902791,2.073884901316351,10.139722997535506,0.13948802352715303,-67.88634626373386,2.0931152561752837,8.964008171974585,0.13839166631297603,-215.47155545521977,4.475443801464727e-09,9.014241736029003e-09
1.0075e-06,-101.18415990625837,2.0322324270072225,20.285085737637836,0.13499801651528912,-101.20273325901181,1.9953811194396354,20.13404835760854,0.13724709952251027,-254.57619166711933,4.428606870361948e-09,9.170541438351333e-09
1.01e-06,-132.93973578800498,1.8536876071947939,30.926584220166703,0.13530216028699532,-133.02901951725144,1.8566577520321172,31.019902683991894,0.13456949779199842,-282.17456376215284,4.384829209032416e-09,9.288039801305165e-09
1.0125e-06,-162.06489129221535,1.7016440949335445,41.40937533384473,0.1292656633280265,-161.50881282112425,1.6795303106546802,41.58429427350086,0.13059447102651883,-297.01928817141123,4.343911116641938e-09,9.354832897927939e-09
1.015e-06,-185.14657907089162,1.4611789804390123,53.66866261922012,0.12340504808164107,-184.46041179922543,1.4690275303839626,51.79152627537063,0.12559653860974634,-298.43941715749435,4.3056521284871546e-09,9.363468267638375e-09
1.0175e-06,-199.78598031649938,1.2508058852555672,62.19115276346674,0.12056318916233906,-199.6353003447317,1.232926574176975,61.6076992005214,0.11983760499359718,-286.37076412429167,4.269856997485972e-09,9.312040082130017e-09
1.02e-06,-204.82671675374274,0.9776368672647382,70.89691412290635,0.1139530025522168,-205.03626722219593,0.9817120230861471,71.0009142959245,0.11354011526136576,-261.35880470495437,4.236342353755923e-09,9.204573183226815e-09
1.0225e-06,-199.7220373450539,0.7580418694273858,78.1316368230396,0.10657069662703851,-199.24207509229473,0.728135359412915,79.9414614136095,0.10687925302968397,-224.53402250548612,4.204943239870483e-09,9.050412039467668e-09
1.025e-06,-182.08379809751605,0.4796045546076161,88.07171866427161,0.09927317921652822,-181.68210617650382,0.4863888897046352,88.40198996166235,0.0999857842745943,-177.56081382021296,4.1755186059805175e-09,8.862569282517025e-09
1.0275000000000001e-06,-152.65203538381328,0.2518302047066817,96.16750757124139,0.09165005532652706,-152.81096100797862,0.27097608476255064,96.35766166844101,0.09295325414071758,-122.56226070959175,4.147954891546079e-09,8.655312653546578e-09
1.03e-06,-114.36268276859653,0.08043510597567374,105.73330905281625,0.08469366141287483,-114.14851963925986,0.09541665953120705,103.78628404552555,0.08584608915897982,-62.024172525997656,4.1221670180664384e-09,8.441562531738061e-09
1.0325e-06,-68.07058054300593,-0.01752566849860849,109.72942904961056,0.07836308241402125,-68.17282104836471,-0.02904078885224376,110.66842359826583,0.07870711867107023,1.3172670080926296,4.098096441343183e-09,8.230806867239527e-09
1.035e-06,-18.497910074199343,-0.07433613776108636,118.11890214632588,0.07368789869942798,-18.0774708294964,-0.09451951141915309,116.98749800373443,0.07156403642032859,64.59916907322994,4.0758391231354695e-09,8.028135761742292e-09
1.0375e-06,32.68821374903513,-0.07724876471501654,122.93402015804776,0.06297977547422766,32.57211539742261,-0.09727307969614456,122.72984665302786,0.06443473724083876,124.96133580798096,4.055537674776539e-09,7.834666221055002e-09
1.04e-06,80.22154413451504,-0.027076276454050467,126.08650437328495,0.057581731480770296,80.23245117667884,-0.03799537961616408,127.88477913655053,0.057331591682249786,179.6755347387192,4.036884731506081e-09,7.649179197476592e-09
1.0425e-06,121.00714098416462,0.043387664923117235,131.3269714243948,0.050976557514460945,121.76632978742398,0.07835702739958327,132.4446014356744,0.05026473778361084,226.2688086744518,4.019575607626617e-09,7.47039328704354e-09
1.045e-06,154.84555786828602,0.20487933150622306,135.30348877091996,0.041995461594311556,154.76034035204225,0.24319600061104202,136.40461977032635,0.043244457319065066,262.6352477401696,4.003677091058289e-09,7.2991050339506605e-09
1.0475e-06,177.30654096984372,0.44610800942599865,139.0669313254187,0.032907332113787324,177.72978859902088,0.44528508614127144,139.76312223804672,0.036282698741954875,287.13117170741185,3.9893108196628425e-09,7.139505358299296e-09
1.0500000000000001e-06,190.4251306766014,0.6730346034484962,141.44148479007762,0.026950400623215395,190.1846290991402,0.6719241384922906,142.52133856425985,0.029393821687109165,298.64942059743936,3.976397094127277e-09,6.999293823835628e-09
1.0525e-06,192.46344252415147,0.924440985164585,143.37983979602885,0.02171293926816187,192.55363858155366,0.9101607857743329,144.68337846431567,0.022594666542985652,296.6693957909353,3.964828431959379e-09,6.8886258598348925e-09
1.055e-06,186.80721220270019,1.150327250253505,146.70616178226044,0.01773139424956057,185.98777047511413,1.1478600406640014,146.25614929375263,0.015904088924559866,281.2805899000419,3.95447002597021e-09,6.818282561109992e-09
1.0575e-06,172.72127754222663,1.3796148456416892,146.97266406953648,0.010361664568994474,172.0832645060548,1.3744971645099464,147.2492538326642,0.009342131904161052,253.17854190609427,3.945162623018525e-09,6.797629067495125e-09
1.06e-06,152.43562094468595,1.6053814730218354,148.44762429840364,0.0049671334946633505,152.57722123035555,1.581594264640736,147.67486921160585,0.0029290281879316496,213.63340038161041,3.936727156260007e-09,6.832891579184384e-09
1.0625e-06,130.12905335026792,1.7772531415054789,148.01173516428696,-0.0024164154148394244,129.07092027051766,1.762787880167644,147.54760813874083,-0.0033157773642941736,164.4325156673266,3.9289702905713425e-09,6.926086995225915e-09
1.065e-06,103.05562212194671,1.9273440280229004,147.17762037454182,-0.007852444181024931,102.82880992559566,1.913580913665161,146.88436372961945,-0.009374420301488516,107.79965570712922,3.921690022061694e-09,7.074685525480608e-09
1.0675e-06,74.93166999158954,2.014627533720284,147.20606633372535,-0.016141513101896095,74.68524683669503,2.0308858730152757,145.70413937090714,-0.015231107384154475,46.29449680117909,3.914680605238839e-09,7.27187769346304e-09
1.07e-06,46.315819972954436,2.1372462294708807,144.15715319022573,-0.01852436916120075,45.069655481975126,2.1124980445497075,144.02786516642036,-0.020872251737425632,-17.30306793370378,3.907736335068993e-09,7.507215194586589e-09
1.0725000000000001e-06,13.912353905325089,2.1528725137942253,142.56293606490183,-0.02533026772867082,14.13773236687915,2.156641522005926,141.87820261702458,-0.02628626671816605,-80.11857340227664,3.9006540342078625e-09,7.767408311196623e-09
1.075e-06,-17.48881871728088,2.1964889697595393,139.57967155218637,-0.033046907399922755,-18.0241570375694,2.1617075680892177,139.2793392744365,-0.031463095178485063,-139.31290180712512,3.893234424700737e-09,8.03715555758556e-09
1.0775e-06,-51.2225915634459,2.1415127339137254,135.72023621044292,-0.03848845632090585,-51.16842031296903,2.1262582490205495,136.25677518200555,-0.03639359677316425,-192.210604307632,3.885282834918981e-09,8.299997614987923e-09
1.08e-06,-85.79951102648016,2.053574455240795,132.96890561611028,-0.04207380570182935,-84.68184930216667,2.049307525125297,132.83710297257474,-0.04106893793244346,-236.42082521473856,3.876609854311363e-09,8.539272425696798e-09
1.0825e-06,-117.62791130213233,1.9199182830144559,130.28356480779476,-0.04414247298588613,-117.45517281595306,1.9308284654862706,129.0477835340519,-0.045480123688016356,-269.94536322340167,3.867032569497738e-09,8.739263046289594e-09
1.085e-06,-148.17064671455756,1.8098268034734142,126.16116788744955,-0.04860700850323687,-147.860718070396,1.7723809642997044,124.91691917707654,-0.049617779160564535,-291.26898556107676,3.856376890703019e-09,8.8865613321397e-09
1.0875e-06,-174.0359529008761,1.5645806411940446,119.51346060529629,-0.05321624464328884,-173.85214528923416,1.5777196020806092,120.47302624599418,-0.05347223729126748,-299.42791305839677,3.8444812303597775e-09,8.971535949140732e-09
1.09e-06,-193.42651600772143,1.3470114339123236,115.49654709139361,-0.05607061286755193,-193.17707030478923,1.3532329213729122,115.74480910422677,-0.05703392797227941,-294.05338077281226,3.831201472085828e-09,8.989640499655852e-09
1.0925000000000001e-06,-203.88642773445648,1.0937683386523016,110.58950775464447,-0.059851478070320194,-203.67149161280966,1.1080854097480057,110.76093739821063,-0.06029400355076256,-275.3883053242035,3.816416829362209e-09,8.94219586102978e-09
1.095e-06,-202.50472700057648,0.8146566377436383,105.31534184129558,-0.06286152948876933,-203.58828320815354,0.8539787805308692,105.54982846066267,-0.0632450879321192,-244.27630561686675,3.800035904209528e-09,8.836297587643686e-09
1.0975e-06,-190.88436044555164,0.6341657904549312,100.93002068904009,-0.06435702598945327,-191.90367159641033,0.6045119714856065,100.13943665443192,-0.06588201009781532,-202.12357318619982,3.782002074177197e-09,8.683667970529044e-09
1.1e-06,-168.52035988493577,0.39514204826696425,93.14531861651278,-0.06796610919183924,-168.5471777881138,0.3741886488523752,94.55705138324043,-0.06820238282955986,-150.83531554363026,3.762297299819759e-09,8.498565664453092e-09
1.1025e-06,-134.47765336944414,0.17092492851043165,87.0422335210156,-0.07043778244255355,-134.51180080774844,0.1771846161298307,88.82910540584184,-0.07020691411596365,-92.72964513582764,3.740943567728688e-09,8.295191091691893e-09
1.105e-06,-92.2457230533486,0.01809092217659708,83.40924861266437,-0.07394308211606637,-91.8203369858566,0.02603398601044412,82.9809949864516,-0.07189938769311835,-30.43280594115251,3.7180014510412142e-09,8.085253989432919e-09
1.1075e-06,-44.17884761858882,-0.08755763738905237,77.72462421112672,-0.07139260468461812,-43.34735524244232,-0.06958618467027321,77.03691329763868,-0.07328631208157459,33.239526777422846,3.6935656392028404e-09,7.876389117103174e-09
1.11e-06,7.287096518926115,-0.10475362142233291,70.39345907836764,-0.07540969081383536,7.4796459362717345,-0.10380188425750043,71.0196983633174,-0.07437630343356638,95.4095085820453,3.6680759400954167e-09,7.671879548679032e-09
1.1125e-06,56.21490747546446,-0.0974107892889701,65.35515396713345,-0.07418872063321989,57.05619885099421,-0.0750850905488363,64.95069669021034,-0.07517932474202277,153.2671978748806,3.641505868366654e-09,7.47173790943189e-09
1.1150000000000001e-06,101.75936495928273,0.01007212878680902,59.45227648868454,-0.07557268572611928,101.9974403158122,0.013680463893913275,58.84964358743363,-0.07570594153998245,204.19755885924025,3.6137118992850878e-09,7.274751095934377e-09
1.1175e-06,139.98679050908748,0.16352198418491035,54.34159278850922,-0.07658599277327596,139.4956082586397,0.1556130883579542,52.734561017063655,-0.07596676348863811,245.8986552023608,3.5846261976582193e-09,7.0807830105338665e-09
1.12e-06,167.20985576878851,0.37110161274691134,46.269674824271526,-0.07643749796883834,167.58574766782007,0.34065712220284633,46.62167365505202,-0.07597221723760823,276.4856923154643,3.554725838209773e-09,6.892570897645596e-09
1.1225e-06,184.95951640424144,0.543384754791025,40.42230263811164,-0.07643527709070456,185.28280608363073,0.5566881832229512,40.525343673207516,-0.07573273873149476,294.57620577691324,3.524119730230095e-09,6.71645899753173e-09
1.125e-06,191.98466055250873,0.8022570603795047,31.91910231918068,-0.07633796616484538,192.5752915595986,0.790733400176998,34.45802458060517,-0.07525938927340584,299.3525455757853,3.4928912463285157e-09,6.561896117373903e-09
1.1275e-06,190.53658161407418,1.0442407649823178,27.42738260833484,-0.07496914797350225,190.28487161024702,1.0301313165054162,28.430234288327,-0.07456480295232483,290.59883203033183,3.461096124532429e-09,6.439926512840701e-09
1.13e-06,179.69814567239928,1.271345564760724,23.104176954995907,-0.07258604098879878,179.82344821184535,1.2634765175864509,22.45054738641278,-0.0736642837174635,268.71071305797193,3.428763041342253e-09,6.3611788015363455e-09
1.1325e-06,162.7540001840495,1.4715363818734668,16.556018238665203,-0.07300768756299912,162.89547262839827,1.4812397282161451,16.525606447881906,-0.07257681138880356,234.677481790432,3.3958963360470445e-09,6.333925912457886e-09
1.135e-06,141.01566558420228,1.6555039794767115,9.474223482688918,-0.07315225054229924,141.20075863791584,1.6760166565016368,10.660152003234288,-0.07132570638584501,190.03736277711042,3.3624801229845267e-09,6.362662005336365e-09
1.1375000000000001e-06,117.06015065585498,1.8379108880221349,4.653268972768765,-0.0696623917428734,116.19057761216564,1.8424268436910893,4.857070661469571,-0.06993875088717727,136.80798773844026,3.3284829306784412e-09,6.447403385003123e-09
1.14e-06,88.60487201496896,1.9518907082657533,-0.43038021849564556,-0.06612865804365044,88.91792412319325,1.9767449914057116,-0.8825393081223432,-0.06844766149065946,77.39520320689024,3.2938620656237405e-09,6.583678271625439e-09
1.1425e-06,60.189469059179096,2.069617140763804,-5.060883928988405,-0.06747552662421702,60.00375963323047,2.0763907977381195,-6.559285773929993,-0.06688693232909425,14.484331742527287,3.2589968544950114e-09,6.76368035208008e-09
1.145e-06,28.769215957873875,2.148124671952243,-12.340694355370417,-0.06471264905098362,29.71828670265352,2.1394216479737933,-12.175384906668125,-0.06529218752119248,-49.08119853142204,3.226160826010593e-09,6.9792886260048075e-09
1.1475e-06,-1.5771630422186602,2.1858160661619794,-15.66816081282685,-0.06452226141844743,-1.8459640506608235,2.164162615979573,-17.734548834360623,-0.06369827006626062,-110.42837040438889,3.1952310926407655e-09,7.216147711478671e-09
1.15e-06,-34.216325153027476,2.129525510226951,-22.987902089750897,-0.06271213137343755,-34.55017930246959,2.149072330281858,-23.241860037161217,-0.06213733428393804,-166.78443141366012,3.1660833181163304e-09,7.458303241432374e-09
1.1525e-06,-68.6328578123966,2.1000581336057547,-28.53545061750023,-0.06288849880101054,-67.98534193749536,2.092888275295877,-28.70363384539875,-0.06063719828612602,-215.60221594130243,3.13859237388924e-09,7.689094306800363e-09
1.155e-06,-101.90674469092698,1.9765820268971315,-34.72160671908268,-0.05821492819551074,-101.29961118433233,1.9950314408573713,-34.12727050514085,-0.05922016089643642,-254.67527129943133,3.112633286475113e-09,7.892196414503411e-09
1.1575e-06,-132.56938862612847,1.876861868239283,-38.55009700042592,-0.05772533793808513,-133.11896591150781,1.8561899003717874,-39.52109836264953,-0.05790240897582478,-282.2375843669478,3.0880830626788765e-09,8.052882272143083e-09
1.1600000000000001e-06,-161.05114540731333,1.6866711933166643,-44.45589880882503,-0.05764280237245341,-161.5857647095486,1.6789553055435098,-44.894209791580245,-0.05669405200605741,-297.04340136087035,3.06482378913375e-09,8.159461911575826e-09
1.1625e-06,-184.61402845746397,1.4800732317535186,-48.61481324569955,-0.05582822017264873,-184.51768811512648,1.4683641984284423,-50.256291544060645,-0.055599734408746694,-298.42353307036416,3.0427471100678878e-09,8.204712300400227e-09
1.165e-06,-198.14323327839514,1.2114906538958887,-53.425975329198145,-0.05285423087576285,-199.666476431494,1.2322019782929052,-55.617451248387916,-0.0546197026915537,-286.31560068513767,3.021759847722037e-09,8.18697023772036e-09
1.1675e-06,-204.93721520843144,0.9886639375112505,-62.58741264532084,-0.05536043507292391,-205.03615087236057,0.9809607609351029,-60.98804180166796,-0.05375115160587468,-261.26685517560253,3.0017902080175195e-09,8.110512945391843e-09
1.17e-06,-199.7373741138022,0.7440394275232907,-65.9455512133184,-0.052874601878767524,-199.2076174487421,0.7273976694158134,-66.37848541510388,-0.052989646177434443,-224.4094427952693,2.9827937724995717e-09,7.984942910843747e-09
1.1725e-06,-181.50194357264635,0.481027328733031,-71.04599425513499,-0.05138328130971853,-181.61308545112698,0.4857077092679955,-71.79909906277366,-0.05233041732333029,-177.40923464832545,2.9647583653680123e-09,7.823532528881584e-09
1.175e-06,-153.01465207016514,0.2657941379237091,-77.40638770799755,-0.0495140200035556,-152.7103105336748,0.270393394428862,-77.25992306172448,-0.051769357351771524,-122.39053310941543,2.9477069281512903e-09,7.640808359080047e-09
1.1775e-06,-113.53180253786161,0.136172533772298,-81.0751041382533,-0.0512437584550577,-114.02222858119497,0.09496958487388031,-82.77055447229863,-0.051303594010637985,-61.84005819398171,2.9316977333147515e-09,7.44994786951244e-09
1.18e-06,-68.88604144766857,-0.04896962978220735,-89.4166484770522,-0.050796919779656204,-68.02940631140947,-0.029323583786003048,-88.3399869531973,-0.05093159049334119,1.5054465234290058,2.9168215931562856e-09,7.260695563950536e-09
1.1825000000000001e-06,-18.203802364309812,-0.12833206887664544,-92.86002869046068,-0.04947233000082551,-17.92709003943321,-0.09462063138219608,-93.97645863638618,-0.05065279378635987,64.78290848633483,2.9033302256493535e-09,7.0784000715917565e-09
1.185e-06,32.719762824851294,-0.10476201217279825,-99.60054876157399,-0.05261172125528273,32.71878000292668,-0.0971880091316873,-99.68730950325873,-0.05046692351133721,125.13233051580376,2.8915227257785387e-09,6.904441511006578e-09
1.1875e-06,80.08798425768313,-0.03975166903847001,-104.76860436514316,-0.050755310463596624,80.3653700629582,-0.03773267694884173,-105.47884964626023,-0.050373047076184674,179.82605616987678,2.881253518361798e-09,6.737869925335932e-09
1.19e-06,121.8986857037824,0.08495029642477017,-110.66493479401585,-0.05104128057926499,121.87718729066341,0.07877695910143914,-111.35623969034549,-0.05036861603303574,226.39205360303842,2.8723819313218893e-09,6.577678234698488e-09
1.1925e-06,155.26281169433034,0.22569776038199182,-117.16923036574602,-0.0504874909978326,154.84332308473444,0.24374336044040476,-117.32338452728422,-0.05044863854319237,262.72564577607886,2.8651418717386072e-09,6.424939496117582e-09
1.195e-06,176.9515984040685,0.42159034559408926,-121.67432091418573,-0.05070873674265375,177.78199171522974,0.44592395650955197,-123.38284138398902,-0.05060513410825882,287.18463706528536,2.8598189443549847e-09,6.2841186269255205e-09
1.1975e-06,189.0668788666862,0.7057457347726795,-130.27463447175697,-0.05193977653389472,190.20603640456318,0.6726161065989631,-129.53574310501466,-0.0508269644388037,298.66353676485556,2.856497672329808e-09,6.163181471599659e-09
1.2e-06,192.37025601446584,0.9255958965402113,-136.45136518108168,-0.05075940962433432,192.54670441093188,0.9108683845546817,-135.78173738043012,-0.05095943371168123,296.6435247492749,2.855232791996183e-09,6.0725375469403894e-09
