time,v_coil,i_coil,v_bias,i_bias,v_coil_clean,i_coil_clean,v_bias_clean,i_bias_clean,v_coil_src,density_state,heating_state
0.0,-7.851153261303343,-0.029797893945441987,-1.898452894111094,0.07089467892792185,-7.155229408985026,-0.0026604840318074406,-3.14191883584653,0.07249296023954203,0.0,0.0,0.0
2.5e-09,11.101083738714042,0.004031810434628431,3.278878406854969,0.0725136704508662,11.258855073879639,-0.01931174536561232,1.644629531742325,0.07033369458302653,21.07008847089464,1.99539698717891e-12,1.1909881724814252e-12
5e-09,29.64769913172793,-0.01803991386754575,3.2085216550620625,0.06265464292647928,29.10465664661048,0.02429826982998032,6.071516108109133,0.06550698061108892,41.187856925827745,3.0941993210109303e-12,1.8380252776542845e-12
7.500000000000001e-09,45.90683231432108,0.15486455743632213,16.49106874507172,0.06104941560896995,45.258499044139015,0.1258854886384002,10.100266827017272,0.059818139761825144,59.44402804484042,6.978917977166472e-12,4.1765550668452865e-12
1e-08,58.1321505375756,0.2547475613140264,16.307010016287364,0.05252751315307232,58.74047644810885,0.2795290983614359,13.694026300720104,0.053318725868783855,75.0134644681408,1.3934745036248408e-11,9.329579536381384e-12
1.25e-08,68.59929674379724,0.4718624233584817,15.345836987176138,0.04574756930290166,68.80339228398486,0.4761767638748373,16.817867539136195,0.046072228265433585,87.192463125681,2.392869636843107e-11,2.113249740828884e-11
1.5000000000000002e-08,74.3782331073778,0.704289448532223,18.14455820589353,0.03682612624175481,74.99116977609451,0.7044305723666163,19.439088454617842,0.03814933216087218,95.43056101337987,3.684862504937145e-11,4.6738911982324433e-11
1.75e-08,77.80675390278687,0.9546281167749834,23.014873023217323,0.0305017353850113,77.15969006826498,0.9515108303126021,21.527492598960336,0.02962473113955653,99.35541486733783,5.249196173963636e-11,9.619485258425464e-11
2e-08,76.56493926925839,1.288479174154008,24.371509878332844,0.019530710752125424,75.459075947485,1.2042739582201116,23.055651707196432,0.02057536726426562,98.78963023142758,7.056116922389622e-11,1.8107461881112844e-10
2.25e-08,71.04532263008564,1.4755104378707233,25.446204738258704,0.009915423253224368,70.2825529928773,1.4501597771172412,23.999147771855334,0.011079821902051631,93.75877928273066,9.066604259507835e-11,3.125300607497695e-10
2.5e-08,62.38432975571605,1.6846732668701234,27.424670065208886,0.001203444707974433,62.19212763706923,1.677962233022475,24.33679254046057,0.001218603514720887,84.4902450273688,1.1233217967437116e-10,4.992396282117547e-10
2.75e-08,52.34464280371318,1.9197853666968494,27.232546163882745,-0.0070128279498526324,51.83454935297266,1.8783524326526053,24.050822516642356,-0.008924823163019065,71.40294410644668,1.3501428458998267e-10,7.457246974545977e-10
3.0000000000000004e-08,39.40141607776276,2.0428745013467875,23.737394087547365,-0.018645543615518404,39.861836426716934,2.044127392496961,23.12706774972365,-0.01926232613849533,55.088392717873184,1.5811254988738233e-10,1.0513556284234845e-09
3.25e-08,26.542089316989554,2.2004260846553017,18.44640779805223,-0.02976889178252717,26.86893814216469,2.1702041631290037,21.55509291724796,-0.029698732595793923,36.28397143127582,1.8099024402940712e-10,1.4101645131759941e-09
3.5e-08,14.097121725282236,2.2569311574348205,19.93368846725191,-0.040797315337465806,13.357226008626006,2.253418837531356,19.32830943773805,-0.040128870769008874,15.839597265490907,2.0299081368113212e-10,1.8113897672634013e-09
3.75e-08,-0.22303625993956044,2.3178242418260395,13.738156585313805,-0.05149414879089961,-0.2728165810640659,2.292216519845866,16.44405759499908,-0.050434310716649784,-5.3206906251714985,2.2345324337676371e-10,2.2405536069114344e-09
4e-08,-13.536615946884273,2.2638062194845356,11.456617801591516,-0.060285616515689006,-13.702119724864822,2.2863272459595474,12.90365790838662,-0.06048049364223919,-26.24049541638755,2.4172500605539585e-10,2.6808356825810655e-09
4.2500000000000003e-08,-26.936510937441614,2.230915892718472,10.730388315614395,-0.0722287188639335,-26.654364185844386,2.2365129941549737,8.712431243448172,-0.07011557835102829,-45.97428957227613,2.5717256827802526e-10,3.114539181980807e-09
4.5e-08,-39.269720810199644,2.1693137423123665,3.194031927199253,-0.07990520608597557,-38.84936651048477,2.144444622763676,3.879687421961208,-0.07917312164956636,-63.63015053677019,2.691899618835856e-10,3.524513327781004e-09
4.75e-08,-50.725051115721506,2.0054949685385286,0.15109487614214312,-0.08680895762300649,-49.96118368151285,2.0127301380892537,-1.581317642670335,-0.08748126994962416,-78.41007360197557,2.772062962142972e-10,3.8954590747671104e-09
5e-08,-59.282571262545176,1.8750011456860838,-10.333789020809117,-0.09202296634442962,-59.5925831949792,1.8450744632450438,-7.653455991763153,-0.09488063710888614,-89.64603990367111,2.8268453877863066e-10,4.21627361523261e-09
5.25e-08,-67.84403503923657,1.6274778435953312,-12.699879367711995,-0.1017893089912507,-67.27422917536931,1.6465138582532322,-14.315832291930796,-0.10125039627831357,-96.83020935269177,2.907415606390238e-10,4.481983646794592e-09
5.5e-08,-72.77117613427568,1.3918711219938422,-23.44024894841513,-0.11045521510529888,-72.49197603825688,1.4236425619212547,-21.543918312386204,-0.10653705271292911,-99.63787385045447,3.014717522843551e-10,4.6892056774947424e-09
5.75e-08,-75.05897983782839,1.130367313310669,-32.701992322303354,-0.10782874287538202,-74.73994916687595,1.1847402120327275,-29.309716138368195,-0.11077502346326722,-97.9421333555561,3.149935612680499e-10,4.8393163341581755e-09
6.000000000000001e-08,-74.57497434772377,0.9119509832835127,-40.649950334539525,-0.11495367711875296,-73.59167919392583,0.9397182337504828,-37.58194880608701,-0.11408711207634895,-91.81963147665536,3.314574055754979e-10,4.93812091084107e-09
6.25e-08,-69.34606165397123,0.7364806638160711,-48.96985335813764,-0.11613929543853854,-68.77744663003811,0.6998303110866729,-46.32627681179652,-0.11665970197839522,-81.54709135590208,3.5105312117902916e-10,4.9949211197240786e-09
6.5e-08,-59.18141691709506,0.4897345690355463,-57.26054124749807,-0.118897727230447,-60.253961283997064,0.47713170567779867,-55.50553872806532,-0.11869953782854117,-67.58880841309347,3.7401545810174913e-10,5.021047599742573e-09
6.75e-08,-49.11744546839071,0.28533274006502307,-68.38271587328539,-0.1216226643239998,-48.252951127777436,0.28371758757248355,-65.08001395593415,-0.12038826252234876,-50.575665250039954,4.0062608558487167e-10,5.0280805776515035e-09
7e-08,-32.91047373917613,0.11358399630445484,-73.76628884094379,-0.11963345294792868,-33.29812907682403,0.13081355611701817,-75.00770545420588,-0.12185082272724819,-31.27661719367215,4.312108065125746e-10,5.026119406132856e-09
7.250000000000001e-08,-15.35779563178187,0.04456102612832295,-85.33693203046803,-0.12243884579884204,-16.1848659152753,0.027824308007239916,-85.24464011823352,-0.12314537058659278,-10.563937266406102,4.661311898203022e-10,5.0225164759707525e-09
7.5e-08,1.8346125803974596,-0.06654242299167959,-95.74477216007293,-0.12604640847862109,2.077109550581226,-0.018537192393082217,-95.7451843317313,-0.12427206986486894,10.626208568041763,5.057705332320228e-10,5.0214199425930805e-09
7.75e-08,20.278065099507067,-0.05942431664848437,-106.02716237791674,-0.1266801189298249,20.351576856449515,-0.004921002428121768,-106.46237208761627,-0.1251922450317325,31.33607397428426,5.507531231244768e-10,5.024272278683894e-09
8e-08,36.811089585830366,0.05294366279086918,-112.2888203264951,-0.12725901527782607,37.48273706453813,0.06828414812910683,-117.34824296880593,-0.12584899697206392,50.62962019854589,6.010246179385086e-10,5.031138755463105e-09
8.25e-08,51.91962328141228,0.19047174382895046,-130.91459126111494,-0.12766885068679004,52.406409542939834,0.19692790620056827,-128.3541871981589,-0.12618356185558371,67.63482288869247,6.570246820575972e-10,5.0424801965156644e-09
8.500000000000001e-08,63.90191441626523,0.3766161767968708,-141.1599724977028,-0.12630635728689857,64.24994799596794,0.37343632467342336,-139.4312949090503,-0.12614542991364183,81.58308560908573,7.190737819240523e-10,5.060831305524258e-09
8.75e-08,73.44856549164793,0.5869612365179455,-150.8079291841743,-0.1253725202041944,72.40709749291538,0.5874687023118778,-150.53070675492245,-0.1256968485602469,91.84397864914952,7.873398886472541e-10,5.091859600241685e-09
9e-08,76.99040019555608,0.8147791145638716,-163.20493221722242,-0.12184216002730208,76.57807869346215,0.8268073277419309,-161.60396296782,-0.12481346048869864,97.9537330106099,8.618886304840116e-10,5.14446057202519e-09
9.25e-08,76.19428329286787,1.0773537909338702,-174.1224700566916,-0.12117163158443804,76.7708205133082,1.0783644156768555,-172.60334799246792,-0.1234828836390212,99.63620171007537,9.426746020818982e-10,5.229830636390804e-09
9.5e-08,72.85340668012134,1.3335293282930354,-179.0406014885603,-0.12380046015429252,73.26548709858457,1.3291794432181385,-183.48222786372435,-0.12170258744834843,96.81534099381693,1.029539627028219e-09,5.359752229552498e-09
9.75e-08,66.25991666170144,1.546052558434654,-194.7785175087568,-0.11988124347588608,66.55017908565402,1.567289273260804,-194.19537756086982,-0.11947786509040727,89.61864734226195,1.1222176954160884e-09,5.544529051749251e-09
1e-07,56.93301447750172,1.8082005707669693,-204.3475004304163,-0.11349030218933272,57.23994513022244,1.7823809126696302,-204.69929566158692,-0.11682024622669802,78.3713949194267,1.2203455490162468e-09,5.791067035866431e-09
1.025e-07,45.476124582893824,1.9513106685721546,-215.09976303865218,-0.1124360983546882,45.99329736446352,1.9661773730334502,-214.95250373085057,-0.11374639640402967,63.58193392144984,1.3234773369013254e-09,6.101508051560049e-09
1.05e-07,33.3059021382522,2.0981834362511433,-222.90641968168353,-0.10985035822227392,33.43995781195078,2.1125535408342597,-224.91582801429453,-0.11027739292455731,45.918714305393046,1.4311014925156889e-09,6.47263848755479e-09
1.075e-07,20.093330005787436,2.230038622929401,-235.82212903993556,-0.10776672329768364,20.13069652294329,2.2174229782273494,-234.55266116075308,-0.1064382145407311,26.180073373443314,1.5426580181554908e-09,6.89608766673849e-09
1.1e-07,6.978896350847041,2.2572585159507814,-242.82505532342051,-0.10105495443275685,6.515407440474053,2.2784704897432437,-243.82920187323498,-0.1022572952485932,5.258152744907826,1.6575546796947316e-09,7.359168491209619e-09
1.1250000000000001e-07,-6.728705412456312,2.2970916026537798,-250.30905170476498,-0.09810849037767518,-7.050117859546646,2.294823359822024,-252.71467058002912,-0.09776603984717162,-15.901424413303477,1.775181139668787e-09,7.846131915363479e-09
1.15e-07,-20.285183069039878,2.3023866671158544,-262.7555412324313,-0.09584751231628001,-20.273870200180436,2.266753590622655,-261.18149942627144,-0.09299825808915363,-36.34229340035499,1.894920682335198e-09,8.339608226547778e-09
1.175e-07,-32.994325893806725,2.1764956931090076,-271.4455894505363,-0.08827147223154182,-32.883421078114324,2.1954848733667087,-269.2054951092945,-0.08798952931535307,-55.14057348803339,2.0161597871995353e-09,8.82206362036654e-09
1.2000000000000002e-07,-44.81895456670261,2.0941728364774645,-277.8829772776203,-0.08154398519616113,-44.5800971145796,2.0831453236625417,-276.7659733164618,-0.08277655012074071,-71.4466252257081,2.138296272607044e-09,9.277170253290873e-09
1.225e-07,-55.43193784812059,1.9522662921637037,-284.3285290176482,-0.07687981612718428,-55.003994072107666,1.9328666793269829,-283.8458637699076,-0.07739653823337281,-84.5234522086156,2.2607469719073577e-09,9.69103693890076e-09
1.25e-07,-65.21516530569049,1.7108493059323766,-292.10830829679185,-0.07070099697413759,-63.72007838415717,1.7489905527141256,-290.4317851364913,-0.07188676501693243,-93.78001163699335,2.3829558792126747e-09,1.0053257774816794e-08
1.275e-07,-71.41305994326713,1.5175015827572351,-296.68363472493803,-0.06736856762840462,-70.23139636955887,1.5373102468869013,-296.5140893211103,-0.06628426920355136,-98.79792810464595,2.5044034194663015e-09,1.0357710364612588e-08
1.3e-07,-73.70454024446296,1.2955249844408907,-302.36219082951624,-0.059658156194166305,-74.0199476223597,1.3052589060120185,-302.08687492503117,-0.06062577104957047,-99.35040321453914,2.6246170178200783e-09,1.0602995994437671e-08
1.325e-07,-74.84853723844095,1.0780678717749246,-310.20641321885574,-0.0536622754264405,-74.61008404524365,1.0619550603664842,-307.1479699157694,-0.05494776653920084,-95.41246634985758,2.743182564391072e-09,1.0792393979892005e-08
1.35e-07,-72.01312313224017,0.7737421816790151,-310.85232726737615,-0.05149244028572242,-71.64442150850111,0.8180353139341395,-311.6988838189744,-0.04928674374360383,-87.16210328901933,2.8597558112233065e-09,1.0933232382695045e-08
1.375e-07,-65.21013003945875,0.6097690562653098,-315.0889535102822,-0.045495365390458765,-64.9591068023186,0.5852379748462416,-315.74473000344597,-0.04367943553755705,-74.97221165381838,2.9740723163546682e-09,1.1035672042547737e-08
1.4e-07,-54.37801015456607,0.3847149352172694,-320.84836363957686,-0.03713639783547352,-54.6444714743045,0.37574493969377476,-319.2941188855431,-0.03816301022460998,-59.39374678611957,3.0859543598378855e-09,1.1111047333053933e-08
1.425e-07,-40.58208615931093,0.16842761572425274,-320.90042067137745,-0.060446220374730374,-41.078813152252124,0.20133438009079546,-322.359023126626,-0.05922372137847443,-41.13081982109697,3.19531335210093e-09,1.117006243966147e-08
1.4500000000000001e-07,-25.472334231035173,0.08570070054956719,-328.59195451043144,-0.042253824002863205,-24.927009378453242,0.07243556615201173,-329.72620866975296,-0.043228718746134036,-21.008873467397272,3.3021466385394345e-09,1.122124512705293e-08
1.475e-07,-7.547025148402202,0.0037813144139631927,-326.5963246680314,-0.0008384927262711068,-7.101218113051848,-0.0027976607310382573,-329.92721031464964,-0.0011174581780152625,0.06262612351065491,3.4095326428868633e-09,1.1271862631252238e-08
1.5e-07,9.87999142767169,-0.025583315094889092,-331.2372896713871,0.004408107717691101,11.312905686209213,-0.019271532080278833,-329.7209264547137,0.0033962515942630236,21.131295156254573,3.5133232012401892e-09,1.132177139928665e-08
1.525e-07,29.975795424060173,-0.001945734272413787,-333.68033897490466,0.01061787579062601,29.15532325110604,0.0245147293404358,-329.132151424137,0.007622672646579138,41.24487777024471,3.6139249185709238e-09,1.1371300592340539e-08
1.55e-07,45.45627285054156,0.14248546801759304,-329.47119672143407,0.011839726192136898,45.30262998892229,0.1262659092881533,-328.18781535341833,0.01153125241795906,59.49428583600035,3.7111220196562335e-09,1.1420296375043009e-08
1.575e-07,59.06692004621107,0.25299245272928533,-327.0215977601466,0.014948095431105781,58.775488217033875,0.2800510561540598,-326.91672734703167,0.015095060328652633,75.05468766833538,3.805414672328218e-09,1.1469918960208007e-08
1.6e-07,68.13330432447002,0.45218508893335324,-323.6367163240193,0.017245853077001966,68.82749153004683,0.47680964424244243,-325.3493052671298,0.01829164261160819,87.22278854013905,3.897020110220193e-09,1.1524068797062883e-08
1.625e-07,75.3135857694725,0.7305715072101631,-326.2002105956967,0.01884598617275275,75.00347207366289,0.7051382092735843,-323.5172945137417,0.02110365806767276,95.44861800242802,3.986109865949957e-09,1.1589989213654407e-08
1.65e-07,77.94450851513895,0.9614686081102747,-321.4906796979633,0.0236098004406008,77.16022327853867,0.9522544924430163,-321.45347827845825,0.023519227008223457,99.3603872961922,4.07279694310584e-09,1.1677837082701446e-08
1.675e-07,76.07322816674645,1.1712263282179585,-325.696016761502,0.025740804982116786,75.44867458876983,1.2050153056903903,-319.1913818132883,0.025531967919157846,98.78129335762769,4.157129393244357e-09,1.179931560031131e-08
1.7000000000000001e-07,71.21912077223712,1.431672830627502,-310.60460777192714,0.026137818585746427,70.26266704592506,1.4508634394811564,-316.7649732986772,0.027140742079332997,93.73750991398668,4.2390904440782585e-09,1.1965721604762812e-08
1.7250000000000002e-07,62.22817147232027,1.6911681296396077,-315.89325327633657,0.027661542904165053,62.16458186063818,1.6785977409833257,-314.20836391427,0.02834916760938272,84.45700449071124,4.318604520927357e-09,1.2185893945992473e-08
1.75e-07,51.90837924973361,1.883509219659115,-310.38650149504474,0.02961772670371181,51.80129529547229,1.8788953566417677,-311.55550971274846,0.02916499416066105,71.35923479843392,4.395547844794294e-09,1.246453015605576e-08
1.775e-07,39.81744637100797,2.0288956649231085,-309.4391645182813,0.03032990563791522,39.82473792764627,2.0445596793005736,-308.83991787102974,0.029599442704481466,55.03619019968803,4.469761875876004e-09,1.2801193329939632e-08
1.8e-07,26.131919253639936,2.1342533385968623,-304.47295661267924,0.029531579741136075,26.829622592823373,2.170513792543253,-306.0943598445663,0.029666609628291568,36.225635137859285,4.541067755680423e-09,1.3190125570432495e-08
1.825e-07,13.65563938217243,2.248352516892753,-302.56203846839287,0.029712973402483658,13.3170196236647,2.2535990217889945,-303.35059387988804,0.029383011869200035,15.77776386445628,4.609280086024819e-09,1.3620792678865335e-08
1.85e-07,-1.0877801031056433,2.304543986645572,-301.16931071780266,0.028108508271439406,-0.3128681332939727,2.292264722210301,-300.63909924854676,0.028767314456295056,-5.383226404910687,4.674218818502326e-09,1.4078960911829476e-08
1.875e-07,-13.904207091492715,2.3271952552916915,-300.71267948951504,0.02691881907402458,-13.74116066773593,2.2862442931066287,-297.9888244531056,0.027840240201548856,-26.300907099999847,4.735718620422064e-09,1.454806909893004e-08
1.9e-07,-27.233627485891326,2.2426731112979517,-293.00309577062905,0.024495299773508693,-26.691596705322375,2.2363025016151394,-295.4269515237974,0.026624621062591135,-46.02984668923778,4.793635714449984e-09,1.5010692621279297e-08
1.925e-07,-38.58324233593452,2.112090201622967,-296.3637911270103,0.025150531763433934,-38.88391401023773,2.1441128554155635,-292.9786783741436,0.025145519280218475,-63.678342031914816,4.847852737400638e-09,1.544996340464192e-08
1.95e-07,-49.64399973232323,2.008095379183036,-295.2176029927078,0.023688420554538,-49.99198629124521,2.012286307736746,-290.66702101656387,0.023430329517465487,-78.44872132946915,4.898282525741141e-09,1.585087289808349e-08
1.9750000000000001e-07,-58.68953776468198,1.790319459373739,-288.0303885687696,0.02187140978803018,-59.618356014484554,1.8445313460227255,-288.5126372562987,0.021508773978531553,-89.67339707424343,4.9448718456108286e-09,1.6201415464019942e-08
2e-07,-67.58522687973705,1.642782142429831,-283.99447495648224,0.0195085678131588,-67.29350116806738,1.645888519172744,-286.5336732854821,0.019412720729866544,-96.84503948453346,4.987605926939304e-09,1.649352009952562e-08
2.025e-07,-72.4872195515649,1.3812125097364785,-281.1198550477593,0.016155718800049873,-72.50321124488688,1.4229569210806234,-284.7456343906858,0.017175787854825424,-99.63950665537895,5.026514269959437e-09,1.6723682241126377e-08
2.05e-07,-76.02943642005431,1.1618214267489246,-278.73366306177127,0.0128867047977493,-74.74173497856304,1.1840211878205387,-283.16128076859025,0.014832736725809904,-97.93049503449916,5.0616776488051665e-09,1.689317338559904e-08
2.075e-07,-73.7358180075156,0.9630285003525623,-281.4656803426074,0.009573487981972412,-73.58295193068484,0.9389972538822138,-281.790549217571,0.012418699123154889,-91.79524805522486,5.093235652129547e-09,1.700770807251278e-08
2.1e-07,-69.26540631170256,0.7073607133911862,-281.08772298951135,0.009658659024045129,-68.75771531983503,0.6991420835007321,-280.6405012399539,0.009968317529353154,-81.51106490921825,5.1213935958743405e-09,1.707650995043084e-08
2.125e-07,-60.66932843634685,0.44347154896661056,-276.59175004761295,0.007529522338102262,-60.22348812146832,0.4765122706392481,-279.7152978525637,0.007514899229211138,-67.54276725450345,5.146427327097239e-09,1.7110842920417565e-08
2.15e-07,-48.03703243413202,0.29731981201008234,-280.5792371641715,0.004801435020349329,-48.212852166203035,0.2832018068019569,-279.0162011640846,0.005089688753198558,-50.52169033506242,5.168684386027404e-09,1.7122231219445382e-08
2.175e-07,-33.14339650616213,0.07913184756905817,-278.5292164466935,0.0013610497460657723,-33.25037048554165,0.13043231007434636,-278.54160253879263,0.002721348713031641,-31.217148065546983,5.188580235021143e-09,1.712072948236297e-08
2.2e-07,-15.257348097500481,0.043009420285494815,-274.7272954712365,0.0007349828265046009,-16.13214762407023,0.027601747338259854,-278.2870769295353,0.0004357084867229388,-10.50166179429522,5.2065887733884296e-09,1.7113658270644064e-08
2.2250000000000001e-07,2.6577361098460344,0.00985996164154012,-281.20365090525434,3.575936887151667e-05,2.1315726474528365,-0.0185859752030379,-278.2454627305207,-0.001744201299378625,10.688475674618743,5.223227062052345e-09,1.7105149102945024e-08
2.2500000000000002e-07,20.840906588238738,-0.05315684237499331,-283.7323969562845,-0.004951463662166958,20.404348950917758,-0.00479155488386918,-278.40696627460323,-0.0037978558054992456,31.395518383910886,5.239273864408928e-09,1.7096645272872316e-08
2.275e-07,38.469299052732566,0.07574737931356895,-283.4196116387108,-0.005828293011215147,37.530490861797475,0.06858503553163352,-278.75928988230356,-0.005706752982788691,50.683555159279514,5.254844397666113e-09,1.708823172746252e-08
2.3e-07,52.23672347925464,0.22975098173604713,-277.0274907684175,-0.008305302583961982,52.44624504905811,0.19738267486981784,-279.2877821627135,-0.007453838824475755,67.68081066313431,5.27057197000426e-09,1.7080407706296923e-08
2.325e-07,64.67188668097582,0.3578515966288947,-279.64598229196287,-0.01079284734454777,64.27965615611524,0.37401814922380294,-279.97560907152746,-0.009022952433468784,81.61904765455908,5.286980481004151e-09,1.707576322780434e-08
2.35e-07,73.058821735032,0.6050497671487067,-276.2219477572977,-0.01066245712346439,72.42533306861287,0.5881438239172048,-280.8039440504351,-0.010398396908087252,91.86828956309542,5.304456932465666e-09,1.7080034765515203e-08
2.375e-07,76.62888912734253,0.785359542883751,-278.9452758079962,-0.011478429869931842,76.58442151068444,0.8275379137185277,-281.75217540659446,-0.011564718599519293,97.96529399508123,5.323298170040496e-09,1.710219647213922e-08
2.4000000000000003e-07,76.55009907142869,1.0894110356176685,-283.1537035263686,-0.012037510906620943,76.76572223337372,1.0791115776424638,-282.7981289423294,-0.012506740087482045,99.63449023490176,5.343700463653397e-09,1.7153529429990748e-08
2.425e-07,73.89905642010096,1.3334358606048369,-284.4871500315993,-0.012037804772324797,73.25011882685713,1.329906043573126,-283.9183037148655,-0.013209847773145161,96.80043441377869,5.365756018144569e-09,1.7245904062818915e-08
2.45e-07,66.21106722806825,1.5209790934123015,-283.3286830335743,-0.013267707681558084,66.52621029646903,1.567962205671531,-285.08811869495844,-0.013660491066990518,89.59121940083018,5.3894561470053995e-09,1.7389714117009784e-08
2.475e-07,57.634406499941186,1.780741462665685,-287.55926670032613,-0.013752640274814182,57.20929395550085,1.7829726458841746,-286.28216800264806,-0.01384681438547159,78.33268529709218,5.41470009331327e-09,1.7591957738369813e-08
2.5e-07,45.117793921637535,1.9853835653718142,-287.84459238736207,-0.015467529783039153,45.957894680134885,1.9666666797649215,-287.4744823288639,-0.013759321708642115,63.53369220498906,5.441307932767854e-09,1.7854872225635567e-08
2.525e-07,32.9738048744695,2.1043655455185166,-285.658905197996,-0.013778111288648582,33.40156245743389,2.112925470906546,-288.6387941037994,-0.013391469863241835,45.863120910528615,5.4690357224703785e-09,1.8175343995726622e-08
2.55e-07,19.678461625958874,2.200565629424629,-292.3173913987906,-0.013351218584748747,20.09078743495042,2.217668253492477,-289.74880394726034,-0.012740101356494248,26.119640995020855,5.4975910945510836e-09,1.854510815128726e-08
2.575e-07,6.87232984412114,2.283915576191255,-290.8842428850422,-0.012748495008100007,6.475162647639722,2.278584577058686,-290.7784459327719,-0.011805657618821857,5.195612788808856,5.52664781086165e-09,1.8951589688096325e-08
2.6e-07,-6.8278903225467955,2.263280893361798,-290.91089546166796,-0.009109310226821618,-7.089762625479893,2.2948055046489038,-291.70214921609545,-0.010592153319047228,-15.963245283485383,5.555858320091944e-09,1.9379157839713333e-08
2.6250000000000003e-07,-19.690012724358766,2.286205441328754,-289.9266114403335,-0.008526928029783573,-20.312105919650524,2.2666060642897787,-292.49509361975544,-0.009106934683807997,-36.40060102207247,5.584863983602959e-09,1.981056664915517e-08
2.65e-07,-33.52905582201632,2.137266753363706,-292.0203139815438,-0.00542690120207093,-32.919426329989484,2.1952126086683443,-293.13345682781477,-0.007360281780872722,-55.19273248956862,5.613303238113519e-09,2.022841046656959e-08
2.675e-07,-43.92277433348412,2.068444307001939,-294.42454064924874,-0.004022753382881848,-44.61291312338144,2.082756002046208,-293.5946509288601,-0.0053649398033660065,-71.49027813897305,5.640818427085051e-09,2.0616492751260443e-08
2.7e-07,-55.15035566377133,1.9578945706742192,-287.01045219616736,-0.004426578296297293,-55.03244853512036,1.932371210293806,-293.8575461491931,-0.0031356730054399253,-84.5566260213422,5.667062271884235e-09,2.0961055441638875e-08
2.725e-07,-64.2678053859499,1.7688760530411611,-294.86083980578263,-0.002136951424343394,-63.74278288296874,1.7484037760136384,-293.902679741604,-0.000688925583751543,-93.8012069683926,5.6917049265350094e-09,2.125182615639027e-08
2.75e-07,-69.64171143625437,1.5430738933379238,-293.6946392481059,-0.0003681424963924828,-70.24682741675434,1.5366516121147407,-293.71244813669085,0.0019573517564103584,-98.806186974007,5.714442275839562e-09,2.1482814786221333e-08
2.775e-07,-73.75336229765036,1.3091884717666005,-290.77439172603675,0.003952374842199034,-74.0266044103349,1.3045528575271244,-293.27128062218867,0.004783687839482926,-99.34535233977468,5.735005655398326e-09,2.165275173610546e-08
2.8e-07,-73.70526732647419,1.0728231145528762,-289.5181649639801,0.006668726721215262,-74.60669987822538,1.0612308841937705,-292.56579298973696,0.007768909619352733,-95.39433401900463,5.753172591897033e-09,2.176504003997635e-08
2.825e-07,-71.73135132377925,0.784626300848987,-288.06752602931476,0.010468984478533517,-71.63019369349517,0.8173262834520985,-291.58491977635305,0.010889851896688143,-87.13170904213968,5.7687776018870096e-09,2.1827123734133987e-08
2.85e-07,-64.30716233029227,0.5988559574491014,-284.9307396510408,0.014947192293993041,-64.93390374952038,0.5845797499771312,-290.32002392789127,0.01412104504623873,-74.93092924165391,5.7817216647717805e-09,2.1849269807881687e-08
2.875e-07,-55.06278071380588,0.35868058266391517,-288.529578613654,0.017632945860998877,-54.608977112670814,0.37517330927527814,-288.7649829221269,0.017434480336291813,-59.34344207968813,5.791978795296818e-09,2.184290761518122e-08
2.9000000000000003e-07,-40.536217604981886,0.2593470551098689,-287.51146871914733,0.021093243896443636,-41.03457738208913,0.20088256491873174,-286.9162506079065,0.02079954687157831,-41.07376647856992,5.7995982361032325e-09,2.1818824959557474e-08
2.925e-07,-25.058140989142743,0.10440126263019373,-287.2522937264206,0.025683432878191706,-24.876387736914168,0.072131397528182,-284.7728942420759,0.024183211071166145,-20.947650169929727,5.804701174085311e-09,2.1785622986872954e-08
2.95e-07,-8.244161815645336,-0.021170912612041806,-284.02446311388394,0.02735567957653991,-7.04720164254468,-0.00293432348458977,-282.33660643557494,0.02755047273692199,0.12525222229750807,5.807471505001773e-09,2.1748826490678992e-08
2.975e-07,11.386795275944776,0.019115274159601073,-278.4947771723754,0.03332827091670964,11.366951296843547,-0.019230791653071278,-279.6116919521189,0.03086508749794063,21.192493499313844,5.808178650413496e-09,2.1710908231459977e-08
3e-07,29.134893419811394,0.012027121843108043,-275.19373669274455,0.03552312414819819,29.205974999064296,0.024731695885326425,-276.6050295351559,0.034090501425296196,41.30188233183714,5.807253232833547e-09,2.1672241052984645e-08
3.025e-07,45.419148234528606,0.1460372103312526,-275.0062382819628,0.037431393184194056,45.34673748970545,0.12664678497003118,-273.3260091692026,0.03719090759779499,59.54452013975848,5.804498251290085e-09,2.1632712997182593e-08
3.05e-07,59.20139821564084,0.30839804509662266,-267.58124763153086,0.040043785169297345,58.81047000402909,0.2805733895363796,-269.7864454081443,0.040132312702489466,75.09588123812794,5.800417632154339e-09,2.1593524252894172e-08
3.075e-07,69.16976191449001,0.4822035080390667,-264.94417538932794,0.042478205395518845,68.85155681835639,0.4774428002404705,-266.0004676235749,0.04288349821556187,87.25307952042172,5.795222010952208e-09,2.1558611742221725e-08
3.1e-07,74.48146360375834,0.7346092929996333,-263.84259798916696,0.04349394249775794,75.01573918078773,0.7058460098180471,-261.9843882387846,0.045416776000690946,95.4666373098733,5.789066214798382e-09,2.1535249192993926e-08
3.125e-07,76.49767958045413,0.9834149809802054,-258.0904117143435,0.04848139201121089,77.16072264986678,0.9529982031353235,-257.75655021662953,0.047708469654592814,99.36532049913924,5.782037298223879e-09,2.1533615118765655e-08
3.15e-07,75.35125515493738,1.1869095807027599,-254.34724647872793,0.04987522124291103,75.43824287343841,1.2057565918833542,-253.33715526044,0.04973909515628918,98.77291748653761,5.774149046307189e-09,2.1565423666402725e-08
3.1750000000000003e-07,70.28499235285831,1.4314120548296179,-252.07161313935785,0.04891047193966726,70.24275569835405,1.4515669427188906,-248.74807436458946,0.05149326001251432,93.7162035391583,5.7653430785926535e-09,2.164197135994773e-08
3.2e-07,61.702586789448546,1.7158655292622491,-248.90285185525585,0.05303398069631759,62.13701637132073,1.6792330085232268,-244.01264251378353,0.052959341241623326,84.42373061176599,5.755495883140616e-09,2.177208641408167e-08
3.225e-07,51.28047598349669,1.9234621357420125,-238.5636424289904,0.05249204645155238,51.76802724396137,1.8794379776115033,-239.15543947604627,0.05412903214385998,71.31549731892527,5.744430451750866e-09,2.196044759259243e-08
3.25e-07,39.47227321575741,2.0440241959754837,-233.0179657564483,0.054288567361209746,39.787630636279886,2.0449916190803217,-234.20205876247508,0.05499686089107171,54.983965954086194,5.731930773589045e-09,2.2206593959644595e-08
3.275e-07,26.77016076262649,2.1132910486322922,-228.13139821808215,0.05486733189100292,26.790302616309717,2.1708230477052877,-229.1788669359569,0.05555977851982032,36.1672845431359,5.717757329729176e-09,2.250474125164424e-08
3.3e-07,13.223579680079833,2.250190332497708,-227.89325731804684,0.05626400194664729,13.276812279014822,2.2537788185712366,-224.11275554017334,0.05581689122362734,15.715924234610217,5.701661917181157e-09,2.2844329061550385e-08
3.325e-07,0.7633279155993635,2.3132021176529856,-223.40929126610482,0.0548886162526035,-0.35291789962442377,2.292312534998002,-219.03088798860654,0.05576937627623501,-5.445760059437123,5.6834005671093564e-09,2.3211099411818032e-08
3.35e-07,-13.877534803674406,2.29599699338781,-211.90406679091984,0.05531402217641339,-13.7801974558545,2.286160957454352,-213.96044380022786,0.05542057912105925,-26.361308400430673,5.662743914967091e-09,2.358847001303679e-08
3.375e-07,-26.28007066980066,2.2410840984772196,-208.75539725707563,0.05451305866865276,-26.72882266282735,2.236091640848435,-208.9283625937206,0.054776248858125015,-46.08538563434477,5.639485011819173e-09,2.3958998870861952e-08
3.4000000000000003e-07,-39.5218650908553,2.145197548510938,-202.7285572956861,0.05515510855821816,-38.918452129487456,2.143780742472007,-203.96109025519,0.053844837968045456,-63.72650838785862,5.613445114418369e-09,2.4305804598995644e-08
3.425e-07,-50.16105547784481,2.0669808701459376,-198.63267586946094,0.051872985012268516,-50.02277606281609,2.0118421639135784,-199.084329675354,0.05263777540944642,-78.48733808665006,5.584478353608456e-09,2.4613869549619466e-08
3.4500000000000003e-07,-59.65627635978913,1.8540828050479383,-192.590695625963,0.050847736789554725,-59.64411189013969,1.843987959048682,-194.32279841131412,0.05116962330217016,-89.7007188431788,5.5524762907158864e-09,2.4871183210574644e-08
3.475e-07,-66.2498165086298,1.6855197006404254,-185.58963058717015,0.04997036681320992,-67.31275170313673,1.6452629676906088,-189.6999955655747,0.04945804610375318,-96.85983138348732,5.517373213317023e-09,2.5069673705135047e-08
3.5e-07,-72.05697609006393,1.4132126574104815,-187.83971024095715,0.04831876788357234,-72.51442054023983,1.4222711399835293,-185.2379800915462,0.04752355411119297,-99.64110012420417,5.479152630667327e-09,2.5205839021461898e-08
3.525e-07,-75.2181872134857,1.1708983935909871,-178.0466929594226,0.04419817045224977,-74.74349111356561,1.1833021098588952,-180.95716263109463,0.04538902425513616,-97.91881805203367,5.437854886005186e-09,2.528095563655821e-08
3.55e-07,-74.52921364576923,0.9759667709246999,-178.47728684691646,0.04312820755178421,-73.57419259691173,0.9382763186169087,-176.8761128667026,0.043079042933003305,-91.77082839448423,5.393585219122373e-09,2.5300744163348144e-08
3.575e-07,-68.66024178834788,0.7352405222366124,-176.37659378187175,0.042090089535275856,-68.73795153273433,0.6984540059805804,-173.01138422959815,0.04061915030480034,-81.47500628325676,5.346521109111121e-09,2.5274434020769964e-08
3.6e-07,-59.476370779205986,0.5331077513625877,-171.00392867553882,0.036901152879200955,-60.19298449309051,0.4758930915518881,-169.37735764705437,0.038035086534336245,-67.49669943109839,5.2969174126055e-09,2.521329355517985e-08
3.625e-07,-47.65133097713866,0.3092570799991278,-161.01870032431046,0.03350098051290798,-48.172727318185615,0.2826863802955516,-165.98610583837404,0.03535214380930084,-50.46769547492141,5.245107762912703e-09,2.5128849939140376e-08
3.65e-07,-33.378934166660166,0.11925057869385187,-160.77699216732893,0.03179453402256515,-33.20259297748399,0.13005150066900262,-162.8472794814262,0.03259471271395757,-31.15766661338589,5.191500938762742e-09,2.503116019513899e-08
3.6750000000000003e-07,-16.72164060627366,0.012252076733522367,-160.84723550677526,0.030575487334091784,-16.079419271771833,0.027379682080126755,-159.96801637166809,0.02978608012788822,-10.43938217629493,5.136571423388665e-09,2.4927548817935905e-08
3.7e-07,2.477097372977104,-0.019904477789241072,-159.64900537071378,0.024448327278742053,2.186035837506873,-0.01863423333104886,-157.35287448517258,0.026948493693047512,10.75073856155436,5.0808440810370185e-09,2.48221556194641e-08
3.7250000000000003e-07,21.011944442682363,-0.026477521040208223,-157.61591957249266,0.023603801853352674,20.45711100000796,-0.004661586187451338,-155.00378963817437,0.02410346241009636,31.45495039908398,5.025113181712407e-09,2.4716439349929188e-08
3.75e-07,36.66004649755424,0.044652735234380535,-153.50539751834623,0.020604285280928395,37.5782252835115,0.06888640756369598,-152.9200582100326,0.02127222211339189,50.73747011094847,4.969512762028366e-09,2.4610509534835896e-08
3.775e-07,52.87932221243469,0.20028470065445608,-148.74193678993916,0.017163946356144925,52.486053537019956,0.19783786163914352,-151.09834516629095,0.01847626564934335,67.72677171826398,4.914708476113653e-09,2.450489958007485e-08
3.8e-07,64.30981212858318,0.3885523732573238,-151.78724814147014,0.01565781210219159,64.30933200082958,0.3746003011283659,-149.532717385803,0.01573782566014993,81.65497747812522,4.861257007391361e-09,2.44022420135856e-08
3.825e-07,72.48275621614557,0.5713565333333755,-148.74508235738855,0.014063367767860059,72.44353372776428,0.5888191657499237,-148.21470206275572,0.01308020506381094,91.89256420889546,4.809585616601944e-09,2.4308321513635384e-08
3.85e-07,76.52987045714997,0.8257185144112673,-147.9648191817371,0.009508467928167712,76.59072951452302,0.8282686052739514,-147.13336972297972,0.01052787536212098,97.97681630440589,4.760036655440995e-09,2.423216281655198e-08
3.875e-07,77.36211495985985,1.126273133413275,-144.44316564485365,0.007543031323111513,76.76059163208495,1.0798587317807824,-146.27544116627826,0.008106301410575105,99.63273942560933,4.712856582538768e-09,2.418509689118455e-08
3.9e-07,72.447566850084,1.314782414952358,-143.71947192133115,0.006814820735677322,73.23472254554403,1.3306325315701162,-145.62541742467982,0.005841496527474566,96.78548961846204,4.668191855041786e-09,2.4179041290250233e-08
3.925e-07,66.63261307877367,1.5503108322545394,-147.5186337925768,0.0036447389721038412,66.50221891367973,1.5686349357774532,-145.16573161254908,0.0037593559494324153,89.56375609020355,4.626091434179908e-09,2.422443348841546e-08
3.9500000000000003e-07,56.78553398268926,1.7650502615823056,-145.30556833289089,0.0015901794821144824,57.17862597084981,1.7835641047812534,-144.87692134029464,0.0018848520585061695,78.29394475025427,4.586514895325125e-09,2.4328312675991354e-08
3.975e-07,45.49978495736428,1.993114207950324,-144.5398641641104,0.002219895326583239,45.92248070091346,1.9671556590688537,-144.73782017086373,0.0002411955016941504,63.485425406432235,4.5493445849424365e-09,2.4492956156013118e-08
4e-07,33.88451415942445,2.1211339285760857,-145.60808413129558,-0.0018577982580709007,33.36316061406275,2.1132970382953498,-144.72576641904328,-0.00115093108252835,45.80750940963069,4.514399996742859e-09,2.471529126871028e-08
4.025e-07,20.163438750210144,2.211370723995701,-143.55918262879155,-0.004839392680752496,20.050875764807977,2.2179131462709205,-144.8168274294464,-0.0022739756954573793,26.0591983049771,4.4814525758967255e-09,2.498709666738361e-08
4.05e-07,5.261370504027824,2.3049645715674263,-146.33609678302304,-0.0039065013166954,6.4349183435210735,2.2786982746052122,-144.98603732142752,-0.0031138958392334212,5.133070781564417,4.450239478117586e-09,2.5295844621883927e-08
4.075e-07,-7.114359756174306,2.296316447666423,-150.4241288231822,-0.00400637152453664,-7.129404396137478,2.294787262300086,-145.20764605941898,-0.0036602939058100127,-16.02505985163104,4.420475336039377e-09,2.5625955744861235e-08
4.1e-07,-20.500436167041457,2.234120052783852,-149.46676422739665,-0.00460432724656861,-20.350336307627487,2.2664581615418258,-145.45537759647888,-0.0039063319867487945,-36.458894273408816,4.391861710266322e-09,2.596023933943915e-08
4.125e-07,-32.912201223191104,2.1973091138386502,-144.5637893983941,-0.004475812024213657,-32.955423676587515,2.1949399860739267,-145.70269474824164,-0.003848486077963598,-55.244869701887154,4.3640945038902624e-09,2.6281348277744748e-08
4.15e-07,-45.23155618725925,2.11639321679888,-145.10702134318743,-0.0029229543974031488,-44.64571810392024,2.0823663497059273,-145.92306838478422,-0.003486224572563235,-71.53390282900874,4.336870082149245e-09,2.6573146982950596e-08
4.175e-07,-54.681614350492914,1.994253080112259,-145.62520084933354,-0.0036395703113538736,-55.06088817290495,1.931875448210241,-146.0902484798461,-0.002821704260580534,-84.58976645245195,4.309891077025793e-09,2.6821939874435632e-08
4.2e-07,-64.47577686711867,1.714444363343191,-144.24995471443356,-0.0021958848222570397,-63.765468200864376,1.7478167566063347,-146.17853453081887,-0.0018595673613635698,-93.82236526856101,4.2828728280704926e-09,2.7017517514729156e-08
4.2250000000000003e-07,-70.48535171184936,1.5213203545799874,-149.69994989879973,-0.0006619550097439792,-70.26223472877481,1.5359927993481084,-146.16304285923445,-0.000606897238972146,-98.81440683625023,4.255551125485427e-09,2.7153951912339975e-08
4.25e-07,-73.49381383081311,1.3524463005973457,-141.36548778754505,0.0007391623560456587,-74.03323326988924,1.3038467105706377,-146.0199683201982,0.0009266468364017189,-99.34026224503847,4.227691439198204e-09,2.723003314084637e-08
4.275e-07,-74.37140443914667,1.0830674415649948,-148.0999732040816,0.002849552460434949,-74.6032846210469,1.0605067024459232,-145.72683799019347,0.002728537363830931,-95.37616402797931,4.199099236702155e-09,2.724921950344966e-08
4.3e-07,-71.31211726800207,0.7638014526644672,-143.96110461505634,0.0055939704213355005,-71.61593332322171,0.816617350028571,-145.26275446562522,0.004782988901304989,-87.10128039704128,4.16963043180005e-09,2.7219003817232765e-08
4.325e-07,-65.23875100642701,0.6254590441634739,-146.0805763244595,0.006461429813872415,-64.90866890932911,0.5839217287654749,-144.60862648881965,0.00707055950673631,-74.88961724794562,4.139200583645743e-09,2.7149693510162898e-08
4.35e-07,-54.49555196088228,0.3711584181028485,-140.83672535398787,0.008952283425601174,-54.57345426379693,0.3746019856343789,-143.74738472326206,0.009567844526282563,-59.29311394540572,4.107791275008734e-09,2.7052748890798355e-08
4.375e-07,-41.78582454096381,0.18430247373026998,-139.51971335224036,0.011618782710599091,-40.9903189461321,0.20043114785530214,-142.66418062471985,0.01224735830504292,-41.01669692077068,4.075452193941931e-09,2.693897921811357e-08
4.4e-07,-24.959053885462612,0.031190580844165407,-146.776611852195,0.014373478018469528,-24.825751426849244,0.07182769840624235,-141.34656649849046,0.015077676174221125,-20.886418602660953,4.0422978260978855e-09,2.6816998873839168e-08
4.425e-07,-6.144053028721079,0.06392625166891874,-145.22827429447378,0.018539688352701894,-6.993180026984814,-0.0030704721807399346,-139.78465499409143,0.0180238720743659,0.1878782716369445,4.008498285290607e-09,2.6692340032157835e-08
4.4500000000000003e-07,10.793512245524768,0.009706537271618288,-142.12429150798516,0.021921932748779325,11.420991875753549,-0.019189524133492092,-137.97125646585363,0.021048242702117012,21.253683475912826,3.974304038800163e-09,2.6567479838655017e-08
4.475e-07,29.792827988932945,0.05214958407480168,-136.2449916809573,0.022767900290293838,29.256611862852978,0.02494916925998972,-135.90199281955927,0.024111264759647436,41.35887058810068,3.940114250978282e-09,2.6442795065463634e-08
4.5000000000000003e-07,46.08381579952226,0.11919010924058182,-132.3778470823445,0.027870466581708723,45.39082152386222,0.12702811534298247,-133.57538666978706,0.027172695358750793,59.59473093628348,3.9057011041467575e-09,2.6318178666977693e-08
4.525e-07,58.436612073285275,0.2560688672314,-132.77524164384107,0.03297888918902986,58.84542179342476,0.2810960980603214,-130.99292484820327,0.030192703108309654,75.13704516125598,3.871528392189318e-09,2.619483661439731e-08
4.55e-07,68.36814573726225,0.48209228633542434,-123.3120211425375,0.032573078191804265,68.87558814123938,0.47807623135035127,-128.1590955277631,0.03313291259360959,87.28333605456999,3.837761804393187e-09,2.6076710855422907e-08
4.575e-07,74.75687760708729,0.6960070895349616,-125.87792988914853,0.036894803568700854,75.0279710978132,0.7065539734504811,-125.08139845968934,0.03595725834548415,95.48461892860219,3.804506469056914e-09,2.597107678918099e-08
4.6e-07,77.54294290315016,0.9485595525933629,-124.43299700880546,0.03907188872349841,77.16118818967186,0.9537419618471965,-121.77032805712233,0.03863257321650902,99.37021447423135,3.771795672895467e-09,2.5888108532834018e-08
4.625e-07,76.25617887009136,1.1645445321082353,-117.91524505141365,0.0424416893983965,75.42778081429942,1.2064978162968376,-118.2393292993923,0.04112887478235988,98.76450262146393,3.7395861144989685e-09,2.5839507812371247e-08
4.65e-07,70.47561269456207,1.3917210875588006,-111.34130668013029,0.04341698693612495,70.22281896623312,1.4522702863932944,-114.50472667183715,0.04341935471893342,93.69486016665716,3.707759815903806e-09,2.5836550108700308e-08
4.675e-07,62.42718065475686,1.6556738523184305,-114.67364952668883,0.04855086435037355,62.10943118625717,1.67986803528541,-110.58562659581634,0.04548011254269977,84.39042340366872,3.6761320117657476e-09,2.5888034895513918e-08
4.7e-07,51.86578300180289,1.817085331003562,-103.35306181066348,0.04546642134498566,51.73474521476351,1.8799802952912523,-106.50379403996692,0.04728970040172122,71.27173168518783,3.644463677302292e-09,2.5998606669999117e-08
4.7250000000000003e-07,38.79781226574947,2.073074748686578,-100.59371699633928,0.04951886523778892,39.750514566818964,2.0454232116495743,-102.28350423466432,0.04882855621169452,54.931720001685825,3.6124769426482278e-09,2.6167767563478568e-08
4.75e-07,26.911649063894927,2.164812906422811,-96.50539053122134,0.051669241186282744,26.75097822413892,2.1711319285044124,-97.95137063508076,0.050078398413423875,36.1089196701407,3.579871527006616e-09,2.6389696635152482e-08
4.775e-07,13.44417548153483,2.3005263424499236,-92.64426983692978,0.05199966218740651,13.236603983700737,2.25395822783248,-93.53615049214511,0.051021640869176696,15.654078400366508,3.546340512498577e-09,2.6653799552327964e-08
4.800000000000001e-07,0.05833580306931302,2.3215096709365186,-89.01515134768037,0.050250363745550725,-0.3929658727119335,2.292359958217623,-89.0685295932288,0.05164086783803394,-5.5082915640644385,3.511584214088563e-09,2.6945788990773933e-08
4.825e-07,-14.51457566552631,2.3069996890898214,-81.13922817591332,0.052326006068032886,-13.819230082380383,2.286077239057016,-84.58088792367857,0.05191839471707613,-26.421699293834088,3.475321495087477e-09,2.724905905520782e-08
4.85e-07,-26.034772608784827,2.2752701525302528,-80.43188869937369,0.05280147348224058,-26.76604205080708,2.235880411949705,-80.10704817469488,0.05183593699559777,-46.14090638567199,3.4372985091203913e-09,2.7546150545716533e-08
4.875e-07,-38.645512367852135,2.165045507115571,-74.74016761967972,0.051899029709727686,-38.95298085903738,2.1434482840669347,-75.68200918097438,0.05137441994811382,-63.77464958558587,3.397295397331153e-09,2.7820171631379833e-08
4.9e-07,-50.00459142926546,2.029442786191028,-72.31853341184954,0.05218725634103135,-50.05355298501044,2.011397706793943,-71.3416665115366,0.05051398076165195,-78.52592385827245,3.3551318310359497e-09,2.8056101182174618e-08
4.925e-07,-58.6383313197509,1.8680316888833932,-65.12164820235516,0.049577068901904206,-59.66985080905114,1.8434443025394662,-67.12252255800283,0.049234232249138636,-89.72800519969114,3.3106723995326285e-09,2.8241932230628192e-08
4.95e-07,-66.96005051208671,1.6909188179283254,-62.26349993477919,0.04586633698340834,-67.33198076707285,1.6446372040666737,-63.06138856519124,0.04751485873389842,-96.87458504371372,3.263832684028095e-09,2.8369603313670205e-08
4.975e-07,-72.68640630554937,1.425359941032232,-55.342861365370126,0.046746093953950144,-72.52560391186232,1.4215852189305938,-59.19508112828689,0.045336588324110444,-99.64265425630109,3.21458646734724e-09,2.8435629195245212e-08
5e-07,-74.86425493309962,1.2081617966313156,-51.35420091766287,0.04241961941630991,-74.74521756247346,1.1825829784816153,-55.560115738357425,0.042682529380079805,-97.90710241276967,3.162973986198027e-09,2.8441308565466267e-08
5.025000000000001e-07,-74.13251186778857,0.9322885844679527,-49.303225867933584,0.04154410650554878,-73.56540118821704,0.9375554283081741,-52.19239999301701,0.03953978409084662,-91.74637250407349,3.1091105495721425e-09,2.8392388426484287e-08
5.05e-07,-68.09997682637206,0.7403492229876633,-54.44753100789113,0.03351931681316707,-68.71815527096338,0.697766078880881,-49.126929101291374,0.03590118218034911,-81.43891549225312,3.053194344435798e-09,2.8298127441404662e-08
5.075e-07,-60.69141977209087,0.5150374979081789,-45.46466174641516,0.0315026005607742,-60.16245040859995,0.4752741687488442,-46.397486301047785,0.03176693912908995,-67.45060496106561,2.995511936687741e-09,2.8169825107239123e-08
5.1e-07,-48.49477202282861,0.2892416742492236,-43.34656570137443,0.02683013274551496,-48.13257660094114,0.2821713083409178,-44.03635077377538,0.027146052354420094,-50.41368069093411,2.9364399270838096e-09,2.801904153884186e-08
5.125e-07,-33.0465235574669,0.15223580235838452,-41.680983372078245,0.020618419085722952,-33.15479657632331,0.12967112812080805,-42.074015585316474,0.02205730268566547,-31.098172860671795,2.8764414668749606e-09,2.78558695169694e-08
5.15e-07,-15.21886911156349,0.009543581750389385,-38.5693418211878,0.016316643735020276,-16.02668088658129,0.02715811236711853,-40.538918102791676,0.016529804792654798,-10.377098436991533,2.81605685151042e-09,2.7687674255865083e-08
5.175e-07,1.611853828985867,-0.028038747616442265,-37.068409896761715,0.00818723955172735,2.2404990906015927,-0.018681966738934457,-39.45718523811671,0.010603116799884703,10.812997204268651,2.7558881185329422e-09,2.7518644099335397e-08
5.2e-07,21.004990324363582,-0.009432873640686023,-38.01984109826749,0.005526752347392836,20.509862974538496,-0.004531096398547732,-38.852395747993,0.00432694889890914,31.51436999634047,2.6968184940987907e-09,2.7350296963790373e-08
5.225e-07,37.37940988285194,0.0916568635035028,-40.07948516981434,-0.0012096222029601494,37.62594030426515,0.06918826407521585,-38.745361680116304,-0.0022395069466866003,50.791365032267436,2.639078299603036e-09,2.718281413158082e-08
5.250000000000001e-07,52.2723064211453,0.21369544122930526,-41.08938988561179,-0.009624396834738187,52.525834987496644,0.19829346628391264,-39.15393089678585,-0.009028658273305514,67.77270603593726,2.583446885359609e-09,2.7016813797245095e-08
5.275e-07,64.84268261489918,0.3914173416294982,-39.55077804263086,-0.01569375822842313,64.3389755183842,0.3751827801101047,-40.09281243146174,-0.015966098710161733,81.69087506559963,2.5305987874049244e-09,2.6855025016029188e-08
5.3e-07,72.24972101415453,0.5618944290367769,-44.39830879131281,-0.024216412490361494,72.46169946677753,0.5894947275063455,-41.57342624265098,-0.022972827119746134,91.91680257696675,2.481090140505995e-09,2.6703338010993402e-08
5.325e-07,78.36079513329638,0.8621293547194683,-40.46298078718387,-0.03014270368193281,76.5970027090427,0.8289994021037257,-43.60377872443012,-0.029968193404161545,97.98829993403513,2.4354007216549725e-09,2.6570888665098374e-08
5.35e-07,76.61965460816893,1.0953364424395926,-50.43634610056903,-0.03972013555475767,76.75542871981263,1.0806058778095622,-46.1883651157337,-0.03687354181072482,99.63094928288923,2.3939221211839675e-09,2.6469121492176007e-08
5.375e-07,73.46991229317712,1.3197676696659808,-46.50184138006122,-0.043562094097860465,73.21929826936714,1.3313589069665897,-49.328099723123465,-0.04361631123087841,96.7705066137667,2.3569526874651542e-09,2.6410067769278057e-08
5.4e-07,65.69457739781521,1.5424620386250405,-55.810180220149824,-0.050137278644991436,66.47820495415554,1.5693074633862756,-53.02027463608473,-0.050134095040964964,89.53625742122473,2.3246989873325633e-09,2.640427803910749e-08
5.425e-07,57.45303486870838,1.8005851174678094,-59.12018865007585,-0.056899860330635946,57.147941193205035,1.7841552892218568,-57.25854737202326,-0.05637794804339996,78.25517329420691,2.297282777867317e-09,2.645890439133938e-08
5.45e-07,45.77611415796635,1.9698086821185372,-57.06354392877418,-0.062343384629436775,45.88705544217811,1.9676443108559325,-62.03295764216263,-0.062314169070548917,63.437133544835945,2.2747519387047603e-09,2.6576338235241727e-08
5.475e-07,33.930624289310835,2.1173655236433953,-68.11980284039385,-0.06810829568507404,33.324752294712354,2.1136682429526052,-67.3299731816104,-0.06792397629128766,45.75187982465288,2.2570935456551e-09,2.675362387560286e-08
5.5e-07,20.06941674869193,2.202765122216978,-75.58820091471638,-0.07415754313141375,20.010961522715373,2.218157656544864,-73.13256433913126,-0.07320093373268877,25.998745327175236,2.24424730463648e-09,2.6982661149408177e-08
5.525e-07,5.876370287500604,2.279599908260405,-80.06490716539858,-0.07801847303599241,6.394674536168152,2.2788115823843684,-79.42030687680793,-0.07814656482557718,5.070526747864926,2.2361178843035916e-09,2.7251048438726226e-08
5.55e-07,-7.410869141688424,2.2719389508619803,-85.08997308692678,-0.08302810484995085,-7.169043164585487,2.2947686327878674,-86.16951218889784,-0.08276509237915029,-16.0868680933365,2.232585212439381e-09,2.7543337353798683e-08
5.575000000000001e-07,-21.67575486488351,2.2187511183824484,-93.69528218353996,-0.08696579461119906,-20.38856135705628,2.266309882397111,-93.35338391495107,-0.0870584698051183,-36.51717313135176,2.233512426765923e-09,2.784247239501057e-08
5.6e-07,-33.074037124606456,2.172868709765603,-98.36361190276673,-0.09038787745156718,-32.99141310961817,2.194667005607533,-100.94219969664023,-0.09102272584285455,-55.29698510440575,2.238751772421924e-09,2.8131244714836483e-08
5.625e-07,-44.11499779462728,2.087757563276435,-107.91161616008178,-0.09589321098036414,-44.67851204599183,2.081976366675322,-108.90351661277859,-0.09464620758470912,-71.57749927859273,2.248149201005669e-09,2.8393658748016728e-08
5.65e-07,-54.56979334107581,1.9526476062896654,-121.90278311294429,-0.09818237758996584,-55.08931297331526,1.931379393125943,-117.20239862450572,-0.09790976432708472,-84.62287348886137,2.2615486636829672e-09,2.8616159167143702e-08
5.675e-07,-63.56263433297844,1.732854761062696,-124.72232652208505,-0.09957614061025818,-63.78813432446838,1.747229494565135,-125.80166417440898,-0.10078846943988518,-93.84348652914534,2.2787970616704476e-09,2.8788675379670732e-08
5.7e-07,-69.81274026245795,1.540694064791835,-133.91653032000855,-0.10524527932892602,-70.27761829240707,1.5353338086889594,-134.66215191103262,-0.10325424898589985,-98.8225876881306,2.2997505314774345e-09,2.8905414917750136e-08
5.725e-07,-74.15332198945784,1.2732569954386206,-147.96958771898207,-0.10829639336802462,-74.03983418983861,1.303140465275895,-143.74300235532945,-0.10527878123137911,-99.33513293233989,2.3242822594438897e-09,2.8965297784979522e-08
5.75e-07,-74.53176377856765,1.0190542547446293,-154.4226952840063,-0.1079301245157788,-74.59983826658409,1.0597825152851799,-153.0019531894894,-0.10683617610754553,-95.35795638395501,2.3522914388391047e-09,2.897190400040559e-08
5.775e-07,-71.5154543303828,0.8605867191419141,-160.66900783044642,-0.10787486135327178,-71.60164039644731,0.8159085138469779,-162.39564573238772,-0.10790514045991186,-87.0708173657368,2.3837124220845496e-09,2.8932837106381498e-08
5.800000000000001e-07,-64.78319305381447,0.5905361801141358,-171.27492340428398,-0.1056631262269415,-64.88340228767953,0.583263911403342,-171.87994007070716,-0.10847050904567468,-74.848275689002,2.418522698077223e-09,2.8858501712427587e-08
5.825e-07,-54.69135222397964,0.36141683561128424,-184.3736039350379,-0.10987544205060548,-54.53790294123504,0.37403096895608273,-181.41023624136682,-0.10852413903599781,-59.24276240314038,2.4567481344007836e-09,2.8760439915735636e-08
5.85e-07,-40.644024123302216,0.22658820041848746,-187.8824884070275,-0.10868965861715615,-40.94603786502221,0.19998012906160198,-190.94179880992948,-0.10806522793609835,-40.959611170229074,2.498464019734968e-09,2.8649526645140635e-08
5.875e-07,-24.468335102706376,0.08648615330934092,-198.21582274789773,-0.1076620749133842,-24.7751004744932,0.07152446890802279,-200.4300821615569,-0.10710013959837554,-20.825178789766277,2.543790824941111e-09,2.853442640268884e-08
5.9e-07,-6.796099960870343,0.009365669807996958,-206.7282125621439,-0.10671124532486727,-6.939153295899995,-0.0032061067484472116,-209.8310538161217,-0.10564183080335587,0.2505042468046606,2.5928842214478006e-09,2.8420707591712123e-08
5.925e-07,11.467310682822974,-0.0350787827378254,-222.66055780283827,-0.10257179426752007,11.475027392911375,-0.01914772950713224,-219.10151309727087,-0.10370897560295003,21.31486506189347,2.6459608672161933e-09,2.8310871858214692e-08
5.95e-07,29.07826926451085,0.05751635091885332,-229.38866840355817,-0.10143614861979804,29.307233814850356,0.02516714942311615,-228.1994025264175,-0.10132489140985222,41.415842516536785,2.7033586425746098e-09,2.8205310601338484e-08
5.975e-07,45.05778910293178,0.11745323276841377,-237.86981304101514,-0.09919271221449223,45.434882068783075,0.12740990031760202,-237.08410937647366,-0.0985163780064101,59.64491820575194,2.7647733603615423e-09,2.8103922306285515e-08
6e-07,58.14352825915867,0.33441186241471166,-242.60964564602517,-0.09589789314262041,58.88034356957333,0.28161918160159355,-245.71675490600322,-0.09531258320615454,75.17817942146831,2.83056670566823e-09,2.80079086276883e-08
6.025000000000001e-07,68.06290328944894,0.48768209911115684,-253.39365497839373,-0.09184236897765467,68.89958549104705,0.4787099374297313,-254.06046890169048,-0.0917440017396013,87.31355813064,2.9007804286184045e-09,2.7921195119427167e-08
6.05e-07,75.49845757669254,0.7161781325418596,-262.92130354779636,-0.08691118319865472,75.04016782510593,0.7072621000282882,-262.0806472845888,-0.08784169417614807,95.5025628515156,2.975373403879797e-09,2.785102554928906e-08
6.075e-07,77.59025834578239,0.939361031257456,-275.22541257584044,-0.08277611482127804,77.16161990539527,0.9544857684520545,-269.74519068242944,-0.08363678074690249,99.37506921953657,3.0542105781164825e-09,2.780752393582707e-08
6.1e-07,74.95951865966927,1.198362470219108,-279.72798352699243,-0.07885401999923956,75.41728842417474,1.2072389788325228,-277.0247220350493,-0.07916022446690818,98.75604876572878,3.137058607618299e-09,2.7802321017170816e-08
6.125000000000001e-07,69.96967481174885,1.526251523737779,-285.4993305875236,-0.07259855840200974,70.20285686563669,1.4529734704410422,-283.89278148129114,-0.0744428750257694,93.67347980490872,3.2235883068969636e-09,2.7846599389225743e-08
6.15e-07,63.06833780807558,1.6817356306617262,-288.2263689889302,-0.06841747707136464,62.08182632258823,1.6805028212419113,-290.325996971942,-0.06951570662255285,84.3570828795686,3.3133832235098757e-09,2.794904431629644e-08
6.175e-07,51.837132545009844,1.8502435942437483,-295.9563311873405,-0.06648029905333631,51.70144922419702,1.8805223096829378,-296.304229262697,-0.06441015588709105,71.22793791449895,3.4059529954408906e-09,2.811416664422852e-08
6.2e-07,39.98331126522207,2.0528552541705944,-305.3644223508428,-0.06123627854382858,39.71338973345625,2.045854457030067,-301.81069016191134,-0.05915845503833472,54.87945236311234,3.5007497334866645e-09,2.834131804609581e-08
6.225e-07,26.163905049506884,2.172900899147444,-305.81734569301193,-0.05505525616367199,26.711649427820035,2.1714404349695373,-306.8320331381243,-0.05379386245245542,36.05054054191719,3.5971855565921082e-09,2.8624513082917395e-08
6.25e-07,12.892769843820597,2.307693662950771,-311.0632469522419,-0.04796642322933944,13.19639474673931,2.2541372495959684,-311.35841562997985,-0.04835071659458578,15.592226386139862,3.694649594320271e-09,2.8952981298340656e-08
6.275e-07,-0.22714977704344086,2.3378792799880292,-315.0938023860316,-0.04346987082469184,-0.43301204521497993,2.2924069918759296,-315.3835326441265,-0.04286427553016222,-5.570820894104773,3.792523206665145e-09,2.931224944211295e-08
6.3e-07,-13.142443456394561,2.3082974078139324,-314.0277462931322,-0.037247887378474044,-13.85825854047371,2.285993137897987,-318.9046214728791,-0.037370346437929934,-26.48207975636906,3.8901927638271005e-09,2.9685517128399567e-08
6.325e-07,-27.21129942769936,2.2719007337073847,-324.5297614420613,-0.032099243738315214,-26.80325486170441,2.235668814876889,-321.9224376106585,-0.03190475008369519,-46.19640892129948,3.987059958941826e-09,3.0055122920232925e-08
6.350000000000001e-07,-38.508681745284,2.1533147632381118,-330.3669553414731,-0.025990764840060115,-38.987500189686116,2.1431154801358807,-324.4412021943831,-0.026502696771187773,-63.822765606092005,4.082550173358791e-09,3.0403965606267224e-08
6.375e-07,-49.09305694047282,2.0274128036999017,-325.45214855071566,-0.018415969417758096,-50.084317046608746,2.010952936298305,-326.46852153588395,-0.02119816717966531,-78.56447862910436,4.1761197740507e-09,3.0716808061194916e-08
6.4e-07,-59.66549278300253,1.8795990138545944,-328.30540042466083,-0.01638937335543867,-59.69557275832088,1.8429003764106422,-328.01527955194774,-0.016023390700339205,-89.7552561330074,4.2672633307403905e-09,3.098142118343274e-08
6.425e-07,-68.07041412863468,1.7290546952579349,-330.78340732472054,-0.0102137032547208,-67.35118834637159,1.6440112282226784,-329.0955041277078,-0.011008495575387515,-96.88930045938807,4.3555215802220495e-09,3.118951557463841e-08
6.45e-07,-71.9739939982768,1.335869330596694,-328.97519165469976,-0.006652640495071204,-72.53676134730657,1.4208991578597725,-329.72620866975296,-0.0061813726852180196,-99.64416905105612,4.440490572967295e-09,3.1337372334269546e-08
6.475e-07,-74.85187540695473,1.1665099094573854,-328.0561337485965,-0.0028123067699293825,-74.7469143158884,1.1818637936501488,-329.9272103146497,-0.0015677541620147772,-97.895348121332,4.521831893527485e-09,3.14260504948134e-08
6.5e-07,-73.47413436967638,0.9239016722029648,-330.134959410864,0.0021668108705888453,-73.55657770022916,0.9368345829444675,-329.72092645471383,0.002808533415686227,-91.72188039364828,4.5992832628194256e-09,3.146105088792704e-08
6.525e-07,-69.00561028373124,0.718492265329917,-331.8101241455313,0.010066572180001489,-68.69832653677076,0.6970783022163068,-329.132151424137,0.0069252160431958485,-81.40279255045557,4.672668328187612e-09,3.1451378992208415e-08
6.55e-07,-60.676572895403595,0.4847120213328551,-328.0618219940789,0.011245705993778202,-60.131885877755,0.47465550226650627,-328.18781535341844,0.010761215569743002,-67.40448386260218,4.741904134581574e-09,3.140807405339202e-08
6.575000000000001e-07,-47.83268984758978,0.26006779900386845,-328.9010818563075,0.01091258574726992,-48.09240003170437,0.28165659098897544,-326.9167273470318,0.014296389163758558,-50.35964600442253,4.807004722803284e-09,3.134242972085694e-08
6.6e-07,-33.374816242547,0.10753556222043087,-327.5229185821049,0.01756741743243337,-33.106981305747205,0.12929119248698356,-325.34930526712975,0.01751145043273415,-31.038666830890886,4.868079546839397e-09,3.1264268154139265e-08
6.625e-07,-16.31449486099677,0.075339006684774,-323.09652728692856,0.019249263917339297,-15.97393249671086,0.026937038255128845,-323.51729451374183,0.02038812719528173,-10.314810600974365,4.925325916870624e-09,3.11806830305953e-08
6.65e-07,1.726267975398962,-0.05498692854595545,-321.4347619958576,0.02195933657196459,2.2949623765933342,-0.01872917537762663,-321.45347827845825,0.0229095696213845,10.875251578182892,4.979015383125209e-09,3.1095594241769725e-08
6.675e-07,19.92514926444376,-0.0032002612992096746,-319.9811774268091,0.02886490102028644,20.562604845334764,-0.004400085477204757,-319.1913818132885,0.02506097753974176,31.5737771522221,5.029715501382722e-09,3.101025835530311e-08
6.7e-07,38.56042413526906,0.13416267587800162,-317.05559547513354,0.026568102549275423,37.673635898659505,0.06949060509832447,-316.7649732986772,0.026830375026360934,50.84523990196048,5.0773532382326864e-09,3.092460560322774e-08
6.725e-07,52.40856343784812,0.1898683488575175,-314.54925849941293,0.029233902658464813,52.56558938117873,0.1987494888329328,-314.2083639142702,0.028209431107683255,67.818613598019,5.122428922880583e-09,3.083901514411004e-08
6.75e-07,63.70551638307457,0.3697510916745698,-310.4569831586835,0.02736336094401381,64.36858669707529,0.37576558620123807,-311.5555097127485,0.029194212722290204,81.72674040280948,5.165351090667021e-09,3.0755989023813975e-08
6.775e-07,72.32014601683503,0.6038267812089088,-312.53375699738774,0.028395913789082163,72.4798302820837,0.5901705092294864,-308.8399178710299,0.029785762279102283,91.94100465773977,5.206431729996465e-09,3.068120109173417e-08
6.800000000000001e-07,76.4706412091623,0.8741231185109578,-308.42737476908314,0.031918623833573925,76.60324109832919,0.8297303042680522,-306.09435984456644,0.02999041621081838,97.99974487943551,5.24592777885435e-09,3.0623579425901214e-08
6.825e-07,76.47240987740493,1.0575036405442537,-305.1536180814856,0.02871726146856839,76.7502335069434,1.081353015809877,-303.3505938798882,0.029819818696671607,99.6291198074482,5.284030350700853e-09,3.05943674598642e-08
6.85e-07,72.88724404615716,1.3211964688475255,-305.1646371803361,0.0252939589331757,73.20384601305848,1.3320851698643488,-300.63909924854687,0.029290629680075047,96.75548540560808,5.320860589513333e-09,3.060540125753996e-08
6.875e-07,66.56470896259736,1.5950031712294,-294.96109056040694,0.026872647707940085,66.45416843476805,1.5699797886160092,-297.9888244531057,0.02842397066045507,89.50872340474947,5.3564718880078084e-09,3.066704253435665e-08
6.900000000000001e-07,57.76361851494256,1.8036402321020684,-297.94126439362265,0.028318179696755683,57.11723963949951,1.7847461993314924,-295.42695152379747,0.02724468786990008,78.21637094425601,5.3908574581745075e-09,3.078626276416702e-08
6.925e-07,46.0572400590016,1.9959048187271684,-292.3645378609585,0.027029756263258167,45.85161891929804,1.9681326352471908,-292.9786783741437,0.025780534227417527,63.38881663926236,5.423961698704699e-09,3.0965283640201227e-08
6.95e-07,34.01717288856934,2.1307826723503602,-291.47311634314394,0.024759419824448924,33.2863375122512,2.1140390849812665,-290.667021016564,0.0240613753504358,45.69623217755811,5.455693537629738e-09,3.1200993582030666e-08
6.975e-07,18.312090073996433,2.255261670387552,-288.20780926090094,0.025143085744747076,19.971044718863347,2.2184017843859913,-288.5126372562989,0.02211851054782168,25.938282085480463,5.485939968828609e-09,3.148515297210929e-08
7e-07,5.478550617778938,2.303839292457646,-293.15559267345935,0.021513961433593368,6.354431233626242,2.2789245004257066,-286.5336732854822,0.01998417002150521,5.007980712401776,5.514578322424216e-09,3.180523906982795e-08
7.025e-07,-7.372485838074607,2.284266215459304,-279.4870202982194,0.019016398820017644,-7.208678923892374,2.2947496160929868,-284.74563439068595,0.01769121008006097,-16.148669984201906,5.54148633746823e-09,3.2145701789350754e-08
7.05e-07,-19.970827683702296,2.30171115373684,-280.0334718174457,0.015637148228942008,-20.42678106087807,2.2661612267862443,-283.16128076859036,0.015272986330181634,-36.57543757289242,5.566549732228693e-09,3.248940375341695e-08
7.075e-07,-32.52875743699782,2.2017340477826073,-284.8845159060172,0.011175294306246624,-33.02739462078656,2.1943936671541353,-281.79054921757114,0.012763348253810715,-55.34907867655035,5.589667569922798e-09,3.2819073949341674e-08
7.1e-07,-44.10118282741639,2.095145380948165,-279.70975727853494,0.009319227950998476,-44.71129493938512,2.081586052803636,-280.640501239954,0.010196673987673838,-71.62106747051257,5.610756180982776e-09,3.3118673944622345e-08
7.125000000000001e-07,-54.93836989798775,1.9063243197861957,-277.7121237608189,0.0051363878563990256,-55.117722924200734,1.9308830448685126,-279.71529785256376,0.007607855979277573,-84.65594711750089,5.6297526408969505e-09,3.3374624210741584e-08
7.15e-07,-62.694479281608054,1.7488223666064435,-279.10300536724725,0.0035068817986033136,-63.810781240403934,1.7466419897124448,-279.0162011640846,0.005032157968864636,-93.86457074180761,5.646618773728949e-09,3.357684774287736e-08
7.175e-07,-70.19403438186276,1.5570727279805967,-281.3003275002187,0.004896540747677555,-70.29297809444056,1.5346746399710998,-278.54160253879274,0.0025048896348839303,-98.83072952641821,5.661346365783576e-09,3.3719562219303943e-08
7.2e-07,-74.70847376836328,1.3738023451940642,-276.3724279246775,-0.0017000992595387235,-74.04640715900777,1.3024341215025872,-278.2870769295354,6.088248605765675e-05,-99.32996440370408,5.673963791503904e-09,3.38017126641907e-08
7.225e-07,-75.70840360712882,1.0186977906406136,-273.8257355048018,-0.001706907325290476,-74.5963608077278,1.0590583226076429,-278.2454627305208,-0.002266207663229003,-95.3397110941197,5.684543673124915e-09,3.382691686208747e-08
7.25e-07,-72.62599137000508,0.8042703714118569,-279.56911066236415,-0.006162022606896886,-71.58731491195817,0.8151997748450647,-278.40696627460335,-0.004444707746839694,-87.04031996025222,5.693210635895342e-09,3.380282648058965e-08
7.275e-07,-65.14875767886507,0.5481777573755213,-282.9975935756908,-0.0045527648779303655,-64.8581038905298,0.5826062978697104,-278.7592898823037,-0.006445751978445514,-74.80690458114495,5.700147799310413e-09,3.373990235050902e-08
7.3e-07,-53.60234096313714,0.390281987833877,-274.9324626567552,-0.010535360603461896,-54.502323158560806,0.3734602592547342,-279.28778216271354,-0.008244019389848806,-59.19238747277123,5.7056004559550246e-09,3.364974922320848e-08
7.325e-07,-41.24257008672757,0.22631701010457617,-283.976900859062,-0.010162034108929505,-40.90173415942006,0.19952950857738827,-279.97560907152746,-0.009818285793388632,-40.902509249481646,5.709875486408874e-09,3.35433104697886e-08
7.350000000000001e-07,-24.24006676696795,0.09640872652283596,-278.42585917810413,-0.009194433286503951,-24.72443490609008,0.0712217090863239,-280.8039440504351,-0.011151715073939182,-20.763930755419437,5.713335442982804e-09,3.342932536660877e-08
7.375e-07,-6.86261235149292,-0.021986065222577053,-280.4946087525099,-0.010103240949821343,-6.88512147882221,-0.003341227134521403,-281.75217540659435,-0.012231851938957988,0.31313012307797555,5.716386856023759e-09,3.331344494920076e-08
7.4e-07,10.546283829900155,-0.025456905170421165,-285.4480364199217,-0.013427277101329965,11.529057818293852,-0.019105407731404414,-282.7981289423294,-0.013050322865883063,21.376038233102953,5.719506025326902e-09,3.319826327626906e-08
7.425e-07,29.089567953463668,0.08692363337005761,-283.70523201698114,-0.013702948785083288,29.357840827446722,0.02538563639899751,-283.9183037148656,-0.013602296278389603,41.472798094654166,5.723289976806991e-09,3.308427544967693e-08
7.450000000000001e-07,46.24245040742523,0.10195681426357128,-285.9704731144572,-0.014751800293514755,45.47891910187851,0.12779213989647106,-285.0881186949586,-0.013885789257411983,59.69508192835185,5.727704221993897e-09,3.2971495275625196e-08
7.475e-07,58.67790367542467,0.31400351504277385,-285.78413946576865,-0.010300085869989553,58.91523531685066,0.2821426401420767,-286.28216800264806,-0.013900930021367407,75.21928400252645,5.733378574931155e-09,3.286125004893753e-08
7.5e-07,68.8552590219091,0.48796845550047857,-287.78068898740264,-0.011390039045694335,68.92354886015339,0.47934391844458885,-287.4744823288638,-0.013649289169997789,87.3437457366997,5.74062370086474e-09,3.2757598411227196e-08
7.525e-07,74.89820561344621,0.658149947933485,-290.9218949283975,-0.01357587736861038,75.05232936305569,0.7079703895089432,-288.6387941037994,-0.013133377629591849,95.52046907152967,5.749666000962183e-09,3.2667920775040175e-08
7.55e-07,77.20589790375998,0.9646756700386175,-287.89941755690734,-0.010768888578265398,77.16201780449697,0.9552296229070648,-289.74880394726017,-0.012356378013321782,99.37988473313817,5.7606350044453014e-09,3.260247731742367e-08
7.575000000000001e-07,75.81908435138725,1.1721216622217265,-292.3661599593883,-0.011850172088272144,75.40676571589862,1.2079800794546307,-290.7784459327719,-0.011322134199010065,98.74755592266949,5.7735575180813655e-09,3.2573031134707425e-08
7.6e-07,70.54503908736429,1.4716852376072134,-293.80797810938566,-0.009804132319317406,70.18286941264635,1.453676494838337,-291.70214921609556,-0.010035378654965451,93.65206246235418,5.788358661808382e-09,3.2590891406808046e-08
7.625e-07,62.26730336078097,1.6504085797378614,-292.13010558485854,-0.010390311368631042,62.05420179745523,1.6811373663827667,-292.4950936197554,-0.008502136296548737,84.32370905262884,5.804869113238828e-09,3.266486374539646e-08
7.65e-07,51.01557737051052,1.9104704776473718,-288.24801081878655,-0.005309470241273919,51.668139288576725,1.881064020788909,-293.13345682781477,-0.006730214468726256,71.18411602414919,5.822837224617586e-09,3.279957389044729e-08
7.675000000000001e-07,40.35678508549185,2.0385031693444757,-290.87015062252175,-0.004351089284780887,39.676256150376496,2.0462853552323614,-293.59465092886,-0.004729675970025675,54.8271630589996,5.8419442618568465e-09,3.2994484434479535e-08
7.7e-07,27.02173393045677,2.1894348198078295,-298.36599286496073,-0.0027396690766107747,26.672316238850613,2.17174856711406,-293.857546149193,-0.0025131978469340992,35.99214718150988,5.861820900718586e-09,3.324371844359928e-08
7.725e-07,12.210066576982314,2.224300461607057,-293.716528458976,-0.0005536875156003215,13.156184577142621,2.2543158838730823,-293.90267974160395,-9.62416794432322e-05,15.530368216350569,5.8820633012835565e-09,3.353661271786546e-08
7.75e-07,-0.4772614875418257,2.287516699229016,-290.75094298778055,-7.159142373235538e-05,-0.4730564097966691,2.292453635979777,-293.7124481366908,0.002503003119711719,-5.633348024872535,5.902247517434247e-09,3.3858800555370666e-08
7.775e-07,-13.305689848791577,2.3017088595388087,-295.9195292469768,0.005698356801652023,-13.897282823294853,2.2859086539807696,-293.2712806221887,0.005263899484618829,-26.54244976419902,5.9219415897014934e-09,3.4193587340520406e-08
7.8e-07,-25.855193435571163,2.2510711996050663,-285.5713077156312,0.01022579716972258,-26.84046108796012,2.235456849635737,-292.56579298973696,0.008163822368264151,-46.25189321931633,5.940715299018966e-09,3.4523416121404343e-08
7.825e-07,-38.74312226175173,2.123784974913478,-289.4933551816961,0.01083374854064792,-39.02201011222522,2.142782330696606,-291.584919776353,0.011178722317154157,-63.87085643037994,5.958148104004255e-09,3.4831288155139857e-08
7.85e-07,-50.42314702767231,2.0121796213552177,-287.7659777454868,0.011988944114458569,-50.1150682363846,2.010507852469059,-290.3200239278913,0.014283700353831471,-78.60300238392433,5.973836142581781e-09,3.51020659603486e-08
7.875e-07,-59.41274556530478,1.8290878627249483,-288.3835840018454,0.013897945750459738,-59.72127772504941,1.8423561807425881,-288.76498292212693,0.017453502218692935,-89.78247163237062,5.9873992848622085e-09,3.532361639989032e-08
7.900000000000001e-07,-67.32773856913967,1.6467622608326533,-287.3580329388212,0.01915539264139237,-67.37037442752967,1.643385040288409,-286.9162506079063,0.02066285815304482,-96.90397762470101,5.998489062225127e-09,3.5487741379886164e-08
7.925e-07,-72.79519146177192,1.469716890716672,-282.6516950852249,0.021704747127473237,-72.54789283413145,1.4202129569569533,-284.77289424207584,0.023886626667194925,-99.64564450787132,6.006797903511551e-09,3.5590807418320905e-08
7.95e-07,-75.19368072922818,1.1883410322580372,-281.0530919868925,0.02446270786675639,-74.74858136442425,1.181144555606103,-282.3366064355749,0.027099741195133302,-97.88355518236125,6.012069564328284e-09,3.563395154619135e-08
7.975e-07,-73.56923304150456,0.9475927002298459,-276.87046814914123,0.031907038267527485,-73.54772212859338,0.9361137828140689,-279.6116919521189,0.030276999742033017,-91.6973520728773,6.0141100511148215e-09,3.562274341892877e-08
8e-07,-68.38091559763959,0.719095054787589,-274.93347419542994,0.034231072103217935,-68.67846533242589,0.6963906763040877,-276.60502953515584,0.033392771960848264,-81.36663747212471,6.012797838904374e-09,3.556624647031223e-08
8.025e-07,-60.401588995886904,0.4841521756832046,-274.76877506924103,0.03618169832502599,-60.101290910335784,0.47403709242569536,-273.3260091692026,0.03642071912975117,-67.35833615391498,6.008091868971599e-09,3.547554583594827e-08
8.05e-07,-48.9758394992125,0.25687872834901687,-268.87283561478927,0.038955639694837146,-48.05219762773425,0.2811422285337656,-269.78644540814423,0.03933362618523506,-50.30559143672148,6.000035765217736e-09,3.536196875271575e-08
8.075e-07,-34.24760890889421,0.12203245881039204,-264.31684756310233,0.043680050861210885,-33.05914718946116,0.1289116940028021,-266.000467623575,0.04210343033913006,-30.979148547536543,5.98875695432536e-09,3.5235359692980216e-08
8.1e-07,-15.700921703183589,0.026432514098737366,-261.4741544852429,0.04274908912550901,-15.921174130381022,0.0267164598911906,-261.9843882387847,0.044701500199352366,-10.252518692833329,5.974459889343968e-09,3.510282564415383e-08
8.125000000000001e-07,2.6121640486024518,-0.0745504805201135,-255.01861990507797,0.046367245076294736,2.349425665338863,-0.018775859211377904,-257.75655021662936,0.04709917793342616,10.937501658721446,5.957413284796927e-09,3.496829390290865e-08
8.15e-07,21.52893171107286,-0.005551299319704847,-253.29502870178075,0.051166127439412505,20.615336583232637,-0.0042685535124195595,-253.33715526044,0.049268552032455386,31.633171843278564,5.938173396667225e-09,3.483302572232971e-08
8.175e-07,38.57168753123233,0.06471495001162719,-248.64606546838735,0.05429224136416793,37.721312041309226,0.06979343041735599,-248.74807436458937,0.05118338751080153,50.899094698757445,5.916644287927315e-09,3.4696955733708944e-08
8.2e-07,52.75933738950585,0.15794605485315993,-242.77039243659445,0.053813985426734455,52.60531669877924,0.19920592895391168,-244.01264251378362,0.05282011106974208,67.86449438638613,5.893303265404849e-09,3.456046823889429e-08
8.225000000000001e-07,64.12241963781958,0.37229033967900066,-243.66308983263627,0.05398103814600023,64.39816552522552,0.37634871897359784,-239.15543947604604,0.05415873603220062,81.76257347559773,5.86852401778144e-09,3.442607057694975e-08
8.25e-07,72.26627021767382,0.5900733678839807,-234.60359491372972,0.05430673353678985,72.49792617013861,0.5908465104241707,-234.20205876247505,0.05518361799369401,91.96517044166049,5.842580476849551e-09,3.429944012549498e-08
8.275e-07,76.0908277354267,0.8209763148813911,-232.4637662661917,0.057298443330104525,76.60944468648906,0.8304613112381029,-229.17886693595696,0.055883956101850984,98.01115113608851,5.81568765725064e-09,3.418950421897797e-08
8.3e-07,76.04804063652855,1.0948772679893324,-221.42594154107232,0.05802932913363482,76.74500600387996,1.0821001452532502,-224.1127555401734,0.05625399251773682,99.6272510000085,5.7879919686731004e-09,3.410749907615933e-08
8.325e-07,72.54476602661515,1.274776410761265,-220.2389998662733,0.05750644082502532,73.18836579135919,1.332811319766161,-219.03088798860657,0.05629290739791313,96.7404259999163,5.759568143587134e-09,3.406524594563806e-08
8.35e-07,65.32459921618121,1.566353150829685,-214.714075488991,0.058596737928415576,66.43010937239174,1.5706519110255825,-213.96044380022778,0.05600445091861877,89.48115405164744,5.730422502030857e-09,3.407308445525338e-08
8.375e-07,57.69611367505211,1.77940152325098,-211.11240040893082,0.056102283226143884,57.086521326664425,1.7853368347426308,-208.92836259372058,0.0553963898575037,78.17753771572102,5.700501530897469e-09,3.413795843286314e-08
8.4e-07,46.27793079611753,1.996160869491313,-206.8033262486379,0.055951007495593195,45.81617114764016,1.9686206319584294,-203.96109025519002,0.05447986797459563,63.34047470878949,5.66970421182556e-09,3.42620590199263e-08
8.425e-07,33.24629166531654,2.125618671121743,-196.26218278633385,0.054574514927387296,33.24791627953844,2.114409564183697,-199.08432967535407,0.05326878339000914,45.640566490315194,5.637896266991244e-09,3.444224414730024e-08
8.450000000000001e-07,20.513102539520194,2.230143622051756,-195.5082294235761,0.05232039101050709,19.93112536343467,2.2186455296819485,-194.3227984113139,0.05177927202047618,25.877808603762013,5.604924533968725e-09,3.467024648055263e-08
8.475e-07,5.378389659781552,2.318513965944311,-191.0166814485588,0.04958688082611256,6.31418844393462,2.279037028698921,-189.69999556557454,0.0500293568046143,4.945432699866443,5.570630003640217e-09,3.4933520412701973e-08
8.5e-07,-7.65149592437087,2.254251010870384,-184.94720866976303,0.04726047528197671,-7.248311667126619,2.2947302122642825,-185.23798009154606,0.048038783485937084,-16.21046549982675,5.534858584750876e-09,3.52164991800307e-08
8.525e-07,-20.263524636578648,2.2325149248807756,-178.91670178528983,0.04783942237982475,-20.464995412033275,2.266012194836226,-180.9571626310946,0.04582902235858951,-36.6336875750289,5.497469286556924e-09,3.55020356131457e-08
8.55e-07,-33.25104366370143,2.1926257653033447,-177.1957833194545,0.04447923463747795,-33.063368201793594,2.1941199709203114,-176.87611286670258,0.043423379192097634,-55.40115039775585,5.458340114167007e-09,3.577285605046242e-08
8.575e-07,-45.580077162473046,2.059703209910546,-174.25844970797615,0.03983981890118441,-44.74406677388579,2.0811954083800557,-173.01138422959812,0.040847134112219005,-71.66460738757023,5.4173724347791135e-09,3.601292655589103e-08
8.6e-07,-55.68554169345292,1.9313984337620647,-170.65188168550372,0.0371613602659543,-55.146118013404646,1.93038640381256,-169.37735764705445,0.03812761892827504,-84.68898732531243,5.374494811162527e-09,3.620867907555372e-08
8.625e-07,-63.49274134587922,1.775228229399053,-167.82822639743208,0.034645602295504015,-63.833408935291395,1.746054242508205,-165.98610583837413,0.035294152722994084,-93.88561789822342,5.329667269961654e-09,3.635005468761314e-08
8.65e-07,-71.43368864800387,1.536074443995719,-164.3719529226099,0.03453920714261992,-70.30831412166899,1.5340152937340528,-162.84727948142626,0.03237778073173943,-98.83883234789916,5.282886687049331e-09,3.643129507610059e-08
8.675000000000001e-07,-73.65666794910574,1.273817629813056,-159.6272136639302,0.029310653902605135,-74.05295216623063,1.3017276798561401,-159.968016371668,0.02941079804018753,-99.32475666117139,5.234193490302585e-09,3.645137408700655e-08
8.7e-07,-74.58240489116326,1.0762731974149893,-158.76605955016834,0.026791987350385845,-74.59285223738371,1.0583341250617426,-157.35287448517244,0.026426080785976493,-95.32142816567637,5.1836793004683635e-09,3.641394161801711e-08
8.725e-07,-71.55532623853514,0.7923125487807915,-152.57575485170534,0.023955303186375163,-71.57295686856021,0.8144911336823847,-155.00378963817428,0.023456285859503757,-87.00978819262777,5.131494572271024e-09,3.632668298357e-08
8.75e-07,-65.22466538807156,0.5367945627955093,-153.15537131256403,0.020807779123223683,-64.83277372385916,0.5819488887961127,-152.9200582100326,0.020533008526764804,-74.7655039407067,5.077854878039746e-09,3.6200092576938985e-08
8.775000000000001e-07,-54.06892940983164,0.3942283127636987,-151.62352387515054,0.015807335235654606,-54.46671492937047,0.3728898570909829,-151.0983451662909,0.01768600062284405,-59.141989174184936,5.0230442889768255e-09,3.604580762292693e-08
8.8e-07,-39.62580236578337,0.20273935390059564,-150.1987778479703,0.017133901583736816,-40.857407850003845,0.1990792868501599,-149.53271738580295,0.014942547337566007,-40.845391181070056,4.967414407767711e-09,3.587480289819521e-08
8.825e-07,-24.435167293620708,0.08004352631016753,-151.67534656593307,0.010022698224408558,-24.673754747900304,0.07091941923872729,-148.21470206275563,0.01232707864370478,-20.70267452380157,4.911377992154858e-09,3.569584922819669e-08
8.85e-07,-7.033661562061528,0.03756436851842607,-147.80018538802926,0.010926883732792863,-6.831084605290805,-0.0034758332180616766,-147.13336972297967,0.009861055708274976,0.37575587573176866,4.8553967313900106e-09,3.551463153002786e-08
8.875e-07,11.362926008344095,-0.03363184874624939,-143.47839115560922,0.006438250562722386,11.583083121880586,-0.019062558875243156,-146.27544116627814,0.007563129268775942,21.437202965391073,4.800008177362354e-09,3.533378265235531e-08
8.900000000000001e-07,27.895420834780875,0.060689935296049664,-142.71033804266122,0.002078423144918228,29.408432873044912,0.025604629931230694,-145.62541742467965,0.005449523462532882,41.52973729996895,4.7458685357011155e-09,3.515384354394276e-08
8.925e-07,45.14161320949859,0.07150067146464759,-142.59329709439893,0.004194565621879231,45.52293260057559,0.12817483365356688,-145.16573161254888,0.003534562578990355,59.74522208427823,4.693012503042839e-09,3.4974881864467683e-08
8.95e-07,58.7862686624666,0.262952765109187,-145.39476402500657,-0.00024635007712686305,58.950097019654216,0.2826664731175439,-144.8769213402945,0.001831236013519911,75.26035888820206,4.642137931369994e-09,3.4798286071166157e-08
8.975e-07,68.82660551186471,0.47810006205553846,-147.42054935181588,0.0007062247756706294,68.94747824095765,0.4799781737338574,-144.73782017086364,0.000351692280677953,87.37389886083184,4.593625677262542e-09,3.4628180985182256e-08
9.000000000000001e-07,74.80369392613886,0.712057773264003,-144.6584006944242,-0.0026592518030600118,75.06445571207446,0.7086788411810838,-144.7257664190432,-0.000892432883970371,95.5383375815757,4.547773164613128e-09,3.4472014881804236e-08
9.025e-07,76.14252544665439,0.9738739626405928,-144.97867108516468,-0.0026120215323839537,77.16238189445541,0.9559735244972579,-144.81682742944645,-0.0018899190077087495,99.3846610131353,4.504781014740224e-09,3.4340113972120074e-08
9.05e-07,75.28047912143583,1.2046244617744486,-142.64177120455537,-0.0018140708199338956,75.39621270231873,1.2087211174866765,-144.98603732142755,-0.0026301175274431017,98.73902409563907,4.4647464327373536e-09,3.424430274737287e-08
9.075e-07,70.09155582131703,1.47332786902135,-143.84693676231686,-0.003577733587072816,70.16285662334965,1.454379358981162,-145.20764605941895,-0.0031033415089694837,93.63060814744856,4.427663485674405e-09,3.419594564232932e-08
9.1e-07,62.50389154556188,1.6722680715435432,-142.79158634802303,-0.002553663111759535,62.026557627998685,1.6817716701999479,-145.4553775964788,-0.0033014269558541195,84.29030193602384,4.393429602402091e-09,3.420389736057913e-08
9.125e-07,52.25090711826299,1.8498083800571625,-143.55433080096736,-0.0003991084934997012,51.63481542421081,1.8816054282099128,-145.70269474824153,-0.0032183751597752047,71.1402660314363,4.361856965956033e-09,3.4272827758629356e-08
9.15e-07,38.33627676656288,2.0893288432347075,-146.40887557508884,0.0007728588988717535,39.63911383175948,2.0467159059690974,-145.92306838478407,-0.002850972802501778,54.77485210999177,4.332687056158261e-09,3.440224041629166e-08
9.175e-07,27.158920646481718,2.18459569097339,-145.27515772730916,-0.004648810403466472,26.632978668724732,2.172056324758457,-146.0902484798459,-0.0021992921520520687,35.933739611973536,4.305606486011341e-09,3.458629814904925e-08
9.2e-07,13.097041496594597,2.2694780095346143,-142.30258881058057,7.789749944801588e-06,13.115973483915173,2.2544941305838297,-146.17853453081898,-0.0012669964479589079,15.468503915417159,4.280262461937017e-09,3.48143777293009e-08
9.225000000000001e-07,-1.411991171346029,2.2628922378734084,-142.74277971680402,-0.0016050183937001007,-0.5130989591236552,2.292499890539173,-146.16304285923434,-6.141112340616979e-05,-5.695872931685835,4.256276633587186e-09,3.5072153451740906e-08
9.25e-07,-13.632228578897104,2.2070991443964147,-148.59889084613715,0.0035240586590534993,-13.936302924000934,2.2858237873970833,-146.01996832019833,0.0014066367308706285,-26.602809293489486,4.233256690266569e-09,3.534297287926208e-08
9.275e-07,-27.19033406210303,2.2480533979019643,-146.6006940876616,0.00344150468908503,-26.877660722009434,2.235244516394012,-145.7268379901936,0.0031231679687835304,-46.30735925781823,4.210805689455189e-09,3.5609322109340355e-08
9.3e-07,-40.102067140371396,2.1633671795929703,-141.55597731694013,0.005651410653005996,-39.056510617441525,2.142448835989932,-145.26275446562522,0.005071515912635782,-63.918922039465826,4.188529646842927e-09,3.585424575387514e-08
9.325000000000001e-07,-50.195876657152915,1.9593882981220545,-146.74337191226365,0.007504348129575485,-50.14580654310492,2.0100624556187423,-144.60862648881962,0.007232814761304654,-78.64149510752335,4.1660442740229205e-09,3.6062649320851376e-08
9.35e-07,-59.57073072016469,1.8567395907827364,-143.2258504122628,0.011100519750360735,-59.74696569633066,1.8418117159178506,-143.7473847232621,0.009586421565705047,-89.80965168703561,4.1429818544562654e-09,3.6222441552028e-08
9.375e-07,-67.54237120910767,1.6526584487672042,-147.61979232570343,0.011555813967797477,-67.38953899704364,1.6427586407119044,-142.66418062472,0.012110199617551434,-96.91861653385826,4.118999084708791e-09,3.632546422603822e-08
9.4e-07,-72.1393804247519,1.412676217218826,-143.9907306061281,0.015302871145487838,-72.55899835990051,1.41952661672603,-141.34656649849052,0.014780623339535965,-99.64708062616407,4.093786312423097e-09,3.636812056257429e-08
9.425e-07,-74.7231436510523,1.1913517603400083,-142.34664005571645,0.017387947886347052,-74.750218698707,1.1804252648929663,-139.78465499409148,0.0175727051301116,-97.87172360051322,4.067078056356853e-09,3.6351579630701654e-08
9.450000000000001e-07,-73.31033312690906,0.9527069108000853,-141.93630912812912,0.02076640932373674,-73.53883446897312,0.9353930284768247,-137.97125646585366,0.02045978562016549,-91.67278755144392,4.038664108578656e-09,3.628143672957493e-08
9.475e-07,-67.66466717324994,0.6841037385055306,-136.67835873994883,0.0241347671281751,-68.65857166022042,0.6957032016910889,-135.90199281955933,0.02341326276858499,-81.33045027153396,4.0084000156488885e-09,3.616677285840395e-08
9.5e-07,-59.450573038161124,0.45315994114536623,-133.94069319190535,0.02497774171165662,-60.07066551614816,0.4734189397271819,-133.57538666978715,0.026402355664810175,-67.31216185322444,3.976215422612703e-09,3.601868144193304e-08
9.525e-07,-47.81591641656142,0.278337863614436,-130.84950353638365,0.028272962780235444,-48.01196940630912,0.2806282213962642,-130.9929248482033,0.02939400166019451,-50.25151700916962,3.942118716199424e-09,3.584848848275164e-08
9.55e-07,-34.01184523659877,0.07438761177417377,-129.33880032276102,0.029759529417732144,-33.0112942511871,0.1285326329791715,-128.15909552776316,0.032352969432597634,-30.919618034104968,3.906196649740031e-09,3.5666028706157676e-08
9.575e-07,-15.497498540189238,0.06326573301227668,-126.52085645517454,0.03853775661624247,-15.868405815823916,0.026496377452948167,-125.08139845968952,0.03524223798411693,-10.19022273716028,3.868608146758385e-09,3.547839308891649e-08
9.600000000000001e-07,2.2758366537234958,-0.030653936319721332,-121.5696141599353,0.03691744201744581,2.4038889266881736,-0.018822018208819402,-121.77032805712213,0.03802364745558627,10.999747421306155,3.8295721881925215e-09,3.528948972419949e-08
9.625e-07,20.675453198436617,-0.019391104948560972,-118.95713580934598,0.040216561244950856,20.668058159068195,-0.004136500620039614,-118.23932929939228,0.04065877911311559,31.69255404605841,3.78959240602459e-09,3.510056062398467e-08
9.65e-07,37.820927830713906,0.10971755525336697,-114.18895824633718,0.04283060344077017,37.76896870684402,0.07009673978075753,-114.50472667183709,0.043109976862246595,50.952929401397896,3.748514043781993e-09,3.491152354364758e-08
9.675e-07,52.64590089027287,0.19941791119551525,-113.84531928227558,0.045224041781298775,52.64501692103106,0.19966278628227593,-110.58562659581642,0.04534138869165531,67.91034838292667,3.7067606897100737e-09,3.4722749275937575e-08
9.7e-07,65.35806623019624,0.37506614852435394,-111.51512604511048,0.04530953808073628,64.42771199117698,0.376932177980772,-106.50379403996689,0.047319889518422614,81.79837426981605,3.6646455350003067e-09,3.453673440022026e-08
9.725e-07,72.75224801768977,0.585730802081884,-104.16402005053537,0.048432556915414225,72.51598712742039,0.5915227305981748,-102.28350423466429,0.04901575067601279,91.9892999191881,3.6223837243098104e-09,3.435914635377369e-08
9.75e-07,78.04912915921615,0.8329511088115608,-96.08519128179545,0.05166891860381136,76.61561347764972,0.8311924225125519,-97.95137063508086,0.05040294678619918,98.02251869949124,3.5801324033499434e-09,3.4198900838325616e-08
9.775e-07,75.5081098998869,1.1213216331981104,-91.80449904017894,0.05155589290600283,76.73974622104075,1.0828472656625738,-93.5361504921452,0.051459036403992645,99.6253428613079,3.5379820070023726e-09,3.406721855440587e-08
9.8e-07,73.17066339455378,1.3032902552909453,-90.05602353911333,0.05299615201279416,73.17285761901992,1.3335373562459167,-89.06852959322919,0.05216461463564283,96.72532840263624,3.4959541679726224e-09,3.397590023476406e-08
9.825000000000001e-07,66.29364048002319,1.566058174152833,-84.2575506628374,0.05483496819213639,66.40602778390506,1.5713238302580634,-84.58088792367862,0.05250240764942523,89.45354937280258,3.4540059550237475e-09,3.393526034918247e-08
9.85e-07,56.68366004327727,1.7816512103879123,-78.1656802742576,0.051680426278873946,57.05578627162764,1.7859271951764986,-80.10704817469464,0.05245615200709436,78.13867362393135,3.412039406113113e-09,3.3952214674916554e-08
9.875e-07,46.60389236649621,1.986090064808965,-75.04401152833687,0.05129428064246289,45.78071214256134,1.9691083007894754,-75.68200918097429,0.0520094648558629,63.29210777249868,3.369914779140879e-09,3.4028926106218126e-08
9.9e-07,33.87838511749391,2.088549350654663,-76.23700977587332,0.050919096749039335,33.20948860942486,2.114779680432255,-71.3416665115365,0.05114495074538165,45.584882784897545,3.3274656792066263e-09,3.4162227149037586e-08
9.925e-07,20.04772673541234,2.19669183609075,-67.32758988473391,0.0509303012447389,19.89120346660758,2.218888892367692,-67.12252255800307,0.04984379297486384,25.817324905895244,3.284514264229716e-09,3.434383063149395e-08
9.95e-07,6.519541694465778,2.2466487371900667,-65.49114879505744,0.04829976364240204,6.273946175130545,2.2791491671906514,-63.061388565191464,0.04808603069513649,4.88288273495331,3.2408850546378702e-09,3.456117883760706e-08
9.975e-07,-7.768584997133557,2.2508737919796786,-55.43647589126159,0.046097518793430506,-7.287941387359256,2.2947104213306626,-59.1950811282868,0.04585162468644701,-16.272254615817236,3.196416403293168e-09,3.479870202864049e-08
1e-06,-20.39488788903435,2.253588360372626,-52.06638968137798,0.04231469559324047,-20.503204403459495,2.265862786612077,-55.56011573835754,0.043122275808617605,-36.69192311476636,3.150969310265548e-09,3.5039259963041865e-08
1.0025e-06,-33.36080263162708,2.2152722475341617,-51.0970237515132,0.04045278804545607,-33.099333844331824,2.193845917004978,-52.1923999930172,0.0398838073012181,-55.45320024746278,3.1044338705292945e-09,3.526559614133089e-08
1.0050000000000001e-06,-44.52742625172977,2.1302596204916164,-49.80722911767488,0.03453616288785101,-44.776827539270464,2.080804433538662,-49.126929101291466,0.03612879317282784,-71.70811901257632,3.056734106350879e-09,3.546170409979809e-08
1.0075e-06,-54.80972923932722,1.9069969108925058,-45.14103306104923,0.029687314853176976,-55.17449822876689,1.9298894701305669,-46.397486301047586,0.03185904703745944,-84.7219940992541,3.0078321742576863e-09,3.5614053471452905e-08
1.01e-06,-63.77329539239431,1.7502691701474902,-43.6006031460853,0.027657630173373325,-63.85601739575067,1.7454662531664706,-44.03635077377537,0.027087600894508665,-93.90662799008484,2.957732907702233e-09,3.571263293191867e-08
1.0125e-06,-70.19101198428618,1.5557625096793355,-41.87911568894239,0.02470422372504388,-70.32362636088772,1.5333557702341973,-42.07401558531646,0.021839897806385948,-98.84689614937432,2.9064893713564987e-09,3.5751741045589816e-08
1.015e-06,-73.1411733289096,1.3249317711079862,-39.99517696847757,0.01803745408096322,-74.05946920035011,1.301021140631589,-40.538918102791726,0.01615406671795828,-99.31950970679777,2.854209621583824e-09,3.573041676239196e-08
1.0175e-06,-74.63411005657402,1.0061604624029858,-37.50239345391375,0.01050892713143466,-74.58931254847265,1.0576099229717388,-39.457185238116836,0.010080297547366782,-95.30310760584275,2.8010642887780025e-09,3.56523818173633e-08
1.02e-06,-70.8905791434475,0.8348454461659779,-44.61219003864832,0.00434952398434686,-71.55856626507999,0.813782590697058,-38.85239574799296,0.0036794480277483454,-86.97922207491796,2.7472940399912113e-09,3.552539835775607e-08
1.0225e-06,-64.18280902966505,0.5715866682202346,-40.095874457112274,-0.002994636924042928,-64.80741179367037,0.5812916845142357,-38.74536168011632,-0.0029789347630812127,-74.72407378403155,2.693215561999881e-09,3.536004098948557e-08
1.025e-06,-54.25686584375612,0.35893825981620797,-35.91757602013616,-0.012123950367010344,-54.431078267284065,0.372319762766765,-39.15393089678578,-0.009819007355348453,-59.09156752727795,2.63922451964765e-09,3.516802950782293e-08
1.0275000000000001e-06,-41.55138274004903,0.22589735534129524,-41.25163231606301,-0.02010502758330112,-40.81305895747537,0.19862946412848187,-40.09281243146187,-0.01676132157992901,-40.78825698754618,2.585794044827808e-09,3.49604235986193e-08
1.03e-06,-24.145308434191637,0.08359424087360164,-37.934293251745046,-0.023865980699219944,-24.623060026198637,0.0706175995396837,-41.57342624265113,-0.023725761405076713,-20.64141011909636,2.5334676992606056e-09,3.474608248004058e-08
1.0325e-06,-7.235289094897212,0.010893579060125202,-40.712727468983566,-0.02800815057459747,-6.777042704850583,-0.003609924913708273,-43.603778724430214,-0.030634699043255373,0.43838148004309296,2.482846478156665e-09,3.453078503784281e-08
1.035e-06,11.2568826976657,-0.023682921796182897,-47.49174690933978,-0.04028430776701926,11.637103273652514,-0.019019182949420288,-46.18836511573363,-0.037416303072761614,21.498359234610962,2.4346165865776894e-09,3.431726611167338e-08
1.0375e-06,29.388055339118868,0.021327851185395444,-52.19487890110239,-0.04458808038017641,29.459009924054065,0.025824129914968554,-49.32809972312342,-0.04400780871395052,41.58666010999987,2.3895837498135943e-09,3.4106178647294225e-08
1.04e-06,45.258940318660784,0.10974684241253975,-51.06350647950197,-0.04942603546559229,45.566922542319546,0.1285579814010395,-53.020274636084665,-0.050358383554987146,59.795338653737126,2.347944731494005e-09,3.389771305575124e-08
1.0425e-06,58.97059156587016,0.31407065301662884,-55.43066510160206,-0.055774984921752396,58.984928662404094,0.283190680275816,-57.25854737202313,-0.056431064557981234,75.30140406227987,2.3105603969987224e-09,3.369339036451074e-08
1.045e-06,68.44437428326704,0.4817155426696248,-60.88085628762684,-0.062463584412087825,68.97137362588214,0.48061270300488135,-62.03295764216262,-0.062203208190860726,87.40401749113245,2.2779783990767034e-09,3.349747521798138e-08
1.0475e-06,75.31095802925317,0.7089239996137753,-66.40973951240878,-0.06756823978248432,75.07654687259645,0.7093874547375018,-67.32997318161003,-0.06766507232263184,95.55616837459829,2.250664875309183e-09,3.331755932415864e-08
1.0500000000000001e-06,77.75988123510015,0.9789520059550921,-73.50342928251273,-0.07127435243264778,77.16271218276785,0.9567174729256805,-73.13256433913153,-0.07281654392447388,99.3893980576421,2.2289897291687315e-09,3.31641120790574e-08
1.0525e-06,75.45333050666656,1.216188861978216,-79.83710415923596,-0.07581867756425802,75.38562939629509,1.2094620926626116,-79.42030687680787,-0.07766253185162726,98.73045328800566,2.213218616388147e-09,3.3049097719199974e-08
1.055e-06,69.44156049576735,1.43715579137402,-86.64797329983202,-0.0829444921013561,70.14281851383974,1.4550820626487064,-86.16951218889798,-0.08220796246723065,93.60911686866118,2.203511780670615e-09,3.298401506563738e-08
1.0575e-06,62.14370951013406,1.6845623065725381,-95.31932710009485,-0.08419890903230463,61.998893831359055,1.6824057325249575,-93.35338391495094,-0.08645345832614507,84.25686154294175,2.1999290776839178e-09,3.2977847370305546e-08
1.06e-06,52.2766466616903,1.8824145863427988,-104.70968335944285,-0.09034539412540035,51.601477647405424,1.8821465318296573,-100.94219969664005,-0.0903925714904177,71.096387953674,2.2024398685494802e-09,3.3035387893890464e-08
1.0625e-06,39.800480852697454,2.0664945631214398,-102.50747040871975,-0.09521532542161981,39.60196279177498,2.0471461091702796,-108.9035166127784,-0.09401096803142632,54.722519536739796,2.2109360517939444e-09,3.3156259791859394e-08
1.065e-06,27.58674164757181,2.1266401392738854,-116.31216858649658,-0.0956749341176574,26.59363672892529,2.172363707869255,-117.20239862450549,-0.09728741541369969,35.87531785636587,2.225246389865516e-09,3.3334742952962376e-08
1.0675e-06,12.431184143098752,2.2673752073725555,-128.6568005468347,-0.09889388684020814,13.075761476055352,2.2546719897202467,-125.80166417440898,-0.10019601166519468,15.406633507763377,2.2451504737300346e-09,3.3560329584398464e-08
1.07e-06,-1.3220419988706453,2.3024889339681205,-135.2108295689528,-0.101446612573843,-0.5531396858625026,2.2925457555618296,-134.66215191103205,-0.10270892827687178,-5.758395589855876,2.2703911053670667e-09,3.3818807953242086e-08
1.0725000000000001e-06,-13.616126027738053,2.288600929449178,-150.23932817019931,-0.10451675141755393,-13.975318835752436,2.285738538163618,-143.74300235532948,-0.10479901326002174,-26.66315832041351,2.3006844694976534e-09,3.409363764012365e-08
1.075e-06,-26.852556665177147,2.2000012749808464,-157.83279222130096,-0.1058061028881734,-26.91485375628616,2.235031815174866,-153.0019531894893,-0.10644182782771493,-46.362807014909315,2.3357280940518972e-09,3.436741382392801e-08
1.0775e-06,-39.27089278950889,2.1184062878780168,-161.23285469076316,-0.10486887991581953,-39.091001696116685,2.1421149960472894,-162.39564573238755,-0.10761695703478769,-63.96696241437466,2.375207142089799e-09,3.462328600831556e-08
1.08e-06,-50.652958999451066,1.990339022015575,-174.12710572135856,-0.10742436419995058,-50.17653195553256,2.0096167457922713,-171.87994007070697,-0.10830865399781488,-78.67995678470555,2.418799933545843e-09,3.4846259031456765e-08
1.0825e-06,-60.83668829910023,1.8150883854292665,-184.26392627618898,-0.10716913581450177,-59.77263665925686,1.8412669820016938,-181.4102362413667,-0.10850600694694627,-89.83679628627242,2.4661836983326117e-09,3.502433394832019e-08
1.085e-06,-67.64400011879583,1.667191842956842,-192.68296737706933,-0.11065803646983162,-67.408682041411,1.6421320295852035,-190.9417988099293,-0.10820285663102536,-96.93321718108058,2.5170413973604632e-09,3.514943622269975e-08
1.0875e-06,-71.84238531774041,1.4470052087757044,-201.9814033137519,-0.1092197198105378,-72.57007791218501,1.4188401372897461,-200.43008216155664,-0.10739766081516347,-99.64847740536754,2.5710700512129416e-09,3.521804225198127e-08
1.09e-06,-75.75800490140534,1.2072104313680094,-209.69589939060776,-0.10926694242002534,-74.7518263093745,1.1797059216638652,-209.83105381612148,-0.10609343300438887,-97.85985338045897,2.6279904690122487e-09,3.5231381573219335e-08
1.0925000000000001e-06,-72.8367953375589,0.897403561532383,-220.1002455948158,-0.10781832151797775,-73.52991471704856,0.9346723201107928,-219.10151309727092,-0.10429780176898927,-91.64818683904527,2.6875576839696362e-09,3.51950948151753e-08
1.095e-06,-68.7807089241187,0.6996271265000217,-225.90296434696165,-0.10283710199175598,-68.63864552246594,0.695015878569786,-228.1994025264175,-0.10202316560196262,-81.29423096296865,2.7495708983272997e-09,3.511829080376907e-08
1.0975e-06,-59.57004771727162,0.476788314499918,-237.12170448274367,-0.10098962667790094,-60.040009705017404,0.47280104436336134,-237.08410937647395,-0.09928686854060939,-67.26596097875843,2.813881427086876e-09,3.5012071432194176e-08
1.1e-06,-47.74857021900884,0.27395238104498737,-242.85424577463277,-0.09403009593670876,-47.9717153847279,0.28011456975229954,-245.7167549060034,-0.09611129917113724,-50.197422743114664,2.88039708227496e-09,3.488775093727924e-08
1.1025e-06,-32.685857103082654,0.12124102316662633,-258.33374655176453,-0.09651510962480601,-32.96342251466258,0.12815400955917958,-254.06046890169048,-0.09252381977882769,-30.860075314097863,2.9490816853566628e-09,3.475513245951134e-08
1.105e-06,-15.336191427907774,-0.013115134152726193,-262.32681497979416,-0.0865928848264573,-15.8156275812798,0.026276791037445672,-262.0806472845886,-0.08855645873428734,-10.127922758548676,3.01994890940356e-09,3.462125726316228e-08
1.1075e-06,2.6774874572116367,-0.009033394051787868,-277.0137432832406,-0.08385582723206032,2.458352130495142,-0.018867652327248314,-269.74519068242927,-0.0842453402577821,11.061988841364785,3.093050359860393e-09,3.4489968156004314e-08
1.11e-06,20.92552036481761,-0.003400003484564597,-277.49469458803514,-0.08025533831997927,20.72076954369048,-0.004003926813614851,-277.0247220350491,-0.07962987248644014,31.751923737119835,3.1687011059834788e-09,3.436242897743162e-08
1.1125e-06,37.051875703420855,0.05710990898986049,-286.1320988396045,-0.07322362999504904,37.81660586990944,0.07040053312361232,-283.8927814812906,-0.07475175814670586,51.00674398862876,3.24653308335122e-09,3.423846840788788e-08
1.1150000000000001e-06,52.250222762749395,0.17239844379409747,-287.56593168379857,-0.06912936398048612,52.6846900286863,0.2001200607127616,-290.32599697194195,-0.06965392416414194,67.95617556953614,3.3267429370210222e-09,3.411835790382097e-08
1.1175e-06,64.32068517667507,0.3137474806365723,-295.404474943134,-0.06360763334259827,64.45722608329885,0.37751596309264,-296.3042292626973,-0.06437948164233463,81.83414277133163,3.409391320882353e-09,3.4004483532167855e-08
1.12e-06,72.53934922691445,0.6317303342821544,-300.6007403976427,-0.05907131756960408,72.53401315043223,0.5921991696141163,-301.81069016191157,-0.058970823380345504,92.01339308079693,3.4944238026225116e-09,3.3902388883237914e-08
1.1225e-06,76.6248150915515,0.8189222328814355,-310.44935610365854,-0.05370522628026641,76.62174747595975,0.8319236379638237,-306.83203313812453,-0.053468943499394926,98.03384756515597,3.5817102713403e-09,3.382084981084794e-08
1.125e-06,77.53579414099735,1.111060109353695,-306.54881340139667,-0.048571769104686906,76.73445416885998,1.0835943769341234,-311.3584156299798,-0.04791302704688935,99.62339539209967,3.671037477949054e-09,3.3770928896014065e-08
1.1275e-06,72.87643702287612,1.359309886666006,-313.1027620463047,-0.04282735292343187,73.15732151080077,1.334263279232755,-315.3835326441264,-0.042340313280870207,96.71019261972802,3.762108320562691e-09,3.376424937000622e-08
1.13e-06,66.26739408667734,1.5702376845796961,-324.23457947088843,-0.036082315324523107,66.38192368619026,1.5719955462783128,-318.904621472879,-0.0367861925774885,89.42590937911436,3.854547572773743e-09,3.3810929256751116e-08
1.1325e-06,56.89661657099294,1.7735050413753866,-319.5351906689705,-0.03407647067219893,57.02503449131672,1.786517280630377,-321.9224376106582,-0.0312844612435308,78.09977868423258,3.947913008509361e-09,3.391767085622012e-08
1.135e-06,46.59455075427789,2.0067600606041545,-325.7008874777037,-0.024735936229949875,45.74524191941611,1.9695956417614324,-324.4412021943832,-0.025867637124630073,63.243715849488275,4.041710334399659e-09,3.408640949488829e-08
1.1375000000000001e-06,33.051133956916196,2.133528840239304,-326.6261151259476,-0.01938790445542203,33.17105451475574,2.1151494337597376,-326.4685215358837,-0.020567235342206783,45.529181083291355,4.1354100768854746e-09,3.43137393667687e-08
1.14e-06,20.293109835348538,2.248811131144719,-329.97095565621225,-0.014931151940014738,19.85127903854913,2.219131872474291,-328.0152795519474,-0.015413918114579437,25.756831015756095,4.228464614447844e-09,3.4591127419651104e-08
1.1425e-06,6.316271517391217,2.2870461349455016,-332.0441546678654,-0.013229199939133534,6.233704435242446,2.279260915917891,-329.09550412770795,-0.010437462509129759,4.820330842353988,4.3203238693283594e-09,3.49057651241116e-08
1.145e-06,-6.854947157999529,2.308196658175574,-328.50370017122884,-0.005162395242161669,-7.327568077663465,2.294690243285899,-329.7262086697529,-0.005666529504327073,-16.3340373077807,4.410448703533489e-09,3.524182897824001e-08
1.1475e-06,-20.71478975274227,2.3100774602159015,-330.8717167166945,-0.0031158581656193117,-20.541408028093223,2.2657130020798166,-329.92721031464987,-0.0011282595899894346,-36.750144169114975,4.498321692067946e-09,3.558192345692318e-08
1.15e-06,-33.41345085168237,2.1632908395100685,-325.8771662537541,0.0021100483511376587,-33.135291540094705,2.1935715053470877,-329.72092645471344,0.0031522433922583017,-55.50522820512682,4.5834555492646654e-09,3.5908536329293394e-08
1.1525e-06,-45.30100513782011,2.0349988482683523,-328.79945202011385,0.005943175095896908,-44.80957722530939,2.0804131281969274,-329.13215142413696,0.007152454048659059,-71.7516023283507,4.665399947034353e-09,3.620540584747538e-08
1.155e-06,-55.54024011096689,1.9335080931567292,-324.5379902387753,0.011675901028310008,-55.20286355811941,1.9293922437278692,-328.1878153534183,0.010852898855170434,-84.75496742629275,4.7437477011599595e-09,3.645874760512952e-08
1.1575e-06,-63.461005808840085,1.7157438123434559,-329.57606003648385,0.01541139642858763,-63.878606608397405,1.7448780215918018,-326.9167273470319,0.014237477251018727,-93.92760100909578,4.818141272233887e-09,3.665829814302332e-08
1.1600000000000001e-06,-70.06828354444139,1.5216282255007583,-327.4155073452347,0.02015788345560695,-70.33891479889647,1.532696069386701,-325.34930526712975,0.017293572656371527,-98.85492092766049,4.888280242123282e-09,3.679810619694584e-08
1.1625e-06,-75.15218057410662,1.3029220715024983,-323.3325241196005,0.019686819393941443,-74.06595825021827,1.3003145037642332,-323.51729451374155,0.020011933227364786,-99.31422354265453,4.953929945282373e-09,3.6876963225730665e-08
1.165e-06,-74.92619867060594,1.0013026603737236,-326.02320466466665,0.02304715489927158,-74.58574173393002,1.0568857162993035,-321.45347827845836,0.022386344215926363,-95.28474942185119,5.0149308556343036e-09,3.689834546757282e-08
1.1675e-06,-72.14161596924878,0.8524838949849418,-320.9384662892935,0.024134974785065898,-71.54414310036138,0.8130741458792032,-319.1913818132884,0.02441315263251452,-86.94862161918735,5.071207773204063e-09,3.686977102716629e-08
1.17e-06,-64.83209407800017,0.5673455550007942,-313.3833543034478,0.025524308619397928,-64.7820181059875,0.5806346850405215,-316.7649732986775,0.02609073333830443,-74.68261412747546,5.122777437562319e-09,3.680157154986938e-08
1.1725e-06,-54.10127778084386,0.3454391975325097,-318.492992531003,0.02986021295067349,-54.39541318594258,0.3717499763192362,-314.20836391426985,0.02741899837371688,-59.04112255195593,5.16975301130136e-09,3.670522521259909e-08
1.175e-06,-41.51575771358722,0.16532168084903665,-313.5171571531525,0.02837347739643551,-40.768687502552076,0.19818004046255663,-311.5555097127485,0.0283990457199386,-40.7311066914657,5.212343978933175e-09,3.659155271959766e-08
1.1775e-06,-24.916207688626745,0.11877147633286189,-309.5616033886274,0.027699901571670977,-24.572350767271658,0.07031625004413594,-308.83991787102974,0.029033020517636093,-20.580137565490723,5.250850396047834e-09,3.6469179425853287e-08
1.18e-06,-7.147517448770676,0.01611895465364427,-303.27437985053257,0.028603534449272872,-6.722995807051019,-0.003743502168933618,-306.0943598445664,0.029324224916432485,0.5010069112883515,5.285651049016657e-09,3.634365891624578e-08
1.1825000000000001e-06,11.728841219345743,-0.007546164191236153,-302.9886172458445,0.030876988693465324,11.691118243596332,-0.018975279908499197,-303.3505938798883,0.029277468558839396,21.559507016620476,5.317233968422184e-09,3.6217513095591454e-08
1.185e-06,30.605856966344632,0.03236689287316112,-299.69101422543656,0.030576711219920366,29.50957195289952,0.026044136387175856,-300.63909924854664,0.0288996079220093,41.643566502275974,5.346224134665676e-09,3.609119767972768e-08
1.1875e-06,45.214431873104566,0.1532215345270481,-295.20464957508364,0.026057838486656017,45.61088890457465,0.12894158316939178,-297.98882445310574,0.02820018704092817,59.84543161694329,5.372668465789521e-09,3.596472364864502e-08
1.19e-06,59.49319482341708,0.3161822284668122,-296.60726548303654,0.025878331168412195,59.01973022954369,0.28371526164578575,-295.4269515237974,0.027192070826641542,75.3424195085559,5.397299001716703e-09,3.5839450791511696e-08
1.1925e-06,69.92441774696003,0.47571062309922835,-297.77504633833445,0.027427795738165003,68.99523500737415,0.48124750629145263,-292.9786783741439,0.025891959069182333,87.43410161571117,5.420560105888323e-09,3.5719499448193694e-08
1.195e-06,74.40588501186322,0.691838922935837,-289.76172284766113,0.021284382223990806,75.08860284508019,0.710096230223536,-290.667021016564,0.024320684894825306,95.57396144355972,5.442839861040752e-09,3.5612331589981196e-08
1.1975e-06,76.92237627530332,0.9006035422375847,-287.8496811354563,0.019879481708484074,77.16300867695014,0.9574614682542206,-288.5126372562988,0.022503233252176808,99.39409586478858,5.464455473090826e-09,3.5528298828105925e-08
1.2e-06,75.2787296810714,1.1762983453175067,-289.8194553130675,0.022165555584738206,75.37501581070063,1.2102030050630745,-286.5336732854822,0.021536374275239085,98.72184350315288,5.4856452207913225e-09,3.5479257571355416e-08
