time,v_coil,i_coil,v_bias,i_bias,v_coil_clean,i_coil_clean,v_bias_clean,i_bias_clean,v_coil_src,density_state,heating_state
0.0,-74.4401058340822,-0.1825756649196804,-74.5437445941737,0.024926403576008383,-76.26934493535141,-0.13880847103873534,-75.4294986918288,0.024954347069757476,0.0,0.0,0.0
2.5e-09,-33.52150578633335,-0.37777291607825664,-71.89000560811323,0.025122185882925314,-34.33403618474798,-0.331660706698801,-72.88129971114327,0.02455479154572055,54.69633165386039,4.453472145864301e-11,4.7265840314626086e-11
5e-09,7.273800445084779,-0.4585099023971511,-70.45424451970112,0.02358396370271588,8.945968075893784,-0.3740654623529369,-70.44664923223658,0.023684519691326116,106.92051367694945,8.865198145024198e-11,9.37896635108658e-11
7.500000000000001e-09,49.188551160411414,-0.23613310341776864,-66.99304407225391,0.02292072017126706,50.50899982012946,-0.26684913822000556,-68.13658537671877,0.022685620672872314,154.31213197197917,1.3122313143859475e-10,1.386021343633513e-10
1e-08,87.4070591743085,-0.01587920224968928,-65.09793840998441,0.021459281617678995,87.60562524814935,-0.021075265495124975,-65.96166546738388,0.021545808510313607,194.72919331696994,1.711447974936521e-10,1.80101410989584e-10
1.25e-08,118.50469549606015,0.23792212813116753,-66.94994528911045,0.02061934889155142,118.07858093652541,0.34356692353711765,-63.93189177517539,0.02025720803863273,226.34493858092205,2.074198845581425e-10,2.1838701649054237e-10
1.5000000000000002e-08,140.4889422635755,0.8127831000554766,-60.51913322525279,0.01875169943857057,140.54618005090333,0.801186207601297,-62.05664115940705,0.018817423959937712,247.7304080764572,2.4469908284894106e-10,2.5685546842109136e-10
1.75e-08,155.89389478778236,1.3489400238133091,-60.20109390630131,0.01709885367377835,154.46554411659568,1.3225416600540512,-60.34459917111083,0.017229904482844876,257.9190272835175,2.841369220334394e-10,3.0262483863570495e-10
2e-08,158.62688122968657,1.874051899748272,-58.64213894756344,0.015093668460336291,160.07266251390797,1.8778939224615234,-58.80369915255201,0.01550358095305105,256.4502938164913,3.263115515418621e-10,3.657714017108012e-10
2.25e-08,159.38670770946405,2.4681561367355767,-55.8775595030002,0.014019734975512864,158.21708903919753,2.4394531750430963,-57.441066824581654,0.01365188461596866,243.3905910833408,3.7156244160246916e-10,4.577225228752622e-10
2.5e-08,150.49561313600879,2.892486723762976,-54.96116379890731,0.011884152728157574,150.12638797972238,2.983115855761055,-56.26297080793701,0.011691341262416336,219.33018790673694,4.2000805851184306e-10,5.893356504751106e-10
2.75e-08,138.36952666927576,3.4191009640815793,-54.23921468308766,0.00959315742499863,137.14621746017852,3.4893257112418787,-55.27477947525157,0.009640006658465837,185.356559717494,4.715771543550142e-10,7.691705216648255e-10
3.0000000000000004e-08,121.40099320920261,3.9553255877496722,-54.040462505903136,0.007617406968665848,120.5043398003184,3.943061083610107,-54.48092447781841,0.007516019791986607,143.00523714160565,5.260465497347774e-10,1.0022830305022234e-09
3.25e-08,101.83290406035921,4.257112994514775,-55.796377191580405,0.005500833653991948,101.14053618918544,4.333109275365334,-53.884871235524614,0.0053365151742252375,94.19040351281409,5.830783812709956e-10,1.2896351006051817e-09
3.5e-08,79.54264082754943,4.702142653077476,-53.103152987619126,0.0028202032449024415,79.63059646876032,4.650911855275987,-53.48909662031836,0.0031170567696866694,41.11837814509588,6.422511440114873e-10,1.6280235555085667e-09
3.75e-08,56.791480667729495,4.924577489665747,-52.73548308974582,0.00039509717729694716,56.21381369714257,4.889330081601643,-53.29507400358638,0.0008716493141353138,-13.812104275877736,7.030811824813046e-10,2.0103409851422242e-09
4e-08,33.64758989493771,5.141013204213712,-53.43307925071855,-0.0010725555146337273,30.913174390818504,5.0416760645121945,-53.30326577642838,-0.0013867324594050027,-68.11831103789359,7.650341025915101e-10,2.42600006994667e-09
4.2500000000000003e-08,3.6502384642477086,5.135130812174671,-50.8971463163895,-0.004146135850567129,3.719395098703286,5.101284308721945,-53.513123389544795,-0.003645258672965016,-119.34572526686021,8.275283359651283e-10,2.8614458812622265e-09
4.5e-08,-24.69103047995938,5.094395187154215,-53.63812520760508,-0.006246130073632506,-25.20259461423136,5.061773619053514,-53.923094896845896,-0.0058902362078635685,-165.1789844998439,8.89935251889168e-10,3.3007941304629586e-09
4.75e-08,-56.595240175058855,4.905950431063204,-53.797203756421,-0.008270149145342038,-55.33088876538885,4.917994566856374,-54.530639924482934,-0.008106237074652902,-203.54652979561786,9.515813589394788e-10,3.726712119702173e-09
5e-08,-85.63973214279606,4.629985807919897,-56.44802328059277,-0.01071016700050134,-85.669822694237,4.667501889882815,-55.332251925334404,-0.010275599629418304,-232.71423548124298,1.0117580394509981e-09,4.121661611244311e-09
5.25e-08,-113.74339760422127,4.370239502325431,-55.29538995405455,-0.011866895055015276,-114.72954131865025,4.312263690143798,-56.32348751858808,-0.012378470574812216,-251.36378768335962,1.0697429207453663e-09,4.46953184240699e-09
5.5e-08,-140.5847208027857,3.8817188271002836,-58.06975875566733,-0.014335200247451555,-140.61453749053044,3.8602444173847887,-57.49900265545692,-0.014393454161217772,-258.6522691130666,1.1248346465367412e-09,4.757523168192289e-09
5.75e-08,-160.52311586660412,3.3708391936038202,-59.036656313202776,-0.01629995808505498,-161.21336920645612,3.3264912354070915,-58.85259529576627,-0.016298818780710485,-254.25025700780347,1.1763999004619235e-09,4.9779514842048094e-09
6.000000000000001e-08,-176.39219038658723,2.7372000988936467,-57.82761898576616,-0.018076311755091206,-174.46238311667872,2.7334161392520686,-60.37725422662919,-0.018074101356814875,-238.35671229002378,1.2239285951167098e-09,5.129512347283303e-09
6.25e-08,-178.76773045479837,2.0655529959486985,-62.970486481412344,-0.0194143122166835,-178.64144291641406,2.1100890781826775,-62.06521360415094,-0.01970186666192814,-211.68998698659408,1.267090733585754e-09,5.217552789314125e-09
6.5e-08,-172.37897244254327,1.5205484156168354,-63.50849536057085,-0.021239396818800216,-172.65210776029934,1.4905193199650653,-63.90801275249817,-0.021169337363645086,-175.4553563530823,1.3057870493476765e-09,5.253089612340398e-09
6.75e-08,-154.370801670499,0.9061583858254997,-64.48668756071318,-0.02278300673803862,-156.22986080816167,0.9110750813975275,-65.89656071213881,-0.022469619185067027,-131.29054317698126,1.3401854350874052e-09,5.25065461320203e-09
7e-08,-128.75267128083226,0.4195643028471813,-69.25599122349584,-0.02360882953873801,-130.0517345242048,0.407344526891259,-68.02120499096097,-0.023602303136743937,-81.19169643729963,1.3707364531971489e-09,5.2254323899017875e-09
7.250000000000001e-08,-98.09010657948718,-0.04214099188694346,-67.19052973207336,-0.024810698941747665,-95.71736753100788,0.010847282213089745,-70.27180393864236,-0.02457332365539075,-27.423169916542342,1.3981637084954979e-09,5.190435799149898e-09
7.5e-08,-55.44931648496531,-0.33959155985783024,-72.96007865632698,-0.03539769351043789,-55.602265507203015,-0.25395461095393057,-72.63780213634205,-0.03538060837297339,27.584821433643782,1.4234281690765062e-09,5.154509556981923e-09
7.75e-08,-12.31292836622819,-0.3848921442970979,-76.65046799679376,-0.0316028515366135,-12.603204242873264,-0.3719315627389722,-77.08427194522282,-0.03199190642138455,81.34604167395695,1.4517155261162455e-09,5.121719880889803e-09
8e-08,30.850081717941006,-0.344453426363806,-78.82260325857798,-0.01839620247322476,30.186400958629754,-0.33853530703367385,-78.84332870671328,-0.01855582926069432,131.43060607998822,1.4831936907943678e-09,5.09347677551741e-09
8.25e-08,69.77037497488881,-0.10331599808625361,-80.3945877817424,-0.0193929338503388,69.82186294651586,-0.15986433009602566,-80.69388266116927,-0.01915862703670314,175.57480639818857,1.5150745371155163e-09,5.066351320453603e-09
8.500000000000001e-08,104.21050287685003,0.15193348935034828,-81.92357218324885,-0.0196236774742351,103.82097554294597,0.14843205118742264,-82.62502459981336,-0.01968044584742694,211.78342530378413,1.5462489670515197e-09,5.039253806057837e-09
8.75e-08,130.70159671314443,0.5113771707989943,-83.52467583129035,-0.02030698321248775,130.399678040599,0.5632148040348943,-84.62575420009641,-0.02013212960109582,238.41991568014785,1.5781034600244476e-09,5.013712752502462e-09
9e-08,148.46701948654297,1.1189013074449239,-86.80995846535882,-0.0206533288071851,148.596909064204,1.0565463404634907,-86.68506444676078,-0.02052065419694339,254.28036882156113,1.6140662249492184e-09,4.994912429705476e-09
9.25e-08,159.78369260256977,1.6093336781593188,-88.43176172087051,-0.02005827196541858,158.27510273625964,1.598595990228548,-88.79202499872699,-0.020849075173831114,258.6479283650496,1.6547518720834086e-09,4.991498748214419e-09
9.5e-08,161.84132086590327,2.141865365701821,-90.51642863591373,-0.020744133239913833,160.00398045247607,2.1603348255225674,-90.93586380624362,-0.021117138565267576,251.32519056549322,1.7005243456718725e-09,5.014333842000754e-09
9.75e-08,155.31154929664783,2.6658423818028028,-95.02163907360226,-0.02109524868099075,154.8547740037776,2.715657344953069,-93.10604630122307,-0.02132240015656402,232.64312649535745,1.7515061420754762e-09,5.0746628535918275e-09
1e-07,144.24404918221785,3.1378633893936247,-96.08564536087066,-0.021345519741772356,144.1463601261254,3.2426893994832926,-95.29235150800248,-0.021461616750151367,203.4461229059387,1.8076043758079056e-09,5.182235833326113e-09
1.025e-07,128.04405357344794,3.7707976523235223,-98.03384653178149,-0.021140678731027852,129.19150408715254,3.7242003623204796,-97.48494445169814,-0.021532135106410836,165.05381786912798,1.868547024508317e-09,5.3438159896981436e-09
1.05e-07,110.23376789623548,4.14449213566962,-103.3260534437955,-0.021418611347377582,111.08938477549597,4.147203960406411,-99.67444427658624,-0.02153301618395176,119.20145614177383,1.9339221031446186e-09,5.562285518867269e-09
1.075e-07,91.5066811706936,4.4808267646821465,-99.51102029948999,-0.020615118824241715,90.60025858610369,4.5019763659348095,-101.8519875272208,-0.021465691445874943,67.96146005434662,2.003213269179487e-09,5.836337180609821e-09
1.1e-07,68.42430551057296,4.744835408360878,-104.29931168989542,-0.02125789296722682,68.12145032355825,4.78081635832217,-104.0092860899285,-0.021334043179583775,13.649760741129116,2.0758272523403704e-09,6.160595194942482e-09
1.1250000000000001e-07,45.86813564659947,5.000048691447452,-105.53305293931689,-0.0212841658141896,43.76390574399371,4.976903771980179,-106.13867934149359,-0.02114391443005352,-41.27887667298009,2.1511111403953366e-09,6.5259755357429206e-09
1.15e-07,17.566325012112024,5.032943421820047,-107.22099030632418,-0.020752427247842584,17.50895212782224,5.083574093893459,-108.23318010481843,-0.020902165449096288,-94.34180286587645,2.2283604114932574e-09,6.9201575824499404e-09
1.175e-07,-10.640040987564213,5.121849822378091,-110.33889415838262,-0.020348932063000494,-10.590735316691003,5.094226761966078,-110.2865140676492,-0.020615482184768802,-143.14069441387005,2.3068211260267285e-09,7.3281496006360035e-09
1.2000000000000002e-07,-39.078247721571095,4.976038273906648,-112.78888708324595,-0.019896957851070575,-40.210815939882586,5.002941542969816,-112.29315237957663,-0.020289192087047835,-185.4699525487313,2.3856913866643826e-09,7.733032913103897e-09
1.225e-07,-71.09194545544425,4.751528516536368,-115.90427434014734,-0.019990955196838012,-70.60090085214046,4.805718280829009,-114.24833720394307,-0.019926344249902823,-219.41639119920407,2.4641277117626514e-09,8.117014047758082e-09
1.25e-07,-101.87881661005471,4.45735269206525,-115.64716347872958,-0.01935009086588079,-100.51329856625243,4.502110208440452,-116.14810006445103,-0.019527264200872564,-243.44570864452945,2.541261230675972e-09,8.462869959668623e-09
1.275e-07,-128.88980710932125,4.071565186082177,-118.87095819805239,-0.018553512515140032,-128.23690858897567,4.0969173670211205,-117.98927289061932,-0.0190897068196497,-256.471834458155,2.61622672491621e-09,8.755737478274227e-09
1.3e-07,-152.57881194828832,3.681404727608181,-119.4068943652912,-0.01872221789513349,-151.73875274093317,3.6015645083016485,-119.76949173119729,-0.018609619537031198,-257.90601741770746,2.6882048494242635e-09,8.985010123928531e-09
1.325e-07,-171.54417889782303,3.0742482072065354,-121.95050300879333,-0.01826105483915907,-168.89527285270697,3.0348161246274437,-121.4871931696484,-0.018082412245422928,-247.68343571948077,2.7564748720133796e-09,9.145933707679697e-09
1.35e-07,-177.47280978154558,2.3894278214510214,-124.74801493818914,-0.017302803413960323,-177.77802113538937,2.422576178366803,-123.14160354027692,-0.017504531238195276,-226.2661267763443,2.8204725308445677e-09,9.240422643898225e-09
1.375e-07,-177.373652262897,1.7807570707774694,-125.87211840407434,-0.016459620952797297,-176.94692031017746,1.7966657819506526,-124.73272110692514,-0.016875070102552778,-194.62210417887965,2.879845657820217e-09,9.276717932088103e-09
1.4e-07,-165.13831064767055,1.2248378140600154,-129.3225543274535,-0.016473793664907147,-165.70099906825357,1.19264328369619,-126.26129142785453,-0.01619713279691977,-154.18160568554387,2.9344994457833604e-09,9.2677832020341e-09
1.425e-07,-142.0835804321165,0.5662514389149516,-127.62135716815153,-0.014861352554961946,-144.24208610465126,0.6468978590640646,-127.72877618989934,-0.015478696827771301,-106.77244973306806,2.9846238398117913e-09,9.22871600459228e-09
1.4500000000000001e-07,-113.40951918576688,0.22011018539705132,-130.5471574157355,-0.014374529542266833,-113.72046728889546,0.1933802092426912,-129.1373158517202,-0.014732802201376839,-54.537422205610596,3.0306974563741797e-09,9.1738026808502e-09
1.475e-07,-76.29533767036644,-0.1372228012290273,-130.75506531502933,-0.013567636404990464,-76.15065066669462,-0.13959147502108266,-130.48968648949344,-0.013977001305964682,0.16257260744140392,3.0734653922240824e-09,9.114019210676285e-09
1.5e-07,-33.777033150582604,-0.31390552324461674,-131.9316137735927,-0.013203977529056941,-34.20681019962829,-0.3320092813138802,-131.78925128817772,-0.013232127028254808,54.85521950886418,3.1161160035798914e-09,9.05568494095467e-09
1.525e-07,9.98330784244297,-0.35638276799540686,-132.50538853741674,-0.011889529534615152,9.072557466797912,-0.3739661831599789,-133.03990716717118,-0.01252054986622934,107.06853541030485,3.160581651498229e-09,9.000623513179937e-09
1.55e-07,50.417786811204486,-0.2638662753405773,-134.4474521600937,-0.012348384794176648,50.62622700155157,-0.2663201323489171,-134.2460270703089,-0.011864179690289146,154.44259733842844,3.2056156448068458e-09,8.947697383617686e-09
1.575e-07,86.12231676854265,-0.052725980563733066,-133.89790923965936,-0.011671893629347667,87.70613864861184,-0.020162954229628785,-135.4123984863992,-0.011282509270908089,194.8362055790585,3.2499942709490575e-09,8.895142142399085e-09
1.6e-07,119.55066449758839,0.35045601707179735,-137.12703711927605,-0.0106474923149628,118.1571023027471,0.34479394676863784,-136.54415879754364,-0.010790987543874695,226.42366102810254,3.292598314891269e-09,8.842899777203812e-09
1.625e-07,142.58654084058793,0.8570786674095074,-139.0322943594926,-0.010527550504623156,140.59987444206996,0.8026451678669331,-137.64672807806397,-0.0103999525617626,247.77728263339188,3.3379746081754276e-09,8.794211870194077e-09
1.65e-07,153.93739517080925,1.311930195185836,-139.48460088562868,-0.010328512684681337,154.49402040287072,1.3241442248878037,-138.7257399867555,-0.010114257551288846,257.9319353269801,3.387137385505039e-09,8.756041044793752e-09
1.675e-07,160.36746838669353,1.7962138452462046,-141.05190065284575,-0.010245470986723324,160.07762717105007,1.8795541965985845,-139.7869714092336,-0.009933605585832651,256.42865193231296,3.4405387697124918e-09,8.738305038551889e-09
1.7000000000000001e-07,160.54443504813753,2.4901746629357486,-140.37768978912632,-0.009289749791828773,158.20173393045422,2.441093989172223,-140.83627151522307,-0.0098534899344802,243.33537743540123,3.498392359665413e-09,8.752268394720181e-09
1.7250000000000002e-07,152.62203468232968,2.9905761857851383,-142.26201745754932,-0.01024821359412835,150.09463544203723,2.984672634902773,-141.87949089770763,-0.00986653900702675,219.24389802618492,3.560691460551013e-09,8.808621866329426e-09
1.75e-07,137.01682354008872,3.4218616165862357,-141.70044407749594,-0.010086204507413779,137.10196596738936,3.490747679896797,-142.92241145688996,-0.009964004093635386,185.24309371042293,3.627240890950697e-09,8.915756297782766e-09
1.775e-07,122.09774739096704,3.9433212992946407,-144.2431357447105,-0.010170354171405535,120.4508474453087,3.944310059491095,-143.97067768197616,-0.010137115170312488,142.86972341313862,3.6976952405250108e-09,9.078558767378145e-09
1.8e-07,102.17550609524375,4.26744375415681,-143.2876799482693,-0.010672244512596702,101.08004855577022,4.334156732067603,-145.02972996797766,-0.010378066684632955,94.0389669748719,3.771596549501052e-09,9.297824661641137e-09
1.825e-07,79.1835214132294,4.678087290366755,-145.0047033007209,-0.010693573492557699,79.56427590767831,4.651735220162645,-146.10474058318547,-0.010680474346996306,40.95786338432741,3.8484057431564025e-09,9.570188241454177e-09
1.85e-07,56.21938130469944,4.8635815612009985,-145.47144787555303,-0.011065645013834365,56.14196770241192,4.889909328442574,-147.20055287591404,-0.01103925083984004,-13.974442357826103,3.9275244805452235e-09,9.888384599426316e-09
1.875e-07,28.676534589879918,4.982433333320886,-149.3625339607574,-0.011470942878456255,30.835722541900605,5.041991546304829,-148.32162427679216,-0.011449963391969227,-68.27513512941037,4.008306896129918e-09,1.0241674656559274e-08
1.9e-07,2.558833214929069,5.090733092427941,-148.0952963447347,-0.012151691783089547,3.636467514500719,5.101316477816568,-149.47197361559475,-0.011907838313285266,-119.48994727614435,4.09006347159636e-09,1.0616358048282263e-08
1.925e-07,-24.304158507362832,5.076684470406157,-148.58988768905212,-0.012280486466036045,-25.290060681071733,5.0615048559881,-150.65513322971444,-0.012406648187843376,-165.3040859205127,4.172061436614759e-09,1.0996412179217169e-08
1.95e-07,-55.93961812923059,4.90388309672337,-154.05619241363354,-0.012471917110149793,-55.42068884987469,4.917412866266633,-151.87410629523768,-0.012937743549871317,-203.6468563283506,4.253527240999492e-09,1.1364374333389333e-08
1.9750000000000001e-07,-86.55765601414973,4.656829262039058,-153.13552195078185,-0.01386733440284513,-85.75827216086138,4.666605720391186,-153.13132976165977,-0.013489467641162982,-232.78525259523383,4.333656538367178e-09,1.1702585925991783e-08
2e-07,-113.79574944816856,4.288685379980413,-153.89188443681857,-0.01397512541043277,-114.8115750246216,4.311067036867151,-154.42864321798345,-0.014047124326397762,-251.40228556678352,4.411635779027877e-09,1.199482672376655e-08
2.025e-07,-140.5051098528161,3.8942310759275003,-155.9189151321485,-0.01467442136326393,-140.68412951943063,3.8587808901845047,-155.7672639618025,-0.014593567695976925,-258.656507749264,4.486677167268831e-09,1.222819895248029e-08
2.05e-07,-161.76209451706063,3.2649728725575233,-157.9625391164288,-0.01500123337992198,-161.2642195960607,3.324816209870453,-157.1477684844701,-0.015110365603006527,-254.2200448200709,4.558065826111252e-09,1.2394930926657807e-08
2.075e-07,-175.66068134841527,2.7134478605749277,-159.42096224601246,-0.01565949275869354,-174.48876647455057,2.7316061794069526,-158.5700805251395,-0.015579379394375838,-238.29341480044462,4.625215075125718e-09,1.2493638905857678e-08
2.1e-07,-177.85771089863576,2.0820067848092436,-159.15471866499485,-0.016155835081466726,-178.63907977681816,2.1082383228465065,-160.033465784878,-0.01598451841006601,-211.59646509754978,4.687723323129337e-09,1.2529595464644978e-08
2.125e-07,-170.6497308741358,1.5574506344093801,-161.41275658135189,-0.016239441345723273,-172.6189098012093,1.4887330234287817,-161.5365333297624,-0.016313385825411395,-175.3358370409804,4.745424680281366e-09,1.2513743986987936e-08
2.15e-07,-155.30403584484026,0.9227740049998076,-162.63340983133023,-0.016328610865435796,-156.16641761398037,0.9094609944331272,-163.0772436494239,-0.01655854009493559,-131.15042844254725,4.798425303097389e-09,1.2460540875394362e-08
2.175e-07,-130.01024141964896,0.40522101542935834,-165.06614856131173,-0.016206368190251712,-129.96144975730635,0.40600319791995443,-164.65292327549545,-0.01671815278033918,-81.03731914744661,4.847118772338075e-09,1.2385092183691121e-08
2.2e-07,-93.23074996577125,-0.00048068146241501096,-165.73947775808955,-0.016497888164142264,-95.6062092538036,0.00986258012750935,-166.26028580337754,-0.016795939352535982,-27.26150757320749,4.892176294795455e-09,1.2300330270488947e-08
2.2250000000000001e-07,-53.578688285130234,-0.28166237433696595,-168.41468910513188,-0.016464801088233564,-55.47815907084632,-0.2545234422707447,-167.89545910124318,-0.016800358062068015,27.746462060695034,4.934510827276784e-09,1.2215020684276027e-08
2.2500000000000002e-07,-12.509674493711596,-0.35179907794594145,-167.798350763311,-0.016655372857257728,-12.475155486606582,-0.37205521641803263,-169.55401843277707,-0.01674319249538836,81.50035479648594,4.979273289705604e-09,1.2133156125279639e-08
2.275e-07,28.361039269950147,-0.33030104424897894,-172.47362326327539,-0.016529654429594677,30.309319870630308,-0.33821638077866967,-171.23102516531338,-0.016637734891721094,131.57061709627322,5.02543779668335e-09,1.2054853169365764e-08
2.3e-07,69.51882240185198,-0.19736185281683488,-173.7267477401968,-0.016363005618522743,69.93151069146444,-0.15913574543993209,-172.92107068329386,-0.01649685191625538,175.6941871291413,5.071793704079413e-09,1.1978379701586102e-08
2.325e-07,104.1146046169137,0.13768746169775983,-175.3011346796543,-0.01628657257044926,103.91097179180497,0.1495118449138127,-174.61832507878142,-0.016331231109559037,211.87678001223156,5.117189312579435e-09,1.1902591307143693e-08
2.35e-07,130.47354913308328,0.509116990366831,-178.41245097371876,-0.016302494747720712,130.46594646114798,0.5645690329446482,-176.31659014656952,-0.01614807188915661,238.48302494586497,5.162989298765148e-09,1.1828970633309354e-08
2.375e-07,148.3833719124536,1.102558834293087,-178.10039083255887,-0.01613226365970849,148.63786311828224,1.0580883756423445,-178.00935617162003,-0.01595040596273922,254.3103802494563,5.212573180521901e-09,1.17626611643745e-08
2.4000000000000003e-07,159.13378140664676,1.6057354999088929,-179.07743799160582,-0.014954729247641966,158.2914655953835,1.6002378070922672,-179.6898619615057,-0.015737122407457307,258.6434855069267,5.266521529069648e-09,1.1712269315372152e-08
2.425e-07,160.37425654574199,2.1754172797123434,-181.46896809465932,-0.015520131189484004,159.99829217861904,2.161994258440878,-181.3511575465421,-0.01550365189739603,251.28649422842167,5.325167010932147e-09,1.1688616247561586e-08
2.45e-07,153.41718946289683,2.774670056623212,-183.41691433571404,-0.015192751796543565,154.83069051758937,2.7172632236489087,-182.9861689456324,-0.015243153948010542,232.57192566565013,5.388603433855842e-09,1.1702903469041965e-08
2.475e-07,146.3620755347426,3.245501988455364,-184.30705827312835,-0.014929090453946635,144.10788043452595,3.244184080748917,-184.587764376751,-0.014947970003205852,203.3456356989519,5.456711617338514e-09,1.176483505931015e-08
2.5e-07,127.31627954259186,3.750404232459035,-187.1885191233806,-0.015104625526600465,129.14226929321927,3.7255396650683172,-186.1488212776185,-0.014611067763571087,164.92858607777904,5.529195417779441e-09,1.1881127216543453e-08
2.525e-07,110.68657647979067,4.159913579457991,-187.57927867286688,-0.01456172270869248,111.03217354642052,4.148354984299647,-187.66229349459636,-0.014227214544134139,119.05713995783995,5.605620661473616e-09,1.2054615655316709e-08
2.55e-07,90.38911375042801,4.526982248571299,-189.252759973887,-0.01371063052214183,90.53676265055513,4.502914039045236,-189.12127799622255,-0.013793676914562372,67.80458224069186,5.6854504938087084e-09,1.2283948453706037e-08
2.575e-07,67.35806323994353,4.732756034857038,-192.18736667141323,-0.013029505512607408,68.05235782599696,4.781519752754895,-190.51908047213277,-0.013310339249505867,13.487411817671468,5.7680725477142716e-09,1.2563707661499605e-08
2.6e-07,43.52330175080329,4.978312684395262,-191.51357968028583,-0.01295828141208255,43.68926012161321,4.977353215121606,-191.84927918832292,-0.012779247533278831,-41.439358904617166,5.852815973533121e-09,1.288476980816328e-08
2.6250000000000003e-07,17.375056981052364,5.082091415657961,-193.20517011790778,-0.011929077335680289,17.428700581611622,5.083749891283007,-193.10578648572013,-0.01220369601334498,-94.49316497428966,5.938959231332668e-09,1.3234777555900304e-08
2.65e-07,-10.00299025362803,5.15654764091244,-196.60582355008347,-0.011171905526579073,-10.676126935467428,5.094109976734206,-194.28290733068977,-0.011587062775104363,-143.27609517645564,6.025732067150784e-09,1.3598705312368883e-08
2.675e-07,-40.25540464852981,5.060221724499237,-196.48691694742135,-0.010787737447014776,-40.299819102458116,5.002516816402183,-195.37539435322645,-0.010931649861141202,-185.58327215936768,6.112316787167134e-09,1.3959603903875464e-08
2.7e-07,-68.99630485430637,4.799579419629117,-195.2369636888152,-0.010407629869170685,-70.6905767804904,4.804978215394341,-196.37849884090485,-0.010237785080548909,-219.5025078695552,6.197854476467217e-09,1.4299653605837117e-08
2.725e-07,-102.74177782771514,4.563957237219191,-196.521143513227,-0.009471196786431657,-100.59923730302182,4.501060455804689,-197.2880171939115,-0.009503395739688097,-243.50073009720768,6.281461068491296e-09,1.4601610358335236e-08
2.75e-07,-128.72144023206224,4.140307002639679,-196.01751655107591,-0.008913680415055998,-128.31349209653754,4.095581341373191,-198.10033238830982,-0.008724177538019824,-256.49327384880024,6.362256283508187e-09,1.485059581697356e-08
2.775e-07,-152.1476884066612,3.651753537266718,-198.54375032268246,-0.00773815836150335,-151.79971873770742,3.5999866238016702,-198.81245004071815,-0.007894370452837156,-257.8929057346863,6.439405762851649e-09,1.5035993812617374e-08
2.8e-07,-168.83640242188577,3.0350447411027504,-199.49100191516092,-0.006761584851988271,-168.9344985061437,3.0330626428010565,-199.42202871739892,-0.007008037704490771,-247.6363655810065,6.512173729148078e-09,1.5153044237991325e-08
2.825e-07,-176.76849873368218,2.426152277889692,-200.54778386767833,-0.006005710983985292,-177.7904016998765,2.4207331168531385,-199.9274041839087,-0.00606064484169081,-226.18722564548312,6.579980765915359e-09,1.5203656314073105e-08
2.85e-07,-175.33632925525822,1.7720499639110492,-199.90609419550623,-0.004991985615434941,-176.9291954090213,1.7948338176036562,-200.3276073474643,-0.005050671714225008,-194.5149382070643,6.642459360690139e-09,1.519606276109141e-08
2.875e-07,-167.98007525722454,1.1087011770670145,-200.48195315095433,-0.004021297421714301,-165.65238281863523,1.1909300965314766,-200.62237570253546,-0.003980972561488506,-154.05101853065244,6.6994990894836695e-09,1.5143212290883075e-08
2.9000000000000003e-07,-143.4433190005025,0.6119409809863989,-199.63486731926483,-0.0032202287548931266,-144.16458631233314,0.6454088182230954,-200.8121581503449,-0.002859632289579842,-106.62434363711449,6.751273926622176e-09,1.5060178758096745e-08
2.925e-07,-114.16245701304837,0.22659578107734757,-201.28753456588015,-0.0017805217160876837,-113.61882857952462,0.19220861686608431,-200.89811312440332,-0.0017001449082718221,-54.37849122685114,6.7982460908493515e-09,1.4961216141919308e-08
2.95e-07,-74.8435463798719,-0.13472491477894558,-199.2029828393776,-0.0005883808530295138,-76.03191806812937,-0.14037324844572244,-200.88210001636932,-0.0005208496719135297,0.32514515070171707,6.841143798872205e-09,1.4857261896112156e-08
2.975e-07,-35.64512897446804,-0.41910343684999046,-200.5143659319247,0.0004895781838453637,-34.079572577338155,-0.3323565387164991,-200.7666639588387,0.0006563173500808584,55.014085707896065,6.88315047329575e-09,1.4754594869400138e-08
3e-07,10.417346090310353,-0.3330615732748673,-201.43314013309197,0.0024766723374375745,9.199131608636593,-0.3738655946568755,-200.55501408357068,0.0018075851172472336,107.21651487469815,6.926161067630767e-09,1.4655000792583025e-08
3.025e-07,51.06709327669858,-0.31372374552875504,-200.68797227116647,0.0023185153797932205,50.74341481446926,-0.2657899149197271,-200.25099543458373,0.002909366911167239,154.5730017333863,6.9689104136211515e-09,1.4557310261587182e-08
3.05e-07,89.59476091794131,-0.04659278719021025,-202.5420956485868,0.00366140613134811,87.80659379180737,-0.019249604756760727,-199.85905477495442,0.003940239762126722,194.94314092289878,7.010156470959323e-09,1.4459734373258103e-08
3.075e-07,120.35662920666473,0.27505739545062946,-199.548908853789,0.0039232848707475634,118.2355533641663,0.3460217806511482,-199.38420058347782,0.0048825959642603296,226.502294086808,7.0487619263006346e-09,1.4362196907343938e-08
3.1e-07,139.36072161666556,0.7800619974445143,-199.84305458707718,0.005184827637375225,140.65349387127037,0.804104682166138,-198.83195759208573,0.0057237367638646765,247.82405937177916,7.08927537678319e-09,1.4267924636462465e-08
3.125e-07,153.47838329264064,1.3078103202787101,-199.51953318007736,0.006864398995392855,154.52242392248783,1.3257470831802873,-198.20831626656172,0.006456274899654505,257.94474154299957,7.132677540262765e-09,1.41838652276051e-08
3.15e-07,158.5328008084361,1.834162926015757,-199.13171963329404,0.006482571542304366,160.08252664244574,1.8812145211760343,-197.51967768117345,0.007077830593724299,256.4069088141639,7.179402103374104e-09,1.4119918330657569e-08
3.1750000000000003e-07,157.83573654395934,2.4310506622672,-198.42396091763848,0.00791068940757716,158.18632451741178,2.442734643491366,-196.77279428191454,0.007590123987398741,243.28006772250822,7.229644809253347e-09,1.4087325688157778e-08
3.2e-07,149.73207610289927,3.0563719552626623,-194.80983660363586,0.007616036344703366,150.06284048446315,2.986229084217824,-195.97470707271697,0.007997665046269956,219.15752159161445,7.283381892215168e-09,1.4096750588207189e-08
3.225e-07,137.84687332654815,3.495832970566588,-194.98523909149839,0.008616999962973418,137.05768285862632,3.4921691886887825,-195.1326797938806,0.008306302528290661,185.12955457231186,7.340402072325232e-09,1.4156553081501155e-08
3.25e-07,120.54444094621746,3.9462175794678034,-196.31959655094582,0.008673026880423847,120.39733169897073,3.9455584789112104,-194.25413069175949,0.008521906366636921,142.73415328196631,7.40034497978904e-09,1.4271588080422837e-08
3.275e-07,99.70966776250361,4.320337492151167,-191.56988320455517,0.008589407435497859,101.0195425106717,4.335203558834144,-193.34656250315388,0.008649421015134906,93.88749331183536,7.46273898040225e-09,1.4442619340745901e-08
3.3e-07,77.74580352889022,4.7116360430049875,-191.56607995430483,0.008739403794924586,79.49793891950515,4.652557893763899,-192.41749129666525,0.008692448067027344,40.79733245404278,7.527032738712558e-09,1.4666251454003909e-08
3.325e-07,55.90152389074168,4.921042925008285,-191.5624970404666,0.008480486121407435,56.07010533955918,4.890487826149529,-191.4743748262888,0.008653409498754025,-14.136774922885364,7.592617183846191e-09,1.4935192652041605e-08
3.35e-07,29.369201460222033,5.098934937756569,-191.5807171130299,0.008331013317263283,30.75825409158267,5.042306220792803,-190.52454105962107,0.008534227848455447,-68.43193226698541,7.658837363083952e-09,1.5238680258859362e-08
3.375e-07,3.917209093817184,5.16081876166045,-189.77411321263585,0.00795859027266575,3.553524634437906,5.10134778341493,-189.57511754417357,0.008337357547924036,-119.63412211268924,7.724996425963464e-09,1.5562993971080052e-08
3.4000000000000003e-07,-26.232464011888663,5.096723591316432,-191.0598684519427,0.008164114979865692,-25.377537578842258,5.061235183594157,-188.63296227038305,0.00806693113445785,-165.42912208174664,7.790356140811052e-09,1.589209555242253e-08
3.425e-07,-56.6319333307391,4.899784409171203,-187.64223839401814,0.007848774801796502,-55.510491104351566,4.916830233911995,-187.7045966790306,0.00772975808621301,-203.7471024645299,7.854139485974453e-09,1.6208511961323013e-08
3.4500000000000003e-07,-83.21248614162471,4.641059425825052,-186.80371393829085,0.007271174387165776,-85.8467107560871,4.66570863523788,-186.796141444007,0.007335937403603208,-232.85617780929377,7.91554075203154e-09,1.649458086519642e-08
3.475e-07,-113.57000210466047,4.317340286903387,-185.80998760891578,0.006775618896488197,-114.89358121636397,4.309869536612341,-185.9132556388322,0.006898913717474688,-251.44068420056658,7.97374724563618e-09,1.6734085966680613e-08
3.5e-07,-140.80096488550848,3.8133771312255513,-184.6363378104369,0.006632472650232565,-140.75367546319814,3.8573166469331333,-185.06107986724444,0.0064349083508081694,-258.6606442719684,8.027974340873599e-09,1.691414149531949e-08
3.525e-07,-160.7582582005336,3.342122894901286,-182.45290947147492,0.005987008588716989,-161.3150057289954,3.323140664020198,-184.2441839047524,0.005961773092212148,-254.18973227029065,8.077512711202793e-09,1.702699498160788e-08
3.55e-07,-174.36096180245983,2.7353630650271095,-182.90725776218156,0.00535356687843059,-174.51507041390522,2.7297959536339325,-183.4665193595912,0.005497424421334301,-238.23002323639923,8.121783638543077e-09,1.7071286804368956e-08
3.575e-07,-177.47550194773885,2.010039454976004,-180.21754765723648,0.00509620353164259,-178.6366275219957,2.10638759952378,-182.73137781836397,0.005058099561721953,-211.50285967357175,8.160395894853987e-09,1.7052315090438228e-08
3.6e-07,-171.89020939401573,1.5574440398055043,-181.78807768147044,0.005016732692762118,-172.58562036849605,1.4869470777046603,-182.04135489416765,0.004656717656960922,-175.2162485090663,8.193196297988924e-09,1.698104639979823e-08
3.625e-07,-154.05454539221535,0.900410721591099,-179.3381369075708,0.0037916855200508795,-156.10288887584545,0.9078475703090672,-181.3983205436074,0.004301621597155788,-131.01026193200053,8.220305956914433e-09,1.6871954927361332e-08
3.65e-07,-129.36970055211316,0.433550152101405,-179.65439696778245,0.0042601246659287155,-129.87109349688205,0.40466280810072913,-180.8033959642512,0.003995919432771814,-80.88290986534271,8.242135511980507e-09,1.6740157984442616e-08
3.6750000000000003e-07,-94.3735686289196,-0.002334215077477735,-180.59115067400143,0.0033154499710456743,-95.49500035945272,0.008879031486750639,-180.25693732624603,0.00373754847996698,-27.099834467462102,8.259375170300375e-09,1.659859388081983e-08
3.7e-07,-54.8588265536138,-0.26501530867093825,-181.81661323815388,0.003257075516490788,-55.35402747381811,-0.2550909878701001,-179.7585265315199,0.003520066746526182,27.908091733881346,8.272958645474094e-09,1.6456032133250818e-08
3.7250000000000003e-07,-12.872368611532075,-0.3815324416445609,-177.62864799267342,0.0032512402263115076,-12.347108743628105,-0.37217754507895157,-179.30696913176365,0.0033340558737261095,81.65463574396536,8.288068222749243e-09,1.6316471788829254e-08
3.75e-07,30.114092913975497,-0.3341586767137949,-175.5546235357348,0.003345274774059486,30.43221092185881,-0.3378961836953227,-178.90029947277185,0.0031689184746400176,131.71057617056286,8.303685480464428e-09,1.618004208612248e-08
3.775e-07,70.84892519914142,-0.06542355348308668,-180.44172396574857,0.0035329189658069977,70.04110881779988,-0.15840602792243808,-178.53579306828883,0.003014788308377683,175.8134984988114,8.31862479403612e-09,1.6045032084379466e-08
3.8e-07,103.8448732108045,0.11221786588198897,-177.24412989724078,0.003148834836990374,104.00090282625169,0.15059256796523304,-178.20998614182346,0.002864255398853986,211.97005107508224,8.331760997151474e-09,1.5910326832967382e-08
3.825e-07,128.69119246487713,0.6117559650975619,-175.78231827400538,0.0028587733065639958,130.53214132682774,0.5659239458128433,-177.9187022105448,0.0027136427298474486,238.5460400622606,8.344503794780307e-09,1.57774442870083e-08
3.85e-07,148.90048237575135,1.021244726112983,-178.66729356897196,0.0023288440955219355,148.6787425277461,1.0596308331816486,-177.65708552191603,0.0025636503051256797,254.34029127964064,8.360248480032963e-09,1.5651565339262974e-08
3.875e-07,158.01135912850688,1.6409182796823611,-175.30100979016245,0.001912297128745743,158.30775893670972,1.6018797921949637,-177.41964109173898,0.002419292048974464,258.6389405404519,8.37960372795296e-09,1.554133212486584e-08
3.9e-07,160.56022069148557,2.2001919829189096,-175.22614055603668,0.0022530654648560285,159.99254390707526,2.1636536315745287,-177.20028103231695,0.002289171807555524,251.24769868742206,8.402930719821117e-09,1.5457597082174265e-08
3.925e-07,155.19036271397138,2.7265668210835994,-175.48587838467807,0.0016898339098596516,154.8065587016264,2.7188688520517195,-176.99237680203464,0.002184255269628546,232.50063302022897,8.430352009661425e-09,1.5411587383665205e-08
3.9500000000000003e-07,142.1272548814184,3.263447703881548,-176.0795903863947,0.001948684114695475,144.06936398710383,3.245678362227442,-176.78881695332035,0.002116375557524278,203.24506821432908,8.461777193218904e-09,1.541302750059092e-08
3.975e-07,129.31310725079842,3.76533972700957,-176.5318614103652,0.001875287286340422,129.09300739319013,3.726878455885451,-176.58206990517817,0.00209674752130618,164.8032891752349,8.496938708132787e-09,1.5468650060724085e-08
4e-07,111.8466563475972,4.132428158091995,-174.83688477921754,0.0020208262968865317,110.97494183436233,4.149505412670568,-176.36425121972684,0.0021347532263282457,118.9127767720335,8.535430521285615e-09,1.5581304826336005e-08
4.025e-07,89.73247974684082,4.534915606374295,-175.09601258154447,0.0020180127434165115,90.47324962291674,4.503851050537175,-176.12719481986224,0.0022372015263836583,67.64767765886006,8.576743218245376e-09,1.5749652823671183e-08
4.05e-07,67.4083932494272,4.840281206667095,-176.344197231364,0.0026088513300844456,67.9832490787432,4.782222426805062,-175.86252754767452,0.002408169149028878,13.325057569597694,8.620290907289447e-09,1.5968288674161878e-08
4.075e-07,42.89784415201019,4.912407564567635,-173.54729759432144,0.0028757271298124444,43.61459793597121,4.977801879988609,-175.56174643092976,0.002649416970067607,-41.59982477665208,8.665427991075763e-09,1.6228101329340205e-08
4.1e-07,15.493579051187094,5.141074076215103,-176.22634312604342,0.002825887011490537,17.34843278529432,5.083924852543329,-175.21629799806567,0.0029612639327038785,-94.64448977829696,8.711456717658487e-09,1.651674573971333e-08
4.125e-07,-10.561866516112056,5.115779496596782,-175.67073929149612,0.0037625912543842177,-10.761532088323028,5.093992302999844,-174.81765896100862,0.0033437126725592643,-143.41143937590795,8.757628941188154e-09,1.681920861619998e-08
4.15e-07,-38.49009257880943,4.976691636030431,-174.12991095000956,0.0037318708545040057,-40.38882931089002,5.002091165412487,-174.35741756988742,0.0037975714804231726,-185.69651850466826,8.803147212025355e-09,1.7118553624026572e-08
4.175e-07,-70.32055129702127,4.816589954480716,-173.49841992708483,0.0041411175784875345,-70.78024886038109,4.804237220537565,-173.82735493454325,0.00432531584683925,-219.58853788379244,8.847170844865932e-09,1.7396975316145527e-08
4.2e-07,-99.46797660078286,4.562619156347553,-173.3612130939799,0.005094158173582789,-100.68515718683123,4.5000098146763925,-173.2195256047163,0.00493147986805401,-243.5556554196543,8.888831869090347e-09,1.7637246364189654e-08
4.2250000000000003e-07,-129.51720439765893,4.071654182732988,-169.5248686542957,0.0058544103900085055,-128.39003888390772,4.094244526325213,-172.52633670395832,0.005622454863442799,-256.5146119799631,8.927263874680315e-09,1.7824508236608107e-08
4.25e-07,-153.03476673900133,3.5092113798126734,-170.88227660641533,0.0066445375203000815,-151.8606293251944,3.5984081135431967,-171.7406249216689,0.006405684000645066,-257.87969223963023,8.961644073587145e-09,1.7948167327781064e-08
4.275e-07,-169.27595175505132,3.0398916433225014,-172.34365572096937,0.0073150981507094865,-168.97365176091526,3.0313087617151204,-170.85573068310703,0.00728835741825089,-247.58919767961675,8.991245899669407e-09,1.800348716184381e-08
4.3e-07,-180.0412561748029,2.3539278607073317,-171.25437408293354,0.008322842183313745,-177.80269716462607,2.4188899347233783,-169.86556883866805,0.008275811287153984,-226.10823521948757,9.01549673485492e-09,1.7992398649782298e-08
4.325e-07,-177.92188367846632,1.7959566939908551,-168.37938037830546,0.008952761785641675,-176.91137920851125,1.7930020442638281,-168.7646952409612,0.009369898374700402,-194.40769544383278,9.034033402733854e-09,1.792315049548522e-08
4.35e-07,-166.15398747540354,1.280227662328247,-169.67794518013287,0.010715832119438353,-165.60367701619987,1.189217419400894,-167.54836861104812,0.010567615038890619,-153.92037055885902,9.046747308082538e-09,1.780869819188594e-08
4.375e-07,-146.92649127265688,0.6937052564426397,-167.63390932462926,0.01183951645046817,-144.08700706268635,0.6439205850697203,-166.21260713333143,0.011860236559416657,-106.47619544755949,9.05381171092073e-09,1.7664111100412617e-08
4.4e-07,-115.54561180872834,0.185705926669987,-165.73592713053853,0.013618492492601861,-113.51712811384635,0.19103808034556166,-164.7542392616866,0.013233134663386178,-54.219538780322736,9.055685553848752e-09,1.750362762356476e-08
4.425e-07,-75.40718171278324,-0.15076345366563434,-163.53674717574452,0.014919798184537324,-75.91314721510732,-0.14115379088556548,-163.1709482671501,0.014666341427178556,0.48771756560033364,9.053091223872892e-09,1.7338161143482922e-08
4.4500000000000003e-07,-34.42102318323709,-0.34506608663502664,-162.51717837058624,0.01658242273612794,-33.95232339841754,-0.3327024787736598,-161.46131010939112,0.016135801509498,55.172930188239526,9.049216243120833e-09,1.7173962228669604e-08
4.475e-07,10.868472065238596,-0.3900018826648794,-160.4809918491011,0.017182785919111744,9.32569042481723,-0.37376369700996986,-159.62482426987006,0.017615141256588526,107.36445201170976,9.045925315417867e-09,1.701278878132855e-08
4.5000000000000003e-07,51.52168246560127,-0.2535874627545427,-158.7447293502877,0.01915527610702396,50.86056319444099,-0.26525848637108096,-157.66193724353087,0.01907769847813127,154.7033451053721,9.041940118426459e-09,1.68534475915309e-08
4.525e-07,88.11534594771528,-0.016230963333135378,-155.07693254095258,0.021046304953239992,87.9069906315936,-0.018335217733132993,-155.57405844758904,0.02049851544065928,195.0499993062746,9.036003896086258e-09,1.6694131407823305e-08
4.55e-07,116.83557284047188,0.4007159415277858,-152.2318289764233,0.021822215177792415,118.3139340961787,0.34725042438276893,-153.36356836991962,0.021856007002410343,226.58083772599377,9.026963256557874e-09,1.65347501684828e-08
4.575e-07,141.16688782987768,0.7393511079122477,-152.08749099188833,0.023393776189878323,140.7070383354208,0.8055647496316432,-151.03381884517054,0.023133074030562466,247.8707382731529,9.019369134191117e-09,1.6378518570785512e-08
4.6e-07,154.1744552603655,1.2627670391010397,-148.55765605075587,0.02412008965480663,154.55075469079907,1.3273502340741161,-148.5891254134558,0.024317528883132287,257.95744592652,9.014167953948334e-09,1.6232370589881634e-08
4.625e-07,161.18371684374637,1.8982088953892158,-145.90514931383473,0.02503859146719011,160.08736095645978,1.8828748954070902,-146.03475178373577,0.02540181764856702,256.38506447062787,9.011773045657313e-09,1.610618776146124e-08
4.65e-07,159.3146533739259,2.425819733839053,-141.77615971503153,0.025835509672907347,158.1708608347701,2.444375137323503,-143.37688649120045,0.02638214216251289,243.22466196649793,9.012359383053693e-09,1.6011187902273164e-08
4.675e-07,149.89631649679453,2.9311689286850817,-138.91773143302717,0.02767174941766039,150.03100314137075,2.9877852031541834,-140.62261190451508,0.027257182732830218,219.0710586371248,9.015882403137314e-09,1.5958004816369297e-08
4.7e-07,137.1037257768208,3.498500741275274,-137.4405818011999,0.027697975925591145,137.0133681624932,3.4935902371839522,-137.77986580414,0.028026682921904533,185.0159423479849,9.02211038023498e-09,1.595496506215508e-08
4.7250000000000003e-07,121.44369836162524,3.952643800190922,-133.93985055716084,0.0283542540305485,120.34379258086848,3.946806341531867,-134.8573958164697,0.028690170337709577,142.59852680161197,9.030663220290582e-09,1.600688823165342e-08
4.75e-07,100.32426410088269,4.35329382344356,-130.80216145200905,0.029463328263684734,100.95901806380539,4.336249755391495,-131.86470704974423,0.029246050452777568,93.73598258350165,9.04105064603453e-09,1.6114503071850492e-08
4.775e-07,78.22744645602057,4.568683838155013,-129.46933540965418,0.02947670284133443,79.43158550655102,4.653379875843444,-128.81200333600435,0.029691231162477943,40.636785417618306,9.052704112345171e-09,1.627438114427517e-08
4.800000000000001e-07,56.90814725102212,4.932577055760269,-127.16432334329072,0.030180928889752674,55.99822660743403,4.891065574506273,-125.71012253829686,0.03002132884606421,-14.299101906971602,9.064999121521506e-09,1.6479200726319704e-08
4.825e-07,27.948738264791242,5.02828912620699,-123.11287589742362,0.029979901330765397,30.680769040565615,5.042620087779533,-122.57046643340192,0.03023139175897921,-68.58870238871646,9.077267428886697e-09,1.6718172975930017e-08
4.85e-07,5.160623432681303,5.063343433339718,-118.37039912927379,0.03038531559575482,3.4705664663531017,5.1013782253583715,-119.4049257271024,0.030316974696995458,-119.77824971957898,9.088801385769093e-09,1.697755587108439e-08
4.875e-07,-26.973801731718453,5.044843921787097,-116.26545130223661,0.02993086570726745,-25.46502528848308,5.060964601785495,-116.22580080104717,0.030275328664828804,-165.55409293418234,9.098854823542261e-09,1.7241294813675678e-08
4.9e-07,-54.77631691480768,4.880412654517531,-112.82949356393601,0.02983259268431835,-55.600295496645145,4.916246669823216,-113.04571882719286,0.03010644363504682,-203.84726816457874,9.106646019323678e-09,1.7491907047076224e-08
4.925e-07,-86.01842895065252,4.653439050251709,-109.85276884317963,0.0296697924228767,-85.93513843549749,4.6648106346157965,-109.87754791733077,0.029813706207140325,-232.92701109542284,9.11136817417853e-09,1.771172870570139e-08
4.95e-07,-115.01530354847391,4.2952337087141785,-106.0756195437512,0.029147187120135372,-114.97555984091599,4.308671189770019,-106.73430900103924,0.029404002937311893,-251.4789835695496,9.112211485707997e-09,1.788455151767083e-08
4.975e-07,-142.26783790399423,3.7825313829248226,-101.83122390662439,0.029100080682558486,-140.82317526638752,3.8558516882355764,-103.62908614531051,0.028887201959288487,-258.6646786795469,9.108398549809115e-09,1.7997507946865526e-08
5e-07,-161.98096131736784,3.3050532849754886,-99.74116816308006,0.02817921242801647,-161.36572755481882,3.3214645986660964,-100.57493604292681,0.0282750618991971,-254.15931937042998,9.099231912805612e-09,1.8042873371578727e-08
5.025000000000001e-07,-172.43770189859202,2.742365384216439,-97.64986990366435,0.02766145712177512,-174.54129489699937,2.727985462909485,-97.58479740426363,0.02757972692418657,-238.16653762291244,9.08414965954039e-09,1.801932357660529e-08
5.05e-07,-177.20857498620668,2.123697531910921,-96.15862098353162,0.027225102695281108,-178.63408613347747,2.104536909292939,-94.6714009885249,0.026812050032333595,-211.40917075161434,9.062782524317641e-09,1.7932196429083873e-08
5.075e-07,-171.76766722648324,1.422988152887199,-92.0193238488098,0.025797302204071646,-172.55223946726116,1.4851614838882086,-91.84718100544225,0.02598002802223519,-175.09659080455285,9.03500462171647e-09,1.7792498992874473e-08
5.1e-07,-155.45020366015092,0.8911756936205002,-90.41985530698962,0.025204304721569187,-156.0392746236309,0.9062348100433352,-89.1241886072523,0.0250876230333391,-130.8700437006788,9.000969811896777e-09,1.761474395179373e-08
5.125e-07,-128.5598599993081,0.38960219211745745,-85.91250061593907,0.023813357338220476,-129.78066579537398,0.4033233582819767,-86.51400817338391,0.02413418805787684,-80.72846865194781,8.96112700976335e-09,1.7414084155787385e-08
5.15e-07,-94.37845963585497,-0.03208077913103829,-84.69407400086888,0.023149433883474187,-95.383740917607,0.007896636892577821,-84.02767706690696,0.023114617069550855,-26.93815066313033,8.916210245043067e-09,1.720349193055138e-08
5.175e-07,-54.5080351365022,-0.31599922072638353,-82.98344036152707,0.022067335987765987,-55.22987079524914,-0.25565724744852153,-81.67560951260774,0.02202022111364495,28.069710389395013,8.867202591431014e-09,1.699177278680005e-08
5.2e-07,-13.24737302849482,-0.3715823624298636,-78.76370239816117,0.02089504193845739,-12.219064093607567,-0.3722985487360688,-79.46752521182282,0.020840210663139413,81.80888445548686,8.819350217613567e-09,1.6782968256897134e-08
5.225e-07,31.126447513019606,-0.3635618199946391,-76.72949637832627,0.019156249206086415,30.555074040893103,-0.3375747161013131,-77.4123832691851,0.019563562953213376,131.85048324760209,8.771678792661372e-09,1.657726061709831e-08
5.250000000000001e-07,70.88484872694825,-0.17895639587690212,-76.18067178059668,0.017956902248242416,70.15065726965742,-0.15767517811915555,-75.51832196155372,0.01818098867578569,175.93274046009802,8.723068498107058e-09,1.6373004807770652e-08
5.275e-07,105.11288207491803,0.10360464904751737,-72.08515937599883,0.01702980547728044,104.09076861074342,0.15167421957689275,-73.79260483001664,0.01668669659667324,212.06323845551427,8.6724657502371e-09,1.616916444879987e-08
5.3e-07,130.4760183570191,0.6037033839395508,-71.3407254603627,0.015571674259423214,130.5982626240346,0.5672795417669273,-72.24157352238585,0.015079690045523448,238.60896100445817,8.621374668278135e-09,1.5967346349535883e-08
5.325e-07,147.14020358870204,1.1346721203445018,-69.43122881168743,0.013791431749580385,148.71954729931207,1.0611737121830505,-70.87060775653046,0.013364409491901989,254.370101900306,8.573260024819652e-09,1.577282681149568e-08
5.35e-07,159.86493359892899,1.5656773799736297,-69.16005574549546,0.011541925923812878,158.3239827829025,1.6035219446838171,-69.6840927146945,0.0115506463223572,258.6342934674194,8.528816675108388e-09,1.559434613022977e-08
5.375e-07,158.77696824012406,2.1654333301442805,-67.6102432469556,0.009325669812995223,159.98673567025102,2.165312944168089,-68.68539411616005,0.009652774891103515,251.20880395780952,8.488496716527647e-09,1.5442854857647883e-08
5.4e-07,154.3870846169936,2.7254521426014593,-66.07695174594558,0.008239110513739515,154.7823785912068,2.7204742295312894,-67.87684115078031,0.007688461484792897,232.4292485872408,8.45251811546374e-09,1.5329676986567525e-08
5.425e-07,141.63981245975322,3.212885725249289,-67.49397434298841,0.005989128262222161,144.03081081589912,3.247172243417501,-67.25971738958803,0.005677090538006571,203.1444204917721,8.420890082445364e-09,1.526463274370069e-08
5.45e-07,127.27502572856733,3.7540890823583863,-65.98667688993363,0.0031319451071102214,129.04371841138376,3.728216734383088,-66.83425972145946,0.0036381862027262913,164.67792721096495,8.393448522445531e-09,1.5254550609548747e-08
5.475e-07,111.00570132769998,4.129698121795648,-66.49154021203323,0.0015974013322816822,110.91768965394802,4.150655245214519,-66.5996652972635,0.0015900950577521773,118.7683666413444,8.369894318754478e-09,1.530237769155714e-08
5.5e-07,89.40495857210811,4.4707509039860875,-65.08876539393431,-0.00019914329646717355,90.40971950888537,4.5047874001588495,-66.55410639563863,-0.00045086383603206424,67.49074637079822,8.349827971790001e-09,1.5406874914844066e-08
5.525e-07,67.5971307567834,4.814630770724864,-68.72971433769126,-0.002440093112554944,67.91412408175279,4.782924380249298,-66.69475305810127,-0.0024706709164487653,13.16269806100222,8.332776014890186e-09,1.556273982053569e-08
5.55e-07,42.5912769976848,5.016433639747552,-65.70699894627201,-0.004296355764566544,43.53991918615311,4.978249766375782,-67.01780327616801,-0.0044573034689215215,-41.760274225734065,8.318207271396075e-09,1.5760967238338843e-08
5.575000000000001e-07,15.91085641628925,5.014265408082121,-67.92462227780412,-0.006459391040684576,17.2681487425354,5.084098977494745,-67.51852045014368,-0.006399973133801509,-94.79577721816028,8.305539875980226e-09,1.598932064973545e-08
5.6e-07,-11.35873038764922,5.109271282287302,-68.73947353940297,-0.00818116266838487,-10.846950762185658,5.093873740634652,-68.19127777872022,-0.008288107014593388,-143.5467269587944,8.294142500220178e-09,1.6232897745370882e-08
5.625e-07,-39.068570438618444,5.004078567026008,-71.03386739338822,-0.010196799073725359,-40.477846539616195,5.001664589962843,-69.02960918108285,-0.01011032554643156,-185.8096915399249,8.283334908932844e-09,1.6474875756364423e-08
5.65e-07,-71.21446434246981,4.8043558210176815,-69.67600378376173,-0.01265194116888392,-70.86991705320963,4.8034952963559245,-70.02626629931329,-0.011853672012301931,-219.67448120795208,8.272393499081913e-09,1.6697565877597624e-08
5.675e-07,-101.51685079009549,4.506170058886195,-70.63692932326012,-0.01378720339873581,-100.77105816835186,4.498958285328326,-71.17328107898902,-0.013503301976450187,-243.610484590185,8.260566725107112e-09,1.688386107213786e-08
5.7e-07,-130.0272394830753,4.10277738262014,-70.38263240006599,-0.015108889980433658,-128.46654889600683,4.092906922351591,-72.46203338042238,-0.015042754340047624,-256.53584884321964,8.247103420765088e-09,1.701902690737406e-08
5.725e-07,-153.15619842634163,3.5730141859774394,-73.11272015986276,-0.016474189608693148,-151.92148444947955,3.5968289782059983,-73.88332303235775,-0.016454814863568038,-257.8663769377555,8.231294332477696e-09,1.7092596859232673e-08
5.75e-07,-170.8874645954942,3.047497297319906,-75.64307730474006,-0.017841540558626936,-169.01273257202575,3.029554482231303,-75.42744570449436,-0.017722867937633894,-247.54193203393308,8.212524182370355e-09,1.7099962317296003e-08
5.775e-07,-178.01755123774052,2.437092498215663,-76.17203449945085,-0.019406428882038435,-177.8149075008559,2.417046632970317,-77.08427194522275,-0.018832534054892262,-226.02915552954167,8.190328845306417e-09,1.704317929915156e-08
5.800000000000001e-07,-174.96347883333829,1.7916260390250318,-76.92275002805599,-0.0202854215648448,-176.89347170163995,1.7911704629811873,-78.84332870671327,-0.019773326860871042,-194.3003759315207,8.164450280734322e-09,1.6930614544941417e-08
5.825e-07,-167.2765769289583,1.2175769528045794,-79.10724406072507,-0.020275224166096905,-165.55488167853164,1.1875052533236197,-80.69388266116928,-0.02054004671051357,-153.78966182173943,8.134881101275157e-09,1.6775330461563677e-08
5.85e-07,-143.59933675838943,0.6791640964744786,-81.80709511564041,-0.020849295554870195,-144.00934839738517,0.6424331605010297,-82.62502459981336,-0.021133660904373387,-106.3280052228888,8.101891274077895e-09,1.659248956834781e-08
5.875e-07,-112.28304283281423,0.22072968806807128,-83.46993532006735,-0.021370411736589386,-113.41536595377748,0.18986860037435493,-84.62575420009638,-0.021561498844196524,-54.060564928782696,8.066031384564516e-09,1.6396409293830146e-08
5.9e-07,-74.89329401687307,-0.1458641816410693,-86.57715040839967,-0.022161368538423307,-75.79433818310736,-0.14193310191252959,-86.68506444676065,-0.021836699833643013,0.65028978795486,8.02810985691599e-09,1.619806993250979e-08
5.925e-07,-35.72499814826616,-0.3249227259519208,-88.88328984822626,-0.0217996428095777,-33.82506274340926,-0.33304710135480053,-88.79202499872696,-0.021976973108696025,55.331752887182105,7.991406556740227e-09,1.600378056498804e-08
5.95e-07,8.294859312737971,-0.4461254911547309,-90.56042495533472,-0.021944912736626764,9.452233838772777,-0.37366049038569793,-90.93586380624362,-0.022002842600693094,107.51234676293522,7.957840067387198e-09,1.5815353292348485e-08
5.975e-07,52.18915088961249,-0.2709093420524437,-92.73975464761467,-0.022034413731707708,50.97767207707069,-0.26472584713397956,-93.10604630122303,-0.02193563311754291,154.83362740292583,7.926198327338688e-09,1.56316477919633e-08
6e-07,89.07622993584401,-0.012392162982003001,-95.98760548789025,-0.021276605822307972,88.00732912188998,-0.01741979379564898,-95.2923515080024,-0.021795495322568113,195.1567806869991,7.89528404601271e-09,1.545090926264651e-08
6.025000000000001e-07,119.02127406730749,0.3763507933815305,-96.63248806048347,-0.022158122582571944,118.39224447425157,0.3484798771962102,-97.48494445169814,-0.02159975701428454,226.65929191465452,7.863996175943391e-09,1.527309816026925e-08
6.05e-07,139.850966665454,0.8185294042289544,-100.93704178300244,-0.02164001196064649,140.76050783149776,0.8070253694464957,-99.67444427658627,-0.02136182960270155,247.91731931908438,7.836950156426352e-09,1.51014745024931e-08
6.075e-07,154.20176295190004,1.3788858570972022,-104.41671098480202,-0.020643656615869525,154.57901272320598,1.328953676777187,-101.85198752722071,-0.021090801781421083,257.97004847252623,7.815113497876611e-09,1.4943008506660185e-08
6.1e-07,158.7617787087295,1.8041115161941166,-104.49912787412008,-0.02128121041248782,160.09213014148648,1.8845353185827454,-104.00928608992844,-0.020791734378396095,256.36311891032886,7.798927339607905e-09,1.4807605596566879e-08
6.125000000000001e-07,158.35837864388523,2.4664075205267784,-106.40926988902628,-0.020630743597118032,158.1553429172377,2.44601547007856,-106.13867934149361,-0.020466552078112533,243.1691601892421,7.788586378307678e-09,1.4706493293677165e-08
6.15e-07,150.36761074073814,3.142967577820932,-110.55216417041342,-0.019894118311826827,149.99912344712104,2.9893409912516957,-108.23318010481844,-0.020115329951175417,218.9845091968501,7.784057654533507e-09,1.465030076784169e-08
6.175e-07,137.24236998388818,3.467448061697752,-108.39455817032903,-0.019667005091786798,136.96902190756907,3.495010825040943,-110.28651406764916,-0.019737712554709855,184.90225708229266,7.785112919261421e-09,1.4647336778291044e-08
6.2e-07,118.31530471587398,3.865141259040205,-114.18944670630844,-0.01929506928536482,120.29023011053411,3.948053647103303,-112.29315237957658,-0.019334191061905155,142.46284402561753,7.79136744434393e-09,1.4702391792080014e-08
6.225e-07,99.80541520041214,4.314306520937433,-113.78260953575501,-0.019142618024049,100.89847522506179,4.33729532154706,-114.24833720394304,-0.018907001125172636,93.58443484968994,7.802318249496233e-09,1.4816155942160805e-08
6.25e-07,78.67809328154422,4.658531542681395,-116.338207690674,-0.018353392896493338,79.36521567110576,4.654201166233684,-116.14810006445101,-0.01846048378537159,40.4762223384327,7.817376090146992e-09,1.4985154092609935e-08
6.275e-07,53.87935456425019,4.90039768787656,-117.02102878105282,-0.01764603706936445,55.92633150488436,4.8916425733485935,-117.98927289061926,-0.018000858953299538,-14.461423245997029,7.835887882782446e-09,1.5202010619597738e-08
6.3e-07,31.817005881891312,5.113742514345502,-119.63050337002646,-0.01788831667430909,30.603267389560884,5.0429331470990215,-119.7694917311972,-0.017535476146784534,-68.74544543271404,7.85714906544619e-09,1.5455876118765586e-08
6.325e-07,6.155046097456644,5.100098993802082,-123.00822018326562,-0.017478556989614397,3.387593018113636,5.101407803492152,-121.48719316964834,-0.01707170923498459,-119.92233003991103,7.880408146370105e-09,1.5732941882281423e-08
6.350000000000001e-07,-25.68539538450877,4.976400928816719,-125.72664109041277,-0.01682201374179337,-25.552523790901194,5.060693110447734,-123.14160354027698,-0.016615732298105396,-165.67899842848547,7.904867847592988e-09,1.6017081340409862e-08
6.375e-07,-55.27831731329273,4.899436499052242,-125.05816968425562,-0.01566580821043172,-55.69010199454753,4.915662173965491,-124.73272110692517,-0.01617143948830138,-203.94735338895612,7.929688383620734e-09,1.6290735747340926e-08
6.4e-07,-85.97769160978964,4.642046287402757,-127.9930770475648,-0.016223937522979022,-86.02355515464227,4.663911718610614,-126.26129142785452,-0.01573974817717006,-232.99775242565516,7.953998301393034e-09,1.6536162794287122e-08
6.425e-07,-114.38625328878796,4.325533583286652,-128.4977399906492,-0.01592418124841266,-115.05751084529956,4.307471996579484,-127.7287761898992,-0.015318455833600525,-251.51718365861234,7.976916955217546e-09,1.6737074766409016e-08
6.45e-07,-140.4413237860089,3.8927394394996133,-126.8942587200027,-0.014988985266994945,-140.89262887355574,3.8543860145016327,-129.13731585172007,-0.014902719329303513,-258.66861097040675,7.997590340649105e-09,1.688052446258078e-08
6.475e-07,-161.26840534737804,3.3116860044806264,-128.45966722433724,-0.014164768395557938,-161.41638502311818,3.319788014383016,-130.48968648949344,-0.014486109048467435,-254.12880613249465,8.015239096621324e-09,1.6958706955757175e-08
6.5e-07,-174.36196704624592,2.802722585029262,-130.11069734980867,-0.014399447369928273,-174.56743988613613,2.726174707943813,-131.78925128817772,-0.014062080323933074,-238.10295798504944,8.029214550149933e-09,1.697021525736788e-08
6.525e-07,-178.2920973283632,2.146996659064096,-134.24646536044088,-0.013607765849935055,-178.6314555928582,2.1026862529471324,-133.03990716717118,-0.013625621315168713,-211.31539836866492,8.03905628143931e-09,1.6920299048169246e-08
6.55e-07,-172.54579755999973,1.5303023267722917,-132.59361755177483,-0.013449930169219191,-172.51876710267788,1.4833762427869635,-134.24602707030888,-0.013174794815358198,-174.97686397467834,8.044543300771245e-09,1.6819868552169802e-08
6.575000000000001e-07,-155.14972035679986,0.8613179702673133,-134.5394343137095,-0.012942100104145189,-155.9755748872779,0.9046227143820834,-135.4123984863992,-0.012711899550307316,-130.7297738039324,8.045730850155545e-09,1.6683328562005424e-08
6.6e-07,-127.88232769989803,0.4424389174599885,-138.58741061368715,-0.012298739830705178,-129.6901667052808,0.40198484907644916,-136.54415879754356,-0.012244033388840128,-80.57399556823025,8.042966141338396e-09,1.6525712478167045e-08
6.625e-07,-93.19250568233441,-0.005806943904170443,-138.03358378343754,-0.011398918294296062,-95.27243099795993,0.006915396766395065,-137.6467280780639,-0.011782936895897312,-26.77645622404421,8.036878842496242e-09,1.635986351805111e-08
6.65e-07,-56.89819177013055,-0.29259942194066335,-134.43938627303118,-0.011491159405992558,-55.105689114284864,-0.25622222081140245,-138.72573998675543,-0.011344114190128965,28.23131796343156,8.028345438705669e-09,1.61944524365371e-08
6.675e-07,-12.793333713096771,-0.3154288643084912,-137.34561830362875,-0.010869085101059923,-12.091021616201814,-0.3724182274294865,-139.7869714092335,-0.010945348420196944,81.96310087015465,8.02251272798136e-09,1.6033385420702014e-08
6.7e-07,32.30904132322832,-0.35571651164632745,-140.3652719989771,-0.010631975566508462,30.677909156351795,-0.3372519782511493,-140.83627151522305,-0.01060483027698485,131.99033827216022,8.018280486624749e-09,1.5876713449007124e-08
6.725e-07,69.79296408092499,-0.15672356357074435,-142.15433637869683,-0.010367637001319667,70.26015599122434,-0.15694319645425323,-141.87949089770763,-0.010339182089972788,176.0519129659236,8.014418477694689e-09,1.5722667107632894e-08
6.75e-07,103.43739657421506,0.16286675474985046,-143.96537790460363,-0.010279027522407586,104.18056910980022,0.15275679921679092,-142.92241145688993,-0.010161676022694919,212.15634211673608,8.009762830031969e-09,1.5570093085407556e-08
6.775e-07,131.94887559042866,0.4942909136470782,-144.42001569733245,-0.01017381092974074,130.6643103392246,0.5686358202360591,-143.97067768197616,-0.010080909993155982,238.67178774761607,8.005725180107958e-09,1.542048693920158e-08
6.800000000000001e-07,149.035390098507,1.0639379034241734,-146.3084925795121,-0.009966057658521509,148.76027743974998,1.06271701210256,-145.02972996797766,-0.010100125475192573,254.39981209968388,8.005648434745978e-09,1.5279016354285452e-08
6.825e-07,155.20839730819017,1.6198608374506882,-145.85871303497328,-0.009913228048075318,158.34013715666316,1.6051642640943955,-146.1047405831854,-0.010217241429472619,258.6295442896637,8.010118535519336e-09,1.515431255238669e-08
6.85e-07,160.6239220845601,2.1841616872342526,-145.00961229810534,-0.010973141972840788,159.98086750057058,2.166972195869644,-147.200552875914,-0.010425557724780495,251.16981005494006,8.019480299127164e-09,1.505721448185079e-08
6.875e-07,154.39757958600063,2.665503128684804,-147.8139017266955,-0.010665319352497779,154.75815022164656,2.7220793558582623,-148.32162427679205,-0.010714970867627733,232.35777239486632,8.033846481670662e-09,1.4998931493800206e-08
6.900000000000001e-07,144.79059935152813,3.226828017493488,-148.96839876956014,-0.010900578937393664,143.99222095293445,3.2486657242002823,-149.47197361559475,-0.01107346403998376,203.04369257101396,8.053123546505016e-09,1.498916710739486e-08
6.925e-07,131.2222462376963,3.6915659276089663,-149.27360211328582,-0.011779760542698105,128.9944023720881,3.7295545005234545,-150.6551332297144,-0.011488596338790116,164.55250023445313,8.07704745709438e-09,1.503463293692421e-08
6.95e-07,108.99679671967232,4.124336461988701,-151.73031227652783,-0.011838758612721796,110.86041701977882,4.151804481935355,-151.87410629523768,-0.01194872884184342,118.62390962278668,8.1052222520634e-09,1.5138161202363855e-08
6.975e-07,91.57184239617565,4.531690258651163,-154.86550566725924,-0.01245315613994478,90.34617231413465,4.50572308791543,-153.13132976165974,-0.01244378487290245,67.33378843845858,8.13715492662618e-09,1.5298401717587153e-08
7e-07,66.19836530302688,4.836426342792637,-154.0750142564535,-0.013045440338716666,67.84498283497375,4.783625613061169,-154.4286432179834,-0.012965437373638146,13.00033335598201,8.172282048389603e-09,1.5509945883210893e-08
7.025e-07,43.54863726758251,4.953216967204018,-156.30585373307665,-0.013194060208794283,43.46522387125032,4.978696874206461,-155.76726396180248,-0.01350673000012673,-41.92070718852297,8.20998617952958e-09,1.5763688012461514e-08
7.05e-07,16.247668976548667,5.077812004579645,-160.15994002296134,-0.014186599165274845,17.1878484570265,5.084272266009571,-157.14776848447008,-0.014061249627615638,-94.94702723415034,8.249603036080044e-09,1.60472970893264e-08
7.075e-07,-12.925852516939841,5.026865901199861,-157.58909131814235,-0.014471763670855453,-10.932382943948683,5.0937542894771815,-158.57008052513945,-0.014622056085210354,-143.6819578717064,8.29042283061731e-09,1.634578280391918e-08
7.1e-07,-40.71291127309442,5.047333298151871,-160.29661666519434,-0.015567340596033095,-40.566870763031275,5.001237089889654,-160.03346578487796,-0.015180624048380992,-185.92279122045537,8.3316909283898e-09,1.6642241680708673e-08
7.125000000000001e-07,-71.38578574172446,4.781288684217702,-161.38380766483897,-0.015392624019131424,-70.95958132033721,4.802752442723265,-161.53653332976236,-0.015726053062833496,-219.76033780810647,8.372613468811263e-09,1.6918912624651097e-08
7.15e-07,-101.60734488691911,4.429849187589077,-163.51257987940517,-0.01605584327238687,-100.85694019823086,4.497905867711263,-163.0772436494239,-0.016244754329246023,-243.66521758715507,8.412372852860867e-09,1.715862590169487e-08
7.175e-07,-127.63823364576045,3.9907321305321664,-164.19765144711386,-0.01635088145800276,-128.5430220777448,4.091568529511186,-164.65292327549545,-0.016720735580526093,-256.5569844301853,8.450156100471155e-09,1.73465947018592e-08
7.2e-07,-150.3037456464539,3.5953733957312317,-167.3075827161371,-0.017376741866050083,-151.98228405666055,3.5952492179729316,-166.2602858033775,-0.01713649382593097,-257.8529598343191,8.485196385459602e-09,1.7472310151372827e-08
7.225e-07,-169.2080133347919,2.9673048938693447,-168.47390028586258,-0.01737335238292719,-169.05174089451768,3.0277998046529917,-167.8954591012431,-0.01747441006283565,-247.49456866261494,8.51682505891972e-09,1.7531129614350225e-08
7.25e-07,-176.91391654259135,2.328106664381968,-168.58038055416225,-0.017476394286987038,-177.82703267984175,2.4152032119941733,-169.55401843277704,-0.017718441249703978,-225.94998660686386,8.544528739928882e-09,1.7525080321522678e-08
7.275e-07,-176.35521101130334,1.7632464689775253,-170.30675126153642,-0.017969602248145387,-176.8754728814714,1.7893390742120228,-171.23102516531335,-0.017855840950531547,-194.19297971249856,8.568004112142615e-09,1.7462501572044282e-08
7.3e-07,-164.80634491503164,1.1350075279711336,-174.83590714710968,-0.018042741373661186,-165.50599682329096,1.185793598759668,-172.9210706832938,-0.017878622988619645,-153.6588923708984,8.587202310023757e-09,1.735642600555013e-08
7.325e-07,-143.3303439061324,0.6741215856686081,-174.09351300828743,-0.017879594398667563,-143.93161035817207,0.6409465449254084,-174.61832507878137,-0.01778451575679005,-106.17977302160554,8.60235539680662e-09,1.7221981753361656e-08
7.350000000000001e-07,-114.61658794627115,0.1936801970936811,-177.03806741900908,-0.017316801486509072,-113.31354216127892,0.18870017725935578,-176.31659014656955,-0.01757723311492579,-53.90156973498418,8.613979373601211e-09,1.707344715569556e-08
7.375e-07,-74.54265854677615,-0.17640962495202306,-177.30462338747353,-0.01735851378984168,-75.6754910476349,-0.14271118135738803,-178.00935617161994,-0.01726599762127561,0.8128617535871152,8.622851126298905e-09,1.692176098664324e-08
7.4e-07,-34.58261238782524,-0.3685256777232792,-180.7491931735024,-0.01710761528706487,-33.69779069285522,-0.3333904064452274,-179.68986196150564,-0.01686437408959799,55.49055374202494,8.632234146564757e-09,1.677319228884469e-08
7.425e-07,10.388999926687896,-0.29163671316983986,-181.10930017007223,-0.016814604177268933,9.578761773960892,-0.3735559749188978,-181.35115754654205,-0.016388584775770543,107.66019906998885,8.644001279533578e-09,1.6629518845770576e-08
7.450000000000001e-07,50.867556926070996,-0.19924589571773121,-184.82080799494844,-0.015868164335498803,51.09474139801177,-0.2641919974669221,-182.9861689456324,-0.015855562035587155,154.963848574617,8.656916293203046e-09,1.6489574840380794e-08
7.475e-07,88.0228814165064,-0.06105960041416263,-184.85283708018795,-0.014409247737985643,88.10760921667702,-0.016503333284273697,-184.58776437675098,-0.01528103527954303,195.26348502291847,8.669760234340753e-09,1.6351589728758906e-08
7.5e-07,118.61862292583398,0.39644021875360613,-185.2057318434325,-0.014486130192830215,118.47048447391082,0.3497101387213556,-186.14882127761848,-0.014677939394104146,226.73765662181546,8.681412633168216e-09,1.6215516490062805e-08
7.525e-07,141.77676984093392,0.937023628280554,-187.0974286011931,-0.014284058011446875,140.8139023565376,0.8084865412624824,-187.66229349459633,-0.014055373343747346,247.96380249118445,8.696491059118231e-09,1.6084612635903236e-08
7.55e-07,155.3314810665044,1.3984126211444163,-188.82877662286472,-0.013209813995286814,154.60719803515414,1.3305574110072784,-189.1212779962225,-0.01341824087839932,257.9825491760425,8.715931060032932e-09,1.5965846897802626e-08
7.575000000000001e-07,160.22442329729765,1.9142684175912705,-189.9565500065053,-0.01271589201158201,160.09683422594856,1.8861957905161755,-190.5190804721327,-0.012767587332459716,256.3410721419303,8.74015784977722e-09,1.5869120850921424e-08
7.6e-07,160.2708348001384,2.4807047308491867,-191.11821483826594,-0.011423706688990811,158.13977079953176,2.4476556416753144,-191.84927918832292,-0.01210152828086295,243.11356241265347,8.76935131138789e-09,1.5805653831167247e-08
7.625e-07,150.02427140278996,2.9762359283584234,-194.52837770551113,-0.012031259876366322,149.9672014360659,2.9908964485254517,-193.1057864857201,-0.011416568136966284,218.89787330496114,8.803464616975512e-09,1.578606214793741e-08
7.65e-07,135.85079901395795,3.460227762038057,-194.9471802520042,-0.011264205743932835,136.92464412241208,3.4964309523447183,-194.28290733068968,-0.010709046683795447,184.7884988201202,8.842256419119406e-09,1.581863797962206e-08
7.675000000000001e-07,121.18056753193916,3.936504193641721,-196.1438717491735,-0.009699093073967754,120.23664430747127,3.949300395742774,-195.37539435322643,-0.009976439304215979,142.32710500754692,8.885329477885497e-09,1.5908153076566397e-08
7.7e-07,101.5099987750925,4.319513242542681,-195.18624734513617,-0.009105947940742418,100.8379140043005,4.33834025740923,-196.37849884090485,-0.009218273986680622,93.43285017022201,8.932168700132315e-09,1.605527826875849e-08
7.725e-07,80.20479553967849,4.678150124816058,-198.66466531631548,-0.008313418227477507,79.29882941544619,4.655021764997807,-197.2880171939115,-0.008436507826932806,40.31564327987917,8.982172942670417e-09,1.625651962055785e-08
7.75e-07,55.30792299072333,4.8733814353243945,-197.05846590958762,-0.007507316230309884,55.8544200307548,4.892218822670452,-198.1003323883098,-0.0076353129538991584,-14.623738875879747,9.034677265122915e-09,1.6504483749705005e-08
7.775e-07,30.044234041924856,4.984239300089688,-197.3853995972718,-0.006945942573241327,30.525749139294177,5.04324539866913,-198.8124500407181,-0.006820336911399707,-68.90216133710024,9.088965139785607e-09,1.678830471365335e-08
7.8e-07,4.27438320393041,5.096294917624733,-198.3435242138154,-0.006394685219361889,3.3046042976129666,5.101436517670355,-199.42202871739892,-0.005997604496646919,-120.06636301680639,9.14427287984859e-09,1.7094158641259698e-08
7.825e-07,-23.80796023838035,4.971206605877511,-198.03224999928364,-0.005354886202087048,-25.64003306696115,5.0604207094009235,-199.92740418390872,-0.005172298280828314,-165.803838515341,9.199790698513754e-09,1.7405905612356328e-08
7.85e-07,-56.840368869087506,4.926525762861937,-201.77469179258378,-0.003955516930192526,-55.779910565807384,4.915076746166976,-200.32760734746427,-0.004347680668222042,-204.0473580981483,9.254665941046173e-09,1.7705976197529207e-08
7.875e-07,-87.36277606939669,4.69173147879853,-203.20238035534493,-0.0033070447287849333,-86.11196086904539,4.663011887105542,-200.62237570253544,-0.0035243966131618936,-233.0684017720664,9.308013913981939e-09,1.7976621207765133e-08
7.900000000000001e-07,-114.7679839628228,4.309513871065828,-202.04478456846286,-0.0026609758423977036,-115.13943417652021,4.306271957022108,-200.8121581503449,-0.0027003271690300033,-251.55528445267424,9.35894037946621e-09,1.8201550868070306e-08
7.925e-07,-141.02615387327347,3.8969551232357227,-202.0528230598363,-0.0023313269850110843,-140.9620362292659,3.8529196258417118,-200.89811312440332,-0.0018710622461282664,-258.6724411429955,9.40657743039547e-09,1.8367821069304403e-08
7.95e-07,-161.8718754456004,3.282264830687948,-201.89774632671842,-0.0012727621402508487,-161.46697808350507,3.3181109114225587,-200.88210001636932,-0.0010309446473335186,-254.09819256853126,9.450131546242913e-09,1.8467634259744314e-08
7.975e-07,-175.03464567319972,2.70960058423977,-200.76862886854792,1.9615342473567688e-05,-174.59350534366826,2.7243636891193703,-200.76666395883873,-0.0001745276740111613,-238.03928434790953,9.488939695018998e-09,1.8499592830227952e-08
8e-07,-179.9679116350832,2.093148368190129,-197.79960828440886,0.0009814499929596285,-178.62873588179772,2.1008356309674863,-200.55501408357065,0.0007017946801401488,-211.22154256174278,9.52252695246938e-09,1.846895445154795e-08
8.025e-07,-172.4834452330375,1.4663990343481483,-201.2109727158403,0.001644088895039749,-172.48520327999228,1.4815913549303361,-200.2509954345837,0.001598267389944512,-174.85706806670635,9.550657726480084e-09,1.838663226628214e-08
8.05e-07,-156.62278364399637,0.9116464993903993,-199.60475921161597,0.002483361466447961,-155.911789696805,0.9030112838418005,-199.85905477495442,0.002510638103794887,-130.58945229714485,9.573372600152372e-09,1.8267026084130478e-08
8.075e-07,-127.45843917777846,0.3913486886965567,-199.62048265597406,0.0030067602492288045,-129.5995962791651,0.4006472809244331,-199.38420058347785,0.0034296220647073677,-80.41949067517702,9.591004109372485e-09,1.8125155492632915e-08
8.1e-07,-96.17043319487959,-0.03148615557347223,-198.53041047412972,0.004012328119746372,-95.16107067024338,0.005935311416768522,-198.83195759208573,0.00434108928797242,-26.61475121403723,9.604167274338224e-09,1.797384255453213e-08
8.125000000000001e-07,-54.28549613642806,-0.26327009022445136,-196.1844882606069,0.005135330346461127,-54.98148251008301,-0.25678590782120575,-198.20831626656172,0.0052269764434469896,28.392914392194527,9.613724018779654e-09,1.782173313826704e-08
8.15e-07,-11.768152627492977,-0.42201342887049603,-198.69728653879812,0.005626889427819158,-11.962981391049452,-0.3725365812100532,-197.51967768117348,0.006066805541318404,82.1172849270935,9.624815728707117e-09,1.767270947884129e-08
8.175e-07,31.67447823723373,-0.3485516749747132,-197.15285875459918,0.006536116504895081,30.800716196884615,-0.33692797037721883,-196.7727942819146,0.006839590478156971,132.1301411890216,9.636311889163472e-09,1.7526803792510517e-08
8.2e-07,69.1850821871291,-0.27290726660086656,-197.84666747935648,0.007596478324025698,70.36960492674574,-0.15621008331222805,-195.97470707271697,0.007525848476765001,176.17101596924206,9.646968693592274e-09,1.7382235620780285e-08
8.225000000000001e-07,103.79360705247822,0.27333354013522426,-194.54411573579208,0.008568515279085802,104.27030428801324,0.15384030639503332,-195.13267979388056,0.00810941761558988,212.24936202199706,9.655609776186071e-09,1.7237848452857397e-08
8.25e-07,130.29292995404109,0.6413661281223474,-194.96642656409247,0.008759339949785321,130.73028445892214,0.5699927806809538,-194.25413069175946,0.00857881665479158,238.73452026693266,9.663652735499713e-09,1.7095140414355267e-08
8.275e-07,149.98743706120746,1.0517806665075196,-192.2654531887588,0.008699992350297697,148.80093295588415,1.0642607324075075,-193.34656250315388,0.008927962929933487,254.42942186604452,9.674417370457127e-09,1.695928417536161e-08
8.3e-07,159.09763031482038,1.5876355193414478,-191.63892635312675,0.00887205512299369,158.35622208073192,1.6068067499480168,-192.41749129666525,0.009156174034325462,258.62469300905997,9.688479558147953e-09,1.6838914977629822e-08
8.325e-07,159.19520472483356,2.174219254258855,-190.8092955749123,0.009952757176656193,159.97493943047724,2.1686313862861915,-191.47437482628882,0.009267499883089442,251.13071699420775,9.706175499876683e-09,1.6744872487574847e-08
8.35e-07,154.87385296092907,2.712687323447199,-191.14604196057203,0.010024022077140602,154.73387362826045,2.723684230737515,-190.5245410596211,0.0092695422190156,232.28620447132226,9.72761098303706e-09,1.668836271939348e-08
8.375e-07,143.88647003078415,3.185087714997975,-188.52550846708678,0.00959795915056238,143.95359443021624,3.2501588043713263,-189.57511754417357,0.009171999315733136,202.94288449182272,9.752687319126169e-09,1.6679082546564883e-08
8.4e-07,128.46085742615676,3.712065373749441,-189.66905261872282,0.008608984158366325,128.94505929956938,3.7308917541702185,-188.63296227038305,0.008985210592574776,164.42700829522448,9.781137273793132e-09,1.672373532758751e-08
8.425e-07,111.20477768102127,4.1220572700506635,-187.23947329143567,0.009268104689334315,110.80312394642476,4.152953122733566,-187.7045966790307,0.008718962978357885,118.47940577338974,9.812563744689837e-09,1.6825145362533734e-08
8.450000000000001e-07,87.25932171675571,4.534755061420044,-186.72772426003263,0.007758257169387819,90.28260804431405,4.506658113712557,-186.79614144400693,0.00838176099593692,67.17680392380383,9.846474713774769e-09,1.6981956504739626e-08
8.475e-07,67.77867168601172,4.7904956168891735,-184.77944598566842,0.008469593829737544,67.77582533834128,4.784326125128043,-185.91325563883217,0.007980666939943657,12.837963518634238,9.882309907549854e-09,1.718875719195537e-08
8.5e-07,42.425391781289726,5.009387026738983,-185.03682793355597,0.007771504410315133,43.39051199036176,4.979143203341327,-185.06107986724444,0.00752170381295948,-42.08112360167694,9.919457244336796e-09,1.743644228722855e-08
8.525e-07,17.630687816737982,5.078699019843929,-185.1166006706536,0.006937734459190861,17.10753193247687,5.084444717932271,-184.24418390475236,0.007010702694127971,-95.09823976655599,9.95726000643113e-09,1.771268511126923e-08
8.55e-07,-9.841951400822376,5.144782040662028,-184.6264424196463,0.00632945380115806,-11.017828620474377,5.09363394938471,-183.46651935959116,0.006454388215428753,-143.81713206125846,9.995018188926027e-09,1.8002503851593822e-08
8.575e-07,-40.54386134441055,5.099074003080377,-180.08993818663532,0.006165910475974513,-40.65590195549901,5.000808665106551,-182.731377818364,0.005861446900067395,-186.03581750161487,1.0031989157941578e-08,1.8289008398517492e-08
8.6e-07,-72.1160833098233,4.7986505597118265,-182.20521513367353,0.005104800617893209,-71.04924162308548,4.802008659660027,-182.04135489416774,0.00524332227833439,-219.8461076503579,1.0067393269377307e-08,1.8554456938188587e-08
8.625e-07,-102.41551046394059,4.504247001150628,-181.37294589786237,0.004688662354869468,-100.94280322708684,4.496852562000047,-181.39832054360747,0.004614528239600505,-243.71985438895493,1.0100429344477102e-08,1.8781706044562554e-08
8.65e-07,-128.66103070624055,4.134900243992499,-182.89663653647992,0.004197322756869645,-128.61945837403056,4.0902293481678305,-180.80339596425125,0.003992359542457774,-256.5780187325171,1.0130302999303933e-08,1.8956002914546124e-08
8.675000000000001e-07,-151.93286524641678,3.6404589889365715,-179.7297720191894,0.003318988174509177,-152.04302809285252,3.5936688334098,-180.256937326246,0.0033959900740173138,-257.8394409346178,1.0156268127254309e-08,1.9066880041939615e-08
8.7e-07,-168.74037556230763,2.944273386104153,-179.25628501901403,0.003333347872371486,-169.09067668347106,3.026044729733741,-179.7585265315199,0.002845065170486227,-247.44710758436068,1.0177678837279398e-08,1.910974177811191e-08
8.725e-07,-177.66184799047062,2.4832729551241224,-176.88833617450476,0.002047054111913786,-177.83907267291596,2.413359672693579,-179.30696913176365,0.002357993102831123,-225.87072848270967,1.0194046420255557e-08,1.90866648465375e-08
8.75e-07,-177.79183664302272,1.7844513845284111,-178.84477830896847,0.0015674743755872433,-176.85738274113854,1.7875078789320087,-178.90029947277185,0.0019502046479942762,-194.08550682916345,1.0205093978889462e-08,1.9006036632799687e-08
8.775000000000001e-07,-165.9544048053992,1.1280176177105126,-178.85723452466203,0.0015414103034893218,-165.45702246820932,1.184082456676594,-178.5357930682888,0.0016326666414029677,-153.52806225796013,1.0210800605828352e-08,1.8880932774902967e-08
8.8e-07,-144.94518811802394,0.6938776705347216,-177.23568702400965,0.0010036030906441147,-143.85379298685365,0.6394607392106331,-178.20998614182344,0.0014109019950173335,-106.03149890222613,1.0211427617297761e-08,1.872651701864215e-08
8.825e-07,-112.18761198755877,0.20922611824059534,-177.48154266916862,0.0012313183134157587,-113.211656798368,0.1875328116828766,-177.91870221054484,0.0012846902994651682,-53.742553261699555,1.0207521290660764e-08,1.8557095859629296e-08
8.85e-07,-74.2046197408011,-0.17326548089822882,-179.13123741549325,0.0010882689097605992,-75.55660588422657,-0.1434880287914255,-177.6570855219161,0.0012485132725026035,0.9754333983125848,1.019988952414138e-08,1.838363104339025e-08
8.875e-07,-30.534892870357496,-0.35525249489342203,-176.6897269011938,0.0011359991046829476,-33.570507327298586,-0.3337323939109015,-177.419641091739,0.0012926870834279833,55.649332690075966,1.0191839645554095e-08,1.8212413320938964e-08
8.900000000000001e-07,9.933278529714983,-0.3622909343271349,-177.46063168339776,0.0014830316965317092,9.705274153867679,-0.3734501507789898,-177.20028103231695,0.0014050103401469977,107.80800887450422,1.0185256680235905e-08,1.8045245162964248e-08
8.925e-07,51.875750798851996,-0.3634782981044019,-177.50237814093535,0.0018605835012168897,51.21177109296026,-0.26365693781900607,-176.9923768020347,0.0015726721029263309,155.09400856903346,1.017893579006032e-08,1.7880991522903376e-08
8.95e-07,86.99621697431434,-0.015884437525805182,-177.65829537801494,0.0014177995603912115,88.20783086999333,-0.015585836875925293,-176.78881695332032,0.0017841234486049816,195.37011227190516,1.0171689580190216e-08,1.7717919639699066e-08
8.975e-07,117.66971854471953,0.27374467486893606,-176.19182240771048,0.002118595414845919,118.5486540707521,0.3509412081248554,-176.58206990517814,0.0020306259134367103,226.81593181654043,1.0162429030876675e-08,1.7556025804103944e-08
9.000000000000001e-07,141.14118765740142,0.784350159990542,-179.8302099160045,0.0023607324999265736,140.867221907639,0.8099482641694963,-176.36425121972687,0.0023072487247039423,248.01018777110335,1.0155822373545412e-08,1.739861307809964e-08
9.025e-07,154.96844232027706,1.266168662669085,-177.81684249515808,0.0024097119899923617,154.6353106421401,1.3321614358538547,-176.1271948198622,0.0026131836040112605,257.99494803213446,1.0152819337994725e-08,1.7252694041560807e-08
9.05e-07,160.56900209451203,1.8756621423799038,-176.28053745485948,0.0028818463528417293,160.1014732382964,1.8878563103590051,-175.86252754767452,0.00295136388764992,256.3189241741363,1.0153873013610963e-08,1.7128209046304423e-08
9.075e-07,158.5828722901177,2.4697534815801228,-175.3956930351633,0.003386889202732283,158.1241445163772,2.4492956513695776,-175.56174643092982,0.0033274928899075856,243.0578686586806,1.01591899079552e-08,1.7036409174730654e-08
9.1e-07,149.71508274654744,2.9611423148300617,-174.26853389313317,0.00380373564906448,149.93523714254553,2.9924515743535807,-175.21629799806576,0.003748684017861215,218.81115099565756,1.0168748398509499e-08,1.6987935130853053e-08
9.125e-07,135.96161990289824,3.4772824325142264,-173.4191648055591,0.004053082587058139,136.88023483555438,3.4978506185920657,-174.81765896100865,0.0042219750991618395,184.67466760637106,1.0182330748672198e-08,1.699109710616302e-08
9.15e-07,121.72900278290193,3.9487206163925213,-173.7994166535031,0.0051646698525866655,120.18303519115796,3.9505465870458667,-174.3574175698874,0.004752991451165691,142.19130980099084,1.0199561552819818e-08,1.7050680082517244e-08
9.175e-07,101.9091602189699,4.393028301590506,-173.76461758445785,0.005322640038291141,100.77733441136141,4.339384562645271,-173.8273549345432,0.005344994757016825,93.28122860494625,1.021994559164363e-08,1.7167364905336013e-08
9.2e-07,79.34286801376672,4.647884230109522,-172.14153823423322,0.005528948390666568,79.23242674183001,4.655841671849823,-173.2195256047164,0.00599847505088175,40.15504830534633,1.0242899457120931e-08,1.7337665545738903e-08
9.225000000000001e-07,57.95816524998632,4.850549934738357,-172.85863007685566,0.006368183638788576,55.78249218388676,4.892794322218479,-172.52633670395832,0.006711335837685048,-14.786048732547458,1.0267773642812895e-08,1.755419497914253e-08
9.25e-07,30.540536079315345,5.035823485610396,-169.85029174206326,0.007462985568904239,30.44821429051024,5.043556842271885,-171.74062492166894,0.007479607260039532,-69.0588500400026,1.0293864617097736e-08,1.7806092277111286e-08
9.275e-07,3.1592456117318903,5.095806222971047,-172.88119301037807,0.007868448647029347,3.2216003127763386,5.1014643677319444,-170.85573068310705,0.008298520304289963,-120.21034859340311,1.0320419149799471e-08,1.8079537426192825e-08
9.3e-07,-25.07500888894914,5.028285488886649,-171.1214833193231,0.009663485782439656,-25.7275530974935,5.060147398578728,-169.8655688386681,0.009163704906979934,-165.92861314546835,1.0346635311164281e-08,1.8358393684419507e-08
9.325000000000001e-07,-55.35510897712544,4.92325354586226,-167.7592424781719,0.009847012803249944,-55.86972117813248,4.914490386503271,-168.76469524096117,0.010072249309614244,-204.14728225267385,1.0371665687963461e-08,1.8625095020502588e-08
9.35e-07,-83.72528742187806,4.642532636709352,-166.64596501941242,0.010898590671392544,-86.20035553418957,4.662111140365184,-167.54836861104812,0.011023381862356296,-233.13895910676294,1.0394628239666763e-08,1.886189705200812e-08
9.375e-07,-114.9561558786512,4.3469520077671335,-166.77755779764252,0.012160004433527397,-115.22132978156407,4.3050710715875145,-166.21260713333152,0.012018605510165998,-251.59328593669372,1.041462885773225e-08,1.9052517294269007e-08
9.4e-07,-139.72334761883204,3.848139778687297,-162.64521063800873,0.013035294089317142,-141.03139727807667,3.851452522985359,-164.75423926168673,0.013061217030359536,-258.676169195801,1.043079733612731e-08,1.918402181007838e-08
9.425e-07,-161.7705070101834,3.276857059339991,-163.92330851727195,0.014261448189904992,-161.51750668561712,3.3164332907408385,-163.17094826715018,0.014155259374232341,-254.06747869062593,1.0442335544247987e-08,1.9248625306695677e-08
9.450000000000001e-07,-173.94697268261578,2.7212092375036714,-161.34322069738727,0.015182165021229349,-174.61949123199614,2.7225524075745207,-161.46131010939112,0.015304065152743487,-237.97551673662994,1.0448573659497875e-08,1.924494232638761e-08
9.475e-07,-178.5220128569168,2.0553343152131536,-160.79948733192649,0.016148718926429814,-178.62592698202084,2.0989850446013945,-159.6248242698701,0.016508632436184917,-211.12760336790078,1.0449027924522142e-08,1.9178239287674115e-08
9.5e-07,-172.16533749728018,1.4232069250501698,-156.6480220806591,0.017864468786101928,-172.45154800452661,1.479806821579956,-157.6619372435309,0.01776611531620996,-174.73720312793574,1.0443452014212574e-08,1.9059431106944054e-08
9.525e-07,-155.69356504155536,0.9349520230212346,-155.64442211839437,0.019726474274960507,-155.84791908229923,0.901400519592813,-155.57405844758907,0.019068703231631234,-130.4490792357097,1.0431874026902562e-08,1.8902909691052136e-08
9.55e-07,-129.96431657267104,0.45168307015326614,-153.67135092800586,0.02010842032797767,-129.50895456964852,0.3993106548025095,-153.36356836991962,0.020403105863225086,-80.26495403378247,1.0414612420185667e-08,1.8723676261639172e-08
9.575e-07,-95.25691821483359,0.02622016772233597,-151.95272406487993,0.02187633138998579,-95.04966000423263,0.004956381540339642,-151.03381884517069,0.021750764132951555,-26.453035696947968,1.0392266718226134e-08,1.8534525695858955e-08
9.600000000000001e-07,-55.12344483050341,-0.19196499350910554,-147.6471194369134,0.023171776258144917,-54.857251061827505,-0.2573483081197852,-148.58912541345563,0.023088789169599576,28.554499611880896,1.0365682133100237e-08,1.834407163239006e-08
9.625e-07,-10.072017848718554,-0.42352733046356045,-148.15528170227924,0.02477715455742565,-11.834943497793194,-0.37265361008160197,-146.03475178373577,0.02439151073786608,82.27143656542523,1.0339991321569367e-08,1.8156163872731235e-08
9.65e-07,32.19580037458046,-0.4318064453216268,-143.89360106570186,0.025256219976786398,30.923495091178715,-0.3366026928314254,-143.37688649120045,0.025632415634697307,132.2698919429957,1.031402922251489e-08,1.7970806433776465e-08
9.675e-07,72.8369053211212,-0.1381383668103735,-141.24822207586536,0.026918137588549582,70.47900402051951,-0.15547583934495177,-140.62261190451508,0.0267861926309199,176.2900494230361,1.0286533388219667e-08,1.7786197610944498e-08
9.7e-07,105.58796838896343,0.15219250267015857,-135.78009520540823,0.02796235548253923,104.35997411002495,0.1549247402339872,-137.77986580414003,0.027830584827047453,212.3422981345692,1.0256309280465556e-08,1.7601166930662158e-08
9.725e-07,131.73621738571802,0.5669339815740023,-134.82138513882109,0.029100566488185098,130.79618496970974,0.5713504220871944,-134.8573958164697,0.028747785441927045,238.79715853764083,1.0224774393709397e-08,1.7417203977867454e-08
9.75e-07,150.08955526145292,1.0664659025942806,-132.5781189943369,0.029665406619489434,148.8415138545926,1.0658048720375028,-131.86470704974425,0.029525192741448266,254.45893118769882,1.0195219129606908e-08,1.72394751811459e-08
9.775e-07,157.6729442163241,1.648587148419919,-128.86277829511963,0.030531347408190922,158.3722375778865,1.6084494012186015,-128.81200333600438,0.030155449863832857,258.6197396275232,1.0168203063829364e-08,1.7076608701576293e-08
9.8e-07,160.57908255698933,2.175034824817441,-125.57442857663638,0.030869065652172553,159.96895149243178,2.1702905144864078,-125.71012253829703,0.03063581623553442,251.0915247910451,1.0144047811745396e-08,1.6939434202035572e-08
9.825000000000001e-07,155.62614673212738,2.686688419260892,-121.0003056145893,0.031362773298063015,154.70954884636222,2.7252888533677924,-122.57046643340192,0.030967027776967537,232.2145448448626,1.0122846727759964e-08,1.6839144278659873e-08
9.85e-07,144.59444209365986,3.264952192777211,-119.93943588496431,0.03190603632958576,143.914931279732,3.2516514832693253,-119.40492572710235,0.031151883816604314,202.8419962939924,1.0104491259832101e-08,1.678541998481917e-08
9.875e-07,128.87471501797316,3.7737586272444252,-114.49593789015645,0.031453959997386614,128.89568921806165,3.732228494790476,-116.22580080104714,0.031193835616701488,164.3014514428127,1.008870726819077e-08,1.6784948424165186e-08
9.9e-07,110.00433431301924,4.1219894690891925,-110.73033085255342,0.03091278855267079,110.7458104484268,4.154101167179837,-113.04571882719283,0.031095838582817715,118.33485515019483,1.007509406112368e-08,1.6840539422683318e-08
9.925e-07,88.84876706364922,4.514936177354149,-110.54871753531367,0.030482497200120785,90.2190267050554,4.507592477196213,-109.87754791733083,0.030859670439363062,67.01979288881257,1.0063159675376584e-08,1.6950826033199213e-08
9.95e-07,66.07969499287387,4.8231232780493185,-107.95897930072597,0.03094490795217392,67.7066515917859,4.785025916149299,-106.73430900103934,0.030485822155678476,12.67558861306362,1.0052347838433337e-08,1.711039087318707e-08
9.975e-07,43.63647531537255,5.076949656947103,-102.43995608832711,0.03003726763227673,43.31578354259031,4.979588753525273,-103.62908614531054,0.02997395480796891,-42.24152340187156,1.0042054697099705e-08,1.731012874696319e-08
1e-06,15.579723882766235,5.075052084962644,-99.90288184404471,0.029302461017109947,17.027199172618793,5.084616333063476,-100.57493604292692,0.029323804648998787,-95.24941475568437,1.0031636255449673e-08,1.753771921491815e-08
1.0025e-06,-12.188701631173972,5.0536482740291815,-96.64410706466398,0.02836734467708852,-11.103287778583251,5.093512720241745,-97.58479740426388,0.028536330657649763,-143.9522494740798,1.0020409977485426e-08,1.7778193633302008e-08
1.0050000000000001e-06,-41.28843010948716,5.035722838621434,-95.10177574758099,0.0275759602242712,-40.74494009133582,5.000379315623105,-94.67140098852494,0.027614849788312523,-186.14877033878113,1.0007655687926173e-08,1.8014682946412286e-08
1.0075e-06,-72.21312159677427,4.780491169199516,-91.4959493510476,0.026711801724257238,-71.13889792274495,4.801263947346646,-91.8471810054422,0.026565903997256647,-219.93179070085063,9.992621419398053e-09,1.8229475563589286e-08
1.01e-06,-101.26629235549359,4.532774622772657,-90.52148774104842,0.02593267162225625,-101.0286472055183,4.495798368586019,-89.12418860725221,0.025399650171895924,-243.77439497401787,9.97453909599492e-09,1.8405468785375747e-08
1.0125e-06,-129.68089368418606,4.133025953959648,-86.20401711730064,0.023901886671397383,-128.69585772975788,4.088889378947528,-86.51400817338384,0.024129650883413366,-256.5989517419103,9.952653041257218e-09,1.8527961916453302e-08
1.015e-06,-153.52174531646307,3.5557408873735334,-85.96540259622685,0.023131936150093346,-152.10371650418364,3.592087825376188,-84.027677066907,0.022772054766366057,-257.82582024398863,9.926261599224174e-09,1.858655078812975e-08
1.0175e-06,-169.23738141345706,3.0146157771003814,-80.9282925770844,0.021404993262388858,-169.12953989400322,3.02428925853582,-81.67560951260783,0.02134427024205461,-247.39954881790715,9.894769160964337e-09,1.8576712744590975e-08
1.02e-06,-177.93468593506572,2.426017914023291,-79.10506466149256,0.020135411958442078,-177.8510274514683,2.4115160162728233,-79.46752521182289,0.01986333438377037,-225.7913811883717,9.857743160653495e-09,1.8500604189143758e-08
1.0225e-06,-178.0134309038561,1.742588402225494,-79.37300621218402,0.018252822912724655,-176.83920127384542,1.7856768784022274,-77.41238326918516,0.01834424204960179,-193.97795732394397,9.814968671512044e-09,1.8366695087278858e-08
1.025e-06,-162.56745163566993,1.170518171804314,-76.40935284020537,0.016533826914554687,-165.4079586310938,1.1823718282916795,-75.51832196155385,0.016798517218384292,-153.39717153457434,9.766492485392468e-09,1.8188142978164215e-08
1.0275000000000001e-06,-143.81887974668385,0.5583406344268481,-75.03885848211496,0.015529841795672964,-143.77589632531104,0.6379757444265121,-73.79260483001661,0.015233275270277964,-105.88318292329349,9.712649186861804e-09,1.7980190613167426e-08
1.03e-06,-114.31389563168632,0.2445512663507302,-72.99329197426788,0.013444428099374638,-113.10970992711472,0.18636650447424186,-72.2415735223858,0.013650947189042343,-53.58351557170783,9.654063677579685e-09,1.775722057455561e-08
1.0325e-06,-74.46839240259823,-0.1832410553329967,-71.14922940376724,0.011886843729963372,-75.43768276844598,-0.14426364369588823,-70.87060775653042,0.012049727733532477,1.1380046579523968,9.591627579345634e-09,1.753027007155227e-08
1.035e-06,-33.24079766256974,-0.28266993871334756,-67.26012326031332,0.010705473096654717,-33.44321272728731,-0.334073063581834,-69.68409271469454,0.010424688538091217,55.80808966865175,9.528749112273527e-09,1.730570860305621e-08
1.0375e-06,7.856244199240068,-0.37731750559577376,-69.54516006799827,0.009394962905175311,9.831770901991856,-0.3733430181465272,-68.68539411616008,0.008769385089693695,107.95577611812172,9.46738691177202e-09,1.7085424863084503e-08
1.04e-06,50.356481480282376,-0.25386743573747056,-65.74323937059062,0.007060421699278574,51.3287610976591,-0.2631206686875125,-67.87684115078036,0.007077703287922133,155.22410733479157,9.406433221851772e-09,1.686838052028266e-08
1.0425e-06,89.53425445298265,-0.047980734022265194,-67.01074930632228,0.005487309617812987,88.30799403593804,-0.014667305321170854,-67.25971738958806,0.005345651469766545,195.47666239186557,9.344802077341568e-09,1.6652950825757072e-08
1.045e-06,117.99389974209913,0.36235781187641347,-67.76419291228522,0.003928167260360496,118.62675324043235,0.352173084485848,-66.83425972145952,0.0035728143652657483,226.8941174679276,9.281509837779593e-09,1.64392497377687e-08
1.0475e-06,142.23894514742574,0.8768702530735408,-66.78780321391767,0.00199967399147115,140.92046648195372,0.8114105371665407,-66.5996652972635,0.0017632445358903748,248.05647514052572,9.221353238743638e-09,1.6230704161280493e-08
1.0500000000000001e-06,153.65719869935256,1.3256792482425497,-67.43854795074282,-0.00026211334442679873,154.66335055970256,1.333765750320681,-66.55410639563867,-7.433604381101692e-05,258.00724503590646,9.16537771325966e-09,1.6034452532926795e-08
1.0525e-06,161.36516639525027,1.8540782731259715,-67.96458431669996,-0.0017422794275131896,160.10604720701036,1.8895168771884472,-66.69475305810128,-0.001927033646795878,256.2966750156904,9.11414924975317e-09,1.58605594532222e-08
1.055e-06,157.47819439580078,2.475692054509105,-67.9558259084067,-0.004242588375055195,158.10846410250738,2.450935498357223,-67.01780327616804,-0.0037788711107152916,243.00207894930924,9.067989232856898e-09,1.5720396402213967e-08
1.0575e-06,149.37806713081827,3.0142873006471786,-67.80550996043077,-0.005754698868882807,149.9032306008906,2.9940063680700137,-67.51852045014368,-0.00561226100541794,218.72434230317486,9.026992438416605e-09,1.562471999081054e-08
1.06e-06,138.47246229974468,3.5121475509059366,-68.91004170869043,-0.007750477318414094,136.83579407550866,3.4992698232505846,-68.1912777787202,-0.007409598374508731,184.56076348599038,8.991058554287802e-09,1.5581952445188667e-08
1.0625e-06,122.14296564800334,3.917635558654787,-67.01785198835167,-0.009236477077291857,120.12940278103959,3.9517922205923104,-69.02960918108278,-0.00915469627576672,142.05545845955749,8.959930093499746e-09,1.5596988124765475e-08
1.065e-06,101.91268337584901,4.322660168249971,-68.12928317268064,-0.010911172458820208,100.7167364560525,4.34042823691707,-70.02626629931322,-0.010833825434715427,93.12957021371871,8.933229686843277e-09,1.567061574497891e-08
1.0675e-06,79.45280149230918,4.711534743363025,-69.5985649215704,-0.01272531195252645,79.1660076524979,4.656660886505572,-71.173281078989,-0.012436199746992557,39.99443747823635,8.910491123571595e-09,1.579945630249998e-08
1.07e-06,55.03145935572285,4.863921720281181,-73.39132255050919,-0.013457615309525453,55.710547963124796,4.893369071744844,-72.46203338042233,-0.013953857299801975,-14.948352751909953,8.891180847505005e-09,1.5976229043650874e-08
1.0725000000000001e-06,30.070482048961942,5.034242311077167,-75.02736905742563,-0.015536088591662988,30.3706628439597,5.043867477694765,-73.88332303235777,-0.015381002316127075,-69.21551147956816,8.874709438425221e-09,1.6190178269442777e-08
1.075e-06,3.9725780654770233,5.059720893944456,-77.18344603870104,-0.01619047612524481,3.138581071551668,5.101491353517106,-75.42744570449439,-0.016712975889490528,-120.35428671286122,8.860435360486488e-09,1.642758782925888e-08
1.0775e-06,-26.131481844426382,5.14818943848478,-77.84766498865602,-0.017720871801281693,-25.815083863292987,5.059873177907372,-77.08427194522278,-0.01794509393499243,-166.05332226960988,8.847665405372814e-09,1.6672423424331314e-08
1.08e-06,-55.13570613974071,4.9583875705614355,-79.54564600219359,-0.01892541059547307,-55.95953379919693,4.913903095029415,-78.84332870671328,-0.01907161657717714,-204.2471258130854,8.835657380260313e-09,1.6907220400866668e-08
1.0825e-06,-84.72841719576898,4.700016111701544,-81.55660419452705,-0.020110116606794484,-86.2887391055324,4.661209478616229,-80.6938826611692,-0.020085089462854932,-233.2094244018906,8.823630464955155e-09,1.7114335317875826e-08
1.085e-06,-114.4738136227117,4.354697068389591,-83.4591557642102,-0.021456307847220527,-115.30319760740235,4.3038693407066075,-82.62502459981327,-0.02097622841734823,-251.63118809566834,8.81078729918288e-09,1.7277586701551e-08
1.0875e-06,-140.18456556056853,3.8830643809524323,-86.28311441127832,-0.022164856859608704,-141.10071196456104,3.8499847065807034,-84.62575420009627,-0.021734416855632033,-258.67979512735155,8.796349503577254e-09,1.7384141515084663e-08
1.09e-06,-161.46782154668742,3.262634614063927,-84.99004066373726,-0.0230849220614417,-161.56797077911926,3.314755153190033,-86.68506444676059,-0.022348768806893005,-254.03666451090436,8.779605419934366e-09,1.7426313879368768e-08
1.0925000000000001e-06,-173.77365669145442,2.6937593920356315,-88.61114554835058,-0.02326243350858281,-174.645397513569,2.7207408643237776,-88.79202499872699,-0.022809600400538844,-237.9116551763837,8.75996592300982e-09,1.7402813487877286e-08
1.095e-06,-177.74096720416313,2.0828711457162745,-91.6496682907546,-0.02355209047605511,-178.62302887531646,2.097134494957895,-90.93586380624363,-0.023110069197673392,-211.0335808242224,8.737021766030683e-09,1.731899377654959e-08
1.0975e-06,-172.96854578871213,1.5015008469464042,-93.38745891214832,-0.02343565853392662,-172.41780128167272,1.4780226438525277,-93.10604630122312,-0.0232476991629112,-174.6172692056847,8.710594545518223e-09,1.7185844410725157e-08
1.1e-06,-156.99693189079875,0.8870475515558003,-97.04824952439853,-0.022824329487414873,-155.78396307391856,0.8997904226644563,-95.29235150800244,-0.02322551725239337,-130.30865467504395,8.680773304157922e-09,1.7017816525233466e-08
1.1025e-06,-128.5637031467056,0.40372617082999734,-98.78822699266817,-0.023259540377646784,-129.41824162941109,0.3979749715616093,-97.48494445169811,-0.023052584576428434,-80.11038570505522,8.64793010012142e-09,1.6829953729837188e-08
1.105e-06,-93.17557745368566,0.004136276342673185,-99.31282433733548,-0.022699061275614885,-94.93819906974001,0.003978607735074913,-99.67444427658617,-0.022743801199890133,-26.291309736619148,8.61271038045397e-09,1.6635077579526858e-08
1.1075e-06,-54.95008536389574,-0.24498188788412864,-102.01977058902975,-0.022239940223117167,-54.732994848705246,-0.25790942141009815,-101.8519875272207,-0.02231898218981463,28.716073558703034,8.575997313158052e-09,1.6441815961882108e-08
1.11e-06,-10.634371284594229,-0.37965813296923256,-104.81758711203389,-0.021851741514264406,-11.706908016050047,-0.37276931406327923,-104.0092860899284,-0.021801322784907127,82.42555572429676,8.5429622516535e-09,1.625402486575296e-08
1.1125e-06,31.446726145554262,-0.4704764259964961,-107.0430703844518,-0.02095820159726524,31.046245767959718,-0.33627614593021815,-106.13867934149346,-0.021215471472972564,132.40959047891127,8.512445388869663e-09,1.607171042266224e-08
1.1150000000000001e-06,71.23882923892437,-0.07089193641415066,-109.33164649310527,-0.02094017730904004,70.588353216894,-0.15474046511690318,-108.23318010481849,-0.020585493627028436,176.40901328030785,8.483197333686122e-09,1.589307126837109e-08
1.1175e-06,104.06268895943587,0.18916034363766981,-111.40668529214767,-0.0197459748730315,104.44957854055201,0.15601009999273133,-110.28651406764921,-0.01993302402486956,212.4351504177649,8.454028602294061e-09,1.5716935438427546e-08
1.12e-06,130.31278184598452,0.5720712154515228,-111.75488183343091,-0.018989622194184395,130.86201185823856,0.5727087436201623,-112.29315237957663,-0.019275871430397058,238.8597025350126,8.426371001867668e-09,1.5544786986538985e-08
1.1225e-06,150.44817841580635,1.0621110580076352,-116.18229793050833,-0.018619808826305966,148.88202014280964,1.0673494301460336,-114.24833720394308,-0.01862725878748476,254.4883400529969,8.40349077728677e-09,1.5381779342102735e-08
1.125e-06,159.45513005614936,1.6171710559077879,-116.29918450350976,-0.01827850739747882,158.3881836709444,1.6100922171174703,-116.14810006445101,-0.017995772658780315,258.61468414700886,8.385927039408267e-09,1.5236516801827484e-08
1.1275e-06,160.37463946646997,2.132018231357029,-117.07988875044515,-0.017031026225207996,159.96290371891445,2.1719495797886386,-117.98927289061925,-0.017385974815892515,251.05223346092404,8.373972992702023e-09,1.5119792003221642e-08
1.13e-06,156.50482284197966,2.680452344506893,-120.1574710678456,-0.01659345635651214,154.6851759112657,2.726893223198755,-119.76949173119719,-0.016799518673401122,232.14279354378144,8.367685874779875e-09,1.504274669903322e-08
1.1325e-06,143.29733381948495,3.234735312626138,-119.06507567155361,-0.01653430744268945,143.87623153345496,3.2531437604751074,-121.48719316964831,-0.01623653289993308,202.74102801735893,8.366913574010321e-09,1.50149981749823e-08
1.135e-06,129.78395052187437,3.6812436066605057,-122.28961455856427,-0.015503797826133021,128.8462921517776,3.7335647220760917,-123.14160354027686,-0.015696997962041104,164.17582972679563,8.371331228780117e-09,1.5043158738412852e-08
1.1375000000000001e-06,110.93524422230034,4.062010802174456,-125.38762086859825,-0.014672356197548454,110.6884765403006,4.155248615044841,-124.73272110692511,-0.015181854608423941,118.19025781027645,8.380480559533536e-09,1.5129954582164126e-08
1.14e-06,89.24963370401103,4.578707056310984,-124.7489110614565,-0.014957577811840908,90.15542830196154,4.5085261781809844,-126.2612914278545,-0.014693643485176046,66.8627553954649,8.393805462881463e-09,1.527392820768374e-08
1.1425e-06,67.8018877048908,4.758219371662532,-124.79707843772093,-0.014339277598896489,67.63746159522088,4.785724985955119,-127.72877618989929,-0.014236570890085488,12.513208703367688,8.410679309419645e-09,1.546956614615365e-08
1.145e-06,42.764610708916365,5.014073462240469,-129.95771565741143,-0.014194171372302661,43.24103852704274,4.980033524589684,-129.1373158517202,-0.013816009471853729,-42.40190652578535,8.43042203527828e-09,1.570766249045493e-08
1.1475e-06,15.88530605183597,5.014861033364806,-132.45444241463798,-0.013755724543953782,16.946850181203317,5.084787111239174,-130.48968648949347,-0.013437553628465802,-95.40055214185568,8.452307975665269e-09,1.5975792181717873e-08
1.15e-06,-11.433802604590761,5.109878361633769,-130.7586585787215,-0.013064737212801247,-11.188760405076444,5.093390601909825,-131.7892512881777,-0.013105837196733533,-144.0873100568389,8.475567898996642e-09,1.625887891155598e-08
1.1525e-06,-41.73229468493878,4.958611151923324,-131.93603007112412,-0.012677450168696083,-40.83398514481832,4.999949041360741,-133.03990716717115,-0.012823369701587976,-186.2616496873558,8.49939037509408e-09,1.653994415222623e-08
1.155e-06,-72.48251082272344,4.783536359789045,-134.0812885466739,-0.01282418916137623,-71.2285501805604,4.800518305804795,-134.24602707030886,-0.012589647993617227,-220.01738692575154,8.52292812196923e-09,1.6801166647364573e-08
1.1575e-06,-100.47207098038388,4.5887165052014,-136.99843097009094,-0.012880604698466202,-101.11447208408917,4.4947432876283395,-135.41239848639918,-0.012400752298623124,-243.82883932080784,8.545314213652881e-09,1.7025335547833878e-08
1.1600000000000001e-06,-128.74827757371446,4.058592510602982,-137.20503591139956,-0.01222289538228433,-128.77222008982022,4.0875486221719255,-136.54415879754367,-0.012249548044104278,-256.6197834501015,8.565691126597815e-09,1.7197644821423556e-08
1.1625e-06,-153.93587529037723,3.632256619946224,-138.19225016134425,-0.011873334469654169,-152.16434923679958,3.590506194361749,-137.64672807806394,-0.012126503063588348,-257.81209776780844,8.583252901102391e-09,1.7307588084415032e-08
1.165e-06,-170.4094005930912,3.0099833101383786,-138.92832902801115,-0.012229584524003533,-169.16833048127074,3.0225333916989334,-138.72573998675549,-0.012021014079209249,-247.35189238202872,8.597297697911117e-09,1.7350542514107144e-08
1.1675e-06,-178.67557828288966,2.439192189686247,-137.64033669952872,-0.011879786266887463,-177.86289698694685,2.4096722434801214,-139.78697140923356,-0.011923037700030953,-225.71194475516867,8.607285303460282e-09,1.7328563966573035e-08
1.17e-06,-177.1964582803133,1.6988008158554821,-138.41963486820765,-0.011605124128220836,-176.82092847286515,1.7838460734184856,-140.83627151522307,-0.011824757565444498,-193.87033123929896,8.612892206553419e-09,1.7250018270489944e-08
1.1725e-06,-165.1521330576708,1.158250322623825,-143.930757575887,-0.01198580883618745,-165.35880532982347,1.1806617143758222,-141.87949089770757,-0.011722002531331772,-153.26622025241454,8.614056126711351e-09,1.7127952273346602e-08
1.175e-06,-144.43946890804546,0.6193527360312442,-144.74826965480185,-0.011582052928746223,-143.6979204154863,0.6364915612454085,-142.92241145688993,-0.011615164434304198,-105.73482514336047,8.611002505702025e-09,1.6977489908989348e-08
1.1775e-06,-115.66806508997804,0.1614103316928822,-143.05670732063268,-0.011855419616822545,-113.00770160963711,0.18520125614254596,-143.970677681976,-0.011509442492364783,-53.42445672779636,8.604247422416484e-09,1.681288746620571e-08
1.18e-06,-75.08562741555534,-0.08071117838195367,-145.94065690356717,-0.010725805515612306,-75.31872177588274,-0.14503802577087632,-145.02972996797754,-0.011414351304469468,1.3005754683259922,8.594574366395389e-09,1.6645051375314172e-08
1.1825000000000001e-06,-32.070423272918035,-0.318745194751749,-144.6324854462784,-0.011637251132864132,-33.315906973364264,-0.3344124153879151,-146.1047405831855,-0.011342551560108261,55.96682461508116,8.585296813097484e-09,1.6480220487979175e-08
1.185e-06,10.012587139623854,-0.3722840439589451,-148.30380167566614,-0.011106591433651553,9.958251941869065,-0.37323457717375835,-147.20055287591407,-0.011308175596257209,108.10350074250847,8.578248311693112e-09,1.6320157894265927e-08
1.1875e-06,53.65644018374821,-0.25683955893309884,-150.2447466498003,-0.011619829416166582,51.445711347899774,-0.2625831904133194,-148.3216242767921,-0.011324904035140965,155.35414482053034,8.57221705464411e-09,1.6163708445953173e-08
1.19e-06,87.27650378140015,7.10499469854884e-05,-150.62602344544308,-0.011585205096597629,88.40809866867288,-0.013747739095252898,-149.47197361559475,-0.011404090181717582,195.58313534073542,8.566015638905329e-09,1.6009140901857955e-08
1.1925e-06,119.11075264452698,0.3155230566196974,-149.4467834797485,-0.011586765366065996,118.70478195867653,0.35340576726074674,-150.65513322971444,-0.011553218644123788,226.9722135451105,8.558561894260301e-09,1.585647214706559e-08
1.195e-06,139.51821839304935,0.8634428209090687,-152.34957004298025,-0.011849937593294,140.97363607670448,0.8128733597092027,-151.87410629523762,-0.01177492568773554,248.1026645811823,8.554576817340477e-09,1.570903869074687e-08
1.1975e-06,152.91056633200157,1.2992781396364275,-154.80462400818067,-0.012463177984195545,154.69131780343136,1.3353703539211392,-153.13132976165977,-0.012066711678481824,258.0194401825042,8.554997617668304e-09,1.557389182660886e-08
1.2e-06,160.3989317927839,1.9159163000556971,-152.0295818600107,-0.01208276716517998,160.11055616059886,1.891177490617733,-154.4286432179833,-0.012229911629587892,256.27432467537614,8.560300307550324e-09,1.5461009375085563e-08
