time,v_coil,i_coil,v_bias,i_bias,v_coil_clean,i_coil_clean,v_bias_clean,i_bias_clean,v_coil_src,density_state,heating_state
0.0,-37.62241236501008,-0.11773886009182184,197.8888726927665,0.0904954617235286,-37.93326708850434,-0.12256128572758153,195.60122248855623,0.09110068489327107,0.0,0.0,0.0
2.5e-09,-22.796454655900487,-0.09753755311062436,201.2947822348541,0.08543186240538829,-23.545658256157882,-0.09772298364971871,201.46607331636892,0.08769571036789509,20.071558877425208,1.7861847008337978e-09,1.6175653467911623e-10
5e-09,-7.921854730099339,-0.06066969272510523,206.7585430081001,0.07785812785365297,-8.169899357107644,-0.061481319259320696,206.8887799854414,0.08052897990577003,39.23592900256177,3.6169572404048085e-09,3.041466684494286e-10
7.500000000000001e-09,7.185335897916366,-0.020878577645365746,210.05607943167917,0.07229126194960958,7.093096287825276,-0.01682939700484125,211.82281328500704,0.07266368992640856,56.6269244887831,5.4879003888180324e-09,4.261326135344774e-10
1e-08,21.24217369868014,0.03500293433533992,215.44232671320307,0.06742917969839662,21.23367287120272,0.0329062630804174,216.223615112078,0.06413209446635938,71.45851194463458,7.394238357186924e-09,5.361021288544512e-10
1.25e-08,32.89023443357537,0.08178443220423884,219.09662364159777,0.0578834382370709,33.436230436025305,0.08444994239258942,220.04897123033172,0.05497247885909921,83.06033739309323,9.331845979264383e-09,6.497130609896919e-10
1.5000000000000002e-08,43.228096993698806,0.13310814394652498,221.9481866201232,0.04563289265261616,43.14763325344264,0.13490849246185768,223.25936809127046,0.04522879852335306,90.90802474473155,1.129585482459033e-08,7.858562616753378e-10
1.75e-08,49.74299854952715,0.18368107035644568,225.750673023523,0.03550649118347456,50.102497709867556,0.1820028216935139,225.81833065094813,0.03495024302582458,94.64687640279777,1.328051250166559e-08,9.622671269391863e-10
2e-08,54.13968381646513,0.22951123866913378,225.08801915418903,0.02216303245735166,54.3041653742794,0.22417063342807866,227.6927382691152,0.02419074583497624,94.10790478683602,1.5279727295752026e-08,1.1921199711146318e-09
2.25e-08,56.41398130480054,0.26495851566678497,229.09485217235493,0.008066245945013699,55.96776628255515,0.26053582035810924,228.85311595667122,0.013008461896919394,89.31547018648746,1.728711111443723e-08,1.4823015037313441e-09
2.5e-08,55.63355116977772,0.29369727880455576,229.60588351875978,-0.0008474644279434537,55.43809617944002,0.2907639910955337,229.2738984403128,0.001465233456545837,80.48617973187416,1.929602442686141e-08,1.8333252497644788e-09
2.75e-08,53.39291903546246,0.30921450063059824,229.30712936701835,-0.0075089152265829205,53.098960726551454,0.3148435611803735,228.93366473846888,-0.010373940406207857,68.01909724459708,2.1299621235736168e-08,2.2403235904972915e-09
3.0000000000000004e-08,49.486897883813,0.3312427809317637,228.72895326973298,-0.022484672328373083,49.29150305182855,0.3328441338252571,227.8153411880943,-0.02244142248318301,52.47770646178806,2.329089269949947e-08,2.6943813744749144e-09
3.25e-08,44.1317841451235,0.34048366999919316,225.53585948020597,-0.033736122280980226,44.25670407312126,0.3447063735991751,225.90637112551744,-0.03466744506269548,34.564442854413144,2.526270878353293e-08,3.1836218692226794e-09
3.5e-08,38.498876216041864,0.3476587996582031,221.38133308503998,-0.050653987164586606,38.112176308696114,0.3501098676275302,223.19884970404348,-0.0469806158056635,15.08894514364158,2.720785811677908e-08,3.693785125319084e-09
3.75e-08,30.712871426624787,0.34460108056514627,220.47135762150765,-0.0582654960014113,30.866501216787018,0.34844904560640544,219.6896226239624,-0.05930843859607246,-5.068538525560332,2.9119086910930028e-08,4.2083996826042465e-09
4e-08,22.23102933334939,0.3378399901321372,215.36556457529528,-0.0707363596259094,22.466949085376832,0.33892513985960543,215.38034785448235,-0.07157787141283145,-24.99693579599221,3.098913823393109e-08,4.708927647532015e-09
4.2500000000000003e-08,12.67820020359096,0.32212866292357123,211.7422166028686,-0.08538415341510917,12.869825474656603,0.3207384837774978,210.27751973924788,-0.0837159463659608,-43.795528493979546,3.281079303436071e-08,5.175386527405698e-09
4.5e-08,2.0250002810595467,0.28870163116915326,204.08070431940715,-0.0944922619670199,2.118116426893338,0.29334453746207567,204.39245519481406,-0.09565047847346983,-60.614663039617696,3.457691406613649e-08,5.587868904447405e-09
4.75e-08,-9.922153843348832,0.2559523220607891,196.7682325519889,-0.10491312707068141,-9.59060286572994,0.2567227652262079,197.74124203196396,-0.10731089073075606,-74.69415285366728,3.6280493307177577e-08,5.9290748341446644e-09
5e-08,-21.550012300841892,0.2135942574864941,189.05095868477753,-0.11622644589947533,-21.861551079300284,0.21160255030648256,190.34464975029363,-0.1186291849838006,-85.39763705976239,3.7914702702036573e-08,6.1874932293546e-09
5.25e-08,-34.58949584364647,0.15638204388033497,181.7205229196225,-0.13101848714588182,-34.09655556657894,0.15959572005100225,182.22800347425965,-0.12954109177368311,-92.2413425468374,3.9472947227585145e-08,6.360371676390725e-09
5.5e-08,-45.46482397639046,0.10839945890149488,175.3360228977956,-0.14296403212063066,-45.528873543504204,0.10320011043466565,173.42102201112698,-0.1399874355505969,-94.91594941205044,4.094891853737984e-08,6.455333654918803e-09
5.75e-08,-55.301016385091245,0.04434623897085635,163.17320618835194,-0.1511272206522266,-55.29605423590961,0.04566034968235451,163.95762131524694,-0.14991574501844196,-93.30057151597738,4.233664692550717e-08,6.489654907595772e-09
6.000000000000001e-08,-63.197951505355114,-0.007489877432313746,153.35953237324068,-0.15655155476826535,-62.54071933508715,-0.00930314210956254,153.87568493620375,-0.15928209570537755,-87.46822026081983,4.3630549166489925e-08,6.486861267401138e-09
6.25e-08,-66.12941205340914,-0.05626945918145986,143.9757993020771,-0.16608195567277462,-66.5236601487296,-0.05786246133040029,143.21680330802687,-0.16805303118556467,-77.68250464129461,4.4825748312219666e-08,6.4712818615172015e-09
6.5e-08,-66.92468063686793,-0.09157519125833664,132.439766545927,-0.17835750347117027,-66.73085058136989,-0.0964954133818534,132.0259840004604,-0.17620703655826242,-64.38571671838908,4.591872354666857e-08,6.462097801455201e-09
6.75e-08,-63.0204315412655,-0.12117329359647899,118.91665377712548,-0.18421869256597298,-62.9563829098031,-0.12238198230448905,120.35133529890184,-0.1837341665626354,-48.17884102543697,4.690496270109281e-08,6.468833867945014e-09
7e-08,-55.31094247578851,-0.13165749034127616,106.09663554170747,-0.19366540425351783,-55.34690605607449,-0.13372374563292358,108.24372570494039,-0.19063059948817665,-29.79439143583363,4.778037186303105e-08,6.489890485042782e-09
7.250000000000001e-08,-44.667894473601315,-0.1284052178265171,95.23116803950397,-0.19956699237039166,-44.39927812390063,-0.1299374857941354,95.75642215248686,-0.1968815216040419,-10.063303204112906,4.8541313838002386e-08,6.514679780388922e-09
7.5e-08,-30.478058994737413,-0.11228426476450389,82.42155230212488,-0.20006480010140595,-30.91077412569583,-0.1116941690576581,82.9447099135177,-0.2024209582699371,10.122623415268192,4.918464602319198e-08,6.5286168146212416e-09
7.75e-08,-15.459730222389428,-0.08052913168660664,70.52127337623651,-0.20648545344162095,-15.88898555042758,-0.08079927468392026,69.86549732091613,-0.20705480073954735,29.851030508534567,4.970775521573491e-08,6.519180427301327e-09
8e-08,-0.39656828208430966,-0.03981906705026431,53.216467818024284,-0.21404464848005095,-0.43514819490958256,-0.03993585331291215,56.576908562443975,-0.21034789988948066,48.23023900258173,5.010858685849091e-08,6.480937922265507e-09
8.25e-08,14.651626876449438,0.005981134734468742,44.158889619045766,-0.2141037799467946,14.3811138384943,0.007686730893534907,43.13786789842882,-0.2115368001140809,64.42955052845944,5.03856665876406e-08,6.417936623137874e-09
8.500000000000001e-08,27.559990143481606,0.05996420420437751,28.331581557493173,-0.20920156674451892,27.63647431431685,0.058721388020847885,29.607678725456516,-0.20964168827304236,77.71679309589804,5.053834260339014e-08,6.342942552727931e-09
8.75e-08,38.467750991286564,0.10997087588573888,15.871578223000377,-0.20216610888038802,38.64097922089169,0.11004812596072705,16.045600948622507,-0.2039778651236132,87.4914135998934,5.056762420235066e-08,6.274160570123212e-09
9e-08,47.13628717161218,0.16156935014709323,4.6468346323244205,-0.19716796430907682,46.98546893435825,0.15906045022018472,2.510430135371866,-0.19493027731173235,93.31162145341318,5.047381496301053e-08,6.230826005641603e-09
9.25e-08,52.81999512678021,0.20766629947241316,-10.424832321501622,-0.1845602093594555,52.54430233826817,0.2038344083844323,-10.939918095416637,-0.1842411771342667,94.91435651584038,5.025771437745961e-08,6.229173084615298e-09
9.5e-08,55.63203568983817,0.2436353840502913,-24.157844159753225,-0.17263209621601033,55.436078446392806,0.24316348032780302,-24.24881504450186,-0.17413725492774132,92.22717881226272,5.012021413488521e-08,6.29175810532573e-09
9.75e-08,56.1919579231096,0.2715258506334088,-39.23775119598137,-0.1663232141901052,55.952166810743414,0.27646704425813434,-37.36131393718571,-0.16595922014748019,85.37154265537075,5.010536878190536e-08,6.425139558130541e-09
1e-07,54.87621611679428,0.3045733251584417,-50.10321258923568,-0.15899504828583894,54.468093866244196,0.3036026647456569,-50.22452974254887,-0.15969706010665988,74.65730718711238,5.021070998888782e-08,6.627114237253351e-09
1.025e-07,51.216925629680766,0.3310609787300134,-61.74022348950448,-0.1538296381359117,51.35527589006629,0.32462893087498473,-62.788000721903956,-0.15458983907340643,60.56873145111917,5.04332966617386e-08,6.890748873865709e-09
1.05e-07,47.433999170287365,0.337727736371008,-77.72600645607443,-0.150235615706345,46.90983172685391,0.3395731066507745,-75.0040287821429,-0.14984573226314768,43.7425869867375,5.076974231618186e-08,7.205644276760251e-09
1.075e-07,41.41041892054443,0.34810720790363886,-83.76583293036362,-0.14603492943988003,41.31141669557609,0.3482551540276253,-86.82799589541577,-0.1449470524760536,24.939377205570306,5.1216241950217264e-08,7.558775216172752e-09
1.1e-07,35.162932582438465,0.3525590507969218,-100.44791206285386,-0.13891186236728972,34.618904305161465,0.35020731759791074,-98.2186540556641,-0.13964493553473856,5.008964369167226,5.176859904210763e-08,7.93483132916476e-09
1.1250000000000001e-07,26.458533872596426,0.3465920823182138,-109.10144471593017,-0.13538270469553712,26.802431404236344,0.3447087341356477,-109.1383864731233,-0.1338627299262134,-15.147842249805015,5.2422253861408574e-08,8.31631550043218e-09
1.15e-07,17.026689274032275,0.3364068051592061,-119.90048599195478,-0.1269224154150099,17.804154749553838,0.3309310953335401,-119.55343795794765,-0.12761290293201033,-34.62000089527457,5.3172314545053786e-08,8.683864674261966e-09
1.175e-07,7.715725740587771,0.30970856922481443,-130.49310847885428,-0.12247407499289117,7.6143540805986,0.30816856703580564,-129.4341127114266,-0.12094715845991474,-52.527414340423064,5.401359230546273e-08,9.017283147682178e-09
1.2000000000000002e-07,-3.1932045964984037,0.27854525551551335,-138.9046873417962,-0.11255782294668636,-3.653693946129562,0.27610716743211566,-138.75493802548615,-0.11393136090673957,-68.06070827809124,5.494064171399326e-08,9.297582821810032e-09
1.225e-07,-16.11734397802853,0.23689586153609618,-148.23181211678565,-0.10655776024721034,-15.706760134686245,0.23507898054084614,-147.49479268583846,-0.10663446362519774,-80.51781319627413,5.5947806314740804e-08,9.50991970391856e-09
1.25e-07,-28.365290825280383,0.183287452614377,-155.91835237024438,-0.09997937973576652,-28.046295573047505,0.18624681160564868,-155.63699917866407,-0.09912427667245832,-89.33569632124141,5.7029268994354926e-08,9.646802456595102e-09
1.275e-07,-40.329819999027755,0.13250574763608255,-164.66067933822987,-0.08986017831625855,-39.98270277457709,0.13167524870014458,-163.16937911242462,-0.09146621796545903,-94.11580941671406,5.817910571440154e-08,9.710529186104936e-09
1.3e-07,-49.91018028742607,0.0754718901581664,-170.04844756978883,-0.08415040718788372,-50.69007695490286,0.07426282228476903,-170.08427158257524,-0.08372319298254531,-94.6421022565306,5.939134055535998e-08,9.713724796659004e-09
1.325e-07,-59.805960048178996,0.01665755979683416,-176.78549796298995,-0.07547846052549197,-59.2947296278966,0.01753377547910526,-176.37851452480572,-0.07595578320950845,-90.8907876028583,6.06599996500791e-08,9.677259737491175e-09
1.35e-07,-65.0456835633454,-0.03103716029943626,-183.2060782171179,-0.06901430745092338,-64.98434252402933,-0.03468734002402278,-182.05338941922295,-0.06822241443226079,-83.03141633517241,6.197916157426883e-08,9.625680179566624e-09
1.375e-07,-66.53882116992578,-0.08332714052615021,-188.69695882285504,-0.061245144340033565,-67.12036580551728,-0.07867384190926545,-187.11453002081262,-0.060579395022443486,-71.41921413662226,6.334403990859934e-08,9.58127474774631e-09
1.4e-07,-65.30549099522018,-0.10833342433268384,-191.4542849925223,-0.05392763477713797,-65.33505219581123,-0.11120959735534754,-191.5717960978661,-0.0530808072895792,-56.57902610210851,6.474921869504663e-08,9.558607319772512e-09
1.425e-07,-59.43375674711221,-0.13456362387745716,-194.08865243397702,-0.08140975701014358,-59.596555487070205,-0.12995389523287834,-195.43911345715895,-0.082378998094296,-39.18159493522346,6.61888251304633e-08,9.561386528728043e-09
1.4500000000000001e-07,-50.01922445063119,-0.13392385524913392,-204.57563922598666,-0.05726869420499891,-50.23048592175073,-0.1337027819481517,-204.56664458062144,-0.06041418176635912,-20.013244905531998,6.765710651891885e-08,9.582817487650597e-09
1.475e-07,-37.62767382444544,-0.12191165955946792,-205.40371946692574,-0.007093179335753605,-37.89335249725699,-0.12250724649185958,-204.93559625203793,-0.002314017643624059,0.059658217716806794,6.920168714883178e-08,9.61252172001326e-09
1.5e-07,-23.441261643507758,-0.0998069120961083,-204.04351629718713,0.003581130732092062,-23.501209070626558,-0.0976315143908739,-204.806627890544,0.0037608029011674733,20.129864925384666,7.074207937157794e-08,9.631445614086742e-09
1.525e-07,-7.603509647738935,-0.056701530903663616,-206.24038414739778,0.006526670802273495,-8.124179727412212,-0.06136037853054431,-204.2092196043423,0.009447121995098022,39.290247580176505,7.227355635117189e-08,9.62991555832611e-09
1.55e-07,7.655856953153146,-0.017106116005274504,-204.04280244804625,0.01547827050307779,7.136916790554459,-0.01668850059512168,-203.17544871352513,0.014713811670100782,56.67480052004463,7.379171696444867e-08,9.6069241833796e-09
1.575e-07,21.20911399916948,0.03161546522248597,-200.85975136525627,0.020255924238930773,21.27285969778046,0.033057196085881216,-201.73968279018567,0.019534009933278865,71.49778154195803,7.529251855521359e-08,9.570930160386484e-09
1.6e-07,33.12333958195274,0.081485998963963,-199.57187848090322,0.022576837849895358,33.46874242389509,0.08460167264636813,-199.9382564934122,0.02388528447762195,83.08922566010824,7.677329009658591e-08,9.537694732017262e-09
1.625e-07,43.41184585624512,0.13467743977153082,-197.55251275523233,0.030893505683827205,43.17226314584451,0.13505331007808485,-197.80913505885707,0.027749717487330502,90.92522599755637,7.823131787963665e-08,9.526240431873535e-09
1.65e-07,49.772008841268466,0.18009256015699923,-193.02197060198705,0.031321023695945444,50.118879851378196,0.18213504701415148,-195.39156740696572,0.031113922975582374,94.65161318397703,7.966370496006385e-08,9.554462574701603e-09
1.675e-07,54.091005316987726,0.22666188261303016,-192.50852929744102,0.03441415895886898,54.3126586127748,0.2242867189753796,-192.7257319122019,0.03396901369094456,94.09996300464753,8.106789222886972e-08,9.635726356093266e-09
1.7000000000000001e-07,55.81668860912824,0.2587414538886695,-188.84312599774796,0.03684950744622565,55.96924125533846,0.260634077027483,-189.85237792706602,0.03631053689810953,89.2952087914003,8.244167599972773e-08,9.777143641576814e-09
1.7250000000000002e-07,54.850337725148904,0.29348388603153747,-185.150171586752,0.038254577641447525,55.433671720775116,0.29084402856693803,-186.81246617898455,0.0381383969584677,80.45451449280499,8.378322177862867e-08,9.979489327836168e-09
1.75e-07,53.26663933439606,0.31746662698350886,-184.01166482411628,0.03660218146830868,53.08974139313907,0.3149055815121285,-183.64681115506363,0.03945677792642483,67.9774593582407,8.509107252176336e-08,1.0238192921712494e-08
1.775e-07,49.783587224284794,0.3306083035750047,-180.042170120725,0.04077663641679058,49.27836750721916,0.3328882395804747,-180.395728559349,0.04027407225113926,52.4279778657857,8.63641503147226e-08,1.0544669322842624e-08
1.8e-07,44.14666008011594,0.3479862998601686,-175.84299385530946,0.04166683269371938,44.24018279776311,0.34473204381462963,-177.09869086991233,0.04060281347952333,34.508871168057,8.760175121343693e-08,1.088740038654766e-08
1.825e-07,38.35747935926524,0.3450912151425941,-173.90455969479567,0.036771462529539174,38.092438923209755,0.35011571815097786,-173.79399393936328,0.04045960314309781,15.03004208060165,8.880353382684893e-08,1.1252508450428264e-08
1.85e-07,31.194076470643623,0.34408798235195276,-168.36833001825613,0.038638132527987964,30.843451971611035,0.34843293168265776,-170.51843747304403,0.03986501625349365,-5.128110680974615,8.996950294035802e-08,1.162392377097658e-08
1.875e-07,22.162433049221086,0.3436319386774087,-167.41717536248956,0.040041733493500965,22.44040776191594,0.33888458917414804,-167.30702208521242,0.038843467165748324,-25.05448451801982,9.109998994768333e-08,1.1983526551949429e-08
1.9e-07,13.276611784830871,0.32053434848441054,-163.43637181928443,0.04112310702689512,12.839753959444772,0.32067138030673936,-164.19266547619597,0.03742301858545221,-43.84845271144053,9.219563199332051e-08,1.2311767061123151e-08
1.925e-07,1.4104609364951537,0.29117515186067955,-159.49537082993976,0.03339523159592981,2.0848416744310745,0.2932499229585443,-161.20594009422788,0.035635121122617054,-60.6605706984072,9.325735150597095e-08,1.2589184373926124e-08
1.95e-07,-9.516997825339208,0.25342750906459405,-159.05778957401543,0.037383892274849735,-9.626219105131202,0.25660159594468734,-158.374834446087,0.03351427829640187,-74.73096903215355,9.428633726837678e-08,1.2798937455007507e-08
1.9750000000000001e-07,-21.538264767056507,0.20871322085448304,-155.1259370728591,0.02957703951762112,-21.898036417968562,0.21145824724702503,-155.7245400025646,0.03109764099204693,-85.42369775051937,9.528402742177114e-08,1.2929983333456683e-08
2e-07,-34.21486483014181,0.16078520351793044,-153.34578934844296,0.029833361053391023,-34.131868970706726,0.1594343817685553,-153.2772654101272,0.028424544465484786,-92.25546986599089,9.625209398407256e-08,1.2980040583544645e-08
2.025e-07,-45.2570787913809,0.10361808268161028,-151.8793247614191,0.024939271484336684,-45.56056764881801,0.1030303131192012,-151.05207947105617,0.02553600845133438,-94.91750483694683,9.719242772469758e-08,1.2957196849317403e-08
2.05e-07,-55.24644957842358,0.043823412286636027,-147.1617311569877,0.02290179754055502,-55.32153812739783,0.04549253001049439,-149.06478409304904,0.02247422539589369,-93.28948474495354,9.810712172645752e-08,1.2879173404519784e-08
2.075e-07,-62.45471391341342,-0.009253880509519464,-148.75919673754382,0.019335977240807184,-62.55758271464285,-0.009457652430649005,-147.3278181381071,0.019282062475827227,-87.44499239067818,9.899845177826652e-08,1.2769911632760613e-08
2.1e-07,-66.4238500773486,-0.06090614193808965,-143.13843908317645,0.012178541197612282,-66.5300072267496,-0.05799261743487569,-145.85019282193136,0.016002599732126855,-77.64818551886863,9.986913488183015e-08,1.2654118372225644e-08
2.125e-07,-67.04844342462363,-0.09321280484509897,-145.32632595086574,0.01361038382480368,-66.72558839150538,-0.09659168240647062,-144.637459031493,0.01267871992313775,-64.34185748985755,1.0072290067563196e-07,1.2551312393553535e-08
2.15e-07,-62.466508138228825,-0.12676070189615116,-144.555054787261,0.006628117848019902,-62.93941479608482,-0.12243742670100483,-143.6917066424611,0.009352756765688931,-48.12742402804884,1.0156209787567088e-07,1.2471319685409395e-08
2.175e-07,-55.865040539570224,-0.13233052700099357,-142.76459669285725,0.005537213999197361,-55.31919583186786,-0.13373479904444832,-143.01159563230578,0.006066198669876922,-29.737740600778892,1.0238904088418134e-07,1.2412812699811613e-08
2.2e-07,-44.28062512183345,-0.13574148769140154,-143.01654202528826,0.0024294917746312404,-44.36277131544748,-0.12990430378968817,-142.5924185016911,0.002859436554481981,-10.0039790201248,1.0320599395860678e-07,1.2365453658932039e-08
2.2250000000000001e-07,-31.56995303992245,-0.1120042007820858,-141.40007031490714,-0.004024437868973199,-30.86818615076698,-0.11162050499206273,-142.4261932387423,-0.00022846167169297628,10.181939630172234,1.0401515891561268e-07,1.2314889295903968e-08
2.2500000000000002e-07,-16.047746640638877,-0.07955450294153951,-140.63077205690584,6.669254361967199e-06,-15.843488550665175,-0.08069190722689361,-142.50178579038382,-0.0031599698471536227,29.907657796521644,1.0481866431794671e-07,1.2248809351076594e-08
2.275e-07,-0.49639702482164105,-0.04381938056512038,-141.7207942632207,-0.006452147334323723,-0.3900047165616298,-0.03980366352645193,-142.805060744586,-0.00589933395803252,48.2816179391919,1.0561855403336406e-07,1.216196339017553e-08
2.3e-07,14.521166179765688,0.00803826907772332,-142.74016579527847,-0.014841335347199724,14.422913907543743,0.007833881009752403,-143.31905867934046,-0.00841282760145764,64.47335890276345,1.064167733739849e-07,1.2058541540629585e-08
2.325e-07,28.066105160765538,0.06420865184170407,-144.35734569782,-0.011555106532107924,27.67251860292779,0.05887379612121144,-144.0241984006868,-0.010669038197415702,77.75105086914223,1.0721538603837515e-07,1.1951402968599094e-08
2.35e-07,38.39704963569447,0.11130583174818084,-145.2777548552229,-0.013872503797896115,38.669635412032434,0.11019723332708285,-144.89850207519768,-0.012639180641660058,87.51457239874244,1.0801737556887488e-07,1.1858789448876236e-08
2.375e-07,47.675428255562096,0.155571687423076,-146.34868622138993,-0.016716494145444624,47.00595911362381,0.15919952714555566,-145.91784106390023,-0.014297426429644182,93.32263455289863,1.0882427323764867e-07,1.1799915399066521e-08
2.4000000000000003e-07,52.730240463839785,0.20973895533888068,-146.6668051990376,-0.0163988453555657,52.556645691013486,0.2039588566242465,-147.05620008640952,-0.015621229485822829,94.91272614894554,1.096373439193898e-07,1.1790939063362442e-08
2.425e-07,55.13118139878901,0.239745149165422,-148.8939902278277,-0.01525625232165817,55.44092142099103,0.24327073924946802,-148.28595718763236,-0.016591626208449763,92.21297866785838,1.1045758036938822e-07,1.1842362008801768e-08
2.45e-07,55.75915896132998,0.2774613936501371,-148.50431694871563,-0.017925107876777646,55.95053862719125,0.2765561588702646,-149.5781768461194,-0.017193487243342045,85.34541454764616,1.1128570059892768e-07,1.1958172786055084e-08
2.475e-07,53.52432909249647,0.30173555851818845,-149.91203934016266,-0.023390289651462177,54.46113690027118,0.30367363302122896,-150.9029134541647,-0.01741570222063357,74.62043204703485,1.1212214656275818e-07,1.2136392065597032e-08
2.5e-07,51.10170398134271,0.32685544869639643,-153.9338918232624,-0.01222282235160809,51.34400299701493,0.32468198424837175,-152.22952231600112,-0.017251285464416337,60.522775951044835,1.1296708281000077e-07,1.2370323274919346e-08
2.525e-07,48.629908821740536,0.3369355605874278,-155.23113268665998,-0.02144002127546781,46.89495562236404,0.3396080848359121,-153.52697525262158,-0.016697399317216702,43.68962821061472,1.1382039442981787e-07,1.2649814123938646e-08
2.55e-07,41.36250013629708,0.3492325402084163,-155.9369997303267,-0.016302910261571477,41.293281419686274,0.3482711122945136,-154.76417787035544,-0.01575530069443102,24.88180876947737,1.1468168441164263e-07,1.296209312164085e-08
2.575e-07,34.618053439022866,0.3510867587460523,-156.67914874382186,-0.015849084520091587,34.59752836011786,0.3502024557513518,-155.91028554557153,-0.014430224239536516,4.94938823531444,1.1555027128329652e-07,1.3292107454147938e-08
2.6e-07,26.203672810121297,0.33987428000152997,-158.10397802872254,-0.014596162836983478,26.777650125979672,0.3446806707337836,-156.93501519977923,-0.012731220664517283,-15.206733375840098,1.1642518844480817e-07,1.362261952236576e-08
2.6250000000000003e-07,17.385177650088,0.3343672406889944,-158.69628002519428,-0.009550922992787725,17.77582987990909,0.3308774402800446,-157.80894998769827,-0.010670970674882516,-34.675545268708106,1.1730518687244637e-07,1.3934527476182354e-08
2.65e-07,7.372349218244588,0.30657402080809115,-159.39947066160056,-0.013474313187492029,7.582604937683433,0.3080876835559027,-158.50383409511414,-0.00826559305400483,-52.57710148206693,1.1818874277275707e-07,1.4207899565480425e-08
2.675e-07,-3.892916370532118,0.27857818594015493,-158.19168601646032,-0.008136604756261864,-3.688288351927306,0.2759989721007565,-158.99285494280105,-0.0055344604296524835,-68.10229244229532,1.1907407133148285e-07,1.4424015885441369e-08
2.7e-07,-15.694361241989212,0.23488655559555258,-159.04373782803293,-0.0073871972797374934,-15.743034266154694,0.2349456154235966,-159.25091021656394,-0.002500028953670503,-80.54941487351675,1.1995914700133852e-07,1.4568305387069898e-08
2.725e-07,-28.536420281062664,0.1865780756246092,-159.89030718702853,-0.002351425378235868,-28.082478894907375,0.18609303866311025,-159.25485729036149,0.0008123200243900475,-89.35588718767724,1.208417299296166e-07,1.4633552463891164e-08
2.75e-07,-40.05704733622714,0.1313783394857995,-157.57314762489656,0.0060674343554962705,-40.01652319849354,0.13150846082483128,-158.98374277818186,0.004374435689632451,-94.12367689116108,1.2171939729287304e-07,1.4622328462452992e-08
2.775e-07,-50.38003239361996,0.07143662326744561,-157.45009209659688,0.007999375084132307,-50.71897733883512,0.0740926300267966,-158.41901013929132,0.0081555657120411,-94.63729074706033,1.2258957763310833e-07,1.4547520896665968e-08
2.8e-07,-59.086594057499845,0.02012859520567149,-155.52774203862947,0.012879978357912299,-59.316167201888994,0.017371202284406532,-157.5446834689413,0.012122553549324778,-90.87351457874155,1.2344958590241796e-07,1.4430243144581325e-08
2.825e-07,-64.88803191396876,-0.03617123454082932,-156.03158983814498,0.015116024574316309,-64.99612484646116,-0.034830951483675196,-156.34752583070292,0.01624008101365955,-83.00246249776339,1.2429665689586828e-07,1.4295257587185953e-08
2.85e-07,-67.06804661023129,-0.07117664185215633,-157.1288052500265,0.01841947623080138,-67.12096855688081,-0.07878805645016948,-154.81717072525944,0.020470967435172734,-71.37988813343505,1.2512901717815786e-07,1.4165040046384764e-08
2.875e-07,-65.66401866615972,-0.11066009967501121,-153.7618710182857,0.02821362744266035,-65.32386535418881,-0.11128606395979761,-152.946225541559,0.02477652962957908,-56.53110537893048,1.259440939193861e-07,1.4054316266544898e-08
2.9000000000000003e-07,-58.68638000154471,-0.12847560417321655,-153.76688808154964,0.028674925645939254,-59.57401507033667,-0.12998729448494042,-150.73034609742132,0.029116998500288004,-39.127245399612,1.2673869135991846e-07,1.3966940028846343e-08
2.925e-07,-50.15529462478839,-0.1303457677819765,-149.55618362785398,0.03509214045743401,-50.19806672176144,-0.13369139952091363,-148.1682816456482,0.03345198003293313,-19.954923032726985,1.2750955442422603e-07,1.3896255311980804e-08
2.95e-07,-37.58516603162245,-0.1265268780610238,-145.18246900811394,0.04086891222380947,-37.853419910577394,-0.12245308723061367,-145.26188999595047,0.03774094222801737,0.11931641188149404,1.282534142375643e-07,1.3828844736721085e-08
2.975e-07,-23.1229220210143,-0.09231640876766796,-141.6544240078617,0.03965919759324929,-23.456751292837538,-0.09753994529890044,-142.01612268011212,0.04194370646647622,20.188163026392253,1.289670353239987e-07,1.3750324552111177e-08
3e-07,-7.990151473876624,-0.05776999642066724,-137.47387281002656,0.04381367176117878,-8.078461174892846,-0.06123936440283898,-138.43898036523615,0.0460209227390197,39.344550646623745,1.2964726181245194e-07,1.3651133265070931e-08
3.025e-07,6.699912368745441,-0.018448653721923444,-135.64077030726523,0.05041254047337654,7.180727358283589,-0.016547560124339198,-134.5414389951548,0.0499345133137817,56.72265417699251,1.3029106012678587e-07,1.3530369607237678e-08
3.05e-07,21.67980547845215,0.03685644261551571,-130.5694857324545,0.051644709015244636,21.312029447958835,0.03320814430557015,-130.33734741065882,0.053648078344834725,71.53702291308966,1.308955561459975e-07,1.3396583293108324e-08
3.075e-07,34.115939132048474,0.0894082156864167,-126.23915587040574,0.05766682212146494,33.50123251108481,0.08475339268649801,-125.84329746263866,0.05712726861255554,83.11808112481303,1.3145905913225907e-07,1.32656045488709e-08
3.1e-07,42.65603063845145,0.13304599645219453,-120.70458046126123,0.06523023063874722,43.19686885014877,0.1351980975102185,-121.07846788618195,0.06034014349885813,90.94239135454184,1.319796418566567e-07,1.3156500114806162e-08
3.125e-07,50.21220960425244,0.18313152910812958,-117.7650352353573,0.0638619392955356,50.13523788279871,0.18226722853560975,-116.0644434458097,0.06325754446972007,94.65631259819841,1.324550229554725e-07,1.3087186619567545e-08
3.15e-07,53.57513920138736,0.22927969890647756,-112.22002015971856,0.06487292075975912,54.32112967886188,0.2244027531814784,-110.82501109020566,0.0658535233630377,94.09198407328392,1.328830948474046e-07,1.3071032766999231e-08
3.1750000000000003e-07,56.47020744923376,0.26048526203674904,-105.3830906980698,0.06937042735012622,55.97069712563906,0.2607322795975261,-105.38593506690552,0.06810586769582337,89.27491214397884,1.3326195371733763e-07,1.3115142203337332e-08
3.2e-07,54.69007718793757,0.2913190781883907,-98.85030815089335,0.07030183521491877,55.429231559935744,0.29092401201853507,-99.7747131415761,0.06999675824355744,80.42281749156778,1.335899268361568e-07,1.3220274965141264e-08
3.225e-07,52.98154457234451,0.31866024745695604,-92.03750192573823,0.07040523728641541,53.080509366723305,0.3149675485962708,-94.02031624094961,0.07151357253591527,67.93579463545983,1.338655953563052e-07,1.3381842095409382e-08
3.25e-07,49.528514190931254,0.3304650703842569,-85.1862200091271,0.07411950502294963,49.26522138057201,0.3329322916891397,-88.15291399163824,0.07264980615302202,52.37822857204759,1.3408781134417286e-07,1.3591237420229688e-08
3.275e-07,43.978568010260446,0.3426270456361945,-83.58243816212307,0.07489371039046742,44.22365194975548,0.3447576576421774,-82.20358875752449,0.0734060170445188,34.45328585814522,1.3425570861331708e-07,1.3836918834736418e-08
3.3e-07,38.02952157493959,0.35124646649624613,-76.3759030987261,0.07366391750219323,38.07269200169823,0.35012150698971023,-76.20404088503916,0.07379060627533972,14.971133083939012,1.3436870775893279e-07,1.4104981356242732e-08
3.325e-07,31.063199005788338,0.3502375675296956,-72.19288790179398,0.07672668651931107,30.82039267826826,0.3484167490371743,-70.18628794744667,0.07382014264045034,-5.187680811891803,1.3442651651120835e-07,1.4379324866972111e-08
3.35e-07,22.325959507143754,0.34530907269530026,-61.773311009741775,0.07331220825198408,22.41385595331335,0.33884396269365924,-64.18236083548103,0.07351884968232632,-25.112023348933846,1.3442912699340455e-07,1.4641797838198916e-08
3.375e-07,12.647327191694352,0.3202932747255324,-56.16065847765758,0.07075962591827835,12.809672285562534,0.3206041961994654,-58.22399957184561,0.07291685942612158,-43.90135961822666,1.343768116061925e-07,1.4872820598930992e-08
3.4000000000000003e-07,2.2622665215374727,0.2955947074147631,-51.61132605439189,0.07334524092027797,2.051558455233308,0.29315522759046303,-52.34235173088745,0.07204697489054993,-60.706454409364206,1.342701190408901e-07,1.505290809773912e-08
3.425e-07,-9.856933475778977,0.25574508045224387,-45.959957386254004,0.06913855307972752,-9.661840375568934,0.2564803521851441,-46.56767632218322,0.07094003703591271,-74.76775570803687,1.3410987139406324e-07,1.5165204649894743e-08
3.4500000000000003e-07,-22.033768946971318,0.21269472706700726,-43.08634917657119,0.06835770126382784,-21.934521552016044,0.21131388388502664,-40.9290559479856,0.06961954899955024,-85.44972471735339,1.3389716261546245e-07,1.519866387550427e-08
3.475e-07,-33.949513029288575,0.16292719308666453,-35.92243389833907,0.06751776595888533,-34.16717544085122,0.15927300518110699,-35.45411996994713,0.06809681619835026,-92.26956076414594,1.336333577108717e-07,1.515101076429448e-08
3.5e-07,-45.65242535527874,0.09684917967924098,-29.964446914072397,0.06318390160378708,-45.59224723949583,0.10286050608812079,-30.168781320897075,0.06636821120000516,-94.91902278991552,1.3332009139574877e-07,1.503034433267537e-08
3.525e-07,-55.19200135364264,0.04057479301801134,-25.26477526394161,0.06702556254641896,-55.34699996138516,0.045324733408290865,-25.096989473615757,0.06441593638571402,-93.27836114471853,1.3295926439536996e-07,1.485439507256357e-08
3.55e-07,-63.014583653583266,-0.011319985692451864,-19.814335612572933,0.05837134127283926,-62.574417529499165,-0.009612105957358518,-20.260501931613568,0.06221271530497324,-87.42172999863841,1.3255303541411547e-07,1.4647104616137093e-08
3.575e-07,-66.35751242115833,-0.0592749135928372,-17.72503783427039,0.06462468669666399,-66.5363212126871,-0.0581226857337612,-15.67867643821495,0.05972948435767801,-77.6138357421686,1.3210409457172416e-07,1.4433167546840093e-08
3.6e-07,-66.70254286866184,-0.09342086718146046,-11.132125973127168,0.054163667742627986,-66.72029129354202,-0.09668783883212524,-11.36828591128095,0.05694401853026935,-64.29797286017947,1.3161622916249643e-07,1.423207974288407e-08
3.625e-07,-62.984302023704345,-0.13305503037118074,-8.744057105472756,0.05379386363147655,-62.92241306132187,-0.1224927427449728,-7.34335790336592,0.0538481205857127,-48.07598803071567,1.3109195269715262e-07,1.4053641052553616e-08
3.65e-07,-55.268256050534816,-0.13556778841919734,-3.931082204970997,0.04964535019298559,-55.291456355547965,-0.13374571909795066,-3.6150401628764044,0.05045168199918889,-29.681078025734873,1.3053385252360008e-07,1.389650527310119e-08
3.6750000000000003e-07,-44.01084175395697,-0.1251696413653472,0.06027258748402464,0.04816701240659943,-44.326242265948096,-0.12987099450961667,-0.19149363288163812,0.046783163073359946,-9.944650886724546,1.2994457850846021e-07,1.3750333808516044e-08
3.7e-07,-31.036973510079886,-0.11342823315679305,1.7201121455091193,0.04037042010040104,-30.825584792884793,-0.11154672975693042,2.922186027219425,0.04288717171354873,10.241251825407343,1.2932683368015145e-07,1.3600796645282792e-08
3.7250000000000003e-07,-15.017878887482674,-0.07755310983435133,4.663551515140081,0.04062356443196711,-15.797987844010848,-0.08058445245182552,5.7240175736899275,0.03882039229518121,29.964273277438995,1.2873667943044134e-07,1.3438817174482813e-08
3.75e-07,0.35015670131883925,-0.04173810278989109,7.968478065271802,0.03740010933659096,-0.34486692123499374,-0.03967141490466613,8.215153410243772,0.03464709023987784,48.332977814984154,1.2817444371846673e-07,1.3259030114765746e-08
3.775e-07,14.31468700262174,0.006806813390876385,9.360913680229853,0.027946476866041445,14.464700199893663,0.007981060290865387,10.399868640887775,0.030435040545742732,64.51714182400642,1.2763700988611266e-07,1.3065314757215308e-08
3.8e-07,27.297885309265745,0.05242386343364343,10.066668311057992,0.029083288631524123,27.7085430831109,0.05902620575979785,12.285519943177384,0.02625228371257837,77.78527794750309,1.271216019972589e-07,1.2870229675862892e-08
3.825e-07,38.41149347435446,0.10908049256628166,16.40319975517501,0.025255363390221424,38.69826824021723,0.11034631918397961,13.882474539853355,0.022164772638007483,87.53769664822424,1.2662662418937433e-07,1.269172356671215e-08
3.85e-07,46.87312566245775,0.16259515407243172,14.796893259417462,0.020998851980438354,47.02642487313121,0.15933856558701587,15.204009823401435,0.018234785488731177,93.33361081008584,1.2614934926797742e-07,1.2548726944953524e-08
3.875e-07,52.51530771983944,0.20228772304475146,17.925380500359232,0.01264567861929396,52.568965714843145,0.20408325578359354,16.26618446012933,0.014519914655116655,94.91105831200956,1.256871452663123e-07,1.2457128746081841e-08
3.9e-07,55.624249622236015,0.24216208666522446,18.3055009014022,0.012095886482420395,55.44574367141166,0.24337794406182398,17.087682065420758,0.011072451378243062,92.19874211923053,1.2523751058108056e-07,1.2427183039877312e-08
3.925e-07,55.47207775397954,0.27985349263127685,16.435823684563008,0.004450303669328548,55.948893053789476,0.2766452182452513,17.689628797500646,0.007939027174305426,85.31925274690322,1.2479810802415928e-07,1.2462659485196646e-08
3.9500000000000003e-07,54.51898136247264,0.30386638980281205,19.35822093119424,0.00454784710470982,54.45416582810322,0.30374454672602236,18.095386461018308,0.0051604199050559385,74.58352744799271,1.2436679566811141e-07,1.2561393257932597e-08
3.975e-07,50.977066364699326,0.32319164550015267,19.539503882309308,0.0034800893168312895,51.332718602327226,0.3247349834478618,18.33032294179996,0.00277147112654732,60.47679655753652,1.2394165284218873e-07,1.2716537965297329e-08
4e-07,47.15861711527828,0.3394815234364906,19.082967123118735,0.0027795823968119705,46.880069579323006,0.3396430074119387,18.421562008153202,0.0008010881063223789,43.63665218651892,1.235210003601027e-07,1.291782737767583e-08
4.025e-07,41.54823446454075,0.34991677890731054,16.67949669121898,0.00012335557305500917,41.27513669063377,0.348287010971257,18.39771471016599,-0.0007276807008310388,24.82423051043973,1.2310341489573025e-07,1.315241106461357e-08
4.05e-07,34.45885103962812,0.34898460520311714,18.79538353213663,-0.0024995156514538977,34.576142655021094,0.35019752809528965,18.288594784745346,-0.0017975013658606028,4.889810147521731,1.2268773821428718e-07,1.3405191376901224e-08
4.075e-07,25.816853151850104,0.3371927669184777,17.57186370351354,-0.0034632838887167527,26.752858527715897,0.34465253435740506,18.124920629056874,-0.002396545520813293,-15.26561849849784,1.2227308256985238e-07,1.3658919899874514e-08
4.1e-07,17.71426965135226,0.33243993249403114,15.770858697814669,-0.0008103690503440738,17.74749455198101,0.3308237061803567,17.938006537145377,-0.002518223990330283,-34.73107595278522,1.2185883388642091e-07,1.3894519081874187e-08
4.125e-07,7.514356487304639,0.30591199736402264,19.59569433024325,-0.0006031414176222805,7.550846283568607,0.30800671843813826,17.759446002590863,-0.00216087522295915,-52.626767867103794,1.2144465429499442e-07,1.4092118617418345e-08
4.15e-07,-4.343370190378787,0.27749351578447773,17.83791356568361,-0.0016316430494203327,-3.7228897313672924,0.27589069826867535,17.620789973093345,-0.0013274260435234752,-68.14384972079324,1.2103048521455202e-07,1.423309925592528e-08
4.175e-07,-15.817403288426972,0.23224307043909095,18.701746914522154,-0.0007537459376245189,-15.779311017458767,0.23481218229951278,17.553223000078393,-2.5046935154917652e-05,-80.58098475112602,1.2061655151399326e-07,1.4303030482875286e-08
4.2e-07,-28.37396770104395,0.18927530365270714,18.337019316380566,-0.002844008396971181,-28.11865879117456,0.18593921618109674,17.587240257227077,0.001735172526204134,-89.37604277782404,1.2020336649886555e-07,1.4294874902090401e-08
4.2250000000000003e-07,-40.26942156736998,0.12939229588638798,19.34074694225917,0.0012531998592990837,-40.05033294205879,0.13134164923301933,17.752328405924334,0.00393850057085802,-94.1315072070711,1.1979173668184812e-07,1.421141383138577e-08
4.25e-07,-50.38959754510577,0.07283579114254583,18.534649485508695,0.0065736570432370555,-50.747859359120014,0.07392244536718365,18.076653262908852,0.006566764513857632,-94.63244187628645,1.1938276467069802e-07,1.4065767359193834e-08
4.275e-07,-59.23198649116404,0.016320217377566865,17.617898559596995,0.009640678132045513,-59.33757926344828,0.017208670593556907,18.586757176056498,0.009598449348245051,-90.85620567920034,1.1897784816563761e-07,1.3879293609829383e-08
4.3e-07,-65.40334602020133,-0.036890135559707396,17.769422360943583,0.012530436144005635,-65.0078760338907,-0.034974488485695655,19.307268938610914,0.013008669129935141,-82.97347589229676,1.1857867307423496e-07,1.3677003117881845e-08
4.325e-07,-66.52108847066495,-0.08199997009984651,19.5597606092465,0.017245023636242668,-67.12153693292161,-0.07890216819560887,20.260628970938903,0.01676899215615971,-71.34053395059878,1.1818824551229769e-07,1.3481618917698274e-08
4.35e-07,-65.0820312587607,-0.11110070828691372,21.544213021675617,0.018426105286703087,-65.31264385324911,-0.11136240727880843,21.466832372871217,0.020847112099936022,-56.483162338167475,1.178090391386573e-07,1.3308114342463794e-08
4.375e-07,-59.44134462789774,-0.1303064679334138,23.121625478171723,0.02526771078743431,-59.551442856356125,-0.13002056011421523,22.94319229998682,0.02520637764950235,-39.072880417184024,1.1744313528393092e-07,1.3160597093749117e-08
4.4e-07,-49.62288969304407,-0.13183963986145197,24.69733785721106,0.030422690524043575,-50.165621497863356,-0.1336798843132204,24.704125945086226,0.02980522587548222,-19.896593282033724,1.1709272833833052e-07,1.3032678913867208e-08
4.425e-07,-37.585875550762076,-0.1251407583812222,28.684583426078813,0.03559229804650918,-37.81346935472404,-0.12239880681483872,26.76096521307771,0.034596609412931044,0.17897455894212014,1.1676011581490715e-07,1.2911229184195016e-08
4.4500000000000003e-07,-23.51249709376985,-0.09423556628877587,28.92100091373301,0.03625725062779508,-23.41228495147131,-0.0974482757206029,29.121793965252472,0.03952755815843814,20.246453157433294,1.1644768848741622e-07,1.2782169632674896e-08
4.475e-07,-8.027212992004959,-0.05573844266416868,31.605584786056653,0.044787516868089544,-8.032743727374362,-0.06111827671415614,31.79131347929271,0.04453905758711066,39.39883818046564,1.1615791845264551e-07,1.2636256339776464e-08
4.5000000000000003e-07,6.684643246249118,-0.017135921748873007,34.61058244585895,0.053356595780792895,7.224527967042444,-0.016406575900514926,34.77073752636635,0.049566435743917704,56.770485440735236,1.1589334312815998e-07,1.2472906317246403e-08
4.525e-07,20.784431809706295,0.03398807786716746,38.37585743804683,0.056693153539388086,21.35118210389374,0.033359107013510296,38.05771820844732,0.05454040669127818,71.57623604253767,1.1565654371329045e-07,1.2300975393554775e-08
4.55e-07,32.76284859749877,0.08639046494183915,40.61513575859221,0.056691973599467635,33.53370068710645,0.08490510144379627,41.64630342984895,0.05938880859824694,83.14690377581532,1.1545111547099301e-07,1.2136576879849826e-08
4.575e-07,42.87728727525575,0.13216644129248173,46.87750762297932,0.0632901221021593,43.221450363282614,0.13534285343325164,45.526926599224254,0.06403891343314516,90.95952080891156,1.1528017721810882e-07,1.1999031000414087e-08
4.6e-07,50.10850191608469,0.17976258413857954,48.40086074992657,0.06933486589139842,50.15157180742658,0.18239936476711568,49.686428874432586,0.06842001622633284,94.6609746436066,1.1514621151971898e-07,1.190647633481395e-08
4.625e-07,55.06461983099959,0.22405630102319177,55.35499662329977,0.07092041792118386,54.329578580322966,0.22451873447418735,54.108113975201086,0.07246589822066063,94.08396799589511,1.1505153502631654e-07,1.1872473348852631e-08
4.65e-07,56.17215523200857,0.2673874883498851,57.783838030158094,0.07704143970920212,55.972133903390706,0.26083042648750776,58.77183529995589,0.07611675480990238,89.25458025223615,1.1499827772450845e-07,1.1904289706935732e-08
4.675e-07,55.935226381350994,0.2919521399343779,63.695079269920946,0.07718433916898698,55.42477570668699,0.2910039399198713,63.65411479614397,0.07932030141532072,80.39108874067571,1.1498836260697292e-07,1.2002823322228848e-08
4.7e-07,52.951324316740525,0.3108385985786246,68.8087896779754,0.08396699327068673,53.0712646550326,0.3150294609978316,68.72829275031475,0.08203198001704459,67.89410309270328,1.1502348435001696e-07,1.2163596712033148e-08
4.7250000000000003e-07,49.70376008921926,0.3379856328878012,73.10596730950883,0.08001969101790256,49.252064676502506,0.33297628884611313,73.96470738774983,0.08421440920053389,52.328458600214795,1.151050861782923e-07,1.2378086693218485e-08
4.75e-07,44.35761942191485,0.347384890323215,81.33162366376435,0.08593489186936906,44.20711153049386,0.34478321393387024,79.33090290391772,0.08583637385282011,34.3976869466212,1.1523433486478998e-07,1.2634802571229644e-08
4.775e-07,38.182610814695934,0.3465063231175772,85.38795701666477,0.08338560946297827,38.052935543188326,0.3501272331770324,84.7918642939343,0.08687169513885346,14.912218176910462,1.1541209461238138e-07,1.291985618376217e-08
4.800000000000001e-07,31.717305583385514,0.34904533635257545,90.88181262325072,0.08906248449575335,30.79732333502143,0.3484004969075685,90.31027710375224,0.08729826401507751,-5.247248894795437,1.1563890123856473e-07,1.3217127722788538e-08
4.825e-07,22.663913276900484,0.3382290404681926,95.35712201190798,0.08822575665751592,22.38729365907757,0.3388032598822157,95.84681000019846,0.08709740466733766,-25.16955226601843,1.1591493850836721e-07,1.350840925840817e-08
4.85e-07,13.344151535698282,0.3268957887722885,103.29918094145685,0.08865206479768313,12.779580455739293,0.3205369311651928,101.36041784823729,0.0862536091976888,-43.954249193451865,1.1624001854861149e-07,1.3774029612195239e-08
4.875e-07,2.1730398630122236,0.2933825956575587,107.90995198697006,0.08413699611411196,2.018266776756839,0.29306045132440106,106.80866279481951,0.08475458952316695,-60.75231415437415,1.1661356800849529e-07,1.3994379953286513e-08
4.9e-07,-9.35901409509651,0.25340815040344206,113.31221003880752,0.08456795290555333,-9.697466664184484,0.2563590341703577,112.14805069111893,0.08259154234178506,-74.80451286679393,1.1703462105058797e-07,1.4152451401961243e-08
4.925e-07,-22.702746809807117,0.21292285899739663,116.98667005432638,0.07578492423531462,-21.971006463549745,0.21116946068160786,117.33438004034562,0.07975951463250451,-85.47571794998952,1.1750181946446462e-07,1.4237016305637658e-08
4.95e-07,-33.700026626566675,0.15791813175240474,124.43514825420621,0.0751896423957651,-34.2024749555144,0.1591115909505924,122.32310053797232,0.07625777672219744,-92.28361523573969,1.1801341933323668e-07,1.424558885442513e-08
4.975e-07,-45.42107080747323,0.10968712963724588,128.83924667169796,0.07350691939733331,-45.62391229275288,0.10269069014742963,127.06967817625208,0.07209014188332688,-94.92050327035723,1.1856730290625053e-07,1.4186023235104104e-08
5e-07,-55.586690697366976,0.05235066132233885,132.96951716664924,0.06615904342931225,-55.37243971665924,0.04515696075395429,131.52996381616194,0.06726520339792076,-93.26720071966389,1.1916099378042848e-07,1.4075764733824566e-08
5.025000000000001e-07,-62.396108919390386,-0.004048629028490562,138.79794014831467,0.0608954573893233,-62.59122376296344,-0.00976650181875485,135.66056208809263,0.06179648470002207,-87.39843309388374,1.1979167326999088e-07,1.3938423748424505e-08
5.05e-07,-66.61566966890251,-0.05794412745323919,140.80225137187276,0.05856277405488591,-66.5426020969116,-0.05825266544049433,139.41919746807574,0.05570251280315333,-77.5794553247554,1.2045648819031954e-07,1.3798315616964168e-08
5.075e-07,-67.08528215583236,-0.09303072944753245,142.78270216461607,0.05027873548063427,-66.71495928661822,-0.0967838820205604,142.7650743893006,0.04900683017177419,-64.25406284668026,1.2115313682481664e-07,1.3674512749058952e-08
5.1e-07,-62.8455543646682,-0.12768111579829283,144.7526506725564,0.038075948254534545,-62.905377713986375,-0.12254792998747029,145.65922828904183,0.04173795778336601,-48.02453305374439,1.218775526726319e-07,1.3576356960941433e-08
5.125e-07,-55.35988570609009,-0.13435662017479738,148.4576996865093,0.031571268005791076,-55.263687644224234,-0.13375650554520566,148.06486455858035,0.033929315348501084,-29.62440373307163,1.2262529116170502e-07,1.3502022779943102e-08
5.15e-07,-44.20652354046216,-0.12475929602101837,148.55353387402704,0.025192936299839288,-44.2896909992786,-0.12983755788565038,149.94768245772167,0.0256190964722078,-9.885318827333279,1.2339156656890908e-07,1.3440684341929394e-08
5.175e-07,-30.848013235555197,-0.10661216369941605,148.68952429537654,0.016936008798571052,-30.78297007993,-0.11147284341362768,151.2761811752796,0.0168500893920809,10.30055997755842,1.2417129459567366e-07,1.3377525764143525e-08
5.2e-07,-15.937244005293147,-0.08484240632067269,151.33906088588927,0.006621446334591359,-15.752483459120235,-0.08047691047564527,152.02194536142738,0.007669429467871316,30.020876928935476,1.2495913809378076e-07,1.3299803010035325e-08
5.225e-07,-0.2269565757298186,-0.040884935442510685,152.19081699922228,-0.002871627885827204,-0.29973483516081156,-0.03953910753802449,152.15990762585977,-0.0018717314133588155,48.38431860968191,1.2574955336694163e-07,1.3201852454363932e-08
5.250000000000001e-07,14.403735952960373,0.007838432886583764,151.1733535669277,-0.011003718058472044,14.50647269442192,0.008128268751331035,151.66858568583294,-0.011718651020038173,64.56089927490403,1.2653683478622384e-07,1.3087456828757051e-08
5.275e-07,27.820515677977255,0.05825023761086799,149.25106951575432,-0.023149980676906178,27.744547740630118,0.05917861712087262,150.53029205872804,-0.021813526203074852,77.81947431746828,1.2731539927571308e-07,1.296905945318923e-08
5.3e-07,39.19206385705778,0.10779730950615228,151.10096036831,-0.030609360542282124,38.72687769874299,0.11049538392952893,148.73131442298157,-0.03209612715081898,87.56078633920998,1.2808062013973526e-07,1.286447008101547e-08
5.325e-07,46.81667717899116,0.1705468826081499,145.19405035616882,-0.03990007948465454,47.046866213193084,0.1594775661760887,146.26206501709223,-0.042504532130045375,93.34455022064164,1.288265381575453e-07,1.2792456330522137e-08
5.35e-07,52.505336897937546,0.19935521618444552,141.38771512563497,-0.05321870515819114,52.58126241557785,0.20420760672272845,143.11719770678687,-0.052975953538813396,94.90935300569085,1.295470962351318e-07,1.276872412524756e-08
5.375e-07,55.67564468597866,0.23864019542470952,138.46009608758413,-0.06267405555135672,55.45054520681766,0.24348509582251443,139.29569162308547,-0.0634476421459281,92.18446917199927,1.302361887908235e-07,1.2803330413707954e-08
5.4e-07,55.85567842545023,0.27784140406392394,135.53725438239942,-0.07606302274521448,55.94723010065857,0.276734223589933,134.80090055655413,-0.07385785085319031,85.29305726347079,1.308877121718435e-07,1.2899839587686649e-08
5.425e-07,54.8310154297816,0.30310121327789336,130.6478441004005,-0.08653542976887815,54.447180658674455,0.303815407159563,129.64056758303218,-0.08414682563524474,74.54659340455511,1.3149561389591993e-07,1.3055877766737731e-08
5.45e-07,51.17253819401497,0.3259137057239491,120.4848867112058,-0.09190200761492733,51.3214227122468,0.3247879298066206,123.82680469104974,-0.0942577556508785,60.43079328874772,1.3205393897293596e-07,1.3264387960033485e-08
5.475e-07,46.96883479649125,0.33729505277910454,116.69114693923864,-0.10232493513200917,46.865173600682304,0.33967787568724395,117.37603747843266,-0.10413753033044526,43.58365893536332,1.3255687226849698e-07,1.3514892386665694e-08
5.5e-07,41.20049509987416,0.3465889581451244,110.60509275240608,-0.1161772520621945,41.25698250846669,0.34830285128411054,110.30891528265141,-0.11373697081260228,24.766642451189675,1.3299877668890888e-07,1.3794328025034225e-08
5.525e-07,34.12926723620064,0.34729520465897756,102.98577298265045,-0.12445346887350774,34.55474718827968,0.350192535715889,102.65018740370799,-0.12300984757440024,4.830230129309415,1.333742277417034e-07,1.4087383900586849e-08
5.55e-07,26.349332236362244,0.3453991159890961,94.1535221160718,-0.13208887414002382,26.728056608073437,0.34462432589159625,94.42854636722079,-0.13190935484140892,-15.324497594530824,1.3367804561324282e-07,1.4376599054922025e-08
5.575000000000001e-07,17.6589772250082,0.32694450505351536,87.20897107110952,-0.1414837976783878,17.719148766666095,0.33076989365283377,85.67643945632325,-0.14037969201928685,-34.78659292558421,1.3390532619632432e-07,1.4642687253842394e-08
5.6e-07,8.371034968897687,0.30896992140849566,77.73641555334135,-0.14680770441727392,7.51907812321177,0.3079256719645053,76.42985001161517,-0.14833913929389245,-52.67641347592588,1.3405147244248822e-07,1.4865577755869087e-08
5.625e-07,-4.011107122709857,0.2739654665894838,67.86276289232582,-0.1555199109951146,-3.757498074305639,0.27578234581178857,66.72805025629566,-0.15565048789228014,-68.18538009717872,1.341122270171946e-07,1.502646388461872e-08
5.65e-07,-16.28612914074318,0.23286895169747804,55.626304802258,-0.16326511016000683,-15.815590373100441,0.23467868057599078,56.61332764657584,-0.16207795391098712,-80.6125228166385,1.340837065753555e-07,1.5110744404595425e-08
5.675e-07,-28.30835381044584,0.18620652851252692,46.18300527763508,-0.1681010855015029,-28.154835241906653,0.185785343053306,46.13068697331639,-0.16724293349024627,-89.39616308372447,1.3396243717366366e-07,1.5111229022132272e-08
5.7e-07,-39.825638301578955,0.12738207599562199,36.379276072805766,-0.1689631842537817,-40.084131982795704,0.13117481228786135,35.32753064767109,-0.1706195593158397,-94.13930036135288,1.337453895458247e-07,1.5030561662919516e-08
5.725e-07,-50.887782616397054,0.07399188082532634,25.453499656020384,-0.16953442394380913,-50.77672299338697,0.07375226616002631,24.25331978948188,-0.17164226127278778,-94.62755564612314,1.3343001233833766e-07,1.4881735214586103e-08
5.75e-07,-59.05830267827521,0.01623002233273039,12.17432434665065,-0.1663744423246925,-59.358965793273846,0.01704617781806823,12.959218900659595,-0.16997736278714104,-90.83886091106812,1.330142610617706e-07,1.4685984421490295e-08
5.775e-07,-64.98987154849004,-0.04008128082347203,1.4290321803012191,-0.16322312786813206,-65.01959607289191,-0.035117953948302714,1.4977270453939027,-0.16587182015596807,-82.9444565302159,1.3249662052965793e-07,1.4468195738730972e-08
5.800000000000001e-07,-67.16997154514178,-0.08107120439485543,-10.002254114261314,-0.15820361792857912,-67.12207092825957,-0.07901618023929044,-10.077701426500697,-0.16028558678091825,-71.30115160364909,1.31877169612859e-07,1.4250967459960166e-08
5.825e-07,-65.31263824318803,-0.10795545715936139,-23.763149365015586,-0.15368981526668365,-65.30138769681895,-0.11143863040363103,-21.71304348841027,-0.15453099326891184,-56.43519699874595,1.3133960767904203e-07,1.4060142032819357e-08
5.85e-07,-60.013733489588525,-0.13133304244030042,-32.411403327086525,-0.14927544583696783,-59.52883885809698,-0.13005369501741315,-33.35409819175986,-0.14960413373845552,-39.018500009401656,1.3091124370839386e-07,1.3901252596229321e-08
5.875e-07,-50.23610467758954,-0.13311757675520666,-47.89182956894999,-0.14685286834662822,-50.13315027085905,-0.13366823883734696,-44.94687834660209,-0.1457871732020037,-19.838255676481857,1.3059140104957e-07,1.3767648264690072e-08
5.9e-07,-37.728352288903935,-0.12550895765138334,-58.077862923227585,-0.14269448603952672,-37.77350085596842,-0.1223444072018807,-56.4379999013465,-0.14278234905020912,0.23863263534608745,1.303788959465319e-07,1.364591713059022e-08
5.925e-07,-23.2745228814356,-0.10503041996894213,-68.46673867219607,-0.14086860872893556,-23.367810075212592,-0.09735650692720701,-67.77506581639469,-0.1400871478678658,20.304735295494606,1.3027206424364517e-07,1.3521686641954891e-08
5.95e-07,-7.7731517570343005,-0.06178730502959134,-81.24330865877498,-0.13796349396263238,-7.987027412675591,-0.06099711596783231,-78.90704127537775,-0.1372673935801823,39.45311016026987,1.3026879081988797e-07,1.3385405221597757e-08
5.975e-07,7.46258749027095,-0.010509941975450375,-89.95438900626537,-0.13106250430753982,7.268318592874068,-0.016265547633570236,-89.78461715379976,-0.13404740748417493,56.81829429238884,1.3036653940468983e-07,1.3236163933047804e-08
6e-07,21.533563546081158,0.03630660864275452,-101.3641345338159,-0.13205639661821253,21.39031764776048,0.033510085262290615,-100.3605587673762,-0.13029255635427417,71.61542091482103,1.3056238090658223e-07,1.3082468151776219e-08
6.025000000000001e-07,33.977906892828294,0.08479012986251407,-109.06706079459707,-0.12473162494326914,33.56614694149551,0.08505680065227261,-110.59003705047245,-0.12596197365462478,83.17569360173728,1.3085402169757347e-07,1.2940052148494245e-08
6.05e-07,43.558162229566435,0.1321405944381562,-120.79192852016502,-0.1236454277610366,43.24600768219318,0.13548758014281778,-120.43093946753802,-0.12106773605124381,90.9766143539029,1.312383561922691e-07,1.2827828783736574e-08
6.075e-07,50.11272660669617,0.18895355273202358,-129.9159792948506,-0.11635641240102802,50.16788162857602,0.18253145842214671,-129.84415813603596,-0.11564849180019869,94.66559931836122,1.3171137966588355e-07,1.2763505842710146e-08
6.1e-07,54.52357879045396,0.2290453053548525,-141.31761727775185,-0.10851791348814178,54.338005324949926,0.22463466583242458,-138.79385283649816,-0.10975487800873479,94.07591477564577,1.3226871581629187e-07,1.276019765880358e-08
6.125000000000001e-07,55.7170387182776,0.25784210223244913,-146.44189468557917,-0.10397583671427292,55.97355159853001,0.2609285207944229,-147.2476868022933,-0.10344231878351914,89.23421312419835,1.329056590785555e-07,1.2824719481708097e-08
6.15e-07,55.25278009632416,0.2903261880100714,-153.97505393433926,-0.09663349545755208,55.420304170790466,0.2910838153535772,-155.17703341657293,-0.0967678257751455,80.35932825265476,1.336172184077529e-07,1.2957518545011337e-08
6.175e-07,53.435025551478,0.31229507438264636,-163.09541080220632,-0.08725793248720876,53.06200726578735,0.3150913216726894,-162.55715219457105,-0.0897887345286555,67.85238474642956,1.343981605597328e-07,1.3153674326008202e-08
6.2e-07,49.11272354344402,0.33449008652073886,-171.66152207155483,-0.08040125491397024,49.23889739961612,0.3330202337884854,-169.367332693812,-0.08256225809225419,52.27866796993525,1.3524305148683384e-07,1.3404232022224283e-08
6.225e-07,43.57355144061014,0.3391419392441054,-175.03798121022393,-0.07608942013288915,44.19056154136607,0.34480871513286043,-175.59100527051697,-0.07514530873634441,34.34207445543638,1.361462952349419e-07,1.3697283151488297e-08
6.25e-07,37.9268392292797,0.3535686038838792,-183.85655027830535,-0.06774250936844003,38.033169546701785,0.3501328987984513,-181.21581788514425,-0.06759434888824116,14.853297382773674,1.3710217053166666e-07,1.4018537690253726e-08
6.275e-07,30.574300903749833,0.34720190880245383,-186.36439403412666,-0.05771082359228507,30.774243940135143,0.3483841769641791,-186.23367845109843,-0.05996518981706799,-5.306814906167634,1.38104865940551e-07,1.4351492628101298e-08
6.3e-07,23.056913052362436,0.3374555366138808,-191.2050335333123,-0.05240482054423605,22.360720878723903,0.33876248194054853,-190.64076251563728,-0.05231273020953774,-25.22707124656239,1.391485148937532e-07,1.467757944993141e-08
6.325e-07,13.105908316867614,0.32402008385585773,-193.73416174565483,-0.04713960953920183,12.749478472718085,0.320469585884098,-194.43748635832213,-0.044690656151040294,-44.007121416235,1.4022723202266393e-07,1.497679423837707e-08
6.350000000000001e-07,1.810268414509635,0.2916648810101343,-198.1958537131674,-0.038123307341215225,1.9849666464735565,0.29296559427681335,-197.62844588740373,-0.0371511306408645,-60.79814991533312,1.4133515196096775e-07,1.5229229159162362e-08
6.375e-07,-9.379623743162284,0.2544566507942597,-199.83757115192992,-0.030137386611969554,-9.733097958104226,0.25623764142518646,-200.22232200575118,-0.029744496141063673,-74.84124049391458,1.4246647124164464e-07,1.5417615377030494e-08
6.4e-07,-22.167242230419085,0.21279950733746658,-203.25542073400797,-0.02032771639939861,-22.007491134661752,0.2110249765665163,-202.23175340276813,-0.02251900418053064,-85.50167743816527,1.436154931497686e-07,1.5530507503310323e-08
6.425e-07,-33.6783926014172,0.15530019171911597,-202.3647749439824,-0.017388814779558736,-34.23776749319003,0.15895013744089947,-203.6731780047187,-0.015520575535078799,-92.29763327522353,1.4477667456745644e-07,1.5565243958241172e-08
6.45e-07,-45.43009938649248,0.10004038986713769,-205.3995117113106,-0.008214556010870108,-45.655562785803575,0.10252086316268709,-204.56664458062136,-0.008792585434316805,-94.92194627768751,1.4594467311067974e-07,1.552954117228749e-08
6.475e-07,-55.97449717661076,0.04417742406754338,-204.8496023217262,-0.0024225083694080648,-55.39785737201751,0.0449892095211996,-204.93559625203787,-0.0023756621672644447,-93.2560034741953,1.4711439235066396e-07,1.5440738246015404e-08
6.5e-07,-62.74901133912552,-0.007693361689379183,-204.93134918283766,0.006453694803954543,-62.60800139835928,-0.009920842792575118,-204.80662789054406,0.0036925148182609647,-87.3751016856122,1.4828102273660392e-07,1.532236456886024e-08
6.525e-07,-66.98754859935211,-0.05602759222237634,-202.45649440603057,0.009186037509434091,-66.54884986981638,-0.05838255942068747,-204.20921960434234,0.00937742960446373,-77.54504428020203,1.4944037284914367e-07,1.519867628466221e-08
6.55e-07,-65.79353262193843,-0.10185417121374356,-201.60677549936986,0.012428946311781909,-66.70959236989968,-0.09687981475344548,-203.17544871352524,0.014647964605313606,-64.2101274666946,1.5058945374880323e-07,1.5088710197709296e-08
6.575000000000001e-07,-62.61454585145804,-0.12537141889341977,-199.78642414111786,0.020417625103392137,-62.88830876257696,-0.12260299096326956,-201.73968279018575,0.01947665562247063,-47.973059117446574,1.5172418481509676e-07,1.500180313195243e-08
6.6e-07,-55.119821891792,-0.13532574812507378,-201.46697972775726,0.02531979367125003,-55.23588971502897,-0.1337671605365082,-199.9382564934121,0.023839959350874133,-29.567717745162316,1.5284077642738132e-07,1.4936165319270192e-08
6.625e-07,-44.125146469604225,-0.13339421773485965,-198.39223246663622,0.028859833489554915,-44.25311753933269,-0.12980399558475966,-197.80913505885712,0.027718518374789725,-9.82598286537503,1.5393576184622312e-07,1.4881056713813437e-08
6.65e-07,-30.71627879084765,-0.10846036589440809,-195.26447783937812,0.032823349738334506,-30.740342039791436,-0.11139884709384545,-195.39156740696578,0.031097403714566003,10.359864063211548,1.5500602874331278e-07,1.4821802393567963e-08
6.675e-07,-15.671293915872035,-0.0828420049479602,-192.79841488481802,0.03449981998851877,-15.706975424647164,-0.08036928189294319,-192.725731912202,0.033966313155836106,30.077468728664538,1.5604884797078536e-07,1.4745852946374498e-08
6.7e-07,-0.22610577246180688,-0.03972933498337447,-189.2072870050377,0.03474218083790827,-0.2546084845582257,-0.03940674152279912,-189.852377927066,0.036319705306714446,48.43564030301753,1.570618971445428e-07,1.4647785407391086e-08
6.725e-07,14.497600786280875,0.010514189130976466,-185.25839826818225,0.03536727527518274,14.548231370022524,0.008275506722528877,-186.81246617898466,0.03815685433694193,64.60463123818057,1.580432769800768e-07,1.4531658007299584e-08
6.75e-07,27.51565717062809,0.054555731588290704,-182.76635684824214,0.03844201901766942,27.780532561269652,0.05933103087195461,-183.64681115506372,0.03948181781371912,77.85363996553667,1.589917665921255e-07,1.4410213211348941e-08
6.775e-07,38.227500762443285,0.11119999834681653,-180.64835325418724,0.03963493040693156,38.755463780927016,0.11064442846675533,-180.39572855934918,0.04030331868450936,87.58384146258372,1.5990760563443578e-07,1.4301575393776776e-08
6.800000000000001e-07,46.96175441438548,0.1631780682448378,-176.12894608021978,0.0400826493942701,47.067283134141434,0.15961652995234515,-177.0986908699124,0.04063455078628892,93.3554527802474,1.6079017480560448e-07,1.4224838449445245e-08
6.825e-07,52.780812264565995,0.20366315161157428,-173.71708792610076,0.04170411021639218,52.59353579905168,0.20433191052900793,-173.7939939393633,0.04049292387838062,94.90761023066263,1.616391789680748e-07,1.4196046164362538e-08
6.85e-07,55.89660478852642,0.24000516750979353,-168.6264609428656,0.03863844330133639,55.45532603637819,0.24359219559372197,-170.51843747304412,0.039899768015221077,92.17015983179967,1.6245464509247185e-07,1.4225606706121437e-08
6.875e-07,55.85707586404267,0.2755095939959342,-168.00667564677553,0.039049455319782,55.94554977791838,0.2768231758866883,-167.30702208521248,0.03888001752852027,85.26682810769013,1.6323691779518605e-07,1.4317450479335597e-08
6.900000000000001e-07,54.58063707152866,0.2994022068748371,-164.0790678251721,0.03602824073735741,54.440181400912735,0.303886215188031,-164.19266547619605,0.03746189202654716,74.5096299313026,1.6398665074424775e-07,1.446958398836352e-08
6.925e-07,51.380621256704956,0.32155671635049765,-160.7018255966333,0.032378049566111594,51.31011533300678,0.32484082405453324,-161.2059400942279,0.035676586279325004,60.384766162837224,1.6470479269598154e-07,1.4675342258423587e-08
6.95e-07,47.18216703867718,0.33915536235505617,-157.67472532068044,0.03299708262406548,46.850267689384125,0.33971269024874046,-158.37483444608705,0.03355797374937874,43.53064847807,1.6539256765359534e-07,1.492464658908873e-08
6.975e-07,41.13733382626728,0.34433615754615865,-155.6181942967758,0.03166333144980025,41.23881887322514,0.34831863368067584,-155.7245400025647,0.03114232120858919,24.709044614461412,1.6605144947317637e-07,1.5204834738074278e-08
7e-07,34.25785644819694,0.34923442597101095,-154.4265035336652,0.028617617793329865,34.53334195829955,0.3501874789326703,-153.2772654101273,0.028468005717561102,4.77064820419874,1.6668313202867507e-07,1.5500993155138884e-08
7.025e-07,26.294802346736162,0.34655757995181224,-153.0148684322279,0.026030646657217948,26.703244365683346,0.3445960455443159,-151.05207947105623,0.025575221361410324,-15.38337064069552,1.6728949664105683e-07,1.5796051070336313e-08
7.05e-07,18.825097102239713,0.3398478689161029,-148.67313623116627,0.022864838231667125,17.69079252487106,0.33071600281377506,-149.06478409304913,0.02250566223141237,-34.84209616518659,1.6787257876920374e-07,1.6071102891139834e-08
7.075e-07,7.758613744913698,0.30429673205878455,-146.80189081858282,0.021202147531680673,7.487300461583729,0.3078445441811462,-147.32781813810718,0.019302170370538704,-52.72603828893414,1.6843453589792678e-07,1.6306448014948925e-08
7.1e-07,-3.991000278326764,0.27482764083168093,-144.09239053377016,0.017924391861170293,-3.792113370582107,0.27567391472729097,-145.85019282193144,0.01600834235893536,-68.22688355505505,1.6897761815310693e-07,1.6483638915757972e-08
7.125000000000001e-07,-16.974536107607648,0.23343637037725856,-144.66991375788925,0.012889480626866777,-15.851872317568139,0.23454511022006924,-144.63745903149302,0.0126680950164096,-80.64402905760399,1.6950414249994803e-07,1.6588421100217757e-08
7.15e-07,-27.704310095902326,0.18633327136194813,-144.1421170746948,0.008368349302460974,-28.19100822715212,0.18563141923087467,-143.6917066424611,0.009325198126858801,-89.41624809743573,1.7001647056159615e-07,1.661393479165077e-08
7.175e-07,-40.302187136470764,0.1362204309086835,-143.54965369772017,0.010978780352995453,-40.11792029822282,0.13100794993251086,-143.01159563230584,0.006022788805304279,-94.14705635092957,1.705169892832407e-07,1.6563131177190544e-08
7.2e-07,-50.44148503008861,0.07498650356644648,-142.42386212368285,0.0034316538678999583,-50.80556821926949,0.0735820923411572,-142.59241850169104,0.0028028869001487963,-94.62263205849953,1.7100809301257189e-07,1.6449277391595444e-08
7.225e-07,-58.72330437948546,0.02314856996497434,-146.16011115673166,0.0006032689873705562,-59.380326772079144,0.016883723880340363,-142.42619323874243,-0.00029406725546247145,-90.82148028119224,1.7149216519514313e-07,1.6293838906040956e-08
7.25e-07,-64.78005141791661,-0.03294538648594767,-141.59398365032348,-0.00036969678399538086,-65.03128495006013,-0.035261347973324454,-142.50178579038388,-0.003229632773463193,-82.91540442297686,1.719715578669864e-07,1.6121881071985428e-08
7.275e-07,-67.29685220098617,-0.07294817936646321,-141.9941419833652,-0.005688132155881196,-67.12257053754051,-0.07913009271910733,-142.80506074458611,-0.005967730297400377,-71.26174110813436,1.724496224356162e-07,1.5956125873156586e-08
7.3e-07,-65.22377135075556,-0.11246721558000072,-143.54202769901642,-0.005406541700622258,-65.29009688875304,-0.11151473349757036,-143.31905867934046,-0.008474937545572553,-56.38720937960295,1.7292882358582595e-07,1.581149831371751e-08
7.325e-07,-60.19187593319701,-0.12940100548759703,-143.51083425662188,-0.011966563519319304,-59.50620308855298,-0.13008669936669137,-144.02419840068674,-0.010720717649183524,-38.96410419773341,1.73410906387861e-07,1.5692028871580602e-08
7.350000000000001e-07,-50.595028976815335,-0.12669914036706922,-148.33064746174915,-0.014836743814240036,-50.10065306156806,-0.13365646325823313,-144.89850207519774,-0.012677587481466098,-19.779910239099507,1.7389739410576393e-07,1.5591245113388607e-08
7.375e-07,-38.066072227381675,-0.1247826136168703,-142.81523656400833,-0.01360796568266582,-37.733514440592124,-0.12228988853717025,-145.91784106390006,-0.01432123947727043,0.2982906175423442,1.7438958443413545e-07,1.5495942901469683e-08
7.4e-07,-23.745283462901263,-0.09520200799933315,-149.74671057841505,-0.014909117272184857,-23.323326692746225,-0.0972646390384514,-147.05620008640963,-0.015630634083781236,20.36300941756799,1.7488854973592917e-07,1.5391988173201346e-08
7.425e-07,-8.271136074938813,-0.0620053268189715,-148.8831371300713,-0.017924985866424995,-7.941312258606695,-0.060875882258809084,-148.28595718763248,-0.01658808032947766,39.50736656461103,1.7539513903685056e-07,1.527009360785616e-08
7.450000000000001e-07,7.224642520458657,-0.017755930194491034,-147.9821188262675,-0.01804601881645815,7.312099211839309,-0.016124475401109492,-149.5781768461196,-0.017179319003794085,56.86608071308022,1.7590997965767322e-07,1.512963056202097e-08
7.475e-07,20.843204676157406,0.03120443381310651,-151.19892190382248,-0.019796742868431874,21.42943606175649,0.033661078979317506,-150.90291345416477,-0.017393617156028527,71.65457751447083,1.7643347684813365e-07,1.4979389499813787e-08
7.5e-07,33.321273587289085,0.08912842700177409,-152.20727890768694,-0.01811592430836617,33.59857126380848,0.08520849022957006,-152.22952231600104,-0.01722387510157746,83.20445059121231,1.7696681761666833e-07,1.4835385297787397e-08
7.525e-07,43.72284120192468,0.13104491526492543,-153.74686624170388,-0.01763813314626096,43.27054080384923,0.1356322775321419,-153.5269752526216,-0.0166667392381075,90.99367198276767,1.7751048073978936e-07,1.471680187711303e-08
7.55e-07,50.34063885102869,0.1815552239332036,-155.2006271231803,-0.016422404270874276,50.18416734957674,0.18266350935711712,-154.76417787035533,-0.015722707166910047,94.67018662063633,1.780641340726064e-07,1.4641608012273807e-08
7.575000000000001e-07,53.69673242927015,0.22027176860060166,-155.7784235188997,-0.016011711376759982,54.34640992054492,0.2247505470672084,-155.91028554557155,-0.014396207147692994,94.06782441571505,1.7862712946211764e-07,1.4623171576925987e-08
7.6e-07,55.486295940032015,0.2627902783981857,-156.90435384901363,-0.013710836117778218,55.97495022099615,0.26102656227988963,-156.93501519977937,-0.012695632645443804,89.21381076790662,1.7919851726703398e-07,1.4668557490592961e-08
7.625e-07,55.61569731121347,0.2905819938403894,-156.54173832524168,-0.010559634331377453,55.41581696200426,0.2911636380327723,-157.80894998769833,-0.010633314944063986,80.3275360400444,1.7977706316638827e-07,1.477846136650631e-08
7.65e-07,52.21973050454419,0.31527382288915345,-157.75827003053234,-0.009189333710710295,53.05273720670023,0.3151531302913092,-158.5038340951142,-0.008225422173672696,67.81063961310988,1.803612654847255e-07,1.494821032633804e-08
7.675000000000001e-07,48.57886423355347,0.3294429925160518,-161.930633294287,-0.0053095268753807,49.225719554508366,0.33306412615498665,-158.992854942801,-0.005491780731156878,52.22885670086496,1.8094937183810023e-07,1.5169095042399335e-08
7.7e-07,44.74402707610315,0.34515884793073165,-160.25246733689355,-0.003071842070815241,44.17400198374995,0.34483416086243907,-159.25091021656397,-0.0024556236600366344,34.28644840654318,1.8153939466158802e-07,1.5429447711352122e-08
7.725e-07,37.55210030709571,0.35524424694072,-159.47410996240833,-0.0024877872117527646,38.01339401125645,0.35013850348389025,-159.25485729036149,0.0008567213888356936,14.794370724791644,1.8212912596780156e-07,1.5715211468652742e-08
7.75e-07,31.01322244959411,0.3514315939513078,-157.63390159168947,0.0025534980482380377,30.75115449187412,0.34836778887156356,-158.98374277818186,0.004416185868827145,-5.366378822492677,1.8271615235479053e-07,1.6010107113875513e-08
7.775e-07,22.607242222532523,0.3401907607577487,-158.5884601549807,0.008491959473147102,22.334137611774207,0.3387216286012594,-158.4190101392913,0.008191333841799847,-25.284580267858786,1.832978717016252e-07,1.6295780281500354e-08
7.8e-07,12.704264477621956,0.31924666090383774,-156.4561871761618,0.012543420240670821,12.719366339252918,0.3204021601940237,-157.5446834689414,0.012148733791239295,-44.05997626570354,1.8387151307833154e-07,1.6552432826544604e-08
7.825e-07,1.3660384854049274,0.29231498792604976,-154.26266361413198,0.010459902559441337,1.9516580718723349,0.29287065642877314,-156.34752583070306,0.01625331109764238,-60.84396167414432,1.8443416113254988e-07,1.676035660616039e-08
7.85e-07,-10.136163147742794,0.2530195933441502,-155.20776077205394,0.01970303173660233,-9.768734244437193,0.2561161741084289,-154.8171707252596,0.020468670116522873,-74.87793857489875,1.8498278564259072e-07,1.6902478493882884e-08
7.875e-07,-21.805049758533244,0.20829654431555125,-154.99678858530314,0.023876702065779937,-22.043975547433842,0.21088043190215638,-152.946225541559,0.024757382967410427,-85.52760317163344,1.8551427614722047e-07,1.6967545187917476e-08
7.900000000000001e-07,-34.42617145289546,0.16384724811132206,-151.3333672386198,0.030205172492146177,-34.27305303236494,0.15878864523013567,-150.73034609742126,0.029081250462297495,-92.31161487706349,1.860254807175358e-07,1.6953080935281712e-08
7.925e-07,-45.95760411639461,0.09889974302012228,-149.70241746885148,0.035725826441302906,-45.68719869586416,0.10235102592171176,-148.16828164564822,0.03340154765177433,-94.9233518113367,1.8651324718058366e-07,1.6866975842345666e-08
7.95e-07,-55.141402818517925,0.04299613160236979,-147.8047685967868,0.03788890525021551,-55.42325290626558,0.04482148068111743,-145.26188999595038,0.037679271100253084,-93.24476941273342,1.8697446457883456e-07,1.6726722618306505e-08
7.975e-07,-62.49510336228282,-0.010196417259552476,-140.35260494476458,0.040254560209705616,-62.62475041902876,-0.010075127771158454,-142.01612268011215,0.041875406571066594,-87.35173578303427,1.8740610245558424e-07,1.655597680346526e-08
8e-07,-67.60769499856414,-0.05901187855932406,-140.6941668427314,0.04567888545476164,-66.55506452181878,-0.05851236649389519,-138.43898036523618,0.04595123429526994,-77.51060262209329,1.8780554716748198e-07,1.6379089356017258e-08
8.025e-07,-66.76647266569364,-0.09380067401077267,-133.58503731074666,0.05332956862443978,-66.70419054257935,-0.09697563585263823,-134.54143899515498,0.049868685053886995,-64.16616673756653,1.8817117409301792e-07,1.6215162294777463e-08
8.05e-07,-62.022335965262485,-0.12547712880438827,-129.99245306387178,0.05492040601826436,-62.871206215620745,-0.1226579245751748,-130.3373474106588,0.05359075509829785,-47.92156624214592,1.8850007295102048e-07,1.6073575512330448e-08
8.075e-07,-56.14698570618254,-0.13015414862645072,-125.53197171250568,0.056573781685229516,-55.20806258511864,-0.1337776831293243,-125.84329746263873,0.05708198294551183,-29.51102008438694,1.8878943172229653e-07,1.5952571131397345e-08
8.1e-07,-44.56652200302942,-0.1250480459548458,-117.46935645658128,0.0638464978875488,-44.216521910019395,-0.12977030687992092,-121.07846788618212,0.06030898772827493,-9.766643024274357,1.8903657654254435e-07,1.5841440561387627e-08
8.125000000000001e-07,-31.25904217583145,-0.11069073919783039,-116.6977412335036,0.06353484918212833,-30.697700700363747,-0.11132474032792286,-116.06444344580957,0.06324106796391336,10.419164058955753,1.8923901284466566e-07,1.5725546682580897e-08
8.15e-07,-15.125636862241493,-0.07922112132082498,-112.01678960825292,0.06135475358489643,-15.661463769240166,-0.08026156651042664,-110.82501109020563,0.0658508612235966,30.13404865428721,1.893944652020621e-07,1.5592384923725992e-08
8.175e-07,-0.42789268793337587,-0.03675407595886514,-107.81482758148604,0.0679615893955915,-0.20948789563632442,-0.03927431693969452,-105.38593506690562,0.06811506756472976,48.486942874728854,1.895009132981556e-07,1.5436579144061722e-08
8.2e-07,14.78738957041293,0.010123303653499505,-99.02683501640678,0.06972543568018764,14.589976205609414,0.008422773871078905,-99.77471314157623,0.07001523903595737,64.64833769657184,1.8955662180262146e-07,1.5262228137756854e-08
8.225000000000001e-07,27.356775493882335,0.058959562131872284,-94.25337539985172,0.07120603726242196,27.816497530838824,0.05948344646277406,-94.02031624094933,0.07153862814037971,77.8877748782221,1.8956041460631508e-07,1.508210078748615e-08
8.25e-07,38.33222834773541,0.11002852906517005,-90.11798564676172,0.07694601148407154,38.78402648011013,0.11079345207310431,-88.15291399163817,0.07267906215057023,87.60686200924417,1.8951245922285011e-07,1.491432919345245e-08
8.275e-07,47.29640763224961,0.16398003123600008,-81.88176452264838,0.07561489086209738,47.087675636326026,0.15975545606855834,-82.20358875752453,0.07343776002862243,93.36631848459876,1.8941197597834803e-07,1.4777996368736898e-08
8.3e-07,52.13336692117517,0.20478660474421628,-74.45734379371447,0.07262622428196502,52.60578587111127,0.2044561662761052,-76.20404088503918,0.07382393120591571,94.90582998761295,1.8925843361925347e-07,1.4689120680688003e-08
8.325e-07,55.55914093291068,0.23705367712564832,-70.20492309389957,0.0776377566602593,55.46008616926863,0.24369924240999002,-70.18628794744674,0.0738548990753885,92.15581410428081,1.8905156399447213e-07,1.4658076449210711e-08
8.35e-07,55.66727305666175,0.2820444241563699,-64.15370602615391,0.07472085848706078,55.943852095688065,0.27691207416365027,-64.18236083548096,0.0735554062394551,85.2405652899158,1.887913744159784e-07,1.4688757733952128e-08
8.375e-07,54.88672605493634,0.3037808938274502,-58.28893451887073,0.0736284243465152,54.433168063740084,0.3039569698589039,-58.22399957184558,0.07295574043873516,74.47263704282862,1.8847815579341172e-07,1.4779136389143716e-08
8.4e-07,50.99999924699592,0.3210482706907712,-51.16353646589473,0.07303272072991324,51.29879647083254,0.32489366527912716,-52.3423517308875,0.07208844764785617,60.338715197978914,1.881124851304176e-07,1.492251643853358e-08
8.425e-07,46.26523593610893,0.34293033698694664,-48.519044895373064,0.07156825273109282,46.83535184836102,0.33974745024260133,-46.567676322183296,0.07098373780803259,43.477620835566654,1.8769522170525503e-07,1.5108791997217894e-08
8.450000000000001e-07,41.054034559830455,0.35158938056274863,-41.10050546167759,0.07013739155113229,41.22064578494254,0.3483343573855874,-40.92905594798535,0.06966422943774615,24.65143702299299,1.8722749709975453e-07,1.5325276823996316e-08
8.475e-07,33.95615217722591,0.3527516873265023,-35.91573865508603,0.06700360595195413,34.51192696348457,0.3501823570727571,-35.45411996994696,0.06814026984167301,4.711064395711032,1.8671070003512424e-07,1.555703619213334e-08
8.5e-07,26.589991844346425,0.348376073643359,-29.520148255012902,0.0646539781899448,26.6784217991822,0.3445676927754416,-30.16878132089694,0.06640740663231837,-15.44223761374778,1.8614645757603812e-07,1.578698170134793e-08
8.525e-07,18.27723835886027,0.333135834268839,-26.641864273324224,0.06643425267294131,17.66242582751215,0.330662033292909,-25.09698947361573,0.06444734504916459,-34.89758564968058,1.8553661456725127e-07,1.599619584032493e-08
8.55e-07,7.580435908855279,0.3087472946099721,-20.556790252755885,0.06357609583595925,7.455513303669789,0.30776333493044383,-20.260501931613582,0.06223278504832541,-52.77564228653808,1.8488321311630838e-07,1.6164975150107114e-08
8.575e-07,-2.602813527573952,0.27897484320851607,-15.840215438617069,0.06012499282772109,-3.8267356100223227,0.27556540511579486,-15.678676438214964,0.05973518117757508,-68.2683600780392,1.8418847354331836e-07,1.627488192313869e-08
8.6e-07,-15.775341777029654,0.23101776520878356,-9.676768979192333,0.055318101943995536,-15.888156835332872,0.23441147163432424,-11.368285911281006,0.05693334388254445,-80.67550346158325,1.8345477755871933e-07,1.631168659238693e-08
8.625e-07,-27.37501739479064,0.1926252276532741,-8.763657764354003,0.05286438136731366,-28.227177726946362,0.18547744545421394,-7.343357903366012,0.053820512928795125,-89.43629781102784,1.8268465362642931e-07,1.6268569173593745e-08
8.65e-07,-40.26044121173394,0.1317148047873339,-4.0466822415270425,0.051364362875754355,-40.151697865856775,0.13084106326643294,-3.6150401628764968,0.050408228791864025,-94.15477517273959,1.8188076367393933e-07,1.6148531752043662e-08
8.675000000000001e-07,-50.486863324373026,0.07551551620469771,-1.5835960287558295,0.047489072012856015,-50.83439501440633,0.07341192536881913,-0.19149363288152443,0.046726580287496905,-94.61767111535933,1.810458896738711e-07,1.596489664929135e-08
8.7e-07,-59.81838882148596,0.020882388599014402,2.7514890542434967,0.039211665988224585,-59.40166218059067,0.016721310569582804,2.922186027219581,0.042821546664278835,-90.80406379643426,1.8018291826702662e-07,1.5739180898775732e-08
8.725e-07,-65.37193890722322,-0.03740767781228006,8.114205515041748,0.04056211869271125,-65.04294265201113,-0.03540466850185493,5.7240175736899985,0.03875072543831162,-82.88631958204928,1.7934813625962737e-07,1.5499678051968234e-08
8.75e-07,-66.96482438494584,-0.07183465569840121,5.651546483690442,0.037968906271543895,-67.1230357554364,-0.07924390340072979,8.215153410243836,0.03457870552766023,-71.22230247961284,1.7854318532969947e-07,1.5268960441618477e-08
8.775000000000001e-07,-65.03625077601778,-0.10969053369267817,11.766273209376614,0.03127842665390695,-65.27877143293362,-0.11159071429390069,10.399868640887782,0.030372955990669397,-56.33919949968269,1.7776546483749956e-07,1.506159160729232e-08
8.8e-07,-59.69949678280514,-0.13075074044158214,14.1933899966983,0.026069916270451812,-59.483535560743334,-0.130119571026415,12.285519943177412,0.026200640106566097,-38.90969300365268,1.7701187735284947e-07,1.4881253001043985e-08
8.825e-07,-50.547389272318725,-0.13397331853443178,13.030697092307513,0.020684843730213707,-50.06812989083266,-0.1336445557345882,13.882474539853398,0.022126407822372518,-19.721556992921844,1.762793725810244e-07,1.4721149252468278e-08
8.85e-07,-37.15842411151045,-0.11675887631175821,20.04229423310878,0.01697050705995158,-37.69351013489076,-0.12223524941848296,15.204009823401485,0.018211016061870304,0.3579484819775145,1.7556499164832144e-07,1.4567790519498104e-08
8.875e-07,-23.66197583129721,-0.09942896364094334,13.96800982855227,0.015127142144934042,-23.278834832760428,-0.09717267120146099,16.266184460129466,0.014510551076531753,20.42127550064775,1.7486591199373892e-07,1.4406799789993259e-08
8.900000000000001e-07,-7.726201218547146,-0.06455976691145202,16.79113132665339,0.011549108144648317,-7.895598292970478,-0.06075457534830604,17.087682065420942,0.0110760324496346,39.56160737207077,1.7417949021102062e-07,1.4228688505273635e-08
8.925e-07,7.555652576595498,-0.01519845784309847,19.499400127432274,0.007309080875492799,7.355869800011575,-0.015983359592899225,17.68962879750088,0.007953222917968033,56.91384468394299,1.7350330034717339e-07,1.4032662435459457e-08
8.95e-07,20.85902839521736,0.032901342449786326,17.68441601079222,0.0049775022576682626,21.468537328097494,0.03381208718018631,18.095386461018574,0.005182524421725129,71.69370582602777,1.7283516568522863e-07,1.3827374272346848e-08
8.975e-07,33.237960184358336,0.08031532253908252,17.415270151405245,0.0014425015159219559,33.63097364362491,0.08536016867101358,18.33032294180004,0.002798893883192461,83.23317473288797,1.7217419442953258e-07,1.3628722762677128e-08
9.000000000000001e-07,42.727294310783485,0.14061377835652766,19.659034105818407,0.002076628691796269,43.29504972524027,0.13577694367904572,18.421562008153327,0.0008317554930632757,91.0106936887722,1.7151929843664253e-07,1.3455795057209994e-08
9.025e-07,49.60395351469317,0.1798635565975148,18.409500252119038,-0.0005726605441255302,50.20042897377593,0.1827955153496866,18.397714710165943,-0.00069508254264129,94.6747365486212,1.708691208651085e-07,1.3326484417021629e-08
9.05e-07,53.846689411486096,0.2299380941396985,20.151718640797963,-0.001828974046597539,54.35479237491932,0.22486637577480081,18.288594784745342,-0.0017634800720169042,94.0596969192971,1.7022253845275935e-07,1.325410912718537e-08
9.075e-07,55.736438315329856,0.26595523905134105,17.825088456475978,-0.002972031453885456,55.976329780731476,0.2611245484686694,18.124920629056874,-0.0023609521815708724,89.19337319141529,1.6957868210255157e-07,1.3245715673169405e-08
9.1e-07,55.083010088928916,0.2919712073552034,18.194690059151707,-0.0006983064487120912,55.41131409008261,0.2912434055055628,17.93800653714547,-0.0024805613558552533,80.29571211539458,1.68936954159735e-07,1.3302016216098211e-08
9.125e-07,52.56660007385301,0.31200591576452025,20.162645948347613,-0.002114781125088272,53.04345448547485,0.31521488450338525,17.759446002591027,-0.002120696618681261,67.76886770922218,1.682970406029645e-07,1.3418390800999757e-08
9.15e-07,49.09294874600732,0.33141176169272685,19.28036740842168,-0.001898493527307753,49.21253114576497,0.3331079637609125,17.62078997309358,-0.001284739677270123,52.17902481266975,1.676589170003099e-07,1.3586218393527196e-08
9.175e-07,43.914084099670724,0.3453878385460152,16.915991254633408,-0.003253953537127808,44.15743285901537,0.3448595491582421,17.55322300007866,1.9361338118530004e-05,34.23080882190378,1.6702284788869254e-07,1.3793952247811502e-08
9.2e-07,37.480815706479596,0.35508169604932194,16.04080313617626,0.00014737563186794397,37.99360893586308,0.3501440455404334,17.587240257226956,0.0017795703302415328,14.735438226225682,1.6638938007384925e-07,1.4027686213059462e-08
9.225000000000001e-07,30.691442136646724,0.3475071336832842,17.382756622782356,0.0012950465012905137,30.7280549885017,0.3483513312601895,17.752328405924498,0.0039802381920707305,-5.425940620258369,1.6575933106487524e-07,1.4271318847937752e-08
9.25e-07,22.123329781788758,0.3385795166934134,16.824253133696004,0.005004539215711676,22.307543857756936,0.3386806988726917,18.076653262908717,0.006602509603774713,-25.342079307202678,1.6513377432332402e-07,1.4506699110154078e-08
9.275e-07,12.091146099368911,0.32014189233411156,19.15212727723316,0.009676556295381708,12.68924405810912,0.32033465353635515,18.586757176056373,0.00962459599089659,-44.11281372099122,1.6451402313890304e-07,1.4714257480368259e-08
9.3e-07,2.2309172406094264,0.29573248192346513,22.082871574939716,0.015067600546118172,1.9183410604541171,0.2927756377051391,19.30726893861091,0.013021856587293134,-60.88974941272355,1.6390161472067878e-07,1.4874540136114078e-08
9.325000000000001e-07,-10.273677305558069,0.25167959249425476,18.12315272290536,0.016197743634919912,-9.80437551027773,0.2559946326659772,20.26062897093896,0.01676664625307926,-74.9146070952582,1.6329829555846375e-07,1.4970753821341643e-08
9.35e-07,-22.051574072353848,0.20828751308096152,21.713545179249525,0.02113700394813707,-22.080459683932634,0.21073582767084104,21.466832372871195,0.02082791515907585,-85.55349514015809,1.627060083652548e-07,1.4991948457584562e-08
9.375e-07,-34.35993470616989,0.1571242377514988,20.102420195717382,0.024610190938194103,-34.30833155151909,0.15862711582174052,22.94319229998665,0.025170582532997088,-92.32556003573981,1.6212688009899345e-07,1.4935969386510983e-08
9.4e-07,-45.80762933932744,0.10169620748587586,26.77212677799224,0.0248620864886605,-45.71882000014877,0.10218118039729479,24.704125945086105,0.029754754450575568,-94.92471987074983,1.6156320983514004e-07,1.4811036694508063e-08
9.425e-07,-55.565838239938984,0.04199246779493381,24.499660462025595,0.031897443407027895,-55.44862629821876,0.0446537765859786,26.760965213077625,0.03453491134774025,-93.23349853971341,1.6101745476113422e-07,1.463497072947171e-08
9.450000000000001e-07,-62.66247651913111,-0.01690583278310946,27.85877656686011,0.03984908758484572,-62.64147080833132,-0.010229354147166199,29.1217939652524,0.039459246143190796,-87.32833539537445,1.6049221239075415e-07,1.4431741450251778e-08
9.475e-07,-66.76008160242579,-0.0523069802448365,30.512465403120345,0.0427092862463206,-66.56124604335993,-0.05864208394810602,31.791313479292633,0.04446937280167015,-77.47613036402613,1.5999050333813848e-07,1.422599350347529e-08
9.5e-07,-67.14993491061452,-0.0950129120024826,33.44403191891469,0.05126763266132137,-66.6987538038776,-0.09707134266507249,34.770737526366204,0.049500626011930185,-64.122180676653,1.5951627023000887e-07,1.4037099861405757e-08
9.525e-07,-62.59851869580184,-0.12624221806789124,37.42248348288959,0.05548773600905957,-62.85407008167033,-0.12271272839065792,38.05771820844725,0.05448311423722833,-47.87005444816985,1.5907205939506783e-07,1.3874692268347821e-08
9.55e-07,-55.475410595538705,-0.12979044485361266,40.91288430766545,0.05954762015828924,-55.18020627167133,-0.13378807125556413,41.64630342984888,0.05934356211954428,-29.454310773128196,1.5866034161484108e-07,1.3737252697836756e-08
9.575e-07,-43.48013580634511,-0.1319144346652839,45.86846427510522,0.06325750991248419,-44.17990413526336,-0.1297364901799099,45.526926599224005,0.06400780073091127,-9.707299327457694,1.5828349495759572e-07,1.3614307274029276e-08
9.600000000000001e-07,-31.1022297538036,-0.10015720121546472,48.04417830760499,0.06734597930651016,-30.655046089550673,-0.11125052207247939,49.68642887443279,0.06840358219937091,10.478459941377654,1.5794379045845198e-07,1.3491451392526251e-08
9.625e-07,-15.214867954310305,-0.07831468862582934,56.58254016845016,0.06952878322387694,-15.615948521548777,-0.08015376385726021,54.10811397520113,0.07246327419907399,30.19061668346342,1.576433786113649e-07,1.3356407719956134e-08
9.65e-07,0.3859877401309857,-0.037033518809080714,58.485158862905976,0.07603516056396323,-0.16437309459009342,-0.03914183386970948,58.77183529995598,0.07612598586238838,48.538226304563004,1.5738427459535925e-07,1.3204013372476448e-08
9.675e-07,14.635126070358137,0.0130507321382415,63.36283274592342,0.08023606728840182,14.631707180116301,0.008570069624097237,63.65411479614386,0.07933880534903431,64.69201863282422,1.571683404911394e-07,1.3038554691411004e-08
9.7e-07,27.442123838577277,0.058757083766793713,68.47156419997134,0.08229353681733735,27.852442635165776,0.05963586291754473,68.72829275031475,0.0820570510729059,77.92187904204677,1.569975197964614e-07,1.2872951224876158e-08
9.725e-07,38.6058335950654,0.10805182441513185,73.82493828023875,0.0852544485029459,38.81256578965476,0.11094245347546036,73.96470738774983,0.0842436745049621,87.62984797010266,1.5687456856525786e-07,1.2725441252861733e-08
9.75e-07,47.40165725164016,0.15771859556078244,79.42231279323462,0.08515904062225883,47.10804372011709,0.15989434306372352,79.33090290391759,0.08586812226544538,93.37714732940621,1.5680074146016414e-07,1.2615166760825447e-08
9.775e-07,52.33962244674215,0.20624822785820068,83.66778603635387,0.0868586537057282,52.618012637617674,0.20458037241745405,84.79186429393418,0.08690502402267486,94.9040122772446,1.5677695224262937e-07,1.2558159422985435e-08
9.8e-07,55.04036844968421,0.24998287832860547,89.48226969667405,0.0885697104449461,55.46482561467127,0.24380623472657187,90.31027710375176,0.08733302488467894,92.14143199510585,1.5680376229429224e-07,1.2564765079515325e-08
9.825000000000001e-07,56.18746976725574,0.27953900832351347,94.99080656621398,0.08687488419822176,55.94213706408645,0.27700091694632556,95.8468100001984,0.08713396717943586,85.21426882051597,1.5688137204917692e-07,1.2638811550303385e-08
9.85e-07,54.32273656698065,0.3063054143995851,100.46632548329443,0.08385646300263662,54.426140656071915,0.3040276698171812,101.36041784823757,0.0862924975368758,74.43561475373612,1.5700961364502125e-07,1.2778169323185856e-08
9.875e-07,51.47178702951648,0.3269522949149254,106.84726261569527,0.08457464816850897,51.287466131938274,0.32494645227757074,106.80866279481964,0.0847960696262649,60.29264041234986,1.5718794354681485e-07,1.2976006690159613e-08
9.9e-07,46.79432461215121,0.34084727041350826,113.30288486300879,0.08064031848271845,46.82042608053466,0.339782154638486,112.14805069111901,0.08263524816522008,43.424576028785346,1.5741543458104207e-07,1.3222047026536483e-08
9.925e-07,42.226363074535534,0.3505529993941782,120.02101899961744,0.08019122412677716,41.202463243645056,0.34835002155316697,117.33438004034535,0.07980419501002457,24.5938196995283,1.5769076760981627e-07,1.3503397292708874e-08
9.95e-07,34.833230978853734,0.35455963313375394,123.82585225196807,0.07527711638793613,34.490502202236094,0.35017716948203875,122.32310053797204,0.07630122246037803,4.651478727370384,1.5801222381654978e-07,1.3804879519930245e-08
9.975e-07,26.537801119286282,0.3440479132576818,127.84589556872851,0.07340751451191446,26.653588907207443,0.3445392671248075,127.06967817625215,0.07212931952968202,-15.501098490449854,1.583776791252307e-07,1.4109126722457366e-08
1e-06,17.940128431357635,0.3312629396262173,133.18009095304896,0.06904632088020499,17.63404867551332,0.33060798482034814,131.52996381616188,0.06729658357295945,-34.95306135716105,1.5878460252572282e-07,1.4396910396784133e-08
1.0025e-06,7.408833668261515,0.30801372412369027,139.15333776326204,0.062206646406909705,7.423716654469835,0.3076820441199312,135.66056208809243,0.06181651597189823,-52.82522544915256,1.592300599750473e-07,1.4648188194756282e-08
1.0050000000000001e-06,-3.6395793177787263,0.27548358432960857,139.34861332559305,0.05545688539612221,-3.8613647824351496,0.2754568170366288,139.4191974680757,0.055708163496506785,-68.3098096497564,1.5971072510156465e-07,1.4844160770285408e-08
1.0075e-06,-15.357729620073162,0.23244128356146304,143.022032856718,0.04899281804780032,-15.924443910855167,0.2342777649890677,142.76507438930088,0.048996105467265974,-80.70694601615246,1.6022289723042763e-07,1.4970218499511506e-08
1.01e-06,-28.788962924694598,0.18851262243271644,144.05232500562605,0.0445498297948798,-28.2633437213184,0.1853234219487258,145.65922828904186,0.04171030079824151,-89.45631221658667,1.6076252639913531e-07,1.501914492649773e-08
1.0125e-06,-39.97926001613401,0.13002932333453587,151.4896202550967,0.03391211217491068,-40.185464663208656,0.1306741525027202,148.06486455858035,0.033885818493830634,-94.16245682373543,1.6132524419311217e-07,1.4993528065441756e-08
1.015e-06,-50.12314958075627,0.07106822485058481,150.18110481586297,0.02190731535688975,-50.86320335644133,0.07324176537209624,149.94768245772164,0.025562480253577307,-94.61267281866103,1.61906398554417e-07,1.4906254638374877e-08
1.0175e-06,-60.232150156133144,0.014530067334318433,150.81016300414925,0.01734899661788807,-59.422971999548814,0.01655893786504835,151.27618117527953,0.016784444575544823,-90.78661146366994,1.6250109032594152e-07,1.477837981609916e-08
1.02e-06,-65.33425655242827,-0.031170303925928258,153.1201268993395,0.004416768562253608,-65.05456916538171,-0.035547915747471306,152.0219453614276,0.007599758373129366,-82.85720201891638,1.6310420926282055e-07,1.4634520031654391e-08
1.0225e-06,-66.70841668065432,-0.0789941557229719,151.23327641124268,-0.0012241735520621285,-67.12346657664509,-0.07935761270520326,152.15990762585994,-0.0019401048166466806,-71.18283573365422,1.637115311144662e-07,1.4496910321926254e-08
1.025e-06,-65.11917397772041,-0.1094323450298845,150.96230743630449,-0.01218294805218338,-65.26741133327029,-0.1116665733956815,151.66858568583314,-0.01178071052003706,-56.29116737793872,1.643178624693974e-07,1.4379963003000518e-08
1.0275000000000001e-06,-58.91007615398579,-0.13233087127893442,150.74512441273527,-0.023508306881756924,-59.4608362877137,-0.13015231072206124,150.5302920587279,-0.021865134316569182,-38.85526644864258,1.649172954454333e-07,1.4287191918951757e-08
1.03e-06,-50.17858073453559,-0.13059243088581957,146.68907569450343,-0.031990101719476055,-50.03558077951386,-0.13363251702792062,148.7313144229814,-0.03213445031644704,-19.66319596098647,1.6550375431912343e-07,1.4211629079199827e-08
1.0325e-06,-37.55189277660571,-0.12194717179952903,145.25839613938277,-0.03913943564586315,-37.65348796516929,-0.12218049054080879,146.26206501709208,-0.04252825833084541,0.41760620510029295,1.660710496474895e-07,1.4139616197751604e-08
1.035e-06,-23.866848649770073,-0.09949998015098763,144.68991721301663,-0.054296314667161935,-23.23433452394441,-0.09708060393914691,143.11719770678692,-0.05298527651094652,20.479533521731344,1.6661293522049653e-07,1.4056615910108387e-08
1.0375e-06,-7.434021850888554,-0.058761391542564385,136.37141400043248,-0.06336595792513616,-7.849885543564268,-0.060633195492146345,139.29569162308576,-0.06344402630945359,39.615832561233226,1.671231651429409e-07,1.3952985120537106e-08
1.04e-06,8.046909590291259,-0.01842809107662177,133.46693724460548,-0.06948564834068154,7.399630333482298,-0.015842200125027954,134.80090055655447,-0.07384362804258623,56.961586186121224,1.6759554848767646e-07,1.3827773979546464e-08
1.0425e-06,21.824714593117086,0.032979090295418456,128.89986818277268,-0.08422873682916351,21.50762142902229,0.03396311033050862,129.64056758303255,-0.08412470210901021,71.73280583404505,1.680239994652987e-07,1.368947021070424e-08
1.045e-06,33.6475654794955,0.09033334189759654,124.74328979709757,-0.09317235487940316,33.66335407054755,0.08551183683159697,123.82680469105001,-0.0942303209446056,83.2618660154244,1.6840359794598071e-07,1.3553792058149416e-08
1.0475e-06,43.72293452370618,0.13602665886776424,118.1042632598223,-0.10280949228422472,43.3195344433754,0.13592157980255756,117.37603747843308,-0.10410685607967472,91.0276794651954,1.6872911676348365e-07,1.3439628751398676e-08
1.0500000000000001e-06,49.59003807322654,0.18341154548311972,109.95082089216764,-0.1113022002930356,50.21666650453606,0.18292747793003786,110.30891528265111,-0.11370436846623772,94.67924910051934,1.6899498650101384e-07,1.3364660914927305e-08
1.0525e-06,54.93171095147963,0.22165333412576957,102.59886099124572,-0.11979418047393485,54.36315269589524,0.22498215372437516,102.65018740370807,-0.12297582252116523,94.05153228960043,1.6919581886744758e-07,1.3341985354123083e-08
1.055e-06,55.61512975978542,0.2580277427138597,93.0591433726256,-0.1321467909295579,55.97769028768074,0.26122248128672176,94.42854636722066,-0.13187375662734335,89.17290040279231,1.6932645396553722e-07,1.3378425055907782e-08
1.0575e-06,55.003248486354586,0.2916060570692941,86.05812958909401,-0.13943814401612792,55.40679556477621,0.29132311977082503,85.67643945632366,-0.14034202293267614,80.26385649126854,1.6938200540712498e-07,1.3474472466278185e-08
1.06e-06,52.84438989195081,0.31025744173745273,75.97320721438756,-0.1465099940943032,53.03415910980799,0.3152765863011279,76.4298500116156,-0.1482989534268797,67.7270690512597,1.693579013023104e-07,1.3625295435099984e-08
1.0625e-06,49.1655930051123,0.33821501331777143,66.35418569114147,-0.15272542943568213,49.19933217796188,0.33315174851929424,66.72805025629621,-0.15560779533199678,52.12917232502191,1.692499197676096e-07,1.3822069942486573e-08
1.065e-06,44.48441226751258,0.34764738206485724,58.81437688251453,-0.16182326425487714,44.14085416852349,0.3448848817882704,56.61332764657645,-0.16203354314583335,34.17515572348316,1.6905421839673601e-07,1.4053055887313068e-08
1.0675e-06,38.34653176641465,0.3535211613081803,45.338921851361796,-0.1671713307704554,37.97381431952944,0.3501495265291594,46.130686973316706,-0.16719853974823612,14.676499910342073,1.6876735796850194e-07,1.430416361862959e-08
1.07e-06,30.208982933652642,0.33805400743428693,31.766276224596552,-0.17286239355240518,30.70494542828588,0.34833480542271833,35.32753064767178,-0.17057783476612742,-5.485500275945939,1.6838632137697438e-07,1.4559119048724018e-08
1.0725000000000001e-06,22.485882212937724,0.3386296009550614,24.272857444719655,-0.17020396231022009,22.28093961620702,0.3386396937152921,24.253319789481864,-0.17160653974463222,-25.399568341896295,1.6790852923018537e-07,1.4799611715548943e-08
1.075e-06,12.780456604479188,0.3174482795177632,12.95604052028144,-0.16917566157282696,12.659111632064715,0.32026706647301306,12.959218900659735,-0.16995125026952398,-44.16563376123985,1.6733185369276125e-07,1.5005929707993484e-08
1.0775e-06,2.5874070562843614,0.29259782739747686,-0.0882281229298505,-0.16725076082580148,1.8850156197373282,0.2926805382036761,1.4977270453940856,-0.16585867584970354,-60.93551311299507,1.6665463192370096e-07,1.5158498466498366e-08
1.08e-06,-9.391782141193909,0.2556359608893644,-8.7835910618017,-0.15899080216270503,-9.84002174270384,0.2558730166733508,-10.077701426500155,-0.1602879817866563,-74.95124604051718,1.6587567992746862e-07,1.5240429874397605e-08
1.0825e-06,-22.426107721913418,0.20471650720109183,-20.58102223401202,-0.15304070661577981,-22.116943526212054,0.2105911628828394,-21.713043488409774,-0.15455024099667952,-85.57935333351776,1.651781724091649e-07,1.5251695845575268e-08
1.085e-06,-34.705359744243694,0.15352138100228474,-31.93386360611502,-0.14790932994072858,-34.34360302912388,0.15846554764177553,-33.35409819175936,-0.14963997642962668,-92.3394687457472,1.6458946537372064e-07,1.5191631576717595e-08
1.0875e-06,-46.30020921346909,0.10567237305501545,-43.944409999578475,-0.14492731045679078,-45.75042667587538,0.10201132444671374,-44.94687834660143,-0.14583768415466583,-94.9260504553869,1.6410898824041377e-07,1.5068253977504583e-08
1.09e-06,-55.26008481217505,0.04753005534506901,-57.78517034003677,-0.14257402710428452,-55.47397752670096,0.04448609458210517,-56.4379999013462,-0.14284407452654005,-93.22219085958496,1.6373571828933567e-07,1.4899140219285278e-08
1.0925000000000001e-06,-62.77223992184078,-0.013499332078790945,-67.81378772122265,-0.13907514196279516,-62.65816254964396,-0.01038352498138197,-67.77506581639469,-0.1401554724697982,-87.30490053187029,1.634681994320957e-07,1.4707972178134708e-08
1.095e-06,-66.493004526849,-0.060425160611249695,-79.6229982635152,-0.13767219194642463,-66.56739442490502,-0.058771715103389,-78.90704127537775,-0.13733707517175733,-77.44162751960891,1.6330487096127286e-07,1.4519060269198426e-08
1.0975e-06,-67.17951520375507,-0.09341194723288504,-87.28974859469034,-0.1327607602984875,-66.69328215304203,-0.0971669385866827,-89.78461715379983,-0.13411319915457906,-64.07816930131807,1.632445976808795e-07,1.4351401581575276e-08
1.1e-06,-62.73192118324549,-0.12460576614724193,-97.58901050938671,-0.12875764426357927,-62.836900369306285,-0.12276740567659222,-100.36055876737615,-0.13034981848686233,-47.8185237558544,1.6328441653055806e-07,1.4214220629209556e-08
1.1025e-06,-55.258808664512344,-0.1302501607880401,-112.5773332069909,-0.12828117452657908,-55.152320791889395,-0.13379832784491694,-110.59003705047208,-0.126007181421684,-29.397589833774024,1.6342090581450216e-07,1.4105574683558577e-08
1.105e-06,-44.07880908437533,-0.1255045039763577,-120.09770155576139,-0.12332245604129825,-44.14326423900631,-0.1297025478859892,-120.43093946753746,-0.1210988061665598,-9.647951798352988,1.6365022470283404e-07,1.4014561374632307e-08
1.1075e-06,-31.09370932453797,-0.1115346426254548,-130.3591097106053,-0.11411193610867519,-30.612378235261243,-0.1111761940450265,-129.8441581360359,-0.11566488383152707,10.537751687069518,1.6396815823199107e-07,1.3926353544688815e-08
1.11e-06,-15.164218935264032,-0.07863894640432516,-139.6661565716823,-0.11059312293883658,-15.570429710217503,-0.08004587486303387,-138.79385283649788,-0.10975746439269421,30.24717279386229,1.6437016525163197e-07,1.3828260892723818e-08
1.1125e-06,0.254178361617456,-0.04249857583134163,-147.67043272738195,-0.10256487483146826,-0.11926410760476447,-0.03900929241064876,-147.24768680229258,-0.10343305701872955,48.589490572274116,1.6485142670446955e-07,1.3714715045880378e-08
1.1150000000000001e-06,14.595309816045393,0.004876070577618175,-154.81291881730067,-0.09915896188520663,14.673424272491044,0.008717394697257535,-155.17703341657295,-0.09674929915610732,64.73567402969115,1.6540689194598145e-07,1.358959902174299e-08
1.1175e-06,28.141622249621054,0.05803445552898989,-164.1238156812945,-0.09065055817572508,27.88836786010215,0.059788281690455566,-162.55715219457105,-0.08976364845652475,77.95595244354762,1.6603158226229657e-07,1.3465426215222456e-08
1.12e-06,38.539903455005636,0.11013341081316501,-168.63467830189174,-0.08230692756351736,38.841081702945225,0.11109143474654963,-169.36733269381193,-0.08253298389070705,87.65279933608495,1.6672137344209805e-07,1.3360024199281539e-08
1.1225e-06,46.715661324393494,0.16450771983296378,-177.20859720056114,-0.0767455534709233,47.12838738590254,0.16003319347987102,-175.59100527051692,-0.07511355527634096,93.38793931039471,1.6747075842660764e-07,1.3292122499931238e-08
1.125e-06,52.39955685457779,0.2056911569480549,-182.31078653198264,-0.06687540196434257,52.63021610444451,0.20470453180295559,-181.21581788514425,-0.06756101640217906,94.90215710027518,1.6827406653976745e-07,1.3277345233209994e-08
1.1275e-06,54.97414639313551,0.24379676531911454,-185.04330881536382,-0.06112515457871575,55.469544381774085,0.24391317554325634,-186.23367845109829,-0.059930424833723676,92.12701350995245,1.6912551298688508e-07,1.3325644113073451e-08
1.13e-06,55.847889440826435,0.2732226086647926,-188.69515373971294,-0.05382628311763582,55.9404046932316,0.27708970724188015,-190.64076251563722,-0.05227616203449353,85.1879387098735,1.700192489833344e-07,1.3440474442029241e-08
1.1325e-06,54.15409298474892,0.308220293025795,-192.10703355626333,-0.046169197347259355,54.41909918681826,0.3040983179574323,-194.43748635832233,-0.04465176075001297,74.39856307864342,1.7094941030900337e-07,1.3619362046508484e-08
1.135e-06,51.003383277324396,0.3202874822824626,-195.8292049063742,-0.03914124011609649,51.27612432253086,0.32499918773627967,-197.62844588740353,-0.03710964343072109,60.246541824143314,1.7191016255414511e-07,1.385516222157178e-08
1.1375000000000001e-06,46.83742858279883,0.33669210396445565,-198.61394086070214,-0.02971526146421366,46.80549038881921,0.33981680584111956,-200.22232200575098,-0.029700785479373187,43.371514078670344,1.7289574203685721e-07,1.4137318822171207e-08
1.14e-06,41.36605163238009,0.34989433725711977,-204.65884662453308,-0.02412468181921357,41.1842712493516,0.3483656282499446,-202.23175340276828,-0.022474324049807957,24.53619266681177,1.7390049219586433e-07,1.4452693554663885e-08
1.1425e-06,34.54469378958932,0.351052822746663,-203.28572884850692,-0.015014492770362133,34.469067672953,0.35017191784389107,-203.67317800471892,-0.015477137858212728,4.591891222698252,1.7491889604080541e-07,1.4785898285776844e-08
1.145e-06,26.87127470420762,0.34654487500085057,-205.29381134665184,-0.006995048499560871,26.628745688402006,0.3445107698551574,-204.5666445806219,-0.008753425695459097,-15.559953247565065,1.759456058317785e-07,1.5119392618025153e-08
1.1475e-06,17.531414490722263,0.3325682314135803,-204.94078809789812,-0.005975462098911826,17.605661069809727,0.3305538582069337,-204.93559625203815,-0.0023443105616533016,-35.008523265727696,1.769754714522123e-07,1.5433814236099536e-08
1.15e-06,6.911537074355412,0.3099096275095375,-205.83489379750503,0.0005518018221644192,7.3919105189951795,0.30760067208545316,-204.80662789054415,0.0037125075846739506,-52.87478775720686,1.7800356888129768e-07,1.5709030345244582e-08
1.1525e-06,-3.7162279042761224,0.2741206107349193,-203.94002832209716,0.010477842326262535,-3.8960008776105424,0.2753481503404458,-204.20921960434237,0.009383034190923702,-68.3512322538407,1.7902522977623742e-07,1.5926198269959125e-08
1.155e-06,-15.395512695089653,0.23629998626641616,-201.02444178567586,0.01564506294351702,-15.960733528574465,0.23414398965845343,-203.17544871352544,0.014637189922600453,-80.7383567088961,1.8003607251528038e-07,1.607071446858763e-08
1.1575e-06,-27.68978932711862,0.18087665667379144,-198.65118824097263,0.018067717969963978,-28.29950619028057,0.1851693476452281,-201.73968279018584,0.019448949449582347,-89.47629130620923,1.8103203425409323e-07,1.613541732268239e-08
1.1600000000000001e-06,-40.300094590163305,0.13544776359098282,-198.47190689601044,0.023604726586790987,-40.21922066778719,0.13050721618965472,-199.93825649341207,0.023796419051821616,-94.17010130088471,1.820094027616989e-07,1.6122993997187807e-08
1.1625e-06,-50.685328715794476,0.07246913836549501,-198.5781893934676,0.02603422374346105,-50.89199322302303,0.07307161060460143,-197.80913505885735,0.027661868987247845,-94.60763717037774,1.8296484617893367e-07,1.6046466926164525e-08
1.165e-06,-59.33343582545245,0.016980686467085223,-196.71853761005815,0.030393911917845413,-59.44425620970746,0.016396603835558625,-195.39156740696586,0.031031739451884033,-90.76912328978882,1.8389543850554076e-07,1.592705446746141e-08
1.1675e-06,-65.0464410765366,-0.03706341284573113,-193.32847279779378,0.033338619034544555,-65.06616447683076,-0.03569109170880095,-192.72573191220235,0.03389663819626227,-82.82805174507101,1.847986786450296e-07,1.5789556230559286e-08
1.17e-06,-66.94561329705915,-0.07640419187688637,-191.38108565127595,0.0375273106978716,-67.12386299589062,-0.07947122258046777,-189.85237792706633,0.03625134363136034,-71.14334088583938,1.8567356904441541e-07,1.5656407257073363e-08
1.1725e-06,-64.61980122719339,-0.1112056317969575,-186.9907836515852,0.0370929691117411,-65.2560165937008,-0.11174231259170431,-186.81246617898464,0.038094820351919315,-56.24311303333334,1.8651871849937088e-07,1.5542239068796338e-08
1.175e-06,-59.19311652212243,-0.12828382393841978,-184.44710532575363,0.037526055300802795,-59.43810528253496,-0.13018491999426762,-183.6468111550637,0.03943024569022595,-38.80082455418987,1.8733257766947586e-07,1.5450810750180083e-08
1.1775e-06,-50.256775173287316,-0.1306756048329254,-180.74748382472953,0.037282411951686856,-50.00300574849353,-0.13362034836858008,-180.39572855934904,0.04026503770221005,-19.60482716633406,1.8811394225270438e-07,1.537543376745367e-08
1.18e-06,-37.43366031669224,-0.11889567734477031,-175.91278935635617,0.04204177266833697,-37.613447957745954,-0.1221256127927921,-177.09869086991267,0.04061086838039859,0.4772637633587552,1.888619638498074e-07,1.5302769116067284e-08
1.1825000000000001e-06,-23.000622075782953,-0.09645227434304159,-173.43356106663214,0.04161377549664326,-23.189825794989737,-0.09698843779773356,-173.79399393936345,0.040483642118458445,20.53778345782076,1.895761593543887e-07,1.521863851580028e-08
1.185e-06,-7.382643668572094,-0.06277469641187189,-168.60346906920276,0.04058220543637433,-7.804174038176252,-0.060511742920479096,-170.51843747304423,0.0399034192620726,39.670042110692386,1.9025641658348212e-07,1.5113791226335037e-08
1.1875e-06,7.040289944102002,-0.015317482559903431,-169.41762039080405,0.03581111519239848,7.443380788356379,-0.015700996958565527,-167.30702208521254,0.03889426809406995,57.00930520076732,1.9090299404167193e-07,1.498769159373268e-08
1.19e-06,22.11856141734574,0.03928844746058259,-165.01888129435514,0.034819195368195714,21.546688346788475,0.03411414867857431,-164.1926654761963,0.03748403529571198,71.77187752308663,1.9151651324586088e-07,1.4849250339841235e-08
1.1925e-06,33.562789384505685,0.08849323793949013,-160.07361589130107,0.037735533286730086,33.69571253420032,0.08566349510462548,-161.2059400942281,0.035704033715492724,83.29052442749474,1.9209896347346138e-07,1.4714606351566415e-08
1.195e-06,43.26629319294457,0.14064264426421313,-158.6479217365327,0.03489209086585454,43.34399495528737,0.1360661863791522,-158.37483444608708,0.033588655691618834,91.04462930533313,1.926521532966284e-07,1.4603060123436994e-08
1.1975e-06,49.78356438215821,0.18214779445300466,-154.46759196361597,0.03242557794042242,50.2328799452363,0.1830593976037397,-155.72454000256482,0.03117492861628142,94.68372427454936,1.9317762511897078e-07,1.4532691603549281e-08
1.2e-06,54.32558884210357,0.22325323409039932,-151.5240136585509,0.028656334363422353,54.37149089130391,0.2250978814075267,-153.2772654101273,0.029898463919905947,94.04333052984829,1.9367710992447065e-07,1.4516985495603327e-08
