time,v_coil,i_coil,v_bias,i_bias,v_coil_clean,i_coil_clean,v_bias_clean,i_bias_clean,v_coil_src,density_state,heating_state
0.0,27.008100326874295,-0.03188250370795668,172.66023255312277,0.06186230447892169,26.327804690290726,0.021895468302474096,172.23194576653233,0.06098120785720978,0.0,0.0,0.0
2.5e-09,73.38234833537209,0.1457655258076819,176.97061367077927,0.05898242320042577,73.99548532769751,0.12818433924903253,177.08446696416544,0.05914237743783898,51.95010116667146,1.0836198988819953e-10,1.060113883848615e-10
5e-09,118.43392426755406,0.409209145336724,182.3122598361131,0.054733974206008396,118.21932452303385,0.3522749877487057,181.61541983969207,0.05525803714952981,101.55217606660048,2.19915897876396e-10,2.1489019446565945e-10
7.500000000000001e-09,156.2947811960991,0.6629694125329706,185.25095379759952,0.0517780914505302,156.4698917342765,0.6833460865469332,185.79206622415273,0.050963452303186836,146.56432387314004,3.3489826271460655e-10,3.2806372861482245e-10
1e-08,186.93004028629687,1.1080984078423588,189.9183907750849,0.047130571130671164,186.60035094370372,1.10449149855335,189.5830774058796,0.04626277019137805,184.95209801162093,4.53483463186284e-10,4.4949338582874807e-10
1.25e-08,207.35133522397447,1.6711324190844052,193.38164109925742,0.039742340129161384,207.01820899554085,1.5938316097932068,192.95878835721552,0.04116629466691379,214.98045851148098,5.757616960002906e-10,5.862259252529823e-10
1.5000000000000002e-08,217.33835535941256,2.137763927367208,195.84009174359255,0.035545267114204714,216.79852358329717,2.126010740679749,195.89144058278,0.03569106766260363,235.2921918617267,7.017213780344066e-10,7.480706442220746e-10
1.75e-08,215.6913481572518,2.7055614215970163,198.69811334514867,0.03084104782237334,215.72608419616444,2.673922062185881,198.35541151916607,0.029861014975838027,244.96925397084746,8.312374181325821e-10,9.46419471312392e-10
2e-08,204.23380032935918,3.2527601305241043,199.8273303960574,0.024034905286518138,204.26459239317182,3.210478577883468,200.32742852511728,0.023706636233953776,243.57426366908925,9.640661979582509e-10,1.1924462379098035e-09
2.25e-08,182.8668498160594,3.831010557481285,201.05075773855432,0.01557231265671559,183.46148203943426,3.7102525641074093,201.7867656274968,0.01726428106979507,231.17027134127946,1.0998474105880457e-09,1.4950747261500595e-09
2.5e-08,155.08044053532765,4.152848641742439,203.27787363672547,0.011465087002382766,154.80594836360865,4.150835158521759,202.7154213306427,0.010575107669161117,208.31790919301727,1.2381122309776406e-09,1.8591522446121604e-09
2.75e-08,120.36305208415159,4.611752100411336,203.60335377760407,0.0038555898968215033,120.06351740639487,4.513817053676129,203.09827595378115,0.003683856949798287,176.05005195170838,1.3782967306205807e-09,2.284201244929481e-09
3.0000000000000004e-08,80.6749021142258,4.790702494004125,202.93947726503282,-0.0044332472374531764,81.11217211802477,4.785351714682639,202.9232271316834,-0.00336241029756019,135.82513328105284,1.5197590750583889e-09,2.7639744650181085e-09
3.25e-08,39.76753372825657,4.970172009235605,203.00099795590745,-0.010705679461921922,39.80247027966779,4.956323719680442,202.18130229623716,-0.010515476825774282,89.46122790073699,1.6617988993681271e-09,3.2868584703321705e-09
3.5e-08,-1.7378781278557343,5.059230009412099,200.43277690990794,-0.016403668622415594,-2.1421919839641377,5.022196390177158,200.8667471494749,-0.01772692968692781,39.053878749406415,1.8036773455210375e-09,3.837007258321201e-09
3.75e-08,-43.31777724373415,4.924217813071593,198.74582454863557,-0.023846745333906197,-43.17778620116149,4.982646477348828,198.9770893401924,-0.024948864350095884,-13.118616783979897,1.9446365295976416e-09,4.395978017346065e-09
4e-08,-81.9956264558083,4.892103866123842,196.9674410739932,-0.03289687159106056,-81.9465590724057,4.841104366608434,196.51317676485218,-0.03213433424974229,-64.69818071376282,2.0839176177000397e-09,4.944598144345174e-09
4.2500000000000003e-08,-117.14991411095187,4.524037225872975,193.94453533887932,-0.03953463637767874,-117.24956881632747,4.604305381218296,193.47919012719333,-0.03923760042335495,-113.35353421248273,2.220777139930062e-09,5.464807164245451e-09
4.5e-08,-147.23259004282647,4.29259717618575,190.0790587419441,-0.04385316234778789,-148.00197000767176,4.281924954507434,189.88262960800012,-0.04621427553313603,-156.88556610485793,2.3545015725624995e-09,5.941266811403243e-09
4.75e-08,-173.4598532887964,3.8454082167261516,186.46331840836714,-0.05239329687358965,-173.19074693584548,3.8863249576250665,185.73427571493684,-0.053021476203008,-193.32672768487092,2.4844204941350568e-09,6.3625927479429694e-09
5e-08,-192.27242560168284,3.3669374796603555,180.55009225552018,-0.06044219311630731,-191.85312539172835,3.4323898237839185,181.04812460033986,-0.059618093874967804,-221.02996143658046,2.6099187238858572e-09,6.7221151293048204e-09
5.25e-08,-202.30033791512395,3.007365638126966,175.52813847691223,-0.06678148292423004,-203.08868163106712,2.937389296657214,175.84129835046815,-0.06596526815134335,-238.74314428299718,2.730447769224933e-09,7.018117385066966e-09
5.5e-08,-206.2070193047365,2.4684443995141123,170.02991463172552,-0.07381264258744293,-206.11021502095,2.4207782884345797,170.13393096108774,-0.07202710263941002,-245.66568069770315,2.8455366690640757e-09,7.253539005011482e-09
5.75e-08,-200.5237085581679,1.910630857279038,164.18749110631987,-0.07774780134435677,-200.3292661829203,1.9038391461332262,163.94903091955788,-0.07777160933375779,-241.48468779944923,2.9548019808562555e-09,7.435170049477965e-09
6.000000000000001e-08,-184.72491540832914,1.3893047419854072,157.1457510746683,-0.08372213392118105,-185.46348900344609,1.409089262779286,157.31232151101807,-0.08317181243009329,-226.38913694585926,3.0579563015142084e-09,7.572421434935831e-09
6.25e-08,-162.301491295306,0.9656821524582759,150.99337468800525,-0.08797377118952258,-161.64658516949854,0.9594147562448653,150.25206015413218,-0.0882068941485904,-201.0613126584103,3.154814422522468e-09,7.675825242243668e-09
6.5e-08,-129.46565038164798,0.5804174104766732,142.69735513679197,-0.09187494225954362,-129.51846292967988,0.5769423065756234,142.79883824848935,-0.09286322864284756,-166.64597491582782,3.245296073709331e-09,7.755489838384371e-09
6.75e-08,-90.7714232637124,0.25146896273658637,134.41082363765742,-0.09815328973403992,-90.27434923026591,0.28171690201478145,134.98536317966963,-0.0971351256069707,-124.69861861001127,3.3294242594185154e-09,7.819781100192782e-09
7e-08,-45.08484074589799,0.1336386500492145,126.69757359388541,-0.10217079301535086,-45.65668694857442,0.0903028453597106,126.846224277723,-0.10102508732083765,-77.11516871924809,3.4073184509975233e-09,7.87449632044278e-09
7.250000000000001e-08,1.8666829797749438,0.04418346234320086,118.99215970695096,-0.10598765767743788,2.1180244405409754,0.014459375810770649,118.41764465908996,-0.1045433611651794,-26.04628881678662,3.4791823471265705e-09,7.922723464809739e-09
7.5e-08,50.0589822184747,0.05153468221183814,109.17398574789739,-0.10657773031230866,50.495138246001765,0.06005367212304552,109.73722099965275,-0.10770653225495824,26.199824024966766,3.5452864889783647e-09,7.965437704476411e-09
7.75e-08,97.5243564456205,0.14755014900094499,101.36947945629392,-0.11239902594803321,96.76799076786072,0.22635966246411898,100.84365338662008,-0.1105348430049464,77.2617644856641,3.6059466345908127e-09,8.002707384281464e-09
8e-08,138.36620497693588,0.5248578614043475,92.84533862541572,-0.1128809929067539,138.29320825998855,0.5058522685838878,91.77646747846627,-0.11304786609303609,124.83164913986393,3.66149935845659e-09,8.035211184336117e-09
8.25e-08,171.74304321465542,0.8324849656839574,82.98192999379249,-0.11574189718424849,172.70884071236807,0.8845490283842138,82.57573126445756,-0.11525815717520159,166.7594275321185,3.71227675562772e-09,8.065661479417522e-09
8.500000000000001e-08,198.96981933294887,1.3968673721835814,73.58517627550746,-0.11650568803016143,198.12782814308108,1.3428833871011912,73.28176875787578,-0.11716269744627905,201.150059561248,3.758582323378809e-09,8.099726302314081e-09
8.75e-08,211.97491987529222,1.9254143752338768,64.80520055148432,-0.12001527550026223,213.2825556466247,1.8570270516079135,63.93487297953887,-0.11873246301686423,226.44916697733927,3.800670030404484e-09,8.146153801272837e-09
9e-08,217.14360991575006,2.403334375727112,54.31165491940902,-0.11876445986820146,217.60337027281327,2.400523350468339,54.57502059042119,-0.11990141845934472,241.51328773885507,3.8387282671251516e-09,8.216001613120535e-09
9.25e-08,210.73847279798775,2.9265132519928447,46.69641343169471,-0.12205665381331139,211.22371727991168,2.9460583245536265,45.24159051411049,-0.1205575519320843,245.6615578929043,3.872869844905309e-09,8.321102734356073e-09
9.5e-08,195.0781709027949,3.451719285452389,35.87025335905896,-0.12075048228229374,194.91534774887936,3.4671866635362303,35.97308885165059,-0.12054032130287261,238.70648507538175,3.903128554019286e-09,8.472092555309105e-09
9.75e-08,169.0442042450155,3.93130733481172,27.230937777406744,-0.12072161694746943,169.96702943512548,3.939846641683773,26.806882333378045,-0.11965205728450462,220.96242273884857,3.9294620973791924e-09,8.67642479121042e-09
1e-07,137.70361343847824,4.352934286648066,17.537895706839546,-0.11786961073093252,138.02768806969146,4.3435384412728695,17.77894247517462,-0.11769567552497773,193.2313620923542,3.951760590420945e-09,8.936793683606031e-09
1.025e-07,100.90555606679096,4.650992270637756,8.922452749049983,-0.11240570870540068,100.93869499214969,4.662096377872591,8.923602510819588,-0.11454829575398678,156.76668392516197,3.969859344858586e-09,9.250268814881505e-09
1.05e-07,60.08826942049588,4.836616872243234,-0.1490821008251889,-0.11027424511858686,60.57953791259023,4.884047709036369,0.27332905868995994,-0.1102507842969838,113.21650864939936,3.983554395099923e-09,9.60827829678075e-09
1.075e-07,18.93924381638447,4.9439541644119265,-7.934882887124651,-0.10698763253247341,18.746559735740945,5.002608275356984,-8.141489649079642,-0.10504804917182803,64.54920501069513,3.992619203334506e-09,9.997398447799962e-09
1.1e-07,-22.901346509921293,5.01244753993757,-16.93405064040362,-0.09957887729014024,-22.923263015032518,5.015408638395564,-16.292737292541524,-0.0993237724860361,12.964424303443579,4.007057980559981e-09,1.0410790224361763e-08
1.1250000000000001e-07,-62.75798644477375,4.923753742669111,-23.868394519074585,-0.09373450597673923,-62.98094533708855,4.924066854996596,-24.154743222486143,-0.09346192608846628,-39.20631885843332,4.026634951548572e-09,1.0829912163207035e-08
1.15e-07,-99.85191677668315,4.725768244063221,-31.955251641514955,-0.08629397134644488,-100.15333711377168,4.733722706092275,-31.70443510188263,-0.08773279618917768,-89.60502569247798,4.050761229305907e-09,1.1236080481993664e-08
1.175e-07,-133.69120419401358,4.425338605025392,-39.20787779462967,-0.08296666547714728,-133.30461348983428,4.452624615189288,-38.921469264601285,-0.08226230726585465,-135.95378942279245,4.078854320148587e-09,1.1612554153563827e-08
1.2000000000000002e-07,-162.40020873687698,4.091790933997579,-45.37329332805164,-0.07808237707056297,-161.39032211119087,4.091820240087254,-45.78833781962526,-0.07706639257294129,-176.15775147882897,4.110351603864221e-09,1.194596962063258e-08
1.225e-07,-183.76060136009826,3.72159872730368,-52.34115299790842,-0.07162706384817162,-183.4234544905102,3.6649533894521715,-52.29045173077209,-0.07210351096217986,-208.39978433215654,4.144722676173835e-09,1.2227344733214106e-08
1.25e-07,-198.55768593404667,3.2451224091637956,-57.82163921414568,-0.08935108912404273,-198.4685778090139,3.1881234898373756,-58.416199309992514,-0.09030115752362373,-231.22262152260296,4.181480944054464e-09,1.2452581551349435e-08
1.275e-07,-205.7223150062361,2.6998416837688204,-68.63455476305727,-0.07654948886903247,-205.67331535929682,2.6797288465197857,-68.4161231454438,-0.07624013152880595,-243.59472278361827,4.220194697301666e-09,1.2622435699437982e-08
1.3e-07,-204.63083680278245,2.2006430866284585,-72.4343881376813,-0.039399841524918995,-204.33768308338594,2.1601987318741473,-72.03160780736114,-0.039435314199139905,-244.95689731319678,4.263175224643038e-09,1.2744579050622478e-08
1.325e-07,-194.18152524085758,1.7390591601537246,-75.6329649802675,-0.03573724417182358,-194.01264093674374,1.6515256589722718,-75.27435853744365,-0.03530898428023919,-235.24757792468236,4.306356251826762e-09,1.2823625214249585e-08
1.35e-07,-174.93221383211485,1.2168415155497256,-77.98970414647472,-0.030128208082058006,-174.6114440909727,1.1765375375409564,-78.14585673052073,-0.031199672913894347,-214.90560374339796,4.349544106528221e-09,1.2869776736640963e-08
1.375e-07,-146.23740221813227,0.777115430223593,-81.2106043584036,-0.028331445172782847,-146.512485140156,0.7578950322800523,-80.65031424070322,-0.027127000889109083,-184.8503856775498,4.3926330210294355e-09,1.2893556057340346e-08
1.4e-07,-110.37208996948021,0.39768368484194494,-83.74562748741432,-0.024147805447396455,-110.63129704469645,0.4168542341006741,-82.79459445231325,-0.023115373899306253,-146.44035113895129,4.435606002863686e-09,1.2904339153612279e-08
1.425e-07,-69.08884497891216,0.13278061762732657,-85.24283309384305,-0.018590837671891132,-68.44253502158159,0.17188866321461718,-84.5881119046879,-0.01919325585864518,-101.4115462175559,4.47853096490965e-09,1.2909253739310403e-08
1.4500000000000001e-07,-21.602438515710762,0.07563647107627564,-85.11951481236385,-0.015094142169706632,-21.939618034075703,0.03730747260018638,-86.04271144313306,-0.015392276661107351,-51.799170351691764,4.521551579835816e-09,1.2912680611758058e-08
1.475e-07,25.840190700244513,-0.04229201429529757,-87.80593016543975,-0.010504817267266668,26.470845748137307,0.022030051682306328,-87.17252804183894,-0.011746110565735896,0.15441005179210068,4.564872844358776e-09,1.291648743862078e-08
1.5e-07,73.75648339209798,0.2134641056279259,-87.39880373289957,-0.007937436767327518,74.13231138771354,0.12867584884112238,-87.99382860771838,-0.008289125486030042,52.101011472573475,4.6087419466079066e-09,1.2920958959533068e-08
1.525e-07,118.14041283749485,0.3681917913169888,-87.36758609761542,-0.004111534726375373,118.34211082235183,0.3531011833643378,-88.52483722547498,-0.0050548674620353815,101.69276582445376,4.6534256311191645e-09,1.2926205653496499e-08
1.55e-07,157.10962483777456,0.6245640828905169,-89.75025048114394,-0.0025176387685396447,156.57164674647768,0.6844656133148812,-88.78554544244857,-0.0020744954890877703,146.6882387460547,4.699185753357239e-09,1.293368804563466e-08
1.575e-07,187.61812261317644,1.069799099823779,-88.60748116516513,0.0005958368706128179,186.675490110513,1.1058464733275795,-88.79750931571301,0.0006246892447999209,185.0537373295327,4.746255025470228e-09,1.2947435851957084e-08
1.6e-07,206.66854344521371,1.5274528280065083,-87.90672396349393,0.0019706897443349477,207.06298328581946,1.5953515391744464,-88.58363505246737,0.003020473260193424,215.05522840868352,4.7948150217698004e-09,1.2974596853888781e-08
1.625e-07,216.97728994637518,2.1385171937275755,-88.265359586586,0.00515137633548374,216.81125202303127,2.1276173608648508,-88.16795516702156,0.00509659721923304,235.3367129091401,4.844978318950922e-09,1.3025111087262947e-08
1.65e-07,215.41409882734314,2.6728306956453936,-87.17595412954594,0.00808951627565038,215.70716858378128,2.6755345862977404,-87.57539715285877,0.0068431817042205806,244.98151391851619,4.896776216590885e-09,1.3110528057065239e-08
1.675e-07,204.65817108874347,3.2807815156843922,-86.34801193789735,0.007517855054378303,204.2163244853484,3.2120188079578598,-86.83154672571902,0.008256693914824908,243.55370839529834,4.950152879928306e-09,1.3242203818643428e-08
1.7000000000000001e-07,183.34112096775678,3.733828935211396,-86.27702884824404,0.009537478261215069,183.3876831411911,3.7116493756065307,-85.96240773292014,0.009339498590915273,231.1178298975937,5.004966058516183e-09,1.3429267837446817e-08
1.7250000000000002e-07,154.75701824248782,4.196307899239564,-84.50037505288338,0.012722188432617167,154.711503519852,4.1520279848484165,-84.99416084489857,0.010099090474905195,208.23595181326635,5.060993862441404e-09,1.3676796356028727e-08
1.75e-07,119.96390689157501,4.540130388732283,-84.07827934637079,0.009030227504866666,119.9538776384036,4.5147581649618616,-83.95292314706019,0.010547142708633436,175.94228292281582,5.117946518821453e-09,1.3984564460554565e-08
1.775e-07,80.14787361896309,4.79150804309995,-83.1494411550909,0.009532380120311322,80.9928967106149,4.786007269842658,-82.86451073349879,0.010698519596426164,135.69642351770185,5.17548166053038e-09,1.434660183671003e-08
1.8e-07,39.461848409695186,4.926218484931881,-81.162151126453,0.012945619586515505,39.678867583066825,4.956673741741901,-81.75420636914413,0.010570391155028495,89.31739479111981,5.233221558421091e-09,1.4751596572831085e-08
1.825e-07,-2.296779236608153,5.0305019407938225,-80.35322839952663,0.010721760919241399,-2.2652897101207197,5.022233943808088,-80.64653423378311,0.010181553240220737,38.9014232225269,5.29077079973008e-09,1.51840282790442e-08
1.85e-07,-42.80666097248522,5.032307598270919,-79.25222839604054,0.009785093676610018,-43.2961063651655,4.982376394170545,-79.5650436906657,0.009552007187067252,-13.272804085493851,5.347733201773564e-09,1.562580240848296e-08
1.875e-07,-82.29272445545988,4.814242687609447,-78.47811485208263,0.008156597788293796,-82.05635107219899,4.840541859782698,-78.53210393470835,0.008702796039646729,-64.84713087501359,5.403727162817552e-09,1.6058114873523033e-08
1.9e-07,-117.50040510622041,4.521273452225388,-77.05136754904802,0.00846957782003041,-117.34748806179371,4.60347482053161,-77.56871127146036,0.007656040960542434,-113.49051502538597,5.458399103991639e-09,1.6463290730386147e-08
1.925e-07,-147.87519164551384,4.24020258208816,-77.24184077240805,0.004726417733952194,-148.08493991735176,4.280858953359728,-76.69431065894436,0.006435081003639454,-157.00438634861698,5.511435057882189e-09,1.682639038952816e-08
1.95e-07,-173.2628536632919,3.929614050531149,-75.37375201253714,0.0060092850074613,-173.255856834286,3.885063779503919,-75.92663301130453,0.005064599397184381,-193.42201695505727,5.562570735636874e-09,1.7136437025485116e-08
1.9750000000000001e-07,-192.34849125425782,3.380041573162113,-74.29899645101597,0.0029785352180310178,-191.8976120286418,3.4309809776578906,-75.2815496171045,0.003570623388956238,-221.097412875184,5.6116005074120694e-09,1.7387172563260615e-08
2e-07,-203.05164998944616,3.00313560685192,-75.12840942213398,0.002214437882884207,-203.11002197636915,2.9358870866092204,-74.77294486742967,0.0019803117519094403,-238.77970923860025,5.6583856493324965e-09,1.757729174677462e-08
2.025e-07,-206.11474671152249,2.3848655467170397,-73.73782908944005,0.0002867830835672687,-206.10633187893185,2.419243034567738,-74.41260832108344,0.00032148919240421875,-245.66970651758183,5.702861970246828e-09,1.7710140216003188e-08
2.05e-07,-199.00108523390236,1.948385162846731,-73.98118905422595,-0.0010001042661223077,-200.2988209627022,1.902335812501156,-74.21014695763708,-0.0013780582549233439,-241.45599252571304,5.7450465925393515e-09,1.7792904481119576e-08
2.075e-07,-184.78761765545153,1.3845109462054268,-74.27666676987505,-0.003621025208871636,-185.40621286267913,1.4076853122837274,-74.17291828548139,-0.0030914584742378235,-226.3290175395334,5.785043303539738e-09,1.783537806136788e-08
2.1e-07,-159.97836773700348,0.987635695781996,-73.7819564083831,-0.005364638090787495,-161.56358518756326,0.9581771880424865,-74.30598478298101,-0.004793687312312346,-200.97248637975056,5.823045604189852e-09,1.7848458279943968e-08
2.125e-07,-129.48273260140414,0.6409850825062001,-74.272186740747,-0.0055617407421294195,-129.4124369161654,0.5759339944213347,-74.61208995803713,-0.006462425316200588,-166.53245651034572,5.859336435708832e-09,1.7842598717699808e-08
2.15e-07,-89.10316105060986,0.2741383776719737,-76.15398969211584,-0.008557693909866578,-90.1496521191753,0.2809925122677264,-75.09165611655165,-0.00807870102626667,-124.56553885111899,5.894283614072419e-09,1.782648871288799e-08
2.175e-07,-45.84872970693259,0.1320222747507349,-76.65046220865612,-0.008348030652636269,-45.51921211393961,0.0899047408400572,-75.74280373518704,-0.009627209545026211,-76.96854250898497,5.9283302618663e-09,1.7806226399680662e-08
2.2e-07,2.1542329538605616,0.04689417534055836,-76.47467549431602,-0.009387446188550976,2.261157552304395,0.014413981171593815,-76.56139214017436,-0.011096241034509567,-25.89274332594393,5.961979973906522e-09,1.7785177652337326e-08
2.2250000000000001e-07,50.648645138538704,0.07830246720558987,-77.29853265600755,-0.012034579223261194,50.63606782617936,0.06036877244756619,-77.54108100346033,-0.012477213133088465,26.353348889871743,5.995777027288815e-09,1.7764572388305575e-08
2.2500000000000002e-07,96.37236047626355,0.2483817718426242,-79.33337288027707,-0.01309958720452608,96.89871689118038,0.22702302657117976,-78.67341198189773,-0.013763863857473985,77.40832975035968,6.030282562253749e-09,1.774470986617129e-08
2.275e-07,137.83349414036329,0.4892845792265412,-79.7252298581705,-0.016926122202749576,138.40624586332305,0.5068318424508839,-79.94790964611722,-0.014951216497233303,124.9646303881583,6.066048219745248e-09,1.7726474320316684e-08
2.3e-07,172.25726223297988,0.85075798075818,-81.78643888442623,-0.016173479021696587,172.79783970601545,0.8857947541870188,-81.35220067476536,-0.016034465686895174,166.87281431442767,6.1035891322947095e-09,1.771275577785176e-08
2.325e-07,198.21343726878234,1.3223372192905407,-82.43739759228764,-0.01591852233884299,198.18808225517677,1.344330499469347,-82.87215012846359,-0.017007947590504308,201.23872705322756,6.143358355762388e-09,1.7709368642999616e-08
2.35e-07,213.3603142509714,1.8360248713695642,-84.06134034510146,-0.017946404697579115,213.3113373495391,1.8586005173300808,-84.49201346756685,-0.017864344460573764,226.50910761027436,6.185724763379125e-09,1.7725172430096064e-08
2.375e-07,217.21136592397477,2.375796638360722,-85.42363720114805,-0.01809861439850084,217.6000548081736,2.402142980634432,-86.19460283989864,-0.018594236867246074,241.54179233263986,6.230956104078575e-09,1.777129773937545e-08
2.4000000000000003e-07,210.80548641977828,2.993352261447785,-88.06254195238985,-0.018680518807137284,211.18969004307831,2.9476440204846845,-87.96146604033407,-0.01918606200872752,245.65733810481296,6.2792083983902525e-09,1.785960971902629e-08
2.425e-07,194.27860457773969,3.4407220119041284,-89.55753721194247,-0.02182192959206077,194.85372082115785,3.468663269544682,-89.77307643447938,-0.019626473184187053,238.66973163022627,6.330522184448625e-09,1.800073413953773e-08
2.45e-07,169.65229094072416,3.927948177135446,-90.86343933353267,-0.020641478364111114,169.88221955251348,3.9411479650265733,-91.60903204471755,-0.019901034605355156,220.89479680865176,6.384825431369847e-09,1.8202073954673894e-08
2.475e-07,137.68350628414487,4.271698376879507,-93.04283357953219,-0.021403383461202925,137.92492539775486,4.344610146228976,-93.44826191937184,-0.019995137564471275,193.1359202151556,6.441942308415369e-09,1.8466233527698607e-08
2.5e-07,100.21378217547927,4.6342975265230555,-95.09416027632739,-0.020445415388843972,100.82353703199607,4.662897640599734,-95.2692378453593,-0.019894996505602197,156.64773985646224,6.5016065236920545e-09,1.8790156421861538e-08
2.525e-07,60.09418960579772,4.904574662788822,-97.03762053224604,-0.018597038103778787,60.45745514209829,4.884551701587489,-97.05018942196988,-0.019588580939576616,113.079438390231,6.563477685390081e-09,1.9165111971027628e-08
2.55e-07,19.159055732356222,5.025749000443041,-97.63341507443587,-0.01779940605424756,18.62264088088039,5.002801700278678,-98.76932048868417,-0.01906636111353304,64.40020382462389,6.627159114003092e-09,1.9577488251615204e-08
2.575e-07,-23.01784446015136,5.044886213727637,-100.12819452521748,-0.017138102634424137,-23.0444642715838,5.015290634877376,-100.40502489342305,-0.018321787255544862,12.810226704758188,6.692215727503638e-09,2.0010209772692153e-08
2.6e-07,-62.62036434646602,4.919928153794785,-102.59709319427556,-0.017306738054535514,-63.095428992896984,4.923647628966756,-101.93609959934358,-0.017351475957069304,-39.35874348942612,6.758190978823798e-09,2.0444522110916624e-08
2.6250000000000003e-07,-100.20920703764838,4.678048037328794,-103.38565181954395,-0.015416590927962303,-100.25757344474283,4.733022197991974,-103.34195315812413,-0.016155132752065936,-89.74878810957439,6.824622266422856e-09,2.0861873977341536e-08
2.65e-07,-132.8738653873236,4.442422277061738,-105.19499763184223,-0.015460703694700477,-133.395408602986,4.451671421322272,-104.60280762533168,-0.014735286979946978,-136.08239189212955,6.891054673836066e-09,2.1245662631789675e-08
2.675e-07,-161.58105765290966,4.16499752119657,-106.07448568553161,-0.014385358403292968,-161.46469107765725,4.090650868005175,-105.69989205847872,-0.013096945055117118,-176.26538146165825,6.9570532385994265e-09,2.1582666291120603e-08
2.7e-07,-183.56793425883816,3.6394164452968045,-107.02713064474607,-0.010744050952207249,-183.47855627358294,3.6636117830993533,-106.6156258201537,-0.011247276001915068,-208.4815771983617,7.022214141980384e-09,2.186404554624072e-08
2.725e-07,-197.54627493377168,3.194543133267431,-107.3173924146952,-0.007465736767918748,-198.50175067505907,3.186660635852181,-107.33379000639043,-0.009195427396924489,-231.2748804208973,7.086175218381869e-09,2.2085843562179893e-08
2.75e-07,-206.47394363331875,2.6771088041501105,-108.30423065626411,-0.008386103060821373,-205.6822277941849,2.6782021948361945,-107.83968543333013,-0.006952533877407043,-243.6150857308086,7.148626014915034e-09,2.224895286104868e-08
2.775e-07,-203.74088415254965,2.1546503599523334,-108.35704653935097,-0.003037150607683816,-204.32058792148482,2.1586711484583008,-108.12027574218652,-0.004531931057524962,-244.94444395044246,7.209317331351693e-09,2.235855423952137e-08
2.8e-07,-194.57219292511806,1.6706383562248142,-108.10333822787393,-0.0029804926895694445,-193.96869462768197,1.6500636810765237,-108.16431432239982,-0.0019495344558730472,-235.20287111561987,7.268069810000166e-09,2.2423081907040746e-08
2.825e-07,-175.41689531579982,1.1197524800629866,-107.4068933683284,0.0020814848846664197,-174.54103372108455,1.175208814324328,-107.9624539043737,0.0007757039388351533,-214.83066413398606,7.324780809561045e-09,2.245283311201116e-08
2.85e-07,-145.92768072270772,0.7100426551373582,-107.57009718273831,0.0023488232955630357,-146.41749678858523,0.7567649863915703,-107.50733783495967,0.003621380449123591,-184.7486003674734,7.379428570055963e-09,2.2458413388210553e-08
2.875e-07,-111.1227319259138,0.4780849028774765,-107.09705412640061,0.006557565242075087,-110.51526224967179,0.4159821453150707,-106.79367221941601,0.006561394702501888,-146.3163205924311,7.432072622647912e-09,2.2449270440757007e-08
2.9000000000000003e-07,-68.14854909956044,0.19160247076323803,-105.27341102648931,0.008729478576582194,-68.31060731870903,0.17132352262355668,-105.81827829137112,0.009565989386652977,-101.27087633283894,7.482849552808767e-09,2.2432593475936467e-08
2.925e-07,-21.64780049748494,0.05914436128371785,-104.63537750133835,0.013085387074238541,-21.798356289495086,0.03708405687390486,-104.58012455575685,0.012602152707518037,-51.648219087220824,7.531963583881301e-09,2.2412816350322257e-08
2.95e-07,27.466790842251513,-0.018490498365070045,-102.75161715622255,0.016985332230810817,26.613880323561695,0.022165700754808705,-103.08033843708299,0.015634408550157373,0.3088200426255583,7.579671968126063e-09,2.2391853411785956e-08
2.975e-07,75.40106057887246,0.19351486915210522,-101.47590127360728,0.01876750233542939,74.26910728529462,0.12916838768191935,-101.32219735510137,0.0186259590279464,52.251901209821305,7.626265779408088e-09,2.2370031469481697e-08
3e-07,118.83265036207975,0.3316819202712096,-98.4385265347355,0.023177191180553915,118.46484480207437,0.3539283131577134,-99.31109934014361,0.021540086791105317,101.83331543561364,7.672047301872893e-09,2.2347499432589197e-08
3.025e-07,155.69882648848716,0.6613499502434068,-97.67474194444522,0.025019491448945694,156.67333064382632,0.6855859259616568,-97.054513489485,0.0243416800797462,146.8120957087759,7.717305705053506e-09,2.232575246928289e-08
3.05e-07,187.812433166517,1.1203785673610414,-94.94533705801248,0.025815393344352504,186.75054423797292,1.1072020422281947,-94.56191075228887,0.026998719749687473,185.15530359115976,7.762293004193739e-09,2.230884987307102e-08
3.075e-07,206.29169489946415,1.5690129656051275,-91.13850341018204,0.028977297665452827,207.1076644756208,1.596871840634758,-91.84467571231811,0.02948356844669352,215.12991340548817,7.807202369830816e-09,2.2303961857205796e-08
3.1e-07,216.65895535795443,2.1681279476748063,-87.84264265990804,0.031283899516964704,216.82388553109323,2.1292241159315717,-88.91600021305103,0.031773927456262625,235.381141049346,7.852150655729237e-09,2.232104145027774e-08
3.125e-07,216.20803960496426,2.678148988001694,-84.94968965911761,0.03470875414853937,215.68816216202177,2.6771470084763522,-85.79075983748625,0.03385337187292813,244.99367715136302,7.897166583496114e-09,2.2371639883150995e-08
3.15e-07,204.8509196160394,3.2028782716684048,-82.41158145503178,0.03522996629976273,204.1679750011862,3.2135587140246513,-82.48537441328301,0.03571143147491372,243.53305697036058,7.942185417671033e-09,2.246710287759755e-08
3.1750000000000003e-07,183.6024503916187,3.749522979188285,-78.74850151344053,0.03687557989671978,183.31381575675928,3.7130456676446757,-79.01765386150502,0.03734324292549671,231.06529721224882,7.987050276033216e-09,2.261653804799943e-08
3.2e-07,154.43612743670636,4.138934692515697,-75.41421536314432,0.039602497393381876,154.61700567881388,4.153220131417548,-75.40663084279272,0.03874884847055138,208.1539122252598,8.031519547692825e-09,2.2824990104416383e-08
3.225e-07,119.6498643864467,4.525167037726878,-71.05735440896285,0.0392613721577607,119.84420131854526,4.515698476208536,-71.67238177705177,0.03993224897915722,175.83444443469614,8.075279332611375e-09,2.3092195708123152e-08
3.25e-07,80.8597439265084,4.77550684045804,-67.8290305853283,0.04069855724036786,80.87360092497185,4.786661946084041,-67.83583792060823,0.0409003305753579,135.56766018355086,8.117959445750996e-09,2.3412142451424575e-08
3.275e-07,40.050112860140864,4.951650274912161,-65.06935657532907,0.04016848386816956,39.55525953796642,4.957022845983415,-63.91858827726716,0.041661774738338396,89.17352642041017,8.15915138882597e-09,2.3773475781850023e-08
3.3e-07,-2.2044720588233044,5.010761759959225,-59.21323286461915,0.04232954668225029,-2.3883793502613653,5.022270577417423,-59.942676195973775,0.042226037147988754,38.748952337981244,8.198426784534343e-09,2.4160634717232344e-08
3.325e-07,-42.935085388108284,4.961002232151883,-55.534911063766074,0.04398835472067918,-43.41440665471449,4.982105421383364,-55.930391567140546,0.04260245015589268,-13.426986147114407,8.23535505497596e-09,2.4555488004914257e-08
3.35e-07,-82.74556776772454,4.732489438009005,-52.17357880113865,0.04294555454415808,-82.1661128027328,4.839978522415699,-51.904060571601576,0.042799478379160996,-64.9960554356444,8.26951953898732e-09,2.493919977736374e-08
3.375e-07,-117.8720859729059,4.6526724227207295,-48.25672484043249,0.042520501377971164,-117.44536763285318,4.602643513833846,-47.88583496023071,0.04282414513019528,-113.62745103403084,8.30053169517403e-09,2.529406857706637e-08
3.4000000000000003e-07,-148.32688918840816,4.301481513504618,-44.09359403501907,0.04350332324843867,-148.16786135607586,4.279792314006323,-43.897482848262165,0.04268165171426917,-157.12314460953112,8.32804343908033e-09,2.5605133373136293e-08
3.425e-07,-173.409226770597,3.834108856343979,-39.73201255661481,0.0434254394929976,-173.3209098769945,3.8838020928827324,-39.96018299624387,0.04237522589435973,-193.51722986529484,8.351757938915603e-09,2.586140040911389e-08
3.4500000000000003e-07,-192.308650183005,3.4220259516347618,-36.13332875779833,0.04350911955079096,-191.94203393937926,3.4295717735127678,-36.094324519413846,0.04190624583409277,-221.16477702803064,8.371439297027487e-09,2.6056598392287762e-08
3.475e-07,-203.04542262963056,2.8723592291177424,-32.796301297121154,0.042791334649163223,-203.1312906860974,2.9343846881279347,-32.319313919399306,0.041274674518893134,-238.8161799277557,8.386921462514462e-09,2.6189411633887485e-08
3.5e-07,-206.2000045290988,2.4550421094707557,-28.378133162886368,0.0410399414885327,-206.1023719074029,2.41770777790128,-28.653391266906617,0.04047979626996858,-245.67363535095103,8.398116480549211e-09,2.6263177170044764e-08
3.525e-07,-200.2645559821334,1.8370846418413982,-26.215227859661685,0.03871747128404768,-200.26829638348556,1.9008326726223794,-25.113457282088174,0.03952117647244848,-241.42720192897485,8.405021845300551e-09,2.6285073888218697e-08
3.55e-07,-185.289367407418,1.3562386599333214,-21.985601141338734,0.03744824985329548,-185.34885847087827,1.4062817554624643,-21.714912961258133,0.03839969210279247,-226.26880878209585,8.407726366276437e-09,2.6264888111452908e-08
3.575e-07,-161.7691589576499,0.9308952283522761,-18.206475591449628,0.03803367827214405,-161.48051249956248,0.9569402069329906,-18.47151328546499,0.03711843937944741,-200.8835807603357,8.406413668980435e-09,2.6213510344267077e-08
3.6e-07,-130.36883706064697,0.5715659203958959,-15.528530921938868,0.0339797749104039,-129.30634861665234,0.5749264446815545,-15.395236419125425,0.03568334439341192,-166.41887236048672,8.401362306049342e-09,2.6141388364808227e-08
3.625e-07,-90.16226637256803,0.24185814715876444,-12.428519067814255,0.034070639257981025,-90.02490795098116,0.28026902987496816,-12.496169666611664,0.03410338588663087,-124.43240991572414,8.39294150544876e-09,2.6057208120257225e-08
3.65e-07,-44.80199158036198,0.136169475991932,-10.68707952479202,0.03279601118020321,-45.38170961994566,0.0895076465919945,-9.782413302631952,0.032390457634539384,-76.82188591275957,8.381601843402488e-09,2.5967068803295963e-08
3.6750000000000003e-07,1.7306638223838058,0.01615650448590543,-7.3810080259513535,0.032228703268109886,2.404295950231937,0.014369648137977933,-7.260003229799054,0.03055900329929422,-25.7391876130571,8.367860577819206e-09,2.5874344149611705e-08
3.7e-07,50.45872752266734,0.0007034998507719145,-4.332128278719319,0.02953966897274897,50.77697898015743,0.06068492795673484,-4.932853245414403,0.028625606988767423,26.506863350890853,8.352281953299604e-09,2.5780280915464e-08
3.7250000000000003e-07,97.50731906088167,0.2670078825685775,-3.412454387974475,0.025171678740214684,97.02940143024186,0.22768737987197993,-2.8027175207303543,0.026608702403413627,77.55486445547241,8.335453405314285e-09,2.5685205627334422e-08
3.75e-07,138.68184998184248,0.459161173004603,-0.56697670602548,0.023584145942545286,138.51922119684912,0.507812282950304,-0.8691737114100171,0.02452848765348807,125.09756230239623,8.31795915112872e-09,2.5590040512623435e-08
3.775e-07,172.11648241255838,0.9031768301215911,0.6164875816786685,0.022398206819917815,172.88675991726944,0.887041175166177,0.8703730707791557,0.02240703602356995,166.98613521799248,8.30035306604778e-09,2.5497723284501286e-08
3.8e-07,198.03266363250378,1.287821285409357,2.1914302816087385,0.020064054924275137,198.24824651427727,1.3457780982869185,2.420665386103799,0.02026851077770638,201.32731509934518,8.2842273092041e-09,2.5415194903691066e-08
3.825e-07,213.27493323019002,1.8895270929767949,4.355231854332059,0.018402213963826606,213.34002425762915,1.8601742378575299,3.788547847726697,0.018139347902279036,226.56895882100088,8.270853487249358e-09,2.5352207557710998e-08
3.85e-07,217.48955095183888,2.3705237216204105,4.9865300160239725,0.015634835016319282,217.59664577585508,2.4037626265990815,4.982901098987028,0.016048271181213457,241.5702015695501,8.260321199497632e-09,2.531972163411574e-08
3.875e-07,210.65054586229869,2.9341525324214177,6.296502720478691,0.013693270994527633,211.1555760592192,2.949229500989454,6.014555918866336,0.01402604211817387,245.65302133509505,8.252625116153693e-09,2.532944340588146e-08
3.9e-07,194.23289621423834,3.4489107231869145,6.585523404189289,0.012027788524289425,194.79201848839492,3.470139449958216,6.896188171045818,0.012104908053208619,238.63288396204075,8.247663224540919e-09,2.5391852339825644e-08
3.925e-07,169.283708875743,3.935356439136958,8.04248434921536,0.011125310162848602,169.79734874429576,3.9424486839619486,7.642195489509422,0.010317778297771023,220.82708367268668,8.245241550928478e-09,2.551422000518372e-08
3.9500000000000003e-07,138.1210546783785,4.338875021286895,8.3119859979314,0.008875679209934529,137.82211793980312,4.345681106038888,8.268556763499785,0.008697215037567832,193.04040209095496,8.245084527933139e-09,2.5699037549807077e-08
3.975e-07,100.49126035517537,4.691430037274646,7.99108382263878,0.007682510701440479,100.70835072870008,4.663698058591974,8.79267564525086,0.007274362147111416,156.5287339457143,8.246849705251539e-09,2.5943157187621305e-08
4e-07,60.590132873565935,4.896745645916798,9.312623044511898,0.007114529840863094,60.33535971166678,4.885054790848964,9.233209453847193,0.006077945216010904,112.94232348909196,8.250145243438789e-09,2.623778236153636e-08
4.025e-07,18.277301268183656,5.052039346026436,9.853364894673987,0.0037440437073104293,18.49872362575579,5.002994201913012,9.6098849864277,0.005133459714891818,64.25117721437039,8.254548608722745e-09,2.656926370748997e-08
4.05e-07,-24.000478719417643,5.0007551433338335,10.894757436905609,0.003478675951020456,-23.165651335020513,5.015171722820919,9.943302872511417,0.004462625885565,12.656024048798606,8.259625083188425e-09,2.6920518804844273e-08
4.075e-07,-63.549739079369935,4.906629683280751,10.823085025736528,0.004053341610501179,-63.20988741105628,4.923227539763525,10.254732217325998,0.00408313686978108,-39.51115258221075,8.264945064733163e-09,2.7272817809715157e-08
4.1e-07,-100.25250440933212,4.768758212645382,11.053699925758071,0.004405513803751649,-100.36177469272087,4.732320899057148,10.565897374667044,0.004008671113913973,-89.89251509526981,8.270099575111463e-09,2.7607665501534267e-08
4.125e-07,-134.35142378275884,4.3519752018437785,9.110845167627813,0.004624476427912338,-133.48615957268595,4.450717533229785,10.898758768119086,0.004249091748021335,-136.21094063829344,8.274713831756322e-09,2.790854580743721e-08
4.15e-07,-161.78462077929368,4.121674000087461,11.226187786061098,0.004760170417223275,-161.53900731845306,4.089480920831543,11.275289740713657,0.00481072338199338,-176.37294185770733,8.278459085609958e-09,2.8162352631944853e-08
4.175e-07,-183.1942694637895,3.660248576452816,11.925022328784173,0.006422042794100823,-183.53359716989593,3.662269742136411,11.71725145669457,0.005696586425999448,-208.5632877593419,8.2810631201278e-09,2.8360389169427486e-08
4.2e-07,-198.55235977312194,3.207201154021887,12.340714295139193,0.006843062826442199,-198.53485518893896,3.185197507776576,12.245967904596657,0.006906482415217092,-231.3270480155318,8.282319815889433e-09,2.8498865603097338e-08
4.2250000000000003e-07,-206.72636387698432,2.5634481142275667,13.270466378463997,0.009193854908422155,-205.69106571784536,2.676675447336386,12.882103058051614,0.008436858426524195,-243.63535250262123,8.282098018738365e-09,2.8578863104596833e-08
4.25e-07,-204.97494496492638,2.0988820301352447,14.883441166981111,0.009457260541223058,-204.30341426596618,2.157143661207909,13.645442239519877,0.010280428332718552,-244.9318938875009,8.280349651052185e-09,2.860576981902649e-08
4.275e-07,-194.13731905934608,1.6439133175714218,14.600777606582508,0.012386653096516221,-193.92466900413288,1.6486019986973826,14.554679702585442,0.012425584650079858,-235.1580714521886,8.277116647188604e-09,2.858824310070126e-08
4.3e-07,-174.07894899265438,1.1511019501904114,16.10142323952514,0.014995842059204047,-174.4705472883498,1.1738805845755946,15.627214400754195,0.014855687486420268,-214.75563971283046,8.272535960922276e-09,2.8536816490443803e-08
4.325e-07,-146.75672324012797,0.7111193746332738,16.41430484065346,0.01759915146699874,-146.3224403380691,0.755635619677551,16.87895584527792,0.01754835772392255,-184.64674212157624,8.266841668076746e-09,2.846234279414749e-08
4.35e-07,-109.07474316600134,0.36972435180442464,17.99583411687956,0.020723923473002493,-110.39917223083384,0.4151108970741786,18.324141871920155,0.020474923322366608,-146.19223228254515,8.260363136638078e-09,2.8374526440142108e-08
4.375e-07,-68.12655864651349,0.21073735464204135,19.94412652072128,0.02268293383033839,-68.1786418276817,0.17075934748028637,19.975170037505073,0.023600166680200384,-101.13016646798462,8.25351839351371e-09,2.8280821926796345e-08
4.4e-07,-22.640929056121294,0.05630119498560343,22.272238152546993,0.025800593830545338,-21.65707782707776,0.036861684273889445,21.842444252384137,0.02688249664513192,-51.49724743284924,8.246802177683174e-09,2.818593653739082e-08
4.425e-07,26.241979898274067,-0.04582823097640172,24.503131030019894,0.031160570814116353,26.756908346378754,0.022302415423579382,23.934238125620777,0.030274623212542952,0.4632299115421904,8.240768691153604e-09,2.8092065797497155e-08
4.4500000000000003e-07,73.73955641183497,0.191770746712094,25.76897809864763,0.03390144736253962,74.4058729518884,0.12966195533062866,26.256576356849127,0.033724750948658434,52.40277031884733,8.23600966736292e-09,2.7999824598489872e-08
4.475e-07,119.90143667291306,0.31302049069390225,28.236054613451845,0.03880591983022857,118.58752640096918,0.35475637632203555,28.813135353652815,0.037178235939040793,101.9738248445937,8.233128977531551e-09,2.790965504208024e-08
4.5000000000000003e-07,156.89855551889886,0.6131116617220871,31.84026526585181,0.040670558959632216,156.7749433774542,0.6867070233240364,31.605164087291346,0.0405795802470279,146.93589471240782,8.232715491725443e-09,2.7823347563392115e-08
4.525e-07,186.54627732817994,1.1086887891681463,34.72252019631005,0.04350085909460123,186.82551329334075,1.1085582037766488,34.63142602412547,0.043874579071348854,185.2567967564055,8.235316219470279e-09,2.7745254537759516e-08
4.55e-07,207.29896056253327,1.6172894870495662,37.22633690429642,0.047142127085198715,207.15225255036123,1.5983925124495728,37.888162786703006,0.047012400853791686,215.20451347240893,8.241411819410092e-09,2.768283195122502e-08
4.575e-07,217.02773077780424,2.1007086677453275,41.7891082909378,0.05145389506600985,216.83642411117518,2.1308310040005964,41.36908000876876,0.049947378574819984,235.42547626480544,8.251396371728798e-09,2.7646305926804237e-08
4.6e-07,215.61163644795252,2.6162062089496976,45.32378269052534,0.05282307549887838,215.66906495114048,2.6787593267922314,45.065355654130556,0.0526403244641283,245.0057436645859,8.26556287536994e-09,2.7647483205815213e-08
4.625e-07,203.93102403803823,3.1090321519540423,48.4998991115205,0.05624710547346635,204.11954397431538,3.2150982942127717,48.96567087205876,0.055059245741267825,243.51230940242863,8.28409532663428e-09,2.7697943594018627e-08
4.65e-07,183.97675797833946,3.70150314169796,51.76178742292033,0.05848277422371745,183.23987992903722,3.714441438512457,53.05626326345413,0.05717942442081382,231.0126733059846,8.307067545833053e-09,2.7807004912381807e-08
4.675e-07,153.3775706440477,4.210672337258119,57.040885389861636,0.057389318748347996,154.52245488827307,4.154411596771931,57.32100223415917,0.05898291447453506,208.0717904613848,8.334448245731942e-09,2.797989712890066e-08
4.7e-07,119.77652888844224,4.5446410233383725,62.2955839095993,0.060420894848966414,119.73448849545785,4.516637986283265,61.741485916230744,0.060457589053050195,175.72653652992278,8.366111275884847e-09,2.8216517209479452e-08
4.7250000000000003e-07,80.07469081996072,4.7698510920891986,66.55613392436999,0.060499009392341006,80.75428480744408,4.78731574264943,66.2971589465069,0.06159592544187284,135.4388433294357,8.401849605777597e-09,2.8510988669002715e-08
4.75e-07,38.837768722356365,4.9150313169646,70.21929284769048,0.06239665340841363,39.431646186459204,4.95737103205311,70.96545020604472,0.06239373644021724,89.02962284540293,8.441391468622343e-09,2.8852069131526583e-08
4.775e-07,-1.7433639199111899,5.006720710247143,75.41450766757384,0.062314900232507006,-2.511460867251144,5.022306291069057,75.72192944567199,0.06284904031868771,38.59646615596373,8.484417178469288e-09,2.9224286349110697e-08
4.800000000000001e-07,-43.91057485831906,4.957583478417913,80.80158585242215,0.06267018422787844,-43.532687037274236,4.981833559460253,80.5404815535234,0.06296121124328577,-13.581162907975218,8.530575418734886e-09,2.960957412332252e-08
4.825e-07,-82.53807755852328,4.833575265970706,85.77100684237855,0.06103500881215995,-82.27584423501685,4.839414355368587,85.39349706156796,0.06273047919954712,-65.144954336861,8.579498211496937e-09,2.9989137162549016e-08
4.85e-07,-117.46272554351938,4.674893971032023,90.62923866048399,0.06196318647321403,-117.54320750281951,4.601811462341433,90.25207734117728,0.062157769174800655,-113.7643421843591,8.63081422679459e-09,3.034528886660329e-08
4.875e-07,-148.64657779561202,4.300601386787827,94.1167545451544,0.061429089799929504,-148.2507342985349,4.278725037975211,95.08625280403986,0.06124480073683749,-157.2418408407154,8.684160490314258e-09,3.066305584259399e-08
4.9e-07,-172.74925172711798,3.8908514089777544,100.138451863767,0.059642019778691345,-173.38590603986216,3.882539899546685,99.86521230541686,0.0599943248523655,-193.61236637799368,8.739192821038217e-09,3.0931403171131625e-08
4.925e-07,-190.4101188211883,3.5033011037839854,104.60017572331915,0.057627724409083966,-191.98639110184286,3.4281622133255563,104.55754184291106,0.058410362068338745,-221.2320538685263,8.795595430266601e-09,3.114398807756521e-08
4.95e-07,-202.30090536182513,2.9495225443737882,109.75326709693334,0.05789131763568504,-203.1524877419744,2.9328821033056838,109.13147055652134,0.05649832490930112,-238.8525563360655,8.853090028673967e-09,3.129939172980541e-08
4.975e-07,-206.77103999362774,2.4278664482426575,114.13769906700772,0.05394068836455627,-206.09833509449192,2.4161725205560765,113.55512196559317,0.054264950949314016,-245.67746719625973,8.911444545399117e-09,3.140081530153201e-08
5e-07,-200.19598273423895,1.9112909844038561,117.63741219110796,0.05029728914454528,-200.2376924427349,1.8993297285520172,117.7967683259573,0.05171803058930286,-241.3983160206011,8.970481221858062e-09,3.145526846467053e-08
5.025000000000001e-07,-185.71488926501993,1.456706061570689,122.31252220726923,0.050184131405649854,-185.29142583755362,1.4048785942077593,121.82508595659837,0.048865972435874906,-226.20851069731495,9.030083483558489e-09,3.147233494800444e-08
5.05e-07,-161.6937650820477,0.8850275023625034,126.3401238122264,0.04472658566698555,-161.39736712896305,0.9557038145529422,125.60940936990534,0.04571729736226549,-200.79459583526457,9.090200702211593e-09,3.146267007505423e-08
5.075e-07,-128.45522195392817,0.5821173397514684,129.58471454349916,0.04370970168104378,-129.20019806916477,0.5739196586566921,129.1199820431038,0.04228018058618896,-166.3052225110931,9.150849813920903e-09,3.14364556413233e-08
5.1e-07,-90.17801586056444,0.28134790544994054,132.30952934767248,0.039182399930736564,-89.90011677723331,0.27954645574140236,132.3282016908411,0.03856216428408831,-124.299231856386,9.21211280803466e-09,3.1402083648240074e-08
5.125e-07,-45.966865596611804,0.045088157217104095,135.2475743221842,0.03357515602187508,-45.24417952892725,0.0891115630940626,135.20685793992476,0.03457014099314639,-76.67519898847107,9.274129360840902e-09,3.136533514427572e-08
5.15e-07,1.755206936989901,-0.005396395306061988,137.37602449271037,0.030149595473730743,2.5474395654570303,0.014326376764870837,137.73036036656293,0.030310664568098968,-25.585621738745765,9.337084334865408e-09,3.132924587125211e-08
5.175e-07,50.43626670107675,-0.021231372540263062,139.882834172085,0.025147497931968254,50.91787163784729,0.06100213831966394,139.87495493362098,0.025790588746326105,26.660367347420095,9.401190438268663e-09,3.129470916323218e-08
5.2e-07,97.66045509810847,0.14801969982241125,141.2610646150777,0.0219990771550914,97.16004431947614,0.22835272171973958,141.61892695975072,0.021017973706995898,77.70136854315204,9.466666953643062e-09,3.126168662676832e-08
5.225e-07,138.8829904976193,0.5481824930213989,143.02407111982296,0.01681487548054685,138.63213420497232,0.5087935892146634,142.9427888629424,0.016003149131489966,125.23044483009694,9.533716003682337e-09,3.123072705748461e-08
5.250000000000001e-07,173.6677997225708,0.8765739621418409,144.54762193785984,0.010863484151007689,172.97560130498113,0.8882882903435584,143.82945104716515,0.010759787515984881,167.09939019807695,9.602498230316976e-09,3.1204388070870496e-08
5.275e-07,198.73428976889207,1.3147827478065606,143.45007940685372,0.006214125145038228,198.3083208966127,1.3472261825749277,144.26437444119762,0.005305830154406638,201.4158236646277,9.673109953035268e-09,3.118815334445512e-08
5.3e-07,213.82160430802128,1.9403342348667336,145.17924663052628,-5.931664420183349e-05,213.3686163655831,1.8617482123070186,144.23570335230093,-0.00033587751439548394,226.62872058589127,9.745563804336478e-09,3.1190550792126445e-08
5.325e-07,217.6977088097143,2.3280379855561733,143.10655563802908,-0.0066427582224728235,217.5931431881729,2.40538228764987,143.73437746272458,-0.006137346910741845,241.59851543837053,9.819774519461846e-09,3.1222376070746866e-08
5.35e-07,211.2694675750414,2.9330665594048817,143.02212165165716,-0.012453600419405454,211.1213753557662,2.950814765572706,142.75422197272397,-0.012065654822401824,245.64860758545464,9.895551028040803e-09,3.1295154948961384e-08
5.375e-07,195.51945525007443,3.530395560446932,141.30253839226475,-0.018760084022218883,194.73024078941276,3.4716152045122857,141.2920150782823,-0.018083588284052505,238.59594208537143,9.972595334504892e-09,3.1419170554018753e-08
5.4e-07,169.6153535143495,3.9469873470176267,138.49597991621314,-0.02469534329706946,169.7124170563578,3.943748798436604,139.3475321634801,-0.024150655179359805,220.75928335768697,1.0050507979534849e-08,3.16014836248528e-08
5.425e-07,137.45975314510866,4.367226406488678,136.84192617848166,-0.030298541741005887,137.7192657445013,4.346751320811502,136.9235662847452,-0.030224343021571905,192.94480775746075,1.0128799247441228e-08,3.1844362539509457e-08
5.45e-07,100.850175449675,4.657314226298082,134.04730585148022,-0.03429043933310954,100.59313613007508,4.6644976320479525,134.02592472537032,-0.0362614815111314,156.40966623990377,1.0206904811794232e-08,3.2144428114563334e-08
5.475e-07,61.190273228633586,4.823000085435505,130.00759032451148,-0.04227575587626746,60.21325166566978,4.885556977021564,130.6634016019122,-0.042219561258838884,112.80516400011072,1.0284204253364583e-08,3.249264729599989e-08
5.5e-07,17.95301916918245,4.980243278945978,127.33661377178704,-0.04748598245565187,18.374808009987945,5.003185780368976,126.8477267076477,-0.04805788056819952,64.10212523877135,1.0360040862537716e-08,3.28751323761885e-08
5.525e-07,-23.319210972523905,4.984645206035579,122.86191888908316,-0.05409372351294638,-23.286824170617685,5.0150519021530915,122.59349098036247,-0.05373842895636436,12.501816396441164,1.0433741334468128e-08,3.3274563392186937e-08
5.55e-07,-62.58461789276943,4.90521492195128,117.66065050385556,-0.05799364608888673,-63.324320560966875,4.922806587056643,117.91804918064265,-0.05922646103030086,-39.6635460766172,1.050463432491242e-08,3.36719756704856e-08
5.575000000000001e-07,-100.47194417201133,4.742124545675569,113.69584696954416,-0.06465288945403154,-100.46594083002147,4.73161880864625,112.84140056078712,-0.06449075607175947,-90.03620659282552,1.0572067278001911e-08,3.404864308723711e-08
5.6e-07,-133.0146360217274,4.46828736505142,107.66641021089657,-0.06976878591286106,-133.5768663730165,4.449762949929522,107.38604849176053,-0.06950358561975639,-136.33943561053442,1.0635421373785913e-08,3.438782324971158e-08
5.625e-07,-161.57031930988083,4.107793830980953,100.97062390741551,-0.07326424195353924,-161.61327080883677,4.088310397240405,101.57684019465339,-0.07424041396367835,-176.48043262451282,1.0694124788971882e-08,3.467618859673563e-08
5.65e-07,-184.09191905757464,3.5621205454924847,95.2335584692027,-0.07806196401125517,-183.58857715618336,3.660927264918032,95.44078789232313,-0.07867933003733198,-208.64491598283863,1.074766465620297e-08,3.490482574445555e-08
5.675e-07,-198.29797130939656,3.1278168728713016,89.81681417023952,-0.08181435394190471,-198.56789133018862,3.183734103696769,89.00687285479269,-0.08280015687391457,-231.37912428591096,1.0795598115513622e-08,3.5069733094091795e-08
5.7e-07,-205.49491501908392,2.642484508849832,82.58737474738345,-0.08653988617211052,-205.6998291148567,2.675148601913816,82.30583395721213,-0.08658312105242609,-243.65552309105527,1.0837562684285824e-08,3.5171784711006136e-08
5.725e-07,-204.73092154978497,2.099825468991936,74.88370690210226,-0.09002752237511882,-204.2861621092728,2.15561626792354,75.36994250046722,-0.0900069183478836,-244.9192471293264,1.087328587316595e-08,3.521616627179981e-08
5.75e-07,-194.17605013966147,1.6469817887022873,68.47581400175322,-0.0926860496746385,-193.88056406929897,1.647140609656831,68.23276516071051,-0.09304602615593056,-235.1131789520752,1.0902593616633255e-08,3.52113375003015e-08
5.775e-07,-173.86826817735943,1.1550853555992808,61.502685452457094,-0.09516451337939781,-174.3999848091093,1.1725528462643828,60.92891703418894,-0.09566723686176627,-214.68053050954936,1.0925416753817157e-08,3.516763978116993e-08
5.800000000000001e-07,-146.165511778511,0.7498679585189848,53.34326124744312,-0.0988627369194893,-146.22731581939223,0.7545069303859971,53.493806826871484,-0.09782565485797438,-184.54481098006838,1.0941794571005515e-08,3.5095740510724506e-08
5.825e-07,-109.52428128673964,0.4531889808595106,46.02370842978089,-0.10136577263175782,-110.28302703322133,0.41424048803129104,45.96337630381694,-0.09946082681196419,-146.06808625827972,1.0951874367068784e-08,3.500516749128508e-08
5.85e-07,-68.08370105784591,0.20148837958519228,37.660924199046924,-0.10067880788590317,-68.04663860589783,0.17019613695666738,38.37383616041587,-0.10049430574612715,-100.9894166785422,1.095590616074104e-08,3.4903210156584495e-08
5.875e-07,-21.35851054876832,0.07156063183063222,29.992244396667296,-0.09967826657965985,-21.515782713047514,0.03664035458066572,30.761400506172947,-0.10083098444344432,-51.34625544818334,1.0954232020141958e-08,3.4794425574744605e-08
5.9e-07,25.91426017703502,0.05633023675127519,23.65700679955894,-0.09843436302787,26.89992974640135,0.02244019613573227,23.162022161323883,-0.10036814765682874,0.6176395975821164,1.0947270017361722e-08,3.468087727388369e-08
5.925e-07,74.22611578820381,0.016918583160824632,16.14332114211707,-0.09891792866740999,74.54260831895508,0.13015655291981867,15.611130957235602,-0.0990172268558127,52.55361874008782,1.0935493419762885e-08,3.456306926756951e-08
5.95e-07,119.42279391656116,0.3734061649551252,8.431882237838035,-0.09531704509697196,118.71015555783484,0.355585374651073,8.143377203321116,-0.09673946922299066,102.11429399592187,1.0919406330905814e-08,3.444135581741799e-08
5.975e-07,158.17864138117235,0.7120353452143385,0.26564956548365415,-0.09341295983471652,156.87648489853567,0.6878289077892491,0.7923824363167924,-0.0935841824416062,147.0596357080741,1.0899517490464525e-08,3.43174631642402e-08
6e-07,187.1746755704281,1.1686011077453597,-6.246029456908138,-0.0901238155842646,186.90039724392648,1.1099149608459271,-6.40950049727633,-0.08970443561578523,185.35821678520122,1.0876314250637636e-08,3.419570241939073e-08
6.025000000000001e-07,206.33917347903952,1.6045058658758202,-14.493729286084363,-0.086682241142282,207.19674749551532,1.59991355784377,-13.431416057502886,-0.08533015522849695,215.27902857999726,1.0858297878480793e-08,3.409139917858591e-08
6.05e-07,217.17176137562103,2.087836879685949,-20.159482815617455,-0.07911899741637357,216.8488677670219,2.1324380284936773,-20.244221457536106,-0.08070761278766196,235.469718538015,1.0846596377571515e-08,3.401550241804765e-08
6.075e-07,215.6638411376362,2.728595531369909,-27.237969847377585,-0.0758843581639079,215.64987697143596,2.680371544697204,-26.820687187675233,-0.07603947905468654,245.01771345342158,1.0841224192974516e-08,3.3979544992441066e-08
6.1e-07,204.55961756208717,3.1909873163491627,-33.638360516749785,-0.07194572385349889,204.0710314384002,3.2166375518357895,-33.135680994521145,-0.07145429108351058,243.49146569969355,1.0842075857630264e-08,3.3994816664291824e-08
6.125000000000001e-07,182.94277916965726,3.7837863877381976,-39.604620506556,-0.06901473366201638,183.16587570093972,3.715836691225989,-39.166333837565986,-0.06700887328649868,230.95995819957457,1.0848927752905349e-08,3.407033190224465e-08
6.15e-07,154.22628864251269,4.143900929532147,-45.04571868816095,-0.062077516847836564,154.42785119601515,4.155602383489135,-44.89218650248711,-0.06270927813608107,207.98958655406165,1.0861446172305861e-08,3.421100816102014e-08
6.175e-07,119.50818378797211,4.581033799835018,-50.39380313278938,-0.05922099887356515,119.6247392177719,4.517576697209943,-50.29531571866856,-0.05853459405695338,175.61855925109452,1.0879200594851453e-08,3.4416425820313195e-08
6.2e-07,80.07735872349873,4.711714428348114,-55.682699544482915,-0.053800251638464455,80.6349484043636,4.787968660925105,-55.36043880642545,-0.05445520652070978,135.30997300621016,1.090168070373051e-08,3.468039322696229e-08
6.225e-07,39.485514077825165,4.914801473655772,-60.69074074746136,-0.05073801429687939,39.30802757062623,4.957718300650071,-60.0749960655271,-0.05044375106265922,88.88568412291382,1.0928315545377527e-08,3.4991359593953615e-08
6.25e-07,-2.377432636772363,5.068456474545113,-64.29059978387126,-0.04694961999576826,-2.634534223976339,5.022341084760706,-64.42921030922412,-0.04648021198143119,38.443964736670914,1.0958493315719101e-08,3.533355576680819e-08
6.275e-07,-43.29854795675779,4.949871937899911,-68.2561462450878,-0.04440073550801388,-43.65094748032186,4.981560807717986,-68.41612314544389,-0.042553293911824046,-13.735334307206253,1.0991580546617862e-08,3.568863405255222e-08
6.3e-07,-82.94893364662958,4.86131674246782,-71.40536916744739,-0.04003507117370399,-82.38554534007291,4.838849357330079,-72.03160780736096,-0.038659790913025106,-65.29382751988133,1.1026939877637482e-08,3.603753608816752e-08
6.325e-07,-117.35869705542557,4.537972398648211,-75.40358967037294,-0.0332566392121847,-117.64100764500967,4.600978664197023,-75.27435853744367,-0.03480307960521289,-113.90118842232518,1.106394604893778e-08,3.636233282428467e-08
6.350000000000001e-07,-148.48652743103327,4.270002647665523,-78.52760950789339,-0.030259585083961506,-148.33355871942663,4.277657122969722,-78.1458567305207,-0.030991393536756322,-157.36047499531256,1.1102000151017197e-08,3.664783057830795e-08
6.375e-07,-172.78709917165216,3.907312549025064,-80.89585184428527,-0.02904315520067903,-173.4508452987881,3.8812771968860322,-80.65031424070325,-0.027236238269881297,-193.70742645559812,1.1140542441002835e-08,3.688279732773614e-08
6.4e-07,-192.34423532551622,3.402884701237327,-82.69606805887742,-0.02510443999254869,-192.03068349394184,3.4267522943127795,-82.79459445231349,-0.023551132353060944,-221.29924337010917,1.1179064135917647e-08,3.70607170185578e-08
6.425e-07,-203.09780944415303,2.921112467002034,-85.19681118498818,-0.020571062491850922,-203.17361312573757,2.931379329330133,-84.58811190468782,-0.01995075354798826,-238.8888384491685,1.1217118509708814e-08,3.7180021702375724e-08
6.45e-07,-205.94782465506927,2.417300660906425,-85.70009558440387,-0.01857700312461223,-206.09422142835072,2.4146372598329386,-86.04271144313282,-0.0164504959738756,-245.68120205199514,1.1254331379564092e-08,3.724378773413354e-08
6.475e-07,-199.12879339852051,1.9795721283543115,-86.81419519643153,-0.01303684486815237,-200.20700913794423,1.897826977833894,-87.17252804183887,-0.013066385092979447,-241.36933481199475,1.1290410727506995e-08,3.7258924322101926e-08
6.5e-07,-185.6838310999523,1.3987667249100721,-88.27183283403635,-0.00893968802833618,-185.23391497225592,1.4034758264152314,-87.99382860771856,-0.00981524984201636,-226.1481233089975,1.1325154846014746e-08,3.723493924449941e-08
6.525e-07,-160.30534656983852,0.961170434192681,-88.31931004348718,-0.006778044297391613,-161.31414909927355,0.9544680092287451,-88.52483722547485,-0.006715017738662548,-200.70553163966747,1.1358458107951577e-08,3.71824368525923e-08
6.55e-07,-129.504196645604,0.5845983904279357,-88.0362053558161,-0.0038218698443528614,-129.09398531176552,0.5729136351471124,-88.78554544244874,-0.0037849843506189843,-166.19150700703136,1.1390313317417675e-08,3.711157389753406e-08
6.575000000000001e-07,-89.91457970537496,0.3012207523601252,-89.47461002533517,0.00033330181574820167,-89.77527864950942,0.27882478914509007,-88.79750931571324,-0.0010459165014397261,-124.16600472567588,1.1420809649925259e-08,3.7030744764552274e-08
6.6e-07,-44.95970533289573,0.06664862528562757,-88.41259643096173,0.0007494764679417711,-45.10662190323962,0.08871649006672024,-88.58363505246741,0.0014801209730675145,-76.52848179402666,1.145012545295591e-08,3.694576224786806e-08
6.625e-07,2.6644623470080924,-0.023421111982095996,-87.86370728094276,0.004462439608538101,2.6905883290999677,0.014284167144992997,-88.16795516702146,0.003770276153866612,-25.432045763637035,1.1478515627493974e-08,3.685972523700623e-08
6.65e-07,51.02949828322082,-0.025914164143218524,-88.16069172482811,0.005666596230430305,51.05874572916596,0.061320403904478335,-87.57539715285886,0.005801759879665882,26.813860818858533,1.1506293887619766e-08,3.677362326933156e-08
6.675e-07,97.74240740085057,0.22761477717504225,-87.72399954290184,0.009697047809047423,97.29064549333742,0.22901905264548691,-86.83154672571895,0.007552974367387447,77.84784195556026,1.153381081251766e-08,3.668754793790536e-08
6.7e-07,138.58790222361293,0.47511818422475544,-86.60641012451825,0.011295938027000903,138.74498483213583,0.5097757618223965,-85.96240773292008,0.009004808009236833,125.36327791880281,1.1561429165573297e-08,3.6602211183546604e-08
6.725e-07,172.90298010307762,0.848940895741045,-85.12896692130685,0.011099050168330663,173.06436382804478,0.8895361002391583,-84.99416084489874,0.010141949074054572,167.21257920996726,1.1589498366205199e-08,3.652036478561363e-08
6.75e-07,197.6942328956447,1.4184014667743363,-84.96441873204039,0.011741043552854647,198.3683053784643,1.34867475271258,-83.95292314706009,0.010954060130785355,201.50425271413087,1.1618330190815292e-08,3.644771412770603e-08
6.775e-07,213.67124855946074,1.8257887136008275,-83.10116761935905,0.011622267369303253,213.39711366814174,1.8633224408662,-82.86451073349896,0.01143666976470056,226.68839288135123,1.1648177712940291e-08,3.639303205375683e-08
6.800000000000001e-07,217.45131809985918,2.404256461090805,-82.23841751725578,0.011274560004933855,217.58954705749085,2.4070019637647775,-81.75420636914404,0.011591676046907329,241.62673392792354,1.1679219173316497e-08,3.636737789382658e-08
6.825e-07,211.6213515211412,2.9191113932228236,-80.09456132433311,0.011826186981026342,211.08708796019147,2.952399814015956,-80.64653423378319,0.011427410717690323,245.64409685763425,1.1711547942547481e-08,3.6382555859776574e-08
6.85e-07,193.73291044506536,3.4585139855813325,-79.74008324441402,0.01237370785406819,194.66838776306412,3.4730905328323534,-79.56504369066566,0.010958274774397675,238.55890601480326,1.1745169079881331e-08,3.644913929945659e-08
6.875e-07,169.7006415644919,3.966483254937697,-78.69653063906286,0.010333093050790417,169.62742453459768,3.945048307981126,-78.53210393470842,0.010204014550100511,220.69139589041836,1.1780002298755597e-08,3.6574489093525124e-08
6.900000000000001e-07,138.42807014854964,4.392107055471391,-76.66024256851469,0.011422104465309153,137.6163688605182,4.34782079005693,-77.56871127146047,0.009188752561960348,192.84913725241097,1.1815890524247891e-08,3.6761182787857756e-08
6.925e-07,99.9457124675396,4.707259141609192,-76.1667301448632,0.007285847253046216,100.4778932839193,4.665296360537525,-76.69431065894436,0.007939911980113712,156.2905367860301,1.1852612756860203e-08,3.7006159039971374e-08
6.95e-07,60.58492916880792,4.83952327050534,-76.17915854464503,0.0062947048151509285,60.091131048476015,4.886058259814607,-75.92663301130469,0.006487173857303116,112.66795997743878,1.1889899700604873e-08,3.730071098340042e-08
6.975e-07,17.421286976771555,5.019018659655486,-74.585295524786,0.0061712329532914115,18.250894073181396,5.003376435569637,-75.28154961710447,0.004861582980041622,63.953047956668456,1.1927450593045002e-08,3.7631284684852646e-08
7e-07,-23.031190351411436,4.989624092154013,-74.3536459539181,0.0034972470067808153,-23.407982743660842,5.014931173075711,-74.77294486742974,0.0030948762684420896,12.347603808564596,1.1964949872297687e-08,3.798090005229824e-08
7.025e-07,-64.21100397480987,4.950749945987226,-75.31698655513532,0.0019932957270344907,-63.438728412039914,4.922384771379766,-74.41260832108341,0.0012190552449044473,-39.81592391248554,1.2002082676498681e-08,3.833093606166964e-08
7.05e-07,-99.40997556881364,4.677172465997327,-74.42793389512308,-0.001963138412090963,-100.57007182896035,4.730915927663548,-74.21014695763714,-0.0007338288546433088,-90.17986254551114,1.2038548614876863e-08,3.866301094470283e-08
7.075e-07,-133.8196839183534,4.448313307764574,-74.05795488498246,-0.0006300135933969995,-133.66752897806276,4.448807672718108,-74.17291828548129,-0.002731752369955274,-136.4678767581254,1.2074073685985578e-08,3.896072371988689e-08
7.1e-07,-161.73962320396362,4.126421447546839,-74.67848270123223,-0.004947749606106939,-161.68748152406692,4.08713929892235,-74.30598478298106,-0.004742760218798681,-176.58785371963594,1.2108420563604817e-08,3.921108126972547e-08
7.125000000000001e-07,-183.48161563611322,3.6358438307355256,-74.36412784349422,-0.0074774545093191985,-183.6434962091854,3.659584353506548,-74.61208995803719,-0.0067350761217638095,-208.72646183662778,1.2141397661742981e-08,3.940549347452475e-08
7.15e-07,-198.41231963232948,3.1734274017155455,-75.25956883229274,-0.0071790593164687885,-198.60085907835477,3.182270425997346,-75.0916561165516,-0.008677369084472175,-231.4311092114768,1.2172867397208064e-08,3.9540266566999e-08
7.175e-07,-205.40400861927685,2.6163061163992727,-76.11517381440028,-0.01067465789831131,-205.70851796981597,2.673621661196047,-75.74280373518712,-0.010539225644552053,-243.67559748814705,1.2202753899500602e-08,3.96165628464299e-08
7.2e-07,-204.15521803908197,2.122649968990723,-77.45250143102604,-0.012833161557688618,-204.26883144387642,2.154088971366295,-76.56139214017428,-0.012291827973311503,-244.90650368091212,1.2231050117483443e-08,3.9639832694313386e-08
7.225e-07,-194.43771511847393,1.6701088259743835,-77.07578133688573,-0.013321416934550965,-193.8363798264191,1.6456795167130234,-77.5410810034603,-0.013908786014461988,-235.0681936330022,1.2257823912117843e-08,3.961877350010477e-08
7.25e-07,-174.48754314586031,1.1865861878176456,-78.49203674139928,-0.015104965102653273,-174.3293462997464,1.1712256019891374,-78.67341198189773,-0.01536702737392914,-214.60533655379388,1.2283222390132683e-08,3.956393441434493e-08
7.275e-07,-146.7595628251725,0.7509267353263649,-79.64443028500877,-0.016225390793049358,-146.13212326338845,0.7533789207897036,-79.94790964611734,-0.016647620303296574,-184.44280698319292,1.23074735080598e-08,3.94861587173868e-08
7.3e-07,-110.41006795545728,0.43114351161099024,-81.16442356446782,-0.017524423841059136,-110.1668267019197,0.4133709199721341,-81.3522006747653,-0.01773639866215923,-145.9438825686485,1.2330883924562572e-08,3.939511726524628e-08
7.325e-07,-66.9259868828254,0.19256148781396962,-83.60081883195375,-0.01883248618191928,-67.9145977107908,0.16963389221065558,-82.87215012846355,-0.018624275119945223,-100.84862702007742,1.2353832235314036e-08,3.9298209800330736e-08
7.350000000000001e-07,-21.290236524695047,-0.039958891626908355,-84.6744782628826,-0.01755741108405635,-21.3744710136388,0.0364200682198747,-84.49201346756686,-0.01930716772184541,-51.195243192825544,1.2376757084539898e-08,3.920007186454427e-08
7.375e-07,27.41641340356894,-0.059496023653459094,-85.57980408467965,-0.01840834033659124,27.042944453439983,0.022579042529397915,-86.19460283989854,-0.01978551908270335,0.772049039789457,1.2400140167910073e-08,3.910281494874012e-08
7.4e-07,73.99788511915531,0.11260548858048347,-86.99922939337067,-0.020341464304935757,74.67931331797028,0.13065217930269077,-87.96146604033409,-0.020063447876016563,52.704446413991924,1.2424484748081911e-08,3.9006961725962734e-08
7.425e-07,118.82106002417788,0.43942009543535504,-89.76951564746817,-0.02180637081824562,118.83273221149923,0.3564153062758807,-89.77307643447939,-0.020147628708024466,102.25472283414396,1.2450290902880953e-08,3.891285640238875e-08
7.450000000000001e-07,157.1426367021681,0.7433168665702858,-92.25487187296245,-0.020107788752963932,156.97795515829029,0.6889515768847472,-91.60903204471765,-0.020046039212295363,147.18331864692658,1.247802921967561e-08,3.8822186102857714e-08
7.475e-07,185.73057574291775,1.0959145261029455,-93.05667962351632,-0.019179008912916247,186.97519605709195,1.1112723105232023,-93.4482619193718,-0.01976673481321443,185.4595636375096,1.250811495451607e-08,3.873919247783279e-08
7.5e-07,208.17493930259653,1.670022421048628,-94.86440488422059,-0.020037220072685488,207.2411492966088,1.6014349736367044,-95.2692378453592,-0.019316808185748036,215.3534586988336,1.2540884736044449e-08,3.8671209773798485e-08
7.525e-07,216.3956421906902,2.197685248624131,-97.32487200131915,-0.016600828352486482,216.86121650242998,2.13404518614009,-97.05018942196985,-0.01870166233863959,235.5138678515088,1.2576577695296606e-08,3.8628327338010227e-08
7.55e-07,215.3217702517687,2.6905298325489944,-99.21493856938639,-0.01835442362129584,215.63059824325276,2.6819836590024644,-98.76932048868404,-0.01792467804508002,245.029586513144,1.2615322468080843e-08,3.862219701358345e-08
7.575000000000001e-07,203.42464863756177,3.1678861847313438,-99.44721053400183,-0.01748523511096252,204.02243742713767,3.2181764839420386,-100.40502489342302,-0.016987296063018773,243.47052587038374,1.265713090898155e-08,3.8664224569901766e-08
7.6e-07,182.3089515677843,3.7580732295191455,-102.09617088496638,-0.015371705557027444,183.09180311540757,3.717231423199974,-101.93609959934358,-0.01588947231559579,230.90715191383134,1.2701898664655243e-08,3.876353630073392e-08
7.625e-07,154.38447933557688,4.2164386909132725,-102.88455128033844,-0.013062133129813577,154.33319464983808,4.156792489448196,-103.34195315812411,-0.014630410338835477,207.90730053574552,1.2749412080400183e-08,3.892515737918893e-08
7.65e-07,119.53389621686581,4.542856119741308,-104.76264359950854,-0.013461750653889808,119.51495353412254,4.518514607396003,-104.60280762533169,-0.013209438738625328,175.5105126408428,1.279936035426727e-08,3.914877281991182e-08
7.675000000000001e-07,80.38026328732998,4.819973107647982,-105.41772087874456,-0.01184923600851664,80.51559176205419,4.788620699878265,-105.69989205847865,-0.011626887956293078,135.18104926474868,1.2851351482232208e-08,3.942829399018676e-08
7.7e-07,38.55131368576659,4.950522144640879,-107.23703164367727,-0.008590365478819448,39.18440373252719,4.9580646513034345,-106.61562582015364,-0.009884832063547719,88.741710309761,1.2904930397594249e-08,3.975227290223281e-08
7.725e-07,-2.446527179061923,5.053536750606683,-107.703250105705,-0.008436602427394519,-2.757599383328717,5.022374958561693,-107.33379000639032,-0.007987594961000096,38.2914481403131,1.2959597799377666e-08,4.0105043891866955e-08
7.75e-07,-43.936819749748366,4.998109090577961,-108.14592016673743,-0.007534524192483396,-43.76918795134664,4.981287166726119,-107.83968543333019,-0.005941969721195902,-13.889500283943088,1.3014828450580247e-08,4.046836366252294e-08
7.775e-07,-82.40371046805033,4.841586236090579,-107.75473790543481,-0.0038392105973439885,-82.4952160889297,4.838283529316924,-108.12027574218646,-0.0037571556728153953,-65.44267492593431,1.3070088138702871e-08,4.082327864645592e-08
7.8e-07,-118.8175783054846,4.65032532444765,-108.74846777321099,-0.002216136203599596,-117.73876803274707,4.6001451208024005,-108.1643143223999,-0.0014444699004329399,-114.03798969390594,1.3124848940862843e-08,4.115196387251325e-08
7.825e-07,-148.74366267281943,4.230716765327971,-107.84227069881986,0.0005861200348364741,-148.41633459344632,4.276588570707865,-107.9624539043737,0.0009830713286076184,-157.47904702648356,1.3178602834597429e-08,4.1439327472135536e-08
7.85e-07,-174.121143085435,3.83307476203374,-108.29418882149331,0.004426667014661523,-173.51572762967152,3.8800139868604036,-107.50733783495978,0.00351118706097821,-193.80241006057832,1.32308739681268e-08,4.167423517104473e-08
7.875e-07,-191.67688836327167,3.394688649188375,-107.40430941602561,0.005087425627885152,-192.07491109359634,3.425342018595534,-106.79367221941598,0.00612467269826216,-221.36634550625698,1.3281230003144885e-08,4.185026268433329e-08
7.900000000000001e-07,-202.51289857908745,2.8643071348587235,-105.76672958434638,0.009033044833486712,-203.19466681913926,2.9298763683983706,-105.818278291371,0.00880756526468152,-238.9250262527414,1.3329292858141624e-08,4.196592594091199e-08
7.925e-07,-205.72990082963747,2.4598111213855085,-103.76486857037123,0.011632280279649892,-206.09003089715452,2.4131019979150135,-104.58012455575683,0.011543094708109073,-245.6848399166829,1.3374748937709487e-08,4.2024375479903705e-08
7.95e-07,-199.62974906149356,1.884358845272224,-102.86813911647761,0.014504255195353118,-200.17624646664183,1.8963244225452889,-103.08033843708283,0.014313435824420184,-241.34025831459755,1.3417358592673925e-08,4.203258345331938e-08
7.975e-07,-185.02700974900088,1.3961096074685564,-101.25796669173175,0.0169214305518592,-185.17632588457326,1.4020734539662754,-101.32219735510151,0.017099326782354558,-226.0876466409825,1.3456964197828675e-08,4.200010823886929e-08
8e-07,-161.52379152047928,0.9563787085856901,-98.9525623236009,0.02013806461456892,-161.23085843404593,0.9532327925640078,-99.31109934014353,0.01987966031686341,-200.61638820870505,1.349349594505999e-08,4.193759199828801e-08
8.025e-07,-129.4209399433645,0.5683275635306448,-97.57446325119545,0.022486366782386653,-128.9877103825598,0.5719083754112441,-97.05451348948516,0.022631174493887168,-166.07772589319208,1.3526974305625865e-08,4.1855216901100466e-08
8.05e-07,-89.2204667382734,0.2967453915293319,-95.8052376506753,0.025858545876523677,-89.65039361943721,0.27810403095325503,-94.56191075228878,0.02532836694195059,-124.03272857619652,1.3557508166976637e-08,4.176139166584244e-08
8.075e-07,-45.18171188004612,0.10015300949497562,-92.55925638725556,0.028660756294787714,-44.9690368052717,0.08832242796654166,-91.84467571231825,0.02794372921206922,-76.38173438735127,1.358528791198353e-08,4.1661934433841684e-08
8.1e-07,1.944863044164794,0.02351601361194289,-89.16653947460063,0.030294780401897124,2.8337421722696527,0.014243019334665968,-88.91600021305109,0.030448350365270632,-25.278459748359403,1.361057315774061e-08,4.155994301456479e-08
8.125000000000001e-07,52.032475480615574,0.10075162427493345,-85.13912323343895,0.034341050385416585,51.19960118403655,0.061639724407379366,-85.79075983748608,0.032812878501839234,26.967343704612837,1.3633675447184868e-08,4.1456401957670806e-08
8.15e-07,97.6325294934625,0.22814894404781375,-81.99055976620157,0.03384811265703216,97.42120488630646,0.22968637205158532,-82.48537441328307,0.03500876555685239,77.99428463487833,1.3654936803421421e-08,4.135139589146144e-08
8.175e-07,138.44364798278596,0.5840292623152472,-79.55497537683272,0.0373805447231599,138.85777302281582,0.5107587999676833,-79.01765386150495,0.03700966476538153,125.49606151607044,1.3674705616106799e-08,4.124562871836226e-08
8.2e-07,172.925217907993,0.9401776906298858,-75.00546281517363,0.03874641034424039,173.1530474454062,0.8907846039349524,-75.4066308427929,0.038792811173405925,167.3257022089794,1.3693311739182722e-08,4.11418428039926e-08
8.225000000000001e-07,199.6175264344347,1.3271507309132466,-71.47297020988628,0.04026296816245827,198.4281999361724,1.3501238077645288,-71.67238177705153,0.040340200392697166,201.59260221294923,1.3711042868870057e-08,4.1045731397890835e-08
8.25e-07,211.7905625640531,1.828644186290196,-68.08813169740205,0.04129893216698161,213.42551616010132,1.8648969226660832,-67.83583792060828,0.041639393062517106,226.7479756838244,1.3728124203434782e-08,4.0966050576177136e-08
8.275e-07,217.92595912444307,2.4269664439109473,-63.99745025422027,0.04319785184654298,217.58585739622208,2.4086216542061116,-63.91858827726708,0.042683812143901656,241.65485702706832,1.3744703065925687e-08,4.091383644192864e-08
8.3e-07,210.68898199341248,2.9137348968756323,-59.654276223564295,0.044181090617321395,211.0527139000075,2.953984645753816,-59.94267619597391,0.04347246379791009,245.6394891534147,1.3760839642383593e-08,4.0900862428346916e-08
8.325e-07,194.6404716041917,3.448814781872377,-56.16889503418271,0.04470061041383463,194.6064594482273,3.474565434539944,-55.93039156714051,0.044009093826456805,238.52177576495743,1.3776504328509771e-08,4.093766363845292e-08
8.35e-07,169.34451558276467,3.9656107484737086,-51.311416084289434,0.04498565060936328,169.54237122492748,3.946347212393085,-51.904060571601356,0.04430088150851506,220.62342129768095,1.3791581484986693e-08,4.1031556631767124e-08
8.375e-07,136.5128470671723,4.331945527817931,-47.384419801749,0.043500315801839544,137.51342733652774,4.348889513716423,-47.88583496023075,0.044356859481828256,192.75339061357704,1.38058787765455e-08,4.1185071045036795e-08
8.4e-07,100.06738059000448,4.663328768269881,-44.30642520490117,0.0443312943158915,100.3626222380377,4.666094244098029,-43.8974828482623,0.04418631749840227,156.17134563113166,1.3819140799889121e-08,4.139509717474596e-08
8.425e-07,59.54703072306934,4.8390827461318,-39.84329559103888,0.04409261911560654,59.96899790443804,4.886558639305795,-39.960182996243844,0.04379748233542208,112.5307114752421,1.3831065450045427e-08,4.165288257799382e-08
8.450000000000001e-07,17.5434012187988,5.032796697508314,-35.98320536857261,0.04160057156384504,18.126981854925145,5.003566167576717,-36.09432451941355,0.04319674883458541,63.80394542691335,1.3841321455415266e-08,4.194483337483992e-08
8.475e-07,-23.45314703725502,5.043696335849819,-32.35922602628875,0.04104689430623088,-23.529127019451312,5.014809535584502,-32.31931391939929,0.042388656644875046,12.19338634604785,1.3849565710102041e-08,4.225393728123671e-08
8.5e-07,-63.097602522835686,4.886496540352728,-28.32526142329489,0.04223742011232425,-63.55311093369189,4.921962092624388,-28.653391266906365,0.0413766662487475,-39.96828602965424,1.3855459393428803e-08,4.2561550110909624e-08
8.525e-07,-100.97148497687235,4.708435587524517,-25.552170109510303,0.04074785793625251,-100.67416766186308,4.730212255873494,-25.113457282088266,0.040164609569637015,-90.32348289661357,1.3858682310831913e-08,4.284927643050061e-08
8.55e-07,-133.59110337287254,4.383267885270014,-21.442906810527578,0.03873527740522847,-133.75814736191498,4.447851701227361,-21.71491296125802,0.03875851907625526,-136.59626403036137,1.3858945327144724e-08,4.310071089487439e-08
8.575e-07,-161.88395881786732,4.098541335223312,-18.455153745506124,0.03713144835768,-161.76163943941125,4.085967625387918,-18.471513285465086,0.037168428400375576,-176.6952051006735,1.3856001108506628e-08,4.330286464065797e-08
8.6e-07,-183.40251117165624,3.6744914649775584,-15.316556584908465,0.035301604382218875,-183.69835430564558,3.6582410073177063,-15.395236419125315,0.03540972869728832,-208.8079252885135,1.3849653580208467e-08,4.3447159402603786e-08
8.625e-07,-198.07500022615756,3.184274340328497,-12.229545449096653,0.03286121400932435,-198.6337584129939,3.180806474037262,-12.496169666611841,0.03350376686638844,-231.48300277170472,1.383976651499395e-08,4.3529919636642004e-08
8.65e-07,-206.28439837403857,2.6813545630876203,-10.009973516294224,0.0318381686449492,-205.7171322673398,2.6720946245303643,-9.782413302631902,0.03147755254121848,-243.6955756859725,1.3826271497899542e-08,4.355233089149353e-08
8.675000000000001e-07,-202.94661329936582,2.1511013604495135,-7.517658541911859,0.029227819501962897,-204.2514222622756,2.152561770918862,-7.2600032297988655,0.02936264159257629,-244.89366354728872,1.380917521389994e-08,4.351987049172781e-08
8.7e-07,-194.36878997686296,1.6307676783076386,-4.277671039293537,0.026762790977023894,-193.79211627876757,1.644218719327397,-4.932853245414375,0.027193425520399432,-235.02311551272913,1.3788565645200456e-08,4.344126530653213e-08
8.725e-07,-173.57771482015366,1.161626294968927,-2.9126022429536658,0.02414565902559553,-174.2586317766869,1.16989885132431,-2.8027175207301767,0.025005142757726154,-214.53005787525018,1.3764616431601666e-08,4.332709573019305e-08
8.75e-07,-146.05232500665605,0.6991867573939424,0.2858151372569899,0.02330605862743126,-146.03686270093093,0.7522515905963728,-0.8691737114100704,0.0228319353280389,-184.34073017121833,1.3737588423163085e-08,4.318823787358622e-08
8.775000000000001e-07,-110.07212628178117,0.49198979102290075,0.7417938704410851,0.021220195205159945,-110.05057128204986,0.412502192740833,0.8703730707792801,0.020705221494425448,-145.81962126268374,1.3707827404267068e-08,4.303439756830436e-08
8.8e-07,-67.74812918936239,0.12786492158072507,3.1783269604245183,0.018797571006415454,-67.7825191998223,0.1690726132067862,2.4206653861037317,0.01865256908455643,-100.70779754816866,1.367685150061445e-08,4.287408432812001e-08
8.825e-07,-21.540920561518796,0.0034897971996377536,3.6526141132649284,0.01637342887526202,-21.233142795114276,0.03620082524273766,3.788547847726857,0.01669715830926917,-51.04421072639651,1.36460025320943e-08,4.271281016286302e-08
8.85e-07,27.20010158316187,0.01335985789206955,5.829192958431066,0.014920011401500418,27.18595239729659,0.022718954694522592,4.982901098986936,0.014857832187891664,0.9264581772023175,1.361558447075908e-08,4.2552505476107785e-08
8.875e-07,74.38138964037806,0.11610437583909612,6.094154089713593,0.013376059738578304,74.81598788042226,0.13114883455076734,6.014555918866527,0.01314965548185725,52.855253281015266,1.35859396071966e-08,4.239353217742646e-08
8.900000000000001e-07,118.78377662722548,0.3269784997795149,7.169835941709418,0.011963004894588453,118.95525630082258,0.3572461711896994,6.896188171046088,0.011584844136137473,102.39511130382404,1.3557425771351323e-08,4.223609686415438e-08
8.925e-07,157.05531447743294,0.674637895963095,7.618889040043831,0.008783690352779892,157.07935410797646,0.6900750304702555,7.642195489509504,0.010173890130066959,147.3069434801344,1.3530391814912515e-08,4.208177363839476e-08
8.95e-07,187.12623537833124,1.030411953157132,8.609991635802917,0.011056858328544417,187.04990970024812,1.1126302524915757,8.268556763500065,0.008926693914001147,185.56083727331824,1.3505153357617729e-08,4.193471572604133e-08
8.975e-07,206.99854621673896,1.6160281791785431,8.480131445641902,0.008290145811316053,207.28545793922407,1.6029567593297842,8.792675645250785,0.007853529098069915,215.42780379953498,1.3481970862383537e-08,4.180219246252267e-08
9.000000000000001e-07,217.63328806232678,2.185509783146029,9.503253963501217,0.004309218230611192,216.87347032124867,2.1356524762819777,9.233209453847385,0.0069656998518163975,235.55792418785836,1.3461031906561932e-08,4.16942501994832e-08
9.025e-07,215.8368827508073,2.676331376620517,9.691711041633486,0.00590767568695063,215.61122878697824,2.68359566893432,9.609884986427591,0.006275805391873756,245.04136283906664,1.3442439083707409e-08,4.1622518262584806e-08
9.05e-07,203.35674889707124,3.267646808293576,10.42087378501071,0.004786722969250937,203.97376197426016,3.219715089699759,9.943302872511502,0.005797589852308374,243.44948992276636,1.3426204364451765e-08,4.159839967091318e-08
9.075e-07,183.39367992124917,3.777689403533562,10.294085619444369,0.005444909963980284,183.01766221539904,3.718625633609822,10.254732217325898,0.00554541978671785,230.85425446960141,1.3412250055919198e-08,4.163103804691306e-08
9.1e-07,154.62141536810748,4.115064868338913,10.541629601414007,0.005552355362637033,154.23848529754162,4.157981913897253,10.565897374667173,0.005533485384158382,207.82493243891884,1.3400415828000364e-08,4.1725497265394065e-08
9.125e-07,119.7307175652702,4.592426740483273,10.886782280461759,0.0062437413872123175,119.40513149313172,4.519451716223184,10.898758768119336,0.005774856635136942,175.40239674181657,1.3390470717957731e-08,4.188152435450584e-08
9.15e-07,80.38176336433106,4.766128936580256,11.20082462494156,0.006767689439492326,80.39621492683267,4.78927185907671,11.275289740713745,0.006280536773798951,135.0520721559513,1.3382128657143658e-08,4.209311808034676e-08
9.175e-07,39.101115116099415,4.937432935413552,11.738602998513427,0.006796337179347581,39.060774714216606,4.958410083809627,11.71725145669483,0.007058641160156297,88.59770146278801,1.3375065926371263e-08,4.234894492226216e-08
9.2e-07,-2.9863278751529347,5.025319752563164,11.945462728544301,0.009196194639420379,-2.8806563082237435,5.022407912529378,12.245967904596641,0.008113793644733443,38.138916427096255,1.3368939041117043e-08,4.2633481637965966e-08
9.225000000000001e-07,-45.100901759891194,5.036367737693674,12.382087839252481,0.010183630633066513,-43.887408417856186,4.981012636825668,12.88210305805181,0.009446781630822468,-14.043660777330407,1.3363401856616777e-08,4.292865518367035e-08
9.25e-07,-82.83882022112213,4.822871254377827,13.230826733299674,0.010636944069058721,-82.6048564526215,4.837716871967723,13.645442239519681,0.011054455504489547,-65.59149649625395,1.3358121097010462e-08,4.321570892124819e-08
9.275e-07,-117.95385824647879,4.565155498477034,14.135042141039875,0.011313542336750084,-117.83648863935987,4.599310833099007,14.554679702585414,0.012929808826311402,-114.17474594509437,1.335278996470401e-08,4.347703942337486e-08
9.3e-07,-148.2636018559387,4.337923854966728,15.538228764906796,0.014021484644663545,-148.49906189529872,4.275519382429431,15.627214400754102,0.015062142700223328,-157.59755688742217,1.3347139886700605e-08,4.369779819633112e-08
9.325000000000001e-07,-173.43152340611613,3.8341224896409836,17.18640436812297,0.017145198241057886,-173.5805530084168,3.8787502709918096,16.87895584527788,0.017437208235156175,-193.89731715543522,1.3340950728782872e-08,4.386711285772054e-08
9.35e-07,-191.67314548743914,3.3812421311731433,18.897276221800475,0.02052586703136227,-192.1190738787314,3.423931387947323,18.324141871920265,0.020037237795252245,-221.4333602504766,1.3334059908955881e-08,4.397883584529767e-08
9.375e-07,-202.7641525097883,2.9344516850668683,20.00193648296907,0.02285481539501866,-203.21564880394655,2.928373222487018,19.975170037505016,0.022840816295642736,-238.9611197324977,1.3326370757586748e-08,4.4031770713304616e-08
9.4e-07,-206.2576499623125,2.387699467065216,22.22410486449266,0.024612420742969633,-206.08576348910213,2.4115667369136564,21.84244425238394,0.025822600284006514,-245.68838078888658,1.3317860230170378e-08,4.4029362490120454e-08
9.425e-07,-199.79945602000058,1.8704875923541235,23.55126624553826,0.02862467748273252,-200.1454044263873,1.894822064843506,23.93423812562074,0.028952952767166164,-241.31108653988878,1.3308585739104648e-08,4.3978880696892904e-08
9.450000000000001e-07,-184.98259759362128,1.415660786522883,26.26871456745129,0.03363262208437222,-185.11865858413316,1.400671478957124,26.256576356849134,0.032197611429344554,-226.02708071714514,1.3298690513919035e-08,4.3890180244991504e-08
9.475e-07,-159.92802237937696,0.9881837939035912,28.30870799614559,0.036978965607251,-161.14749515687495,0.9519981664734772,28.81313535365269,0.03551753398704875,-200.52716557756972,1.3288406611559216e-08,4.377419578921196e-08
9.5e-07,-129.04235936644577,0.5860249456914903,31.397179243989008,0.03998663940272929,-128.88137331970165,0.5709038810566224,31.605164087291328,0.03886905871379016,-165.96387921449934,1.3278054555441268e-08,4.364139546651068e-08
9.525e-07,-89.11410335789488,0.26586621533512206,33.80691789441109,0.04498957361597002,-89.52546173867113,0.2773841823452967,34.63142602412536,0.04220447997998187,-123.89940346056022,1.3268038634614497e-08,4.350046576876021e-08
9.55e-07,-45.28017210081388,0.1330374492297408,37.91644669240014,0.04593477366740415,-44.831424297433166,0.0879293774405081,37.888162786702985,0.04547307539119646,-76.2349568263768,1.3258837157615738e-08,4.3357493475128227e-08
9.575e-07,3.703973805254946,0.0042976202297502816,41.997747671442525,0.04901082957529811,2.9769010260631585,0.014202933371945269,41.36908000876849,0.0486225460639117,-25.124863753546194,1.3250987405303275e-08,4.321583538082126e-08
9.600000000000001e-07,52.20940493550042,0.06403973701308892,45.36661136582033,0.052588698849855744,51.340437932378215,0.06196009921834768,45.06535565413067,0.051600759993216685,27.120815944083457,1.3245065602992628e-08,4.3076724807593995e-08
9.625e-07,98.00270908508597,0.26426248546683445,49.15949760199701,0.05406913479917112,97.55172243287319,0.23035467868447576,48.96567087205887,0.054357633710497386,78.14069652328469,1.324166284830736e-08,4.2940483816732135e-08
9.65e-07,137.82984754937618,0.5230612376689568,53.41035102430868,0.05533456069993359,138.97049872152908,0.5117427018037074,53.05626326345413,0.056846958739938155,125.62879556948045,1.3241358489561673e-08,4.280804030755658e-08
9.675e-07,173.28864626331753,0.8316500946751674,57.37388186776263,0.058790147298295355,173.2416521160598,0.8920337990840246,57.321002234159145,0.059027981145812536,167.4387591504568,1.3244692857905012e-08,4.2682343990548755e-08
9.7e-07,199.77438154160643,1.3820227259823654,61.82841512689985,0.061241475676481784,198.48800454612447,1.351573345012528,61.741485916230744,0.0608665741535204,201.6808721261989,1.3252141444179562e-08,4.256927466481775e-08
9.725e-07,212.8329581368987,1.8027440759938778,66.81787051427027,0.06069900013768754,213.45382383631113,1.8664716547705662,66.29715894650691,0.06233589981023407,226.80746896978707,1.3264092541900793e-08,4.247774959347911e-08
9.75e-07,217.03583725700358,2.469949443753361,71.45486869338237,0.06295263196469554,217.58207421682857,2.41024135598472,70.96545020604461,0.06341652583096571,241.68288472470263,1.3280830055205005e-08,4.241893639582843e-08
9.775e-07,211.10809831420522,2.9516386092963995,75.47269007245858,0.06313268226183563,211.01825320276507,2.95556925790617,75.7219294456719,0.06409603556453664,245.63478447461506,1.3302522639668303e-08,4.2404706970771994e-08
9.8e-07,193.4184732848797,3.442033634557407,79.85103404054324,0.06655255553541585,194.54445588380656,3.4760399070107897,80.54048155352302,0.06436823041027465,238.48455135049159,1.3329219682259648e-08,4.244565985255255e-08
9.825000000000001e-07,169.2102826356441,4.009155707271042,86.0606790598666,0.06506981611594678,169.45725717327448,3.947645509425447,85.39349706156791,0.06423206637949444,220.55535960631005,1.336085393192858e-08,4.25491395555566e-08
9.85e-07,137.40105980316272,4.359078342723859,90.51191154373663,0.0626305489147925,137.41044122120047,4.349957490009618,90.2520773411775,0.06369048574482444,192.65756787875497,1.3397249965426465e-08,4.2717669107275415e-08
9.875e-07,101.35402894784507,4.649458122175373,95.10794763469018,0.06233483219980191,100.24732304021258,4.666891281470429,95.08625280403994,0.06274930084090792,156.0520928222552,1.3438137201291815e-08,4.294809946235866e-08
9.9e-07,59.7147119753193,4.800059326747454,98.69559431260514,0.06220361881109466,59.846852277890115,4.8870581147784815,99.86521230541693,0.06141626283048521,112.39341854769802,1.3483165917753027e-08,4.3231608320826024e-08
9.925e-07,19.06949607781306,5.043951663229666,104.13944002339073,0.05958524403429441,18.00307139479762,5.003754976207182,104.55754184291084,0.05970040807388657,63.654817708372754,1.3531924709292043e-08,4.355450355337021e-08
9.95e-07,-24.455969105172592,5.001371033775565,108.51636327659291,0.05577985557740035,-23.650256963299967,5.014686989996932,109.13147055652114,0.057611724275972775,12.039164069777026,1.3583958013081427e-08,4.3899647942845674e-08
9.975e-07,-64.13980947029482,4.91043097459985,114.99842270488601,0.05471188901761599,-63.667468095357584,4.921538551556889,113.55512196559319,0.05516112452164277,-40.1206323679783,1.36387826957497e-08,4.424824685714055e-08
1e-06,-99.89230583936592,4.780077616907712,118.42792228822188,0.052717461761645594,-100.7782283010643,4.729507794426779,117.79676832595719,0.05236066709424647,-90.46706758943704,1.369590313287908e-08,4.458172958261773e-08
1.0025e-06,-134.3899867194149,4.396765521703146,121.89929435313134,0.04884539891796257,-133.84872149866226,4.446895036918864,121.82508595659806,0.04922392004843454,-136.72459737655117,1.3754824647889464e-08,4.488349098987719e-08
1.0050000000000001e-06,-162.32948098070662,4.0854633773362075,124.94436107040492,0.04631148559241848,-161.83574453013682,4.0847953783303,125.60940936990531,0.04576634816174216,-176.80248672524357,1.3815065519432783e-08,4.514031808156286e-08
1.0075e-06,-183.2597526278196,3.6837756406606443,129.1198633761062,0.04249286859759062,-183.75315142231815,3.6568972281929515,129.11998204310393,0.04200559995739381,-208.88930630634,1.3876167954673042e-08,4.5343384234951754e-08
1.01e-06,-199.12943910976736,3.154809481882046,131.54697723365575,0.039057702130860295,-198.66658931367658,3.1793422497205963,132.32820169084115,0.037961594390692265,-231.53480494611085,1.3937708430267136e-08,4.5488741533682914e-08
1.0125e-06,-205.79521982348936,2.6779198933720423,133.70809084434427,0.03485682562940607,-205.72567199206304,2.670567493797454,135.2068579399248,0.03365634714359238,-243.71545767664384,1.3999307631843245e-08,4.5577279521851286e-08
1.015e-06,-204.06416212408885,2.1422645216114335,137.23060597842175,0.02909483504016567,-204.2339345569968,2.1510346683551935,137.73036036656288,0.02911352848598496,-244.88072673352534,1.4060639920680746e-08,4.56141565499359e-08
1.0175e-06,-193.73113179197918,1.6510906185864886,139.61376180409889,0.02319300582572965,-193.74777342965442,1.642758219090804,139.87495493362093,0.024357799229783043,-234.9779446090521,1.4121441894976176e-08,4.560775863560869e-08
1.02e-06,-174.38528992598373,1.1832626491157818,141.53066591982238,0.018462547265061243,-174.18784125639948,1.1685725956139916,141.61892695975072,0.019414018592202157,-214.45469450363973,1.4181519278188294e-08,4.556830515479793e-08
1.0225e-06,-145.3998729003772,0.7622767772249868,142.40610355744008,0.01665647138184208,-145.94153416293705,0.7511249408586891,142.94278886294242,0.01430644902779693,-184.23858058444281,1.42407511416824e-08,4.550629355162619e-08
1.025e-06,-108.35468204784375,0.40468517814600297,143.67070023900462,0.009434062693219888,-109.93426081877404,0.41163430707854615,143.82945104716512,0.00905809220301983,-145.69530238944188,1.4299090418034008e-08,4.543103678492068e-08
1.0275000000000001e-06,-67.06054882878855,0.19866101304673398,144.68801119423313,0.0031028593925371373,-67.65040313049485,0.16851230038393628,144.26437444119762,0.003690275038086626,-100.56692831841949,1.4356559818605457e-08,4.5349570248154813e-08
1.03e-06,-20.902513278622557,0.004593360702996208,144.51779981196844,-0.0013574226643599343,-21.091798123754295,0.03598262582342523,144.23570335230073,-0.0017774327862459653,-50.89315810852317,1.4413242629839895e-08,4.5266165434939295e-08
1.0325e-06,27.353135321044405,0.05658120631173505,144.37292066348218,-0.007867903604191819,27.328953507774465,0.022859932602400445,143.73437746272464,-0.0073269421676872065,1.080866948864162,1.4469268384091697e-08,4.5182577119353556e-08
1.035e-06,75.23420813209161,0.24054862924687903,142.51813222120654,-0.012124637901844636,74.95263193781271,0.13164651851316586,142.75422197272397,-0.012941041890143917,53.00603928162167,1.4524794007916062e-08,4.5098984802455854e-08
1.0375e-06,119.43486611226251,0.3404024991007757,141.31723219098726,-0.019053777740949143,119.07772776468639,0.3580779692108754,141.2920150782823,-0.018602560454207884,102.53545934953264,1.4579981649514756e-08,4.5015407422155335e-08
1.04e-06,157.27433290501614,0.711436258268526,139.65979027152926,-0.021932771515324627,157.180681698899,0.6911992684253956,139.34753216348025,-0.024293426967136645,147.43051015889384,1.4634974880332069e-08,4.4933226591142886e-08
1.0425e-06,187.53237677940575,1.1910495470979123,136.9633913654374,-0.029724319708363152,187.12453814086,1.113988786773501,136.92356628474528,-0.029993788262829967,185.66203765264706,1.4689875270293135e-08,4.4856397523289046e-08
1.045e-06,206.86481279014095,1.525478769326571,134.32989038698665,-0.03586484055226529,207.32967340899768,1.604478915142624,134.02592472537043,-0.03568133632505894,215.50206385275115,1.474472139705079e-08,4.479198454674671e-08
1.0475e-06,216.65725110433854,2.082836628122525,130.08885773830607,-0.039793537854882884,216.88562922737816,2.137259899359938,130.6634016019123,-0.041330971097419726,235.601887529668,1.4799472150344638e-08,4.474982034884371e-08
1.0500000000000001e-06,215.93243609358422,2.692366909167689,126.49864563932323,-0.04637220698633696,215.59176862304668,2.685207575145749,126.84772670764765,-0.04691487286194773,245.0530424265396,1.4853995758181711e-08,4.4741310761187994e-08
1.0525e-06,203.26589370722846,3.190234992278066,122.10683800057834,-0.05318955200135354,203.925005113532,3.221253369933866,122.5934909803625,-0.052402992823878565,243.4283578651459,1.490806535455357e-08,4.477762536145583e-08
1.055e-06,182.1545083152489,3.791612557194707,118.23667646470393,-0.05801702930378015,182.94345304389236,3.7200193233842387,117.91804918064257,-0.057763899442017874,230.80126588776665,1.496136121837415e-08,4.486766561443092e-08
1.0575e-06,154.1438580089574,4.1291572253335485,112.84415833869397,-0.06266676335134014,154.14372318693555,4.15917065778005,112.84140056078736,-0.06296585052083492,207.74248229609827,1.5013479141700394e-08,4.5016247054305407e-08
1.06e-06,118.65475111984313,4.504836676591283,108.10946250696122,-0.07026398451786768,119.295273143431,4.520388024549325,107.38604849176066,-0.06797790462278915,175.2942115967044,1.5063943828266754e-08,4.522286567497845e-08
1.0625e-06,81.37307177955833,4.8128927593038,102.39326489492765,-0.07208164880765934,80.27681794500145,4.789922139188766,101.57684019465376,-0.07277084477118047,134.9230417307346,1.5112225855735022e-08,4.5481270438877835e-08
1.065e-06,38.76164998906142,5.034280985894922,96.11989504552041,-0.07622549979873619,38.93714055772922,4.958754598549932,95.4407878923233,-0.07731766495882474,88.45365763884558,1.5157760598020784e-08,4.577988307261561e-08
1.0675e-06,-3.8141634284671166,5.08074667986397,88.53140867582628,-0.08082348009573527,-3.003704961585848,5.022439946674712,89.00687285479287,-0.08159336726602033,37.98636965723921,1.519996759892212e-08,4.6102943926649436e-08
1.07e-06,-42.6917968565437,4.931907486606149,81.88938639932155,-0.08535458045245227,-44.005608847355624,4.980737217594573,82.30583395721236,-0.08557383918114267,-14.197815726495886,1.5238269177305913e-08,4.6432154431930215e-08
1.0725000000000001e-06,-83.10723554142011,4.838522229872357,75.53390086998918,-0.08942727967259764,-82.71446640219742,4.8371493843899405,75.3699425004672,-0.08923363973219106,-65.74029217209291,1.5272107458197798e-08,4.674854504483979e-08
1.075e-06,-117.17251019053856,4.580721348276436,68.207707942506,-0.093915937331958,-117.93416943818347,4.598475799714465,68.2327651607106,-0.09254264265243141,-114.31145712190437,1.5300959475951703e-08,4.70343130895654e-08
1.0775e-06,-148.21671971651753,4.301101230091519,60.17507972911741,-0.09628857026250844,-148.5817405996902,4.27444955630239,60.92891703418903,-0.09546169404857177,-157.71600453134386,1.5324350395920062e-08,4.7274424979982345e-08
1.08e-06,-172.61174001576236,3.771578653512659,53.4771548866575,-0.09781761584021473,-173.64532141093395,3.877486047038181,53.493806826871825,-0.0979377605785902,-193.99214770270203,1.5341865174741364e-08,4.745783752049576e-08
1.0825e-06,-192.49415597350148,3.4676893341474946,45.321888191665614,-0.10060981941773763,-192.16317182728213,3.422520399793668,45.96337630381709,-0.09989947587402698,-221.50028757631242,1.5353159079463396e-08,4.757824649129595e-08
1.085e-06,-203.08008015686931,2.9100024933057296,37.995772032371704,-0.10223330397740994,-203.23655906194148,2.9268698887923073,38.37383616041622,-0.10125458226434864,-238.9971188741884,1.5357967401436595e-08,4.763431267436765e-08
1.0875e-06,-206.66484323361792,2.507450218801325,30.050064705398466,-0.10128004663339292,-206.0814191924149,2.410031473920552,30.761400506173242,-0.10189171888361746,-245.6918246672086,1.5356114459319523e-08,4.762935189381732e-08
1.09e-06,-200.61002312634153,1.9030981374964417,22.67810709402842,-0.1035202722078499,-200.11448301477213,1.893319901856285,23.162022161324096,-0.10169051538604847,-241.2818194993853,1.5347521646208975e-08,4.757051780335582e-08
1.0925000000000001e-06,-185.0030030836898,1.4017836475964738,15.041896117817197,-0.10125953250339903,-185.06091308060087,1.3992698987008167,15.611130957235618,-0.10054487307647231,-225.9664255613945,1.53322139195257e-08,4.746756282008845e-08
1.095e-06,-161.51130580481,0.9327747651692282,7.8473938863627,-0.09618272230376003,-161.0640592913963,0.9507641286045639,8.143377203321116,-0.09840044597649138,-200.43786378148312,1.5310323845333233e-08,4.733133299008151e-08
1.0975e-06,-128.7399296821979,0.5564216405433003,1.0248288988164056,-0.09396755460734167,-128.7749741613802,0.5699001502039243,0.7923824363167675,-0.09529471918868303,-165.84996701589546,1.528209216703753e-08,4.7172222892179795e-08
1.1e-06,-89.49085854889819,0.29557960308463227,-7.24917635360098,-0.09240522380515523,-89.40048305890501,0.2766652420335689,-6.409500497276518,-0.09137428025582761,-123.7660294314016,1.524786392237312e-08,4.6998862392007965e-08
1.1025e-06,-44.30284811863914,0.0690033133563174,-13.663591042892161,-0.08552815229510077,-44.69378444216131,0.08753733787902893,-13.431416057502606,-0.08686896624171879,-76.0881491690487,1.521613846446198e-08,4.6825190703707626e-08
1.105e-06,1.7809114404343727,-0.02251747532677937,-20.50247508595912,-0.08058154309550876,3.1200648215659053,0.014163909377393319,-20.244221457535968,-0.08203170015404031,-24.971257839834678,1.518818743342491e-08,4.665527334157869e-08
1.1075e-06,50.92243833736146,0.08192900339233411,-26.47815331639592,-0.07736215886919814,51.481255904124694,0.062281529200829945,-26.820687187675162,-0.07707811421894586,27.27427747668545,1.516430890417481e-08,4.649006298799303e-08
1.11e-06,98.20292294160537,0.198829528016268,-32.81163694027438,-0.07410194579448832,97.68219806755971,0.2310239741209618,-33.135680994521046,-0.0721548490082115,78.28707756298157,1.5144804852088028e-08,4.632959500053838e-08
1.1125e-06,138.61569504091898,0.5590523595735439,-39.492169269450166,-0.06659678810288935,139.08316187282776,0.51272746954917,-39.16633383756532,-0.06734022646850203,125.76148002663155,1.512995744095844e-08,4.617450770448199e-08
1.1150000000000001e-06,174.1123039402363,0.8531726481122316,-44.90271132926128,-0.063406746898384,173.33017779904205,0.8932836884374518,-44.892186502487114,-0.06266310766866626,167.55174998976128,1.512000473449738e-08,4.602746036241019e-08
1.1175e-06,197.9439765150934,1.3513937669174707,-50.23324752089188,-0.060762804709941574,198.54771918476666,1.353023367599434,-50.29531571866877,-0.0581245756100354,201.76906241903424,1.5115117896312074e-08,4.5894042396518695e-08
1.12e-06,212.97007053374566,1.7875201727837453,-55.95175149302068,-0.05358876668678022,213.4820366916753,1.8680466405521967,-55.360438806425435,-0.053714320743952715,226.86687271575298,1.5115381872646594e-08,4.578288111534323e-08
1.1225e-06,217.45403570855288,2.4467572252777,-60.69959898894391,-0.04922221985087115,217.5781975318212,2.411861072530641,-60.074996065527316,-0.04942021024950934,241.71081700976157,1.512078122880273e-08,4.570485500283111e-08
1.125e-06,211.62940233708034,2.963995144555545,-63.75261796994056,-0.044266398129513086,210.98370589605406,2.95715365379003,-64.4292103092241,-0.04523264874965581,245.62998282309246,1.5131192278837866e-08,4.567154871079047e-08
1.1275e-06,194.85675638309013,3.4951958733943362,-69.66818617743115,-0.04258696521833261,194.48237710873408,3.4775139532910924,-68.41612314544392,-0.041145899867872204,238.44723278610087,1.514638198661347e-08,4.569327758202888e-08
1.13e-06,171.05621483863158,3.975820041004948,-72.40204449719155,-0.0354666881082509,169.3720824255849,3.9489432017179844,-72.03160780736104,-0.037158020282571036,220.48721084317918,1.5166013422155178e-08,4.577711036868068e-08
1.1325e-06,137.09605506668825,4.290074864439668,-76.33992568494452,-0.03522251084638076,137.30741056321966,4.351024721063724,-75.27435853744365,-0.03327036137939244,192.56166908578055,1.5189656931543445e-08,4.5925306121263216e-08
1.135e-06,99.82601417166319,4.665184907287543,-77.00606403608211,-0.027720927859907533,100.1319957382363,4.667687474197078,-78.1458567305205,-0.029487059630034382,155.93277840648932,1.5216805708484612e-08,4.6134468474695566e-08
1.1375000000000001e-06,59.79481211891441,4.823794914378514,-80.14992490998874,-0.025291045488372896,59.724694213166195,4.887556687153646,-80.65031424070307,-0.025814619226719144,112.25608124901537,1.524689420046491e-08,4.639554929292659e-08
1.14e-06,17.160604424409662,5.007305910072139,-82.53752338396428,-0.022333419620653536,17.87916273235547,5.003942861759511,-82.79459445231336,-0.022261543773220288,63.50566485991483,1.5279317763510892e-08,4.6694656371232477e-08
1.1425e-06,-23.844268100730854,5.022051515201513,-84.84888683562014,-0.02140326564638705,-23.77137254053812,5.0145635360210346,-84.58811190468779,-0.0188379373337237,11.884937040631401,1.5313452178252014e-08,4.701448156576285e-08
1.145e-06,-63.7953016981105,4.9630171116556605,-86.06565574244817,-0.01396425087088863,-63.78179986647956,4.921114147356591,-86.04271144313326,-0.015555019162583643,-40.27296286731555,1.534867200139138e-08,4.733609082706715e-08
1.1475e-06,-100.8833868210161,4.730303746107874,-87.17074157479459,-0.012843512729612785,-100.88225371890415,4.728802542060741,-87.17252804183902,-0.012424545488373294,-90.61061656729818,1.538436717070289e-08,4.7640806900520405e-08
1.15e-06,-134.08507842134884,4.453524501741645,-89.21731379612599,-0.01128252570865937,-133.93925136240887,4.445937678194194,-87.9938286077185,-0.009458181836005164,-136.85287674604103,1.5419957717857307e-08,4.7911951503321304e-08
1.1525e-06,-161.48073823835279,4.057770547993958,-88.67455368456383,-0.005161008512134948,-161.90979677151074,4.083622555934729,-88.52483722547497,-0.006666905321195319,-176.90969855098706,1.5454906787680768e-08,4.813627169680853e-08
1.155e-06,-183.7856393786582,3.664923150369898,-89.156353393851,-0.0026261905546564497,-183.80788753595593,3.655553014226476,-88.78554544244871,-0.004060529961517957,-208.97060485797283,1.5488732352490717e-08,4.8304933416772937e-08
1.1575e-06,-198.90742381640862,3.1064593453403635,-88.93316983272632,-0.0016721718981901185,-198.69935175998032,3.1778777511736584,-88.797509315713,-0.0016474371815750001,-231.58651571424048,1.552101801643157e-08,4.8414012672924474e-08
1.1600000000000001e-06,-205.79587366869762,2.669642399129647,-87.58351845411688,-0.0003961166893646814,-205.73413712864013,2.669040267268068,-88.58363505246716,0.000565438607662993,-243.73524345231263,1.5551423135690103e-08,4.846445285294048e-08
1.1625e-06,-204.28636332676106,2.2093703178423696,-88.1059595227903,0.0037369716408281366,-204.21636832059352,2.1495076621832623,-88.16795516702167,0.002572366097358205,-244.86769324472888,1.5579692180567697e-08,4.846149442245601e-08
1.165e-06,-193.53464602508035,1.6535359510159544,-87.22812456464177,0.0026196440812183376,-193.70335128242448,1.6412980148136798,-87.57539715285876,0.004368362868217442,-234.93268093980285,1.5605662906511527e-08,4.841363211239669e-08
1.1675e-06,-174.20319610993525,1.19621789909374,-86.82728716340638,0.005925142356705639,-174.11697475538634,1.1672468340023046,-86.83154672571926,0.005948624464227169,-214.37924646870874,1.562927256900996e-08,4.833121912196734e-08
1.17e-06,-145.39414774166454,0.7635431239122051,-85.78037199269464,0.0061964771166797186,-145.8461376803673,0.7499989710481081,-85.96240773292023,0.007307960895310949,-184.13635826319347,1.5650561194875068e-08,4.82249107424762e-08
1.1725e-06,-110.7585727643135,0.48855234321383506,-84.87320626847595,0.007400214032347486,-109.81789535729459,0.41076726274023195,-84.9941608448987,0.008440373780423598,-145.570925998002,1.566967087456531e-08,4.81042012663586e-08
1.175e-06,-68.70766220661861,0.15119016412357075,-84.00361790640056,0.008672163601844628,-67.5182495603369,0.1679529537028528,-83.95292314706018,0.009338892371037305,-100.42601938644289,1.568684020041762e-08,4.7976330913484705e-08
1.1775e-06,-20.19137832279485,-0.03458294991989038,-82.08759277705552,0.011473741942319678,-20.950437065858438,0.035765470027300926,-82.86451073349863,0.009995749511989796,-50.74208539884042,1.570239333928705e-08,4.784579983696243e-08
1.18e-06,27.509183367814682,0.06937920315923884,-81.6782720672973,0.011085504057736596,27.471947714671828,0.023001976312034177,-81.75420636914421,0.01040292509127811,1.2352752938168525,1.5716723751973767e-08,4.771461557039904e-08
1.1825000000000001e-06,75.40254852365611,0.09771633116129076,-81.02849000949999,0.0100432840634452,75.08924542166007,0.13214523113467216,-80.64653423378314,0.010553023612146788,53.156804356286635,1.5730273181040088e-08,4.758323414725222e-08
1.185e-06,119.42166734457895,0.37371137315332703,-79.51652601589522,0.010392918376647008,119.20014654201024,0.3589107000780175,-79.56504369066585,0.010440394552293567,102.67576691586574,1.574350712907474e-08,4.74519734007205e-08
1.1875e-06,157.0578610565189,0.726942375710276,-79.1959237939292,0.009325034159990291,157.28193788240432,0.6923242902174029,-78.5321039347083,0.010062359148582906,147.5540186344227,1.575688854399957e-08,4.7322533414381124e-08
1.19e-06,186.4030988965121,1.0591027698085946,-77.50080674971964,0.010787729501847757,187.19908134644328,1.115347912534189,-77.5687112714605,0.00942038303012274,185.7631647355437,1.577085173336352e-08,4.719920330377626e-08
1.1925e-06,206.72264380191749,1.558949808967664,-76.32712734026015,0.008127675871502205,207.3737956916209,1.606001439945692,-76.69431065894446,0.008521035079361305,215.57623882916542,1.5785778590992733e-08,4.708939158895725e-08
1.195e-06,217.03973431649803,2.1968353472117714,-76.88969681588469,0.006440644871332596,216.89769322477275,2.1388674539938966,-75.92663301130456,0.007376599112957284,235.64575785958564,1.580197902046165e-08,4.7003279923711346e-08
1.1975e-06,215.90077367675121,2.646594892684724,-74.98200533173191,0.005697794223385961,215.5722177719354,2.6868193760816563,-75.28154961710457,0.006005252217807165,245.06462527095235,1.5819677005732985e-08,4.695262269900134e-08
1.2e-06,202.5257708995597,3.2479888206387306,-74.8882472722593,0.0061989795283923154,203.8761668787516,3.222791323013269,-74.77294486742957,0.005267061875720116,243.4071297058649,1.5839003172606235e-08,4.694893339479785e-08
