time,v_coil,i_coil,v_bias,i_bias,v_coil_clean,i_coil_clean,v_bias_clean,i_bias_clean,v_coil_src,density_state,heating_state
0.0,5.858256003203169,0.012866928892255708,-63.22864621643254,0.051226250765354094,5.753532178074292,0.01104474399747035,-62.69309031307437,0.05125783387380178,0.0,0.0,0.0
2.5e-09,15.838412957539187,0.034900865905249025,-54.39207205907871,0.05172443052636393,15.319888497582106,0.03666368265977948,-54.05865572274118,0.051688019803764314,10.615896635326932,9.683526370543584e-12,2.0095619621569318e-11
5e-09,24.33217878008398,0.07537887698302956,-46.38016051476052,0.05279702941370299,24.17155567778417,0.07297337884264382,-45.64124866438371,0.05247324517389162,20.75197891832375,1.8147869503387005e-11,3.901943326551112e-11
7.500000000000001e-09,31.931339599640612,0.11847534207775919,-35.76994466409342,0.052649268678062196,31.78962064652316,0.11807651517843559,-37.46995051807952,0.05317985202492158,29.95011901270421,2.5548688864253743e-11,6.176813909437027e-11
1e-08,37.807464921236466,0.1676083514721326,-30.0942732276963,0.05341261936668024,37.73614821876031,0.16957689915214075,-29.57298461461888,0.05366608045246988,37.79458193313129,3.202527783654096e-11,9.652785768737188e-11
1.25e-08,41.371626298182385,0.22720929849828236,-28.036783265903875,0.05377896986702417,41.69070844717865,0.22475169183323576,-21.977544055583316,0.0537658932578468,43.93081581980098,3.7695842527850173e-11,1.5401761124358535e-10
1.5000000000000002e-08,43.62892556106698,0.28406895095448975,-12.367837929900903,0.053348707679576134,43.474093529893594,0.28074510429735466,-14.709626957819005,0.05332443219346067,48.0814768750843,4.265449844477468e-11,2.459661908834861e-10
1.75e-08,42.776336351459506,0.33749623419915903,-10.21869258058694,0.0519799557695901,43.05650172906758,0.33476218207124436,-7.7938803738155045,0.052236451200998034,50.0589646715849,4.697016810512206e-11,3.8305842847335133e-10
2e-08,40.65397931251014,0.3825361390926498,-4.580292079389161,0.050210554728964345,40.54980336714138,0.3842423523257487,-1.2534540662468885,0.05047082383872204,49.7739012642349,5.068735253269001e-11,5.72822016291978e-10
2.25e-08,35.95604326027577,0.42717456767011247,6.013058005768572,0.04805574754779374,36.18586166657561,0.42699644910688916,4.8901347680462095,0.04807062733739371,47.23917086987148,5.3828552909320294e-11,8.179288352888868e-10
2.5e-08,30.008668374333062,0.46201937780189317,9.65268212134007,0.04505959155291619,30.28485958863698,0.4612972172639046,10.617124821338582,0.045131861856625426,42.56933752997708,5.7891894512743446e-11,1.118365532171682e-09
2.75e-08,23.077439321842476,0.4870853481068104,18.181199522704922,0.041926049704144853,23.218852517845914,0.48592071338410575,15.909621142460502,0.041773736616092266,35.97546707690115,6.310044570535367e-11,1.4656630596495962e-09
3.0000000000000004e-08,15.369351488404464,0.5018690807288304,24.591711299660524,0.037755626458351316,15.376122254796169,0.5001432866736114,20.751691952813744,0.03811335176935763,27.755587438898274,6.927630318514954e-11,1.8456074020707886e-09
3.25e-08,6.635580003434522,0.5049348655490086,27.021542648542123,0.03441992165564186,7.131309252856921,0.5037047041477171,25.129451129305185,0.034250807588402,18.281218456470224,7.623484267262928e-11,2.24058452066139e-09
3.5e-08,-1.2185560982654409,0.499893287806286,32.310158104755835,0.030479591638152687,-1.17512507235911,0.4967515244673504,29.031125791881877,0.030264135730390506,7.980580031637564,8.3789632434918e-11,2.6314640806931897e-09
3.75e-08,-8.880640941929865,0.47960558818287885,28.30891304511517,0.026185073930927238,-9.246533353782239,0.4797755040355785,32.447108557075126,0.02621046397213924,-2.6807624364462552,9.175673198518508e-11,2.9995389833031793e-09
4e-08,-17.051592620523067,0.45419671651916016,38.04209772077605,0.022042585215596232,-16.829407473439538,0.45355964500073137,35.369994145999215,0.02212990713701191,-13.220940547304329,9.995833485617981e-11,3.32827371608217e-09
4.2500000000000003e-08,-24.046235004493486,0.41951038281408976,34.41438001305568,0.017867580730382433,-23.704941686854553,0.41913999458564954,37.79460016450394,0.018049940065718383,-23.16356225347872,1.0822583731382451e-10,3.6046948723101098e-09
4.5e-08,-29.82813031846503,0.3774261197488605,42.44398271145222,0.014332264960829564,-29.676771167352143,0.3777854247436991,39.71797200354217,0.013989203843807526,-32.05924369618764,1.1640249229571133e-10,3.820332085597247e-09
4.75e-08,-34.299974848726585,0.33052096780904494,41.25072924002481,-0.01680429361706887,-34.55939960424537,0.33099155017145004,41.13937193815437,-0.016479275485763414,-39.50592033236043,1.243458270352911e-10,3.971670149716715e-09
5e-08,-38.30176028847846,0.280314945840347,36.22487654914665,-0.009663530726518184,-38.17149387788321,0.28047989549042796,35.472541529553766,-0.009728215924139876,-45.16701933636247,1.3192996281183393e-10,4.060102866633516e-09
5.25e-08,-39.82508991143532,0.22735119609124013,38.64626324628068,0.023230672339736576,-40.33704606642119,0.2281904150253756,38.57967623721939,0.023425481696352602,-48.78667192523642,1.380416179813139e-10,4.089310011564108e-09
5.5e-08,-40.981132961319204,0.1784037617944646,46.09013810144948,0.018966043005049782,-40.89560754900116,0.17625513213655036,41.16404396887636,0.019192910395629346,-50.20127804500182,1.4402640101259613e-10,4.071452933605003e-09
5.75e-08,-39.61718028124349,0.1277507570407264,39.43420277357645,0.01512731788956934,-39.72072529002543,0.12694312856621381,43.23166079539999,0.015061229717011562,-49.346900720528495,1.498098483805114e-10,4.017695143988831e-09
6.000000000000001e-08,-36.838465890549166,0.08215273149775296,42.87065024103491,0.011489864671503041,-36.74374784170078,0.08257197857459014,44.79073630579395,0.011039755056044438,-46.26215586120871,1.553415831979236e-10,3.9396846703143966e-09
6.25e-08,-32.741679218575285,0.049197760093440575,45.66081443759755,0.00672034980095634,-31.97869142577868,0.04538712989419516,45.8515612081122,0.007134094759003162,-41.08646690979278,1.605957504899258e-10,3.848016065664291e-09
6.5e-08,-25.702734071113454,0.02065056513506306,45.43155029261617,0.0035458351836248013,-25.543152075833042,0.01741751993436358,46.42638137192477,0.0033476983752212417,-34.05376322028561,1.6557025793997218e-10,3.750989492718703e-09
6.75e-08,-17.867810320925965,-0.00012180595290967001,45.315003503689994,-4.206298476181234e-05,-17.67046741694869,0.0003216203939022061,46.52925950713598,-0.0003171693567684315,-25.481906983873397,1.702846077593114e-10,3.6539348282401214e-09
7e-08,-8.595083533895838,-0.006734679938085471,50.14571146751329,-0.0039179083021557955,-8.709454444634224,-0.0047580038546049565,46.17592576869339,-0.0038588009422096696,-15.7583265817495,1.7477624656138717e-10,3.559280964973133e-09
7.250000000000001e-08,1.1174057022160053,0.00365337591886498,45.81228861706702,-0.007052203457443577,0.8901031095968706,0.00268755051386659,45.38361865982057,-0.007275605876608565,-5.322505704575412,1.7918789434928052e-10,3.467389205706919e-09
7.5e-08,9.850047663334044,0.023777136466630305,43.90367351854275,-0.010483753315969983,10.605785877036604,0.0224605968352266,44.17091767718337,-0.010565749616945615,5.353880309500522,1.8339057644199282e-10,3.37797034235988e-09
7.75e-08,19.34890031612362,0.05312283770686275,44.3705436149936,-0.013640407024698447,19.881977590041625,0.05364097687862812,42.55756919928648,-0.013726799742142626,15.788283125981357,1.875352931373718e-10,3.2917263118073984e-09
8e-08,28.145377737984933,0.09194148804107583,42.94868761570821,-0.01643285888310454,28.175799949506484,0.09463237985659706,40.56430716393532,-0.01675533310974837,25.509091499832813,1.91672450808526e-10,3.2117616483311004e-09
8.25e-08,34.63498874233759,0.1414166215484781,43.51253792322904,-0.019585338002518174,35.00374552851516,0.14326792303913113,38.212670111450954,-0.019646478504623678,34.07694702975857,1.9583935477368053e-10,3.1443392276337394e-09
8.500000000000001e-08,39.438742489003054,0.1968581884853217,36.66156808381299,-0.022556946064604042,39.982951386763865,0.19696424624183614,35.52481618727046,-0.022393390070130963,41.104602157387546,2.0005499600762517e-10,3.0987114332693845e-09
8.75e-08,42.838589279727586,0.25334076171987635,38.50814817455942,-0.024497466487764793,42.86177660297378,0.25290711763446716,32.52333770051477,-0.024986673440281323,46.27442287503343,2.0431638533001867e-10,3.086000203427008e-09
9e-08,43.32291311697137,0.30442446359776076,32.667604058496266,-0.027338375007319605,43.53592916761281,0.3082478562125268,29.231076824078492,-0.02741382492884171,49.35274505949398,2.085967170364752e-10,3.117354701672199e-09
9.25e-08,41.96809817079607,0.36078473569319275,21.924644935809667,-0.029902634907963653,42.048563694653154,0.36028931914174456,25.670943996954804,-0.02965879886347243,50.200435558296135,2.1284543899273506e-10,3.2018057112567196e-09
9.5e-08,38.79615511523182,0.407562070017697,18.609835717170526,-0.03137935685517651,38.57517064590579,0.40664281740300856,21.865740551119245,-0.03170188765107783,48.77918069134007,2.1699009900741356e-10,3.3443063290418936e-09
9.75e-08,33.43691386817573,0.4466060830362499,15.223772570717106,-0.033453597180000204,33.396292416018596,0.4453426093720697,17.837987033753567,-0.03352016804466833,45.153217941987776,2.2093965865667244e-10,3.544385693136451e-09
1e-07,27.069984396410295,0.47232740968771775,18.265902855030042,-0.035336982558208524,26.862758607411592,0.47491163021084687,13.609758631404574,-0.035088797651505785,39.48643256910322,2.245888411366123e-10,3.795676209356077e-09
1.025e-07,19.457854853975316,0.4923348625505064,8.466653920445355,-0.036406191994339136,19.358959405161663,0.4943796184871672,9.2025290264603,-0.03638337791424186,32.034950366567635,2.2782302504633473e-10,4.086363731467001e-09
1.05e-07,11.587405804237294,0.5019366010651244,4.1621349051589025,-0.037352708324244144,11.269547470374963,0.5032615138572957,4.6370239288097,-0.03738337415949033,23.13556136067153,2.3052321498636193e-10,4.400418331055989e-09
1.075e-07,3.1389769967706735,0.5010644966584836,-6.397885092796684,-0.037878063893276546,2.953919832222057,0.5015088023061279,-0.0669145724452953,-0.03807619453108549,13.190497667898418,2.32570703680753e-10,4.719337626367001e-09
1.1e-07,-5.605959781747437,0.4863322793476908,-5.847216938924153,-0.03889780861844088,-5.2689131595983305,0.4894486237781319,-4.890451799919731,-0.03846108713232417,2.64925351926308,2.3387161178440976e-10,5.024135078395031e-09
1.1250000000000001e-07,-12.49155077973452,0.46458520456214036,-13.460611468513108,-0.038324238436875664,-13.12458685816438,0.46772467073303536,-9.815871500351943,-0.038551746344709696,-8.011730855296515,2.357722559375411e-10,5.300138873447421e-09
1.15e-07,-20.326052023452,0.43534558242736554,-15.597936681697202,-0.038061535007366025,-20.378392814354147,0.43725047018006435,-14.826673280959799,-0.03837666010917679,-18.310603240315267,2.3818518379348365e-10,5.532560302734292e-09
1.175e-07,-26.511507340411796,0.39843710166285695,-20.182060661730183,-0.03770471376416976,-26.824374715547428,0.3991803110873103,-19.907655802236,-0.037976834684891485,-27.781878057617686,2.4103063371946535e-10,5.710697739021796e-09
1.2000000000000002e-07,-32.75485403044025,0.3557609253129411,-23.304064816231683,-0.03710023361740315,-32.272847897269244,0.3548969474607847,-25.044985194865113,-0.03740137054612433,-35.997475254400506,2.4423895166020707e-10,5.8286349511644915e-09
1.225e-07,-36.62937389842499,0.30479016719915875,-28.153938492759025,-0.03686675532847013,-36.54080130256688,0.3060095054302768,-30.226248307599654,-0.03670202772632071,-42.58606854675252,2.4775286193587816e-10,5.885443197289804e-09
1.25e-07,-39.93526998693754,0.25607847317937205,-41.44744603656057,-0.035730173970237276,-39.44886379317942,0.25435089176463055,-35.44049053477514,-0.03592810207086474,-47.24986852206638,2.515296909384107e-10,5.884887683857767e-09
1.275e-07,-40.42849315648075,0.20199598549048223,-37.26482228177527,-0.03506905578583298,-40.82699274157042,0.20196228403031027,-40.678238115396425,-0.03512261770037382,-49.778082042331825,2.555435372562321e-10,5.8346604288181014e-09
1.3e-07,-39.67530371283218,0.15237562612902597,-46.94883170243651,-0.034587210015119246,-40.529060107989125,0.15105336769363958,-45.93150493910164,-0.0343202631648943,-50.05643961393474,2.5978726130054675e-10,5.745198469257123e-09
1.325e-07,-38.300872486141955,0.10733587911421621,-45.5793002316616,-0.03375171224908218,-38.45444328741906,0.10393073421588492,-51.19378403650748,-0.03354695529235227,-48.07236010854253,2.642740594550506e-10,5.6282061131873744e-09
1.35e-07,-34.691176435832,0.05963405357571924,-53.06219123417504,-0.03303659010984502,-34.57296611654525,0.06289262302543336,-56.46002407119046,-0.03282058719544559,-43.91551940145367,2.69038317786541e-10,5.495074442240876e-09
1.375e-07,-28.72284898711561,0.030363518670593757,-63.370239892265005,-0.031904259528736885,-28.948417538035788,0.03009494449395938,-61.72659128661245,-0.03215242960833076,-37.77379722625319,2.7413542745637547e-10,5.3554565256441365e-09
1.4e-07,-22.16337948453282,0.006451325964247843,-68.06372463267152,-0.03132198943203465,-21.75562480991275,0.007400020017536419,-66.99121749243258,-0.031548732772446735,-29.924785438713194,2.7964029684749456e-10,5.216279943376677e-09
1.425e-07,-12.8629768842985,-0.002120479552905907,-73.08211349714698,-0.0310524173940856,-13.286742435640928,-0.0037755043877727252,-72.25293479970946,-0.03101222330849703,-20.723241497071978,2.856444105789803e-10,5.081430755188323e-09
1.4500000000000001e-07,-3.86171388720107,-0.0036650599685907775,-77.21247760982898,-0.03064805857059685,-3.943936005275583,-0.0025945575715326866,-77.51199793235392,-0.030543336409544975,-10.585054232811304,2.923247338352106e-10,4.952215877200832e-09
1.475e-07,5.396944821922261,0.011869809806977313,-74.74328405585788,-0.03002854235155874,5.782260947158304,0.011103185318531413,-82.76979505182963,-0.030141134188288315,0.03155337742310398,2.99694177793603e-10,4.828524262053656e-09
1.5e-07,15.52177947078965,0.034209581589408955,-86.9816515033727,-0.029659757323496672,15.347319277464848,0.036755857887181616,-88.02874813251978,-0.029803929319671314,10.646734846854597,3.078359930377593e-10,4.710410184020252e-09
1.525e-07,24.42251881032938,0.07142674474402225,-94.11965135439104,-0.029471227556242992,24.196081240095065,0.073094565964822,-93.29220401552621,-0.02952966643025947,20.780708147022803,3.169048689729418e-10,4.5996777854622806e-09
1.55e-07,31.57014318046295,0.11780171784169477,-105.16861393808979,-0.029085281225574848,31.809809567128536,0.1182203030287996,-98.56431734814043,-0.029316123261868315,29.97544076286253,3.2699094922449395e-10,4.50100994834718e-09
1.575e-07,37.27265081516797,0.17233708987892774,-106.80123207405533,-0.029048342188347735,37.75086729701367,0.1697356440913403,-103.84992668413884,-0.02916098963804729,37.81535171930696,3.3816519496300815e-10,4.42228025665598e-09
1.6e-07,41.624079562634286,0.22469288184354236,-107.16208382378649,-0.02901356481019208,41.699213375030126,0.22491706784710944,-109.15442507582333,-0.02906187200511357,43.94609489495792,3.504749469888527e-10,4.373894073393548e-09
1.625e-07,43.61015925350408,0.2800382454590048,-115.56113766554196,-0.028770135212853064,43.47607666102802,0.28090868507145156,-114.48362653188738,-0.029016259336425227,48.090574659820476,3.6394120876847143e-10,4.367263689284493e-09
1.65e-07,43.00579188285603,0.3390672825865335,-127.07509902098167,-0.02904947233389697,43.0520922636428,0.3349159919546954,-119.84362974536789,-0.029021474928755255,50.06146996674859,3.7855783108235294e-10,4.412754124446335e-09
1.675e-07,40.73381509834158,0.3858042763638999,-131.67318325296532,-0.02935695125048895,40.53952239623173,0.38437933087469167,-125.24068051291714,-0.029074629199015108,49.76970083619002,3.9429256886489464e-10,4.517570932407275e-09
1.7000000000000001e-07,36.02544675733272,0.4286132127487329,-123.64368585471179,-0.02915162315297113,36.170541100118754,0.42711078961022936,-130.68103427027222,-0.02917258136341914,47.22845456840001,4.110897842949625e-10,4.684063774611181e-09
1.7250000000000002e-07,30.483264119084566,0.4647743329588926,-133.70588306120143,-0.02921301659005697,30.26553891273097,0.4613845604812773,-136.1708201591172,-0.029311912808980035,42.552589707501305,4.288744159899899e-10,4.90879879282449e-09
1.75e-07,23.169701756306775,0.4871650629091564,-136.80692261857482,-0.029413696987512058,23.19666978115942,0.48597820002195097,-141.71590801764046,-0.02948891181547698,35.95344469685722,4.475567433726788e-10,5.182555850395217e-09
1.775e-07,15.436597880704374,0.49925104280523874,-146.60287720218477,-0.030111793808441995,15.352215299211329,0.5001694920656226,-147.32177965124686,-0.029699567727981185,27.729285862712544,4.670374578943297e-10,5.49119796057365e-09
1.8e-07,6.6857337965615855,0.5016666739969244,-151.61594568831725,-0.029761326639278787,7.1067401130251975,0.5036994928679978,-152.99340569142612,-0.0299395723425866,18.251826455489617,4.872126061594908e-10,5.817197405192185e-09
1.825e-07,-1.1429202921869557,0.4963351328680054,-162.0080175605132,-0.030305052480619207,-1.1994148627784955,0.4967158689449668,-158.73512929020657,-0.030204326758608124,7.949426057372051,5.079780795561612e-10,6.141519121443818e-09
1.85e-07,-9.44397325311355,0.48139784138635905,-165.21729702173715,-0.030520600908542674,-9.269735120405654,0.47971130888511715,-164.55055782549778,-0.030488952881218688,-2.712270295306831,5.292334671413865e-10,6.445559032037077e-09
1.875e-07,-16.909141465260728,0.45379835921533695,-170.55196146176544,-0.030673602584354247,-16.850830263033405,0.4534696085530343,-170.442463709647,-0.03078830977410561,-13.251378207292332,5.508852349889593e-10,6.71289055854617e-09
1.9e-07,-23.4325421097483,0.4166078842852781,-174.24724446614292,-0.031627261717610294,-23.7239795562047,0.41902752324094333,-176.4126953004864,-0.031097015869608207,-23.191554001678373,5.728493182219433e-10,6.930652917559295e-09
1.925e-07,-29.97683308004226,0.37823800499661986,-187.16034223012656,-0.03128353486293626,-29.692865806863033,0.3776545975275441,-182.46209881190416,-0.0314094784412363,-32.083524369325964,5.950532893311836e-10,7.090489647052311e-09
1.95e-07,-34.53941206121572,0.33199117448255094,-190.57310392467096,-0.03167001966391908,-34.57201156197396,0.33084711391073285,-188.5904520104919,-0.03171993163579403,-39.52539249930595,6.174382854584374e-10,7.188998259066381e-09
1.9750000000000001e-07,-38.24344450485384,0.2829735430358862,-193.48295437477293,-0.03215655838921086,-38.180093338850114,0.280327258735245,-194.79641036714324,-0.032022483767291034,-45.18080289951323,6.399608371807162e-10,7.2276816348741e-09
2e-07,-39.868317713094704,0.2303907591936415,-206.289609834986,-0.032374504978858576,-40.341129610368384,0.22803560372827078,-201.0774662086876,-0.032311173611013544,-48.79414389892733,6.625946528494606e-10,7.2124115089661316e-09
2.025e-07,-41.18968665045281,0.1748945423600358,-208.59715898278668,-0.03214128641462912,-40.89474141414502,0.17610467331914537,-207.42992128591305,-0.03258003429594488,-50.20210071303797,6.853322962786143e-10,7.152441887525675e-09
2.05e-07,-39.42777093439548,0.12560369042374703,-211.38553923809448,-0.033345176273239734,-39.714609521205006,0.12680383934143624,-213.84887304183056,-0.03282316230545246,-49.341036900188115,7.081865778996805e-10,7.059058565966998e-09
2.075e-07,-36.405536059310634,0.08104956322688886,-215.931022328103,-0.03282978332805368,-36.73229046157809,0.08245065504056785,-220.3282147290226,-0.03303478828045112,-46.24987058381753,7.311913876016737e-10,6.94402014876803e-09
2.1e-07,-31.88291471295855,0.046487345283503255,-225.77005115233015,-0.03346860080533693,-31.962078442102726,0.04529015049513956,-226.86064938862225,-0.03320934594802266,-41.06831544191157,7.544016542352326e-10,6.818019647267716e-09
2.125e-07,-25.95004961476969,0.014582680858145734,-231.94654156658368,-0.03369054531730741,-25.521898390022038,0.017350397208389372,-233.43771756717132,-0.033341535663160525,-34.030565966926304,7.778921363795492e-10,6.6894440581453555e-09
2.15e-07,-17.706243363264818,0.0023284142271785334,-239.99368209399373,-0.033528279683428135,-17.645435730470343,0.00028854996047964756,-240.04983851255955,-0.033426379745376246,-25.454712408060693,8.017548341255507e-10,6.563699735903239e-09
2.175e-07,-8.878938641132818,-0.004575998957702899,-245.35572817905785,-0.03362858714755873,-8.68183376928931,-0.004754540601031341,-246.68636445770466,-0.03345926791173062,-15.728363816379916,8.260949527188779e-10,6.443283364760043e-09
2.2e-07,1.0302325604061633,0.0049394874936575395,-250.81729548832084,-0.03356170594408642,0.9188614947263893,0.002728026102294004,-253.33564747182157,-0.033435992470588746,-5.291128998409298,8.511178156636826e-10,6.328616873457148e-09
2.2250000000000001e-07,10.220450972990118,0.021428208221516004,-260.9063051155327,-0.033312082595786545,10.634070285835433,0.022536425489021784,-259.9851182352483,-0.0333527743167496,5.385252800798564,8.767518588560615e-10,6.219465300840848e-09
2.2500000000000002e-07,19.73670149576738,0.05112812109936986,-270.1464957490322,-0.03301258836607237,19.90814452052445,0.05374840599492994,-266.6213759759821,-0.03320628192296309,15.8182334372492,9.031996298684394e-10,6.116578075366476e-09
2.275e-07,27.87249554990564,0.09428497697104124,-274.30349869552134,-0.032868126320851586,28.198313629267954,0.09476579125871457,-273.23028869544044,-0.03299364625689866,25.536265945206857,9.305572733063679e-10,6.023098821742797e-09
2.3e-07,35.73019979237794,0.1437334162718476,-275.3414496819363,-0.03241801827180636,35.021310441713666,0.14342022322317427,-279.79710270850904,-0.03271247473946512,34.10011738619242,9.58901785457235e-10,5.945318476578443e-09
2.325e-07,40.42774853148423,0.19788029487645928,-284.1415502349677,-0.0324171504311619,39.99462051129246,0.19712737710561823,-286.30656042964284,-0.032360866968137454,41.1227211775363,9.882856799250288e-10,5.892503464113081e-09
2.35e-07,42.83240906760585,0.2562048565171839,-293.31392691321486,-0.03202647779978596,42.86702158504082,0.2530726306215533,-292.7430252534965,-0.03193743402785789,46.286671620448836,1.0187332500233263e-09,5.875773164227023e-09
2.375e-07,43.80665059167355,0.30481622175170986,-297.3222571467481,-0.03169222701971248,43.53466436942699,0.3084074863957351,-299.09061230607915,-0.03144132196052546,49.35856991477732,1.0502387097321826e-09,5.906256107932461e-09
2.4000000000000003e-07,42.095243101061904,0.362771713242393,-309.9160339790836,-0.031260956242388505,42.04112299840863,0.36043549893845633,-305.33332378140716,-0.03087223858262975,50.19957325325351,1.0827662895900838e-09,5.99294440057571e-09
2.425e-07,38.45454109241409,0.40823961134820264,-308.83605912586006,-0.030296131546732583,38.56224290058502,0.40676908165029135,-311.4551875296763,-0.030230481572020084,48.77167020019568,1.1162521562933618e-09,6.140735952393805e-09
2.45e-07,33.417285117813954,0.4442464953253242,-318.0484354349604,-0.029634369038787457,33.37882728599302,0.4454438621852959,-317.4403975265228,-0.0295169648117462,45.13939872183777,1.1506078458298731e-09,6.349090885147594e-09
2.475e-07,27.01955596248142,0.47314149000123273,-324.35667940128576,-0.02899741166836191,26.841858342433834,0.47498426609601874,-323.27345482937034,-0.028733239544490863,39.466929217227715,1.1857247751443689e-09,6.611561986725502e-09
2.5e-07,19.47586591715085,0.49292720929312295,-329.74111261841347,-0.027900043549746588,19.33577309706086,0.49442151175403287,-328.9393076163934,-0.02788150703008853,32.01064439005663,1.2214793424705814e-09,6.91624804081464e-09
2.525e-07,10.86927433367548,0.502757290919861,-335.20352907347535,-0.027099251291309547,11.245182572137935,0.5032719078329544,-334.4234889063729,-0.026964620084798656,23.10755133431104,1.2577381452656567e-09,7.247027177625944e-09
2.55e-07,3.2695278862532073,0.5045233986744826,-338.11081237093885,-0.025534795720991328,2.9293814708733956,0.5014881403327225,-339.7122505736838,-0.025986071992007646,13.160049581092995,1.2943629283016041e-09,7.585301961160993e-09
2.575e-07,-5.033856902898409,0.4903868114744157,-346.7698412119252,-0.0249914464638586,-5.292750432815024,0.48939836595515573,-344.7926923017175,-0.024949972613496137,2.6177435561966385,1.3312150033484283e-09,7.91194617329486e-09
2.6e-07,-13.068388281811766,0.4635796464777891,-348.3178787028275,-0.023995902376785817,-13.146976674299186,0.4676471338623122,-349.65288415993155,-0.02386101286359584,-8.042878516050937,1.3681590294570045e-09,8.2091735469196e-09
2.6250000000000003e-07,-20.597966788776105,0.4357274874470691,-351.89876663646373,-0.022775757947063584,-20.39869155147555,0.4371487149608638,-354.28198154410916,-0.022724419804028773,-18.339980795424236,1.405066180446343e-09,8.462121004315838e-09
2.65e-07,-26.745854849149726,0.3997421919726829,-360.80581862220174,-0.022052999015618358,-26.84200474771847,0.39905808310631485,-358.6703312857989,-0.021545905288581794,-27.80815770849171,1.4418168282738151e-09,8.660019659971416e-09
2.675e-07,-32.57322013859941,0.35430291135958153,-361.22890147309965,-0.02059441941670515,-32.28726295783749,0.3547586604645837,-362.8095678147155,-0.020331611225718263,-36.01946922066655,1.4783029197049126e-09,8.796891525616924e-09
2.7e-07,-36.22283666628035,0.30596212698815217,-367.0655314180601,-0.019250508061455174,-36.55146638515627,0.3058602403658345,-366.6926983464205,-0.019088054122860094,-42.602782751222605,1.514430212183979e-09,8.871749981228456e-09
2.725e-07,-39.59761375941947,0.25575776426456215,-371.9157599435834,-0.0179378185524511,-39.45525850476156,0.2541963761439431,-370.3141761660857,-0.01782207071648174,-47.26054752076146,1.5501204681722657e-09,8.888304656017175e-09
2.75e-07,-40.43038940436214,0.20228571868911802,-366.3721927531331,-0.016068909916987457,-40.82864167903091,0.20180881519143756,-373.66996118667714,-0.01654076534826773,-49.782243168830306,1.5853136015908628e-09,8.854192837699115e-09
2.775e-07,-40.69964299739547,0.15179633096597084,-377.2074818489456,-0.014998490916367258,-40.52558765974072,0.15090765087090252,-376.7575670755317,-0.01525145854225723,-50.05389479479497,1.6199696494289218e-09,8.779796493334016e-09
2.8e-07,-38.889240497816886,0.10292324974556702,-379.9618349018474,-0.014545352599155334,-38.4456444282573,0.10379962080647726,-379.57609436598716,-0.01396163520538747,-48.06322436379431,1.654070333484543e-09,8.676763807883464e-09
2.825e-07,-34.244415893084856,0.06743527305065108,-374.09611775854904,-0.012848146861139519,-34.558880376104725,0.06278275349492647,-382.1262490993559,-0.012678890217467237,-43.90020564595479,1.6876199072463778e-09,8.556428668319479e-09
2.85e-07,-29.293637944088243,0.02944356022098919,-388.35971115279744,-0.011551625990648127,-28.929391234323216,0.030012320538012997,-384.41034667596176,-0.01141086903159115,-37.75299760687806,1.7206449700939636e-09,8.428386700134285e-09
2.875e-07,-21.209434449538318,0.010980109850905471,-382.2970488863965,-0.009946506944562386,-21.732347291620314,0.007349548144048199,-386.4323007309507,-0.0101652013149376,-29.899440050890814,1.7531929839464755e-09,8.299509428043208e-09
2.9000000000000003e-07,-13.279453678686826,-0.0017608698856435854,-386.9947858607269,-0.009091691627543747,-13.260245419020169,-0.0037904441309737926,-388.1975969899315,-0.00894942656424221,-20.694495894612658,1.785329342697942e-09,8.173630436646514e-09
2.925e-07,-3.731826156707554,-0.0054678897760602144,-393.3300471373157,-0.007359603321847409,-3.9155505848270744,-0.0025724607815334156,-389.71325219990337,-0.007770911880364362,-10.554207651484077,1.81720658302091e-09,8.052010011021637e-09
2.95e-07,5.369305151560637,0.01336563878578506,-390.94011489329415,-0.006816216764398801,5.810988322148735,0.011161731193380275,-390.9877583711342,-0.0066367634680728,0.06310674238943427,1.8488132790538202e-09,7.934498056512817e-09
2.975e-07,15.537038045235972,0.038799564130773005,-392.59259177936474,-0.005476758435158159,15.374743797759447,0.036848126583836724,-392.0310127043656,-0.0055537346987800905,10.67756885521996,1.880211940168222e-09,7.821118063058796e-09
3e-07,23.81997355222096,0.07442080100346218,-399.56322690771844,-0.004268568967396361,24.220595995982166,0.07321582994829516,-392.85423371368387,-0.004528134510381235,20.809429171827386,1.9115363778599777e-09,7.713650982189758e-09
3.025e-07,31.825237581560746,0.11931089443954379,-399.3392432695711,-0.003589519484243198,31.829983846230956,0.11836414676445714,-393.469864187357,-0.003565740350617414,30.000750679191572,1.9428577908151897e-09,7.616762165892715e-09
3.05e-07,38.11056749170791,0.1679794187094,-393.26736796858046,-0.002441909813817723,37.765568931449266,0.16989442108451824,-393.89146175569033,-0.002671719715091127,37.836106576580676,1.9742297362442756e-09,7.538310599713628e-09
3.075e-07,42.0362237231493,0.22631315978128894,-394.66736689969724,-0.002162461650649065,41.70769929752686,0.22508245092909598,-394.1335779553183,-0.001850563607157788,43.961356620892666,2.0056837385287817e-09,7.488687176493335e-09
3.1e-07,43.41301694109027,0.2783716062163624,-394.4478515045955,-0.0011194748159880415,43.478040537123576,0.28107224847366985,-394.21162679222664,-0.001106034071168403,48.09965345915934,2.0372266203030226e-09,7.47928772860623e-09
3.125e-07,43.12003871790369,0.335835195299365,-391.062836556109,-0.0002610345445199017,43.047664536183646,0.33506976209328315,-394.1417439101331,-0.00044112651725009136,50.063955498436755,2.0688397350385816e-09,7.520457965603255e-09
3.15e-07,40.71374696251474,0.38700853262014034,-393.45035251856353,0.0002552000841498989,40.52922520708309,0.384516250571405,-393.9406375656614,0.00014195389668474536,49.76548075985546,2.100480070083342e-09,7.619381872909083e-09
3.1750000000000003e-07,36.53997316994808,0.429458756703247,-395.6227860029697,0.0005278308384621737,36.15520713033021,0.4272250562080014,-393.6254326961571,0.0006418037922804427,47.21771962188262,2.1320829926524984e-09,7.778387147240203e-09
3.2e-07,30.883526235362183,0.4595847873206589,-390.4190725885532,0.0010597919868067195,30.246208098173923,0.46147181914984137,-393.2135094391833,0.0010578237870912006,42.535825085937084,2.163566257218507e-09,7.994020195361004e-09
3.225e-07,22.9486311448422,0.48769329069496475,-391.72197608717295,0.0013315433320291578,23.1744803064974,0.48603559584326256,-392.72233752402633,0.0013902144502261314,35.931408122962665,2.194834802178432e-09,8.25704613435262e-09
3.25e-07,15.610003881592494,0.4994236635067106,-389.4370416807532,0.002092049341749336,15.328304879998171,0.5001956044174556,-392.1693080043179,0.0016399687493792866,27.702973339443698,2.2257858465310795e-09,8.553320538258288e-09
3.275e-07,7.455943321873459,0.5026112004637361,-394.27717899874597,0.0018574181389602246,7.08217047798792,0.5036941898651384,-391.57156383667376,0.0018088629490959757,18.222427248977073,2.256313850882221e-09,8.865317060392826e-09
3.3e-07,-1.3700459905570315,0.49706906136823414,-390.02071915655165,0.0018488580400970794,-1.223702569009264,0.49668012601249917,-390.9458308326723,0.0018994467956911186,7.918268944798959,2.2863150168352336e-09,9.17401138571426e-09
3.325e-07,-9.451059729090549,0.480109097585206,-389.4812335091542,0.0018074307154522411,-9.292932604455517,0.4796470331590548,-390.3082505203123,0.001915032587156752,-2.743777083405937,2.315691141082532e-09,9.460819280184339e-09
3.35e-07,-16.220390442273704,0.45042674940743743,-388.51030547795847,0.0016513567394002158,-16.87224687617244,0.45337950055256826,-389.67421644615587,0.0018596816142629462,-13.281810635846142,2.3443527870087473e-09,9.709342193083572e-09
3.375e-07,-24.144478956484047,0.4187765177929673,-387.8811705452349,0.001281107476252258,-23.74300954962287,0.4189149913824692,-389.0582154306766,0.001738185684744306,-23.219536594219708,2.372221859606256e-09,9.906754251769618e-09
3.4000000000000003e-07,-29.64553770812212,0.37784859586208897,-388.7407864619979,0.0016634876901763412,-29.708950961633512,0.3775237228071766,-388.4736752570112,0.001556041155774202,-32.107792376397036,2.3992337468129258e-09,1.0044739287066607e-08
3.425e-07,-34.37057555244341,0.3327764476492282,-386.58091353512526,0.001323216815089295,-34.58461245641126,0.33070264512790515,-387.9328202275789,0.0013194131608798517,-39.54484906225253,2.4253392093789865e-09,1.0119938901923702e-08
3.4500000000000003e-07,-38.065531513115964,0.28087064143948226,-382.753716238911,0.0011910948485062728,-38.18868019767285,0.28017460635664615,-387.4465359642645,0.001035088485472198,-45.19456862599858,2.4505061611711115e-09,1.0133902263356668e-08
3.475e-07,-40.05632855973846,0.22647605037821977,-388.0422756865397,0.000681389263141433,-40.34519914294706,0.22788079540070244,-387.02424475650633,0.0007104166864201289,-48.80159660946299,2.4747213933373277e-09,1.0092548024792695e-08
3.5e-07,-41.045125018729735,0.17691987964160255,-381.5033108229797,0.00016659717768340943,-40.893860151038076,0.17595423728280576,-386.67379267829415,0.0003532403628525747,-50.202903562079804,2.4979921795730885e-09,1.0005176332399109e-08
3.525e-07,-40.05931974470949,0.12602650977132795,-380.96118314711197,0.00017229191284034388,-39.70847801003629,0.12666459315534617,-386.4013496004522,-2.8183267800091945e-05,-49.33515360078776,2.520347582215749e-09,9.883117257564896e-09
3.55e-07,-37.283115748204125,0.08052402745913143,-386.7383605549836,-0.0003070941845381263,-36.72081744786181,0.08232939419250472,-386.21132311945115,-0.0004252663779349154,-46.23756704770991,2.5418391872375397e-09,9.738171282040575e-09
3.575e-07,-31.93253601756644,0.04081652731492744,-383.41531246288343,-0.0004909374643292906,-31.945450841810164,0.045193251551464524,-386.1062873092593,-0.0008291765199207492,-41.05014776090976,2.5625409532705696e-09,9.581071108566331e-09
3.6e-07,-25.662474399087294,0.019789402389948134,-383.3572957375533,-0.0010025900668729432,-25.500632121075324,0.017283369475920164,-386.0869270793783,-0.0012309210620538706,-34.00735527883839,2.582547879745877e-09,9.420242272088475e-09
3.625e-07,-17.670454606867214,-0.00012213796675036436,-391.93635395838453,-0.0014709253421741981,-17.620394509568577,0.00025558454751585584,-386.1519987912805,-0.0016214271505776933,-25.42750778313054,2.601973284701893e-09,9.261130226633915e-09
3.65e-07,-8.220819420319213,-0.0012527850031729512,-389.1082851600589,-0.0026488317858666733,-8.65420749649457,-0.00475096784835541,-386.29830764808185,-0.0019916153398155507,-15.698394841701258,2.620944624179385e-09,9.106273336368465e-09
3.6750000000000003e-07,0.8733753280232686,0.0005802101946355931,-388.5161420741242,-0.0025093087521750046,0.9476209009343539,0.0027686094769918037,-386.5207022296637,-0.002332466353836214,-5.2597502033894274,2.6396901827223544e-09,8.956139559123284e-09
3.7e-07,10.70204928277592,0.024092118881219683,-392.85506547501325,-0.0027645851980261805,10.662350846776398,0.022612353883439486,-386.81208639879907,-0.0026350817918147293,5.416623166083864,2.6581621850960753e-09,8.810545242800518e-09
3.7250000000000003e-07,19.84699549532895,0.05531309695753011,-390.0312804956658,-0.0026333833913849023,19.93430284574992,0.05385592087936051,-387.16344865445035,-0.002890740725750688,15.848177503728953,2.6765872091168453e-09,8.670296068351884e-09
3.75e-07,27.70205852961585,0.09116427197657495,-385.5220402460909,-0.0031781194794806527,28.220814468119524,0.09489926945698941,-387.5639088575691,-0.0030909548622490082,25.56343030926764,2.6950857795703432e-09,8.538595146421852e-09
3.775e-07,35.15708906017263,0.1431347195759647,-384.8966302458321,-0.003524022805967954,35.03885916298607,0.1435725675859019,-388.00078210377177,-0.003227525119435096,34.12327428043997,2.713759376604735e-09,8.42179333802909e-09
3.8e-07,40.20543648937996,0.19951894119981678,-385.98223435392066,-0.0032958760052194365,40.00627124603587,0.19729052751576384,-388.4596593675043,-0.003292602071480367,41.140823963086085,2.7326849228480293e-09,8.329214172855777e-09
3.825e-07,42.50591639024288,0.2567595756000055,-386.37842736811626,-0.00327064903135265,42.87224727371093,0.25323813823271857,-388.9245043950674,-0.0032787518053228847,46.2989020926193,2.7519108655235423e-09,8.272028374214048e-09
3.85e-07,43.797462960960694,0.30899257142605197,-391.53169596998566,-0.003568968207196876,43.53338066830055,0.3085670876226394,-389.3777661804371,-0.003179027474104738,49.36437528407892,2.771455136240358e-09,8.261408120407743e-09
3.875e-07,41.842623846949934,0.3615431527611493,-389.28031336497594,-0.003263097484867907,42.033664949638656,0.36058162891513146,-389.80050621946015,-0.0029870454397070245,50.198691130214385,2.7913050657110504e-09,8.306380946726558e-09
3.9e-07,38.10306881731199,0.40470056103583685,-388.8658543724881,-0.0028923820444113233,38.54930027195255,0.40689527893076427,-390.1725396059409,-0.002697063615357294,48.764140454768324,2.811419123141052e-09,8.411872875505116e-09
3.925e-07,33.47973853423621,0.4441032709893053,-389.3835203564986,-0.002226262884335398,33.36135035393793,0.4455450351723163,-390.47258890855505,-0.002304058671497117,45.12556168136786,2.8317301712512685e-09,8.57736678292537e-09
3.9500000000000003e-07,26.904618135419312,0.47553441763958454,-390.70128904621976,-0.0019260270978002007,26.820949645220164,0.4750568137343262,-390.67844965151176,-0.0018037983175528721,39.4474102844337,2.8521498032775608e-09,8.796435287918985e-09
3.975e-07,19.053178326066657,0.4940528315771187,-390.40510120301684,-0.001602105985398694,19.312581722207838,0.4944633125944348,-390.7671661154966,-0.0011929049945751666,31.986325776249895,2.8725732736547685e-09,9.057196370394678e-09
4e-07,11.027831783774658,0.5032885922197284,-388.3334548736816,-0.0006957491863712544,11.220815744593082,0.5032822090092262,-390.71521607960244,-0.00046890798322718247,23.079532185455385,2.8928845530971816e-09,9.343548384004442e-09
4.025e-07,2.83856698129035,0.5030906706363494,-398.61644081435395,0.00044107172426111085,2.9048439578924334,0.5014673884536759,-390.4987030405629,0.0003697179731005346,13.129596298908064,2.912961122551758e-09,9.636915934909442e-09
4.05e-07,-4.7146078224547185,0.4927895970765892,-388.38407582184044,0.0013602581721435662,-5.31658447532832,0.48934802386529463,-390.09355437341003,0.0013235281048084994,2.5862325596865867,2.932678249440428e-09,9.918196584717868e-09
4.075e-07,-13.258185817103403,0.46822687496834714,-391.9735269347205,0.0023172970838516898,-13.16936122662761,0.46756952069859364,-389.47572383833773,0.0023920963653713307,-8.074023001604385,2.9519126371423236e-09,1.0169628801167554e-08
4.1e-07,-20.777326336981425,0.4398957123739454,-389.59755643121684,0.003468581168364276,-20.418983242702964,0.43704689350584935,-388.62139679262214,0.00357401565934206,-18.36935111019907,2.9705454761273058e-09,1.0376373956238228e-08
4.125e-07,-27.054206186057538,0.3978021713418116,-386.45102539906856,0.0049006373237136785,-26.859626091019717,0.398935800928168,-387.507196434357,0.004866907048106042,-27.834426381145466,2.988465027009828e-09,1.0527685856005176e-08
4.15e-07,-32.36118023700237,0.35638579083124367,-392.6636818660415,0.006509860985472424,-32.30166773953791,0.35462033328113113,-386.1103893868232,0.006267435293344718,-36.04144896701677,3.005568914262573e-09,1.0617605896596773e-08
4.175e-07,-36.162583974253785,0.3028323932008971,-380.29639201993587,0.007945089936177362,-36.5621196240568,0.30571095108160157,-384.40908892871374,0.0077713284975081225,-42.61948013678875,3.021766297530787e-09,1.0645161997702361e-08
4.2e-07,-39.227542539242265,0.25327434107696195,-379.37041978638973,0.009340382951124408,-39.46163988261543,0.25404185410121116,-382.38245418624786,0.009373400449886509,-47.27120786174092,3.036980020589787e-09,1.0614072015119162e-08
4.2250000000000003e-07,-40.971372004418086,0.20447557291585713,-384.92400001072787,0.011067273000263026,-40.83027599604752,0.2016553592171433,-380.01088362836947,0.011067575415157651,-49.786384642087576,3.0511487321456404e-09,1.0531973831482292e-08
4.25e-07,-40.714434821316544,0.15045537783270385,-381.5355449685922,0.012877420035219222,-40.52209969838891,0.15076196706531333,-377.27620124555585,0.012846916285752484,-50.051330215170246,3.064228851956053e-09,1.0409241352153079e-08
4.275e-07,-38.45095808074745,0.10794262669814886,-374.99565745498836,0.014289765362611695,-38.436829777992195,0.10366856051193012,-374.1618338459418,0.014703658026158972,-48.054069644446265,3.076196147580979e-09,1.0257505519560866e-08
4.3e-07,-34.133229604860674,0.06347217109048878,-369.8099780196404,0.016291353050896594,-34.544779389504285,0.06267295594680035,-370.65297796908635,0.016629248963427053,-43.88487455935002,3.0870466170984115e-09,1.00880739952471e-08
4.325e-07,-29.068208497157055,0.029589687892940947,-364.91772976229777,0.018485698030395344,-28.910351203902845,0.029929784872729903,-366.7367549972016,0.01861440258893766,-37.73218308321755,3.0967963603111343e-09,9.910508262887275e-09
4.35e-07,-21.26945217894324,0.008167183886079322,-357.75292428185355,0.020996234009682747,-21.709058597082677,0.007299176972665658,-362.40235313539586,0.020649162089910553,-29.874082859243096,3.105480173944471e-09,9.731639697553352e-09
4.375e-07,-13.989135845553538,-0.005354953257705325,-359.9992635070556,0.02246419382156074,-13.233740744137377,-0.0038052758358334444,-357.64115503565847,0.022722978883966537,-20.66574212229426,3.1131487215331402e-09,9.555258215441721e-09
4.4e-07,-3.562904866743054,-0.002659228774863727,-354.75400667743855,0.02499565571210249,-3.8871618017501115,-0.002550254547704416,-352.4468499531034,0.024824805136102537,-10.523356903522469,3.1199381547628167e-09,9.382579501693196e-09
4.425e-07,6.469487602025336,0.007833052054669802,-345.1672673437295,0.027436497691631416,5.839714288632344,0.011220381586412498,-346.81552944640123,0.026943198808695955,0.09466008244231128,3.1258175660540044e-09,9.2134100185758e-09
4.4500000000000003e-07,15.838803557499865,0.03780276392463257,-345.00358096455847,0.029667322488002364,15.402162044381052,0.03694048867496929,-340.74576576634445,0.02906643847266697,10.708398648250501,3.130830525025457e-09,9.047732023392299e-09
4.475e-07,24.498879901669017,0.07380705195776231,-340.9965956059871,0.030723348617973708,24.245099932905465,0.07333717068101589,-334.23867221597743,0.031182644115847695,20.83814198139897,3.135088863027883e-09,8.887287176442235e-09
4.5000000000000003e-07,31.58658408445595,0.11821752195938547,-328.519956601962,0.03356155910293242,31.850143473911892,0.11850804624097844,-327.29794491150426,0.03327989969096841,30.02604875169958,3.1386410046963292e-09,8.736701974184141e-09
4.525e-07,37.61454692746086,0.1727630724311307,-323.8400815137017,0.03530827589999401,37.78025311556607,0.17005322996230798,-319.92988552402613,0.0353463732332627,37.85684649675878,3.1415167310107393e-09,8.603794706615476e-09
4.55e-07,41.91181703844548,0.2244161849500115,-311.0003492066776,0.03744972537532114,41.71616621200317,0.22524784089417635,-312.14340473675907,0.03737043102855519,43.976600991579815,3.1437230354999814e-09,8.498911407332564e-09
4.575e-07,43.26150852155928,0.28149086796486067,-300.52318179768764,0.040202892656913854,43.47998515934888,0.2812357943135953,-303.9500063094424,0.0393407434145345,48.10871326951683,3.1452417189778306e-09,8.433397273402253e-09
4.6e-07,43.327649467555396,0.3355678640711186,-290.98342958547613,0.041136476805473436,43.043218551293904,0.33522349230148923,-295.36375179981894,0.04124638116759629,50.066421265668126,3.146028899676541e-09,8.417541265214244e-09
4.625e-07,41.49304118333151,0.3839273268567447,-287.0680547178133,0.042973600120712635,40.51891180701762,0.38465311124477247,-286.4012061499933,0.04307690285035274,49.761241036897204,3.146016405384292e-09,8.458465645391518e-09
4.65e-07,35.66973244872386,0.4277527832047831,-278.0508488842902,0.04455708928399595,36.139859766340074,0.4273392487515461,-277.0813645018342,0.04482243477523114,47.20696603455743,3.1451148176988477e-09,8.558433836985992e-09
4.675e-07,29.717407571961648,0.46244646853215043,-265.90873428626423,0.04632233205460729,30.226867154942763,0.46155899314954413,-267.42556075899756,0.046473746256014824,42.519043671902665,3.143217784508079e-09,8.713928624047755e-09
4.7e-07,23.547140551662018,0.4868694856519656,-259.31304656814075,0.0479279253085752,23.15228410381571,0.48609290076083417,-257.4573585623598,0.04802232357658393,35.9093573639173,3.140207126349195e-09,8.915655497628107e-09
4.7250000000000003e-07,15.75368422226062,0.5047500363053111,-251.41845690567385,0.04961415749276906,15.304391006428622,0.5002216236772513,-247.2024254893254,0.04946044677996614,27.67664987947994,3.1359582452879816e-09,9.149417316730248e-09
4.75e-07,7.274649813701102,0.5049592655598469,-236.60854559216793,0.05059549922422739,7.057600355942938,0.5036887951236795,-236.68839142445472,0.05078127434708975,18.193020848538513,3.13034539867012e-09,9.397644037599663e-09
4.775e-07,-1.1808235558504914,0.4932163795715095,-221.70106884966629,0.05228130182220995,-1.24798818402945,0.4966442956908535,-225.94469217789424,0.051978942677687566,7.887108706218864,3.123246509918749e-09,9.641277840376404e-09
4.800000000000001e-07,-9.639992764728788,0.4769691439911213,-213.78809502530675,0.05307454850733928,-9.316125799947113,0.479582676913859,-215.00239954817565,0.05304869077091396,-2.775282788305659,3.114547330831654e-09,9.861711509294138e-09
4.825e-07,-16.498682274907505,0.45275701342357566,-205.26843727690704,0.053893270816345186,-16.893657307613804,0.45328932108999964,-203.89403913597903,0.053987026483988274,-13.312237820951287,3.1041449162804703e-09,1.004253373570842e-08
4.85e-07,-24.161863320298494,0.4185088078455843,-195.32680749836896,0.054733700802481064,-23.762031662273777,0.4188023991331996,-192.65339731453176,0.05479195994846819,-23.247510020056037,3.0919504950992725e-09,1.0170915420108481e-08
4.875e-07,-30.081604937430914,0.3772752741277316,-184.06696131253054,0.055226628883495894,-29.725026626976824,0.3773928007353189,-181.31531884961493,0.05546334228772492,-32.13204770782002,3.077891898119664e-09,1.0238545798589393e-08
4.9e-07,-34.636472267719434,0.3316196796006084,-169.80124863604655,0.05637068278155933,-34.597202282934994,0.330558144001928,-169.91549673687783,0.056003362375320366,-39.56429001351876,3.0619157231644895e-09,1.0242079519428638e-08
4.925e-07,-37.69147024525575,0.2792422693777351,-154.97593742518202,0.05682660837519236,-38.19725444993999,0.2800219385550322,-158.4902558857502,0.056417266568316554,-45.20831651038405,3.043989376504656e-09,1.0183085410110288e-08
4.95e-07,-40.859781096101216,0.22863152110946894,-150.36933197478152,0.05672788991565353,-40.34925466033767,0.22772599025805113,-147.0763323271394,0.056714365858287104,-48.80903005390119,3.0241030417558487e-09,1.0067507399325877e-08
4.975e-07,-40.90607866270282,0.17691095197770704,-134.29658064081087,0.05684496993480831,-40.892963757019416,0.17580382424978563,-135.7106496559062,0.05690936152412544,-50.203686591810374,3.0022715110540284e-09,9.904675652166755e-09
5e-07,-39.44219244607965,0.12565459597476455,-121.40221753540538,0.057031486800751464,-39.702330755673096,0.12652539022731574,-124.43009443858897,0.05702391952863971,-49.32925082465015,2.978535695979021e-09,9.705954434997919e-09
5.025000000000001e-07,-36.837057194334385,0.08112195755600876,-118.24026760189835,0.0568734850641321,-36.70932880214011,0.08220819623584187,-113.27129232178527,0.057088205215749255,-46.22524525774287,2.952963544273857e-09,9.483182556404665e-09
5.05e-07,-31.858078362794764,0.042048309893590326,-102.961308869305,0.056975272084196574,-31.928808629375965,0.045096433243009416,-102.27038656703667,0.057141699088827574,-41.03196387395973,2.925650045777856e-09,9.247135850596936e-09
5.075e-07,-25.451920267046617,0.01666641037988842,-88.51239654306856,0.05728457558063435,-25.479353276524364,0.017216436879783446,-91.4628207140341,0.0572320378058061,-33.984131165185325,2.8967160312864e-09,9.006289246933001e-09
5.1e-07,-16.91461267641425,-0.0022725966804788716,-77.87668926430506,0.05747766903958388,-17.595343764644916,0.0002227242507237331,-80.88312703576746,0.05740999003451394,-25.40029311982332,2.8663055538724907e-09,8.76614595847387e-09
5.125e-07,-8.257936737728235,-0.002679299853742416,-65.14270049673858,0.058121918553618424,-8.626575638959427,-0.004747285555742357,-70.56472239714509,0.05771841310776413,-15.668419669545102,2.8345817838816294e-09,8.52931283747355e-09
5.15e-07,0.8408538874218525,0.0039232178416045175,-54.98316315121391,0.05838532222976762,0.9763813140993287,0.002809300619395894,-60.539713063153954,0.058173991118563265,-5.228369331903298,2.801813675189006e-09,8.29633912760123e-09
5.175e-07,11.08134908505425,0.021604886710636144,-49.31967183899826,0.05856638440144053,10.690627545456495,0.022688381939852058,-50.83870992434659,0.0587437766897111,5.447991392972121,2.767999382508601e-09,8.06713644328661e-09
5.2e-07,20.41070162120023,0.05270365081634659,-38.95607907030063,0.059036957817908915,19.96045255226091,0.0539635213966616,-41.4906555170405,0.05932428707099176,15.878115313599045,2.733416231794167e-09,7.842619578624047e-09
5.225e-07,28.422308766162708,0.09094577813401218,-26.744225569751862,0.05975134881752411,28.243302454716083,0.09503281426687975,-32.522664113914544,0.05973672324940454,25.590584581290827,2.6982405641398843e-09,7.626113045595335e-09
5.250000000000001e-07,34.700514812839614,0.14437969683158267,-24.063670376554192,0.05973946798770353,35.0563916840506,0.14372495590415146,-23.959876048526855,0.059751699066241684,34.1464177033595,2.662634603141316e-09,7.4240986995586115e-09
5.275e-07,39.99977946947073,0.1977458910491163,-12.292324738079447,0.058718220544122623,40.017903586390545,0.19745369722352366,-15.825327315705593,0.05914457678443957,41.15891050689022,2.6267408441931324e-09,7.246037447011941e-09
5.3e-07,42.359564465879124,0.2537568496732226,-12.008273023540283,0.05765307964784388,42.87745366826788,0.253403640207899,-8.139835359788801,0.05776134740323424,46.31111428671659,2.590678009218921e-09,7.103240820158477e-09
5.325e-07,43.279222110888654,0.308903742231454,-0.05976565660066813,0.05551030352472326,43.532078067197006,0.3087266596361451,-0.9219018254939506,0.05556204746811158,49.370161165106936,2.5545388494008547e-09,7.007023240690839e-09
5.35e-07,42.0267777198063,0.36025919132952444,-1.8574312315405583,0.05261249996183858,42.026189554415026,0.36072770883084,5.812367097080617,0.05261997711860168,50.197789189526986,2.5183898732124656e-09,6.966555279050112e-09
5.375e-07,38.13492403476991,0.4059831228050728,9.011048771539707,0.04928353042549327,38.536342768357166,0.407021409030979,12.049322249868606,0.04908321125551471,48.756591458030506,2.4840485409649687e-09,6.990593572918842e-09
5.4e-07,33.459912557832055,0.44878073440731225,15.206389971039773,0.04567509420934481,33.343861629525556,0.4456461281558861,17.77781467479615,0.04512452676322549,45.111706826041015,2.4516373359743073e-09,7.078927665051299e-09
5.425e-07,26.841745531283323,0.47430064775729514,23.668532697092527,0.04088409770302535,26.80003252583429,0.47512927299058055,22.98922019420775,0.04090309705419993,39.42787577842684,2.420974476423634e-09,7.224845722071387e-09
5.45e-07,19.442960484150504,0.4925238327211409,29.31375497878791,0.036753917939714977,19.28938529028213,0.4945050209183359,27.67744538032771,0.0365459844823175,31.96199453474885,2.391865366555944e-09,7.416196187164016e-09
5.475e-07,11.457680343524354,0.5013257089742746,33.58325714553286,0.031985003019624494,11.196446996502965,0.5032924173419329,31.838915044525773,0.032145334959288195,23.051503925165623,2.3641080987588707e-09,7.636625407738196e-09
5.5e-07,3.152870938737168,0.4981755183318461,34.155018671538016,0.027737994743329726,2.8803073008833557,0.501446546669514,35.472541529553695,0.027763666358209777,13.099137833366791,2.3374986565472427e-09,7.867325152137073e-09
5.525e-07,-5.520827175324418,0.4907572779983752,38.43004199055976,0.023085727848431534,-5.340415280666753,0.4892975975513134,38.57967623721936,0.023441447185363423,2.554720542172879,2.311835558929848e-09,8.088979963594384e-09
5.55e-07,-12.90870008175676,0.4648578496022245,40.04189242857479,0.019649426120024537,-13.191740509579477,0.4674918313236038,41.16404396887634,0.019204019365183355,-8.10516429966124,2.2869238345457716e-09,8.283634939129993e-09
5.575000000000001e-07,-20.261492485598062,0.4408035748245446,43.11814083980599,0.015227182375040635,-20.439267883038337,0.4369450059319181,43.23166079539996,0.015066910855315084,-18.398714173045335,2.2625783517239384e-09,8.436276970081015e-09
5.6e-07,-27.160292330257718,0.3972611414130335,46.6837592236056,0.010998886792813984,-26.87723874071385,0.39881346470073287,44.790736305793914,0.011039548978843667,-27.860684065208353,2.2386266327415762e-09,8.536003148015352e-09
5.625e-07,-32.303989507068266,0.35712784921112617,43.07124383707723,0.007205654614648933,-32.31606223771334,0.35448196608450494,45.85156120811213,0.007127710988807601,-36.06341448477386,2.2149113292736416e-09,8.576714582368092e-09
5.65e-07,-36.55567732098795,0.3057002056470041,42.34855268101881,0.0027119549600071223,-36.57276101471861,0.30556163777235246,46.426381371924805,0.0033350820574146365,-42.636160696859015,2.1912925244854876e-09,8.557313865553648e-09
5.675e-07,-40.004277878178655,0.2507686692817155,49.89643943513019,-4.457421534841626e-05,-39.46800792256539,0.2538873258453713,46.529259507136025,-0.00033577359495420346,-47.281849540796074,2.1676499606254332e-09,8.481406942462929e-09
5.7e-07,-40.81688007835662,0.20439751882710488,52.158695449944105,-0.003969156816482506,-40.831895689302584,0.20150191632281023,46.17592576869335,-0.0038828018476362684,-49.79050646046869,2.1438851855031244e-09,8.356531663656339e-09
5.725e-07,-40.94851007977564,0.15270503943097793,44.82029133463876,-0.00728365253221656,-40.51859622209968,0.15061631648983195,45.38361865982057,-0.007304047675148334,-50.04874587607297,2.119923490970425e-09,8.19297239352403e-09
5.75e-07,-38.6734713394678,0.10334335582819618,42.047468917750834,-0.010358625362595743,-38.42799933692824,0.10353755353301175,44.17091767718344,-0.010597332151646165,-48.044895954112604,2.095715408888348e-09,8.002279995618596e-09
5.775e-07,-34.7747391504778,0.06352197360975624,41.81758919177847,-0.013524514499138426,-34.530663159738346,0.0625632305594969,42.55756919928653,-0.013759939856477,-43.869526147691765,2.071237460687349e-09,7.795691068594442e-09
5.800000000000001e-07,-29.183144136435075,0.031163801836726998,35.5621501424236,-0.016996437524509272,-28.89129745278146,0.02984733764443737,40.564307163935254,-0.016788264033403267,-37.71135366348848,2.0464918444502718e-09,7.582705336123458e-09
5.825e-07,-22.015603259219162,0.005924555953799024,41.21848436712053,-0.01985888535314132,-21.685758735316593,0.007248906609050674,38.21267011145093,-0.019677377775132832,-29.848713873780287,2.021504797048727e-09,7.3701027140990186e-09
5.85e-07,-12.753243231214164,-0.005501276380614932,36.802282533994614,-0.02218093935468439,-13.207228422643327,-0.003819999443820419,35.52481618727049,-0.02242052161657993,-20.636980191468158,1.9963234846443137e-09,7.161633413433433e-09
5.875e-07,-4.378718916803799,-0.004992410352793985,34.16083915618344,-0.025161260140691366,-3.858769669592329,-0.0025279388622599886,32.52333770051482,-0.025008526733723394,-10.49250200110691,1.971085587235133e-09,6.9584866006088394e-09
5.9e-07,6.280719377217951,0.013629469000947012,29.16562559642389,-0.02770272699090902,5.868438832195342,0.01127913645440047,29.231076824078627,-0.02742923406300306,0.12621338512470845,1.9457648081871706e-09,6.760456229590934e-09
5.925e-07,15.54517124871879,0.03637258713122451,25.9241645525482,-0.029969155614077345,15.429574003247435,0.037032944069581415,25.670943996954684,-0.02966702710169238,10.739224213774493,1.920415479887092e-09,6.567525748345435e-09
5.95e-07,23.850788374465782,0.07448145309923566,27.672729224607817,-0.03166561426498728,24.26959303833148,0.0734585880307603,21.86574055111921,-0.03170266792492978,20.866846564401953,1.895162142516272e-09,6.381449983713745e-09
5.975e-07,31.634334030974433,0.11969390593323655,12.93837470608024,-0.03381221391453811,31.870288440261795,0.11865200129418237,17.83798703375377,-0.033513696286865194,30.051334970398777,1.8700694606837723e-09,6.206877537973891e-09
6e-07,38.21670034013898,0.17293494171284293,13.65600174103362,-0.03525946537937385,37.79491984287416,0.17021207053970033,13.609758631404766,-0.035075682613793804,37.8775714716533,1.8451860646499337e-09,6.051653875506376e-09
6.025000000000001e-07,41.903376635765106,0.22684552158779672,8.075032516168088,-0.03643749893060678,41.72461411580559,0.2254132375484625,9.202529026460269,-0.036364557125422754,43.99182800100161,1.8205399048191966e-09,5.926153302910819e-09
6.05e-07,43.74269819481784,0.28327314174612667,3.2122245810571988,-0.03757008559754746,43.481910528883546,0.28139932240012827,4.637023928809658,-0.03736000992630594,48.11775408731616,1.7961353290034536e-09,5.841747091578616e-09
6.075e-07,43.725520840856,0.336348435363269,1.305491641024565,-0.03826436875739056,43.038754313586374,0.3353771824014379,-0.06691457244513188,-0.038049565697823015,50.06886726746932,1.771952063407244e-09,5.808746028541586e-09
6.1e-07,40.77764152160398,0.38604855390560183,-4.608633537027855,-0.03874649745579853,40.50858220336433,0.38478991273856017,-4.8904517999195924,-0.0384324914488326,49.75698166898908,1.7479665104374816e-09,5.834331806147896e-09
6.125000000000001e-07,36.01772726269127,0.42878050529394424,-6.626022697735569,-0.038756515548277935,36.12449901728144,0.42745336711233617,-9.815871500352037,-0.03852242497531282,47.19619381066948,1.7255661966027983e-09,5.9237959758968835e-09
6.15e-07,30.434283939702233,0.4614854354398116,-13.613508014877084,-0.038714208623996445,30.207516093015332,0.4616460823829876,-14.826673280959936,-0.03834775070386889,42.502245472023084,1.704676800142432e-09,6.073604586620149e-09
6.175e-07,22.725598350259673,0.48961874623364215,-17.895653369730645,-0.037939069238061014,23.130081183068093,0.48615011470937236,-19.907655802235872,-0.03794935349494986,35.88729242842609,1.6852059142443078e-09,6.274435744095014e-09
6.2e-07,15.01107651266946,0.5024845616517987,-23.524545504557093,-0.037628784335985946,15.280473687770641,0.5002475498107539,-25.044985194864864,-0.037376218398191566,27.650315493213114,1.6670484104976872e-09,6.512056649421805e-09
6.225e-07,7.402665644489883,0.503591397660368,-27.80851548053895,-0.037062309159089576,7.03302975508515,0.5036833086378634,-30.226248307599434,-0.0366800103067903,18.163607265784112,1.6500916964426026e-09,6.768854961826092e-09
6.25e-07,-1.6042051923266873,0.49676582444183287,-34.3402937080023,-0.03624445344540666,-1.2722717008217819,0.4966083779993445,-35.44049053477517,-0.03590995270018914,7.855945353932809,1.6342205394086398e-09,7.0257246931974696e-09
6.275e-07,-8.977354853834445,0.481794680787903,-35.849137821802984,-0.03453435089794837,-9.33931470089825,0.47951824019013484,-40.67823811539641,-0.0351090109879345,-2.806787397567333,1.6193212709725305e-09,7.264004582898928e-09
6.3e-07,-16.72032103591698,0.4553124971600894,-48.9623639212121,-0.0343009389892878,-16.915061552117024,0.45319907022344336,-45.93150493910156,-0.03431181056198185,-13.342659750595766,1.6052853325920666e-09,7.467222837849629e-09
6.325e-07,-23.74118941983626,0.41845844961429063,-52.506959033095626,-0.03401514171091307,-23.78104588932252,0.41868974656516955,-51.193784036507374,-0.033544178088970436,-23.275474268143263,1.5920122455700725e-09,7.622482552436012e-09
6.350000000000001e-07,-29.23766513188787,0.37423098572165103,-56.43888555881587,-0.032910239740496026,-29.74109279820709,0.3772618313945166,-56.46002407119039,-0.03282386806827778,-32.15629035401973,1.5794121653397326e-09,7.721396822194918e-09
6.375e-07,-35.0200376939963,0.33204297479800665,-63.289272504974136,-0.03204308527320624,-34.609781036923884,0.33041361062252167,-61.726591286612646,-0.0321619493589825,-39.58371534543018,1.567408198575772e-09,7.760534790678442e-09
6.4e-07,-38.30574361662737,0.28023403766896193,-66.3591294418518,-0.031504909557185344,-38.205816091241026,0.2798692554238527,-66.99121749243278,-0.03156440333152852,-45.22204654724181,1.5559386210138566e-09,7.741369430626142e-09
6.425e-07,-40.032382547137104,0.22995931444277562,-76.51339806746314,-0.03117118876073298,-40.353296158723204,0.2275711883937963,-72.25293479970917,-0.031033630548312395,-48.81644422930726,1.544959045079462e-09,7.669737581569333e-09
6.45e-07,-40.83151050410609,0.17155800565103713,-76.05939834366418,-0.030883522094483615,-40.89205222943244,0.1756534343096298,-77.51199793235371,-0.030569706283740145,-50.20444980192055,1.5344444701216464e-09,7.55485040659422e-09
6.475e-07,-39.134584780379605,0.1258319055917574,-84.04730824405902,-0.02981914093995957,-39.69616775727516,0.126386230638848,-82.76979505182977,-0.030171333127097955,-49.323328574105446,1.5243910306059811e-09,7.4079409585293855e-09
6.5e-07,-36.72542170226846,0.07928476725599909,-91.26739944549722,-0.029823069623079616,-36.69782452600949,0.08208706124010642,-88.02874813251991,-0.029836505045771716,-46.21290521878128,1.514817166219312e-09,7.240704920721572e-09
6.525e-07,-31.75211795707359,0.04656877239971694,-92.93869718742106,-0.02929779862810636,-31.91215180928378,0.04499969562395207,-93.29220401552622,-0.029562929212804477,-41.01376378824028,1.5057638953017553e-09,7.063764180545878e-09
6.55e-07,-25.185533717902338,0.015398130821765428,-94.82016335561168,-0.029940906094638862,-25.458061863908917,0.017149599456498747,-98.56431734814052,-0.029348261145162115,-33.96089363513547,1.49729389345072e-09,6.885430845383089e-09
6.575000000000001e-07,-17.595029950655785,-0.004600904486138195,-100.99704792043246,-0.029823094623232207,-17.57028350610697,0.00018996908813634684,-103.84992668413913,-0.029190205491217192,-25.373068428881865,1.4894891651043955e-09,6.711039088750099e-09
6.6e-07,-8.374100595185274,-0.006505285233847623,-111.93425963801292,-0.029054970119196135,-8.59893820939786,-0.004743493722690195,-109.15442507582314,-0.029086526339898097,-15.638438311744663,1.4824472377002382e-09,6.5430234904683625e-09
6.625e-07,0.7397105932828942,0.0029209012130162353,-110.48398579745037,-0.028830605141698717,1.0051427200969891,0.0028500995152868636,-114.48362653188727,-0.029035001428637717,-5.196986396339935,1.4763680608335859e-09,6.381760538740736e-09
6.65e-07,10.128314156006267,0.02169121299505533,-123.09036827993913,-0.02853829129133555,10.718900367473797,0.022764509633800785,-119.84362974536775,-0.02903334612479152,5.479357469079655,1.4711780313786224e-09,6.226990531262563e-09
6.675e-07,20.05111835823823,0.05225453272595275,-128.68238065553626,-0.029312955829078585,19.986593626605128,0.05407120751784292,-125.24068051291694,-0.029079126184854313,15.90804685504033,1.467079835223798e-09,6.07945904354859e-09
6.7e-07,28.253868235394442,0.09766856535777954,-131.81968551179213,-0.029230683164878656,28.265777577720463,0.09516642566113952,-130.68103427027233,-0.029169672972233364,25.617728750556804,1.4641729076688835e-09,5.9423227539979275e-09
6.725e-07,34.76710170997427,0.1450308865307928,-134.90159776494426,-0.02891218228551133,35.07390799663472,0.14387738815847337,-136.17082015911723,-0.02930201066967287,34.16954764581384,1.4625405449916807e-09,5.821895268072822e-09
6.75e-07,40.02531180549137,0.19518899351773075,-140.3763040926073,-0.0294002792554341,40.02951752776373,0.19761688622230247,-141.71590801764052,-0.029472801667066964,41.17698080180792,1.462244610861266e-09,5.72746655428518e-09
6.775e-07,42.974020269991655,0.25586401329712444,-146.06455611974204,-0.02952743239863102,42.88264076800644,0.25356913655670427,-147.3217796512469,-0.029678313456127894,46.323308197919246,1.4633218040727321e-09,5.670172547364272e-09
6.800000000000001e-07,43.524243594790796,0.3098887719762403,-155.16169173154555,-0.029465551864803187,43.53075656908995,0.3088862024632494,-152.9934056914261,-0.02991440788089367,49.37592755557726,1.465781767860712e-09,5.661146428240599e-09
6.825e-07,42.51838147210911,0.359129153620725,-163.75099460931355,-0.03031188783687301,42.0186968188177,0.3608737387287606,-158.73512929020652,-0.030176551467798574,50.19686743154739,1.4696071158400442e-09,5.709372283006944e-09
6.85e-07,38.483268767420036,0.4092192621602559,-165.36296777221582,-0.030650196107172265,38.523370398153595,0.4071474720064601,-164.55055782549778,-0.030459843866618663,48.749023212962626,1.4747552425242294e-09,5.8197307339819e-09
6.875e-07,34.01746174874968,0.44485168792635443,-172.16548441519362,-0.03056104320513565,33.32636112243025,0.44574714119828013,-170.44246370964692,-0.030759060280035045,45.097834161326745,1.48116160817446e-09,5.9916618230094595e-09
6.900000000000001e-07,26.57927167218973,0.47615571960203784,-176.6773475932212,-0.030702641852948045,26.779106994340072,0.4752016439271766,-176.41269530048666,-0.031068703229242874,39.4083257069188,1.488744063825188e-09,6.218703253066561e-09
6.925e-07,19.616279072478378,0.4947907853533584,-182.75775232200345,-0.03119328853848729,19.266183810959536,0.49454663678130856,-182.4620988119042,-0.031383059119219736,31.937650675157727,1.497407728464487e-09,6.488950951872743e-09
6.95e-07,11.845392523584529,0.5027045998156362,-185.8202245253839,-0.03169663820259863,11.172076336628422,0.5033025328732955,-188.590452010492,-0.03169625577000067,23.02346656450749,1.5070499500990934e-09,6.786297659376718e-09
6.975e-07,2.936228200401046,0.5015083556020815,-194.11754221128749,-0.03153196407791207,2.8557715074465664,0.5014256150035905,-194.79641036714332,-0.03200231822589642,13.068674196493356,1.5175649668515273e-09,7.0921805219628285e-09
7e-07,-5.407390790517055,0.4930454380689184,-198.36312774265946,-0.03203423743365531,-5.364242842361306,0.4892470870136303,-201.07746620868772,-0.03229522153307052,2.52320751609596,1.5288480136791416e-09,7.387527647259894e-09
7.025e-07,-13.097347023652317,0.4655874825966953,-209.92924583469392,-0.03241194691678558,-13.214114517586824,0.4674140657124532,-207.4299212859131,-0.03256894054389951,-8.136302397927947,1.5407987681610081e-09,7.654624385709528e-09
7.05e-07,-19.878130006573866,0.4410006488541417,-208.4105878488583,-0.0326605243086342,-20.459545467483515,0.4368430521882616,-213.84887304183053,-0.03281749792786613,-18.428069972370288,1.5533241664006186e-09,7.878692625486161e-09
7.075e-07,-27.144949535250227,0.394130075201808,-218.85336928727415,-0.03313537483852235,-26.894842692063712,0.39869107434831763,-220.32821472902268,-0.033035012254582614,-27.886930750314395,1.5663407219424201e-09,8.049057035349249e-09
7.1e-07,-32.12750552820706,0.35281470681957416,-232.0083859832159,-0.03386546106921382,-32.33044644770612,0.3543435587766239,-226.8606493886222,-0.03321574815636399,-36.08536576526554,1.579776528968413e-09,8.159836663704179e-09
7.125000000000001e-07,-36.648132971698836,0.30598753411452756,-232.96285953134665,-0.03315800623316517,-36.58339055259245,0.3054123003212953,-233.43771756717143,-0.03335417016599964,-42.65282442484845,1.593573119113583e-09,8.21014022250092e-09
7.15e-07,-39.821661057678696,0.2551967876225398,-241.82127461416943,-0.033621344574537707,-39.4743626204376,0.2537327912455395,-240.04983851255963,-0.03344500095075831,-47.29247255372595,1.6076872742530687e-09,8.203765875491595e-09
7.175e-07,-40.238631091014625,0.197939025909404,-247.67962807444704,-0.033653362639122095,-40.83350075548185,0.20134848636878308,-246.6863644577047,-0.0334832835005315,-49.79460862234628,1.6220927917813574e-09,8.148427896077914e-09
7.2e-07,-41.07242677661202,0.1527337594309166,-256.54474959633296,-0.03331593541003704,-40.515077229044735,0.1504706990018626,-253.33564747182163,-0.03346444560309822,-50.046141778523484,1.6367820783208572e-09,8.054569714501725e-09
7.225e-07,-38.88130587584631,0.10060001690134493,-263.6588620365911,-0.03304369483616068,-38.41915310537732,0.10340659973039731,-259.9851182352481,-0.03338436389082946,-48.03570329641491,1.6517673399033982e-09,7.933882887940288e-09
7.25e-07,-34.77272543031789,0.06349277682561398,-268.94014383739676,-0.03377539002128281,-34.51653168981012,0.06245357720341206,-266.6213759759822,-0.03323942407738208,-43.85416041703918,1.6670810670748e-09,7.797726091671767e-09
7.275e-07,-28.60440529978011,0.03196471306275601,-275.4132753405229,-0.03249278417015817,-28.87222998697612,0.02976497873981455,-273.23028869544044,-0.03302657385808073,-37.69050935591445,1.6827755009980855e-09,7.655703183336507e-09
7.3e-07,-21.855875031879616,0.004923385541188608,-276.5301738236014,-0.032749029575292694,-21.662447715348655,0.007198736962603684,-279.7971027085091,-0.032743365367970866,-29.82333310451824,1.6989208200257291e-09,7.514681838283467e-09
7.325e-07,-13.576334522067844,-0.007471686168534859,-284.4390991783792,-0.0320786410594348,-13.18070846619626,-0.003834615016745557,-286.3065604296428,-0.0323879850195694,-20.6082101134891,1.7156019017423149e-09,7.3784858532816e-09
7.350000000000001e-07,-3.2661859695805733,-0.00032481371745428107,-290.51270950175314,-0.03196762662726383,-3.8303742019037887,-0.002505513752899525,-292.74302525349674,-0.03195926982859094,-10.461642956417032,1.7329881112291107e-09,7.24836615875741e-09
7.375e-07,5.722952899966343,0.012797189118723216,-299.86184067380924,-0.031194920545114867,5.897161938423376,0.011337995807919353,-299.0906123060792,-0.03145671076587208,0.15776663798041685,1.7510772055801402e-09,7.1241685568613405e-09
7.4e-07,15.264718468383634,0.03467009440486061,-305.1494241785073,-0.030890126998003788,15.456979660279586,0.037125492819086586,-305.33332378140705,-0.030880445004972088,10.770045539622844,1.769943422126207e-09,7.0059193539247685e-09
7.425e-07,23.775093508737097,0.07277097841823758,-310.7177742678207,-0.029851668749511687,24.294075299732935,0.07358008209034024,-311.45518752967627,-0.030231239941518186,20.89554290950438,1.7897233463301193e-09,6.89540690503183e-09
7.450000000000001e-07,31.44972551798124,0.11872427196388295,-316.3319117293489,-0.029409895121583093,31.890418735380706,0.11879601205653044,-317.440397526523,-0.029510472372253575,30.076609325307132,1.8104879961016144e-09,6.7973024916634505e-09
7.475e-07,37.34559099461832,0.17338021223003455,-319.8059674306747,-0.02854888300463566,37.8095691068946,0.1703709429845893,-323.2734548293704,-0.028720106154771313,37.898281493082706,1.8322863865847333e-09,6.71946117830644e-09
7.5e-07,41.67614525172586,0.2266584248171642,-333.178978666335,-0.028098567134825284,41.73304300629158,0.22557864108864759,-328.93930761639353,-0.02786267104098007,44.00703764314622,1.8551410958199348e-09,6.6722515727089286e-09
7.525e-07,43.426725228231355,0.2832356766066942,-334.5315038915928,-0.026183768532286635,43.483816646918044,0.2815628329500024,-334.42348890637277,-0.02694124430424458,48.1267759089882,1.8790455960709424e-09,6.667022495449475e-09
7.55e-07,42.968367987969074,0.3391153732912256,-343.4841520903737,-0.02594440702098177,43.03427182768333,0.33553083261946154,-339.71225057368366,-0.02595943545518855,50.07129350287461,1.903963528678808e-09,6.714045403638243e-09
7.575000000000001e-07,40.41992057615516,0.38594875462859873,-343.900636374066,-0.02509305066168314,40.49823640345862,0.38492665527724157,-344.79269230171764,-0.024921373001353688,49.75270265781255,1.9298298897816366e-09,6.820404741748448e-09
7.6e-07,36.49470876007484,0.4235741437491224,-348.90162615879467,-0.023919804319569065,36.10912489229219,0.42756741150096345,-349.6528841599315,-0.023831691089383315,47.185402954471776,1.956553897647007e-09,6.988309216072593e-09
7.625e-07,29.690713421096238,0.4618513034165784,-361.7281335960271,-0.022884152955171988,30.18815492237126,0.4617330870355279,-354.281981544109,-0.02269551317243545,42.48543049293047,1.9840231584025248e-09,7.214175016998995e-09
7.65e-07,22.868441930808384,0.48688372815857917,-358.27651666282446,-0.021500298577095425,23.10787155420833,0.4862072378390626,-358.67033128579885,-0.02151842969190657,35.86521332520067,2.0121086566141494e-09,7.488634531507598e-09
7.675000000000001e-07,15.374035183776334,0.5054100450323483,-361.7457573270709,-0.020156721833092767,15.256552933289589,0.5002733829251163,-362.8095678147156,-0.02030646717589772,27.62397019103933,2.0406700802875417e-09,7.79741557540503e-09
7.7e-07,7.431054355562994,0.5045194890155382,-363.1597719560616,-0.01926160378722066,7.008458683604294,0.5036777304664536,-366.69269834642057,-0.019066047061109242,18.134186512324547,2.069561043656034e-09,8.122874157997258e-09
7.725e-07,-1.0542526539022583,0.4959644458341973,-369.7010182007889,-0.01777289983358166,-1.2965531123708525,0.4965723729457312,-370.3141761660857,-0.017803933777043545,7.824778900244646,2.0986338808990884e-09,8.445880868061693e-09
7.75e-07,-9.509267999317114,0.4827563582438104,-372.71625423336513,-0.01645563641154059,-9.362499301329667,0.4794537229447676,-373.6699611866771,-0.016527172971263267,-2.8382908987534368,2.1277438260143976e-09,8.747758925184855e-09
7.775e-07,-17.405258940522256,0.4486989727354719,-379.83379273162825,-0.015068903301098422,-16.936459604443254,0.45310874786163285,-376.75756707553177,-0.015243021964098703,-13.373076412769825,2.1567525401482545e-09,9.01202800017493e-09
7.8e-07,-23.869727984970357,0.4194692080047292,-380.8662951862332,-0.014131454646430657,-23.80005222593544,0.4185770335439723,-379.5760943659872,-0.01395887538785162,-23.303429327441865,2.18553107006023e-09,9.225788360305582e-09
7.825e-07,-29.635383344169465,0.3772247407055278,-381.9100880368466,-0.012774398132752838,-29.757149470637707,0.3771308146141466,-382.12624909935596,-0.012682189339660215,-32.18052030542471,2.2139623979570864e-09,9.38065454451701e-09
7.85e-07,-34.462485544460094,0.3280563727270421,-385.3473036365063,-0.010785713805047748,-34.6223487137563,0.33026904479122277,-384.4103466759617,-0.011420407199123166,-39.60312505031768,2.241943761145291e-09,9.473199924506623e-09
7.875e-07,-37.5999421712206,0.27701896380375446,-384.65358147102864,-0.01045727989798621,-38.21436511716709,0.2797165567461889,-386.43230073095066,-0.010180889572395902,-45.23575873115209,2.2693888790476018e-09,9.504903016511192e-09
7.900000000000001e-07,-40.80655024926572,0.22711863574887425,-388.3952800246701,-0.008640015955937818,-40.3573236342892,0.22741638958250932,-388.1975969899315,-0.008970849757459227,-48.82383913275425,2.2962301361172517e-09,9.48160612655475e-09
7.925e-07,-41.016996494003656,0.17647123779321025,-390.01308161558853,-0.007623938185149704,-40.89112556562492,0.17550306723844564,-389.71325219990337,-0.007797294882934825,-50.20519319210904,2.3224206527222184e-09,9.412524599552262e-09
7.95e-07,-39.21639475279545,0.1255482185664456,-389.68199220931007,-0.006773730377620222,-39.68998901400892,0.12624711417730416,-390.98775837113425,-0.006666971689548305,-49.31738685149174,2.34793605856239e-09,9.308893539423536e-09
7.975e-07,-36.678119907182804,0.07880313785461096,-390.68109339924683,-0.005497964366563815,-36.686304621073944,0.08196598901285695,-392.0310127043657,-0.005586315022974048,-46.200546935696586,2.372775691794841e-09,9.18240828706201e-09
8e-07,-31.90585070148675,0.0436701621671605,-386.61136129849683,-0.004852138713830713,-31.895480386026133,0.044903038529861425,-392.85423371368387,-0.004561396662243061,-40.995547510936426,2.3969629045827812e-09,9.043688508631676e-09
8.025e-07,-25.29399337081878,0.011599133466198681,-395.56587549640517,-0.0036044294834933536,-25.436757890777425,0.017082857075940937,-393.469864187357,-0.003597872209599285,-33.937642697862124,2.4205441763245975e-09,8.901043572177592e-09
8.05e-07,-17.58570554610806,-0.001388340401024571,-392.94922213663773,-0.002783238216937993,-17.545213744372568,0.000157318968426702,-393.89146175569033,-0.002700924406792099,-25.345833721055445,2.4435868218920492e-09,8.759806456901767e-09
8.075e-07,-8.382921176589203,-0.004601469366792678,-391.562861059567,-0.001326358117209309,-8.57129522053067,-0.004739592399263664,-394.1335779553182,-0.0018752023123138166,-15.608450780136781,2.466175224069071e-09,8.622414476786585e-09
8.1e-07,0.9265720679899441,0.00481035514611814,-394.02304247276317,-0.000794935294136416,1.033905104800817,0.00289100615619893,-394.2116267922267,-0.0011247570874157512,-5.165601409088647,2.4884976964954677e-09,8.489252926519914e-09
8.125000000000001e-07,10.47679143741597,0.019255605521444123,-395.2596393315901,-0.0005485509119342407,10.74716929842792,0.022840736996646675,-394.1417439101331,-0.00045297646305163405,5.510721382024347,2.510470853155459e-09,8.360078295984298e-09
8.15e-07,19.725647189029317,0.05190214385162952,-396.89114399857203,0.00010323076008158193,20.012726055336127,0.05417897931036,-393.9406375656614,0.00013747894382492573,15.937972116237672,2.532289032696077e-09,8.235659790060197e-09
8.175e-07,28.293218987773603,0.09569912150937585,-391.704754285519,0.0007132944113883864,28.28823982580278,0.09530010373789821,-393.6254326961571,0.0006447336282048672,25.644862806348872,2.5540451051095476e-09,8.119183836080679e-09
8.2e-07,35.262735172469455,0.14550949907081656,-395.1026493319696,0.0011198075053410717,35.09140809247688,0.1440298644709677,-393.2135094391834,0.001067745561501141,34.192664098671905,2.575817544573363e-09,8.01699750866556e-09
8.225000000000001e-07,39.711746284446725,0.19803844694197803,-391.57526542543184,0.0014296095631989645,40.04111306557524,0.1977800946506111,-392.7223375240262,0.001406341452606655,41.19503484070631,2.597665171131906e-09,7.938425104710563e-09
8.25e-07,43.038713855882385,0.2544429025837643,-388.77602262187037,0.001663674234791065,42.887808572233084,0.25373462742614467,-392.16930800431777,0.0016612364314345213,46.33548382141358,2.6196234493412e-09,7.894635196342135e-09
8.275e-07,43.51414255717312,0.3083717453224052,-390.95595776105154,0.0016717685435258943,43.52941617696323,0.3090457162516808,-391.5715638366737,0.0018340370357153896,49.381674453213286,2.6417026225860468e-09,7.896790359432908e-09
8.3e-07,42.38444661065073,0.36085822848852583,-388.39039000018033,0.0018790915154329373,42.01118674893485,0.3610197187501606,-390.94583083267224,0.00192722787394281,50.195925856639505,2.663887756562646e-09,7.953900675851806e-09
8.325e-07,38.46163449661395,0.41126634744224055,-394.18114549110794,0.0020606265294623367,38.5103831697015,0.40727346798616254,-390.3082505203123,0.0019441437227646424,48.7414357225525,2.686140558420578e-09,8.070870602103856e-09
8.35e-07,33.394808489005705,0.44755946411170183,-390.0633053163392,0.0018903578602766204,33.3088488423286,0.44584807441142876,-389.6742164461557,0.001888929872188751,45.083943692701595,2.7084026600554287e-09,8.24716411714205e-09
8.375e-07,26.94923931807791,0.4778841148544259,-392.8613455492184,0.0017531296245438233,26.758173060801646,0.4752739266355411,-389.0582154306766,0.0017664940929583773,39.38876007762811,2.730599930404974e-09,8.476345663346353e-09
8.4e-07,19.241577747702763,0.49235697002355683,-389.1615528478959,0.0016074077768972609,19.242977293916322,0.4945881602521615,-388.4736752570111,0.0015824535917846555,31.913294207088736,2.7526473280419538e-09,8.746543220895962e-09
8.425e-07,10.887291272817356,0.5031428600281546,-389.0708780856779,0.001031242170061033,11.1477037737261,0.503312555648799,-387.9328202275788,0.0013430797675662123,22.995420114549695,2.774453825416848e-09,9.041688734559334e-09
8.450000000000001e-07,3.789315881501684,0.500654543342851,-384.60236195127504,0.0007692084229339859,2.8312365851785124,0.5014045934787826,-387.4465359642643,0.0010552426068019414,13.038205400313965,2.795927020795057e-09,9.343266630402963e-09
8.475e-07,-5.7480485847467575,0.4870534819520004,-386.5228317896019,0.0006711363854515898,-5.388067153946759,0.4891964922545922,-387.02424475650616,0.0007263553541982601,2.491693493896317,2.8169771835857405e-09,9.632260372907342e-09
8.5e-07,-13.385401480850637,0.46580279142593234,-387.55916793674464,0.0009752839432849282,-13.236483245083186,0.467336223850241,-386.6737926782941,0.00036431889823525823,-8.167437284110616,2.837520626748123e-09,9.891017998256986e-09
8.525e-07,-20.536119146668515,0.4386602646421469,-393.7934321296412,0.00013226580416613183,-20.479815991042393,0.43674103224695626,-386.40134960045214,-2.2535649778189933e-05,-18.45741849658473,2.85748243761835e-09,1.0104830151718345e-08
8.55e-07,-27.05740582422451,0.3986128163132311,-387.49600669311906,-0.00020886704548151358,-26.912437940333046,0.398568629834815,-386.2113231194511,-0.00042550824701469007,-27.913166426102123,2.87679870034338e-09,1.0263094786392367e-08
8.575e-07,-32.178727230497294,0.35542631085111587,-384.6135106477916,-0.0004968713048626946,-32.34482036486004,0.3542051113182153,-386.1062873092591,-0.000835597162987677,-36.1073027998268,2.895418391435274e-09,1.0360007086091872e-08
8.6e-07,-36.501603581808055,0.30801058215855676,-387.95839392519264,-0.001066761433084341,-36.5940082331293,0.3052629386907412,-386.08692707937826,-0.001243573744485056,-42.66947131417791,2.9133051179894527e-09,1.0394753027258039e-08
8.625e-07,-39.31517433260097,0.2545526081939918,-391.0294502001789,-0.0019147621452994543,-39.48070397205974,0.2535782502695949,-386.1519987912805,-0.0016400653152660208,-47.30307689633639,2.930438801114913e-09,1.0371207456473502e-08
8.65e-07,-41.181805206443144,0.20196018008577254,-386.9655999859992,-0.0018263556729983066,-40.83509119127458,0.20119506933133016,-386.29830764808173,-0.0020156456014815433,-49.798691126101076,2.946817301342145e-09,1.0297159130215029e-08
8.675000000000001e-07,-40.439546972125314,0.1512844818238807,-389.16115892912876,-0.0024433167435465603,-40.511542717400864,0.15032511458741693,-386.5207022296636,-0.0023609308073514962,-50.04351792354979,2.9624578623175687e-09,1.0183122381600554e-08
8.7e-07,-38.48082191690793,0.10201595121413623,-388.8399948206743,-0.0026950289401424334,-38.410291083658336,0.10327569909955654,-386.81208639879895,-0.0026666783903781886,-48.02649167498229,2.9773981414022875e-09,1.004085515648973e-08
8.725e-07,-34.31794179092535,0.058041670313395834,-387.4185532806943,-0.003026849951219207,-34.5023849827314,0.062343995881574105,-387.16344865445024,-0.0029238849042949634,-43.838777373458576,2.9916965264647057e-09,9.881777740079067e-09
8.75e-07,-28.150173765471326,0.029644767897914658,-390.405928673908,-0.0033750164104968754,-28.853148812511954,0.029682708166120543,-387.563908857569,-0.0031238791250460286,-37.66965016872423,3.0054314260823634e-09,9.715551373654532e-09
8.775000000000001e-07,-21.82051369849208,0.005288384676659846,-388.01345213580936,-0.003139413124858101,-21.639125546212775,0.007148668040478695,-388.0007821037717,-0.0032584070913044996,-29.797940561476597,3.0186992740632218e-09,9.549098233930687e-09
8.8e-07,-13.20359903212847,-0.0018548354051554773,-391.61676519863255,-0.003405948066749541,-13.154180886460246,-0.0038491225524039285,-388.4596593675042,-0.0033197066157399503,-20.57943189971441,3.0316111049897073e-09,9.386295611943393e-09
8.825e-07,-4.028437392410534,-0.004351803139570357,-386.39109261885676,-0.0032764991992225655,-3.801975412240222,-0.0024829792271237844,-388.92450439506723,-0.003300570104690064,-10.430779781636195,3.044362435034921e-09,9.228448851572517e-09
8.85e-07,5.840692867038918,0.010618517350676777,-392.55800846647287,-0.0034920768134904293,5.925883592900558,0.0113969596256875,-389.3777661804371,-0.003194395946193919,0.18931982855199828,3.0569754086936824e-09,9.075460472040223e-09
8.875e-07,15.568568532934309,0.0387514368442995,-390.12990441231364,-0.003156065366903485,15.484379001401408,0.03721813488555217,-389.80050621946,-0.00299523004625518,10.800862613627782,3.0695501578908833e-09,8.927416113153106e-09
8.900000000000001e-07,23.52616160924473,0.07808122064905583,-388.0542137117054,-0.002813131154786795,24.31854670458961,0.0737016528038778,-390.1725396059407,-0.002697800085005439,20.924231005378033,3.0822467006541518e-09,8.786165041282713e-09
8.925e-07,31.950007150162307,0.12371416692214916,-383.3418854438072,-0.0021491809001254396,31.91053434937717,0.11894007845466058,-390.4725889085548,-0.002297545558750816,30.101871806446162,3.0951589016133247e-09,8.656438732060065e-09
8.95e-07,38.15519859367114,0.1704751038161447,-393.93714953184843,-0.0020589044712746233,37.82420090115906,0.17052984720834494,-390.6784496515115,-0.0017906465874032585,37.91897655287055,3.1083574191819472e-09,8.546148651166538e-09
8.975e-07,41.85178121036607,0.2228678851779062,-392.3995200361148,-0.0007536479774074353,41.74145288083018,0.22574405141457457,-390.7671661154965,-0.0011740538189348765,44.02222991200931,3.12188510566477e-09,8.465712887460601e-09
9.000000000000001e-07,42.98175126358012,0.27841145757538205,-388.5761793211996,-0.0003611624687209208,43.48570351465368,0.2817263258564142,-390.71521607960227,-0.0004455206702440131,48.13577873097151,3.1357541819370676e-09,8.426520408956014e-09
9.025e-07,42.78781559025573,0.3353398593371649,-388.8501729123268,-7.11110319015322e-06,43.02977109821589,0.3356844428476824,-390.49870304056276,0.00039636219825043786,50.07369997092627,3.1499453655440423e-09,8.438872353625673e-09
9.05e-07,40.12313964575299,0.3819661670861928,-393.15639524649816,0.0010597928414891019,40.487874414643294,0.3850633387576419,-390.0935543734099,0.001352131630785901,49.748404005056976,3.1644089205028667e-09,8.509872734520105e-09
9.075e-07,36.13953205766957,0.4270144406125529,-392.0605844251873,0.0025575213729086234,36.09373740051392,0.42768138182481236,-389.4757238383377,0.0024214185304326794,47.17459347022426,3.179067400533366e-09,8.641741363645534e-09
9.1e-07,30.14065979567844,0.45988767071875386,-390.4762557807212,0.0033642307739227733,30.168783652990594,0.4618200070302764,-388.621396792622,0.003602919504281628,42.468598741262554,3.193819703577321e-09,8.830899519940968e-09
9.125e-07,23.046925319781653,0.4860790532971965,-385.4608343841343,0.0050904832080037685,23.08565522718764,0.4862642700930291,-387.50719643435673,0.004894377039563413,35.84312006295628,3.208545965258511e-09,9.067981274995643e-09
9.15e-07,15.805561428614292,0.5006400820452177,-383.9501425249367,0.005997902810124495,15.232628752249575,0.5002991229868079,-386.11038938682293,0.0062925712339161315,27.597613983359896,3.2231128021858443e-09,9.338714938466304e-09
9.175e-07,7.085005206522061,0.5020471473661456,-386.4988557590261,0.0074176706440369205,6.983887149689327,0.5036720606017302,-384.4090889287135,0.007793325190961318,18.10475859977567,3.2373784698749864e-09,9.625457268483812e-09
9.2e-07,-1.2711327785824076,0.49527535639997605,-380.031758251302,0.009478773947350812,-1.3208324116655303,0.4965362805498347,-382.38245418624786,0.009391524948072591,7.793609357457342,3.2511976098579578e-09,9.909080418830656e-09
9.225000000000001e-07,-9.283568721551589,0.4789380347942342,-378.9241312780846,0.010976195870639699,-9.385679595265103,0.4793891252262565,-380.0108836283692,0.011081153447252915,-2.8697932794283125,3.264425402552553e-09,1.0170909763604582e-08
9.25e-07,-17.2274016584201,0.4527301771182232,-372.2689556705475,0.013242895126278614,-16.957851459353922,0.4530183540823445,-377.2762012455558,0.012855336830453876,-13.403487795464763,3.2769210883722223e-09,1.0394466922539712e-08
9.275e-07,-24.242190580391465,0.4213049352340933,-376.5897561918465,0.014610681126540037,-23.819050667278837,0.4184642601766392,-374.16183384594177,0.014706400450339741,-23.33137518691562,3.2885509416705676e-09,1.05668527843573e-08
9.3e-07,-29.456258201620503,0.3763139645194385,-372.8508637757525,0.0168848567378834,-29.77319663958289,0.37699975052962426,-370.6529779690862,0.01662593158610685,-32.20473755247019,3.299190858354702e-09,1.067967992463652e-08
9.325000000000001e-07,-34.82507479387464,0.3299399662081187,-367.03049099261267,0.018499188887950383,-34.634905308810616,0.33012444666979707,-366.7367549972013,0.018604846001081417,-39.622519120518376,3.308728735870184e-09,1.0729515890745907e-08
9.35e-07,-38.32730382289332,0.276949560191441,-357.7089143060972,0.020790656126160115,-38.222901523309545,0.2795638427065684,-362.40235313539563,0.020633456133447806,-45.24945305670106,3.3170667830204208e-09,1.0717828282405235e-08
9.375e-07,-39.969488629159784,0.2320973171440792,-363.1844638641006,0.02245847565479976,-40.361337083223646,0.2272615940260064,-357.6411550356586,0.022701539739814425,-48.83121476132278,3.3241238077795587e-09,1.06504422714309e-08
9.4e-07,-41.034792454752726,0.17281957318929198,-355.5434938512383,0.02459010081253854,-40.89018376294923,0.1753527232477938,-352.4468499531034,0.024798409010703275,-50.20591676208233,3.3298374145738245e-09,1.0536548938829471e-08
9.425e-07,-39.097883627690045,0.12331610413623469,-343.4084472368356,0.026687644851804724,-39.68379452504731,0.12610804105445012,-346.81552944640123,0.02691298131282339,-49.311425659154814,3.3341659248538676e-09,1.0387351473248005e-08
9.450000000000001e-07,-37.25926597166261,0.08007062811771025,-343.3988641058718,0.029057605871865937,-36.674769088946015,0.08184497975491281,-340.74576576634433,0.029033853560645882,-46.18817041336763,3.3370897433266497e-09,1.0214505738965389e-08
9.475e-07,-31.845610432248538,0.04909789395521685,-334.65387521390096,0.031247308409136264,-31.87879436410509,0.04480646213850472,-334.2386722159773,0.031149382605909572,-40.97731504923966,3.3386118497473204e-09,1.0028585259447542e-08
9.5e-07,-25.745009480636668,0.018847619187587365,-331.6528803806396,0.03324965926699718,-25.41544136468933,0.017016209880716584,-327.29794491150426,0.033247773867310246,-33.914378362545435,3.3387571167325362e-09,9.837848361456267e-09
9.525e-07,-17.54549506716597,-0.003260841690779201,-323.9978834521359,0.03488396020365661,-17.52013448986619,0.00012477398802164787,-319.9298855240261,0.03531717971256842,-25.318589007095273,3.337570240143423e-09,9.647574579110452e-09
9.55e-07,-9.593746155166135,-0.00538953117022768,-308.819447176257,0.0372976358808316,-8.543646685084095,-0.00473558154399745,-312.1434047367589,0.0373458079599623,-15.578457086559721,3.3351122104232338e-09,9.460148215613268e-09
9.575e-07,0.6438249218873271,0.0006416982655782508,-308.52578457729146,0.038990559725014494,1.0626684540808158,0.0029320205230826423,-303.95000630944253,0.0393220394776882,-5.134214382539731,3.3315473524417376e-09,9.275904609042708e-09
9.600000000000001e-07,10.252320874278505,0.021459510583288724,-300.8769850314165,0.041091372894123054,10.775434323916818,0.022917063947228065,-295.3637517998185,0.041234552471433115,5.5420831194227995,3.326768277142505e-09,9.094555156295314e-09
9.625e-07,19.611415290417185,0.05510703320731821,-288.35591264378473,0.04331154005896816,20.038849825008718,0.054286836633643414,-286.4012061499929,0.04307244992573906,15.967891085375351,3.320945118138408e-09,8.916829399557334e-09
9.65e-07,28.773323498242807,0.0954423930933174,-278.6300303706235,0.04471643528064463,28.310689187640993,0.0954338483040814,-277.08136450183383,0.04482538604732054,25.671986737955237,3.314146948302052e-09,8.745878749692285e-09
9.675e-07,35.416483477861235,0.14392387473885296,-260.85772661246455,0.04626297976118284,35.108891963325355,0.14418238460658941,-267.4255607589975,0.04648368765375764,34.21576705280822,3.306429078277629e-09,8.588018062688471e-09
9.7e-07,39.65916672303012,0.20113717543597343,-259.4361825316744,0.048559516481806564,40.05269019525453,0.19794332224469122,-257.4573585623595,0.04803846741884945,41.21307261645696,3.2978281104896115e-09,8.452539920522307e-09
9.725e-07,43.02459885184717,0.25479126196403634,-247.57500419487624,0.04937019834219304,42.892957080265205,0.2539001125385742,-247.2024254893253,0.04948172785680663,46.34764115239259,3.288358555116519e-09,8.350579714348248e-09
9.75e-07,43.43566459474826,0.31296808684434757,-233.21190582712484,0.05106888306286279,43.52805689381078,0.30920520072502383,-236.68839142445466,0.0508064580428325,49.38740185574629,3.278011283950254e-09,8.293264412363882e-09
9.775e-07,41.47705413945586,0.36124399584453976,-227.63104448990518,0.05182374379119009,42.003659350862534,0.36116564863406164,-225.9446921778941,0.052006729527979856,50.19496446517504,3.266753892742233e-09,8.289566502681816e-09
9.8e-07,38.145442200132656,0.40957887452651043,-218.0846502130988,0.053287543642738674,38.49738109136585,0.4073993967367647,-215.00239954817593,0.05307780401308381,48.733828989795384,3.254532835646039e-09,8.344352699277213e-09
9.825000000000001e-07,33.45161923775301,0.4420639830097049,-207.4605718995723,0.05385706574211258,33.291324798900355,0.44594892759940297,-203.8940391359787,0.054016273492567025,45.070035425649316,3.24127701747414e-09,8.457051952468089e-09
9.85e-07,26.541887208559157,0.47571580252859275,-190.3397483227557,0.05497410512193177,26.737230735282523,0.4753461209641396,-192.65339731453133,0.05482026411261358,39.3691788982783,3.226902406038415e-09,8.621199682284992e-09
9.875e-07,19.629118820312005,0.4911573555036882,-179.6368534938613,0.05516584755093634,19.219765748824294,0.49462959122805716,-181.3153188496146,0.05548974782695895,31.888925140155774,3.211317173521905e-09,8.824903948397468e-09
9.9e-07,10.936131484830968,0.502671410718143,-167.67109607605497,0.05651019328362198,11.12332931654919,0.5033224856162349,-169.91549673687751,0.056027019713060504,22.967364586363264,3.1944268961366856e-09,9.052088290012819e-09
9.925e-07,2.675305370563656,0.5010096628891207,-159.18548143392283,0.05661839718223786,2.806702541673865,0.5013834820935289,-158.4902558857503,0.05643740926048583,13.007731456857918,3.1761394262349475e-09,9.284241725232572e-09
9.95e-07,-5.62516160103084,0.4879712488496033,-147.65053173854025,0.05657158041711383,-5.411888208959267,0.4891458133218694,-147.07633232713943,0.05673029110748251,2.4601784880159,3.1563691808614205e-09,9.502365854134123e-09
9.975e-07,-13.796914875532908,0.47151034272733455,-136.71021619731445,0.05695984344499551,-13.258846686504937,0.4672583058314193,-135.71064965590617,0.05692042483521834,-8.198568945918744,3.1350407388250056e-09,9.688840167834515e-09
1e-06,-19.99736564077879,0.4367554377963553,-126.64889270901958,0.05704849068221976,-20.500079448719738,0.4366389462459927,-124.43009443858915,0.05702955038057379,-18.486759734102993,3.1120917760600955e-09,9.828999329354962e-09
1.0025e-06,-26.82434089571112,0.4006147497265489,-115.77087745929143,0.05648061013068445,-26.930024480784326,0.39844613133773166,-113.27129232178598,0.057087945446779635,-27.939391082212914,3.087475470876943e-09,9.912296802674775e-09
1.0050000000000001e-06,-32.40403296020551,0.3577565964540646,-102.53073665618693,0.05741594257893819,-32.35918398451775,0.35406662392133725,-102.2703865670364,0.05713526000823611,-36.12922557979699,3.061162558990614e-09,9.932993543575262e-09
1.0075e-06,-37.52616180496632,0.30264371623530945,-88.66717715534604,0.05674379726640891,-36.604614051781375,0.3051135531211012,-91.46282071403374,0.057219366943657556,-42.68610135827642,3.0331432062233177e-09,9.890350249995129e-09
1.01e-06,-39.20508615517475,0.2528696653960489,-86.08466311271393,0.0572098402950448,-39.4870319732616,0.2534237031785882,-80.88312703576693,0.05739133491345291,-47.31366256444157,3.0034287998001137e-09,9.788324102266791e-09
1.0125e-06,-40.67854497817552,0.20229116318847373,-70.30037692168061,0.057800347551367426,-40.83666699337333,0.2010416654826955,-70.56472239714458,0.057694368179337666,-49.80275397012124,2.972053653469605e-09,9.634792518343504e-09
1.015e-06,-40.292928612364214,0.14793743212823904,-63.149646728051806,0.05797195012596979,-40.5079926853505,0.15017956351876896,-60.53971306315394,0.05814551535312733,-50.04087431218777,2.9390765014071147e-09,9.440363731048753e-09
1.0175e-06,-38.194652814044574,0.10531345885879226,-49.994677259640824,0.05907139707416912,-38.40141327209781,0.10314485190020259,-50.838709924346865,0.058712173078174244,-48.01726109345134,2.9045815484392653e-09,9.216894135884726e-09
1.02e-06,-34.88698820050007,0.06402683229799332,-37.25057949836022,0.05886409032903015,-34.48822304152342,0.06223448682774319,-41.49065551704058,0.05929114088135268,-43.823377023023454,2.8686787751483272e-09,8.975906950881256e-09
1.0225e-06,-28.56927609444838,0.03039427252689634,-32.58222766971472,0.05986999175542477,-28.834053935424066,0.029600526117885998,-32.52266411391473,0.05970380233840649,-37.6487761101527,2.8315031847358784e-09,8.727171533077334e-09
1.025e-06,-21.756208517750572,0.007216833052964739,-19.89796703554663,0.05949970828660393,-21.61579223695241,0.0070986999858847375,-23.959876048527416,0.05972082576355523,-29.77253625467993,2.793212732627308e-09,8.477724795783096e-09
1.0275000000000001e-06,-13.830950895785442,-0.0017506341929803301,-11.790017840573018,0.058600223665056295,-13.12764569510883,-0.00386352196867224,-15.825327315705263,0.05911748575782786,-20.550645561506574,2.7539847959725423e-09,8.231567300737395e-09
1.03e-06,-4.036675266685516,-0.003700699956455642,-9.010676185142481,0.05780468742468332,-3.773573314162105,-0.0024603352702615507,-8.139835359788474,0.057739546612608224,-10.399912488949042,2.714086197571556e-09,7.99013810307939e-09
1.0325e-06,5.788095144262858,0.013223007672539252,1.7805162968778978,0.05568900849765218,5.954603781210281,0.011456027852731051,-0.9219018254935705,0.05554669933282313,0.22087294438310964,2.6736136249996374e-09,7.753485179189875e-09
1.035e-06,15.57360975956946,0.03689989116462459,6.4926643097991965,0.0526679804124305,15.511772012538804,0.03731087014673776,5.812367097080703,0.05261181432724664,10.83167542362321,2.632748250707886e-09,7.521851545932047e-09
1.0375e-06,23.895844499098033,0.06795855382923305,15.083560288575285,0.048862285312810116,24.343007240385173,0.07382329998883655,12.04932224986852,0.04908249668108519,20.952910840696013,2.5935092922727863e-09,7.300940600248699e-09
1.04e-06,32.2596488509776,0.11535493321045079,19.652942840741176,0.0451381426586762,31.930635272368857,0.11908420025679516,17.777814674796048,0.04513106054104831,30.12712240384293,2.5561808495881083e-09,7.095818903670284e-09
1.0425e-06,37.551775812208646,0.1742804789350365,23.750557707210767,0.041202389039399684,37.83881521921012,0.17068878294407983,22.989220194207686,0.040916267113840714,37.939656642846955,2.5207407816035635e-09,6.914141272794163e-09
1.045e-06,41.330037187381336,0.22927222470474248,24.497882551360295,0.036725985919415755,41.74984373680218,0.22590946824020158,27.677445380327573,0.036564850831742275,44.03740480159321,2.4871426308276617e-09,6.766078025367654e-09
1.0475e-06,43.38475191709858,0.2831259285800263,32.09739151638246,0.03188031397528439,43.4875711333026,0.28188980083054255,31.838915044525592,0.032168733791127425,48.14476254971129,2.4553132510119344e-09,6.662777773111981e-09
1.0500000000000001e-06,43.329587772850786,0.33786259596549906,36.109803481191726,0.027812839528294005,43.02525212982476,0.3358380128099708,35.472541529553766,0.02779031825816974,50.076086670674144,2.4251523514576506e-09,6.614308425423846e-09
1.0525e-06,40.77530700293559,0.3821335640273217,40.40161466278782,0.023646272949202102,40.47749624426724,0.385199962929737,38.579676237219246,0.023470054612381566,49.74408571241938,2.396533922260011e-09,6.627548980228366e-09
1.055e-06,36.549853028633954,0.4290245250363878,42.050146368058485,0.019036827148358203,36.07833655109144,0.4277952778704432,41.1640439688763,0.01923334190943758,47.1637653621941,2.369309308686964e-09,6.704504705700052e-09
1.0575e-06,30.100448735050776,0.46056927644384893,40.44626418035002,0.015105962717278503,30.149402294854358,0.461906842197699,43.23166079539994,0.015095811903227625,42.45175022366404,2.3433115495635393e-09,6.84139573208995e-09
1.06e-06,23.436160464609365,0.49124669193655385,45.1696423447708,0.011240072013464225,23.063432211957842,0.4863212113498186,44.790736305793956,0.011067013355920306,35.821012650416236,2.3183605049335682e-09,7.02867133294238e-09
1.0625e-06,15.180208869032953,0.49856664745437146,51.165193513070164,0.00645104828959707,15.208701153910328,0.5003247699238471,45.85156120811224,0.007152838811973031,27.571246880579523,2.294268282159098e-09,7.25189378613078e-09
1.065e-06,7.068979318289396,0.5080999734546731,47.53980652659329,0.0034699486712584655,6.959315161523754,0.5036662990203304,46.42638137192484,0.0033570683751884822,18.075323539754827,2.2708445241175263e-09,7.493274090069688e-09
1.0675e-06,-1.3182035735631208,0.4944243866912387,49.79972713931914,-0.0004194142353590741,-1.345109591697843,0.4965001008344514,46.52925950713587,-0.0003176615447830326,7.76243673787649,2.2479012335301603e-09,7.733559388481386e-09
1.07e-06,-9.18140958811221,0.48063618680419923,42.33660291323433,-0.0038544475394004804,-9.408855576728945,0.4793244471000646,46.17592576869333,-0.003869238166588125,-2.901294527152825,2.225256949966328e-09,7.953970340762724e-09
1.0725000000000001e-06,-16.196868825316106,0.45494786561557327,46.530648459641995,-0.007171527641629214,-16.979237111614168,0.452927888989585,45.38361865982042,-0.007295643169214145,-13.433893886675675,2.202740242402418e-09,8.137942981187385e-09
1.075e-06,-24.25030819161082,0.4169620343939552,41.48721424934621,-0.010340787669507058,-23.838041208520888,0.41835142660118974,44.17091767718326,-0.010594607124912598,-23.359311835532584,2.180192602679163e-09,8.272510107489889e-09
1.0775e-06,-30.17351681810273,0.3753432395414877,41.45626207305919,-0.013523103568560318,-29.789234300357272,0.3768686393080334,42.55756919928661,-0.013763275491276395,-32.22894208559586,2.157470901734141e-09,8.349231789315161e-09
1.08e-06,-34.85583077687156,0.32788772740225797,37.70491629477258,-0.01709113946793614,-34.6474508174662,0.32997981644885094,40.56430716393537,-0.016797839041636793,-39.64189754837602,2.134449588620152e-09,8.364636589511255e-09
1.0825e-06,-38.87745001779913,0.2804520098487471,38.21846312958238,-0.019764404399029913,-38.23142530526147,0.27941111351273595,38.212670111451025,-0.019693101427877096,-45.26312951848257,2.111022771349147e-09,8.32016449571824e-09
1.085e-06,-39.95146814859364,0.22573969035656827,36.35114144473811,-0.022091850408526428,-40.36533650171712,0.22710680194174362,35.5248161872705,-0.02244197670590224,-48.83857111210104,2.08710622959879e-09,8.221622272990437e-09
1.0875e-06,-40.966789315600465,0.1728304917885732,30.963680964180448,-0.025318482181843308,-40.889226818761855,0.17520240255631708,32.52333770051493,-0.025034935973161893,-50.2066205115548,2.0626392929881116e-09,8.078189730993724e-09
1.09e-06,-39.46342893247919,0.12576129739471717,27.691936459739356,-0.02730670521209993,-39.67758428956935,0.1259690114806281,29.231076824078674,-0.02745946082181278,-49.30544499944811,2.0375864013883183e-09,7.901064135264233e-09
1.0925000000000001e-06,-36.25848943432354,0.08461333279391774,18.26793623457475,-0.029517289962320257,-36.6632179312455,0.08172403365827513,25.670943996954556,-0.02969961658812829,-46.1757756566802,2.0119380727426235e-09,7.701899501479553e-09
1.095e-06,-31.63156205533309,0.050477017443916763,18.21198357633124,-0.03173754419554851,-31.862093748030652,0.044709966613589495,21.865740551119128,-0.031735928778589,-40.95906641034745,1.98571096188947e-09,7.491271022349432e-09
1.0975e-06,-25.61338299553006,0.018290254946808596,16.16438840588459,-0.03353145589322327,-25.39411229321078,0.016949657997188304,17.83798703375348,-0.033545816061086246,-33.891100638369274,1.958946714926325e-09,7.2774424496523385e-09
1.1e-06,-17.76404411953283,-0.004233976165494287,15.786308562126129,-0.03498461391859501,-17.495045753019863,9.233422867546214e-05,13.609758631404704,-0.035104864950840156,-25.29133429775713,1.9317094101742388e-09,7.065703396910774e-09
1.1025e-06,-8.088174548800522,-0.0029972561928474006,9.657662100489675,-0.036352591335600946,-8.515992615789393,-0.0047314611244351394,9.202529026460319,-0.03638916454739642,-15.54845724285452,1.904081518993693e-09,6.8584540881452975e-09
1.105e-06,1.2070089039688785,0.001722989175253835,5.9268779645043494,-0.037000898311766096,1.0914327538053346,0.0029731425975906426,4.637023928809757,-0.03737869477715633,-5.102825329084286,1.876250339129491e-09,6.656052550063997e-09
1.1075e-06,10.219073085987434,0.022839246385905634,-1.3236069394049936,-0.038245235793110885,10.803695429542236,0.022993490418366704,-0.06691457244518872,-0.03806137314173892,5.573442668894607,1.8481327302174977e-09,6.458239723043898e-09
1.11e-06,19.809741010500716,0.05634237408162319,-8.693024165892847,-0.03789708055542702,20.064964922185208,0.05439477937705971,-4.890451799919585,-0.03843692234667998,15.997803750642513,1.8199437662366106e-09,6.265822812879837e-09
1.1125e-06,28.39903061096178,0.09737722311757116,-9.560754831141132,-0.03867642176520209,28.333125651921296,0.09556765921399936,-9.815871500351692,-0.038519452272338044,25.699100534667803,1.7932298758637114e-09,6.085006892502374e-09
1.1150000000000001e-06,35.30262396171089,0.14076735757842354,-12.178569738232726,-0.03822256647269242,35.126359600937896,0.14433494839522407,-14.826673280959975,-0.03833778969124979,34.23885649910105,1.7680787744256767e-09,5.922117858659638e-09
1.1175e-06,40.36125867287271,0.1959240069589826,-16.216624166066676,-0.037795641148120965,40.06424891224378,0.19810656882183217,-19.90765580223614,-0.03793319282357589,41.23109412193922,1.744553177273791e-09,5.786445283489453e-09
1.12e-06,43.17242484941412,0.2556058044088581,-20.847134953214756,-0.03697950521679739,42.89808629143194,0.2540655917105659,-25.044985194865184,-0.03735492393870738,46.359780186056874,1.7226873753296089e-09,5.689104991838078e-09
1.1225e-06,44.11027903894929,0.3080472169331593,-30.800423715444403,-0.0365348029869174,43.52667872263672,0.30936465571000343,-30.226248307599665,-0.0366548170145205,49.393109760915195,1.702485679409591e-09,5.641186398283565e-09
1.125e-06,41.791982100713724,0.35794120103572,-32.97394274816284,-0.035953531274250515,41.99611463070461,0.3613115282263089,-35.44049053477514,-0.035882160090155046,50.19398325753352,1.683922802939061e-09,5.6516064882109824e-09
1.1275e-06,38.68229662293654,0.40878221545016047,-42.28100470022248,-0.03532990575921131,38.484364171516745,0.4075252581296995,-40.67823811539638,-0.03507989565068667,48.7262030176942,1.6669460455193294e-09,5.7251600278033566e-09
1.13e-06,33.45577935585555,0.4460329608593309,-48.33782830737589,-0.034180911435819715,33.273789001828206,0.4460497006629441,-45.9315049391016,-0.03428256481316939,45.05610936566145,1.6514789618561696e-09,5.861190174356256e-09
1.1325e-06,27.5057436877092,0.4743339749905668,-51.656080640905316,-0.03361944567808282,26.71628002784757,0.4754182268441033,-51.19378403650739,-0.033515878178238256,39.34958217660103,1.6374260771167628e-09,6.0531358110445205e-09
1.135e-06,19.670993816497397,0.49811402817614686,-58.04091119455339,-0.03267704755698202,19.19654918535583,0.4946709296693369,-56.460024071190404,-0.03279746943424664,31.864543483981297,1.624678156505018e-09,6.289000694823251e-09
1.1375000000000001e-06,10.968588797152291,0.4999146880067812,-62.29998692806139,-0.03202074130681635,11.098952973849297,0.5033323227622883,-61.72659128661252,-0.03213830129792991,22.939299991025663,1.6131175571998702e-09,6.55259866683835e-09
1.14e-06,2.7698778975431044,0.5006772472856267,-70.02113107287322,-0.03149834770727058,2.7821693845215183,0.5013622808569508,-66.99121749243275,-0.03154427207577263,12.977252378154802,1.6026232757285834e-09,6.825305168107686e-09
1.1425e-06,-5.3329158746248675,0.4874894234389658,-70.96999467331312,-0.031166743837428804,-5.435706000940295,0.48909505024269057,-72.25293479970948,-0.03101771872452387,2.428662510895265,1.593075433625766e-09,7.088004999269417e-09
1.145e-06,-13.026057817558119,0.462282026344588,-78.70992043446314,-0.03070617324576888,-13.281204836290993,0.46718031169704854,-77.511997932354,-0.030558658203198877,-8.229697371062397,1.5843590922058936e-09,7.322957593191946e-09
1.1475e-06,-19.540689879106868,0.43511006963868704,-79.83200065652696,-0.030013017523888307,-20.520335835522022,0.43653679423633235,-82.76979505182976,-0.03016571904661389,-18.51609367334195,1.5763674247895214e-09,7.515373803488348e-09
1.15e-06,-26.71107494715291,0.3961063683640263,-86.62008412091852,-0.029728158428292024,-26.947602308683287,0.39832357891445214,-88.02874813251978,-0.02983678271858032,-27.96560470829576,1.5690043763219283e-09,7.654578803108812e-09
1.1525e-06,-32.3457806061258,0.3534096319263216,-92.27754524361558,-0.02987612909491042,-32.373537302021916,0.35392809664673597,-93.29220401552618,-0.02956938673284621,-36.1511340965201,1.5621869883617477e-09,7.734699955660588e-09
1.155e-06,-36.94322984970059,0.30219826439628894,-100.923122945354,-0.029718945777065593,-36.61520800400036,0.3049641436736801,-98.56431734814046,-0.029360950186336634,-42.70271455057737,1.5558475551854213e-09,7.75485823784778e-09
1.1575e-06,-39.879308168922826,0.2539698522700593,-101.04203402813282,-0.028928356275428543,-39.493346619874046,0.2532691500317098,-103.84992668413885,-0.029208877564889192,-47.3242295538616,1.549935709591231e-09,7.71886419483796e-09
1.1600000000000001e-06,-41.04071320650348,0.19852644004183545,-108.07344900279482,-0.029364630311450233,-40.83822815847421,0.20088827487733674,-109.15442507582338,-0.02911058592804032,-49.806797152802936,1.5444204311894514e-09,7.634441029535882e-09
1.1625e-06,-40.946072659444,0.1495468114298033,-114.84167891941468,-0.028540726408470538,-40.504427131081165,0.15003404584313254,-114.48362653188747,-0.0290634884958087,-50.038210945481,1.5392918496776853e-09,7.51203477218842e-09
1.165e-06,-37.798290244674135,0.10671296083888372,-118.8339522007515,-0.028974934454414472,-38.39251967102891,0.10301405817008798,-119.84362974536803,-0.029064956736482423,-48.008011555465956,1.5345626082660145e-09,7.363331681744346e-09
1.1675e-06,-34.574144346286594,0.06347327782135981,-131.14585325136773,-0.029279037008259567,-34.4740458692138,0.06212505006856938,-125.24068051291722,-0.029112274370958154,-43.80795937181242,1.5302684836043746e-09,7.199677636972113e-09
1.17e-06,-28.747466387366227,0.030587096458117528,-136.90441509737258,-0.02920747119633914,-28.814945361755914,0.02951843260993295,-130.68103427027236,-0.02920259051608063,-37.6278871884406,1.5264679471118054e-09,7.030659002455379e-09
1.1725e-06,-21.717608271760398,0.00487157775160106,-141.62503351730666,-0.029524385069298286,-21.592447796618753,0.0070488328023307085,-136.17082015911714,-0.029332875288330437,-29.747120194157453,1.5232404069581235e-09,6.863126380413626e-09
1.175e-06,-13.073358455980108,-0.004214621069514543,-141.55740453858058,-0.029636086277524717,-13.101102903820333,-0.003877813271385468,-141.71590801764046,-0.02949987916290911,-20.521851110229978,1.5206829863570075e-09,6.700893554376363e-09
1.1775e-06,-3.932006156225209,-0.0008219883510042771,-153.1544072850246,-0.029518086500431397,-3.7451679212331754,-0.002437581894090799,-147.3217796512465,-0.029700096727659036,-10.36904109054184,1.5189811287979777e-09,6.545215215215864e-09
1.18e-06,5.867762229018056,0.009064657709198985,-154.66598144702414,-0.030148907347144014,5.983322488935696,0.011515200475969274,-152.9934056914257,-0.029929735672532685,0.25242597301708053,1.518147759423102e-09,6.395959700315807e-09
1.1825000000000001e-06,16.126053352921613,0.038705439847950864,-158.44115084044444,-0.03025771850474194,15.539158679621965,0.037403698593688126,-158.73512929020683,-0.030184692441001613,10.86248395744542,1.5182816464665747e-09,6.253196319607653e-09
1.185e-06,23.97818671836467,0.07276827500148338,-167.52485537098994,-0.03075232480469902,24.367456894611973,0.07394502364574469,-164.55055782549795,-0.030460536546749645,20.981582404136624,1.519541779464485e-09,6.118774443594927e-09
1.1875e-06,31.92855847887316,0.11532022608321392,-167.80423369763747,-0.030651174434763683,31.950721494482966,0.11922837747749557,-170.4424637096472,-0.030752505841535455,30.152361107528886,1.5220254870606583e-09,5.997438057201259e-09
1.19e-06,37.91777566643899,0.17129853701322076,-182.35866181635726,-0.031099632737457337,37.85341205460157,0.1708477502235563,-176.4126953004866,-0.031055514847304063,37.96032175484777,1.5258104793671588e-09,5.897117849727466e-09
1.1925e-06,41.656252366329596,0.22924106374426398,-181.3971420098161,-0.03157250983148158,41.75821557159977,0.22607489161580366,-182.4620988119043,-0.03136417760513507,44.05256230590712,1.5309502022632206e-09,5.828251951277491e-09
1.195e-06,43.455560505851864,0.2810030726151394,-185.23598841407053,-0.03161291100175161,43.4894195040881,0.28205325794037506,-188.5904520104917,-0.0316728454294622,48.153727361661694,1.5374709299807623e-09,5.802245611484042e-09
1.1975e-06,43.11695385427365,0.3375616136188123,-192.80889012881673,-0.03200087042436011,43.02071492715952,0.3359915425890556,-194.79641036714293,-0.031975658661505264,50.07845360117606,1.5453707746224051e-09,5.829410361357279e-09
1.2e-06,40.76055363957423,0.38504785092694,-197.3378547708381,-0.032073534657326916,40.46710189968625,0.385336527886137,-201.07746620868735,-0.032125320252875844,49.73974778160452,1.5546205809926499e-09,5.916855445142725e-09
