time,v_coil,i_coil,v_bias,i_bias,v_coil_clean,i_coil_clean,v_bias_clean,i_bias_clean,v_coil_src,density_state,heating_state
0.0,-18.133010518375915,-0.019579949456805475,141.8584570671602,0.13219758283131428,-17.889985492258237,-0.004386872466627097,141.3996996601935,0.13252082310275623,0.0,0.0,0.0
2.5e-09,-7.301084893002336,-0.0741660853045397,148.42506382727132,0.1288766433483358,-7.200713546176086,-0.06954885900261001,148.20770873489394,0.12908298635636725,13.775149064139223,1.5380318679050424e-10,8.018541530527553e-11
5e-09,4.0323830665412705,-0.09047909607264815,154.6404951494823,0.12298975712815002,3.762272497117852,-0.09414327710503297,154.6578001265782,0.12184510572201059,26.927692760733137,3.10782657943696e-10,1.645789825046402e-10
7.500000000000001e-09,14.265499024008445,-0.08326493864846951,160.36158861763874,0.1142369957741917,14.227303475225845,-0.0773222788018814,160.71690519272465,0.11400470490666711,38.863166066989976,4.700827445705494e-10,2.5275646963712606e-10
1e-08,23.279094772427978,-0.017480996076961016,167.42637833479293,0.1043539994309778,23.503829742225232,-0.02114189221298615,166.35346821598705,0.10559831552973636,49.04211277012619,6.308309437931169e-10,3.4287619733958867e-10
1.25e-08,31.143994133208242,0.0727062327446295,170.06182475295762,0.09732220531640716,31.05251980868841,0.06976252033863907,171.53767850897975,0.09666430275366181,57.0044676596804,7.921663605196438e-10,4.340732420361077e-10
1.5000000000000002e-08,36.614615504762725,0.18941042049552506,175.1768548634231,0.08723809023324575,36.53109624941311,0.18876045052527143,176.24169049607585,0.08724319995912186,62.39035042731948,9.545267631004949e-10,5.28362477105194e-10
1.75e-08,39.65629587973609,0.3274504414111234,180.05818796956737,0.07658704553053891,39.81000138263637,0.3279767011570324,180.4398299596415,0.07737792193925487,64.95633143721966,1.117994522526865e-09,6.314821439928069e-10
2e-08,40.96523769645396,0.48139450283500573,183.903145203297,0.0658135467200318,40.95714971905454,0.47909361846952103,184.10878475112403,0.06711383256791831,64.58643419124324,1.2821677569674755e-09,7.525019074205795e-10
2.25e-08,40.08235959301389,0.642033156450699,187.40431932358857,0.05559157616379499,40.196228502508156,0.634089066779902,187.22777839500617,0.05649866611043416,61.2973772025412,1.4465565751956608e-09,9.024214268172076e-10
2.5e-08,37.92583409394005,0.7819849169298058,189.64903151761547,0.04403883203371395,37.84733607856905,0.785812077569076,189.77872515473274,0.045582319482487754,55.23781835683175,1.61059126342202e-09,1.0922514198611595e-09
2.75e-08,34.0838010552362,0.9363620852906792,192.92481334376902,0.036179145134665254,34.261444707457,0.9283320696826871,191.74636528310168,0.03441654499277801,46.68163591450459,1.7736355918791884e-09,1.3311270077334743e-09
3.0000000000000004e-08,29.67655501084673,1.0549850543677117,194.4196918195001,0.023122187623013265,29.760778521558702,1.0570412069720114,193.1183793439585,0.023054579125463655,36.01554983695443,1.9350030109329807e-09,1.624872920104314e-09
3.25e-08,24.65821250946634,1.1647840267721896,194.75921282857465,0.011933831748046261,24.595623225639876,1.1685348840084528,193.88548066593083,0.011550743020321576,23.721642925003398,2.0939733902755884e-09,1.9752094586194384e-09
3.5e-08,18.916020630974035,1.2594237046878183,193.1157412212826,0.00044423523961249637,18.924636574689224,1.2603343313232012,194.04148517088495,-3.9954588441996584e-05,10.355571774151397,2.249808253289371e-09,2.379563321323867e-09
3.75e-08,12.715289573858758,1.3365954294775038,193.32002015527806,-0.01183050455504931,12.82104695529376,1.3305409673824684,193.58335800820498,-0.011662189612478812,-3.4785476381435174,2.4017631008655295e-09,2.8313077694726567e-09
4e-08,6.192578500524953,1.3604436452386048,191.80270728038627,-0.022411094133922508,6.302070127597162,1.3775199297057945,192.51123661926243,-0.023260657655317492,-17.155444618892602,2.5490962731609098e-09,3.3202308018971e-09
4.2500000000000003e-08,-0.47624160471989974,1.4169641243129563,189.65982877975117,-0.03363147758592983,-0.625635239871507,1.3996989956476757,190.828430052889,-0.034780369001399684,-30.056954570970294,2.691074696043618e-09,3.833098304432692e-09
4.5e-08,-7.929399142125195,1.4016937574054373,186.74910100768864,-0.044414040475184,-7.914791903886091,1.395541131747126,188.54139455058893,-0.04616690780467692,-41.59995862515763,2.8269776278123613e-09,4.354292274731063e-09
4.75e-08,-15.56914297304193,1.3619300818973428,186.61914084037124,-0.05796807427775317,-15.432122618622273,1.3637095210972394,185.65968561792192,-0.05736666301896115,-51.26273928509422,2.9561000137069946e-09,4.86660508203183e-09
5e-08,-22.92671320963705,1.280433336426865,181.7086437695196,-0.06844013161867168,-22.92930787849575,1.3034005292530209,182.19588699423937,-0.06832703735605365,-58.608560870006116,3.0777571761404214e-09,5.352311253484517e-09
5.25e-08,-30.085993288755397,1.2185192591399998,177.2099720257977,-0.07749235078670173,-30.037863470202694,1.214780842518335,178.1655171250849,-0.07899663495621592,-63.30540897289842,3.191292292926561e-09,5.794591086914395e-09
5.5e-08,-36.2543375610772,1.1191724773404217,173.42962437454108,-0.08946532509903737,-36.2910911591148,1.0994373759043647,173.58691392840146,-0.08932541966293915,-65.14099675565492,3.29608749410793e-09,6.179247783136152e-09
5.75e-08,-41.05782454240131,0.9643066576847389,168.0289582961675,-0.09797999817566896,-41.171163732293905,0.9607378491116526,168.48109882562736,-0.0992648258563095,-64.03235983068,3.391578555977529e-09,6.496479573109755e-09
6.000000000000001e-08,-44.19009070738041,0.8010438192356967,163.01290575100614,-0.10936142778997622,-44.174570358889866,0.8040084603719372,162.87162118024418,-0.10876779548532159,-60.029606062283065,3.477272248971941e-09,6.742310239010092e-09
6.25e-08,-45.080338175222735,0.6379334555492198,158.29071305052142,-0.11614958514262594,-44.88544958437389,0.6364616610181866,156.78438444789575,-0.11778871148818124,-53.313650805322595,3.5527645804304377e-09,6.919227701381745e-09
6.5e-08,-43.134651269888465,0.4624901790710291,148.8922173580587,-0.12602706183978132,-43.04445521063133,0.4668471749803745,150.24745549243383,-0.12628320258409143,-44.18803994316486,3.61775762364041e-09,7.035691172292647e-09
6.75e-08,-38.479543662556146,0.29211444984008483,143.22949564200772,-0.13303937555155046,-38.60109258553578,0.30484614648695496,143.2908586598753,-0.13420781056070355,-33.06523030502136,3.672072455520032e-09,7.104444524167235e-09
7e-08,-31.519601587479134,0.16109870508155003,136.62069108639224,-0.14370845826660336,-31.73990007010398,0.16027340497295262,135.94635632609732,-0.14151954088527824,-20.44794755655623,3.7156559844805485e-09,7.1399425470421225e-09
7.250000000000001e-08,-22.837343909752832,0.049535987221619844,127.52503054992623,-0.14758809033075793,-22.87502040071652,0.04218828258797668,128.24721774309162,-0.1481753611759427,-6.906464144655805,3.7485801092606695e-09,7.155524170258405e-09
7.5e-08,-12.643749112988374,-0.04327076237404179,120.95697272701547,-0.15317408616841385,-12.612886780563645,-0.04196618108674696,120.22797810182408,-0.15413176716885316,6.947175718488735,3.771032608908536e-09,7.1611116983370845e-09
7.75e-08,-1.844890763114205,-0.08092479164094414,111.2612707678721,-0.16029061372066522,-1.6880341313688636,-0.0870760660324492,111.9241898064,-0.15934459503406956,20.486819059964347,3.784059547967443e-09,7.162094871661604e-09
8e-08,9.283938023435518,-0.0941497628035632,104.64872398109252,-0.16573382924660698,9.11848907228952,-0.09082192825593531,103.37216801369628,-0.16376930880905263,33.10050483457275,3.788056754697608e-09,7.159694653640403e-09
8.25e-08,19.11766959696829,-0.05234006707642898,93.8517834543061,-0.16759507599809131,19.06577137208818,-0.05383378649193705,94.60873253436495,-0.16736201247168522,44.218123170454575,3.782662872367198e-09,7.15262042769666e-09
8.500000000000001e-08,27.500981117192808,0.006758056912466228,86.12713675900595,-0.16887282712003326,27.531656363875438,0.02048023067342588,85.67094821483205,-0.1700814039739383,53.33718303698559,3.7675735990897696e-09,7.139416959882356e-09
8.75e-08,33.98832379327298,0.12656010205610416,76.16976523569888,-0.17141403705608949,34.07170785407159,0.12639829342917205,76.59586592540693,-0.17189178256541546,60.04552369503818,3.742935840643093e-09,7.120701669587419e-09
9e-08,38.33722375152262,0.2612893129291071,67.36450019778323,-0.22255249292657928,38.45034354140803,0.25656586705237183,67.42026626687232,-0.2239557328367935,64.03994342377594,3.7101592087774576e-09,7.100583690282344e-09
9.25e-08,40.541768448980065,0.41604008157958333,54.01624844104851,-0.20176098779877943,40.64075556965746,0.40278701634943703,52.7299399177719,-0.20291890882183358,65.13990354795386,3.669608641925381e-09,7.086881317149137e-09
9.5e-08,40.91387130716377,0.5571831911755764,45.20205833466051,-0.13044430460450587,40.79553901384954,0.5568082262594398,45.681288993384186,-0.13014130602732576,63.295688374898894,3.6156758865005543e-09,7.087081849499292e-09
9.75e-08,39.44342100606423,0.7074795827753972,38.91332936086174,-0.1291002065223425,39.19482250732367,0.7109854203071967,38.61226486451959,-0.12934658664888532,58.59065223060097,3.5571604329085765e-09,7.117168449812385e-09
1e-07,36.11343188516151,0.8557475461453494,31.252006102271547,-0.12834749029427464,36.182284120379954,0.8587514811258434,31.554724822241067,-0.12786048005996847,51.23745203400123,3.4941850489064114e-09,7.187775800557125e-09
1.025e-07,32.256029982250666,1.002113808860784,24.55155163575925,-0.12664793663884316,32.1011183037936,0.9948413303374131,24.539298231513225,-0.12573441149865106,41.568435688539516,3.4268438922787294e-09,7.306893568990176e-09
1.05e-07,27.143392016826798,1.113589630129239,18.24098714453461,-0.12272396216381314,27.241517253049953,1.115277217874946,17.59517526028288,-0.12303039806814536,30.020620713774996,3.355213850150864e-09,7.478742113514254e-09
1.075e-07,21.613536786155077,1.2253637553731644,9.943145784993634,-0.11951010082972492,21.808655350400457,1.2171600517358176,10.749909866583028,-0.11981871248317413,17.115942048722268,3.2793651603793988e-09,7.70329487441239e-09
1.1e-07,16.12570796557249,1.3012742459040347,3.0621132797356925,-0.11666546867485564,15.916001969587825,1.298345635250347,4.029238614923706,-0.11617488652972716,3.4376617812104833,3.1993695983873e-09,7.97632784611689e-09
1.1250000000000001e-07,9.74851591686927,1.3509858597967441,-2.871885395986334,-0.11269479222881382,9.603802607518316,1.3571017389419668,-2.543083249804173,-0.11217638309187687,-10.39599297022303,3.1153052817338836e-09,8.289793737160831e-09
1.15e-07,2.95321332756537,1.41585393545493,-8.378816555034653,-0.10995814353127664,2.877672851795608,1.3918401272643321,-8.9454271977607,-0.10789933321290175,-23.759772514202293,3.0327889378766353e-09,8.635228774502546e-09
1.175e-07,-3.77967361913786,1.3980490473574887,-12.909681096970013,-0.10431694358826617,-4.241662915595764,1.4009975463871007,-15.158417171501263,-0.10341572212942163,-36.04966444868144,2.9601330779666935e-09,9.002926986290708e-09
1.2000000000000002e-07,-11.346430793552202,1.3866681255631117,-21.469639905301655,-0.09730064123644298,-11.668672219579,1.383105156676955,-21.16503477272004,-0.09879131524541292,-46.71019364599897,2.896591587694512e-09,9.37654095567313e-09
1.225e-07,-19.361030193805664,1.3349780358061956,-28.291325630208693,-0.09550276515017823,-19.214651978817287,1.3370434902984054,-26.950703128418148,-0.09408446781527204,-55.25952846366431,2.841409923929553e-09,9.738613658776458e-09
1.25e-07,-26.433802694565976,1.2623670267609166,-32.385217636568086,-0.08896977021785311,-26.569984918301998,1.2624377040183365,-32.50334887507213,-0.08934580331299789,-61.31125843732364,2.793831194214223e-09,1.0071823749935659e-08
1.275e-07,-33.156878434787764,1.1684941110463192,-37.21088598473719,-0.08306644178168715,-33.312513042362795,1.1601136562034693,-37.81344189226728,-0.08461861618732763,-64.59185915377515,2.7531056888600883e-09,1.0360574384004804e-08
1.3e-07,-38.94335359150811,1.0351773335043115,-42.375277617474275,-0.07984891343824191,-38.942654363705785,1.0325156998524585,-42.874012612792185,-0.07993977943357701,-64.95305493154883,2.7185042835640252e-09,1.0592779088724623e-08
1.325e-07,-42.91315866032822,0.899908554503576,-48.710655986830446,-0.07494487420122578,-42.94080926182423,0.883985956562491,-47.680646932631404,-0.0753409192463574,-62.378520544040676,2.6893352206223235e-09,1.0761518921164023e-08
1.35e-07,-44.765766563947324,0.7150828265607728,-52.877083814022676,-0.07231103215350983,-44.83823668453078,0.7208227812639372,-52.23145893991233,-0.07084964490975341,-56.984619082577595,2.664962885492492e-09,1.0866129571874074e-08
1.375e-07,-44.30848506201368,0.5596511635398865,-54.30360401067967,-0.06713671072105949,-44.28972561440295,0.5510702447699949,-56.527041874944636,-0.0664906725103579,-49.01514260968327,2.6448264945853282e-09,1.091230126268139e-08
1.4e-07,-41.406943576692406,0.39115444827179013,-59.972424847771904,-0.06315101116610757,-41.13557429330239,0.38403489419423265,-60.570397922331225,-0.062286738307357106,-38.830293313039796,2.628456240096068e-09,1.0910973008618652e-08
1.425e-07,-35.1003205069536,0.23082301444570957,-62.88484960334718,-0.05744941382879712,-35.44178618079827,0.22957302261184565,-64.36684761907549,-0.05825924989883979,-26.89040318689301,2.615484481359391e-09,1.087613989811012e-08
1.4500000000000001e-07,-27.47918027409507,0.09816485424565843,-67.66792081459953,-0.05467758065034205,-27.510771162576837,0.0972328732742194,-67.92391983805672,-0.054428665186196185,-13.73512807422725,2.605650039637794e-09,1.0822058860023168e-08
1.475e-07,-17.893260297650347,-0.008895193278437347,-71.44852366814452,-0.05026527514782127,-17.85962227609309,-0.0046357509195232805,-71.2512234726614,-0.05081461953982126,0.04094354837950216,2.5987944788840275e-09,1.0760589750261872e-08
1.5e-07,-7.08860520630773,-0.07085414615063146,-74.32435346152795,-0.045945241742248746,-7.168389618060656,-0.06968221379909297,-74.3603021042899,-0.04743584175912799,13.815164615840377,2.5949341816482912e-09,1.069942502518966e-08
1.525e-07,3.722764475474865,-0.08896058797736998,-77.90996764866506,-0.04423352197875937,3.7942423234045775,-0.09415424695543356,-77.26447307854313,-0.044309911244248455,26.96497170394649,2.595164136482021e-09,1.0641708958859168e-08
1.55e-07,14.213623591037265,-0.07583568872815397,-81.24176926737611,-0.04141484631562973,14.256723792409595,-0.07721274370876381,-79.97865254689695,-0.04145291383525133,38.89602347837763,2.5987663797311557e-09,1.0587103727888961e-08
1.575e-07,23.407289207262618,-0.014876069309036118,-82.19557871374644,-0.037637785232921696,23.52885791733995,-0.020921963827391515,-82.51916814744025,-0.038879053133926235,49.069063569519635,2.6050540609875342e-09,1.0533887409815701e-08
1.6e-07,31.112642335530236,0.07090277811247472,-84.04858375820064,-0.03445578250259271,31.071840946059393,0.07007587824381421,-84.90356109979962,-0.03660026862609101,57.02429373232212,2.6133982684349222e-09,1.0481347545182247e-08
1.625e-07,36.49714889381682,0.20081669500942848,-86.62620944363093,-0.03665395332797999,36.54401545323935,0.18914544421768575,-87.15037957481871,-0.03462590240011409,62.40215567987604,2.6245187126876916e-09,1.043168117653231e-08
1.65e-07,39.599377418483584,0.3401748062366893,-88.57353548313462,-0.03383749037253475,39.816443280404876,0.3284090559387841,-89.27896526819038,-0.03296244378594299,64.95958229915954,2.638811328914004e-09,1.0390834037820908e-08
1.675e-07,40.884407624306284,0.4773727007517275,-92.0583319946296,-0.03196805689856558,40.957570966583,0.47954890452693383,-91.30923515846523,-0.03161336722916138,64.58098373100995,2.6562308886029636e-09,1.036810410902297e-08
1.7000000000000001e-07,40.06392182642212,0.6409197174065412,-90.51738065272284,-0.029057334010067364,40.19146347367701,0.6345446771404044,-93.26146046328475,-0.030579064832231922,61.28347176852496,2.676679992552476e-09,1.0374736618651334e-08
1.7250000000000002e-07,37.75651478659482,0.7820893821475027,-95.31200817864628,-0.029821039603466847,37.83840660755167,0.7862486125786932,-95.15604482303043,-0.029856862960096656,55.21608644298325,2.7000137810984706e-09,1.0422002969083375e-08
1.75e-07,34.38625074425119,0.9294101775793674,-97.94131225977102,-0.028905300638035477,34.249369749961545,0.9287340005981223,-97.01330373825668,-0.029441103617938315,46.65305975383977,2.7260494577640173e-09,1.0519313248119265e-08
1.775e-07,29.834177316481757,1.0572353836096011,-99.3925908099289,-0.02866019134285385,29.746418105239723,1.0573968267885976,-98.85324726634727,-0.029323266981748714,35.98142100685876,2.7545784274546938e-09,1.0672781333037721e-08
1.8e-07,24.645581010106685,1.1602876657011754,-99.07630968836516,-0.029219204705711203,24.579583404178166,1.1688356819926333,-100.69536794401822,-0.02949211183567904,23.6835039708755,2.7853787377434797e-09,1.0884430780327104e-08
1.825e-07,18.6833551629316,1.2682050562262295,-104.0291489496257,-0.030090010617328845,18.907249722504684,1.2605740259013039,-102.55843584598261,-0.029933815324367546,10.315146489864086,2.8182258135466897e-09,1.1152005055930146e-08
1.85e-07,12.823009553509378,1.3208229228508352,-106.39937379856222,-0.031179708143539327,12.802426919496115,1.3307144827244874,-104.46030261682047,-0.030632101243512774,-3.5194321218009756,2.8529001202806174e-09,1.1469206361416719e-08
1.875e-07,6.298289619900234,1.3805128523661163,-105.25501669807592,-0.030959087930819838,6.282227200873743,1.3776225959427504,-106.41771622355611,-0.031568355434137496,-17.194940416365146,2.8891912465845063e-09,1.18261618230575e-08
1.9e-07,-0.6048645472554187,1.411318957236415,-107.85519086890199,-0.030333798157872696,-0.6466461928955072,1.3997261928381266,-108.44614807146841,-0.03272173585102708,-30.09327656215594,2.9268987968886978e-09,1.2209984327777391e-08
1.925e-07,-7.868036433644157,1.3905421423505955,-109.94500617870942,-0.035602323062014336,-7.936723422242744,1.395488495052882,-110.55963400621802,-0.03406929177867882,-41.6314651387709,2.9658312530177347e-09,1.2605408470445317e-08
1.95e-07,-15.443955950619921,1.3567822291796883,-111.58285320692447,-0.03606117536663043,-15.454420315243611,1.3635736985445466,-112.77063059255912,-0.03558611011840343,-51.28800629846959,3.0058044552924735e-09,1.2995582821892487e-08
1.9750000000000001e-07,-23.003910459602558,1.3086070408769066,-115.03503176423729,-0.038128829988053184,-22.951057408009152,1.3031803576453231,-115.08988791494612,-0.037245505974940134,-58.6264463716796,3.046641472798896e-09,1.3363140028495299e-08
2e-07,-29.90466921588927,1.210888413013406,-116.99346488646104,-0.038358427193492396,-30.05781514951334,1.2144787052405224,-117.52633998954778,-0.03901927002004247,-63.31510457892505,3.0881753552966854e-09,1.3691618790808618e-08
2.025e-07,-36.14628377518002,1.1029706268812223,-119.43282736951674,-0.0410281554206575,-36.30776411410036,1.0990604479414454,-120.08701371198188,-0.040877977160584444,-65.1420642467221,3.130255635917087e-09,1.3967178948070505e-08
2.05e-07,-41.11300823231494,0.9561205165642852,-122.3231484230877,-0.04436198242981436,-41.18301634359529,0.9602989312098187,-122.7769570919655,-0.04279135135680643,-64.02475095862248,3.1727586001999913e-09,1.4180370627519304e-08
2.075e-07,-44.11525272379335,0.8038799177763546,-125.87086515201926,-0.0421726401679643,-44.18021080017161,0.8035261575684461,-125.59918734662583,-0.044728671831591564,-60.01366473079019,3.2156004136752506e-09,1.4327560529098468e-08
2.1e-07,-45.19641005129249,0.6389554761164389,-128.5239301301176,-0.04931449772661707,-44.88385175865053,0.6359597621417703,-128.5546592400421,-0.04665919820322076,-53.29009752627459,3.2587513832599888e-09,1.4411565106114599e-08
2.125e-07,-43.20882998761249,0.46973002482398496,-131.96256296468346,-0.04770456721337536,-43.035142971202625,0.46635322177027866,-131.6422538693692,-0.04855258775559809,-44.15793927113687,3.302249077016134e-09,1.4441151753442861e-08
2.15e-07,-38.35006067443472,0.30567070601426555,-134.47465833294785,-0.05031674191048323,-38.584259275872746,0.3043893205802891,-134.85878790930752,-0.05037927802294438,-33.02994272184073,3.3462078565365867e-09,1.4429346681336115e-08
2.175e-07,-31.85629385246796,0.1597188810588258,-138.1858296868045,-0.053014520299779364,-31.716440459024412,0.159881983450778,-138.19904313844228,-0.052110812232051044,-20.40906798062231,3.3908226339648665e-09,1.4390857267469741e-08
2.2e-07,-23.036123562852726,0.05621015674983227,-143.03886153507068,-0.054647762973172205,-22.846466299079193,0.041886996141242444,-141.65581588476215,-0.053720093239016505,-6.86574984426015,3.4363653229990926e-09,1.4339243738128257e-08
2.2250000000000001e-07,-12.437891568664458,-0.05962743252079068,-144.3445342151284,-0.054117787447594205,-12.58125352900953,-0.04215852419451849,-145.21998584517064,-0.05518156206459935,6.987884549686829,3.483173410095229e-09,1.4284619297718276e-08
2.2500000000000002e-07,-1.4948339624454192,-0.08588045186186126,-148.83719456585837,-0.057080801595412956,-1.655599962023096,-0.08714835790158547,-148.88060355665624,-0.05647130817959963,20.525682475500908,3.5323939327286537e-09,1.4232536777915403e-08
2.275e-07,9.172299605964334,-0.0907976987910708,-151.8377828375519,-0.05510867086353633,9.149437671085721,-0.09077169497685096,-152.6249956265807,-0.05756712841000687,33.13576629656901,3.584460760413857e-09,1.4184355391627896e-08
2.3e-07,18.83403739973169,-0.06386886061299399,-156.58891742128617,-0.05685854600007177,19.09318966937202,-0.05366715812030552,-156.43888666781135,-0.058448558030414106,44.24818894112942,3.639001643506354e-09,1.4138899870113974e-08
2.325e-07,27.582472056573053,0.022004572096680712,-160.5090189082548,-0.05835486104548736,27.55394926104374,0.020749487081910836,-160.3065367326056,-0.05909690012630939,53.36069421197336,3.695646243268478e-09,1.4094807385242103e-08
2.35e-07,34.08268381197607,0.11816298277629066,-164.2302418458248,-0.0586523342690702,34.08786558791721,0.1267505107014182,-164.21089289862334,-0.05949527719460796,60.06141762277146,3.754425015299568e-09,1.4052762650631663e-08
2.375e-07,38.610410900978025,0.2611894159911423,-167.21701968639024,-0.060898285283935864,38.45998771189835,0.2569777069544816,-168.13375353243813,-0.059628722579453335,64.04750173491644,3.816567744594703e-09,1.4016913356771384e-08
2.4000000000000003e-07,40.69214865456136,0.4035839811834134,-173.33768814443224,-0.060393131219887514,40.64409334261048,0.40323385052065824,-172.055943641602,-0.05948431981448795,65.1387846240505,3.882208365995773e-09,1.3995083719236278e-08
2.425e-07,40.81138987909614,0.562454546722606,-175.78213699639056,-0.060412817284889675,40.79323881172084,0.5572663243733463,-175.95749962669586,-0.05905138691078102,63.28594278876398,3.951381613709422e-09,1.399782205307803e-08
2.45e-07,39.15593263475314,0.72779054479505,-178.9957694966963,-0.05755261330783754,39.18783735293395,0.7114336544020644,-179.8178616607628,-0.058321692002637315,58.57272046053428,4.0240247692107385e-09,1.4036666273147384e-08
2.475e-07,36.19941657374658,0.8612311294117867,-183.69980259620652,-0.056227580672822595,36.17165679482129,0.8591723561460205,-183.616071855818,-0.05728967837897053,51.21214455517354,4.099985593295642e-09,1.4122175276807249e-08
2.5e-07,32.11068451398373,0.9852935889421955,-186.1950762187723,-0.05466924722202215,32.08780425310323,0.9952212807916976,-187.3309763253581,-0.055952672226049965,41.5368963413614,4.179034448472517e-09,1.4262229404659127e-08
2.525e-07,27.300244996210733,1.1119061496052896,-193.21857466086595,-0.05371427953695533,27.226256478319858,1.1156062455196316,-190.94142921839446,-0.05431104619415069,29.98427500491398,4.260878290966447e-09,1.446090892783782e-08
2.55e-07,21.688704747943447,1.2232799448628702,-194.23498028011608,-0.0535528376829417,21.791914251939975,1.2174308950173556,-194.4264967848046,-0.05236831619883258,17.076432721449166,4.345174307387056e-09,1.4718019328280577e-08
2.575e-07,15.799681056176178,1.3103070356731368,-198.9942184713173,-0.04957537243197217,15.89799219041917,1.2985527372833359,-197.7656595338599,-0.05013115691940934,3.3967745671431064,4.431541454326932e-09,1.502914334455756e-08
2.6e-07,9.628031907990698,1.3541963915132176,-200.84627053980225,-0.04928193843945224,9.584568888235276,1.3572403038055323,-200.93901056761771,-0.04760933185612131,-10.436410062121192,4.519568925738667e-09,1.5386017304838573e-08
2.6250000000000003e-07,2.9437441926354944,1.3871988098726458,-205.1909895161981,-0.045240781857327876,2.8572285121938563,1.3919055208494775,-203.92744820826934,-0.04481554474521804,-23.797892723419416,4.608821469385323e-09,1.5777055776661282e-08
2.65e-07,-4.436667300956966,1.3887987812121954,-206.8295376722155,-0.04319422124946791,-4.263183570114359,1.4009852147192452,-206.71286109316569,-0.04176522871453036,-36.083764828571965,4.698842325217144e-09,1.618794659971991e-08
2.675e-07,-11.868986185507174,1.3818397113987366,-207.28107416816434,-0.03937187877227676,-11.690878805210357,1.3830111174438393,-209.27830398259795,-0.0384762961453155,-46.73873293704842,4.789155201068624e-09,1.6602352198888473e-08
2.7e-07,-19.188399006852,1.3425044445651424,-211.65507228870717,-0.034053538908820846,-19.23681159268346,1.3368653242992408,-211.6081626128298,-0.03496887468031321,-55.28121675491026,4.8792670109588206e-09,1.7002828445036088e-08
2.725e-07,-26.8505452461388,1.2614062245925926,-212.13129591858635,-0.031564239021625015,-26.591006861837677,1.2621758566766723,-213.6883060295724,-0.03126505280512351,-61.32511546739221,4.968673017857236e-09,1.7372070366455547e-08
2.75e-07,-33.236166280455734,1.1513893102948942,-216.20792413993678,-0.024968745127302624,-33.331014051023345,1.1597727772201956,-215.50622495411983,-0.02738865234986206,-64.597258616464,5.0568655594407095e-09,1.7694501287447063e-08
2.775e-07,-38.89857608564413,1.024240745830347,-216.38842092969034,-0.02457699888750509,-38.957098546833826,1.032105717390741,-217.05115486465678,-0.023365036252279904,-64.94975278344059,5.143346777223314e-09,1.7958058370572176e-08
2.8e-07,-43.073212505184024,0.8829532595545894,-218.95617208435365,-0.018284849035198586,-42.94970258913726,0.8835226078404629,-218.3141826176333,-0.019220949652823748,-62.366666034709844,5.227644857993218e-09,1.8155848323707367e-08
2.825e-07,-45.08846155925112,0.7114230202439311,-218.1498872521968,-0.015841390382324457,-44.84034487326775,0.7203274005214901,-219.28833558726907,-0.014984382740989542,-56.964748008849654,5.309332404062638e-09,1.8287231773099797e-08
2.85e-07,-44.28472919260673,0.5549267416869074,-220.2375235295104,-0.01142897089175721,-44.284278692502504,0.550568728952486,-219.96865246382495,-0.010684436513468577,-48.988153098838154,5.3880448473433716e-09,1.835791947837383e-08
2.875e-07,-40.81624232855412,0.3865666866358274,-219.93059535292036,-0.007339452322208873,-41.12242199932875,0.38355590562447567,-220.35223502177257,-0.006351169083281588,-38.79740522950478,5.463496451911191e-09,1.8378862789468963e-08
2.9000000000000003e-07,-35.168361290632866,0.22446869984289405,-220.97289795229037,-0.002765000859481033,-35.42147562006515,0.22914562193279236,-220.438280345871,-0.002015401073255362,-26.85310299714758,5.535491493288336e-09,1.8364058106188712e-08
2.925e-07,-27.62591191126816,0.10240743444950813,-220.21820558386648,0.004678703715821729,-27.484530542672104,0.09688388119181882,-220.22809318480344,0.002291536173950101,-13.695101661904467,5.603928669940493e-09,1.8327751791824578e-08
2.95e-07,-17.889906958684385,-0.013025921011678526,-220.53870483914744,0.00647539295372041,-17.829249944096283,-0.004884307047871587,-219.72507828680375,0.006538117214183928,0.08188708059513984,5.668797627709689e-09,1.8281782809019665e-08
2.975e-07,-7.222546919966501,-0.07081796673377828,-218.74440979487227,0.010926041703948725,-7.136063326407366,-0.06981521338933186,-218.9347127579233,0.0106930010406733,13.855174713533335,5.7302559007651375e-09,1.8233815983775352e-08
3e-07,3.470849684207516,-0.10625692810715688,-217.0675524611001,0.013672615697394775,3.8262077371644723,-0.09416485430148136,-217.86449866956946,0.014725457996936529,27.002240001816062,5.789517464793355e-09,1.8186965760768476e-08
3.025e-07,14.216607329513423,-0.08368709140610481,-218.3557934554164,0.01825564404486063,14.286133639435974,-0.077102864305544,-216.52389632599989,0.018605822652651233,38.928865534231235,5.845979682467655e-09,1.8140866327602612e-08
3.05e-07,23.666944119366896,-0.024095900321390994,-215.4987322862873,0.023994998591684608,23.553870900064485,-0.020701731946344115,-214.92423878290867,0.022305944702470763,49.09599499722391,5.899061564336758e-09,1.8093771900116214e-08
3.075e-07,31.14548716220427,0.08000768839728646,-212.67048841108698,0.0255739156457526,31.091143906700573,0.0703894813659349,-213.0786283834481,0.025799608719059123,57.04409729267589,5.9482313875490085e-09,1.804495023122675e-08
3.1e-07,36.479474076160464,0.18755501476740147,-210.24915759948416,0.02818986580832897,36.55691536992988,0.189530614000753,-211.0018162464113,0.029062896876010682,62.41393629704972,5.994303916965368e-09,1.7996580529395417e-08
3.125e-07,40.19427276496146,0.31834527001206,-206.09112580636935,0.033838193125658354,39.82286651779721,0.3288415139018961,-208.71006580130603,0.03207447597953299,64.96280751608508,6.037753026879196e-09,1.795458943394944e-08
3.15e-07,40.669656928432055,0.4833306638620464,-206.6542819593942,0.035587774383303954,40.957975547681215,0.48000422356319167,-206.22100161524284,0.03481580004355412,64.57550777522708,6.078609601941467e-09,1.7928251510895387e-08
3.1750000000000003e-07,40.27011578024667,0.6332628465435001,-202.84344381261272,0.03758028885936044,40.18668461415096,0.6350002580343976,-203.5534448955451,0.03727123049054434,61.26954214076459,6.11684747835896e-09,1.7928782387030478e-08
3.2e-07,38.04978946976219,0.7836207740702914,-201.28675371444106,0.03905071761373147,37.82946640409999,0.7866850664806224,-200.72723717852412,0.03942808598218515,55.194332730698356,6.152389240814431e-09,1.7967417477881062e-08
3.225e-07,34.5074597863642,0.9196241289388707,-198.51272083114608,0.04061204818362335,34.23728689450027,0.9291358104345374,-197.76305382775894,0.04127664119597038,46.624465175285735,6.18511684288612e-09,1.8053525826430973e-08
3.25e-07,29.630954858481214,1.0489348368378901,-195.27320234324733,0.04287042418878659,29.732051981096593,1.0577522961321948,-194.6822090634665,0.04281009736067023,35.94727797186764,6.214884838183272e-09,1.8193177465737876e-08
3.275e-07,24.735247167395137,1.1669062193757753,-192.78793604322934,0.043739864729965064,24.56353924827464,1.169136308204048,-191.50645432722396,0.04402454653806272,23.645355666875442,6.241533898184373e-09,1.8388351770841958e-08
3.3e-07,18.86158363387939,1.2637818299776193,-187.74606714959583,0.04399311377216163,18.889859149091386,1.2608135324206677,-188.25777185264346,0.04491894676578405,10.274717133320214,6.264902595900256e-09,1.8636749784197574e-08
3.325e-07,12.617153368541276,1.3375924264302752,-184.49273036052986,0.045731655405059995,12.7838032773592,1.3308877959198202,-184.95816536199186,0.04549511725794343,-3.5603152160422247,6.284836080466397e-09,1.893203451993235e-08
3.35e-07,5.911895791372157,1.377169142954143,-181.1526602136613,0.04714032647599521,6.262380687883101,1.3777250463540747,-181.62944984070919,0.04575775343740306,-17.23442942554761,6.301191124624721e-09,1.9264298090369123e-08
3.375e-07,-0.31186918190835944,1.401643029534984,-177.47704544381656,0.04747487243384269,-0.6676603530555969,1.3997531606851865,-178.29304235601305,0.04571445244349679,-30.129586672992478,6.313837926706133e-09,1.962062322863339e-08
3.4000000000000003e-07,-7.884232705228044,1.3952131944544117,-176.27803391031952,0.045595625669707505,-7.958657007105848,1.3954356171181306,-174.96975588211492,0.04537573264631466,-41.662955216941135,6.322659817716857e-09,1.998572000820516e-08
3.425e-07,-15.739329445399154,1.3617531072539268,-171.6021427229961,0.044874022505564694,-15.47671791842701,1.3634376274240332,-171.67959807303865,0.044755026942200196,-51.31325306415239,6.3275525152230954e-09,2.0342719190122317e-08
3.4500000000000003e-07,-22.789646255981562,1.31038871086985,-168.70300696249905,0.04221884670097967,-22.97280361858561,1.3029599385869037,-168.44157688477569,0.04386862991600977,-58.64430872856058,6.328424684664782e-09,2.0674243699082826e-08
3.475e-07,-29.985204649622773,1.2043494867407518,-165.79375316390838,0.04344601781721748,-30.077759411974714,1.214176334065123,-165.2735148918768,0.04273558329076692,-63.32477518915114,6.325201291393588e-09,2.0963831994868934e-08
3.5e-07,-36.32605291426421,1.0864329253605773,-163.50917684119608,0.04208632008170675,-36.324425097239306,1.09868331527587,-162.1918740700342,0.04137749165916839,-65.14310602073395,6.317830603595656e-09,2.1197654071725484e-08
3.525e-07,-40.99815862236277,0.9543138240856848,-158.8531699117362,0.04018348258235242,-41.194852548579256,0.9598598550345522,-159.21159272640477,0.03981826992263408,-64.01711681060722,6.306294853335662e-09,2.1366280501659512e-08
3.55e-07,-44.301265515019566,0.8031564020226434,-155.37581143657297,0.0389040122847434,-44.18583116853195,0.8030437595417856,-156.34593615412786,0.038083833428668695,-59.99769970685293,6.290623640856974e-09,2.146610723876717e-08
3.575e-07,-44.905586791184454,0.6243453867522919,-153.32615831869336,0.036510255242621685,-44.88223156919555,0.6354578446566742,-153.60636246763366,0.03620174974539253,-53.26652320913996,6.270908352136987e-09,2.149998601026388e-08
3.6e-07,-42.56114856302455,0.48624870590297337,-149.92803538151114,0.0356581844882355,-43.02580791501848,0.46585933480499303,-151.00240494197615,0.034200875882593455,-44.127821166253646,6.247315311214957e-09,2.1476721995596737e-08
3.625e-07,-38.267585972844,0.2931356071737486,-148.41840567792963,0.03130633076150531,-38.56740476532188,0.30393264699080974,-148.54157203371724,0.032111005655335,-32.99464209896166,6.220095221044762e-09,2.140937847908206e-08
3.65e-07,-31.66535348953684,0.16224467112804372,-145.81960770454788,0.029918879895416535,-31.69296328393817,0.15949079370861935,-146.22926610414623,0.029962548600046737,-20.3701803475114,6.189586706908052e-09,2.131269736816097e-08
3.6750000000000003e-07,-22.938272186014142,0.04077680368299496,-144.79498051061873,0.028744760229224425,-22.81789996213698,0.041586006748763324,-144.0687216992098,0.027786254957087114,-6.8250328333754195,6.156212436114472e-09,2.120027118330845e-08
3.7e-07,-12.89544016184799,-0.04074022113093106,-143.26118040235724,0.02663379541438883,-12.549614496502867,-0.042350525436725024,-142.0609640659402,0.025612991941890942,7.0285906221784815,6.120467246519106e-09,2.1082245689803087e-08
3.7250000000000003e-07,-1.2849816345917064,-0.0857365687931152,-139.68863024771724,0.02209610461629913,-1.623166872322453,-0.0872202876486757,-140.2047884039478,0.02347356648948953,20.56453778782304,6.083665052236398e-09,2.0964210487364926e-08
3.75e-07,9.505149543013385,-0.09140565497825794,-138.38992769385908,0.020245178735218444,9.180378687071403,-0.09072110522918424,-138.4967601643086,0.021398580665124588,33.17101467708966,6.046402780527267e-09,2.0847569813874143e-08
3.775e-07,19.121229135081357,-0.05821579036184822,-136.04097707716272,0.020485887361624357,19.12059493046676,-0.053500203322026485,-136.931236518576,0.019418299605606596,44.27823724332002,6.008481703680657e-09,2.0731204428117055e-08
3.8e-07,27.537646400165027,0.03300500079065199,-136.29759333021676,0.01854039939785266,27.576225236952762,0.021019019589640826,-135.50040892938296,0.017562509345567582,53.38418432100425,5.969709036096652e-09,2.061381901532299e-08
3.825e-07,34.41248281562876,0.1284539064085465,-135.40482979538425,0.01663761659434848,34.10400435636556,0.1271029394684074,-134.19436656287755,0.01586034367144281,60.077287839208225,5.9303007968030635e-09,2.0496175359254092e-08
3.85e-07,38.48878708758236,0.2619731280186456,-133.4091627227511,0.014317567609251677,38.4696127108486,0.25738968644449634,-133.00118009376095,0.014340064962499724,64.05503476111751,5.8916660897466e-09,2.038250411000045e-08
3.875e-07,40.616149890689,0.4024358029314283,-132.14960586018466,0.012078225620944358,40.64741331454825,0.40368075197170183,-131.90700526767762,0.01302879283256176,65.13763998438658,5.854122361444123e-09,2.0280714111107498e-08
3.9e-07,40.814948650763306,0.5691469239925109,-131.1373393161511,0.011383234647013215,40.79092329624092,0.5577244229203746,-130.89620540480266,0.011952184751894742,63.27617221834116,5.817887896187573e-09,2.0201436407998125e-08
3.925e-07,39.48394830413368,0.7188216675461432,-131.43753059338016,0.010470533670360589,39.18083992410351,0.7118818316410894,-129.9514918543157,0.011134082901374586,58.55476556688495,5.783082490939157e-09,2.0156287633459662e-08
3.9500000000000003e-07,36.021949621902884,0.8550283392145165,-130.8172130215341,0.011723329675930495,36.16102021935401,0.8595931285309475,-129.05408124360247,0.010596149530785751,51.18681685860237,5.749734287128778e-09,2.0155900896715516e-08
3.975e-07,32.131450502971546,0.9948869683967317,-128.12587610411202,0.011480826029307455,32.07448349941746,0.9956010941744322,-128.18386820999237,0.010357517661361029,41.50534059607406,5.717790776652375e-09,2.0208226979902133e-08
4e-07,27.040313943721742,1.1198075421887548,-127.5557490848082,0.009041154850115642,27.21099078834021,1.11593511112213,-127.31961215802106,0.010434484292080737,29.947917458736246,5.687131673909605e-09,2.031741410223342e-08
4.025e-07,22.027391189149196,1.2062664146637,-127.4143259923679,0.012590142129884,21.77516920942423,1.2177015578621955,-126.43913645292744,0.010840269296591331,17.036916652670413,5.657581442832834e-09,2.0483334352960422e-08
4.05e-07,15.881561953533932,1.3015799690562795,-124.9577645534621,0.013238229083207487,15.879978787029206,1.298759644008619,-125.51953834254662,0.011584855650742083,3.355886012083041,5.628919752068679e-09,2.0701636359389878e-08
4.075e-07,9.527866247967165,1.347604995550437,-124.82832921544056,0.012063391120182381,9.565331556127479,1.3573786596306638,-124.53740779603605,0.012674916865239933,-10.476823033890058,5.600888898524987e-09,2.0964121647182284e-08
4.1e-07,2.755397847954938,1.3917425723531764,-123.94935119442357,0.01223719626740351,2.836780704004154,1.3919706917459136,-123.46905335991957,0.014113827267885633,-23.836003537605162,5.573198135784502e-09,2.1259268938851853e-08
4.125e-07,-4.329541002457,1.4054098343969461,-121.56611473646976,0.017181745861561522,-4.284706975428261,1.4009726474046293,-122.29073306057042,0.015901741925979207,-36.1178509631636,5.545525694643025e-09,2.1572828804984533e-08
4.15e-07,-11.745364028449933,1.3815726819352578,-120.69039728324701,0.019757232755115595,-11.713086509994941,1.3829168325547747,-120.97888832814675,0.018035727118755025,-46.76725377638654,5.517519924208073e-09,2.1888524875175186e-08
4.175e-07,-19.571663557286314,1.3462638547008996,-120.45086613433969,0.020838348617880247,-19.258969622346537,1.336686909084724,-119.51037888065862,0.020509920424668676,-55.30288322200732,5.488801290119877e-09,2.2188973004596658e-08
4.2e-07,-26.583460292361842,1.2494473938841233,-118.56150580706777,0.022331181779734758,-26.612023519200203,1.2619137670519414,-117.86271648864103,0.023315702006670398,-61.33894828727647,5.458966881087475e-09,2.245692756438974e-08
4.2250000000000003e-07,-33.1240809232686,1.163295530976722,-116.18787768182199,0.027151741259611565,-33.349505382460364,1.1594316770841393,-116.0142955410369,0.026441865077138495,-64.6026325771782,5.427598609689932e-09,2.2676871041320326e-08
4.25e-07,-39.14566774596805,1.0390335732966172,-112.84119637251558,0.030397835631860562,-38.97152847916559,1.031695551589036,-113.94461835139417,0.02987478256980683,-64.94642499419857,5.3942755335886774e-09,2.2836799388073783e-08
4.275e-07,-42.912471557576445,0.8787141752310648,-112.16373284215898,0.033921190809076206,-42.95857753517395,0.8830591308092056,-111.63451318021363,0.033598576938917546,-62.35478690400693,5.3585898105749e-09,2.292987641467083e-08
4.3e-07,-44.73688104461522,0.7268982342648836,-109.81918627639996,0.03800014801405465,-44.84243163485942,0.7198319618793432,-109.06634300398814,0.03759530865199837,-56.944854446341395,5.320164907616193e-09,2.295551556288632e-08
4.325e-07,-44.51880517526667,0.5549661811246059,-106.27579512857731,0.04240185433858229,-44.278808929325976,0.5500672367769611,-106.22420313367483,0.041845204263587704,-48.961144248246256,5.278673982144929e-09,2.2919472573229937e-08
4.35e-07,-41.15859811772027,0.3832541389443348,-103.12763722329835,0.046173059466493215,-41.109247436502386,0.38307702709850605,-103.09410587445731,0.046326945183530144,-38.76450182936872,5.233855983332499e-09,2.2832732277339277e-08
4.375e-07,-35.305715651125645,0.23181229004016485,-99.37620872525785,0.050535134313718866,-35.40114544392742,0.22871841500782447,-99.66415052392416,0.05101803215720982,-26.815792206222564,5.185527064602931e-09,2.2709310385516013e-08
4.4e-07,-27.86737583273194,0.0898425540160714,-96.75575129821598,0.05717276129524944,-27.458274850178924,0.09653515604406894,-95.92467712631836,0.0558952275165919,-13.655069842971985,5.1335853657286665e-09,2.2563457704938745e-08
4.425e-07,-17.884365211877387,-0.008467392023687844,-91.4487695494442,0.06266187780934283,-17.79886851539717,-0.0051325406364920445,-91.86840253527564,0.0609350576614958,0.12283058048317069,5.078008047576733e-09,2.2407004492337343e-08
4.4500000000000003e-07,-6.8007922482550125,-0.0823115136620424,-86.77021014850641,0.06508965842266161,-7.10373469154929,-0.06994785767698096,-87.49053748529238,0.06611433302018552,13.895179341423082,5.01893337566409e-09,2.2247597485430154e-08
4.475e-07,3.6628559509161067,-0.09607005807036989,-82.91448539245917,0.07237175789002073,3.8581687191275877,-0.09417509918176876,-82.78888353179246,0.07141061386642994,27.039497639629023,4.957534360145902e-09,2.2088328382881995e-08
4.5000000000000003e-07,14.183608351325118,-0.07041251651358943,-78.32913658927963,0.07667887913269694,14.3155330001537,-0.0769926407685098,-77.76390888969635,0.07680252097441516,38.96169222158551,4.893164516650458e-09,2.1928808205946855e-08
4.525e-07,23.774148855177163,-0.01172096315518946,-72.62807527422471,0.0839244702470718,23.57886867890448,-0.020481196873232927,-72.41880237937676,0.08226976500299128,49.12290704260696,4.825190682519875e-09,2.176727008343915e-08
4.55e-07,31.050211180433788,0.06856838537936386,-66.66082592503979,0.08829235936356439,31.11042868458215,0.07070332929653929,-66.75950487524399,0.08779275488491649,57.06387833292318,4.753021813604026e-09,2.160296293883188e-08
4.575e-07,36.50087080535776,0.19968035913165372,-61.18891789135925,0.09250385332370696,36.56979599890962,0.18991595939097466,-60.79471784432994,0.09335165335069653,62.425692274189885,4.6774131637367465e-09,2.143804754240444e-08
4.6e-07,39.937414297640984,0.3261240833650201,-55.64609919547391,0.09755468508288692,39.82927109891384,0.3292740745215,-54.53588875845407,0.0989247894361038,64.966007086723,4.598764361677388e-09,2.1278429552130815e-08
4.625e-07,40.78536485214931,0.48224124447186695,-47.013032160472086,0.10685223616802082,40.95836346975848,0.48045957504492376,-47.99717336213925,0.10448642569881654,64.57000632605639,4.517033102294869e-09,2.113335725677393e-08
4.65e-07,40.11750063106697,0.6360250238294095,-41.546873558055275,0.11046334836491409,40.181891932965335,0.6354558089482322,-41.195374977685596,0.11000401829488231,61.25558832475947,4.43211855059964e-09,2.1014013173450328e-08
4.675e-07,37.80322910560315,0.7928850340907798,-33.794857946933305,0.11387504634011598,37.82051547719391,0.7871214388020679,-34.14986122692386,0.11543529218812261,55.1725572285649,4.343868780728438e-09,2.093159293422045e-08
4.7e-07,34.24908161720187,0.9237755155495437,-26.879799697405478,0.12244754533703835,34.22519614862151,0.9295374987731577,-26.882458744479397,0.120725647177528,46.59585219013133,4.252093082794323e-09,2.089542083045315e-08
4.7250000000000003e-07,29.730275418883952,1.0602245724004316,-19.43828316559345,0.12489194547092933,29.71768015441024,1.0581076146441568,-19.41732664810512,0.1258065488738424,35.91312074546079,4.156576909432392e-09,2.091151983357812e-08
4.75e-07,24.771024014851207,1.1532158231850949,-11.689260671107668,0.1319722446692646,24.54749076077309,1.1694367623454924,-11.780809716183787,0.1305955601961042,23.607198028063006,4.0570971233101315e-09,2.0981822829123966e-08
4.775e-07,18.639935352582903,1.2635385124474567,-3.998078767593804,0.13490538844013736,18.872464855349783,1.2610528506450955,-4.001272399160822,0.13499846850732708,10.234283720480967,3.953435510698859e-09,2.110398747725184e-08
4.800000000000001e-07,12.4371725162718,1.324827247125416,3.769930840291308,0.13866224750973113,12.765176028860857,1.3310609067942436,3.891085041023448,0.13891356200363555,-3.6011969047278733,3.84538917270134e-09,2.1271638454421745e-08
4.825e-07,6.277823943223823,1.3781310015068367,13.706980053277166,0.14307426051005043,6.242530588995433,1.3778272808323178,11.864426813023332,0.14223760415449452,-17.27391163085006,3.7412398954906635e-09,2.147924889120429e-08
4.85e-07,-0.7392428762126149,1.4236657197029734,20.640787997088697,0.14423440651586886,-0.6886777182775297,1.399779899157635,19.88549670504281,0.14487261890445383,-30.165884889145765,3.6494457296400923e-09,2.1718465333027208e-08
4.875e-07,-8.006679502524737,1.4071277224257461,28.13477214004968,0.14512754478459666,-7.980592653682068,1.3953824980011345,27.919846295326465,0.14673239728725848,-41.69442884723628,3.5694471920512582e-09,2.1973951701176494e-08
4.9e-07,-15.518200252781504,1.3607548241501097,37.05490857886878,0.14722600079009115,-15.499015420188636,1.3633013078982317,35.932074422875736,0.1477477357669177,-51.338479572175245,3.500650962259948e-09,2.2228764343711753e-08
4.925e-07,-22.944549425080723,1.2938091296747294,43.89996983166037,0.1476200782821131,-22.994546499266217,1.302739272357363,43.88607597677411,0.14786975599660993,-58.662147933597325,3.442431737866066e-09,2.246542469646301e-08
4.95e-07,-30.211220881695805,1.2220238984139686,50.62925415326995,0.14714883355866482,-30.09769624457039,1.2138737293955482,51.745297978790006,0.14707109204777827,-63.33442079975885,3.3941373258510766e-09,2.266734414564388e-08
4.975e-07,-36.309622298518306,1.1040146634084942,58.98843628258174,0.14712575107031314,-36.341074094962025,1.0983059784317977,59.473000867550844,0.14534512489218906,-65.14412207727923,3.355097812337353e-09,2.2820541331601427e-08
5e-07,-41.241292082297186,0.9638905026583918,65.6643102550585,0.14262389515940274,-41.2066723349809,0.9594206212153246,67.0325228441057,0.1427037131226591,-64.00945738964816,3.324638796244508e-09,2.2915411765710355e-08
5.025000000000001e-07,-44.2928734157434,0.8112419199965479,75.5415718651787,0.13938193319511596,-44.19143145491754,0.8025612669981423,74.38754510860474,0.13917399341560513,-59.981710996773735,3.30209774669433e-09,2.294815212112006e-08
5.05e-07,-45.15622717238663,0.638318744248749,80.86216405916022,0.1345564885867666,-44.880589011792914,0.6349559093054995,81.50235580634674,0.13479482262123196,-53.24292786322556,3.2868417260827004e-09,2.292138908310468e-08
5.075e-07,-43.072601642761924,0.4748950913847017,88.93182092622149,0.12897242960484803,-43.016450043755626,0.46536551481499266,88.34211050873583,0.12961334115092335,-44.09768564040566,3.278284170097268e-09,2.284367504256189e-08
5.1e-07,-38.46998991340089,0.293486942733229,95.2894389822049,0.12186873123634931,-38.55052906173464,0.3034761263852879,94.87308708065795,0.1236819949846702,-32.959328450320825,3.2758982465337436e-09,2.2727791314673454e-08
5.125e-07,-31.61925854209942,0.1422857320735664,100.67042949278728,0.1176758717912354,-31.669468558303215,0.15909983630091393,101.06293283025835,0.11705619929713976,-20.331284672576114,3.2792245736914673e-09,2.2588168859824376e-08
5.15e-07,-22.750166358587126,0.05291570422535746,107.87552065393136,0.10926002793526067,-22.789321407599573,0.041285314812923496,106.88090189966657,0.10979269009781639,-6.784313128075584,3.287871737569583e-09,2.243806284989649e-08
5.175e-07,-12.458125768942537,-0.046684169474451094,111.98732135452688,0.10241558844464167,-12.517969703059908,-0.04254218458898727,112.2980809353561,0.10194850867466436,7.069293919893867,3.301509004571766e-09,2.2287260280188192e-08
5.2e-07,-1.4051900314299022,-0.08611446555814813,117.05191610225936,0.09498174634004468,-1.5907348823451901,-0.08729185523649244,117.28760117385589,0.09358050182453043,20.603384981591113,3.320621428406338e-09,2.2140977164865976e-08
5.225e-07,9.314685213942,-0.08259052068008085,122.17919356252695,0.08378147466406602,9.211312102309224,-0.09067015915450057,121.82483519159322,0.08474519453837841,33.20624996221883,3.3449659466993072e-09,2.200023621969388e-08
5.250000000000001e-07,19.121154584858623,-0.05525875108820431,125.26295345131658,0.0732106687277266,19.14798714140635,-0.053332922393262656,125.88757669579783,0.0754988921647598,44.30826806516413,3.3735126196193285e-09,2.1863534460097514e-08
5.275e-07,27.58660579628329,0.030060480315171303,130.47083989389336,0.06530697789759386,27.598484282798456,0.02128882778212792,129.45620187549434,0.06589788660692468,53.407653354804744,3.4052455456508297e-09,2.172919417659193e-08
5.3e-07,34.05826753823486,0.12312194082791704,132.25200977593084,0.057477327507827254,34.12012415617514,0.1274555792405283,132.51381098644384,0.05599866783331241,60.09313433808337,3.4395755066848262e-09,2.1597597357227414e-08
5.325e-07,38.59848776413042,0.24706659955925472,134.56223626223095,0.04590298032853608,38.47921854016836,0.25780180500209104,135.04634901011244,0.04585807208174501,64.0625424994053,3.477115775063052e-09,2.1472597034671885e-08
5.35e-07,40.460030178813085,0.40948232684438424,137.55081075526297,0.03514745199364109,40.65071549142869,0.4041277201918415,137.04270440291106,0.035533327727084556,65.13646962941397,3.5174135697836324e-09,2.1361725678467694e-08
5.375e-07,40.657070912286095,0.5606583149311714,139.04906833221642,0.027308583986648583,40.78859247585237,0.558182521431685,138.49478513652866,0.025081986328453886,63.26637666748754,3.5599440280915628e-09,2.1275238933777545e-08
5.4e-07,39.27839434910093,0.7147167411766652,139.37492785764715,0.016741158082686294,39.17383023003778,0.7123299516184355,139.39757142157518,0.014561748207744826,58.536787556741714,3.60411528479118e-09,2.1224380167635798e-08
5.425e-07,36.05379778532163,0.8586013775136571,139.1784183396237,0.0018497321279216288,36.15037440238265,0.8600137979476105,139.74914470329438,0.004030207942180201,51.161468954286555,3.649279470740669e-09,2.1219414088359035e-08
5.45e-07,31.94698643652299,0.9976294599846116,139.32359701835875,-0.0057483473701808235,32.06115604921192,0.9959807702252123,139.55069271809654,-0.006455445229634143,41.47376846513629,3.6947476094937144e-09,2.1267931820066247e-08
5.475e-07,27.140263182579613,1.1114447425989196,138.07666240723475,-0.017339151852255763,27.19572018714726,1.1162638144870276,138.80649060135755,-0.016838733971790237,29.91154808959458,3.739806069166567e-09,2.1373734975757657e-08
5.5e-07,21.759905954891455,1.2110958921147916,137.95568339881268,-0.02813288659579086,21.75842022462331,1.217972040128164,137.52385823858734,-0.027064171174859215,16.997393857987223,3.783732327605768e-09,2.1536366137896285e-08
5.525e-07,15.886511153116107,1.2901343462413262,134.54228675775926,-0.03743477957033037,15.861961759702803,1.2989663553248065,135.71309425192783,-0.03707748273052564,3.314996132172325,3.82580829709131e-09,2.1751164881119925e-08
5.55e-07,9.53493895762757,1.35259243173961,135.50229728545975,-0.04678672115808322,9.546090611197851,1.3575168063462968,133.38738721028213,-0.04682575888185844,-10.517231869574882,3.865330225673644e-09,2.200964670595634e-08
5.575000000000001e-07,2.631323660549462,1.3983731809479112,129.92163659635548,-0.05696299121860337,2.8163294282984452,1.3920356399061922,130.5627048424726,-0.05625753154765665,-23.874104941714634,3.901615092069931e-09,2.230002932292014e-08
5.6e-07,-4.537525373334376,1.3947057346274578,126.4133945075194,-0.06591974379643381,-4.30623312819756,1.4009598444171234,127.25766221705625,-0.06532278847635634,-36.151922838999475,3.934004265021303e-09,2.2607829028254738e-08
5.625e-07,-11.865583061350167,1.3826880063788194,122.3121641461174,-0.07384603653357323,-11.735295327558052,1.3828223020065935,123.49337002815332,-0.07397294736027268,-46.79575615275369,3.9618658421384056e-09,2.2916563668026605e-08
5.65e-07,-19.229075306896075,1.3450629167868298,118.6540509019392,-0.08383914813258783,-19.281126058259048,1.3365082446786458,119.29326429239674,-0.08216082323739574,-55.32452785640179,3.9845973941878895e-09,2.3208673696547993e-08
5.675e-07,-26.39273214906323,1.2529639159179737,115.15106584903177,-0.08990445495022972,-26.633034878243215,1.2616514351991868,114.68291891640598,-0.08984063022680414,-61.3527568915153,4.0016307582293335e-09,2.346677034656933e-08
5.7e-07,-33.19135724599569,1.1611457351161927,109.14316511297336,-0.0951417981348239,-33.3679870231635,1.1590903558841101,109.68984273574273,-0.09696806382889116,-64.60798103379618,4.012440060808217e-09,2.3675226692091326e-08
5.725e-07,-39.38947272085224,1.0396374316551174,105.20866791286949,-0.10323275687729076,-38.985944147542995,1.0312852025690287,104.34326275386456,-0.10350051262624234,-64.94307156513646,4.016553396017196e-09,2.3821963499576672e-08
5.75e-07,-43.338078070979684,0.8860583994181476,98.90605874911648,-0.10936170138901773,-42.9674340890515,0.8825955256181001,98.67389542207763,-0.10939744777075863,-62.34288315662172,4.013567674394726e-09,2.3900102680336405e-08
5.775e-07,-44.65452054110043,0.7085547500035267,91.34022279500961,-0.11365199322297485,-44.844496962504486,0.7193364655052159,92.71370789794963,-0.11462103385376746,-56.92493840290644,4.0031652697273585e-09,2.3909046523022242e-08
5.800000000000001e-07,-44.3567549169516,0.5393342247801157,86.05226866998612,-0.12038373331944749,-44.273316323525165,0.5495657684168533,86.49567129921986,-0.11913699343077253,-48.934116068569686,3.985130393650757e-09,2.3854566548887248e-08
5.825e-07,-41.07448787196293,0.38084770917535854,80.54661195263661,-0.12420739708201878,-41.09605060961372,0.38259825878140075,80.05350803231478,-0.12291573691391613,-38.731583125620865,3.959362762419355e-09,2.3747686057538992e-08
5.85e-07,-35.32188842201288,0.22665292619281968,72.71811616799752,-0.12725598677920436,-35.38079566317078,0.2282914019801658,73.4214353185725,-0.12593373761872162,-26.77847082884747,3.925886168687643e-09,2.360247834582738e-08
5.875e-07,-27.426053726118656,0.11200991258931633,66.52845941758112,-0.12727966993814488,-27.432004100900286,0.09618669794164042,66.63390706688864,-0.12817508846416847,-13.615032633235089,3.884850042931124e-09,2.3433269024829568e-08
5.9e-07,-17.605677667461045,-0.006889411641774348,60.15864748548101,-0.13019644712820763,-17.768478009132,-0.0053804516134753145,59.72535624847529,-0.1296331259040238,0.16377403187940212,3.8365229180445935e-09,2.3251980581378536e-08
5.925e-07,-7.189979195060872,-0.06344732121851923,51.59371112599269,-0.13153775379790134,-7.071403733820281,-0.07008014662949069,52.729939917771745,-0.130311956306722,13.935178483715628,3.781375112591182e-09,2.3066371376262354e-08
5.95e-07,3.8260413980901986,-0.10109796325516378,46.56301819553151,-0.1306124173578717,3.8901252500303203,-0.0941849815979188,45.68128899338417,-0.13022768200838555,27.076744602676328,3.7209325177580998e-09,2.2879666768170358e-08
5.975e-07,14.234403788501979,-0.08580578717233651,40.2460904427205,-0.12907189855157553,14.344921858422813,-0.0768820731232241,38.61226486451995,-0.12940911145927522,38.99450352748036,3.6549358211801727e-09,2.269163536877365e-08
6e-07,23.748249700005363,-0.02017677217213201,31.595072519734494,-0.12649031344562273,23.603851242380987,-0.020260358643833753,31.554724822241486,-0.12789776057619784,49.14979969504411,3.5831622122331676e-09,2.250069174075429e-08
6.025000000000001e-07,31.274531983489013,0.06096283787606345,23.811599230701642,-0.12631960600705938,31.129695273692178,0.07101742200476159,24.53929823151321,-0.12574701525169202,57.083636845255356,3.50544939785189e-09,2.2306287457792913e-08
6.05e-07,36.796890183051964,0.17947151727524852,17.041036138400063,-0.12361058467981076,36.58265733961882,0.19030148037653755,17.595175260282854,-0.12302042495795577,62.4374236066553,3.4230005480635744e-09,2.2110802292214487e-08
6.075e-07,39.69988810194822,0.32968177763629813,11.096635145471046,-0.11926995475247962,39.8356570278678,0.3297067378158541,10.749909866583192,-0.119789222689403,64.96918100981024,3.3366614314392098e-09,2.1920371157233915e-08
6.1e-07,40.91026478401545,0.4945348761185058,3.7589251033355713,-0.11777641756719623,40.958734740231584,0.48091495902657866,4.029238614923891,-0.11612929577037949,64.56447938566983,3.246843399503173e-09,2.174447579402617e-08
6.125000000000001e-07,40.34108534715536,0.6292486272197361,-0.9609789083213351,-0.11303385575575559,40.17708543915762,0.635911329972856,-2.5430832498043294,-0.11211793593604859,61.24161032601795,3.153897659462486e-09,2.1594531417321316e-08
6.15e-07,38.00999619495386,0.7941060703662262,-9.342502633369849,-0.10802144262664774,37.81155383581099,0.7875577296650127,-8.94542719776085,-0.10783074480134747,55.15075994517949,3.0636486421101237e-09,2.1484846382205033e-08
6.175e-07,34.667692127553195,0.9315292488534327,-14.10878127642714,-0.10493606209581156,34.21309751986745,0.9299390657566079,-15.158417171501,-0.10333904232520678,46.56722080967209,2.9845598514814137e-09,2.142931721461431e-08
6.2e-07,29.825160406009743,1.064037409014163,-20.79238999338025,-0.09814239323707158,29.70330263045371,1.0584627824732935,-21.165034772719714,-0.09870802370189156,35.8789493411226,2.9159920695531743e-09,2.143389964117181e-08
6.225e-07,25.001538204298818,1.1705813206216669,-26.61735386501925,-0.09413785681234656,24.531437944510998,1.1697370445553439,-26.950703128417913,-0.09399576211050689,23.56903106950352,2.857266043794909e-09,2.150043510751863e-08
6.25e-07,18.933780549911976,1.26052297935294,-31.584403774953167,-0.08941633125876453,18.855066842175017,1.2612919806858423,-32.50334887507216,-0.0892530036700529,10.193846267308132,2.807677257995375e-09,2.1626467559797753e-08
6.275e-07,12.951683063875183,1.3375342866416626,-38.20078384803498,-0.08418407190759651,12.746545173978284,1.331233815417029,-37.81344189226723,-0.0845235864698004,-3.642077171717554,2.7665077862105504e-09,2.1805487121498104e-08
6.3e-07,6.587490423579288,1.3861793359681702,-42.256673396095024,-0.07921177460082812,6.222676904583323,1.377929299393141,-42.87401261279212,-0.07984525947012548,-17.313387016685756,2.7330346898694916e-09,2.202739966555439e-08
6.325e-07,-0.7356355371878973,1.4018242811995356,-48.958982781251244,-0.07458676435119842,-0.7096982864800547,1.3998064082108654,-47.68064693263136,-0.07525067900337554,-30.20217119628503,2.7065353159960193e-09,2.2279090435961078e-08
6.350000000000001e-07,-8.222238836299216,1.3934952746886327,-52.292666907895395,-0.07076642359392463,-8.002530357170055,1.3953291375963823,-52.23145893991228,-0.07076840385077267,-41.725886017231595,2.6862906210350384e-09,2.2545063190320833e-08
6.375e-07,-15.41051808464485,1.3591381182174045,-56.6402598724673,-0.06888923686095666,-15.521312812536529,1.3631647398058764,-56.52704187494483,-0.06642377174365749,-51.36368581257983,2.6715881329237936e-09,2.280823673167651e-08
6.4e-07,-23.118048672678263,1.3180716658617568,-60.46733031863318,-0.06323141880855036,-23.016286039083944,1.3025183587498308,-60.57039792233134,-0.062239600814363666,-58.67996397974668,2.661726279949149e-09,2.3051020304518524e-08
6.425e-07,-29.728924185384454,1.2084748120962927,-65.84571088509918,-0.056911328934564805,-30.117625634279996,1.2135708909932008,-64.36684761907529,-0.05823670657204241,-63.34404140694021,2.6560215349122477e-09,2.325674105070327e-08
6.45e-07,-36.75706033450454,1.090773379865514,-68.6303667730245,-0.05520246941238897,-36.35771109369967,1.0979284371549238,-67.92391983805649,-0.05443425379521709,-65.14511241595679,2.653819198084571e-09,2.341136326057381e-08
6.475e-07,-41.38435648535632,0.9660986161176851,-70.44956555012672,-0.05218052255318579,-41.21847569054258,0.9589812294985245,-71.25122347266151,-0.05084997459047809,-64.0017726987689,2.6545077887307563e-09,2.3505258740858513e-08
6.5e-07,-44.1493259837177,0.7989006465119233,-74.99086014551077,-0.04782586325043092,-44.1970116502867,0.8020786796997442,-74.36030210428997,-0.047500283302306406,-59.96569860686523,2.657536093386528e-09,2.353463030200979e-08
6.525e-07,-45.08606926778968,0.6392126636355278,-76.77381389113506,-0.04440830317095281,-44.87892408224267,0.6344539558786435,-77.2644730785431,-0.044400311514165854,-53.21931149784656,2.662431105752412e-09,2.350213831381425e-08
6.55e-07,-43.023126567734295,0.4657266708469951,-80.29385729581814,-0.04027144353178669,-43.00706935910866,0.46487176162742677,-79.97865254689697,-0.04156387707602568,-44.06753270548974,2.6688145474886352e-09,2.3416393202112572e-08
6.575000000000001e-07,-38.34748858698045,0.29951269669744235,-83.86111553248712,-0.04039048321860975,-38.533632172979125,0.30301975863192365,-82.51916814744051,-0.0390033936121608,-32.924001789858096,2.6764154950867523e-09,2.329025557571805e-08
6.6e-07,-31.31895059274584,0.17814217553780576,-84.66728839105724,-0.036604265658821716,-31.645956295591496,0.15870911113712832,-84.90356109979946,-0.03672972337306803,-20.292380971171184,2.6850769022360068e-09,2.313825505889812e-08
6.625e-07,-22.7285313647985,0.03358325284740403,-87.19544724721969,-0.03523600212928876,-22.760730653186926,0.040984920281249324,-87.1503795748186,-0.03475197712156977,-6.743590744436598,2.694754470596294e-09,2.2973764925447325e-08
6.65e-07,-12.300498032203548,-0.04521436649014765,-90.67617600720217,-0.03302682231912577,-12.486319168700359,-0.04273350167121335,-89.27896526819025,-0.033077269258114786,7.10999442676397,2.7055072839410114e-09,2.2806711783419877e-08
6.675e-07,-1.4102717970430196,-0.08738255123151806,-92.05536975799575,-0.033085614082743714,-1.5583040121661147,-0.08736306065878387,-91.30923515846517,-0.03171044301990408,20.642224041468644,2.7182538879604745e-09,2.264247609279699e-08
6.7e-07,8.981028965316506,-0.0994597504329054,-93.09716656627802,-0.031290872323735404,9.242237898872279,-0.0906188567264093,-93.26146046328486,-0.030653787369640993,33.241472138046795,2.733212847930229e-09,2.2482273094272104e-08
6.725e-07,19.234999897702654,-0.052670056475036385,-95.51049780241557,-0.02908882572191723,19.175366288237996,-0.05316531529213685,-95.15604482303044,-0.029906772207230512,44.33828139480537,2.7498557329772075e-09,2.2324822171904578e-08
6.75e-07,27.86125847852811,0.033779483713800205,-96.6067789381545,-0.027992687907766697,27.62072638979272,0.021558911713953487,-97.01330373825664,-0.029465830304034244,53.431101304108985,2.7676988588250645e-09,2.2168697165709483e-08
6.775e-07,34.19123749852989,0.12164472529711509,-97.94520616923403,-0.028375896779448996,34.13622498411969,0.12780843008403583,-98.85324726634731,-0.029324212081939017,60.10895711314059,2.7867169448039934e-09,2.2014557568551298e-08
6.800000000000001e-07,38.365194266860605,0.2613545960606798,-102.35329576697767,-0.029204905308901102,38.4888052017808,0.25821406270529146,-100.69536794401824,-0.02947193306153244,64.07002494681595,2.8081014552572158e-09,2.186655477391117e-08
6.825e-07,40.78690201844438,0.3922279249308528,-102.27896004359899,-0.029171575201580525,40.653999879219185,0.4045747552710227,-102.55843584598261,-0.029895824305210053,65.1352735595947,2.8319991749289186e-09,2.1732534692988803e-08
6.85e-07,40.644551632161225,0.5487969912403796,-105.61669646922772,-0.02983860381729367,40.78624635900248,0.5586406200082344,-104.46030261682048,-0.03057968492567485,63.25655614007047,2.8584985138171223e-09,2.1623076262809047e-08
6.875e-07,39.38187963569908,0.7185316829132421,-106.59233233474177,-0.03172775926066788,39.16680827994166,0.7127780144431703,-106.41771622355597,-0.03150452451839768,58.518786437201804,2.887629894731402e-09,2.154975211267373e-08
6.900000000000001e-07,36.28554320362395,0.856722787433157,-109.19844898236653,-0.034053011122487736,36.13971935230745,0.86043436450781,-108.44614807146851,-0.032648874030654716,51.13610085223274,2.919371943783563e-09,2.152315983533282e-08
6.925e-07,32.31858700423087,0.9911015806178635,-111.90805924412628,-0.03297484899658426,32.04782190895445,0.9963603090508778,-110.5596340062181,-0.03398913761170984,41.44217996101048,2.953661503954871e-09,2.155122586542444e-08
6.95e-07,27.107269294284663,1.1056996556714327,-112.28300116763376,-0.03531909774161336,27.180444678770876,1.116592355707105,-112.7706305925592,-0.03549995633592114,29.875166911847842,2.990405171769224e-09,2.1638088835156113e-08
6.975e-07,21.7854526958322,1.225921462353847,-116.02135319624048,-0.037626520436495635,21.74166729930138,1.2182423418849984,-115.08988791494612,-0.037154557545315756,16.95786435300213,3.02949015949648e-09,2.178362916779684e-08
7e-07,15.954034579773138,1.2965108851075704,-117.17237470686518,-0.03783326959799544,15.84394110872264,1.299172871271401,-117.52633998954776,-0.03892507033822285,3.2741049435536356,3.0707927742715086e-09,2.1983523655421585e-08
7.025e-07,9.50275358741547,1.3415771751143013,-119.40256030498631,-0.03972729645511374,9.526846053450548,1.357654743958055,-120.08701371198185,-0.04078279718420365,-10.557636553223583,3.1141835764068353e-09,2.222962234369656e-08
7.05e-07,2.9186312678494684,1.3891400170726358,-123.30385092805771,-0.04095487780951868,2.795874686155108,1.3921003653031703,-122.77695709196547,-0.04269844207464007,-23.912196920705135,3.159529178157894e-09,2.25104723968993e-08
7.075e-07,-3.9777190013172636,1.397797113408409,-124.31106509843212,-0.045043768139937615,-4.327762025073972,1.4009468057031929,-125.59918734662583,-0.044642305178011335,-36.18598044262874,3.2066914964493614e-09,2.2811912049133295e-08
7.1e-07,-11.973485918701945,1.378469750598401,-129.90793081046803,-0.046608038453179845,-11.757505251514477,1.3827275257304843,-128.55465924004213,-0.04658446099124688,-46.82424005489677,3.2555259146790456e-09,2.3117771463375156e-08
7.125000000000001e-07,-19.376192126272972,1.3256676488553625,-132.48876410874382,-0.048006512536168146,-19.303280890864773,1.3363293310113367,-131.64225386936923,-0.04849494026335739,-55.34615064954908,3.3058801165062148e-09,2.341079214671784e-08
7.15e-07,-26.787352758394583,1.2523526504284768,-134.09890514971053,-0.04897341617944666,-26.654040926814584,1.2613888610634028,-134.85878790930752,-0.05034393498982208,-61.3665412746575,3.3575952684623584e-09,2.3673873817858876e-08
7.175e-07,-33.3713880992687,1.1568112912632964,-138.46088041994668,-0.051151914165646434,-33.38645895961997,1.158748813593821,-138.19904313844236,-0.05210204077420873,-64.61330398420633,3.4105107623448586e-09,2.389166412950295e-08
7.2e-07,-39.36357790138089,1.0279711866419992,-143.17034592344064,-0.05305222313722188,-39.00034553881124,1.0308746703432268,-141.65581588476215,-0.05374054278326661,-64.93969249757825,3.464472968357131e-09,2.4052342619424182e-08
7.225e-07,-42.529505894748105,0.8742545915614321,-144.17696466183443,-0.0565033828208608,-42.97627223989686,0.8821317923226318,-145.2199858451705,-0.05523174188498921,-62.330954797253554,3.519347537740388e-09,2.4149271245965067e-08
7.25e-07,-44.92839220671351,0.7335521799153343,-148.1398086530666,-0.056198212655163844,-44.846540849416165,0.7188409114948492,-148.88060355665618,-0.05654930813573537,-56.9049998864071,3.575033901666497e-09,2.4182069541618658e-08
7.275e-07,-44.17977753275789,0.5625772454915804,-152.37102877763027,-0.05632467453650369,-44.26780087376979,0.5490643239988018,-152.62499562658078,-0.05766864131214447,-48.90706857047937,3.631479913200071e-09,2.415669857456833e-08
7.3e-07,-41.308042814879165,0.3690584869396626,-156.345961859663,-0.05873498001589471,-41.08283152347217,0.38211960081590995,-156.43888666781132,-0.05856721405444487,-38.69864913125776,3.68869421100156e-09,2.4084338630584832e-08
7.325e-07,-35.70643348936647,0.22914127978826043,-160.39770880460514,-0.05892355459832365,-35.36042628859792,0.22786458299088783,-160.30653673260554,-0.05922487318577301,-26.74113887975618,3.746753929318337e-09,2.3979183715596944e-08
7.350000000000001e-07,-27.23762387038201,0.09728924109176791,-163.5035315798266,-0.06077520150861183,-27.40571831064998,0.0958385070059051,-164.21089289862337,-0.05962407893709985,-13.574990048498025,3.8058058478199e-09,2.385564229267819e-08
7.375e-07,-17.701455148517304,-0.010737100386957377,-168.98023722833562,-0.0616404472228751,-17.738078444443378,-0.005628039892437746,-168.13375353243802,-0.059750069422609464,0.20471741862070247,3.866059900611338e-09,2.3725682836725616e-08
7.4e-07,-6.579874432119061,-0.07353806495895235,-171.8576963827336,-0.057151941513718205,-7.039070473553673,-0.07021208020563474,-172.05594364160194,-0.059590947429691635,13.975172124620398,3.927876841606852e-09,2.3597076036578185e-08
7.425e-07,3.933187802318452,-0.08265740338774166,-175.9113784329266,-0.06080538057823569,3.9220773106155447,-0.09419450155736178,-175.9574996266958,-0.05913769667676145,27.113980876253677,3.992607318956376e-09,2.3473030239470036e-08
7.450000000000001e-07,14.663324894518919,-0.07782332615778609,-179.45259052873476,-0.058887392297855876,14.374300198116046,-0.07677116142219183,-179.81786166076287,-0.05838414334785486,39.02729943896314,4.059770359113159e-09,2.3353271699513e-08
7.475e-07,23.770108455967826,-0.0263493324108193,-183.63514376762802,-0.05887938722852177,23.62881857903065,-0.020039217345876142,-183.61607185581795,-0.05732688438081872,49.17667294391903,4.128870418565513e-09,2.323614969414812e-08
7.5e-07,30.944704769304224,0.0739750507533907,-186.20202704004384,-0.05851225091544399,31.148943668033716,0.07133175938191222,-187.33097632535805,-0.05596520566177664,57.10337282187151,4.199423653328191e-09,2.312102784722213e-08
7.525e-07,36.608086686050385,0.18646716965154264,-191.939391515844,-0.0543597366465192,36.595499391512874,0.19068717684399533,-190.9414292183944,-0.054301010682365834,62.44913028981468,4.272271190044321e-09,2.3010173703268346e-08
7.55e-07,39.77372746091742,0.3301312165729697,-194.1476486265758,-0.049802725874350175,39.84202430878334,0.3301395036820925,-194.42649678480447,-0.05233877384520494,64.97232928409366,4.347843314421943e-09,2.290958315520124e-08
7.575000000000001e-07,40.72755896408055,0.47724813629206025,-197.54371770409824,-0.04956321294474026,40.95908936652444,0.4813703754279109,-197.76565953385986,-0.05008552364818359,64.55892695624924,4.426100157771934e-09,2.2828569960087716e-08
7.6e-07,40.149139104765986,0.6233835902668994,-202.41138202564517,-0.04683188623884819,40.17226514176767,0.6363668210575064,-200.93901056761771,-0.0475508511013158,61.22760815005869,4.506905535659854e-09,2.277835158191606e-08
7.625e-07,37.739391081122136,0.785826135426813,-205.15654723083807,-0.04385672309006079,37.80258148892664,0.7879939390484164,-203.92744820826928,-0.04474692976879124,55.128940889147955,4.590033392963201e-09,2.2770125769787825e-08
7.65e-07,34.265569783643066,0.9364687144048105,-206.70452629232074,-0.04053163648043814,34.200991015775244,0.9303405113872814,-206.71286109316566,-0.04168852744916506,46.538571045212194,4.6751794371768615e-09,2.2813186960076072e-08
7.675000000000001e-07,29.250020543270576,1.0670753887430355,-212.042475197236,-0.039579738621228835,29.688919414492972,1.0588177996355301,-209.2783039825979,-0.038392986909276346,35.84476377234304,4.761975735225369e-09,2.2913499150456525e-08
7.7e-07,24.606096472196025,1.1578227207669844,-211.5316677566908,-0.0355128102422017,24.515380802318177,1.1700371548515947,-211.60816261282974,-0.03488015478419668,23.530854806262965,4.8500059380838965e-09,2.307291054629478e-08
7.725e-07,19.007025568591942,1.2669424639698406,-215.1631330176832,-0.02879475493161101,18.837665110459167,1.2615309225523361,-213.68830602957237,-0.03117224347492161,10.153404789767142,4.938819100714483e-09,2.3288971272559967e-08
7.75e-07,12.524330704979716,1.327551021883011,-214.93864988254765,-0.027446497730794085,12.727910712687937,1.3314065217815734,-215.50622495411983,-0.027293619612501072,-3.682956000872384,5.027940710089096e-09,2.3555177426425176e-08
7.775e-07,5.913494132443874,1.3885854986599118,-217.8576923864501,-0.022543991054055034,6.202819635022978,1.3780311020115623,-217.05115486465672,-0.023270522853895612,-17.3528555674709,5.116880389013783e-09,2.3861440560245e-08
7.8e-07,-0.6508505980917103,1.3985063456805973,-218.77707773927028,-0.0190819854084653,-0.7307220555753462,1.3998326878045546,-218.31418261763326,-0.019130728602432732,-30.238445580085415,5.205136639849705e-09,2.4194651050137254e-08
7.825e-07,-7.899902627926859,1.3947584441298846,-220.36127462686633,-0.013196642094650341,-8.024470112757829,1.395275535855955,-219.2883355872691,-0.014903175935414913,-41.7573267145072,5.2921997567156225e-09,2.4539317166632686e-08
7.85e-07,-15.367903653537255,1.3596374281326336,-219.68759021466096,-0.01087381263592948,-15.543610087467876,1.3630279231028213,-219.96865246382492,-0.010617586184930469,-51.38887177541471,5.37755452049785e-09,2.487836194338541e-08
7.875e-07,-22.9380969764115,1.3048817844576013,-220.58255662705704,-0.008562856320210654,-23.038022227065312,1.3022971977369717,-220.3522350217726,-0.006304097499315683,-58.697756859975975,5.460684404317144e-09,2.5194199313738043e-08
7.900000000000001e-07,-30.14013479989867,1.2197811077191012,-222.15547836072778,-0.003563368588002485,-30.137547568079093,1.2132678188598398,-220.43828034587096,-0.0019929363269575607,-63.35363700689719,5.5410787345708086e-09,2.5470162433191116e-08
7.925e-07,-36.48352702645855,1.1072081848003883,-220.32896015925823,0.002254525574779711,-36.374336079885005,1.0975506914851654,-220.22809318480338,0.002285861103449225,-65.14607703637569,5.61824362541084e-09,2.569222343203902e-08
7.95e-07,-41.34990975407105,0.9545032643497656,-220.0969861374532,0.005667895667864169,-41.230262603012825,0.9585416799660692,-219.72507828680375,0.00650267416475325,-63.99406274100338,5.691716649060858e-09,2.5850763380550203e-08
7.975e-07,-44.302459202162666,0.804962582419376,-217.0784535651961,0.011221752533792574,-44.20257174561025,0.8015959977679172,-218.9347127579233,0.010628477136344721,-59.9496625434486,5.761084281611375e-09,2.5941994120605597e-08
8e-07,-45.17464215679521,0.6419174312983337,-219.07190761609328,0.015049383119694133,-44.87723677636115,0.6339519845279057,-217.86449866956943,0.014634988113627677,-53.195674122326224,5.826000350011292e-09,2.5968581982814223e-08
8.025e-07,-42.86976525524249,0.47728606374032745,-214.26259924000544,0.01891314783067905,-42.997665862790456,0.46437807541032033,-216.52389632599989,0.018494808664649913,-44.037362373409124,5.886203160301927e-09,2.5939136855587036e-08
8.05e-07,-38.48977616612645,0.3033240789045723,-215.60024863107196,0.02089752537360865,-38.516714106942985,0.3025635438975689,-214.92423878290865,0.022181576662293596,-32.88866213152168,5.941528823269663e-09,2.5866509303223543e-08
8.075e-07,-31.810895684196154,0.16236943795992204,-214.24174805868824,0.02532027695776834,-31.62242650929105,0.15831861836498073,-213.07862838344815,0.025670151558152287,-20.253469258656057,5.991918558302834e-09,2.5765207903545486e-08
8.1e-07,-22.7734428209538,0.032328776100409094,-210.77834475571146,0.03020179378334492,-22.732127716628682,0.040684823266693156,-211.00181624641132,0.02893684427808181,-6.702865698534785,6.037418420010198e-09,2.5648574646901756e-08
8.125000000000001e-07,-12.66021730130057,-0.03223892381885556,-210.0342243842954,0.031071471639462948,-12.454662913447075,-0.042924476616071496,-208.71006580130603,0.03195969414052265,7.150692126721793,6.078170854213674e-09,2.5526497683878324e-08
8.15e-07,-1.3866855879188715,-0.09023729570515628,-205.95239362329195,0.035046807805042386,-1.5258742818555229,-0.08743390389830002,-206.2210016152428,0.0347187844500105,20.68105495212436,6.1151752121071664e-09,2.5404316435403355e-08
8.175e-07,9.848232102973517,-0.09180893214833222,-204.42353855439762,0.03524251993751657,9.273156058841376,-0.09056719797523939,-203.55344489554506,0.03719657860622364,33.27668119066762,6.148716687328335e-09,2.5283207303564447e-08
8.2e-07,19.034361856926633,-0.048851341825435185,-201.2109725781166,0.039889377959341075,19.202732357023304,-0.05299738208767454,-200.72723717852418,0.039378251454852416,44.368277220395306,6.178335321743273e-09,2.5161856585551833e-08
8.225000000000001e-07,27.693417874251175,0.020394150939795495,-198.8979829185032,0.04269706568408814,27.642951549165204,0.02182927129105382,-197.76305382775877,0.04125198748614605,53.4545281596614,6.203613226054774e-09,2.5038812145003573e-08
8.25e-07,34.037098286251066,0.12919601526424976,-194.3102207161856,0.04457067134688398,34.15230683698994,0.12816149189591397,-194.68220906346647,0.0428092189593851,60.124756158133664,6.224594205928395e-09,2.4914713622530828e-08
8.275e-07,38.6513372116765,0.25796740157943254,-190.4819270700078,0.044340726908930886,38.498372697622685,0.25862645945795965,-191.50645432722405,0.044044782902239475,64.07748210039534,6.242529833161999e-09,2.4793696021285848e-08
8.3e-07,40.65593326424947,0.4116364884700344,-189.12028687569955,0.045357983573360065,40.657266483896876,0.40502185713310823,-188.25777185264351,0.04495698523226453,65.13405177540098,6.257630579453785e-09,2.4683589161352616e-08
8.325e-07,40.86109472451161,0.5592635365219842,-184.10981804025687,0.04470287986423568,40.783884954143325,0.5590987186023031,-184.95816536199192,0.04554757141043522,63.24671063996694,6.27005002894645e-09,2.45949537194701e-08
8.35e-07,39.188635427966545,0.7166659724164673,-181.2060741706849,0.04563963542436543,39.15977408301984,0.7132260200985835,-181.6294498407091,0.0458216141670517,58.50076221537155,6.279886261073322e-09,2.4539340900009658e-08
8.375e-07,36.07223281251182,0.8624029900709184,-178.72533827935897,0.04558380914596781,36.129055077524654,0.8608548282225449,-178.29304235601305,0.045787338048702275,51.11071256245644,6.287188973603818e-09,2.452732433537914e-08
8.4e-07,32.159574526761915,0.9850557579741375,-174.27040143868894,0.04635435252726901,32.03448108510772,0.9967397106819386,-174.96975588211498,0.045455906273597343,41.41057509616941,6.291970353981769e-09,2.4566805809908067e-08
8.425e-07,27.385405517895318,1.1192250983596748,-172.63526815482584,0.04484219209033514,27.165164267233248,1.1169207348209629,-171.67959807303873,0.04484119670407256,29.838773939858754,6.29421738896791e-09,2.466190097508456e-08
8.450000000000001e-07,21.97877216887366,1.2223797720583598,-168.7498002856715,0.04613822706077529,21.72491043521666,1.2185124631669593,-168.44157688477554,0.04395959048062964,16.9183281533203,6.2939034071256454e-09,2.4812471140371146e-08
8.475e-07,15.920409652229125,1.3017178018177447,-163.93146091072663,0.04425835108873484,15.825916834368282,1.2993791918672974,-165.2735148918767,0.04282978964498565,3.2332124623697034,6.290997139655927e-09,2.5014179470411416e-08
8.5e-07,9.647142723769045,1.3510932304587757,-162.78112952796747,0.04161730514792088,9.507597882891707,1.3577924724619304,-162.19187407003415,0.041472670236812836,-10.59803706888366,6.285468357667871e-09,2.5258868838197787e-08
8.525e-07,2.538757585338245,1.3894165801125469,-158.98675914439846,0.041994586552463194,2.775416478656961,1.3921648679074063,-159.2115927264048,0.03991116666634716,-23.950279459538557,6.277290044207617e-09,2.5535086214286542e-08
8.55e-07,-3.9982522546919745,1.406881379277235,-157.72160739605718,0.03713879209652074,-4.349293662701411,1.4009335312110378,-156.34593615412786,0.03817017357398676,-36.2200237606064,6.266437912411863e-09,2.5828677036096467e-08
8.575e-07,-11.874283034285746,1.3923472581748162,-152.2039997444431,0.036705465042553245,-11.779716275471294,1.3826325036606777,-153.60636246763363,0.0362764446228119,-46.852705471572065,6.252888723161949e-09,2.612348667780343e-08
8.6e-07,-19.231201881101722,1.3316771395105218,-150.18007704658012,0.03268190401083452,-19.32543411059767,1.3361501680155226,-151.00240494197624,0.034258464961063294,-55.36775159291212,6.236619163559103e-09,2.640228078645663e-08
8.625e-07,-26.630880826002763,1.26611174677808,-147.39239553505644,0.03372798571536088,-26.675041652755063,1.2611260445903563,-148.5415720337173,0.03214627594479522,-61.380301431260754,6.2176069615762465e-09,2.6647993235221207e-08
8.65e-07,-33.709020408127934,1.1429321330872861,-146.30874046978767,0.028991289901803018,-33.40492117831674,1.1584070501862707,-146.2292661041463,0.029971236816106264,-64.61860142630745,6.195835446626402e-09,2.684531669635576e-08
8.675000000000001e-07,-39.07217798812578,1.0234784238829313,-143.80358068796536,0.02586123620636614,-39.01473263981995,1.0304639549232075,-144.0687216992098,0.027765717316773034,-64.93628779285788,6.171302006393299e-09,2.6982486666133827e-08
8.7e-07,-42.92997544303022,0.882512364895611,-142.4306546422985,0.026798006774890935,-42.98509197684641,0.881667930979273,-142.06096406594014,0.02556272603568336,-62.319001830611576,6.1440299791134694e-09,2.7052930823759392e-08
8.725e-07,-44.90442407901846,0.7169268403698764,-140.4970810660563,0.024233371315926015,-44.848563288821964,0.718345299949395,-140.20478840394776,0.023395489717461432,-56.885038904714996,6.1140826300782815e-09,2.7056341598809638e-08
8.75e-07,-44.30518340852635,0.5487737041276457,-139.0307196428064,0.02028150242015935,-44.26226257874678,0.5485629036612407,-138.4967601643086,0.021297006941600614,-48.880001764652924,6.081577163148689e-09,2.6998756473125593e-08
8.775000000000001e-07,-41.056292157502405,0.3878163255796648,-136.80812489063945,0.018389134022618162,-41.06959018290498,0.3816410533638195,-136.931236518576,0.019299604058882244,-38.66569985928084,6.046696352207779e-09,2.689143176519283e-08
8.8e-07,-35.41741393753615,0.23026311337994598,-135.7295044114792,0.01723146355939129,-35.34003733102764,0.22743795820614382,-135.50040892938293,0.0174345212494325,-26.703796373685915,6.009695425693072e-09,2.6748634107532116e-08
8.825e-07,-27.681233035904263,0.08992481270440723,-133.81613582499634,0.014949657849707199,-27.37941749525605,0.0954905833857766,-134.19436656287755,0.015731552054273852,-13.534942104569874,5.970902308537989e-09,2.6584840013445e-08
8.85e-07,-17.54443713162265,-0.01006670044767926,-131.78696464283362,0.015105113427310541,-17.70766984048181,-0.005875305363103755,-133.00118009376098,0.014218751541423647,0.24566072454234503,5.930710153422318e-09,2.6412082548608776e-08
8.875e-07,-7.091092049159674,-0.06352152593058162,-131.72500863112353,0.014205582604202124,-7.00673493108319,-0.07034365835196556,-131.9070052676776,0.012922217865741789,14.015160248348542,5.889668445999859e-09,2.623819657263791e-08
8.900000000000001e-07,4.40366029894694,-0.09086428784144712,-129.81047918150924,0.008373491290570677,3.954024881633196,-0.09420365907594346,-130.89620540480257,0.011865941226434522,27.151206445661618,5.849305349578541e-09,2.6066458052435896e-08
8.925e-07,14.596802159649952,-0.08193932796805534,-130.3929578914649,0.011610546702686117,14.403668003116728,-0.07665990575564043,-129.95149185431555,0.0110717050273114,39.06007994308581,5.809322921886863e-09,2.5896667570547546e-08
8.95e-07,23.5496135756992,-0.024219568850665674,-129.44411726081873,0.01080209363604992,23.6537706774046,-0.019817773141126777,-129.0540812436023,0.010559018031427015,49.203526778621985,5.7694065551755806e-09,2.5727256853974966e-08
8.975e-07,31.30563383421956,0.0609817052814319,-128.3124815939121,0.010849604656945682,31.16817386162721,0.0716463412048067,-128.18386820999237,0.01034505451718217,57.123086254980414,5.729250114044492e-09,2.5557679094700838e-08
9.000000000000001e-07,36.475332766204644,0.1961706673575304,-128.26034438652258,0.011270272375748956,36.608322154062776,0.19107304852434445,-127.31961215802097,0.01044458217131404,62.4608123190467,5.6898737621917955e-09,2.5390295400743843e-08
9.025e-07,39.800032910752165,0.33145695563714705,-125.71139731660976,0.009061042337141195,39.848372945797415,0.3305723718239528,-126.43913645292747,0.010869864173144976,64.97545190833056,5.65187106263183e-09,2.5231194971900217e-08
9.05e-07,40.9269653298579,0.4950289188487584,-125.55836691766872,0.009800224933056963,40.959427356068375,0.4818258239440718,-125.51953834254668,0.011630531398925625,64.55334903998676,5.615362943632126e-09,2.5089780496606508e-08
9.075e-07,40.17718913766541,0.6385968636755454,-122.94853808372122,0.013679198367650585,40.167431049837376,0.6368222819050519,-124.53740779603612,0.012733431189383398,61.21358180240941,5.58036638945406e-09,2.4977351052047592e-08
9.1e-07,37.71857520735736,0.79110454885288,-122.60151673627306,0.013817607597741598,37.79359844551326,0.7884300666756261,-123.4690533599196,0.014182468786103932,55.107100069083394,5.546799924332278e-09,2.490517740244137e-08
9.125e-07,34.27559862468632,0.9343818129560122,-121.23144217984857,0.015284360277065189,34.1888766438751,0.930741835417701,-122.29073306057026,0.015978464635165883,46.509902908060525,5.514494345539271e-09,2.488261864442786e-08
9.15e-07,30.095470256473103,1.0617327825754796,-120.26744987155436,0.017725702097900038,29.674530511787125,1.0591726659161327,-120.97888832814661,0.0181190540332082,35.81056405261881,5.483206491432109e-09,2.491569626438135e-08
9.175e-07,24.700390773720894,1.1657266908842472,-120.46046236838288,0.022301931086083807,24.49931933701883,1.1703370930524013,-119.51037888065846,0.02059865449770103,23.49266925341402,5.452633720021514e-09,2.5006310194154254e-08
9.2e-07,18.976669077463786,1.2589433366538227,-119.1473982757427,0.024302829606458513,18.820259661088553,1.2617696760947388,-117.86271648864118,0.023408521005643532,10.112959303822285,5.422427077186301e-09,2.5152057604169375e-08
9.225000000000001e-07,12.877815946949916,1.3170879462279812,-115.61028637058546,0.027860062630262646,12.70927264496443,1.3315790257707414,-116.01429554103679,0.026536900808849455,-3.723833376055899,5.392201778880661e-09,2.5346477475835893e-08
9.25e-07,6.331153064797585,1.380365424864557,-113.64673415224522,0.02873813451116603,6.1829587806942925,1.378132688607516,-113.94461835139427,0.029969289369253815,-17.39231726762304,5.361544486026439e-09,2.5579520135080868e-08
9.275e-07,-0.663445757623613,1.3907742165742256,-111.2611092445385,0.03410330361980362,-0.7517490234687574,1.3998587379050313,-111.63451318021374,0.033688778755139426,-30.274708026226367,5.330017745955454e-09,2.5838110505263873e-08
9.3e-07,-8.234334059307871,1.393851217473993,-109.04184675562021,0.036932879900568885,-8.046411915626017,1.3952216928066512,-109.06634300398818,0.03767648115770604,-41.788750926651886,5.29716273697862e-09,2.6106787242727414e-08
9.325000000000001e-07,-15.490948901602236,1.3551374912655108,-106.34237391612393,0.04189029417842943,-15.56590723697068,1.3628908578932484,-106.22420313367468,0.041912004107289784,-51.41403745073656,5.262501936186164e-09,2.6368500080089317e-08
9.35e-07,-23.163803344907596,1.2970743894641064,-103.77908702725307,0.04729361600661717,-23.059755052227487,1.3020757895169484,-103.09410587445721,0.04637395081739946,-58.715526567260255,5.225543441454999e-09,2.6605686843315154e-08
9.375e-07,-30.186952882892502,1.2141687814710245,-100.00578234824603,0.050591786616773576,-30.157462032939154,1.212964513299996,-99.66415052392435,0.051040418293560944,-63.3632075958416,5.185788393650318e-09,2.6801702784372052e-08
9.4e-07,-36.42622929263101,1.0972887194175822,-95.6547690378049,0.0548491905557823,-36.39094903995026,1.09717274183769,-95.92467712631849,0.055889465971976256,-65.14701593815504,5.142742315512324e-09,2.694254098450974e-08
9.425e-07,-41.25972515661199,0.9584114609434622,-91.25051588993354,0.06026252268768836,-41.242033060147016,0.9581019731368196,-91.8684025352758,0.060899526620855335,-63.98632751939545,5.095930326420708e-09,2.701860207378569e-08
9.450000000000001e-07,-44.63514091285654,0.8034924088332914,-87.78454454989316,0.06733714955112731,-44.20811173187103,0.8011132218054247,-87.49053748529242,0.0660497267831596,-59.93360281285461,5.044915268127891e-09,2.7026114575140132e-08
9.475e-07,-44.67092818981667,0.6318870572850093,-82.61584672775437,0.07286818744401151,-44.87552708998085,0.6334499959075072,-82.78888353179252,0.07132007441720803,-53.1720157459962,4.989316961804611e-09,2.6967755965837314e-08
9.5e-07,-42.803914524554344,0.47218398706920023,-78.2213671472218,0.07733302749109724,-42.98823955653267,0.4638844568265692,-77.76390888969641,0.07669145630164306,-44.00717465607594,4.9288302706743466e-09,2.685213851991158e-08
9.525e-07,-38.343637167381246,0.30583751690725536,-72.96253697063096,0.08130523743897049,-38.49977487153034,0.3021074828046848,-72.41880237937679,0.08214536947222632,-32.8533094892623,4.863239478519146e-09,2.6692103639330643e-08
9.55e-07,-31.562318507717688,0.14138499085499337,-65.7124890335608,0.08908553285426532,-31.59887921290387,0.15792835851656978,-66.75950487524403,0.08766329538281056,-20.214549550392018,4.792426758892644e-09,2.6502137940878598e-08
9.575e-07,-22.557536041526937,0.04752403461483049,-59.984606601543064,0.09425325582285553,-22.703512615664412,0.040385024166019814,-60.79471784433016,0.09322562294260647,-6.662138006447746,4.716373173446857e-09,2.6295549686182814e-08
9.600000000000001e-07,-12.321152975767232,-0.047691437620082267,-55.566377643253674,0.09685385081606963,-12.423000957328458,-0.04311510919668602,-54.53588875845373,0.0988100512837552,7.191387003698691,4.635151599309883e-09,2.6082184879290798e-08
9.625e-07,-1.4845648775939624,-0.09639075067627671,-47.677187781727234,0.10567122301741597,-1.4934457114836752,-0.08750438491801045,-47.99717336213911,0.10438947033881275,20.71987769822622,4.5496921557159575e-09,2.5867337275629412e-08
9.65e-07,9.143279224132588,-0.08845548374167962,-40.69876853675424,0.11204343612939009,9.304066564307806,-0.09051518305689105,-41.195374977685475,0.1099294370806743,33.311877106181704,4.460200058476169e-09,2.5652139200366903e-08
9.675e-07,19.2124415038582,-0.061799909806110546,-34.34720878436077,0.11701366161554612,19.23008533383817,-0.05282912311492925,-34.14986122692392,0.11538553237864022,44.398255530092726,4.366141184203837e-09,2.543523835913411e-08
9.7e-07,27.76492734557,0.018817918197879514,-27.5696990076516,0.12010047013694426,27.665159752159386,0.022099906027592542,-26.882458744479287,0.1207010664258755,53.47793391221214,4.267025363311675e-09,2.5215151235535226e-08
9.725e-07,34.21073005933187,0.12987784037719993,-20.451565162984732,0.12492552762009265,34.1683697115921,0.12851476407845064,-19.41732664810513,0.12580573714213028,60.140531466825024,4.162832602030575e-09,2.4992492706788575e-08
9.75e-07,38.34539193631616,0.25253218173638114,-11.202298770537041,0.1305787690305876,38.50792102964496,0.25903899459474583,-11.780809716183834,0.1306158541154741,64.0849139571996,4.054747519550238e-09,2.477137738393235e-08
9.775e-07,40.66158099497196,0.4066870681663961,-3.4872688309776008,0.13353691671088438,40.66051531144879,0.40546902508915905,-4.001272399160888,0.1350365543860471,65.13280427731515,3.942923737968277e-09,2.4559616345299816e-08
9.8e-07,40.942546316317845,0.55998460685473,3.5163511232470928,0.13885781526508653,40.78150826973163,0.5595568165404357,3.891085041023036,0.13896605395955464,63.23684017106358,3.827466701033258e-09,2.436775117236376e-08
9.825000000000001e-07,39.123014816555866,0.7111818014226258,11.191864365405674,0.13967321649810396,39.15272764847684,0.7136739679577547,11.864426813023421,0.14230149467297662,58.482714898366645,3.716899409672659e-09,2.4211726005051212e-08
9.85e-07,36.050703616479254,0.8579769776411248,19.623843312743787,0.1456928022421641,36.11838158642559,0.8612751885327854,19.885496705043046,0.14494552827577123,51.08530409497968,3.619859344926676e-09,2.410668282735122e-08
9.875e-07,31.90961317827682,1.0025870114050726,27.972964323384215,0.14617896303515696,32.02113358412577,0.9971189746386591,27.91984629532662,0.14681259036074706,41.37895388308803,3.5359158458277025e-09,2.4060475507626393e-08
9.9e-07,26.997494917852528,1.121933965751488,36.035687644552205,0.14912606662165526,27.149878956548584,1.1172489514317034,35.93207442287589,0.14783392149553068,29.80236918799303,3.4645668610793345e-09,2.4077138497195058e-08
9.925e-07,21.682230935364387,1.2220391913750492,45.162528210327004,0.14506086656891845,21.708149634122176,1.2187824036588621,43.88607597677392,0.14796072868126706,16.8787852745509,3.4052517743481004e-09,2.4156420624852767e-08
9.95e-07,16.009748902943628,1.2977562740192534,50.34726919938357,0.1474985152490172,15.807888936917195,1.2995853168768163,51.74529797878984,0.14716530505368838,3.192318704765158,3.3573621854450205e-09,2.429384301042719e-08
9.975e-07,9.575844730023594,1.353955183973686,58.95909928347082,0.14471698986243728,9.488346099527348,1.3579299917014913,59.47300086755088,0.145440302042381,-10.638433400606997,3.320249692678069e-09,2.448107827620737e-08
1e-06,2.8262567760252617,1.3893041761551388,65.84114483246952,0.1430219521577871,2.754954806891458,1.3922291476452633,67.03252284410549,0.14279659729079808,-23.98835254318138,3.293230618293007e-09,2.4706476142683116e-08
1.0025e-06,-4.588079764072456,1.4013144396351547,73.6489056193542,0.13784189673541322,-4.370828037714462,1.4009200209574209,74.38754510860419,0.13926030700890435,-36.25405277949113,3.27558846801081e-09,2.4955659186980656e-08
1.0050000000000001e-06,-11.771499023017551,1.377340813276982,82.33448024456767,0.13462264297807455,-11.80192839302481,1.3825372359145032,81.50235580634678,0.13486947511752087,-46.88115239154157,3.2665755534831607e-09,2.5212226176515797e-08
1.0075e-06,-19.255768997680384,1.334115444183789,87.92489918681814,0.13004053182062963,-19.34758570788483,1.3359707559189269,88.34211050873604,0.12967087177156947,-55.389330677964416,3.2654155101814004e-09,2.545867485093614e-08
1.01e-06,-26.687799172599767,1.2572386266498337,94.2753187792309,0.1216802138693747,-26.696037043901192,1.2608629861240288,94.87308708065817,0.12371719249498275,-61.394037355893545,3.271308353200605e-09,2.5677652745642768e-08
1.0125e-06,-33.10987182225672,1.161749352324436,100.7236004906193,0.1171569423933328,-33.42337366573769,1.1580650661199787,101.06293283025855,0.11706480425023806,-64.62387335800805,3.283439244206433e-09,2.585355064470678e-08
1.015e-06,-39.329125668396095,1.0362789821988132,105.7346384522195,0.10950724828507226,-39.029105437422416,1.0300530568699957,106.88090189966654,0.10977206435897684,-64.93285745231948,3.3009913803667695e-09,2.5974288937294953e-08
1.0175e-06,-42.93457732769037,0.8624693761828813,112.17329773073095,0.10343466683311923,-42.99389328904611,0.881203942227964,112.2980809353559,0.10189815670099486,-62.30702426141461,3.323162502762739e-09,2.6032968267906776e-08
1.02e-06,-44.95643279963971,0.711521603813694,118.20093753370047,0.09425663222497742,-44.850564273963684,0.7178496315533444,117.28760117385583,0.0935023482752307,-56.8650554657111,3.3491836300246277e-09,2.602894217649256e-08
1.0225e-06,-44.40007161888286,0.5571973536110497,121.24380115974763,0.08373942742434605,-44.25670143716066,0.5480615080908415,121.82483519159312,0.08464356004940078,-48.852915661775896,3.3783379244623763e-09,2.5967896569550388e-08
1.025e-06,-41.046910856553936,0.3811438350375138,125.31268821312392,0.075283253555648,-41.05632659275785,0.3811626170678791,125.88757669579763,0.07538015716342185,-38.63273532269797,3.409977232295584e-09,2.5860722583052317e-08
1.0275000000000001e-06,-35.525197545091025,0.21679978775488282,129.0620517098843,0.06437559240029422,-35.31962880129669,0.22701152818018405,129.45620187549443,0.06576988354747329,-26.666443325380587,3.4435338885207936e-09,2.572130813267841e-08
1.03e-06,-27.4880083761033,0.1002168723849967,131.81551820076476,0.05398071547917777,-27.35310167055885,0.09514292750942133,132.51381098644384,0.055869886412307716,-13.494888817261385,3.478525849149497e-09,2.556373950254403e-08
1.0325e-06,-17.401560806522102,-0.009779419938426116,135.23493342637042,0.048459380678374374,-17.677252216403563,-0.006122247749372169,135.04634901011246,0.0457367921437836,0.2866039334810241,3.51455404221053e-09,2.539965239032396e-08
1.035e-06,-6.910515195673834,-0.06681282465766215,136.76137530866723,0.03429731042223554,-6.974397126742675,-0.07047488095578759,137.042704402911,0.03542680545452615,14.055142839113373,3.5514026505269442e-09,2.5236483478427373e-08
1.0375e-06,3.876171389461478,-0.08923645415979348,137.92266909439672,0.025678148985270738,3.9859679438374584,-0.09421245420000715,138.49478513652866,0.024995809070998486,27.18842129620241,3.589850380299169e-09,2.507711690938196e-08
1.04e-06,14.213837062817419,-0.06575690226780548,139.699231140523,0.01572544168823985,14.433025257321036,-0.07654830630998043,139.39757142157515,0.014499443813002505,39.09284502690752,3.6288878714965104e-09,2.4920974320821495e-08
1.0425e-06,23.81407981411901,-0.010027282356559225,139.33873021160377,0.005304827906457611,23.678707526070163,-0.019596026325512862,139.7491447032944,0.00399315093583625,49.2303611885518,3.6675247979976183e-09,2.4766125999400114e-08
1.045e-06,31.26414011580642,0.06665517089752501,140.85162568275436,-0.00484469817972012,31.187385848509383,0.07196116710566572,139.55069271809649,-0.006467838105375022,57.14277713679952,3.7048188805186025e-09,2.4611683331160468e-08
1.0475e-06,36.675967282915884,0.19551798722730115,139.68050418975088,-0.015442237142064358,36.62112562675366,0.19145909501762545,138.80649060135764,-0.016828573756424336,62.47246968973867,3.741202972964166e-09,2.4459685155721165e-08
1.0500000000000001e-06,39.76321341646245,0.33219002491819205,137.83274016884184,-0.027956756504202932,39.85470294305822,0.3310053418460628,137.52385823858717,-0.02703452380935578,64.97854888128796,3.776719407317777e-09,2.431591658454417e-08
1.0525e-06,40.86406780368974,0.4862951951901555,136.03135629384306,-0.038530610817342936,40.959748716302,0.4822813042140196,135.71309425192788,-0.03703176453728587,64.54774563908443,3.810991208689858e-09,2.418949301525568e-08
1.055e-06,40.16484008694879,0.6363791134886521,133.41195279585594,-0.04693442977566423,40.16258317241077,0.6372777122088447,133.387387210282,-0.04676721101499576,61.19953128860715,3.843589153873704e-09,2.4091442641115726e-08
1.0575e-06,37.844435802823334,0.78847760127202,130.19159009617073,-0.056907766606357275,37.78460471454099,0.7888661123036426,130.5627048424726,-0.05618886350777628,55.085237493607956,3.87403934851734e-09,2.403278281175314e-08
1.06e-06,33.773289563903646,0.9347876030147033,126.78725792596815,-0.06670931659637708,34.1767544116928,0.93114303766761,127.25766221705629,-0.06524604433785192,46.481216409536394,3.901835616352579e-09,2.4022639031116755e-08
1.0625e-06,29.74369674646633,1.0528342180069907,123.62753437907783,-0.07347129164552546,29.660135927587504,1.059527381189204,123.49337002815348,-0.07388960277887813,35.77635019545101,3.92645447057247e-09,2.4066822053769975e-08
1.065e-06,24.56584029566766,1.1572383181199648,118.56742962382766,-0.0803685990529848,24.483253551429684,1.1706368590732095,119.29326429239686,-0.082072074999534,23.454474426031307,3.947370332254297e-09,2.4167046934552605e-08
1.0675e-06,19.15109361621636,1.25201636633831,113.72646500147502,-0.08860498823093661,18.80285049494588,1.2620082412554459,114.68291891640594,-0.08974780157555715,10.072509825441252,3.9640689694602e-09,2.4320754201760797e-08
1.07e-06,12.697981327621596,1.3277939254410422,108.77955681457844,-0.09559011843724237,12.69063097078388,1.3317513273409554,109.68984273574304,-0.09687302512676015,-3.7647092811271214,3.976057780773986e-09,2.452135595080459e-08
1.0725000000000001e-06,6.3279576691084936,1.3808000789482313,105.50909949104647,-0.10256133154697417,6.163094341979247,1.3782340591421294,104.34326275386447,-0.10340601245855095,-17.431772101564647,3.982872405847957e-09,2.475870612277869e-08
1.075e-06,-0.7897536531146976,1.4104644009314282,98.9126108334896,-0.10878915868673243,-0.7727791880593498,1.3998845584734374,98.67389542207772,-0.1093072652298185,-30.310958520392873,3.984080044647683e-09,2.501966402201659e-08
1.0775e-06,-8.175222457490543,1.4076672428369117,93.23830970087583,-0.11469987916121395,-8.068355760945712,1.395167608409604,92.71370789794969,-0.11453989569455741,-41.82015864126023,3.9792806332033265e-09,2.5288733577667933e-08
1.08e-06,-15.354739313814735,1.3598582963060113,86.24289599813218,-0.12007420664146141,-15.588204253024,1.3627535441419674,86.49567129921996,-0.11907024411940546,-51.43918282861067,3.968107510166363e-09,2.5548860900892273e-08
1.0825e-06,-22.74868710615622,1.3157395428677727,79.14361654839136,-0.12122027989310204,-23.08148450358092,1.301854134064009,80.05350803231487,-0.12286879727267368,-58.73327309458452,3.9502293220118685e-09,2.578251159991161e-08
1.085e-06,-30.511567287113458,1.22201955293513,73.35304983763301,-0.12462539946898753,-30.17736901582759,1.2126609743032981,73.42143531857258,-0.1259114301238045,-63.372753169995136,3.925354632300499e-09,2.597310022128756e-08
1.0875e-06,-36.14669419890143,1.096690481275797,66.374717527685,-0.1276658817407725,-36.40754996033099,1.0967945882218797,66.63390706688882,-0.12818093649804607,-65.14792912092426,3.893240073554731e-09,2.6106710089212637e-08
1.09e-06,-41.20189732574424,0.9560588816820242,60.1145662394712,-0.12994391480541342,-41.25378704970732,0.9576621090413802,59.72535624847542,-0.12966874493109137,-63.97856703699893,3.853702025851642e-09,2.617386126102236e-08
1.0925000000000001e-06,-44.231022353067544,0.8109220122125118,52.24944841145655,-0.1306952371310899,-44.213631600064105,0.800630351862072,52.729939917771645,-0.1303766448505464,-59.91751942142304,3.806630885249718e-09,2.6170927574412647e-08
1.095e-06,-44.892935015458896,0.6305933090171983,45.04116487451017,-0.13127477188523395,-44.8737950189504,0.6329479900811327,45.68128899338398,-0.1303182909780006,-53.1483363781959,3.752006173777766e-09,2.6100752968910255e-08
1.0975e-06,-42.817098960447574,0.46791610011064005,39.95549611386755,-0.13123997049079333,-42.97879044208454,0.46339090594605015,38.61226486451965,-0.1295202267557614,-43.97696956540715,3.6899102001261816e-09,2.597213176082866e-08
1.1e-06,-38.486340669899704,0.3116808738480921,31.604464615830867,-0.12926280050308459,-38.482814474663456,0.30165157542082577,31.554724822241237,-0.1280221835271453,-32.81794387703663,3.6205378195937577e-09,2.579809761018814e-08
1.1025e-06,-31.403199744666683,0.16426469361192034,23.91133103360298,-0.12454541226311422,-31.575314419947095,0.15753833164941,24.539298231513314,-0.12587647702257707,-20.175621861743952,3.5442001094944463e-09,2.5593335564156346e-08
1.105e-06,-22.7771568564111,0.04113104404332208,18.338145187501098,-0.12335626877615925,-22.674885368043515,0.04008552302144098,17.595175260283003,-0.12314643310912768,-6.621407684254131,3.461320442347902e-09,2.537135653185101e-08
1.1075e-06,-12.13852478122202,-0.043742869782073555,9.01264462951867,-0.11991701164835242,-12.391333320374246,-0.0433053993877477,10.74990986658321,-0.11990391709978007,7.232079041629889,3.3724224025031273e-09,2.514221357486465e-08
1.11e-06,-1.2780347797818787,-0.0870718776712846,1.9806360264197576,-0.11581446681595652,-1.4610183211150254,-0.08757450370691522,4.0292386149239015,-0.11622619085789943,20.75869226444851,3.2788936058680473e-09,2.491141351216397e-08
1.1125e-06,9.621583061575402,-0.0780835000161057,-2.9288397280287155,-0.11240418979156623,9.334969397371836,-0.09046281196806194,-2.5430832498039067,-0.11219244645961017,33.34705987069426,3.181385901640098e-09,2.4680309424281635e-08
1.1150000000000001e-06,19.200345040446468,-0.07451512958786281,-10.545996401415586,-0.10781235022888495,19.257425204770513,-0.05266053836849464,-8.94542719776091,-0.10788042989018372,44.42821631206132,3.0853417639774864e-09,2.445066197188589e-08
1.1175e-06,27.92445557098632,0.006305772777929184,-15.062581607586218,-0.10397264334537228,27.687350990036762,0.02237081594284343,-15.158417171501444,-0.10336355013062637,53.50131855252149,2.9989255192136317e-09,2.4225572288968242e-08
1.12e-06,34.10254627239147,0.13194453916368568,-21.481715010765946,-0.10149893912080472,34.18441360474907,0.1288682466764264,-21.165034772719952,-0.09870876878627013,60.156283032987005,2.921697711386027e-09,2.4005609346532135e-08
1.1225e-06,38.524175705299605,0.2575028185238836,-26.952725995701204,-0.0946176650238692,38.517450199812295,0.259451668195295,-26.95070312841809,-0.09397541066339146,64.09232051429473,2.854383599355477e-09,2.3794821446566558e-08
1.125e-06,40.77828011446256,0.4070706905627276,-30.82723935985875,-0.09037675140365886,40.66374636787172,0.4059162592589202,-32.50334887507208,-0.08921487040679077,65.13153106582966,2.7966503476953916e-09,2.360092962240982e-08
1.1275e-06,41.04534107418431,0.5650715228045788,-37.243866508224485,-0.08438920902321177,40.779116314228936,0.5600149139823257,-37.81344189226722,-0.08447105673458713,63.22694473725696,2.7480881915424927e-09,2.3434359173737762e-08
1.13e-06,39.11538818431943,0.7006630134378651,-43.83009364035976,-0.0812900021650742,39.145668985517354,0.7141218582131326,-42.87401261279214,-0.07978133918136228,58.46464449331291,2.7082152288113266e-09,2.330649793524553e-08
1.1325e-06,36.21858240330021,0.8719350674563272,-47.86529621484261,-0.07333250170697143,36.10769888739837,0.8616954456502881,-47.68064693263139,-0.07517774587895351,51.059875459835055,2.676488084445615e-09,2.3227730174728753e-08
1.135e-06,32.23241182779198,0.9887310025503288,-50.642841341552135,-0.06933724335218236,32.00777941245786,0.9974981011352315,-52.23145893991229,-0.07068819134048565,41.34731633425241,2.6523164217754526e-09,2.3205746891767478e-08
1.1375000000000001e-06,27.16138581558601,1.1073013239280542,-55.89540038332066,-0.06774339653535723,27.13458875072539,1.1175770057375591,-56.52704187494473,-0.06633757005746832,29.765952670624753,2.6350789594600424e-09,2.324443727617741e-08
1.14e-06,21.32830120427767,1.2282600543210294,-60.21522604974665,-0.0624749866218344,21.691384897764237,1.2190521635250693,-60.570397922331345,-0.062148616022538586,16.839235732303482,2.624138758788739e-09,2.3343426054420652e-08
1.1425e-06,15.75410097972166,1.2977015986876408,-62.355933865654855,-0.059301987791431095,15.789857416643093,1.299791246414968,-64.36684761907551,-0.058142486934615704,3.1514236868828194,2.6188560386841628e-09,2.3498134220178276e-08
1.145e-06,9.458394248625591,1.3636128509860412,-67.83250223883034,-0.05558800292949979,9.469090703365124,1.358067301731076,-67.92391983805679,-0.05433907810231413,-10.678825532446222,2.6185975494216197e-09,2.3700160247489175e-08
1.1475e-06,2.9483611409376707,1.3959086696261311,-70.89865737013324,-0.05166935319504127,2.734489671951394,1.3922932045045064,-71.25122347266158,-0.05075710303788051,-24.026416156603386,2.6227424366791673e-09,2.393780707320841e-08
1.15e-06,-4.267695864365166,1.3963363197355199,-74.54264889424074,-0.048370312642052375,-4.392365146742277,1.400906274863739,-74.3603021042899,-0.047413996309372416,-36.28806748585152,2.6306853801853387e-09,2.4196678959070675e-08
1.1525e-06,-11.846799359944468,1.382142214115016,-77.1549040264801,-0.04539308384194713,-11.824141597760839,1.3824417223533307,-77.26447307854313,-0.04432570145182626,-46.90958080357328,2.6418384322492032e-09,2.4460385939064148e-08
1.155e-06,-19.57841361786843,1.3307079652415972,-80.51185133429954,-0.04118452702010991,-19.369735673141488,1.3357910945347191,-79.978652546897,-0.04150640496493382,-55.41088789618519,2.6556332881211964e-09,2.4711467837559306e-08
1.1575e-06,-26.74048185955392,1.2624534892736703,-83.49435242596246,-0.039304011946351976,-26.71702708808059,1.260599685445346,-82.51916814744038,-0.038968268925262846,-61.40774904313206,2.671525633007689e-09,2.493264630272275e-08
1.1600000000000001e-06,-33.36414951521426,1.1536160760858152,-85.19577908499498,-0.03763394315499753,-33.44181640836634,1.1577228611618753,-84.9035610997996,-0.0367212017135578,-64.629119777227,2.6890027443405255e-09,2.5108419041229785e-08
1.1625e-06,-39.20161469042949,1.037080368534961,-86.68023857740073,-0.033883847467898805,-39.04346391847622,1.029641975954917,-87.15037957481877,-0.0347726909709634,-64.92940147731723,2.707594768831825e-09,2.5226845987622402e-08
1.165e-06,-43.18174981465837,0.8660784365550029,-88.49896680912597,-0.03292380357159698,-43.00267616565168,0.8807398258608324,-89.27896526819045,-0.03312770728952053,-62.29502209439096,2.726889184190287e-09,2.5281198328599163e-08
1.1675e-06,-45.052150474210194,0.7258379385523231,-90.46411745199427,-0.03178520486472975,-44.8525437980978,0.7173539061321372,-91.30923515846537,-0.031788673314443974,-56.84504957728297,2.7465470677088182e-09,2.5271027925767042e-08
1.17e-06,-44.351590964788485,0.5552574678411197,-94.98060314591689,-0.031797988208375566,-44.25111744773345,0.5475601371536714,-93.26146046328496,-0.030755482572537032,-48.82581027254144,2.7663190998459394e-09,2.520224232265827e-08
1.1725e-06,-40.80093366527116,0.37965078727768625,-93.43267349622766,-0.029063501142776074,-41.04304075789477,0.3806842918363946,-95.15604482303037,-0.03002554659772628,-38.59975553452301,2.786058869784787e-09,2.5085972741915078e-08
1.175e-06,-34.95065868020328,0.23200862083152282,-95.19766486618467,-0.031055467275868172,-35.29920071025752,0.2265852928599208,-97.01330373825665,-0.029593848254572782,-26.6290797495866,2.805731103321177e-09,2.4936361487110352e-08
1.1775e-06,-27.341920265414824,0.0906886384736388,-99.98243140589655,-0.02845711881780162,-27.326770852411272,0.09479553935447987,-98.85324726634705,-0.02945298323499488,-13.454830202385418,2.8254129097177445e-09,2.4767761090418623e-08
1.18e-06,-17.38385302772679,0.002474227635966774,-100.31261104852517,-0.03056291569722341,-17.64682559137201,-0.006368867053102315,-100.69536794401806,-0.02959317945183715,0.32754702927300905,2.845286976328332e-09,2.459208506271332e-08
1.1825000000000001e-06,-6.728509834990402,-0.07533390930098925,-103.25206680343645,-0.028983809422650896,-6.942057080865332,-0.07060574800901238,-102.55843584598287,-0.030002293832486326,14.095119881131307,2.865741926147119e-09,2.441706095806041e-08
1.185e-06,3.7822891950994495,-0.09926017087143671,-104.50558033651211,-0.02892143131089833,4.017906477991119,-0.09422088692044016,-104.46030261682029,-0.030665795881424603,27.22562541318505,2.888163390371757e-09,2.4245879047049605e-08
1.1875e-06,14.419496780731196,-0.06061368009953681,-106.10676498326764,-0.03214761312328669,14.462371944636654,-0.07643636308090293,-106.41771622355608,-0.031566755417930886,39.125594677493105,2.9121644999885475e-09,2.407828382906027e-08
1.19e-06,23.477905664768176,-0.021052676060004053,-109.25458373244011,-0.031300130568747746,23.703629113609725,-0.019373976901529106,-108.4461480714682,-0.03268585654392768,49.25717616311467,2.9373816762002963e-09,2.3912684721498226e-08
1.1925e-06,31.05131751174568,0.06888454818464106,-109.85195559942869,-0.03310464878099636,31.206579622733486,0.07227623707689326,-110.55963400621813,-0.03400146023138572,57.16244545955519,2.963498744692929e-09,2.374854555604765e-08
1.195e-06,36.71594616828244,0.18131728043766593,-112.22895819828189,-0.03537319373057486,36.63390980908788,0.19184531631561036,-112.77063059255903,-0.03548973380500369,62.48410239728952,2.991574790941598e-09,2.3588265804053067e-08
1.1975e-06,40.191904767671126,0.3279302779032218,-115.27936733939303,-0.038432461809149686,39.86101430472642,0.331438413745182,-115.08988791494562,-0.03712485771483383,64.98162020174334,3.0222575939967027e-09,2.343799310221036e-08
1.2e-06,41.4626437884065,0.4703213202300832,-117.4862060539706,-0.036366338943881124,40.96005345467124,0.4827368162446231,-117.5263399895476,-0.03798885158878327,64.54211675575434,3.055764391514937e-09,2.3307201088603365e-08
