time,v_coil,i_coil,v_bias,i_bias,v_coil_clean,i_coil_clean,v_bias_clean,i_bias_clean,v_coil_src,density_state,heating_state
0.0,0.8733378873028368,0.026083966844400355,3.4167025249863547,0.013474724957510465,2.0517296111411185,0.0044049585947536435,3.265696455510325,0.0135618334542723,0.0,0.0,0.0
2.5e-09,46.40190502792859,0.1470403937383465,5.685626624703286,0.013151392155864895,46.12771296840932,0.10602604109811913,6.091624999134698,0.013356199681303521,46.80747574635249,5.413494480319911e-13,2.629289263598544e-12
5e-09,87.94765732942382,0.35302732149511046,8.388384007730169,0.012904664292995345,88.03253616230391,0.35319465982896914,8.737747007830782,0.012842180613247288,91.49936018365753,1.9519997004726545e-12,7.578845262351405e-12
7.500000000000001e-09,125.20339144982846,0.7535140792223568,10.645346690637803,0.012394884262395846,125.41161739970121,0.7334564349463994,11.18589612458931,0.012193511118437052,132.05568191219953,4.799543540777234e-12,1.5849044965283204e-11
1e-08,155.87355935282002,1.2152022165346812,13.80981333814783,0.011314240927836965,156.2126803886611,1.2269817155713492,13.418694873255017,0.011400868090196154,166.6433875487799,9.596691973062171e-12,3.075369652626281e-11
1.25e-08,178.57324859781264,1.810728128622025,15.07986917817583,0.010403421684072984,178.84336716421183,1.8079342095875155,15.419693964014083,0.010459208634499437,193.6991915652244,1.677119514726151e-11,5.852647423729374e-11
1.5000000000000002e-08,191.2446308538729,2.45911650208837,17.552415858681066,0.009169141085113254,192.2789979889233,2.4462697189569735,17.17350524154137,0.009368343797572187,212.00023323418566,2.6641449622894448e-11,1.0806364275390039e-10
1.75e-08,196.74280347285287,3.1654493157229378,19.196954796757876,0.007860222469522272,196.1092106214693,3.1097708929040557,18.66592714704388,0.008133094539761975,220.71934714919783,3.939954882389244e-11,1.8982442521824947e-10
2e-08,190.7890725128502,3.7408374013191943,20.194409487486897,0.0069432332781186115,190.52131267865303,3.766105051809062,19.884061626229155,0.0067630281139765495,219.4624492173448,5.510273379507984e-11,3.141222087408429e-10
2.25e-08,175.5371340302943,4.3335653383069355,21.238315960556253,0.005223453156794539,176.2273905777973,4.384704524977358,20.8164214853191,0.0052718327559285886,208.28634836281208,7.367332536223861e-11,4.891833209698231e-10
2.5e-08,153.86105373588424,4.971717746628559,21.09004136982182,0.0036339331132628403,154.34998544501235,4.938309624460285,21.453027276016538,0.0036764376816111844,187.69617889288452,9.490639495849418e-11,7.193905132818225e-10
2.75e-08,126.46482606722788,5.387802074643763,21.53015568015128,0.0019332666233503955,126.28618543736886,5.404075668820443,21.78549287713879,0.0019960154618039135,158.62256957759968,1.1848377579912353e-10,1.004064621696002e-09
3.0000000000000004e-08,92.88744603516707,5.549427184859847,22.285094669333862,0.0002746283248292108,93.5715014143273,5.764216374699387,21.807099034708454,0.00025100995246650455,122.37958134866362,1.439926131638663e-10,1.3369997259437516e-09
3.25e-08,56.611578845611355,5.993892625482362,21.40665923576995,-0.0014666137200928223,57.76272334493147,6.0062240936593945,21.512854222828434,-0.0015376855623221502,80.60531473784918,1.709465413841689e-10,1.7068008889264784e-09
3.5e-08,20.91841793041986,5.985164034670981,20.941449390333002,-0.003104078375864747,20.353585863893297,6.122761268662037,20.89954229379126,-0.003349314793033401,35.18787146340712,1.9880774403825005e-10,2.0979249387914385e-09
3.75e-08,-17.353777638045543,6.060957808989463,19.992507770866702,-0.004810997837434452,-17.270447994758147,6.111348467402508,19.965756496669332,-0.00516357715006482,-11.819983467823823,2.2700854385340184e-10,2.492224516906489e-09
4e-08,-54.393986681490325,5.990920028932901,18.40559831014076,-0.007097461593822141,-53.84022678418513,5.9739781362784985,18.71191955813743,-0.006960703146866406,-58.293602063963334,2.549716854869494e-10,2.8707532585323494e-09
4.2500000000000003e-08,-88.73332436893199,5.718102846643506,16.771937279198497,-0.008810871422829311,-88.18316699327707,5.716760604508353,17.14028963650409,-0.00872136104965702,-102.13248259886063,2.821290058423341e-10,3.2155961287133696e-09
4.5e-08,-118.17493831677625,5.385576225758619,14.92547231352548,-0.010500434132106112,-119.19040074563738,5.349665517297578,15.25495207885302,-0.010426503830396549,-141.35520750664256,3.079386244420744e-10,3.5115238110673977e-09
4.75e-08,-145.7490743517125,4.759468054598235,12.841125292211967,-0.01213642441729416,-145.78764529134045,4.886367237623836,13.061797030791574,-0.01205727814404392,-174.18899894340828,3.3190104561068306e-10,3.747313629887078e-09
5e-08,-167.54316280727764,4.35848588688574,10.954885036908617,-0.013451751305669266,-166.92527649505595,4.344148293443742,10.56848306752918,-0.013595105539682406,-199.14984430862552,3.535745987232449e-10,3.916619499860001e-09
5.25e-08,-181.95818965469832,3.7695679487128646,7.931319516334119,-0.014850942194159599,-181.598508456792,3.7437720176637423,7.784387132832176,-0.015022012302222743,-215.10957023513194,3.7259045360234974e-10,4.018308575487718e-09
5.5e-08,-188.70845541283165,3.0550639480111688,4.664359864743116,-0.016594040301328803,-188.90164004310452,3.1092132769846277,4.720541187797197,-0.016321233863182353,-221.3468334561412,3.8866708298381855e-10,4.056220431310704e-09
5.75e-08,-188.1505550693345,2.3725865334256597,1.934476738262328,-0.017168233463768133,-188.11233771747015,2.4671398446860047,1.389556083354643,-0.017478061014986487,-217.57972387818634,4.0162358798919354e-10,4.038356648699192e-09
6.000000000000001e-08,-177.73347284290386,1.7527097506420761,-2.182554103369846,-0.018394643959239183,-178.79439704976372,1.8460668686564479,-2.194466722019376,-0.018480837967677598,-203.97850627535036,4.113908622692045e-10,3.97558083771933e-09
6.25e-08,-160.27535533210352,1.2061044240513052,-6.2781439173322635,-0.019114924519491525,-160.90180563483588,1.2751583389088077,-6.016034875668833,-0.019321976279765566,-181.157924709222,4.1872249043427996e-10,3.883529684517477e-09
6.5e-08,-134.9449869079962,0.7105486787566188,-10.123364193589127,-0.020107874305685208,-134.86432706660162,0.7827135868475891,-10.058375455474227,-0.01999882224239967,-150.14941749726825,4.243113800195605e-10,3.776352875363076e-09
6.75e-08,-101.91076815676638,0.35309174872933374,-13.537367258737136,-0.021053763068942473,-101.63581153231911,0.39444214236471864,-14.303554997230254,-0.020514214449311553,-112.35449854978093,4.285176511028299e-10,3.663934861907933e-09
7e-08,-62.49796618442543,-0.057611077771609426,-18.445351621074288,-0.021091444115090355,-62.69094201110327,0.13168465679314625,-18.73260823485861,-0.020876595865343447,-69.48141213279868,4.318035974032842e-10,3.553272169386921e-09
7.250000000000001e-08,-19.618287172597288,0.05314948176240903,-23.283191717211583,-0.021208041670270825,-19.963438591259997,0.009770601091349793,-23.325674491016514,-0.0210995993265995,-23.467924117468005,4.347154315448508e-10,3.4482675748534957e-09
7.5e-08,24.166997905469845,-0.03583876508690091,-28.411540397548425,-0.02121997220794657,24.272354182549314,0.03670811458770214,-28.06214059220186,-0.021201100578201404,23.606260624456635,4.378583349234757e-10,3.35030915598874e-09
7.75e-08,67.21029739433762,0.2266428709906331,-32.48222022095291,-0.021236304879764432,67.56560145294252,0.21237556025478288,-32.920789128696995,-0.021201816909808935,69.61349614470504,4.418661869326487e-10,3.259495112773497e-09
8e-08,107.21765062063191,0.501027667593317,-37.876383330808686,-0.02103115299571725,107.48045097669983,0.5283311364994089,-37.879950836094835,-0.021123606501465914,112.47436017006201,4.473680423651164e-10,3.1761904457791555e-09
8.25e-08,141.22352978840428,0.9343244171699064,-43.19637308338806,-0.020915052879070268,141.79176558837142,0.9682841648106186,-42.917659842089776,-0.020987677438517725,150.25163925364845,4.5495390036855665e-10,3.1024982377587144e-09
8.500000000000001e-08,168.88548617269376,1.4947540927631306,-47.83509003917417,-0.021100846110603446,168.66096100418753,1.5091907117440417,-48.01181049997135,-0.020812933534488796,181.2378864111023,4.6514248353560883e-10,3.04323381702002e-09
8.75e-08,186.45957762544165,2.093517783299931,-53.653119065834005,-0.020734373113564925,186.77054772673964,2.1228597977981174,-53.14031451901316,-0.02061466191140812,204.0325938359027,4.783535881965267e-10,3.0061091429555167e-09
9e-08,195.9885593067395,2.807787178668306,-58.05198735480463,-0.020219566688909747,195.40210089053207,2.7778966615392844,-58.28125710180212,-0.02040370936911988,217.60549266284744,4.948870959476389e-10,3.001035625420493e-09
9.25e-08,194.2373040641472,3.4126897585183964,-63.3648099865158,-0.01996246600483483,194.45084103494233,3.441775648244163,-63.41305080948651,-0.02018621348253117,221.34311877452762,5.14910020605269e-10,3.0386781836189858e-09
9.5e-08,184.6427946203821,4.132338233581116,-69.03191697281837,-0.01975814583657849,184.37936466017715,4.082832146834021,-68.51458589783694,-0.01996386686442934,215.07653998239314,5.384521107758555e-10,3.128577185441502e-09
9.75e-08,165.97020563777423,4.622845545492777,-73.72168076300623,-0.0199189046139922,166.12173292672716,4.671990264162652,-73.56537589971137,-0.019734615738354565,199.0889913769655,5.654096625678745e-10,3.2772490317387382e-09
1e-07,140.85616183802273,5.10536761110051,-78.11167934222375,-0.01964026072043037,140.95566010978715,5.184095149847225,-78.54569727269806,-0.019493639816773906,174.1030737467577,5.955564445365317e-10,3.486662346697992e-09
1.025e-07,110.5068052496692,5.724152474752269,-83.38454123341558,-0.019633415942782916,110.36387837995004,5.5987865074084775,-83.43672198399155,-0.019234436760201153,141.24809366821248,6.285601000747022e-10,3.75338056558964e-09
1.05e-07,75.81881408550522,5.788375326964887,-87.7980058757778,-0.018655720546720583,75.9054030222666,5.900920898751608,-88.22064196746636,-0.018949842402554637,102.00902142021773,6.640021340619094e-10,4.06850331498342e-09
1.075e-07,39.24929213065613,5.937627964921596,-93.23450704752604,-0.018228643489624607,39.11354870375307,6.080612759620813,-92.88078445988845,-0.018632853250056453,58.15937370922414,7.013996244138177e-10,4.418376543959675e-09
1.1e-07,1.056687351999769,6.041906167586812,-97.02215870559641,-0.018671429886982914,1.4309403233665372,6.133007284703017,-97.401717303607,-0.018277172182019935,11.681054752943783,7.402270888380302e-10,4.7859144511936545e-09
1.1250000000000001e-07,-36.37924188350394,6.179423675743603,-101.89730050049795,-0.01788158061484569,-35.816315166710204,6.05791590932729,-101.76934339119782,-0.017877461045865024,-35.32522127689749,7.79937403919059e-10,5.1523051793235354e-09
1.15e-07,-71.6243826155393,5.86186572385863,-105.64908413088916,-0.017431248527443845,-71.4111668307796,5.859435242091723,-105.97098352259167,-0.01742934353856759,-80.73487775116654,8.199812119468368e-10,5.49885628284447e-09
1.175e-07,-104.21059289154438,5.491754693522762,-110.45746569418975,-0.016951111429790913,-104.21725240295329,5.5456363102626245,-109.99544704639327,-0.016929248114816855,-122.49550160866033,8.598247478833494e-10,5.808759250264056e-09
1.2000000000000002e-07,-133.6941019791007,5.142011200736001,-114.13769981969651,-0.02100740135887885,-133.14581083236325,5.12836061360556,-113.83308976347635,-0.020929144075334635,-158.71960775250943,8.98966375547012e-10,6.0685937588332715e-09
1.225e-07,-156.83220784497772,4.592400256408518,-119.56755666050526,-0.018570389511549282,-157.13446519265182,4.623103453661591,-119.8510753477578,-0.01846588864442528,-187.7699490781859,9.36952271453474e-10,6.2694349924268284e-09
1.25e-07,-174.6623140863775,4.084538965220784,-122.88122029601656,-0.011366014510676035,-175.151423539691,4.048914998847695,-122.32511524366623,-0.01140351750680636,-208.33351631412665,9.73772193717052e-10,6.40937660391624e-09
1.275e-07,-186.2853755954425,3.405224600958877,-125.07707118803408,-0.010502110296909381,-186.23273990177424,3.428216054815192,-124.60443328425544,-0.010722314387987757,-219.4808830506888,1.0085769423362948e-09,6.487000623256098e-09
1.3e-07,-189.35195589499122,2.8027511770363827,-126.28638162457646,-0.010086543464911852,-189.55262681317586,2.786415891107588,-126.68649581402519,-0.009980767709964134,-220.70821369728338,1.0411472698986905e-09,6.508307619824552e-09
1.325e-07,-184.27507614393082,2.1918346327499267,-128.8071845034243,-0.009322833671202426,-184.51886092036642,2.151236572423143,-128.5703112263771,-0.009180631894172852,-211.96003570368512,1.0713681830280304e-09,6.482851615710666e-09
1.35e-07,-170.80298855115407,1.5710391905187906,-130.26282571002315,-0.00813687823377325,-170.87858751919237,1.551689826025207,-130.25641238863776,-0.0083260966616012,-193.63174679297452,1.0992385344526867e-09,6.422252279155286e-09
1.375e-07,-148.636869489561,1.0703229525920548,-131.84728740787497,-0.007082564758742178,-148.8156141189728,1.0167116048236362,-131.74682651020538,-0.007424376063204787,-166.55174388489434,1.1248763968908885e-09,6.3385015345983714e-09
1.4e-07,-118.86149661348641,0.4208125252717819,-133.14016960294856,-0.006917751251354761,-119.01944736491933,0.5735257440696708,-133.04503277939224,-0.006486086213244783,-131.9439814415858,1.1485188172707372e-09,6.242347366941488e-09
1.425e-07,-82.42738767312763,0.2798980724299597,-133.47654962223416,-0.005727727120730569,-82.70912780967775,0.24586939012991538,-134.15590819902215,-0.005525301875066739,-91.37265151321147,1.1705148450875034e-09,6.142061869072524e-09
1.4500000000000001e-07,-40.715542150339424,0.10895453591767573,-134.95206599287482,-0.005114228588942319,-41.60095430980308,0.05225766757185178,-135.08566215133982,-0.004559225570691309,-46.671485819424845,1.1913112752117813e-09,6.042853743584013e-09
1.475e-07,2.1082625380137294,0.018538281604556388,-136.46195367653644,-0.003578758170735245,2.182522602490415,0.004484432516388458,-135.84176031842242,-0.003607460567270575,0.1391247484016183,1.2114312751065276e-09,5.947062163940678e-09
1.5e-07,46.0127831457698,0.15841998938282306,-136.29626590294077,-0.0030544724568034366,46.25572380922162,0.10654527843064744,-136.43283867422122,-0.002690941140867714,46.94344719442957,1.2314468745940691e-09,5.855089788938435e-09
1.525e-07,87.78363385498555,0.42240627539421083,-137.41610817321913,-0.0016265559175958448,88.15055504825887,0.3541287000444627,-136.86860834782408,-0.0018306292369177019,91.62603273160485,1.25194705946832e-09,5.766842474023888e-09
1.55e-07,125.87136246732909,0.7020082343099527,-137.1095762199672,-0.0008031074670319059,125.51305858915333,0.7347570866639064,-137.1597522337896,-0.0010461263354070243,132.1673302493213,1.273503806976258e-09,5.683298031731161e-09
1.575e-07,156.35024515533684,1.203933744621113,-137.1804395307738,-0.0005219610256566875,156.29210357650405,1.2285808026974208,-137.3178142938126,-0.0003543659992611256,166.73496542449504,1.2966387332921432e-09,5.607774782042201e-09
1.6e-07,179.00912808908936,1.7791683997553338,-136.9659242571315,-5.882991292673561e-05,178.89687627135845,1.809748331092572,-137.35508255393842,0.00023145679430928816,193.76655986810098,1.3217930327387161e-09,5.546534871716882e-09
1.625e-07,191.84793164462167,2.417759157460592,-137.3470153967932,0.00028045420089624405,192.30447201243413,2.4482060071507,-137.284466852546,0.0007025973984768241,212.0403470703516,1.3493030684676881e-09,5.5085234285237205e-09
1.65e-07,196.77696779364084,3.1267806094122323,-137.0251083510697,0.0011977329461741438,196.106346323859,3.111733154465701,-137.11937243593013,0.001055044999826302,220.7303934646095,1.3793833695651038e-09,5.504265582772984e-09
1.675e-07,190.67693392716893,3.8608088113985923,-136.84628827016195,0.001018568613427728,190.4914866918799,3.767999666593365,-136.87357053018016,0.001289371294745746,219.44392874370143,1.4121179897515323e-09,5.544155106702879e-09
1.7000000000000001e-07,176.37245935587634,4.411713061623554,-136.2260839347294,0.0017251526603439555,176.17337425302134,4.386445558729753,-136.56106703991526,0.001410199780054546,208.23909818334565,1.4474603071552639e-09,5.63651169542127e-09
1.7250000000000002e-07,154.80640701229214,5.06959667735989,-136.36460643574713,0.001394783210340591,154.27556518449907,4.939822766828023,-136.195970536118,0.0014254020120261098,187.62233460810407,1.4852405214771826e-09,5.785823993600033e-09
1.75e-07,124.99347682888218,5.507492952046349,-135.83897343375585,0.0014721658537930286,126.19575114384654,5.405300809021935,-135.79236069672493,0.0013451586227288066,158.52546878101197,1.5251794502577531e-09,5.9915315333799095e-09
1.775e-07,93.50585014894318,5.710598147760956,-135.63877616064434,0.0010093197842503743,93.46966463246238,5.765108838395229,-135.36415835479036,0.0011810299753438765,122.26361277514647,1.5669068241785831e-09,6.247560444402612e-09
1.8e-07,57.24424600282543,5.885957542852039,-134.27380057686102,0.0006316293134694641,57.65401514448308,6.00675474966829,-134.92499829003717,0.000945163565300601,80.47571990282992,1.6099821713381663e-09,6.542661548972807e-09
1.825e-07,19.7347466235533,6.114894378682615,-134.40543264259858,0.0006184277190167043,20.24226486564519,6.122915842547297,-134.48810587062653,0.0006497265048536693,35.050507758302565,1.6539165503877065e-09,6.861450943555104e-09
1.85e-07,-17.382982013506254,6.091760990425458,-133.72980739708257,0.0006507578087786227,-17.380471065043285,6.111126450999445,-134.06617861330315,0.000306599213707598,-11.958907516361384,1.6981937831942073e-09,7.185953097063452e-09
1.875e-07,-53.42876983148374,6.074466930443287,-133.4157363335267,-0.00012449259030225548,-53.94536552338175,5.9733916526927215,-133.67127368205033,-7.268937556427382e-05,-58.42780740531181,1.7422903548162243e-09,7.49740430503064e-09
1.9e-07,-88.41621444653843,5.661477866855628,-133.10224920331163,-0.0002472284328411219,-88.2800736037941,5.7158334868692355,-133.31470228847374,-0.0004768538387729238,-102.25590345721687,1.7856936801471975e-09,7.778080611338652e-09
1.925e-07,-119.16217443535574,5.282612254280813,-133.0964035975725,-0.0008091456426092594,-119.27586634414902,5.34843270963354,-133.00693189184375,-0.0008946735274822404,-141.46226554027533,1.8279188742085907e-09,8.012949237558949e-09
1.95e-07,-145.96063501319702,4.913374530949347,-132.7580343759111,-0.0013582286136085615,-145.858535615663,4.88487445948291,-132.75749702364752,-0.001314856573979532,-174.2748553730007,1.868524421839356e-09,8.190986145241895e-09
1.9750000000000001e-07,-167.47537351867945,4.345386834194164,-132.50508923588123,-0.0019039505961079514,-166.9785433319289,4.342451761053241,-132.5749194813151,-0.0017260478147226896,-199.2106186190809,1.90712717646457e-09,8.30604235256885e-09
2e-07,-181.84161842281807,3.668488405167276,-132.38830675205568,-0.002189613251327271,-181.6312995530812,3.741937914705704,-132.46663854919655,-0.0021170481500218438,-215.14251556601906,1.943416927929208e-09,8.357176798399353e-09
2.025e-07,-188.9452815609439,3.169501026392642,-132.76051216009216,-0.002498283135696366,-188.91150751280622,3.1073166393333995,-132.43895181267152,-0.0024772642343554646,-221.35046075353043,1.9771704138665715e-09,8.348411730742222e-09
2.05e-07,-188.01217842659287,2.5046958564747173,-132.85048298557507,-0.0027615096430047927,-188.09752131601599,2.4652625741680647,-132.49696703429365,-0.0027973530028364327,-217.55386919649607,2.008264192993002e-09,8.287918695218153e-09
2.075e-07,-178.41622470743852,1.6965559451601897,-132.76903370751964,-0.0029367164164318645,-178.75413865402433,1.844294714427301,-132.64456545998445,-0.0030699757158591558,-203.9243381873142,2.0366853586441992e-09,8.186715409751486e-09
2.1e-07,-161.57691438835,1.3578762384820675,-132.36308858424397,-0.0031458033535018627,-160.83663872337883,1.2735768607698201,-132.88437681939672,-0.003290540538857494,-181.07789148906204,2.0625387544825995e-09,8.057041074361248e-09
2.125e-07,-133.94171496686226,0.7523717203096361,-133.41601139167383,-0.0033761655773384457,-134.77628249720237,0.7814033117325169,-133.21776617860132,-0.0034577982766623404,-150.04713646427624,2.086049249863888e-09,7.910661297612868e-09
2.15e-07,-102.02949852062717,0.31791006238019665,-133.98046467577697,-0.003484378636697271,-101.52848922374342,0.3934733074425014,-133.64483269615445,-0.0035741660737862147,-112.23459257372333,2.107557791465288e-09,7.757405301014661e-09
2.175e-07,-62.913343108691315,0.17108016107926366,-134.60275085220485,-0.0037055028799726,-62.56941606901873,0.13111206586965457,-134.16442022634251,-0.003645687579507669,-69.34930069073138,2.127510374703737e-09,7.604228762631651e-09
2.2e-07,-19.01444630444351,-0.011203916849419052,-134.58924694066755,-0.003287329581488461,-19.833988041165238,0.00962917875058338,-134.77413960692527,-0.003681589913675128,-23.329578345714395,2.1464397278683776e-09,7.455009596909509e-09
2.2250000000000001e-07,24.42824641936496,-0.026484828877194652,-135.2884541449407,-0.003887017559191515,24.4026697478765,0.037009710943526966,-135.47040236395986,-0.0036934590820294397,23.74458781206781,2.1649402855287956e-09,7.3111284148572785e-09
2.2500000000000002e-07,67.67746960579579,0.10323843762861397,-136.199549996892,-0.0036800179381613067,67.68947700779862,0.21310743971968515,-136.2484654642237,-0.003694115800972368,69.74555267430613,2.1836378290498823e-09,7.172694004692976e-09
2.275e-07,106.51804457888427,0.6168018658284689,-137.15233059858542,-0.0035471120506951844,107.59091917201275,0.5294563932669912,-137.10248664726225,-0.0036963225708002132,112.59417738724679,2.203155865742638e-09,7.0400994888320716e-09
2.3e-07,141.97705221909843,0.8617336712713382,-138.36803179174848,-0.003908075286953325,141.88275626888088,0.9697440748971848,-138.02558977505208,-0.0037114817490217144,150.35380169306057,2.2240812920739877e-09,6.915491755806004e-09
2.325e-07,168.9306585695656,1.3969478526750632,-138.79333910660597,-0.0037076381990828215,168.72776812098098,1.510908793021655,-139.00993954851853,-0.003748488199242934,181.31777656313506,2.2469320607133993e-09,6.803742644212966e-09
2.35e-07,186.63375327003237,2.1945082398913653,-139.80705946199626,-0.0037598310888360903,186.8101481228724,2.1247471432232605,-140.04682485747145,-0.0038128780297958073,204.0866008476182,2.272129412801786e-09,6.712629722627438e-09
2.375e-07,195.94493895891364,2.924537096761045,-141.37537544894343,-0.003967956617820602,195.41329158922827,2.7798579691225482,-141.12674995464474,-0.003906370666657396,217.63117554030634,2.299976765034935e-09,6.65213554499099e-09
2.4000000000000003e-07,194.50915439014162,3.4997607961709063,-141.7831465655196,-0.003844896080523901,194.43418870936412,3.443715315655207,-142.23953257612618,-0.004026842532218738,221.33931671015614,2.330646624806123e-09,6.632998827170699e-09
2.425e-07,184.00701713503696,4.087789769378048,-143.75704889105282,-0.004229797602436037,184.3369883196505,4.084659835725934,-143.37440807013581,-0.0041687069352312305,215.04342482084243,2.3641760524908286e-09,6.664834620654148e-09
2.45e-07,166.76092656680407,4.6844617568941676,-144.84264799548737,-0.004505476574957042,166.05696390777,4.673625460480593,-144.5201385443866,-0.0043236171678269,199.02805984812485,2.4004703244967563e-09,6.754234374113353e-09
2.475e-07,140.2321457947752,5.124877621582478,-145.95855479184095,-0.0048873171486739225,140.87263839602656,5.185470428703336,-145.66512599959168,-0.004481367849973689,174.0170798169706,2.4393136988042987e-09,6.903242659433392e-09
2.5e-07,110.71691714679251,5.5193232798665175,-146.36675727641978,-0.004656554248959649,110.26714873949916,5.599849421841579,-146.7975283834387,-0.004630850020515981,141.1409240672723,2.4803856486180937e-09,7.108500947271997e-09
2.525e-07,76.03953121122973,5.879421797706522,-148.42120435609058,-0.004649885509599511,75.79956795893281,5.901634614118039,-147.90537747581806,-0.004760921096238515,101.88551997002835,2.5232806722233993e-09,7.361190338550237e-09
2.55e-07,39.57893049078019,6.212132179297964,-149.03786219623672,-0.0045508515970425385,39.003019224998205,6.080955715266383,-148.97669750246482,-0.0048610798864994415,58.02512239408558,2.5675298217971915e-09,7.647742775703589e-09
2.575e-07,0.5495706305253961,6.1854446208906415,-150.5675562723926,-0.004469151668070978,1.319803155815218,6.132972256270605,-149.999623370568,-0.004921883512499154,11.542121426568615,2.6126223842231593e-09,7.951163489177402e-09
2.6e-07,-36.91629055437067,6.164030697822254,-151.45692638844884,-0.0042823986053089685,-35.924319814224106,6.057508855880878,-150.9625174263295,-0.0049350984353490664,-35.46255714454965,2.658026614118367e-09,8.252736533933199e-09
2.6250000000000003e-07,-71.8863157522255,5.885396210241246,-151.58656035136764,-0.005071983484471933,-71.51258499345374,5.8586742546042485,-151.85408365085095,-0.004893631507437412,-80.8644088916332,2.703208957566666e-09,8.533869449383158e-09
2.65e-07,-104.79900195179455,5.504641173841205,-152.96491645993453,-0.004835504305924663,-104.30881729075742,5.5445508488060185,-152.66347823693098,-0.004791329120696328,-122.61137350937338,2.747651701695178e-09,8.777856434691154e-09
2.675e-07,-133.55281187111558,5.132285537884666,-153.62813807030895,-0.004448078071469054,-133.22435505602542,5.126991057913947,-153.38041552511658,-0.004622755443571619,-158.8165832674309,2.7908693413118686e-09,8.971380852937346e-09
2.7e-07,-156.7777048770008,4.76763601083106,-153.80581065091224,-0.004149169726588263,-157.19689033392422,4.621500829709052,-153.99526832234196,-0.004383060324655875,-187.84364513488538,2.8324241024301368e-09,9.105620517313481e-09
2.725e-07,-174.49516586334178,4.1209653949951575,-154.27483768670234,-0.0041910126995992085,-175.19475946985196,4.04714061644446,-154.4991616802875,-0.004068023933649578,-208.3806020186683,2.8719409808326397e-09,9.176856273137633e-09
2.75e-07,-186.1525332628634,3.4101830133969084,-155.3368306554975,-0.003947309777203668,-186.25430559638852,3.4263407251412596,-154.88405927270745,-0.0036743231280582877,-219.49923023645613,2.9091223670761676e-09,9.186519724647369e-09
2.775e-07,-189.63939648817427,2.7035968429766166,-154.7720616768875,-0.003248332181682413,-189.55028064499848,2.7845184040925663,-155.14284158083763,-0.0032000118532659935,-220.69699311326156,2.94376190574404e-09,9.140659864982874e-09
2.8e-07,-184.49633953862886,2.202369238767979,-155.1964322207638,-0.0024227246408938994,-184.49130603836934,2.1494012028720086,-155.26937517296886,-0.002645154592604273,-211.9197544947193,2.97575677460662e-09,9.0488703634154e-09
2.825e-07,-170.66236135232882,1.5801239753696517,-155.40820070892835,-0.0021918388019522535,-170.82568122758315,1.550002790438708,-155.258572447652,-0.002012508171693789,-193.56422557797757,3.005117178419738e-09,8.922800518321916e-09
2.85e-07,-149.46717316576766,0.9992474221174455,-154.97376971286465,-0.0011476974405099027,-148.73862244934668,1.0152565815366688,-155.10644129903332,-0.0013081216261281055,-166.46003446901753,3.031971632763408e-09,8.774461443395503e-09
2.875e-07,-118.45333975119725,0.5558421491324628,-155.21701513945504,-0.0003027577568381676,-118.92118898402816,0.5723787634103891,-154.81012425669005,-0.000541721692583697,-131.8322288815778,3.056566637286253e-09,8.614610419830608e-09
2.9000000000000003e-07,-83.65682382561961,0.15459378256292688,-154.25183622180273,0.0005532774769611107,-82.59396480699635,0.24509356288900683,-154.36792675019947,0.00027322608620169726,-91.24590677028968,3.0792596336776928e-09,8.451520437179325e-09
2.925e-07,-41.4173720468958,0.052695479032776125,-153.52803791365295,0.0011606212445396888,-41.47460915596538,0.051898318069795106,-153.7793342496364,0.001119846941514791,-46.535477467334516,3.100504690737348e-09,8.290394877455651e-09
2.95e-07,2.5629973100690875,0.05357353073245504,-153.38254162104346,0.001753428359675124,2.3133181763551143,0.004565216325213772,-153.04501813634656,0.0019785856255873004,0.27824944187898926,3.120831088830109e-09,8.13356378244058e-09
2.975e-07,46.51305684057914,-0.016299253105677022,-151.65544964829476,0.002947797807239442,46.38371561111771,0.10706578799471124,-152.1668302627438,0.0028282806782750545,47.07940010997716,3.1408157841278245e-09,7.981418923961247e-09
3e-07,87.8452560386957,0.2792994826725886,-150.96591971288518,0.003974980837956338,88.26853427289808,0.35506390329782417,-151.14778626459304,0.003647474815500147,91.75266910704555,3.161051495752676e-09,7.83385469511027e-09
3.025e-07,125.70529706752515,0.7332036596002116,-150.16573344606994,0.004273588715787833,125.61444215305296,0.736058727656257,-149.9920377933067,0.004415812360916171,132.27892640887427,3.1821127548960617e-09,7.691836862098336e-09
3.05e-07,156.41833947500314,1.0826865068558367,-149.05382052457162,0.005033395075050442,156.37145521699068,1.2301806527984536,-148.70483393827644,0.005115358007270152,166.82647747588652,3.2045225860839274e-09,7.55866993007986e-09
3.075e-07,178.81174344997623,1.7775295607228156,-147.05113685580898,0.00563797027930021,178.95030489631995,1.8115629525414445,-147.29247220923608,0.005731680621065296,193.83385167500882,3.2287224992947636e-09,7.440598453577538e-09
3.1e-07,192.48179247876973,2.3742409339444848,-146.3287294626039,0.006208663509588685,192.32986201166597,2.4501425133931307,-145.76223954522231,0.006254579810331313,212.08037719634638,3.2550481505631446e-09,7.3465439529538675e-09
3.125e-07,196.06208135835195,3.107726367216565,-144.4364123092931,0.006604387652328792,196.1033997009088,3.113695351369775,-144.12234390897595,0.006678385834098309,220.74135263915755,3.2837124231355138e-09,7.2870001347600445e-09
3.15e-07,190.69927565893508,3.6637237893401773,-142.56756827492907,0.006915680644915517,190.46158467316064,3.7698939496754615,-142.38183711278455,0.0070018261814598325,219.4253216370704,3.3147968809552364e-09,7.272320708915453e-09
3.1750000000000003e-07,176.3353257087531,4.44434964939314,-140.6435317761709,0.006993854315461302,176.11929177376763,4.388186022884813,-140.55052960301308,0.007227514170466758,208.19176579438104,3.348251670452988e-09,7.310777099716253e-09
3.2e-07,154.00430892857153,5.000036450829829,-138.8428103193127,0.007389746123048413,154.20109103229632,4.941335140492539,-138.63889800516847,0.007361165810560252,187.54841625299755,3.3839031237304358e-09,7.406803105314438e-09
3.225e-07,125.47290972885173,5.525786549679925,-136.54323910975995,0.006836981350852515,126.10527640826588,5.406525025758437,-136.6579862986202,0.007410682578924635,158.4283054010795,3.4214676622021617e-09,7.559779346150812e-09
3.25e-07,93.18616587226846,5.723682256075314,-134.03813192928408,0.007207133912638295,93.36780101614107,5.766000270042963,-134.61930154944292,0.00738524482767498,122.14759593389037,3.4605701987651217e-09,7.763571883617875e-09
3.275e-07,57.68768919743778,6.00569961079527,-132.44984941097144,0.007313054871220839,57.54529313763467,6.007284310178326,-132.53470518072294,0.007294542749537605,80.34609329727138,3.5007651274055973e-09,8.006873131975457e-09
3.3e-07,20.060417868783663,6.1588322118434995,-130.74333374444996,0.007343658559158193,20.130942118568953,6.1230692997997735,-130.41630080160115,0.007148233064803389,34.91313021581235,3.5415581598358952e-09,8.274244782375771e-09
3.325e-07,-17.768306647584375,6.086726071152762,-128.6967071702108,0.006736124127413006,-17.490484859123956,6.110903335704849,-128.27631964895753,0.006955657402580913,-12.097826843711161,3.582427660047418e-09,8.547662554736965e-09
3.35e-07,-53.58830979638668,6.102278613314318,-126.05195868424609,0.007002096243063074,-54.0504848105791,5.972804123705574,-126.1270047186394,0.006725802577970309,-58.56198968028752,3.6228446449950516e-09,8.808320566407376e-09
3.375e-07,-88.59232566846218,5.681589343276043,-123.63245363260361,0.006761116318752174,-88.37695113720797,5.714905410813738,-123.98049467632302,0.006467433966598433,-102.37928394656151,3.6622911510835526e-09,9.038459495598111e-09
3.4000000000000003e-07,-119.63981426403258,5.322819080773823,-120.92441115556966,0.0065590816779558525,-119.36129352642988,5.347199062723683,-121.84870864132068,0.00618929994376168,-141.5692677268463,3.700277103357284e-09,9.223017698915548e-09
3.425e-07,-145.51617072957532,4.866142856636464,-119.31423331019101,0.005995636833364847,-145.92937837675603,4.883380992678348,-119.74323292989214,0.0059002939053489235,-174.36064300164045,3.736356082474344e-09,9.350948030226887e-09
3.4500000000000003e-07,-166.4809934942855,4.25553102303442,-117.76982407969054,0.00552138185363589,-167.03175382419596,4.340754720964771,-117.67521082792894,0.005609472684577864,-199.27131428433913,3.7701404178406605e-09,9.416083086700967e-09
3.475e-07,-181.72356912770724,3.6294143621424206,-115.50110954664065,0.00557626527464935,-181.6640263648868,3.740103513130244,-115.65523643640827,0.00532586378315116,-215.17537596204835,3.8013158450260275e-09,9.417466773968854e-09
3.5e-07,-189.43711409333352,3.0168884373001594,-113.94074723456218,0.00488373553466146,-188.92130434228037,3.105419935797109,-113.69325359698385,0.005058042354111027,-221.35400066526321,3.829655599723353e-09,9.359108292173301e-09
3.525e-07,-188.27470889460463,2.3930380904824986,-111.46977421334633,0.004767330224400398,-188.08263040995354,2.463385486801949,-111.79846085982231,0.004813513119362508,-217.52792862798356,3.855033364391428e-09,9.249166798104445e-09
3.55e-07,-178.68670514623363,1.8282458450778507,-109.95418151928972,0.0047031610521295515,-178.71380530066136,1.8425229982250884,-109.97922340169814,0.004597982063081334,-203.87008959317893,3.877434043936722e-09,9.098647268290489e-09
3.575e-07,-160.48279100019568,1.192584721306204,-108.91076094984658,0.004593322251283934,-160.77140057061197,1.2719960681173486,-108.24299273991375,0.004414638243326668,-180.997786782218,3.896961031001304e-09,8.919775374247549e-09
3.6e-07,-134.48142109698833,0.6818412727450651,-107.08162209826112,0.0038702656541990755,-134.6881750019803,0.7800939470161985,-106.59623501737204,0.004263580325504238,-149.94479619505057,3.913838517799819e-09,8.724302764360182e-09
3.625e-07,-101.74808071427273,0.42902889499002694,-105.18198823108247,0.0040651357943085895,-101.42111687944204,0.3925055696634914,-105.04436855672087,0.004141512166966123,-112.11464228922553,3.9284075714713204e-09,8.522045486928022e-09
3.65e-07,-62.93417770772698,0.1309472059400897,-103.82850826002505,0.0041899760245292066,-62.447857015266166,0.1305407062379358,-103.5917112976028,0.004041798085736712,-69.21716187065788,3.941115117688194e-09,8.319948777192526e-09
3.6750000000000003e-07,-19.596635752916953,-0.10514876570392583,-102.02217082958845,0.0035012123338607768,-19.70452429762292,0.00948905774082591,-102.24143864143652,0.003954916685396471,-23.19122336381351,3.952495627312697e-09,8.121885138586033e-09
3.7e-07,24.58895985893955,-0.09111233276654343,-100.91213718753798,0.004145984073512446,24.532977037089957,0.03731260745614371,-100.99555213362365,0.0038692909558236234,23.882905625690785,3.963146084872129e-09,7.929236928722195e-09
3.7250000000000003e-07,67.75972667491216,0.33133498481764845,-99.99123710589983,0.0036962237014476623,67.81332294928485,0.21384054528396232,-99.85485931446351,0.0037724122909593054,69.87758166946742,3.973695618870909e-09,7.742123223232483e-09
3.75e-07,107.18416829172139,0.5110898355532506,-99.21898258187831,0.0033700995372663812,107.7013382698837,0.5305827333413983,-98.818964968266,0.0036521274676362403,112.71395015403401,3.98477186727375e-09,7.560956181212114e-09
3.775e-07,142.34600850280785,1.006956108389146,-97.62578062521915,0.003304658638644907,141.97368176617346,0.9712048663981345,-97.8862738960664,0.003497929018256115,150.4559047751729,3.996966624713202e-09,7.38790935898194e-09
3.8e-07,169.03447178067708,1.5588133878846557,-97.30776059098623,0.003087774655791144,168.79449854781848,1.512627508839632,-97.05400523193595,0.0033020858940935637,181.3975951337816,4.010803491481556e-09,7.227886644300725e-09
3.825e-07,186.2994510118294,2.1027888935799304,-96.12301870239665,0.0028378780693177545,186.84966558324237,2.1266348484038557,-96.31821821706184,0.003060473620650312,204.1405272891757,4.026710085103018e-09,7.088700154824196e-09
3.85e-07,195.44963531442409,2.912126288326804,-95.37336006868604,0.0027780163083822793,195.42439849060074,2.7818193519602157,-95.673849240517,0.0027730075900071482,217.65677250042356,4.044996902747208e-09,6.980366644183248e-09
3.875e-07,194.70640471245517,3.5291640318944255,-95.44475642005591,0.003007590968777303,194.41745669671892,3.4456547815675336,-95.11475985188831,0.0024436421971538967,221.3354272645278,4.0658442059176805e-09,6.913656497089065e-09
3.9e-07,184.37944442196257,4.0708736661097635,-94.32837778392421,0.0019874700459670386,184.2945405252838,4.086487069234989,-94.63379534962438,0.002079962193574268,215.01022476355342,4.089297444556049e-09,6.898212819995725e-09
3.925e-07,165.82271505130066,4.76693081405699,-94.49546885972836,0.001549456278033332,165.9921346627931,4.675259982027936,-94.2228534510096,0.0016924501591513287,198.96704974615747,4.115270872486105e-09,6.9406516399810285e-09
3.9500000000000003e-07,140.68614608580566,5.048750509369695,-93.83022219291618,0.0009460809206679786,140.78956945693568,5.1868448554787125,-93.87296245596092,0.0012935558028422678,173.9310171879968,4.143558254804612e-09,7.043039800017788e-09
3.975e-07,109.79422997994534,5.587746765150376,-93.56459269557027,0.0007445659375240384,110.17038551508482,5.600911352571019,-93.57436822822328,0.0008967121572162125,141.0336987461293,4.1738490325431106e-09,7.2020405263513185e-09
4e-07,75.62629795019649,5.87734878902403,-93.36877636479791,0.00010666577318938717,75.6937126995549,5.902347260107189,-93.31662923481025,0.0005154379100658062,101.76197829704992,4.205748053326417e-09,7.408858083320632e-09
4.025e-07,38.88138312193983,6.07674725241241,-92.91652764655228,0.00045549838342238687,38.892482118617686,6.08129755972973,-93.08871880845909,0.0001626358641025667,57.890848171546104,4.23879701229256e-09,7.64995060310976e-09
4.05e-07,1.4214802616377094,6.224089779335731,-93.22076705457589,7.250163372723661e-05,1.2086698902030593,6.132936115454348,-92.87913372912399,-0.00014984929635236753,11.403183543547092,4.272496038534768e-09,7.908353555420164e-09
4.075e-07,-35.971282350378715,6.247470138300089,-92.58659943095071,-0.000964243649167868,-36.03230999418171,6.0571007260713365,-92.67600815976112,-0.0004114062082823778,-35.59987901214625,4.306324329889585e-09,8.16538559444907e-09
4.1e-07,-70.44593537883756,5.853484110929058,-92.11762880378016,-0.0005968797564440876,-71.61397882763917,5.857912261266895,-92.46723191940889,-0.0006126110339578033,-80.99390810811116,4.339759277243785e-09,8.40249284325514e-09
4.125e-07,-103.63274936643433,5.526532642935176,-92.2363490563818,-0.0006351709809365965,-104.40034839364067,5.543464484746992,-92.24057203333186,-0.0007450488485702769,-122.72719700505793,4.372294015902206e-09,8.603011118318432e-09
4.15e-07,-133.42692500299256,5.11981232694336,-91.7926514327413,-0.0010198602859110835,-133.3028562486103,5.125620734638875,-91.98379646616654,-0.0008011132630835292,-158.91349608408132,4.403453697105136e-09,8.753667042849168e-09
4.175e-07,-157.42351127161896,4.614460786575644,-91.7542141027055,-0.00037132785237966643,-157.25926343987237,4.619897604177848,-91.68479891991555,-0.0007738948462773088,-187.91726703388863,4.43281092070932e-09,8.845681624769007e-09
4.2e-07,-175.64346207911504,4.090740798144189,-91.45694159699894,-0.0006128443481708875,-175.23803492746183,4.045365827929515,-91.33172356450183,-0.0006572453236650341,-208.42760545784867,4.460000687683388e-09,8.875376920268591e-09
4.2250000000000003e-07,-186.38820236200618,3.3856677599718323,-91.35777334682466,-0.0003070732902196033,-186.275803566764,3.424465211023608,-90.91308856457216,-0.00044606238292510384,-219.51749076740353,4.4847349437603e-09,8.844221747275522e-09
4.25e-07,-189.04751403052583,2.7326225127341925,-90.9376869702187,-0.0005632665881840157,-189.5478615280165,2.7826209746549004,-90.41790727238278,-0.00013678719699030837,-220.68568540156204,4.5068163616794904e-09,8.758296363987742e-09
4.275e-07,-185.19465506540038,2.1455200739694043,-89.99544798974055,0.0003904360439886078,-184.4636759448846,2.1475661443566367,-89.83580597285683,0.0002719465155010842,-211.87938962319046,4.526150547297802e-09,8.627218083656609e-09
4.3e-07,-170.22517973286978,1.6172085827912135,-89.01500094778797,0.0005430277315044561,-170.7727012845,1.5483163188413447,-89.15713709318074,0.0007786167456571517,-193.49662794689002,4.542755464220278e-09,8.462651096874443e-09
4.325e-07,-148.07495068354012,1.0114890661600724,-88.54239207676773,0.0010600571199471454,-148.66156312332805,1.0138023603451998,-88.37308682534925,0.001378201138960417,-166.36825933735608,4.556766652830454e-09,8.27661232151548e-09
4.35e-07,-119.29842989610155,0.47899657035237075,-86.97427160211828,0.002056485011290043,-118.8228735910796,0.5712327925323081,-87.47577615560863,0.0020617810495202112,-131.720424276294,4.568436844263648e-09,8.079856370177246e-09
4.375e-07,-82.14012660090629,0.2885945472982201,-86.37926920879555,0.002812166223061454,-82.47875980545021,0.24431890745327797,-86.45835434937142,0.0028164715781608743,-91.11912600492965,4.5781288665289615e-09,7.880646633319756e-09
4.4e-07,-41.89465452560955,0.010263587979865499,-85.41964831713426,0.0038123141638417863,-41.348240587126035,0.051540243561750326,-85.31508400343381,0.0036257436416010356,-46.39945074377314,4.586301287596883e-09,7.684172178184555e-09
4.425e-07,2.2774214647866353,-0.06363361595585257,-84.12274140075938,0.004367917518699926,2.4441162691944065,0.004647310017266516,-84.04141684865891,0.004470146198592646,0.41737402550828046,4.593486970483871e-09,7.492746440211592e-09
4.4500000000000003e-07,46.869592461439865,0.13952055202963254,-82.8348612409216,0.005529256637234245,46.511688310943,0.10758756956184733,-82.63405956508477,0.0053283745480420825,47.21533443932434,4.600265523421696e-09,7.306744355118649e-09
4.475e-07,89.33027412533592,0.4741649495169663,-81.11906923915802,0.006201779237162531,88.38647377855474,0.3560002691488509,-81.0910289569883,0.0061785748106882935,91.87926925998593,4.6072313904813536e-09,7.12604442693286e-09
4.5000000000000003e-07,126.1952057435998,0.5754726615118351,-79.09600675369536,0.007077736829608624,125.71576804380373,0.7373613573010072,-79.4116959270336,0.006999735007181325,132.39047034680294,4.61495992321188e-09,6.9515974623965e-09
4.525e-07,155.8627027028008,1.335715632381083,-77.58589967396284,0.0073980083496932815,156.45073527609384,1.2317812651129891,-77.59681778546624,0.0077729965307220756,166.9179236668269,4.623974103944738e-09,6.7866927410149064e-09
4.55e-07,178.47579961717145,1.8516620243950899,-75.67063003382142,0.008507374959139955,179.0036530206565,1.8133780730858948,-75.64855853151852,0.008482729303762163,193.90106695938078,4.6347145988440364e-09,6.6375573060928155e-09
4.575e-07,192.47364210826402,2.4736339890434134,-73.66416696409689,0.00904386666337997,192.35516798412982,2.45207923680508,-73.5704968488943,0.009117248031161575,212.12032359636723,4.647515496662025e-09,6.513090636289014e-09
4.6e-07,196.37105374589697,3.030563949137357,-71.21007618520345,0.009819004742969845,196.10037076484997,3.1156574827597594,-71.36762166447099,0.009669100002850166,220.75222466851537,4.662587482752109e-09,6.423758062757981e-09
4.625e-07,191.0268787640419,3.7669803653795593,-69.19518383113592,0.010445165989494746,190.43160664692294,3.7717879002681847,-69.04631522825656,0.010134917911077658,219.40662790479732,4.680009397080849e-09,6.379877768311892e-09
4.65e-07,176.56624628792176,4.331794847000865,-66.36624734654255,0.011028219025024686,176.0651431733098,4.389925916760746,-66.6143237822049,0.010514893528403985,208.144351214605,4.699728249038028e-09,6.389678939443871e-09
4.675e-07,153.8016828360575,4.971607420938212,-64.1261492507267,0.010810026007218547,154.12656302689433,4.942846744901259,-64.08071599475912,0.010811979448560261,187.4744238567461,4.721566939189791e-09,6.457548076600928e-09
4.7e-07,125.56365228494566,5.503682848165722,-60.696499287678705,0.011147292964843653,126.0147612709781,5.407748318618248,-61.4558294459969,0.011030958056737707,158.33107947616142,4.745238284640071e-09,6.582815978533118e-09
4.7250000000000003e-07,93.15332007051306,5.817452194122816,-58.48951162684212,0.010805206416986233,93.26591060492672,5.766890669373153,-58.75120555403119,0.011177524580408611,122.03153087069886,4.770363544405689e-09,6.759299302822831e-09
4.75e-07,57.86333767399712,5.94985521206846,-56.39670164870262,0.011188340115776907,57.4365573614853,6.00781277505643,-55.979513435951404,0.011257513891203393,80.21643497234619,4.7964935328344254e-09,6.975644336239441e-09
4.775e-07,19.84551318310999,6.139687935691877,-53.119731431478066,0.011055685743741503,20.019617656664636,6.123221640412991,-53.15446329514296,0.011276362456361216,34.775738890172015,4.823130580460129e-09,7.216372312020664e-09
4.800000000000001e-07,-16.80578671730762,6.096944717216726,-50.182128619149694,0.011088178311244298,-17.600489345869253,6.110679121628452,-50.29071002044807,0.011238844889625631,-12.23674139503206,4.849749993440275e-09,7.463425875492194e-09
4.825e-07,-53.88878034802956,6.125908724442735,-47.28809607045327,0.01105637259856423,-54.15558461672758,5.972215549534256,-47.403747770472584,0.01114906862470921,-58.69614883591639,4.8758201802020374e-09,7.697974436843239e-09
4.85e-07,-89.07790708256442,5.743837622751287,-44.62422425308208,0.011030193787516645,-88.47379956565103,5.713976376660444,-44.509796397630396,0.011010660562522348,-102.50262401818759,4.900821145206235e-09,7.902242654896794e-09
4.875e-07,-119.67193862001264,5.285845066436812,-41.370213048047646,0.010853856774766383,-119.44668226520194,5.345964576984085,-41.62568064052905,0.010827045067278707,-141.6762140241118,4.924261486513808e-09,8.061161329604718e-09
4.9e-07,-145.69287084262368,4.89736168628193,-39.49370718366331,0.0102728421784967,-146.00017354801787,4.8818868377201765,-38.768703079359234,0.01060169947615199,-174.44636179545873,4.9456942913766945e-09,8.163683571144136e-09
4.925e-07,-167.6134289249254,4.433566808998104,-36.41865253743317,0.010382982294230804,-167.08490794689195,4.339057173776499,-35.956511906480706,0.01033828348396225,-199.33193128043865,4.964732356671322e-09,8.203649074383109e-09
4.95e-07,-181.8032796625297,3.7130657981465105,-33.245764982359226,0.010026286285645591,-181.69668887071225,3.7382688136126814,-33.20696461287274,0.010040570226173199,-215.20815141024693,4.981062970128487e-09,8.180114487915189e-09
4.975e-07,-189.73855034117656,3.1848334998504244,-30.766118889219666,0.009240288390816002,-188.93103051599803,3.103523167109611,-30.537988730093886,0.009712153584299122,-221.35745318994213,4.994462122057046e-09,8.097106102408914e-09
5e-07,-187.88213796162984,2.4732849607127574,-28.08197704189893,0.009124873636261455,-188.06766499250008,2.4615085833525754,-27.96744079653593,0.00935595934907977,-217.50190218289006,5.004807561046717e-09,7.962803291209891e-09
5.025000000000001e-07,-178.69446081107557,1.8924290990722537,-25.839002129891192,0.008756569768083278,-178.6733969941983,1.8407517208095558,-25.51296473576692,0.008973637340946297,-203.81576051436005,5.0120896675976555e-09,7.788233464602672e-09
5.05e-07,-160.54408980954182,1.3270972503799365,-23.356075779248407,0.008722737708080639,-160.7060911941921,1.2704159616634114,-23.191850843480886,0.00856494791432782,-180.91761062031418,5.016418804393232e-09,7.585646608878754e-09
5.075e-07,-134.60326992921296,0.7274045599320927,-20.989803405772008,0.008076242778621193,-134.60000461236913,0.7787854933172069,-21.020896577899897,0.008127272250820335,-149.84239672999468,5.0180276990897295e-09,7.3668210148390725e-09
5.1e-07,-100.86648651648962,0.4329707187449115,-19.103037060108136,0.007884806668139264,-101.3136945438016,0.3915389295085298,-19.01627033642264,0.0076553678697340736,-111.99464774364387,5.0172675763969964e-09,7.14160300043054e-09
5.125e-07,-61.67875892498586,0.09440462478606215,-17.28748014350989,0.006922762106796364,-62.326264904822295,0.12997057820318864,-17.193379378962327,0.0071414595522658435,-69.08499572474581,5.01459718482594e-09,6.916973708593757e-09
5.15e-07,-19.05786696079381,-0.0595847461765065,-15.364414913875168,0.006750933597123674,-19.57504742246877,0.009350238164944968,-15.566743025959346,0.006575706328147075,-23.052859226384133,5.010564514159229e-09,6.6968495405848065e-09
5.175e-07,24.24798668257144,-0.0034063481716452362,-13.719483806884123,0.005793691902614403,24.663275986196883,0.03761680401424086,-14.149872216758599,0.005947025658849526,24.021214010720847,5.005781784012053e-09,6.4826668987516006e-09
5.2e-07,67.85196075144363,0.2155181449854347,-13.143972241123121,0.004951314240680593,67.93713921637776,0.21457487662710553,-12.95515646226414,0.005244196757030516,70.00958307806535,5.000895085067929e-09,6.274610442485599e-09
5.225e-07,108.19572651369121,0.4963129869292874,-11.527522850463523,0.004437580471678533,107.8117082171777,0.5317101562146826,-11.993759164973648,0.004457116496133087,112.83367842313804,4.996550747508227e-09,6.073169647191081e-09
5.250000000000001e-07,143.27237714610254,1.0595227008705799,-11.44203282639464,0.0032698042927436777,142.06454203910465,0.9726665386545038,-11.275522210167862,0.0035780522005570883,150.55794845967796,4.9933609837060306e-09,5.880605959748873e-09
5.275e-07,168.69963245996757,1.606872299483166,-10.828227137946632,0.002604418657109255,168.8611522583388,1.514346858435064,-10.808880654786023,0.002602731041115637,181.4773420915308,4.991871524928881e-09,5.701919416485492e-09
5.3e-07,186.2546292267287,1.9815093131319907,-10.652008593608912,0.0013301142626619274,186.88910009746766,2.12852291252581,-10.600788256024405,0.0015311267687955698,204.1943731392866,4.992533811681861e-09,5.545023566055566e-09
5.325e-07,195.2390159202925,2.76976509005421,-10.980752664494965,0.0002169040835108925,195.43542159978603,2.783780809239745,-10.65665449068117,0.0003678475974177688,217.68228353309402,4.995683824076356e-09,5.420038902892207e-09
5.35e-07,194.31095764138692,3.4791358862514055,-10.459550439049767,-0.001035320877722364,194.40064501573394,3.447594045217874,-10.980293619526268,-0.0008779131628482036,221.331450439178,5.001528921340288e-09,5.337839526449525e-09
5.375e-07,184.07246623748821,4.190635476603308,-11.181479300121724,-0.0018739376611568528,184.25202130639016,4.088313846685597,-11.573886249339008,-0.002192839495242244,214.97693982363242,5.010143205205675e-09,5.308170961254606e-09
5.4e-07,165.58073137991477,4.678037439812607,-12.625040411619146,-0.003840373580331137,165.92724522813708,4.676893828243621,-12.437953739610737,-0.003560287037133153,198.90596109515056,5.02147105698757e-09,5.337750270414368e-09
5.425e-07,140.24450332791403,5.097306740633466,-14.464954909768714,-0.00465907760021072,140.70645333232295,5.188218429741439,-13.571345692174656,-0.00496128680397891,173.84488589381195,5.035337747488031e-09,5.428744860837681e-09
5.45e-07,110.61122581243114,5.666074343311635,-14.65135695614228,-0.006664171381606385,110.07358874694074,5.601972299297644,-14.971240651143262,-0.006375616014020949,140.926417747118,5.05146548446069e-09,5.577919545742364e-09
5.475e-07,75.59721923884366,5.804305430714202,-16.168445704614616,-0.007658260284753225,75.5878372826035,5.90305883654789,-16.63316002847285,-0.007782798620034339,101.63839645005267,5.069493006768082e-09,5.776582788703303e-09
5.5e-07,38.92182147961362,5.949936445662815,-18.853781538283496,-0.009232133851569265,38.781937420180505,6.081638292957772,-18.550995158206142,-0.009162925738451596,57.7565510946181,5.088996870857106e-09,6.011300781075717e-09
5.525e-07,1.6687441015210278,6.011341304331901,-20.66607006907848,-0.009970342525913133,1.0975405590203104,6.132898862307839,-20.717047270952868,-0.010497230617728288,11.264241158729298,5.109512866945349e-09,6.265221528525218e-09
5.55e-07,-36.20472281516012,6.010605595034689,-23.07960912007999,-0.011776923952501446,-36.14028567660877,6.056691520048741,-23.122080070412487,-0.011768405357487102,-35.737186825473636,5.13055647035753e-09,6.519780568261861e-09
5.575000000000001e-07,-71.62328005614667,5.886849172348966,-25.5789126785231,-0.01332608887896815,-71.71534830498172,5.857149262318949,-25.755384486694993,-0.012960697294045212,-81.12337534947837,5.1516417719421845e-09,6.756544405545468e-09
5.6e-07,-104.44519606115314,5.526571398843255,-28.635876663154182,-0.014002131031198439,-104.49184568406703,5.54237721841001,-28.604855077772662,-0.014059862464648281,-122.8429720499881,5.172298827679414e-09,6.95897128514151e-09
5.625e-07,-133.06135891677397,4.997870056317961,-31.870275415727253,-0.014942661966972026,-133.3813143831157,5.124249644187911,-31.657077451509185,-0.015053074870538483,-159.01034616420074,5.192089722686754e-09,7.113910383560071e-09
5.65e-07,-158.1682879407037,4.567108693754503,-35.67284664104887,-0.016034389489137053,-157.32158448453725,4.61829377755629,-34.89742598721476,-0.01592888998166261,-187.9908147461305,5.21062379215889e-09,7.212703123278166e-09
5.675e-07,-174.92487754358913,3.9918329620002533,-37.75304120690313,-0.01658854488165041,-175.28124988901558,4.043590633866514,-38.31017104839101,-0.0166773397596638,-208.47452661311095,5.227572358810178e-09,7.251787339867667e-09
5.7e-07,-186.90508203169674,3.362622745794835,-42.397921895268354,-0.01759720016358213,-186.29723379405593,3.4225895130896746,-41.87859479800601,-0.017290198935874256,-219.53566463632222,5.24268305860839e-09,7.2327403850671674e-09
5.725e-07,-189.77280643244367,2.7374583615062758,-45.89543376760062,-0.01755800315824268,-189.5453694507408,2.780723603466294,-45.58511465498332,-0.017761415754323457,-220.67429056664878,5.255793402447552e-09,7.16174124142486e-09
5.75e-07,-185.0103495546591,2.173157674084096,-49.78143622801982,-0.018550362304238344,-184.4359706385143,2.1457313975647105,-49.41141336623376,-0.018087653747634155,-211.83894110503437,5.266842759327982e-09,7.048493840856115e-09
5.775e-07,-170.1986878421305,1.607040826766319,-53.97156969770822,-0.01857248310475524,-170.7196477008902,1.5466304119008587,-53.338574613046134,-0.01826885316265024,-193.42895392639815,5.275881556364534e-09,6.904735125313047e-09
5.800000000000001e-07,-149.19258798049793,1.070604206371738,-57.10699076405,-0.01810397879186358,-148.5844361654888,1.012348941855764,-57.347223024493516,-0.018308698674933344,-166.27641852613957,5.2830762728024234e-09,6.742539926578005e-09
5.825e-07,-118.94465799958823,0.50855998207122,-61.091505829931215,-0.018503625288364484,-118.72450122420236,0.5700878319384727,-61.41766743407062,-0.01821487860282185,-131.6085676698715,5.288708830653333e-09,6.572705916271355e-09
5.85e-07,-82.82695827939415,0.08930131617566381,-65.58479574497883,-0.01835103089341122,-82.36351285512403,0.24354542418339428,-65.5300461893997,-0.017999041049585517,-90.99230926718177,5.293169281995013e-09,6.403525603858984e-09
5.875e-07,-41.282203993127396,0.08572950037126184,-69.46358638518504,-0.017300174209189997,-41.22184866224652,0.051183444235582375,-69.66447330872592,-0.017676391620241948,-46.2634057024465,5.2969412412087175e-09,6.240204832414495e-09
5.9e-07,3.1979997691567212,-0.07616188670424628,-73.78648946601903,-0.016842280290007675,2.5749168174574337,0.0047307135896441635,-73.80118427222675,-0.017264929503820473,0.5564984443641297,5.3005802409878515e-09,6.08506329006407e-09
5.925e-07,46.997884056492914,0.06850713101010682,-78.21268820912893,-0.016923978312098367,46.63964184554605,0.10811062293568117,-77.92068024091319,-0.01678437518704806,47.35125012880368,5.304685998993096e-09,5.9384731185689435e-09
5.95e-07,87.9868269436257,0.3374273203149918,-82.00598016293952,-0.016285645233976683,88.50437350758222,0.3569377972211,-82.00386951105584,-0.016254894165294527,92.00583314044518,5.309870343913078e-09,5.800301597074814e-09
5.975e-07,125.7663086664742,0.6774681491276026,-85.92762089319832,-0.015289337369348005,125.81703621384038,0.738664975069978,-86.03220503750737,-0.015695757625798713,132.5019620190693,5.316723144137548e-09,5.67147932800375e-09
6e-07,155.88533136142806,1.2094285026435747,-90.0039555885037,-0.015084261513046291,156.52994371982786,1.233382639001294,-89.98781689474774,-0.015124096357868733,167.00930396121402,5.325778911351165e-09,5.555264716238258e-09
6.025000000000001e-07,178.75083204162792,1.7954244550110565,-93.88266976392893,-0.014705437497455925,179.05692062597743,1.8151936920221972,-93.85363858967933,-0.014553894862472537,193.9682056946835,5.337486757688743e-09,5.457840787379202e-09
6.05e-07,192.30559700528804,2.4938653237403168,-97.37853852749292,-0.014476156594141963,192.3803899273817,2.4540161766682522,-97.61352619470856,-0.013995339853419279,212.1601862546434,5.352186061924763e-09,5.388047207827138e-09
6.075e-07,196.10958629055415,2.944408003526747,-100.80022405932426,-0.013579574485123574,196.09725952795384,3.117619547949133,-101.25236933300201,-0.013454586317651,220.76300954839107,5.370089592913002e-09,5.356271543359889e-09
6.1e-07,190.47886793162786,3.7684071874545597,-104.41898677126868,-0.013212415211277079,190.40155263762693,3.773681517755252,-104.75619311943298,-0.012933943577450376,219.38784755426235,5.391275037142341e-09,5.372735139719331e-09
6.125000000000001e-07,175.7898508052108,4.335579497811298,-108.02224634365878,-0.012507046675283304,176.01092848494073,4.391665239839374,-108.11225024001234,-0.012432423684928477,208.09685446273463,5.4156850011637455e-09,5.445551472905334e-09
6.15e-07,154.00331624167336,4.999099736804389,-111.41123385357436,-0.011850801940025916,154.05198120679555,4.944357579649719,-111.30910243881885,-0.011946545199296362,187.40035744856073,5.443134737186695e-09,5.578973928009887e-09
6.175e-07,126.31170866277422,5.3411970007396095,-113.89948461096286,-0.01142684300676834,125.92420577233523,5.408970687314868,-114.33669077385365,-0.011471255231257528,158.2337910446395,5.473326187160533e-09,5.772185200377982e-09
6.2e-07,93.05076506220381,5.763540174375762,-116.67962007855945,-0.01121262431900404,93.16399343837652,5.767780036212126,-117.18639410102381,-0.011000826436430711,121.91541763139153,5.505866541076707e-09,6.0188417446780655e-09
6.225e-07,57.454334488971924,5.995651597942601,-119.48970650339085,-0.010307834217231745,57.32780785313235,6.008340144230485,-119.8510753477577,-0.010529603955613615,80.0867449792458,5.540289397570388e-09,6.307420418793482e-09
6.25e-07,19.99818232229406,6.26605895109835,-122.66453549809381,-0.00991376779361714,19.908291513922165,6.123372864402584,-122.32511524366626,-0.01005251631068389,34.63833383561916,5.576076786873888e-09,6.622266280353056e-09
6.275e-07,-18.51980332471142,6.201081884908256,-124.2981740969643,-0.009709014382378537,-17.710484494149807,6.110453808860537,-124.60443328425542,-0.009565316480205227,-12.375651115479682,5.612680708301236e-09,6.945140925068458e-09
6.3e-07,-54.74501848181095,5.922274644082788,-126.65901178982283,-0.009184944072288077,-54.26066491278203,5.971625930333774,-126.68649581402516,-0.009064575010789213,-58.83028481923527,5.649543351987451e-09,7.257029057077208e-09
6.325e-07,-88.83849448461058,5.730360503324675,-127.85567278075958,-0.008492979272333126,-88.57061886125287,5.713046384623344,-128.5703112263771,-0.00854749576549056,-102.62592362339966,5.686115705621449e-09,7.539967601810619e-09
6.350000000000001e-07,-119.98732197938538,5.262865879673274,-130.19394739227832,-0.007945115805049377,-119.53203253318948,5.344729252685731,-130.25641238863776,-0.008011657818280189,-141.78310438985292,5.721874683130252e-09,7.778696757634788e-09
6.375e-07,-146.09787952371826,4.954019150708118,-132.182206694819,-0.0075269553367827546,-146.0709211028515,4.880391994936556,-131.74682651020547,-0.007454798095478161,-174.53201172061748,5.756339169060712e-09,7.961975974266331e-09
6.4e-07,-167.74558947969186,4.457435159886271,-132.75794445215493,-0.006921608375064055,-167.13800567505632,4.3373591198734935,-133.0450327793923,-0.006874736714154271,-199.39246958344714,5.7890854041928905e-09,8.083447788594466e-09
6.425e-07,-181.99808556973315,3.8158038689638936,-134.56274612729624,-0.00624853383826987,-181.7292870490739,3.7364338165913664,-134.15590819902206,-0.006269513044694981,-215.24084189767538,5.819761946330311e-09,8.14196760283885e-09
6.45e-07,-188.9451860600578,3.1535257208345535,-134.95861351874507,-0.00598298411465527,-188.9406860184518,3.101626333753181,-135.0856621513398,-0.005637751749336549,-221.36081832620417,5.8481040734442744e-09,8.141355750808107e-09
6.475e-07,-188.183427647052,2.3690176492422466,-136.06124484938945,-0.00535103793192872,-188.05262505690234,2.459631864329451,-135.84176031842242,-0.00497922362545642,-217.47578987148975,5.873947039928191e-09,8.089580460511127e-09
6.5e-07,-178.97890356894374,1.796546798028504,-136.71638530309295,-0.003986208341472976,-178.6329137391978,1.8389808826935579,-136.4328386742213,-0.004295516334590658,-203.76135097230764,5.897237157308414e-09,7.997452708083268e-09
6.525e-07,-160.95459328984794,1.2310281302248978,-136.5162700624567,-0.0036438324477951717,-160.64071061181758,1.2688365418940548,-136.8686083478241,-0.0035906945933206653,-180.83736303500334,5.91803935596468e-09,7.877001290467209e-09
6.55e-07,-135.08457122159925,0.6907898047569717,-136.88433283525168,-0.0028117721806526384,-134.5117713598429,0.7774779510615776,-137.15975223378965,-0.002871815211107348,-149.73993810953354,5.936539782233064e-09,7.739779927249708e-09
6.575000000000001e-07,-101.29635555995178,0.3780843607874221,-137.00915931837537,-0.0023932247967626287,-101.20622226124017,0.3905733873109492,-137.3178142938127,-0.002149172758876103,-111.87460898434553,5.9530421469244836e-09,7.595409261419763e-09
6.6e-07,-62.48625197272966,0.14689526658426208,-136.6439478297745,-0.0013432314698831078,-62.204639792688965,0.12940168197822505,-137.35508255393842,-0.0014361855018525437,-68.95280230517004,5.967956970603533e-09,7.450646692715837e-09
6.625e-07,-19.343777598909746,-0.03738766459746355,-137.54830926409443,-0.0008052614120596402,-19.44555747755726,0.009212720096057432,-137.28446685254605,-0.0007488831472502592,-22.91448598805181,5.98178352217271e-09,7.30919022783844e-09
6.65e-07,24.120393203106175,0.016086817451185613,-136.84822630276736,-2.9214183800150144e-05,24.793566531202533,0.03792230054368179,-137.11937243593013,-0.00010501924506149023,24.159512912556046,5.995085031839312e-09,7.172266478899962e-09
6.675e-07,68.19499020021485,0.12270485030986675,-137.05301366170306,0.0006153480624529119,68.06092574806794,0.21531043353328727,-136.8735705301802,0.00047710874430820173,70.14155684798712,6.008458560628202e-09,7.039861438524929e-09
6.7e-07,108.89340226933098,0.5507236216815068,-136.72957109421642,0.000996770106432897,107.92202896079075,0.5328386615477041,-136.5610670399153,0.0009800000549138196,112.95336214729413,6.022501601058132e-09,6.912278381806771e-09
6.725e-07,141.60864580833965,0.9699321163856348,-136.21600489714058,0.0014262546208112516,142.15533704656852,0.9741290912329197,-136.19597053611807,0.0013882916178961967,150.6599327062882,6.037777955394317e-09,6.791605029747721e-09
6.75e-07,168.48961832759963,1.5708573730297533,-136.13738670268367,0.0015641166590286753,168.9277292262263,1.516066841316847,-135.79236069672493,0.0016899356865399848,181.55701740489764,6.054785609649157e-09,6.682679028293856e-09
6.775e-07,187.54823223357883,2.2045639329847724,-135.84134960051128,0.001882648776849588,186.92845165521305,2.130411335079577,-135.36415835479045,0.001877072672493203,204.2481383766922,6.073929160467777e-09,6.593261077774835e-09
6.800000000000001e-07,195.29948558919565,2.8531686770793216,-134.78377329078756,0.0023428820040822065,195.44636092196433,2.7857423404708026,-134.92499829003722,0.0019465022923597839,217.70770862824668,6.095498878013625e-09,6.533326573854063e-09
6.825e-07,195.0957568420765,3.436049893539798,-134.6984271266782,0.002091527383218412,194.3837536851724,3.4495331061667316,-134.48810587062653,0.001899715245725657,221.32738623567676,6.11965777020343e-09,6.513611101571752e-09
6.85e-07,184.205107866855,4.184914126512857,-134.12932460260893,0.001771442255124199,184.2094306923095,4.090140167711852,-134.06617861330324,0.001742511355163193,214.9435700142205,6.146437159129728e-09,6.543728138092459e-09
6.875e-07,166.13734521626654,4.84186540750249,-134.29365652814081,0.0010800208244066273,165.86229564015474,4.67852699884771,-133.6712736820503,0.0014842876509848296,198.8447939192203,6.175740415847682e-09,6.6302702087887665e-09
6.900000000000001e-07,140.38435906885687,5.199555810881287,-133.57461230515054,0.0014362759781485711,140.6232900620004,5.1895911512996555,-133.31470228847382,0.0011371217044081317,173.75868596841832,6.207353749636045e-09,6.775289697259241e-09
6.925e-07,110.4442045054618,5.644200577804167,-133.25607684409107,0.000594635000913827,109.97675847528788,5.603032261911102,-133.0069318918438,0.0007147948783807504,140.8190811125852,6.240962414314874e-09,6.975448457470173e-09
6.95e-07,76.28832003054922,5.9814241821131855,-132.49177921250737,0.00025596946772320347,75.48194174654427,5.9037693433990555,-132.7574970236476,0.0002318943700948807,101.51477447782753,6.2761704395916145e-09,7.2219666545968985e-09
6.975e-07,38.623009971476314,5.985445225191283,-132.49176183568707,8.834621925588927e-05,38.67138516524074,6.081977914964332,-132.57491948131513,-0.0002968962744048616,57.622231216318426,6.31252203286197e-09,7.501339044748771e-09
7e-07,1.0758311294342822,6.112368557613781,-132.15055953628666,-0.0012599447331613227,0.9864151947471305,6.1328604968865195,-132.46663854919657,-0.0008572552024275563,11.125294326967486,6.349523089449103e-09,7.79666057452621e-09
7.025e-07,-35.27180008676142,6.002515038684234,-132.84130053696225,-0.0015411468865892746,-36.24824683154176,6.0562812379007225,-132.43895181267152,-0.001435421186127401,-35.87448053032719,6.38666171782294e-09,8.08933280102443e-09
7.05e-07,-71.7382903875303,5.807269946275033,-132.27771685580117,-0.0022147190873604014,-71.8166933971284,5.85638525787618,-132.4969670342937,-0.0020181793339157437,-81.25281056462025,6.423427225013741e-09,8.360907244379427e-09
7.075e-07,-104.31403817063361,5.481905373780163,-132.7494579894554,-0.0024573719218999057,-104.58330913450473,5.541289049940316,-132.64456545998445,-0.0025927213960068598,-122.95869859845835,6.459327503475855e-09,8.594845396682009e-09
7.1e-07,-132.95854375613445,5.091668662588709,-133.19710342530175,-0.0030894644639869987,-133.45972943254037,5.122877786741285,-132.88437681939678,-0.0031464911106398145,-159.10713346955154,6.493905115363444e-09,8.778016605953334e-09
7.125000000000001e-07,-157.60045825203565,4.595717428006951,-133.0604056007401,-0.003910278881113561,-157.38385344196698,4.616689350066719,-133.21776617860138,-0.003667124330327991,-188.0642882425767,6.52675251698183e-09,8.901797657674625e-09
7.15e-07,-175.31981834482784,3.9320006145808115,-133.4585751834049,-0.004044397741225758,-175.32440433102028,4.041815034525721,-133.64483269615445,-0.004142569904783559,-208.52136546593226,6.5575267826872045e-09,8.962674891385937e-09
7.175e-07,-185.80089441938514,3.497914042698687,-134.09036255141268,-0.004396453709863231,-186.31859625943684,3.4207136316589883,-134.1644202263426,-0.0045614350372339685,-219.55375183603687,6.585963899342693e-09,8.962285051312408e-09
7.2e-07,-189.5897835494915,2.724586225755206,-134.6329383465324,-0.004963516087699491,-189.54280440170822,2.778826290889834,-134.7741396069253,-0.004913546077535985,-220.66280861302056,6.611892278163859e-09,8.906875104988822e-09
7.225e-07,-184.1438980986817,2.105006074321948,-136.11897232175184,-0.005246693886621367,-184.40819011789324,2.1438969628889537,-135.47040236395986,-0.005190662467125856,-211.7984089562192,6.635244668884139e-09,8.806223441855395e-09
7.25e-07,-170.85504069289607,1.5411781552349315,-135.70812149009174,-0.005498462393377683,-170.6665204877385,1.5449450700174585,-136.24846546422373,-0.005387237987438008,-193.36120354321787,6.656067271414119e-09,8.672146255926422e-09
7.275e-07,-148.56925561654154,1.0192565996377956,-137.1111808182856,-0.005733764559013591,-148.5072416004434,1.0108963264476645,-137.10248664726234,-0.0055010980970563745,-166.18451207162738,6.6745246227715924e-09,8.516801445755021e-09
7.3e-07,-117.93984531477565,0.5624624843494404,-138.34565755210974,-0.005527822578603361,-118.62607192156544,0.5689438819551633,-138.02558977505208,-0.005533900263486924,-131.496659106472,6.69089886338116e-09,8.351073443714202e-09
7.325e-07,-82.32844176299479,0.2818376989436281,-138.74162790199617,-0.005268394031908816,-82.24822400613257,0.24277311332110316,-139.0099395485185,-0.005491266891127283,-90.86545660711118,6.705582285163335e-09,8.183345932045346e-09
7.350000000000001e-07,-41.22243894119056,-0.0115393886997276,-140.0970345138864,-0.0055340969253640055,-41.09543344029657,0.05082792022154752,-140.0468248574715,-0.005382524375527644,-46.127342397056886,6.7190626128089346e-09,8.018921645731435e-09
7.375e-07,2.7585163175993936,-0.07535390560395713,-140.87862721391707,-0.005187396340934271,2.705719757592509,0.0048154270426093715,-141.12674995464477,-0.005220039768016013,0.6956226435247796,6.731901200664427e-09,7.860224322737879e-09
7.4e-07,46.745529783403946,0.17096273365468292,-142.17304660292888,-0.005217286131903597,46.76757615179033,0.1086349479791226,-142.2395325761262,-0.005018208700812898,47.487147124759375,6.74470513580835e-09,7.707738318748392e-09
7.425e-07,88.086707808737,0.392134333926255,-143.43185952639917,-0.004740928132631149,88.62223340236085,0.3578764872452604,-143.37440807013584,-0.004792203911118769,92.1323606984586,6.758094999511437e-09,7.561451350610136e-09
7.450000000000001e-07,125.5306433953395,0.7815753863182271,-144.37065268635737,-0.004550865788704928,125.9182466156391,0.7399695805789039,-144.52013854438667,-0.004556633238790836,132.61340138166076,6.772670633104714e-09,7.4224214964331366e-09
7.475e-07,156.41691662885887,1.1551024748941892,-145.52591123039068,-0.004179134325884263,156.60908051425443,1.2349847739914548,-145.6651259995917,-0.004324272413804378,167.10061832297384,6.7889775825162704e-09,7.294039270499358e-09
7.5e-07,179.57775139428446,1.8381593974207893,-146.93700289618937,-0.003865724079954901,179.11010769393718,1.8170098088248092,-146.79752838343865,-0.004105028321926671,194.03526785440965,6.807476901095622e-09,7.182621184673375e-09
7.525e-07,193.06049052598968,2.4658960694819565,-147.69583518308224,-0.003754219593952374,192.40552783902405,2.4559533324403877,-147.90537747581806,-0.0039052542664210184,212.19996515543798,6.828520666248226e-09,7.097138267779673e-09
7.55e-07,196.84320525134265,3.062453244380389,-149.45255378503015,-0.0041767105329731345,196.09406600253214,3.119581546414151,-148.97669750246476,-0.003727485794101716,220.7737072745266,6.852334957410574e-09,7.048104256550461e-09
7.575000000000001e-07,189.75273082047434,3.827235995385972,-149.38495923332727,-0.0035364492209043834,190.3714226697629,3.7755748016616346,-149.999623370568,-0.0035706029127675265,219.3689805928794,6.879011241117068e-09,7.045859393900682e-09
7.6e-07,175.72321573619774,4.3463658317978915,-150.7620622118233,-0.0035261434302220657,175.95664774197687,4.39340399171663,-150.9625174263295,-0.003430362619711466,208.04927555752226,6.908506232733329e-09,7.0986279642655875e-09
7.625e-07,154.52445618385187,4.9743701869763655,-151.76186441004992,-0.0033483931015156954,153.97734561051402,4.945867644418524,-151.85408365085092,-0.0033001949797509525,187.32621705768372,6.940649482267515e-09,7.210766483734975e-09
7.65e-07,126.0465818926783,5.3268470882608625,-153.03534931932643,-0.0033560727984643605,125.83360995269427,5.410192131618728,-152.66347823693098,-0.00317212486774578,158.13644014492502,6.9751572792736755e-09,7.381554422688801e-09
7.675000000000001e-07,92.26795539696366,5.823502538698886,-153.15104539806723,-0.0036798431252856546,93.06204955604147,5.7686683704187,-153.38041552511652,-0.0030376747401335866,121.79925626180679,7.011651073041676e-09,7.6047404165541e-09
7.7e-07,56.894877709338004,6.02651539154503,-154.12099416225132,-0.00325778049574678,57.2190446496554,6.008866417642211,-153.99526832234196,-0.002888621894712541,79.95702336916386,7.049678497399795e-09,7.868890631959406e-09
7.725e-07,19.899739444757625,6.056171592881889,-153.9777631183503,-0.0027986907684683423,19.796963724327462,6.123522971786712,-154.49916168028747,-0.002717522695788767,34.500915106403774,7.08873526209997e-09,8.15843787427264e-09
7.75e-07,-18.19123314814043,6.217099842539463,-154.21489509025048,-0.002520628538059676,-17.820470272846702,6.110227397490954,-154.88405927270747,-0.0025179685991003706,-12.514555950214664,7.128286565309082e-09,8.45523062100727e-09
7.775e-07,-54.60274131224518,5.945263234939092,-155.1125906707714,-0.0018878426739358171,-54.36572566970316,5.971035266264245,-155.14284158083765,-0.002284594645285445,-58.9643975772909,7.167787199378194e-09,8.740339630129275e-09
7.8e-07,-88.3749226914092,5.765111812164641,-155.42869848746508,-0.0017727759548488728,-88.66740899614915,5.712115434935233,-155.2693751729689,-0.0020129100469864778,-102.74918271352236,7.206700052839766e-09,8.995886507667599e-09
7.825e-07,-119.34473211908983,5.247283163643829,-154.62909721725597,-0.0016883043761259607,-119.61734430311425,5.343493090139433,-155.25857244765203,-0.0016990535929892047,-141.88993878186741,7.244513147265718e-09,9.206693756299556e-09
7.85e-07,-146.2524510471414,4.862311534475247,-155.51968563253297,-0.001223606434820624,-146.14162101466016,4.878896464722108,-155.10644129903326,-0.001339587843937269,-174.61759274330208,7.280755603669647e-09,9.361599419669196e-09
7.875e-07,-167.13621388681375,4.371823446700276,-154.9395563094837,-0.0010644054918381382,-167.19104698373988,4.335660559737395,-154.81012425669002,-0.0009314335736922575,-199.45292916946778,7.315012964116669e-09,9.454319361344676e-09
7.900000000000001e-07,-181.37348896751794,3.760681747113265,-154.5352137278094,-0.00042996731018298906,-181.7618208785026,3.7345985226322718,-154.3679267501994,-0.00047201209875868846,-215.2734474114282,7.34694210188198e-09,9.483775365301818e-09
7.925e-07,-189.48986238033183,3.035808904870376,-153.59699633822842,0.0002341092420099676,-188.95027083415638,3.0997294363665118,-153.7793342496364,4.038553359535387e-05,-221.36409607272086,7.376285586200554e-09,9.45384553074832e-09
7.95e-07,-186.88376246759674,2.403899893219097,-152.6933868318779,0.00026160889809214225,-188.03751059643756,2.4577553304216657,-153.0450181363465,0.0006060378450976468,-217.44959170409174,7.402884910991826e-09,9.372545750607204e-09
7.975e-07,-178.72352049149228,1.8432668823688312,-152.17021611085212,0.0009701196782651326,-178.5923555402571,1.8372104845830033,-152.16683026274382,0.0012231256953041888,-203.70686098850086,7.4266915576240784e-09,9.250723507512366e-09
8e-07,-160.3931995399398,1.239853262557157,-151.25702522151963,0.0017401461291496594,-160.5752588412261,1.267257809489339,-151.147786264593,0.0018870788854768472,-180.7570440579655,7.447774547380795e-09,9.100432575812924e-09
8.025e-07,-134.42578911212087,0.7177513266256916,-150.775268918885,0.0028833827308145945,-134.4234752759138,0.7761713208547962,-149.9920377933067,0.0025900710335353973,-149.63742037411396,7.466323037717857e-09,8.933240649832873e-09
8.05e-07,-101.86210160910495,0.35803299330724775,-148.89053030892987,0.003352321486446911,-101.09870007622028,0.3896089435519321,-148.7048339382764,0.0033207866452532545,-111.75452605872603,7.482642678756217e-09,8.75877283657053e-09
8.075e-07,-61.85055943741771,0.2540892785019564,-147.2570011288916,0.004151915077460694,-62.08298173389836,0.12883401787449741,-147.29247220923608,0.004064550365534884,-68.82058166412142,7.497144876404464e-09,8.5837838018206e-09
8.1e-07,-19.899902314989937,-0.0591390260442246,-146.09166403814652,0.004709727055495187,-19.316054524753433,0.00907650364047132,-145.76223954522237,0.004803856416279687,-22.776103703443308,7.510328760146832e-09,8.411964380295729e-09
8.125000000000001e-07,25.044601211985135,0.17597592928097866,-143.7371615437811,0.005837947669843228,24.923848608117193,0.03822909692481455,-144.12234390897586,0.0055192749188997855,24.29780227660128,7.522756438200978e-09,8.244532240584383e-09
8.15e-07,68.40981293910626,0.15189701562478178,-142.2335967765138,0.005733920066462396,68.18468248336946,0.21604721565361534,-142.3818371127845,0.006190651645994205,70.27350292713757,7.535022923613153e-09,8.081464660071873e-09
8.175e-07,108.38078657656382,0.5519033184905731,-140.7675292761934,0.006597364875863048,108.03230044764514,0.5339682487774657,-140.55052960301305,0.006798469162257234,113.07300127925035,7.547722806738948e-09,7.923057322380056e-09
8.2e-07,141.72394481515883,0.9743300780959551,-138.1025929107874,0.007133104005449753,142.24606674750112,0.9755925233886685,-138.6388980051685,0.007325208795931188,150.76185747474298,7.561416220497811e-09,7.771391114892556e-09
8.225000000000001e-07,169.23201605808413,1.5556282228341567,-136.45391995583807,0.007727700322173945,168.99422942521605,1.5177874566046115,-136.65798629862005,0.0077565494975467865,181.63662104243195,7.576596815533684e-09,7.631296169882841e-09
8.25e-07,186.67489952632852,2.088944577245549,-134.3476890637337,0.008192554174805479,186.96772024619153,2.1323001151040826,-134.61930154944292,0.008082262128256577,204.30182298016803,7.593664300354848e-09,7.510522976955104e-09
8.275e-07,195.58052612972645,2.808602315921677,-132.09384505732,0.008416714332699603,195.45721646235893,2.7877039446696688,-132.53470518072294,0.008296702341591107,217.7330477758435,7.612903626626961e-09,7.419032082823954e-09
8.3e-07,193.73004219040232,3.4147137829408307,-130.4774340477049,0.008584542508773213,194.3667827238342,3.4514719634635886,-130.41630080160118,0.008398864430016454,221.32323465562862,7.634472181428635e-09,7.367538344774317e-09
8.325e-07,184.01016787357614,4.1953448550043175,-128.2767368592245,0.008329018842598911,184.16676871240765,4.0919660314451,-128.27631964895753,0.008392022265773942,214.91011534849162,7.658395493535139e-09,7.365628511500797e-09
8.35e-07,166.11953559190164,4.797984854494941,-126.44556820097515,0.008254343975175505,165.79728593521497,4.680159493091548,-126.12700471863933,0.008283041021875145,198.7835482425138,7.684571096294781e-09,7.419863484831359e-09
8.375e-07,140.74785183059655,5.135456798229839,-123.66542039338444,0.008122947066893734,140.54007968578944,5.1909630195509475,-123.98049467632298,0.008081485137555479,173.67241744584828,7.712779440111116e-09,7.532261261880488e-09
8.4e-07,109.76426436097289,5.578773963199332,-121.34733250180955,0.007600098532525657,109.87989474035831,5.604091239970266,-121.84870864132067,0.007798667272220903,140.71168888491292,7.74270021479272e-09,7.699449285019902e-09
8.425e-07,75.79681262540934,5.88547587789247,-119.85067940633829,0.007513193493551978,75.37602612983487,5.904478780386347,-119.74323292989213,0.007446777075456338,101.39111242917852,7.77393218832175e-09,7.912616125210067e-09
8.450000000000001e-07,38.10245083110939,6.189054688499693,-117.91121157745292,0.007337683103168232,38.5608253893452,6.082316425640669,-117.6752108279288,0.007038199262442821,57.487888589672885,7.806014706921327e-09,8.158230263896776e-09
8.475e-07,0.809635440269403,6.05699078219351,-115.40178560031468,0.00686141832347946,0.8752938298558974,6.13282101924257,-115.65523643640819,0.0065850836214269085,10.986343103114093,7.838449294565584e-09,8.419367556191906e-09
8.5e-07,-35.88568678537918,6.119211971519574,-114.07791500768056,0.005788625291705063,-36.35619342901588,6.055869879834782,-113.6932535969838,0.006099174129786481,-36.01176007250086,7.870720259068877e-09,8.677418751257583e-09
8.525e-07,-71.81153967212582,5.832392610140976,-111.44412937332244,0.005945797153398122,-71.91801407573014,5.855620248296342,-111.7984608598223,0.00559185067252874,-81.38221370243787,7.90231375067333e-09,8.913933201443845e-09
8.55e-07,-104.78814098417043,5.568928626251514,-109.91105789007551,0.005401925601105471,-104.67473871742249,5.540199979841484,-109.97922340169815,0.005074294843848409,-123.074376604783,7.932735214892436e-09,9.112378587714317e-09
8.575e-07,-133.5713180125184,5.059617576867941,-108.16528341856852,0.004537469056538467,-133.53810136988957,5.121505162943198,-108.24299273991366,0.00455766863485028,-159.20385796192798,7.961525535627155e-09,9.25963800819434e-09
8.6e-07,-157.93396651746207,4.614417099283377,-106.46173547880981,0.004021616278472508,-157.44607028621007,4.615084322485696,-106.59623501737198,0.004053195521988056,-188.13768749421865,7.988276310797106e-09,9.34710836875822e-09
8.625e-07,-175.40086608642304,3.9987083441652693,-104.79406477682977,0.003526208078534342,-175.3674982299904,4.040039030801452,-105.04436855672083,0.0035720572873072978,-208.5681219978198,8.012644618673734e-09,9.371301014884136e-09
8.65e-07,-186.60535225625065,3.3356764914122765,-103.30605777930982,0.003391084797276255,-186.33989094409813,3.4188375677200393,-103.59171129760276,0.003125062260204977,-219.57175235940772,8.034367344521083e-09,9.333880914864931e-09
8.675000000000001e-07,-189.58229498517017,2.7538507891980886,-102.0362449121818,0.002781350465637063,-189.5401663694815,2.776929037973893,-102.24143864143646,0.002722093558566235,-220.6512395452101,8.053274712716617e-09,9.241124782021691e-09
8.7e-07,-184.6051755750585,2.1155024680860826,-100.44947600548745,0.002196673165757077,-184.38033438169035,2.142062841392244,-100.9955521336235,0.0023713993149537564,-211.7577931927464,8.069302207783422e-09,9.10284076294107e-09
8.725e-07,-170.6243862437101,1.6645755023045419,-100.53808804372743,0.0023097927115742173,-170.61331965607096,1.5432602942137914,-99.85485931446348,0.0020788306082590215,-193.29337682409664,8.08249967849148e-09,8.93087375716799e-09
8.75e-07,-148.42425439940416,0.9820779691334225,-98.65824545298544,0.0020545306320900758,-148.42997945284594,1.0094445150425078,-98.81896496826597,0.0018471583584472432,-166.0925400101017,8.093036202533509e-09,8.737408953143068e-09
8.775000000000001e-07,-118.56665841047142,0.6192286554769308,-97.91498249755624,0.0017954761301860705,-118.52758572137459,0.5678009433417426,-97.8862738960664,0.0016756024812123941,-131.384698630274,8.101199316498814e-09,8.533357148601927e-09
8.8e-07,-81.9698478289076,0.2426354793085172,-97.76670844937321,0.0020496679583750918,-82.13289330862129,0.24200197540778742,-97.05400523193592,0.001559684044435571,-90.73856807479453,8.10738751509531e-09,8.327128787818768e-09
8.825e-07,-40.57986109357578,0.16113897175968325,-96.57232174061349,0.0017170580324855577,-40.968994980276776,0.050473671799057984,-96.31821821706181,0.0014914673565013818,-45.99126088132301,8.112095473312027e-09,8.12405566151412e-09
8.85e-07,2.380729029442053,-0.05131197258763007,-95.91671723636576,0.0014169514173106496,2.836525026034342,0.004901450366615241,-95.67384924051693,0.0014602010526836233,0.8347465680630531,8.115892176743447e-09,7.926594868499851e-09
8.875e-07,47.31460250217715,0.08431526067319652,-95.20370476707664,0.0015882107277481671,46.895491166544744,0.10916054438747139,-95.1147598518882,0.0014533051428245079,47.62302537354144,8.119392953598653e-09,7.735269988471843e-09
8.900000000000001e-07,88.50454001600244,0.2526673364651295,-94.689965055394,0.0011187690794175389,88.74005340529465,0.3588163386373927,-94.63379534962426,0.0014575953317894487,92.25885188407796,8.123227163300143e-09,7.550114413779222e-09
8.925e-07,126.33869035977582,0.6520102140557127,-94.2524415343445,0.0017834805640693581,126.01939920170561,0.7412751730013606,-94.22285345100943,0.0014605963991040224,132.72478839058027,8.128003889838799e-09,7.372237667281382e-09
8.95e-07,157.66477157077048,1.2764903089848127,-94.46077618199176,0.0013533552349514267,156.68814562547445,1.2365876690687305,-93.87296245596082,0.0014517799690575849,167.19186671605493,8.134278315474863e-09,7.205085550194853e-09
8.975e-07,178.42625439367805,1.7485144260737708,-93.66617908632871,0.0012948823123498103,179.16321420623876,1.8188264223566966,-93.57436822822325,0.001423571592976439,194.102253412085,8.14252145481469e-09,7.0550308965010716e-09
9.000000000000001e-07,193.19848241013452,2.299418119099422,-92.70975821633417,0.0018687703671066759,192.43058171670668,2.457890702933267,-93.31662923481022,0.0013720061760350616,212.23966028304784,8.15309560432868e-09,6.931099013003445e-09
9.025e-07,196.4629213124701,3.1925968770969932,-93.06880658960904,0.0014512879560818408,196.09079020093665,3.1215434769849875,-93.0887188084591,0.0012969636500538271,220.7843178426992,8.166237253712256e-09,6.843853194266488e-09
9.05e-07,190.08466470845676,3.7261228780086157,-92.8221231129955,0.0013964764913675153,190.3412167678529,3.7774677508978263,-92.879133729124,0.0012019794378426152,219.35002702809726,8.18204840334914e-09,6.80367679897185e-09
9.075e-07,175.28653683654656,4.348418973456355,-92.78533875480922,0.0010128224228315632,175.9023009777518,4.395142171433504,-92.67600815976107,0.0010936860537547675,208.0016145177508,8.200496355962003e-09,6.818830298052892e-09
9.1e-07,154.06661185261146,4.903453733861466,-91.93693155731374,0.001236051475417193,153.9026562765676,4.947376938414612,-92.4672319194088,0.000980992754805858,187.2520027133821,8.221421228734545e-09,6.893700170184128e-09
9.125e-07,125.7810755931351,5.4158735660691235,-92.49696065725156,0.0006630800080338348,125.74297385240267,5.411412650923578,-92.2405720333317,0.0008741411743973072,158.03902681544508,8.24454978044507e-09,7.027591205802713e-09
9.15e-07,93.30305617100187,5.823662422066239,-92.2944859148034,0.0009767693515574491,92.9600789974678,5.769555671581154,-91.98379646616638,0.0007837815307108264,121.68304680780592,8.26951375015934e-09,7.214274705619518e-09
9.175e-07,57.12681549770127,6.023559289078649,-91.18394174814321,0.0005578146566822668,57.11026778813065,6.009391595072254,-91.68479891991545,0.000720195840657277,79.82727019331686,8.295870798016673e-09,7.442338762279077e-09
9.2e-07,19.17077094325448,6.163828845903899,-91.54952750167354,0.0012179884862258033,19.685634321846283,6.123671962529816,-91.33172356450181,0.0006927555159562998,34.36348275677194,8.323126312020104e-09,7.696238840900906e-09
9.225000000000001e-07,-17.872031403142678,6.231820601806148,-91.40983421209235,0.00034168268065850997,-17.930446650856922,6.109999887656433,-90.9130885645721,0.0007096483565636758,-12.653455844405862,8.350754737781517e-09,7.957847640228712e-09
9.25e-07,-54.35849585314219,5.901624506351884,-90.45929145999156,0.0007825974261966715,-54.47076685845613,5.9704435576229615,-90.41790727238282,0.0007778541482590108,-59.09848705713469,8.378219605982203e-09,8.208261844331359e-09
9.275e-07,-89.17318656520479,5.770788786712683,-89.80079194416675,0.0011017546001612036,-88.7641699424798,5.711183528043241,-89.83580597285689,0.000903299163639486,-102.87240123989496,8.404991962903258e-09,8.429630225254831e-09
9.3e-07,-119.78910555261811,5.3238462042282215,-89.41774015519906,0.001135121518911183,-119.70261754770793,5.342256089932017,-89.15713709318074,0.0010910868276463805,-141.9967171579824,8.430567344575897e-09,8.606802745841013e-09
9.325000000000001e-07,-146.11274135477063,4.845428608575547,-88.15628359518368,0.0012922777175301944,-146.21227325685237,4.87740024779239,-88.37308682534922,0.0013456906150845621,-174.70310482972553,8.454481690458545e-09,8.728643906398176e-09
9.35e-07,-167.29095000324313,4.3211954442796605,-88.10912050934887,0.0018073534988798064,-167.24403184799786,4.333961494198088,-87.4757761556086,0.0016710078078573756,-199.51331001463004,8.476326622759584e-09,8.788893484692031e-09
9.375e-07,-181.58670664300567,3.722131454168213,-86.76334941902903,0.002528125865397872,-181.79429033754332,3.73276293265902,-86.45835434937145,0.0020702065601941916,-215.30596793863327,8.495764324503009e-09,8.786492960557939e-09
9.4e-07,-188.98804174608972,3.189462616296287,-85.63473728311516,0.002158899789918557,-188.9597849476474,3.097832475937857,-85.31508400343382,0.0025453473605986433,-221.36728642819799,8.51254188163387e-09,8.725334227615838e-09
9.425e-07,-187.8117002214069,2.4179983953281905,-84.25150599057196,0.0026690672666062087,-188.022321604412,2.4558789826435907,-84.04141684865891,0.00309681422171831,-217.42330769103893,8.526504497587187e-09,8.61343956517688e-09
9.450000000000001e-07,-178.15069463041388,1.856379329432909,-82.5708234831681,0.0034434550507854217,-178.55172240200918,1.8354405274712817,-82.6340595650848,0.0037226404500387217,-203.65229058445146,8.537606549531686e-09,8.461654345741563e-09
9.475e-07,-160.14392556009855,1.3438515574295735,-81.15622085318577,0.004596476412050373,-160.50973590019404,1.2656797653682366,-81.09102895698831,0.004417849091359203,-180.67665372090926,8.54591914149815e-09,8.282021330096068e-09
9.5e-07,-134.16619374293927,0.7492230664084821,-79.51798746770889,0.005441296642206664,-134.33511639213765,0.7748656034859129,-79.41169592703363,0.005173942070656385,-149.5348435642129,8.551632708638517e-09,8.086088782227703e-09
9.525e-07,-100.98273320686353,0.2660108226231783,-77.31887282175241,0.006230349778300996,-100.99112803322902,0.388645598838053,-77.59681778546626,0.005978661406766587,-111.63439901418951,8.555053389909525e-09,7.88345541243612e-09
9.55e-07,-61.32362566240832,0.136222988354813,-75.64620914613161,0.006587585373338156,-61.96129078350156,0.12826758627253004,-75.64855853151857,0.006816111865216155,-68.68833385379705,8.556592317051856e-09,7.680844794439553e-09
9.575e-07,-19.393490668276534,-0.0967830227777549,-73.75260788749213,0.007852062834482886,-19.18653862593326,0.00894158892301979,-73.57049684889438,0.007667282444330092,-22.63771242718977,8.556747619800493e-09,7.481914694764911e-09
9.600000000000001e-07,25.10641481850934,0.044359094230091434,-71.1678489372092,0.008137700797103152,25.054122152946867,0.03853719301501636,-71.36762166447087,0.008510942907125618,24.43608204825586,8.556079732043972e-09,7.287850366257279e-09
9.625e-07,67.45105981863591,0.2226521300286996,-69.08307404378266,0.009411848539468153,68.30840936130328,0.21678522258612729,-69.04631522825649,0.009324831686154342,70.40542126341899,8.555181384261652e-09,7.098599289353448e-09
9.65e-07,108.51634075500564,0.5609693384350979,-66.888416576079,0.009989976483517385,108.14252262469974,0.5350989172703875,-66.61432378220485,0.010087003328919203,113.19259577177637,8.554644358840365e-09,6.914430838099526e-09
9.675e-07,142.134351112588,0.9995671872399876,-64.1283300549929,0.010863163607703709,142.33673110088267,0.9770568343011201,-64.08071599475917,0.010777175710513015,150.86372272480637,8.555025554917806e-09,6.737402693589561e-09
9.7e-07,169.2244120315465,1.5444263708416335,-61.8604121018299,0.011417787466190142,169.06065282908406,1.5195087033475716,-61.45582944599687,0.011377914557440055,181.7161529727031,8.556815079086003e-09,6.572323439702766e-09
9.725e-07,186.96472003702218,2.06937604491567,-58.930799439381495,0.011682920932006116,187.00690586016307,2.134189251581886,-58.7512055540312,0.011875516077852675,204.35542692851908,8.560408915158333e-09,6.42692166315145e-09
9.75e-07,195.89942345746059,2.7546886608779113,-55.78054896849649,0.01210986227371899,195.46798822623757,2.789665620815953,-55.97951343595147,0.012260493849014113,217.75830096588126,8.56608825037718e-09,6.311133729390985e-09
9.775e-07,193.64682344492797,3.495225189774926,-53.01598429999908,0.012478151310759323,194.34973215055436,3.4534106161429445,-53.15446329514302,0.012527635894428103,221.31899570067256,8.574006816423898e-09,6.235646825241004e-09
9.8e-07,183.99859053423384,4.067808905475618,-50.10482703207561,0.012289231325240513,184.12403539607422,4.093791437022286,-50.29071002044823,0.012675661905443118,214.8765758396523,8.584186748562263e-09,6.21001645903838e-09
9.825000000000001e-07,165.00058415711308,4.746147891242706,-47.493511106644156,0.013248719430705547,165.73221614970097,4.681791310248946,-47.403747770472556,0.01270656792474444,198.72222408920985,8.596522601850205e-09,6.240769879297783e-09
9.85e-07,140.35149685893813,5.161804829779368,-45.11816820321109,0.013076543410708203,140.4568222435096,5.192334033926541,-44.509796397630275,0.012624786823183265,173.5860803601563,8.610792414261969e-09,6.329891208841031e-09
9.875e-07,110.21433696355903,5.601737286154727,-41.977721028372976,0.012688758531627027,109.7829975823652,5.605149233071322,-41.62568064052898,0.012436310809529633,140.6042411064907,8.62667417452979e-09,6.473976599547594e-09
9.9e-07,75.4373348338187,5.916731163087324,-38.01372078833261,0.011787209657500531,75.27009047091704,5.905187147268391,-38.76870307935917,0.012147914392674571,101.26741035291984,8.643765799646795e-09,6.664188830977838e-09
9.925e-07,39.240743909400294,5.991098376547436,-35.31510522447775,0.011656165390834194,38.450258128031166,6.082653824898762,-35.95651190648081,0.01176658464677549,57.35352326772091,8.661606766118901e-09,6.88697867194168e-09
9.95e-07,1.0709040418273195,6.193760435737953,-32.86524981413556,0.011339296973380344,0.7641764968101552,6.132780429429362,-33.206964612872866,0.011299216529634398,10.847387542028004,8.679699832968785e-09,7.125414288299878e-09
9.975e-07,-36.233761658162145,6.060088290072359,-30.886663264674137,0.010870770416109947,-36.46412543908378,6.055457446033802,-30.537988730093875,0.010752573694979126,-36.14902539780353,8.697531763868917e-09,7.3608899467992314e-09
1e-06,-72.04493711751445,5.859890829504138,-28.04908014087214,0.010358788156742288,-72.0193103124473,5.854854233881952,-27.967440796536,0.01013346044100324,-81.51158471184783,8.714592494623665e-09,7.574970164192571e-09
1.0025e-06,-104.54461510572253,5.607264401898152,-25.820696255318307,0.009357574053929013,-104.76613440528892,5.539110008528201,-25.512964735767106,0.009449008305979742,-123.19000602328896,8.730392687809582e-09,7.751149230782298e-09
1.0050000000000001e-06,-133.45858322272497,5.081090604258322,-22.34407344577551,0.008632042247396528,-133.6164301681687,5.120131773314334,-23.191850843480903,0.008706959089086207,-159.30051960314373,8.744479970152967e-09,7.876347580975323e-09
1.0075e-06,-157.37661853696036,4.713723966002332,-21.56123303522401,0.007840944906571367,-157.5082349913277,4.61347869543269,-21.02089657789982,0.00791582864354776,-188.21101247208355,8.75645429383779e-09,7.942009063639435e-09
1.01e-06,-175.33699051692787,4.149305096825275,-19.371456848355773,0.007470323273788274,-175.41053156245567,4.038262623401117,-19.0162703364226,0.007084862039915018,-208.6147961903174,8.765982778285908e-09,7.944700150615736e-09
1.0125e-06,-186.40592507193614,3.375771460651514,-17.73659422208877,0.006074643940327596,-186.36111782924763,3.4169613220508257,-17.19337937896229,0.0062237356272690295,-219.58966619932792,8.772814099929192e-09,7.88614750206964e-09
1.015e-06,-189.6455825268942,2.8225019531237607,-15.58074722339411,0.005186246306705371,-189.5374553426489,2.7750318455413416,-15.566743025959376,0.005342016680420624,-220.63958336778472,8.776792072883603e-09,7.772694427544586e-09
1.0175e-06,-183.96818259230636,2.268556904417912,-14.075009577211606,0.0045559870074280764,-184.35240342860678,2.1402290339075507,-14.149872216758688,0.004448446365303935,-211.71709383065044,8.777867601844095e-09,7.614219082363037e-09
1.02e-06,-169.67264248071638,1.5657433895690085,-13.107972047844223,0.0034756319787571303,-170.56004521695152,1.5415760852904008,-12.955156462264151,0.0035501563121530973,-193.2254737958137,8.776107799723655e-09,7.422638723660682e-09
1.0225e-06,-148.52595093062388,0.9280552458655635,-12.226639652199344,0.0022265335612858383,-148.35264974738953,1.0079935083612053,-11.993759164973678,0.0026519546234394856,-166.00050237787158,8.771700846654162e-09,7.21021285980201e-09
1.025e-06,-118.3930644076795,0.5992866697320416,-11.16272913550255,0.0019003955280880256,-118.42904266187163,0.566659016691628,-11.275522210167907,0.0017558184888715029,-131.27268628547773,8.76495519508946e-09,6.987929014833483e-09
1.0275000000000001e-06,-82.52401383037304,0.32266442230847603,-11.036944998872876,0.0009447053454102613,-82.01752081277098,0.24123201086585377,-10.808880654786051,0.0008607068480763364,-90.61164372033106,8.756292025898434e-09,6.764278012466695e-09
1.03e-06,-40.91490730316821,0.02016523683067723,-10.643629458520676,8.650752662088201e-05,-40.84253334120256,0.05012069918573777,-10.600788256024462,-3.7238693149011426e-05,-45.855161208969236,8.746230410866465e-09,6.544677468486489e-09
1.0325e-06,2.9543445295432096,-0.10187934522734982,-10.646659751867293,-0.0008275319053637062,2.9673325592198885,0.0049887835547917335,-10.656654490681188,-0.0009440958005466205,0.9738701630566015,8.735365369080613e-09,6.331677626897611e-09
1.035e-06,46.87896098148837,0.2036795251011917,-10.895256792785657,-0.001710484257863838,47.02338682669108,0.10968741192652115,-10.980293619526261,-0.0018672207100283787,47.75888482150729,8.724339813158189e-09,6.1259039198549094e-09
1.0375e-06,89.16880331075983,0.27717102883105743,-11.530718810385645,-0.002900432609542559,88.85783345880674,0.3597573509509195,-11.573886249339008,-0.0028140760516019363,92.38530664736084,8.713812142472005e-09,5.9275006819431815e-09
1.04e-06,125.30723061501476,0.7521836082008625,-12.48681862250565,-0.0036161728702720315,126.1204939245878,0.7425817517100624,-12.43795373961072,-0.0037909784965341965,132.83612300185533,8.704421833266212e-09,5.737696544931329e-09
1.0425e-06,157.27706641793233,1.2027678920971612,-13.283192238466002,-0.004542741964158666,156.76713901963808,1.238191323470032,-13.571345692174631,-0.004801934102097061,167.28304910443484,8.696755702222315e-09,5.560062383005462e-09
1.045e-06,179.3535768369091,1.7127902416574032,-14.910397327303459,-0.006033823180665379,179.21624014463373,1.820643531772402,-14.971240651143269,-0.00584771918845206,194.1691623412647,8.691317523618199e-09,5.401098950487963e-09
1.0475e-06,192.68896992422006,2.4254764877280404,-16.475527644743735,-0.006972536476413246,192.4555515581219,2.4598282872753376,-16.633160028472727,-0.0069253293789296125,212.27927162179927,8.688503354457877e-09,5.269958899232365e-09
1.0500000000000001e-06,196.16950437497576,3.102735831988625,-18.629584301528276,-0.008272008904971954,196.08743213555937,3.123505338817671,-18.550995158206234,-0.008027864792130274,220.79484124871945,8.688584312687047e-09,5.1773292408158986e-09
1.0525e-06,190.74158452826924,3.9341452772659293,-20.875433480807004,-0.008901471517997353,190.31093495645004,3.77936036469334,-20.71704727095286,-0.009144854316388147,219.33098686739828,8.691697751180253e-09,5.1337112909419674e-09
1.055e-06,175.74319310209552,4.426545573167862,-23.174199783480685,-0.010346493515374528,175.84788822562058,4.396879778327652,-23.12208007041251,-0.01026295722017857,207.95387136223496,8.697846894093918e-09,5.147476787206947e-09
1.0575e-06,153.95232489534033,4.836969451455423,-25.440002574155653,-0.011187610716669119,153.82791324348798,4.948885461105913,-25.755384486694943,-0.011366926798783249,187.1777144449536,8.706908180823456e-09,5.2231170141911204e-09
1.06e-06,124.91103959579262,5.3669831542679765,-28.329335363322183,-0.012498894621525862,125.6522975118221,5.412632244837299,-28.60485507777263,-0.012440687199294982,157.9415510946624,8.718644911797014e-09,5.360036181709636e-09
1.0625e-06,93.15473350615103,5.894566522788261,-31.821265790760904,-0.013510233254439435,92.85808180219632,5.770441939446814,-31.65707745150911,-0.013468366484534464,121.56678931526527,8.732725393259106e-09,5.552101074491177e-09
1.065e-06,57.11168542034758,6.117001187912741,-35.09582885474341,-0.01434086631365398,57.00147730562453,6.009915676399461,-34.897425987214675,-0.014435147508083305,79.69748550292779,8.748743673123948e-09,5.78799268606543e-09
1.0675e-06,19.703122692692258,6.222572427890549,-38.19073164223534,-0.015164973142759395,19.574303340444317,6.123819836630729,-38.310171048391005,-0.015327839762386792,34.22603684098133,8.76624113417353e-09,6.052257685692882e-09
1.07e-06,-18.10537623120281,6.070565563699465,-42.20461022768176,-0.01621903913023888,-18.040413597067126,6.109771279463926,-41.87859479800578,-0.01613513240105951,-12.7923507432068,8.784727604486164e-09,6.326858501067788e-09
1.0725000000000001e-06,-54.529991500182355,5.991698494751318,-45.72478814208645,-0.01643664800804486,-54.575788450012894,5.969850804615117,-45.585114654983336,-0.01684755064830294,-59.23255320583474,8.803701163033968e-09,6.592979591632857e-09
1.075e-06,-88.95406450807869,5.572518316121206,-49.3042491864754,-0.017618396347245192,-88.8609016723857,5.7102506642439685,-49.411413366233724,-0.01745719331671045,-102.99557915387552,8.822666348877093e-09,6.832854452992659e-09
1.0775e-06,-119.8672278581152,5.287004796869164,-53.16832850822808,-0.017779319720573526,-119.78785223969858,5.34101825244738,-53.338574613046106,-0.017957367815108347,-142.10343947604468,8.841150917167566e-09,7.0314131333607355e-09
1.08e-06,-145.89821564943765,4.909870330347242,-56.91573862485407,-0.01853135506599225,-146.2828778028389,4.875903344615382,-57.347223024493466,-0.01834225363131226,-174.7885479461299,8.858721539911467e-09,7.177593638953356e-09
1.0825e-06,-166.74869645352615,4.424491975025646,-61.679889405521415,-0.01861177520984426,-167.29696024289333,4.3322619238026165,-61.41766743407052,-0.018606713191538272,-199.57361209509716,8.874998878950465e-09,7.265200492857807e-09
1.085e-06,-182.04799776947962,3.651371400825357,-65.22544708317872,-0.01867920617235082,-181.82669540475393,3.7309270472881284,-65.53004618939961,-0.018746332724587384,-215.33840346645195,8.889672264966218e-09,7.293228847827673e-09
1.0875e-06,-188.85762918072578,3.136473920390057,-70.23049594815852,-0.01859081782134907,-188.96922834348334,3.095935453136791,-69.66447330872575,-0.018757722424680965,-221.37038939137634,8.902513848066581e-09,7.2656108901256336e-09
1.09e-06,-188.05397329424383,2.5328115769110644,-74.22012775257448,-0.018839799717345014,-188.00705807416276,2.454002821693101,-73.80118427222662,-0.01863904515787812,-217.39693784270818,8.91339162847562e-09,7.190393696397449e-09
1.0925000000000001e-06,-177.6683812233523,1.7508646897949955,-78.12126286998138,-0.018199739386311795,-178.51101432912424,1.8336710120516648,-77.92068024091317,-0.018390687732742585,-203.5976397817017,8.922280336787698e-09,7.078430265659148e-09
1.095e-06,-161.08046981182417,1.2786498021904888,-82.09656530680994,-0.018053385793562544,-160.44414180653916,1.2641024101801983,-82.00386951105584,-0.018015948896623418,-180.5961920555697,8.92926881968066e-09,6.9417528468965995e-09
1.0975e-06,-134.85029373072828,0.765670890924032,-86.11763790201498,-0.017693811479046924,-134.24669474010753,0.7735607995183666,-86.03220503750751,-0.017521601336041033,-149.43220772032385,8.934562486656452e-09,6.791881011171284e-09
1.1e-06,-100.41757545775367,0.34929196890652225,-89.66122356049163,-0.0165897147532554,-100.88350617679488,0.3876833536062014,-89.98781689474785,-0.016918194410467234,-111.5142278981602,8.938479537134953e-09,6.638367551171498e-09
1.1025e-06,-61.86418771283115,-0.002684114707993124,-93.66186027350088,-0.0168948436613562,-61.839566996581176,0.12770238744835463,-93.85363858967929,-0.016219998714855025,-68.5560589264063,8.941440118439937e-09,6.4878747149379055e-09
1.105e-06,-19.588712432808535,-0.013428226913692796,-97.66995106872297,-0.015404994370257108,-19.05700984299032,0.00880797603540365,-97.61352619470847,-0.015444546984604667,-22.49931221392588,8.943948217703563e-09,6.3439858437869555e-09
1.1075e-06,24.95424869884987,-0.02131606480296168,-101.43983511238903,-0.01446399086932001,25.18438710170367,0.0388465887123911,-101.25236933300195,-0.014611789111117254,24.574352172932233,8.946566875600311e-09,6.207800931394271e-09
1.11e-06,68.30951373693075,0.1577912304125888,-104.5066113526273,-0.013822267360297355,68.43210632091277,0.21752445404193474,-104.75619311943288,-0.013742941203085137,70.53731180475509,8.949888110160838e-09,6.079173020562722e-09
1.1125e-06,108.84398437465516,0.45875879310254764,-108.4840561483467,-0.012958439438792676,108.25269543893855,0.5362306665727733,-108.11225024001209,-0.012859158990494543,113.31214557765821,8.95449962955082e-09,5.958268483657472e-09
1.1150000000000001e-06,142.713894174168,0.8890861300149919,-111.56058134746155,-0.012047718557670287,142.42733006572473,0.9785220233872928,-111.30910243881885,-0.011980195770023822,150.96552841625893,8.960950881813317e-09,5.847032859091044e-09
1.1175e-06,169.11347980761687,1.4800907813060826,-114.65854724377631,-0.011012513878435244,169.1269994116556,1.5212305808783144,-114.33669077385377,-0.01112320942728156,181.79561316431486,8.969721158153863e-09,5.750151874379593e-09
1.12e-06,187.3780275779862,2.198666002683123,-117.53537298891557,-0.010000146533759314,187.04600848693465,2.1360787438101725,-117.18639410102395,-0.01030186115451201,204.40895020058394,8.98119230209125e-09,5.675218475695138e-09
1.1225e-06,195.5986524506374,2.8737642515042805,-119.81006624599391,-0.009301394095056618,195.47867621891072,2.7916273682193893,-119.85107534775786,-0.009525804136871117,217.78346818839043,8.99562809997946e-09,5.632018693662855e-09
1.125e-06,194.7724709991011,3.4633611343315054,-122.67206449017209,-0.009080358224832044,194.33260198420405,3.455349063569071,-122.32511524366629,-0.008800601356653013,221.3146693724819,9.01316170866813e-09,5.631073562413271e-09
1.1275e-06,183.764036047998,4.134098090995018,-124.10509948407837,-0.008181794712008106,184.08123077272663,4.095616383894445,-124.60443328425539,-0.008128047886142957,214.84295150094306,9.033791620672307e-09,5.6817567005833445e-09
1.13e-06,165.13184415100713,4.694954965456447,-126.85108286411493,-0.007202959980431749,165.66708632001658,4.683422449878029,-126.68649581402515,-0.007506815421028601,198.6608214835218,9.057385802843755e-09,5.79039912282163e-09
1.1325e-06,140.4978394672225,5.134158138292071,-128.03220323708035,-0.006579009945529045,140.37351777499666,5.193704194100073,-128.57031122637707,-0.0069332949583263545,173.49967474543277,9.083692895808646e-09,5.958776875924826e-09
1.135e-06,109.32372850124911,5.537697285252341,-130.07928959037667,-0.006219713820398328,109.68606704153675,5.606206241001287,-130.25641238863776,-0.006402494176137225,140.4967378197457,9.112358830021836e-09,6.183269382117378e-09
1.1375000000000001e-06,75.79193635317247,6.054694789912847,-131.96739641820466,-0.005550403938342387,75.16413480823962,5.905894443935782,-131.7468265102054,-0.005908851917215007,101.14366829789412,9.142946962157983e-09,6.454817409931333e-09
1.14e-06,38.25385857491781,6.1203208703100165,-133.11422964885097,-0.005385701526383156,38.33968341682441,6.082990112718798,-133.04503277939227,-0.005446861423978778,57.21913530350319,9.174959875412533e-09,6.7596475449398715e-09
1.1425e-06,1.1337514062855374,6.162466930383443,-133.7453105914561,-0.0047180662400932135,0.6530632280627593,6.132738727502139,-134.1559081990222,-0.005011440706403748,10.708427698561959,9.207861281737661e-09,7.080604143150108e-09
1.145e-06,-35.99001630186213,6.015727973072249,-134.92861794901359,-0.004689206970139585,-36.5720428317978,6.055043936615981,-135.08566215133993,-0.004598043700742797,-36.28627645204656,9.241096933675645e-09,7.398859889141487e-09
1.1475e-06,-71.73834999891339,5.890030203687097,-135.38682651720714,-0.0040902271360509215,-72.12058207893877,5.854087214806199,-135.84176031842253,-0.0042025593446017835,-81.64092354177795,9.274113992235629e-09,7.695761123630727e-09
1.15e-06,-104.73558107986219,5.558908657763509,-136.67806415070766,-0.003959916394326629,-104.85749617058228,5.53801913622514,-136.43283867422122,-0.0038210874658589408,-123.30558680833671,9.306378792478646e-09,7.95458796823002e-09
1.1525e-06,-134.04010741146874,5.087940747584676,-136.25049455903715,-0.0032570477782189657,-133.69471580037873,5.118757618130798,-136.86860834782408,-0.0034497028187900902,-159.39711835503277,9.33739330163621e-09,8.16205084211451e-09
1.155e-06,-157.04137584361317,4.653149283836027,-137.0373287852185,-0.0028229048090254016,-157.57034753137518,4.611872469236296,-137.15975223378948,-0.0030843176787989004,-188.28426314721813,9.366710709470139e-09,8.309387533099885e-09
1.1575e-06,-175.28608948767123,3.9919758916152994,-137.19265060745806,-0.002806841819413684,-175.4535043049491,4.0364858127052425,-137.3178142938127,-0.0027207294423781973,-208.6613880249952,9.39395050521713e-09,8.392961956030583e-09
1.1600000000000001e-06,-186.72360132788634,3.30610531215051,-137.9410537459085,-0.0024470568569882004,-186.3822768961118,3.415084895078837,-137.35508255393844,-0.002354897259183487,-219.60749334872594,9.418813105883823e-09,8.414301120842961e-09
1.1625e-06,-189.77277954117693,2.7605314893843493,-137.3080311081103,-0.002001089673650149,-189.53467130982494,2.77313471405523,-137.28446685254596,-0.0019834388741266362,-220.6278400853458,9.441093675761267e-09,8.379550995163317e-09
1.165e-06,-184.65099469346285,2.201390994721665,-137.51962474696225,-0.001466734910678595,-184.32439725737802,2.1383955409148134,-137.11937243593022,-0.001604285587578451,-211.67631088599788,9.460694315480337e-09,8.298394308137956e-09
1.1675e-06,-170.45049172128537,1.5602558281885326,-137.36567226748508,-0.001328832328816454,-170.5066971814791,1.5398924437185548,-136.87357053018016,-0.0012173897271105128,-193.15749448517076,9.477633410510985e-09,8.182554872633777e-09
1.17e-06,-147.78538284877487,1.016406208958642,-136.69040032196673,-0.0010379708296598198,-148.27525250881075,1.0065433068358995,-136.5610670399154,-0.0008253537592783921,-165.9083992112721,9.49205071375385e-09,8.04410150201122e-09
1.1725e-06,-118.03940883566348,0.4902663040348807,-136.54362716702417,-0.00013405146379072007,-118.33044278134015,0.5655181023657537,-136.19597053611793,-0.00043384841690104594,-131.16062211630384,9.504206765811297e-09,7.893835389548416e-09
1.175e-06,-82.3771500559946,0.24997627940569317,-135.6352941544678,-1.7406947149703993e-05,-81.90210656879235,0.24046321995554193,-135.79236069672493,-5.1710030869129685e-05,-90.48468359382855,9.51447555751133e-09,7.740067819691359e-09
1.1775e-06,-41.8833828402102,-0.0006830010696333988,-135.12820879500438,0.0003667011373338753,-40.71604858211359,0.04976900251777455,-135.36415835479036,0.00030934873902010865,-45.71904343372711,9.523329890502772e-09,7.588046635476047e-09
1.18e-06,3.1331070514478947,0.08956815097668132,-134.85409064621564,0.0006857660391405061,3.098142293574294,0.005077426605810144,-134.92499829003708,0.000635422615744221,1.1129933735816324,9.531319624259553e-09,7.4401651261385645e-09
1.1825000000000001e-06,47.63389523699458,0.14287763185334942,-134.82086885204995,0.0007356592775809296,47.151263069119004,0.1102155504560188,-134.4881058706266,0.0009114376062522948,47.89472541502484,9.53904380644264e-09,7.296907138406616e-09
1.185e-06,89.31961806998301,0.4241639983436719,-133.95768401258977,0.0010414155780057892,88.97557350534808,0.36069952391793636,-134.06617861330315,0.0011224053042077245,92.51172493838774,9.547118444527039e-09,7.1582923180950036e-09
1.1875e-06,126.3898834006139,0.7677441630237698,-133.45082610742415,0.0015263773050989931,126.22153073686485,0.7438893163322287,-133.67127368205038,0.0012547584915647866,132.9474051715327,9.556142268784828e-09,7.025441700948077e-09
1.19e-06,157.18709998599363,1.1915923660165824,-133.30125018932628,0.0012824581029043402,156.8460606629359,1.2397957367494021,-133.31470228847374,0.0012976027580849378,167.3741654521162,9.566663162598022e-09,6.901834542940653e-09
1.1925e-06,179.2375119911144,1.885852800276148,-133.21902552195854,0.0014056965954119783,179.2691854909192,1.8224611365894972,-133.00693189184386,0.0012437287577508308,194.23599461553414,9.579147938787637e-09,6.793893891607684e-09
1.195e-06,193.24617288110517,2.424666824091994,-133.16752118559302,0.0015581124657649637,192.48043736101226,2.4617660849850713,-132.7574970236476,0.0010902641374569688,212.31879915605788,9.593957814076815e-09,6.710706187598946e-09
1.1975e-06,196.4214404073789,3.1425509470442723,-132.47069160643824,0.0007069997851190215,196.08399181883246,3.12546713146489,-132.57491948131502,0.0008388973119551517,220.8052774884331,9.611331323952835e-09,6.662901631049634e-09
1.2e-06,190.60876225972112,3.7769555009572167,-132.47113170682115,0.0005606833012057102,190.2805772601386,3.7812526426615314,-132.46663854919655,0.0006893291537625604,219.31186011829922,9.63137561749682e-09,6.6609328944063054e-09
