time,v_coil,i_coil,v_bias,i_bias,v_coil_clean,i_coil_clean,v_bias_clean,i_bias_clean,v_coil_src,density_state,heating_state
0.0,-57.654156510974886,-0.13336221270517076,-134.53606420569076,0.024905503663815897,-57.15178694522441,-0.09400372194887936,-130.94945517777015,0.02512922189277082,0.0,0.0,0.0
2.5e-09,15.660363712788957,-0.2753612175094381,-130.1797521933418,0.023728354914758235,16.730661244031225,-0.20867939681539407,-129.18479950972716,0.023721488713209452,82.94862871966555,1.2859666589092969e-09,4.5700707738249807e-11
5e-09,88.67529341703946,0.0020578832721538168,-127.78675969726653,0.020621158924980246,89.64197627900349,-0.0196094417983116,-127.62555227919044,0.02068535364189954,162.1481683201555,2.5463273684427526e-09,9.069120331905336e-11
7.500000000000001e-09,160.6940810403115,0.3856243159910745,-127.66618029572938,0.01706263832457611,157.13948042729183,0.46188527097517174,-126.29624113111483,0.017201197886543687,234.01897997267844,3.781748977328419e-09,1.347873417948121e-10
1e-08,220.9903169106537,1.309976694859147,-123.8563699997923,0.014014913061713642,215.26867807146763,1.2069260419906318,-125.22025100511868,0.013256311951183288,295.31266666197524,4.997832323274253e-09,1.789254280721494e-10
1.25e-08,260.0652277751059,2.194548144727527,-123.47446196863409,0.00901083855930542,260.90353563197834,2.171653608977029,-124.41961143936972,0.00884833483214485,343.2588933338328,6.198718467763525e-09,2.2662128047796688e-10
1.5000000000000002e-08,296.18462506613633,3.276042580980825,-126.06385778887693,0.003608698762724002,291.9769175093146,3.3010310553908484,-123.91479377381415,0.003987109195196298,375.6905997306489,7.388318826705189e-09,2.846612508191924e-10
1.75e-08,306.47870245081936,4.568595019002605,-123.29712215593126,-0.00044608739244262014,307.574828130007,4.533375056652479,-123.72452004000583,-0.0013046131682677665,391.1419465800285,8.570442332260322e-09,3.6281899092859465e-10
2e-08,306.9101088624944,5.855661116204274,-124.94104501554509,-0.006722151061524293,307.8900553870583,5.805045354194121,-123.86558522819094,-0.006991671723349722,388.9145681917394,9.748745575510231e-09,4.726681341466899e-10
2.25e-08,293.33809842118194,7.113397790625434,-122.24004620448393,-0.012519427986042633,294.0529810055704,7.054740609292681,-124.35269451075557,-0.0130280750180535,369.1091369965224,1.0926705107262343e-08,6.257962163360355e-10
2.5e-08,268.61260717759484,8.214822237886139,-125.76905908678846,-0.020120596206342694,267.87588960372534,8.226952748326813,-125.1983168756213,-0.019359369320283294,332.62081338148306,1.2107609913663573e-08,8.318510033301864e-10
2.75e-08,229.86359123482976,9.289391390752051,-131.2384758006168,-0.027027817978786034,231.55890499601327,9.274301467245746,-126.41255648475632,-0.025925406365542303,281.09878647914366,1.3294569861078869e-08,1.096843581067032e-09
3.0000000000000004e-08,186.52139322119274,10.126412782262852,-124.83189045259134,-0.033030237960106915,187.40876660579485,10.158674542837073,-128.0030429228644,-0.03266308391845978,216.87173457435267,1.4490534548262934e-08,1.422017031304966e-09
3.25e-08,139.96775455852372,10.845887794691665,-135.28672084430983,-0.0401050761032964,137.61565001114596,10.851301368615893,-129.97484134081697,-0.03950867334658441,142.8425741489095,1.569831668006749e-08,1.8034203994336785e-09
3.5e-08,84.77655610252727,11.287394346117809,-133.20901748906226,-0.0471495601860601,84.11937556122324,11.332051156128786,-132.3303833289187,-0.04639945516304226,62.357254667400454,1.6920614767468405e-08,2.232165993881271e-09
3.75e-08,31.435786941917662,11.524174599364427,-137.986009975068,-0.05380737012689247,28.577272639167973,11.588345404405024,-135.0694191780979,-0.053274535904175975,-20.946470718868145,1.816003146685249e-08,2.695237948575686e-09
4e-08,-26.54453090827131,11.564998196392686,-138.01024035505213,-0.06025798065030142,-27.574775584251473,11.614090822174074,-138.18899200415834,-0.060074889191020976,-103.30346333005205,1.9419085860687523e-08,3.17667677581461e-09
4.2500000000000003e-08,-83.35047596161851,11.43664240213414,-142.01555425901392,-0.0673032858971448,-82.99516719372536,11.40897329218873,-141.68343402289895,-0.06674281907380909,-180.99137465174593,2.0700220038689018e-08,3.658976201710233e-09
4.5e-08,-131.69200875344353,11.001063315744211,-141.60807627217477,-0.07347860827099995,-136.2833749320556,10.978320219095268,-145.54438507384634,-0.07322115641754232,-250.49888801092789,2.2005802050034036e-08,4.124566187633295e-09
4.75e-08,-188.56582985806665,10.243439361656206,-150.78348562930296,-0.07962606151580356,-185.84584674193718,10.333564625219012,-149.76083329921846,-0.07945254880216314,-308.6844220932576,2.33381283255298e-08,4.557288792676192e-09
5e-08,-228.61686383566865,9.432287939608738,-157.54375717983123,-0.08414504001880338,-229.8223593213993,9.493164021843505,-154.31917769420554,-0.08537918239814542,-352.9181232641594,2.4699428813999065e-08,4.943780789478246e-09
5.25e-08,-269.2297493675678,8.476820075810219,-160.4145896884736,-0.09082502419497786,-266.1021918185263,8.483675911192675,-159.2033120563985,-0.09094318479254994,-381.2007289641381,2.6091877313633527e-08,5.274655619355894e-09
5.5e-08,-290.99096275613266,7.257340363761018,-162.4677721322474,-0.09558551715220086,-292.4415263883294,7.340599946658347,-164.39472967785574,-0.09608781725892776,-392.2539298235465,2.7517607959493325e-08,5.545342701671524e-09
5.75e-08,-308.941426896467,6.155587206821927,-165.7855213694301,-0.10113813720862452,-306.6728367770846,6.108583594848693,-169.87264794449092,-0.10075939924921155,-385.5781463349993,2.8978736856083418e-08,5.7564225253920164e-09
6.000000000000001e-08,-308.13942831046654,4.813803625013092,-177.15279679888204,-0.1048201334771502,-306.97750106023943,4.840658440429144,-175.61415183576014,-0.10490974743035426,-361.47510870941363,3.047738581728692e-08,5.913321429890084e-09
6.25e-08,-294.8513280070909,3.6058821226970648,-174.15786748966624,-0.10861189198334195,-292.17809951748563,3.596317452953227,-181.5943551545222,-0.10849878621265062,-321.0342193576068,3.2015703514727365e-08,6.0253184695760125e-09
6.5e-08,-262.29588687965196,2.4973178863119543,-190.92124263181904,-0.11163815660168991,-261.9996314253609,2.4384353612183665,-187.78657816388298,-0.11149692022767665,-266.0833143822224,3.3595878403579164e-08,6.103961806714097e-09
6.75e-08,-218.5705157271289,1.4263315181685925,-196.0125136643445,-0.11346030455085739,-217.25066474910173,1.4292411603073731,-194.162540166139,-0.11388676507406713,-199.10604954842546,3.522013783142632e-08,6.161158319601069e-09
7e-08,-158.9930978551139,0.6673582619564914,-199.99869948168418,-0.11516949485499146,-159.88607275706894,0.6257367261099841,-200.69256542986884,-0.1156639114443336,-123.12964469934487,3.6890728810049366e-08,6.207330967026696e-09
7.250000000000001e-08,-90.8641819663851,-0.02768912566131909,-206.10607042230743,-0.11610394285445287,-92.9307755330232,0.07508477089720927,-207.34580075589895,-0.11683653694300462,-41.588060313054406,3.860987792480008e-08,6.250075873305378e-09
7.5e-08,-16.72304998064525,-0.20824012139474854,-212.60771921126957,-0.11831594009530758,-20.26577072161602,-0.1894615306142669,-214.0904428723109,-0.1174238559864576,41.833209690875094,4.037973048551186e-08,6.293660844021461e-09
7.75e-08,51.06355242877103,-0.22480153852874823,-222.45934609791408,-0.11760416146370714,53.700067326226836,-0.15155672943695706,-220.8939737637475,-0.11745358076728021,123.36371388356653,4.220417554969114e-08,6.339498315655488e-09
8e-08,122.49610040006053,0.13212399244046308,-221.56612556464063,-0.11746177510193223,124.43027541160258,0.1867136742931319,-227.7234019717464,-0.11695872357246766,199.31845914496745,4.408265008146741e-08,6.387454808984553e-09
8.25e-08,189.4849336732054,0.8735357800812732,-233.50541354116672,-0.11584786442482457,187.67915289158205,0.8049940371875542,-234.54550785129766,-0.11597417518454929,266.2644639610419,4.6015403156981395e-08,6.43761217108751e-09
8.500000000000001e-08,238.0360358813795,1.7006917661792107,-241.82873299417673,-0.11449784577129157,239.87113870691326,1.6664842447125292,-241.3270907347285,-0.11453352730295446,321.17592137027253,4.800491852516272e-08,6.491957879599096e-09
8.75e-08,277.70265679224605,2.75070850329041,-251.19864642543712,-0.11173797218904072,278.39055518648183,2.7211858513148908,-248.03521593766152,-0.11266656301823269,361.57095854765146,5.005162921248534e-08,6.555501666285301e-09
9e-08,300.49095895848535,3.881928501048239,-253.75667211372763,-0.11049513630907377,301.7457187024456,3.9101390374994636,-254.6374595433265,-0.11039772596677824,385.62381180439985,5.2155390764716305e-08,6.636487209145859e-09
9.25e-08,312.89697021904533,5.179852884745288,-261.28083952948174,-0.10828778864092925,309.5917973607174,5.170105472898958,-261.10214892089897,-0.10774571572893,392.2473469488868,5.4315445218194833e-08,6.745630933163191e-09
9.5e-08,302.85738261450115,6.464524875198033,-269.2242528742968,-0.10446526243727097,302.61934816312606,6.438124714598898,-267.39859697063747,-0.10472417276609684,381.1421952763615,5.6530411206628294e-08,6.894586291438888e-09
9.75e-08,278.11940604122236,7.684058302970007,-274.0720208812578,-0.10228356858549555,282.3362811719682,7.655434657337255,-273.4973281430534,-0.10134324273834938,352.8102843526547,5.879829932643133e-08,7.094018257723114e-09
1e-07,250.76659847628483,8.736930887606897,-281.9012724543503,-0.09754306859341413,250.7864998685153,8.770386725043007,-279.3702943507076,-0.09761167731243706,308.53215203124324,6.111654931091472e-08,7.3517318507801454e-09
1.025e-07,215.65356221004032,9.778807531910937,-286.6069360754779,-0.0935505902768212,210.25604459658865,9.740177698220814,-284.9910789788495,-0.09353905903472573,250.30906905844216,6.348208371354829e-08,7.671231690593414e-09
1.05e-07,163.89788855290922,10.55154789172617,-290.83188022295246,-0.0889005156484645,163.0160343201051,10.531427610857797,-290.3350873042287,-0.0891377425920559,180.77258619316643,6.589137192463971e-08,8.050939301819896e-09
1.075e-07,110.70535840595115,11.213885762609156,-295.2596723998894,-0.08429442513902452,111.14150487145032,11.1198201067079,-295.3797217491188,-0.08442418159612661,103.06559410545964,6.834049851958905e-08,8.484122494789536e-09
1.1e-07,60.16644740555657,11.501911982750187,-299.57133630226735,-0.07933202310972556,56.428365718649125,11.489155472561585,-300.10454052885046,-0.07941944383855862,20.700271875513884,7.082523104990464e-08,8.959451510175166e-09
1.1250000000000001e-07,-1.1510731505097402,11.576153840282824,-302.245533736781,-0.07413857414182831,0.41030820776298493,11.630224869669675,-304.4913983948147,-0.07414888362178522,-62.600655502465045,7.334108416714792e-08,9.462020026614818e-09
1.15e-07,-56.32040512958613,11.601741688467646,-308.53817702146245,-0.06804401217106727,-55.54263041075892,11.539888752008482,-308.52456832970415,-0.06864110659072678,-143.07217581223568,7.588337903102388e-08,9.974656273200064e-09
1.175e-07,-109.11452916467813,11.186928573131304,-312.4967241376188,-0.06364991311692378,-110.07831086967217,11.220640253981626,-312.19084321634267,-0.06292649979271253,-217.0771595936308,7.844729887293117e-08,1.0479378178146173e-08
1.2000000000000002e-07,-161.972814335344,10.658113451261144,-316.8930463734367,-0.05755367794294809,-161.71325369059318,10.68077668944852,-315.47961667438807,-0.05703568232963903,-281.2707501113173,8.102794298129872e-08,1.0958885120581991e-08
1.225e-07,-211.39091859954848,10.03559596467574,-319.19915289991405,-0.05073942429077129,-208.72426411149866,9.935120613550268,-318.38294243893256,-0.050998244843834355,-332.75154326198987,8.36203819701659e-08,1.1398000398480654e-08
1.25e-07,-245.78929896047057,8.947478704368125,-317.8819346971536,-0.04454669004782065,-249.11717531441303,9.006061934539158,-320.89557184002854,-0.044842086873957264,-369.1927244324752,8.621971687246386e-08,1.1784970625804202e-08
1.275e-07,-279.49739271438807,7.957526270153549,-323.2473011299843,-0.03817950990261363,-280.69363147477674,7.92456794756706,-323.01496913078245,-0.038593540692392354,-388.94723522138685,8.882114342959485e-08,1.21124973782475e-08
1.3e-07,-302.4610600244891,6.658093705311443,-324.0255294603093,-0.032581171370165134,-301.2170657343576,6.730754209445381,-324.74130460225257,-0.03227831068754986,-391.12221672802315,9.142002116290114e-08,1.2378345394826421e-08
1.325e-07,-310.4732744447735,5.525555819576805,-327.97222510794603,-0.024603925535485256,-308.6584635591112,5.473638224448109,-326.07742561428654,-0.02592308803678643,-375.6193647413706,9.40119447697316e-08,1.2585371319054354e-08
1.35e-07,-301.0402326346808,4.131602655002271,-325.4832350069538,-0.01917310749972406,-301.4849430503294,4.2098070083946295,-327.0288058609564,-0.019557552655997193,-343.1393728665734,9.659281350582681e-08,1.2740873097182956e-08
1.375e-07,-279.66513993751903,2.9222720151079202,-324.2334165671482,-0.014124006605617167,-278.9429182851501,3.000900911745356,-327.60347337575826,-0.013216375862829307,-295.1502627696708,9.915889289766756e-08,1.2855279642366882e-08
1.4e-07,-243.9837480838309,1.9515233481243923,-324.92761940718657,-0.006999389207433255,-241.28481661212973,1.9100200221186148,-327.81191796358905,-0.006940806830664581,-233.82103294141874,1.0170686268192783e-07,1.2940362138309694e-08
1.425e-07,-186.67161822177528,1.0111797416137727,-328.0538012851158,-0.0010147587683386598,-189.89466574493557,0.9973599245119562,-327.66697892211886,-0.0007794705906920892,-161.92362490496797,1.0423384545210272e-07,1.3007304591295595e-08
1.4500000000000001e-07,-127.90342846442022,0.27749768675842607,-334.2868406305539,0.005605194295403942,-127.28238659275284,0.31554438637650173,-327.1837140830051,0.0052118815081980035,-82.7076377715644,1.0673741208009792e-07,1.3065061593618346e-08
1.475e-07,-55.70185718836801,-0.15190477367500624,-323.6147278612428,0.010681290177730842,-56.93688835698731,-0.09478612741539492,-326.37925136198584,0.01097176522331357,0.2465462389687186,1.0921556236678062e-07,1.311940653356387e-08
1.5e-07,19.933831100507792,-0.19437498846397416,-322.32484211422036,0.01584020799997457,16.949413036492054,-0.20856732394091246,-325.27262415486183,0.016435412597689145,83.189586920961,1.1166763459693517e-07,1.3172919581506631e-08
1.525e-07,89.85560578687972,-0.022739375860697433,-322.82760917522484,0.02158314242799585,89.851147150401,-0.018609062526938804,-323.8845920524396,0.021538014515331157,162.37264772181334,1.1409252284707214e-07,1.322591533510857e-08
1.55e-07,160.3667079688316,0.4694064818127875,-324.1356876268184,0.026415760122295406,157.32649883988154,0.46371368245939604,-322.2374484704923,0.026218360570549756,234.2168346169508,1.1648612595672798e-07,1.3278039651171412e-08
1.575e-07,212.58880573789187,1.1875342612953845,-317.57260048586323,0.03036602611390808,215.42296052532927,1.2094735253482882,-320.354816899621,0.03042241047077964,295.4749539695155,1.1884930631137816e-07,1.3330063892461855e-08
1.6e-07,262.3604509574667,2.0966610693643486,-314.2623591187743,0.032895729545617494,261.01734587244493,2.1747721471802333,-318.26143757364656,0.03410633763349266,343.37827828791717,1.2118147223163548e-07,1.3385343139193396e-08
1.625e-07,296.1791227776987,3.3100965453117976,-314.3359388241684,0.036674851667829904,292.0458525798224,3.30454614138506,-315.9829464330073,0.037238667205257744,375.76168640322834,1.2348187146158015e-07,1.3450505363962547e-08
1.65e-07,308.0102242966658,4.489886688584153,-309.2533931275827,0.0399544239250457,307.5978849221207,4.537099578792487,-313.5456483209325,0.03980127323887972,391.1615220153878,1.2574973195561606e-07,1.3535166142109783e-08
1.675e-07,305.1419806053885,5.781693625026842,-311.1791234296678,0.040872730841333436,307.8692983555864,5.808793100712604,-310.97628639437664,0.04178917838944267,388.8817476247795,1.2798423526013104e-07,1.3650739856203347e-08
1.7000000000000001e-07,292.3513697203511,7.070282012979793,-304.21129606968447,0.04296103821823204,293.9928935666825,7.058337879208342,-308.301809758477,0.04320928327886665,369.0254038421276,1.3018451137241508e-07,1.3808653269067313e-08
1.7250000000000002e-07,266.3542971216325,8.196423279102147,-307.13623829367873,0.043591880555987506,267.78253778898716,8.23024697298387,-305.5491413424163,0.0440783099279968,332.4899521875465,1.3234965292633588e-07,1.4018392800544796e-08
1.75e-07,230.12436726804637,9.28663785417882,-304.3600967248736,0.043439240348856184,231.43906443694536,9.27716631505839,-302.74494802598525,0.044420347594613364,280.92671187362157,1.3447874434084438e-07,1.4285809656077515e-08
1.775e-07,190.8331326596657,10.15831994687449,-301.84326396941316,0.04490893866260343,187.26915934957742,10.161011596655918,-299.91541499994133,0.04426442285092578,216.6662239375486,1.3657090022171383e-07,1.461199117352276e-08
1.8e-07,138.17286733541673,10.754114292718544,-297.34797188352115,0.0444608758333774,137.46240733901226,10.853039020710785,-297.0860262997037,0.04364247429030395,142.6129160935969,1.3862530699527638e-07,1.499283757427456e-08
1.825e-07,86.15330391172661,11.322648220367581,-294.77718532939167,0.04221519505896721,83.95779280164084,11.333141763364877,-294.28135339142557,0.04258800475279845,62.11382921467962,1.4064126245636644e-07,1.541932173788265e-08
1.85e-07,25.61133815226267,11.567078627735924,-292.0823055328589,0.041091345945937226,28.41186134970656,11.588761919217902,-291.52485361259573,0.04113553100965636,-21.19266129288715,1.4261820943392516e-07,1.5878299701532027e-08
1.875e-07,-25.0447038674174,11.513003588620634,-282.00033231714355,0.03965570049743849,-27.73999253325756,11.61382403873231,-288.83868017674587,0.03932078103576351,-103.54129177207346,1.4455576177975865e-07,1.6353696572955543e-08
1.9e-07,-84.0052906010012,11.534407936057635,-288.4137774184753,0.012602906114929004,-83.15622016535784,11.408030542971883,-286.2435053444144,0.012321837769485144,-181.2100916577971,1.4645372295533365e-07,1.682790423433013e-08
1.925e-07,-138.56776086057218,10.994222643147204,-288.34598452268074,0.01971302137128787,-136.4359017176742,10.97672588815743,-286.7526778795512,0.020022419251963647,-250.68860807041978,1.4831209921488567e-07,1.7283264855158933e-08
1.95e-07,-187.03290851659239,10.319447555709997,-279.16529944920745,0.05262844084274723,-185.98476831161264,10.33136230395405,-283.17521318248413,0.05222577147880416,-308.83657029155074,1.5016050482657974e-07,1.7704591262393093e-08
1.9750000000000001e-07,-227.0986218847377,9.38725282743566,-278.41919444374645,0.04890093703393436,-229.94178498655134,9.490419627485284,-279.7546745129949,0.049130677829070976,-353.02582284917816,1.5195781568624866e-07,1.807698624264179e-08
2e-07,-266.4576732668007,8.457530734529254,-278.466251868848,0.04612180138991673,-266.19561607869906,8.480480717490948,-276.5051263602895,0.04588436139281794,-381.2591121599039,1.5370494171226035e-07,1.8391024187480383e-08
2.025e-07,-293.644632061159,7.350907089901835,-275.8934632908983,0.042593724756338075,-292.50232097000355,7.337072315482896,-273.4383959126957,0.042543214351949875,-392.2603578425669,1.554030581713102e-07,1.864210804080935e-08
2.05e-07,-304.4856829701756,6.0578128918514595,-272.00458612127125,0.04038859725318402,-306.69498023248235,6.104868283533961,-270.5640082331438,0.03916397464130461,-385.53232864545305,1.57053626820629e-07,1.8830802681733695e-08
2.075e-07,-309.9600150101328,4.799418512395199,-269.74652688555653,0.03593919251243558,-306.9564360854044,4.836922683730148,-267.8891425769141,0.03580116257888244,-361.3791161665277,1.5865841728922495e-07,1.8962527627771855e-08
2.1e-07,-291.1457895062268,3.6541217481593367,-264.883572078663,0.032821712966098926,-292.11157464418034,3.5927435275466837,-265.41861010669953,0.0325043199668547,-320.8923906057155,1.6021952403008646e-07,1.904656180915299e-08
2.125e-07,-261.10352020403576,2.432272477916777,-261.9820324315642,0.029483086636171264,-261.88837541191526,2.4352099468071127,-263.1548530697628,0.029315468898114955,-265.9020597579249,1.6173937325955492e-07,1.909445834339617e-08
2.15e-07,-216.07597501295578,1.4458183235233122,-257.4206947114717,0.026028358301816337,-217.09876083285076,1.4265424072494284,-261.0979653116012,0.026267200213531978,-198.89356134796859,1.6322071435300352e-07,1.911813346804151e-08
2.175e-07,-159.08481594940721,0.6224150729551311,-258.9947788626757,0.022525700373264564,-159.70094306848597,0.6237204175359341,-259.2457338117905,0.02338172079969859,-122.8955269054898,1.6466659125594043e-07,1.9128024447901654e-08
2.2e-07,-93.92270100812348,0.10739380015318598,-257.35850966497776,0.02050915638224294,-92.72274617343905,0.0738712389736582,-257.59370074219726,0.020671047714832688,-41.34289451692578,1.6608029147885257e-07,1.9131748353050305e-08
2.2250000000000001e-07,-19.199126219328058,-0.14597096184864203,-253.82596013158,0.017719238409226117,-20.047254940108786,-0.18979806280022715,-256.13524536720536,0.01813835939667388,42.0783425536078,1.6746527288598689e-07,1.9133602962816478e-08
2.2500000000000002e-07,51.48177794193066,-0.11126270229736648,-253.20242708107472,0.01611972002701029,53.915668357315816,-0.1509949656963718,-254.86168493155193,0.015780330540747838,123.59773436574864,1.68826978406882e-07,1.913504205730155e-08
2.275e-07,123.8527650051877,0.1477827291910939,-254.6392585413008,0.014039753165543178,124.62980834253919,0.18814005290241928,-253.76239351538007,0.013590119487457024,199.53079005373812,1.7016660610271722e-07,1.9135986361307345e-08
2.3e-07,188.37834867815417,0.8518606167478138,-253.7796350791742,0.011495559119543882,187.85091599057026,0.8071993765971999,-252.82493767962978,0.011560572617452552,266.445508422867,1.7148640037233287e-07,1.9136584826990326e-08
2.325e-07,242.67391689597991,1.697280316984223,-250.3899845263942,0.01005758617707441,240.0058903859731,1.6693385759883512,-252.03522757928573,0.009687177517956672,321.3174965877705,1.7279101001817575e-07,1.9138903348695564e-08
2.35e-07,278.5765353224146,2.7945333645653574,-247.60029600128993,0.007650449979276694,278.48219594112044,2.724526179700443,-251.37768208856986,0.007970341238672914,361.66666564340096,1.7408321123281485e-07,1.9148038472759283e-08
2.375e-07,301.49548635787437,3.9576549786730038,-249.8509997702655,0.00672718331665692,301.79156841044227,3.9137827842445843,-250.83540636204853,0.006416684028491338,385.6693250356267,1.753653567753475e-07,1.9172325537967432e-08
2.4000000000000003e-07,309.74311883979055,5.11428738638422,-251.00594582030607,0.005555756044715046,309.59245511805926,5.173864376468175,-250.39038014990416,0.005039202566807798,392.24060922118645,1.7663932103850397e-07,1.9222574118924534e-08
2.425e-07,299.5347623755089,6.423493876095528,-247.503204559911,0.0034434642595676827,302.57818769896613,6.441817553197454,-250.02365509517705,0.003856341352849557,381.0835111196822,1.7790647087134344e-07,1.931052985105851e-08
2.45e-07,281.67646876864325,7.618530975344777,-253.74863173919562,0.003001013924259903,282.25869000219603,7.65889746456509,-249.71555916643248,0.002890184559064066,352.7023061572375,1.79167661424711e-07,1.9446947746627576e-08
2.475e-07,250.33754167875142,8.84520321631022,-247.76213287883698,0.00226840883710475,250.67900531991063,8.773479675016,-249.4459063216599,0.002164113398843023,308.379760165621,1.804232537155126e-07,1.9639720803171238e-08
2.5e-07,212.3682746871217,9.855666362967675,-252.95436196028393,0.0011464609802524376,210.1254788989975,9.742788442951081,-249.19420945877772,0.0017003434754602404,250.11915128790065,1.8167314875708937e-07,1.9892440561075728e-08
2.525e-07,162.16480093667263,10.585860835644553,-249.06459167058776,0.0008169943125373157,162.86887300640421,10.533471452155327,-248.93989468520687,0.001517751635474518,180.55372636843217,1.8291683222764275e-07,2.0203615824062704e-08
2.55e-07,109.80437854905227,11.134055765495324,-255.24542508376493,0.0008719187740069617,110.98347145023216,11.121237871766612,-248.6625149337958,0.001630324822206467,102.82768419220345,1.8415342382175766e-07,2.0566603395886954e-08
2.575e-07,61.46521622492846,11.423392112893092,-248.91951233496656,0.001834901227396091,56.264338835627214,11.489910253260772,-248.34196096491368,0.0020464294256841956,20.454064860020637,1.853817265406057e-07,2.0970165198284343e-08
2.6e-07,0.29344028999334315,11.70527848964503,-251.73108956433876,0.0031906958306359735,0.24450584647565776,11.630298833867501,-247.9586678246794,0.0027689338400031355,-62.84403162378173,1.8660027295076973e-07,2.1399489749037458e-08
2.6250000000000003e-07,-56.74251553985804,11.441438518382846,-247.50100226074886,0.004104222530814676,-55.706270354537864,11.539281039105635,-247.49381487671852,0.0037960500654931075,-143.3017209929335,1.878073674957554e-07,2.183750328485846e-08
2.65e-07,-109.00186437049852,11.238665968342437,-249.40228806780038,0.005753045335423654,-110.23567294494765,11.219366570100195,-246.92951758913475,0.005122622905335942,-217.28249891428487,1.8900112585519447e-07,2.2266324579695988e-08
2.675e-07,-157.7357609496047,10.716123660266025,-247.1922687410122,0.006552325788110179,-161.85964448108945,10.678870699836331,-246.24900933891112,0.006741512731027428,-281.4426027022519,1.9017951373066876e-07,2.2668756128466183e-08
2.7e-07,-210.8482057867209,10.015371424539998,-243.29474426659647,0.008869150557373738,-208.85419197742078,9.932636693497185,-245.43681159199215,0.008644704987349035,-332.88214177745766,1.9134038801968682e-07,2.3029725834385832e-08
2.725e-07,-248.56764871688765,8.936282820266168,-242.6832346337184,0.011488697641043188,-249.2243975300506,9.003078390767097,-244.47889092795808,0.010823838860675606,-369.27616611698716,1.9248154300599098e-07,2.3337585351151303e-08
2.75e-07,-276.5564144688566,7.900674916306779,-241.40369992412235,0.013106566279029341,-280.7715025726941,7.921189549378109,-243.36280150246586,0.013269967944998372,-388.9797487008258,1.9360076301095505e-07,2.3585140296596412e-08
2.775e-07,-298.079652657428,6.745530395199212,-243.2128749321658,0.015200374432116148,-301.2591594809466,6.727112830147679,-242.07781167737232,0.01597252518510386,-391.10233246716086,1.9469588115162105e-07,2.3770256586111147e-08
2.8e-07,-305.080735490332,5.572062335157456,-241.63361942909847,0.017728886025909427,-308.65938296149056,5.469890602982646,-240.6150136964268,0.01891763348947243,-375.5479814635158,1.957648417955704e-07,2.389588694485621e-08
2.825e-07,-301.3841443642215,4.226690419260361,-236.7298329328703,0.022477491552667143,-301.4411889145271,4.206129067032428,-238.96741544228095,0.022086050863899184,-343.0197169333239,1.9680576241027886e-07,2.3969417980134846e-08
2.85e-07,-279.83563712271973,3.0293525125550955,-238.0585370426613,0.026117096846043682,-278.85366541796816,2.997478636087831,-237.1300134768784,0.025451137088895327,-294.9877423567161,1.9781698917582778e-07,2.400135785661389e-08
2.875e-07,-242.0442685267777,1.9559682914783645,-232.31929629267108,0.028255017561112233,-241.15245210956573,1.9070375245102367,-235.09984674055633,0.02897725890468986,-233.62299360131829,1.9879714027323926e-07,2.4003546446201993e-08
2.9000000000000003e-07,-190.10333622841895,0.9676810315238428,-230.0402463881603,0.032358035902080806,-189.72497548647513,0.9949858614348485,-232.87603046384402,0.03261900556827468,-161.69901756489776,1.9974513133374087e-07,2.3987225954609815e-08
2.925e-07,-125.332861088175,0.30238858818016473,-227.07919767704522,0.0363857869749607,-127.08432889157403,0.3139182841502443,-230.4597700283688,0.03632147311666855,-82.46661417179908,2.0066017911185987e-07,2.3961400101210938e-08
2.95e-07,-58.58324780188087,-0.011615788053891421,-228.1552116083995,0.04024112283519541,-56.72195871199207,-0.09556593890356964,-227.85435469782996,0.04002171262101261,0.49309238060488664,2.0154178182071788e-07,2.393188481817354e-08
2.975e-07,16.77951621122191,-0.1362389246361424,-220.04926328735,0.04399103992488674,17.168156199955998,-0.208452594518672,-225.0651313250122,0.04365125304480793,83.43051228032503,2.0239063761310964e-07,2.3901299173595693e-08
3e-07,89.3614628765357,-0.010166473155633904,-222.06620071615274,0.04721339011144608,90.06027044208697,-0.01760612706610144,-222.09945832461796,0.04713943497406721,162.59706302132145,2.0320683179802653e-07,2.3869995589560696e-08
3.025e-07,157.27337483590057,0.46820984066702137,-217.89503544448738,0.05128228446309907,157.5134350285587,0.4655443958032352,-218.96664038263668,0.05041715781038668,234.41459679612623,2.0398733129850407e-07,2.3837658142415575e-08
3.05e-07,212.1448643049783,1.2434172797542498,-216.5139868437859,0.05321454575126942,215.57713340903544,1.2120229250377221,-215.67784454943052,0.05342057337222168,295.6371246282235,2.0473395038518783e-07,2.380509675901414e-08
3.075e-07,262.2015479010451,2.1724397759858203,-207.58356602524645,0.05616922426002382,261.131028515857,2.1778921185356213,-212.24599853407986,0.05609426541214735,343.49752768169606,2.0544689110143895e-07,2.3775703917123083e-08
3.1e-07,292.07961405803337,3.3112845990435087,-207.72915674556018,0.058416776098157264,292.11465216529314,3.3080621196219226,-208.68567218030898,0.058393536247431724,375.8326247310445,2.061260833671456e-07,2.3756141360451823e-08
3.125e-07,303.38659387751824,4.551089849323385,-199.91245555097504,0.05899815386541121,307.62080805999926,4.540824435797824,-205.0129432579921,0.06028556429727186,391.18094302637303,2.0677132384738118e-07,2.375605218545528e-08
3.15e-07,307.93038772943345,5.869680062885439,-200.54311282702514,0.061464026394563956,307.84841771743214,5.812540645984993,-201.24524884748143,0.061749374985186505,388.8487735334645,2.0738225842194264e-07,2.378687005089872e-08
3.1750000000000003e-07,293.2363927900605,7.051400177191097,-199.44344623510588,0.06287342248760108,293.9326985230712,7.0619344632929115,-197.4012237254905,0.06277475122438776,368.94152500234753,2.0795838687231263e-07,2.386003193550671e-08
3.2e-07,267.61408618253284,8.207075980272956,-190.14941802226983,0.062074808594101895,267.68909772870114,8.233540099095805,-193.5005272798356,0.06336036686019819,332.358959731843,2.084990875126885e-07,2.3985025947679315e-08
3.225e-07,231.6994246872232,9.26889645705768,-188.33791566153351,0.06388647000491969,231.31915586903472,9.28002973327368,-189.56366058492148,0.0635115302383463,280.75452636268227,2.0900365727642175e-07,2.4167698127538477e-08
3.25e-07,187.9330702603184,10.158185970013882,-182.94327898145514,0.06316805142783619,187.1295032354841,10.163346971868979,-185.61177535951154,0.06323795838694773,216.46062776434906,2.094713614235536e-07,2.440912615171893e-08
3.275e-07,137.89907062227726,10.761846557717577,-184.0481684665121,0.0618428632708347,137.30913270355566,10.854774820800776,-181.66647660225445,0.06255196067015735,142.38320173696437,2.0990148672488342e-07,2.470519860716401e-08
3.3e-07,86.1208946205727,11.307305473736895,-181.4632073226101,0.06276813113421306,83.79619244622948,11.334230411010946,-177.74962075796006,0.06146730309280743,61.87037924040219,2.1029339268367667e-07,2.5046877033463383e-08
3.325e-07,26.120558980232484,11.533878165182555,-170.32007716016716,0.06012560372166694,28.24644485837036,11.589176423110118,-173.883111308253,0.05999887132501478,-21.438843500378226,2.1064655687993713e-07,2.5421008205409254e-08
3.35e-07,-29.32164073148623,11.656568798122745,-168.69695738090817,0.057252050532304984,-27.905203126089337,11.613555242981569,-170.08869370357337,0.05816308056304493,-103.77907933763316,2.1096061252678686e-07,2.5811511305489565e-08
3.375e-07,-79.7006884134616,11.451603699686613,-164.69387282853248,0.05633053987513949,-83.31725469180824,11.407085828764014,-166.38775155936784,0.05597882494629319,-181.42873712497325,2.1123537840033617e-07,2.6200776448563783e-08
3.4000000000000003e-07,-135.0559158013995,10.905964600271416,-162.4469963839491,0.05357566988398004,-136.58839624154172,10.975129692380518,-162.8011060276506,0.05346864696514592,-250.87822916201986,2.1147088303021642e-07,2.657114868999169e-08
3.425e-07,-189.5632715112822,10.349816263209917,-160.08545822408504,0.05032035823408149,-186.12364141470033,10.329158279023016,-159.34882022602483,0.0506597586969457,-308.9885965660574,2.116673860806577e-07,2.6906404295956785e-08
3.4500000000000003e-07,-230.14843172809583,9.445329137265254,-153.44746040299214,0.04722287332046388,-230.06114372679218,9.487673761247093,-156.05001056000415,0.04758457069923427,-353.1333830651932,2.1182540001247346e-07,2.7193133134209833e-08
3.475e-07,-266.6663561549085,8.460391549739619,-152.41174035632875,0.04454423458938945,-266.2889537331515,8.477284361861642,-152.92266671147476,0.04428047659952518,-381.31734484061036,2.1194571436959455e-07,2.742191957809333e-08
3.5e-07,-292.60896286359525,7.377640214749036,-147.3793516081785,0.04049660574182379,-292.56300988812006,7.333543912443888,-149.98348198696178,0.04078878499060452,-392.26663100341017,2.1202942353348186e-07,2.7588179743976367e-08
3.525e-07,-304.89929127084775,6.137522699436527,-149.80407921374723,0.03779621175596636,-306.71700199509195,6.10115266392637,-147.2476956247239,0.03715285885294879,-385.48635875384895,2.120779568387715e-07,2.769249347861633e-08
3.55e-07,-311.8329592802549,4.768800891824968,-143.11734795396933,0.03313679778074965,-306.93523899820394,4.833187138986037,-144.7289485504396,0.033415685337444594,-361.2829809568899,2.1209310794227916e-07,2.7740295330943065e-08
3.575e-07,-294.78436629497526,3.7009399025128076,-142.606382265853,0.029320626689561223,-292.0449151565308,3.589170363987188,-142.4391539483646,0.029617225171580525,-320.75043517058987,2.1207705870453638e-07,2.7740877612095545e-08
3.6e-07,-264.2125715391159,2.4203231612490614,-139.64465705277948,0.026380285845065684,-261.77699180191405,2.4319858383932536,-140.38838387942752,0.025791957330011283,-265.72070015970456,2.1203239194128754e-07,2.7705803954236326e-08
3.625e-07,-220.48789183556042,1.444867082032951,-133.33126706417065,0.02175239619892574,-216.94674641540828,1.4238454583383466,-138.58477303101387,0.021967027705556686,-198.68099462748265,2.1196208747020856e-07,2.764699799263135e-08
3.65e-07,-160.67494430176063,0.6426154898357377,-132.8038515530771,0.018708688993566317,-159.51572938348042,0.6217063247445284,-137.0344405264855,0.018161330172749922,-122.66136059442601,2.1186949698326602e-07,2.757490225818484e-08
3.6750000000000003e-07,-91.88659174168059,0.08748339906118419,-134.75084865159985,0.015395740388118001,-92.51466684898168,0.07266021223579691,-135.74143055720597,0.014385707666478138,-41.09771239927854,2.1175829529912648e-07,2.749713910363971e-08
3.7e-07,-19.753819096432647,-0.2578873012856927,-133.49004997138198,0.01079489736383561,-19.828727862444858,-0.1901319488820605,-134.7076724274802,0.010644283622954769,42.32345880447553,2.1163240820575796e-07,2.7418014459019243e-08
3.7250000000000003e-07,54.4266060680952,-0.16307798517865893,-135.5280765199351,0.007659589221946573,54.13124090309519,-0.15043057666181842,-133.9329604249175,0.006936750955175635,123.83170605350232,2.1149783038932887e-07,2.7338995931928524e-08
3.75e-07,128.02101105648762,0.1364674777632871,-131.4830179953581,0.0032922462036857145,124.82927557630009,0.18956887585836782,-133.41495374690217,0.0032612885133446344,199.74304219091377,2.1135637508213354e-07,2.7260025709223306e-08
3.775e-07,191.2459667536174,0.8080703175270706,-129.52127878231724,-5.252346554785684e-05,188.02258208714835,0.8094068355077657,-133.1491965297313,-0.0003823288209275984,266.62644769622506,2.1121100574978688e-07,2.7181282345355553e-08
3.8e-07,241.3466680967406,1.5864055246668078,-134.52237248477542,-0.0038091702553283303,240.1405222090602,1.6721945867325387,-133.12915784223117,-0.003989892479069605,321.4589449542104,2.1106714299312737e-07,2.7104868348761162e-08
3.825e-07,278.22068692529785,2.7096978003584473,-130.42716512679166,-0.007905317828003577,278.57370387389324,2.727867669714465,-133.34629132193996,-0.0075506160575027105,361.7622299588784,2.1092840913837744e-07,2.703592143301119e-08
3.85e-07,303.1763631637664,3.8428534716634366,-134.93092626662332,-0.01005601575594725,301.83728240837047,3.917427138203057,-133.79011395092294,-0.011045991364713827,385.71468601071155,2.1079806614191776e-07,2.698281955276901e-08
3.875e-07,309.3364857697208,5.126356318182783,-136.74735182226362,-0.014470459926723854,309.59298336104996,5.177623336295585,-134.44830329158276,-0.014449787587838384,392.23371664310554,2.1067895417531292e-07,2.6956413426233483e-08
3.9e-07,302.7833308210688,6.463529742094706,-132.67952361828316,-0.017961208132210204,302.53691106841876,6.445509934911818,-135.306812332057,-0.017729151900508437,381.02467651726823,2.1057345511876373e-07,2.696848632656066e-08
3.925e-07,281.13545880146313,7.679574655040845,-141.7184792527978,-0.02002359669516783,282.18100067920375,7.662359365007994,-136.35000092748743,-0.020846596421724376,352.59418872053436,2.1048348031246028e-07,2.702982662660445e-08
3.9500000000000003e-07,249.8959734398859,8.75134296056612,-134.0196065357874,-0.023298843337071815,250.57143270317496,8.776571346502013,-137.56078266909034,-0.023762524066314763,308.2272465565541,2.1041047935336587e-07,2.714835687631475e-08
3.975e-07,210.38979734876003,9.741840103118376,-141.5338685786824,-0.02749548921067628,209.99485502597759,9.745397620461977,-138.92078586894894,-0.026437876876724047,249.9291347742772,2.1035546488531965e-07,2.7327695723689704e-08
4e-07,163.1956092339728,10.538952977594143,-138.78442233474303,-0.029420136540162085,162.72167162709113,10.535513516990436,-140.41052721609734,-0.028836495859793167,180.33479526394737,2.103190474635793e-07,2.7566378389884625e-08
4.025e-07,114.3126624131749,11.120645970866507,-141.53073586171354,-0.031018571213872477,110.82541356908709,11.122653721990067,-142.00959653997538,-0.030926858827341447,102.58973368420332,2.1030147475541574e-07,2.7857789073923758e-08
4.05e-07,55.87694616992835,11.521301329181986,-143.6393119579933,-0.03295403703800916,56.100300757484916,11.490663041484416,-143.69685101179476,-0.03268299708323404,20.20784976958721,2.10302670454559e-07,2.8190719330695854e-08
4.075e-07,-0.24251392369689656,11.558821915841461,-145.8711712065402,-0.033737504335894286,0.07870409907294085,11.630370780414006,-145.45061702373522,-0.03408455778358983,-63.087382935270675,2.1032227006512524e-07,2.855039028069581e-08
4.1e-07,-60.01406128926451,11.54535981841163,-146.5199112436731,-0.03507736427502807,-55.86989802967238,11.53867133191994,-147.2488979110187,-0.03511614570188763,-143.53120960038,2.1035965276581884e-07,2.8919763979085027e-08
4.125e-07,-110.94636498095136,11.254000327725162,-153.18536076282683,-0.0353904175821098,-110.39300991993449,11.218090965357048,-149.0695856234861,-0.03576621528878182,-217.48775245524945,2.1041397047475087e-07,2.9280998114045825e-08
4.15e-07,-161.75488317878376,10.672090168326445,-152.45147453237055,-0.03677825129576323,-162.0059951943094,10.676962919246227,-150.89067441186194,-0.03602586623253347,-281.6143441841057,2.1048417661554083e-07,2.9616936807593627e-08
4.175e-07,-203.16676696233034,9.930674623325983,-154.45379993385177,-0.03652468819939795,-208.98406235850177,9.930151178095286,-152.6904745698468,-0.03588790819265267,-333.0126088763277,2.105690576625983e-07,2.991255168242861e-08
4.2e-07,-248.80126712609513,9.001754756633284,-149.95621766659596,-0.03615773636186487,-249.3315430055798,9.000093522047564,-154.44782426675022,-0.035346500774805695,-369.35946201711744,2.106672702035174e-07,3.0156239284787825e-08
4.2250000000000003e-07,-279.3525043233835,7.9416798105867725,-152.40519819897534,-0.03437277533296038,-280.8492772886068,7.917810176584812,-156.14229751666457,-0.034397554101805394,-389.0121086172201,2.1077738506582558e-07,3.034084997815635e-08
4.25e-07,-300.27151808448656,6.7128057032720925,-156.19149141158897,-0.03300085256725276,-301.3011389846512,6.723470904500628,-157.7544063590949,-0.033039915688849765,-391.08229380529167,2.1089793824867312e-07,3.04642924986191e-08
4.275e-07,-305.955456280943,5.441171103227416,-164.53024067653928,-0.03141833092019591,-308.6601745885854,5.466142929730324,-159.26579537227724,-0.03127720015063794,-375.47644992526523,2.110274863374196e-07,3.0529558308063654e-08
4.3e-07,-305.84559717916454,4.142325468739053,-161.64455631940845,-0.029084765272283535,-301.39730030060736,4.202451612713828,-160.65942670374406,-0.02911997088561302,-342.89992558132286,2.1116466217955208e-07,3.0544066392597905e-08
4.325e-07,-277.0053599092794,2.9220619535958585,-163.81700556139083,-0.026494451205916328,-278.7642802033354,2.994057399039028,-161.91975388249008,-0.02658788491584651,-294.8251054872738,2.1130822526482212e-07,3.0518348984781754e-08
4.35e-07,-244.45346385361515,1.879304301741275,-160.87616615602258,-0.025076033663069208,-241.01996733587237,1.9040565914920284,-163.032882772669,-0.023711382421256984,-233.42486203056046,2.1145710078903626e-07,3.046426058149906e-08
4.375e-07,-190.3657432558687,1.009412286023137,-170.54292231875618,-0.020836671610335835,-189.55518693296818,0.9926138223687586,-163.98671813927214,-0.020532547957468502,-161.47434638861748,2.1161040194663052e-07,3.0393048653934365e-08
4.4e-07,-128.072802519568,0.3058702584162663,-167.11397758036185,-0.017458057809927638,-126.88620347995447,0.3122945600869839,-164.7710944207539,-0.017104884230033344,-82.22555801551778,2.1176743156646365e-07,3.0313714240824216e-08
4.425e-07,-54.70696985251373,-0.12332626914819284,-167.67706561587374,-0.012954887108730391,-56.506998124742694,-0.0963431548274571,-165.3778894409695,-0.013491902659760358,0.7396383275766888,2.1192766157109982e-07,3.0232065122624066e-08
4.4500000000000003e-07,19.144199294029512,-0.17910550935240366,-168.84226365173592,-0.01066665563241698,17.3868906166181,-0.20833520894787533,-165.80111994188357,-0.009764619887857342,83.67140470264614,2.1209165958313406e-07,3.01507096576716e-08
4.475e-07,90.04652639138477,-0.06580132408115719,-166.15907127798724,-0.005748921728389223,90.26934604387822,-0.016600637602593442,-166.03701797797294,-0.005998223875082038,162.8214141300847,2.1225924519695995e-07,3.006998954102887e-08
4.5000000000000003e-07,153.90341322345085,0.5245757536329901,-169.67668121459243,-0.0024801040873022777,157.70028890066376,0.4673774073485827,-166.08408738168782,-0.0022683070098018007,234.61226643213294,2.1242702881621357e-07,2.998957953567409e-08
4.525e-07,216.35310258672823,1.1651319937580313,-164.6988467803414,0.0021437579682453724,215.7311966549952,1.2145742363280831,-165.94313968524946,0.0013528666803309533,295.79917857407713,2.125963833086256e-07,2.9910281578399646e-08
4.55e-07,263.8116659425844,2.1512494722381774,-161.77024796111561,0.003922813957996938,261.24458352394356,2.181013517676715,-165.61730906591293,0.004799599670115123,343.6166414680893,2.1276694132446083e-07,2.983547993044328e-08
4.575e-07,291.5563100394535,3.263041471582879,-168.633104422641,0.007481398533609979,292.18331625733435,3.31157898453047,-165.11204606798339,0.008015125546612135,375.90341468609296,2.129379810797059e-07,2.9771825397869554e-08
4.6e-07,311.36078548803283,4.612067567901445,-163.32947292240922,0.012015444421028379,307.6435975621621,4.5445496222779225,-164.43509004370313,0.010952863709681834,391.20020960531684,2.13108562370766e-07,2.9728944766092732e-08
4.625e-07,305.99549143577804,5.869323332608587,-162.87724009905332,0.01270294246640875,307.82741351228196,5.816287985109662,-163.5964204449466,0.013576506289076813,388.8156459308117,2.1327751736616907e-07,2.9718247992929768e-08
4.65e-07,288.3294455858665,7.090332889845134,-165.3162184146013,0.016161588212668256,293.872395928198,7.0655303573475035,-162.60818728678342,0.01585906291278911,368.85750051029726,2.1344346453716273e-07,2.9751140136747025e-08
4.675e-07,266.7850939858992,8.302382402850622,-161.71627872446277,0.01742530325558683,267.5955694823968,8.236832123281209,-161.48462129071143,0.0177811457915716,332.22783606608505,2.1360484336304793e-07,2.9837069692439366e-08
4.7e-07,230.90067739535044,9.284141081649997,-160.98850357836594,0.019794190419090543,231.19917935115942,9.282891719350253,-160.24192439806757,0.019328881004162156,280.5822300143028,2.1375996522450988e-07,2.9981837067683783e-08
4.7250000000000003e-07,187.2779646096139,10.190433290920344,-154.07585744665428,0.020901701316403603,186.98979831702565,10.165680666721915,-158.89814152115258,0.020491864803662555,216.25494613592357,2.1390707454684269e-07,3.018647065417218e-08
4.75e-07,136.2398352669956,10.73690821757395,-155.80720191185472,0.02148056189915822,137.15582615078412,10.856508767811578,-157.473014569389,0.02126154179245572,142.15343116969615,2.1404441394014481e-07,3.04468086409122e-08
4.775e-07,85.35971081399077,11.306545787530096,-154.5683101320139,0.02169654426442088,83.63457453400436,11.335317098534533,-155.98781994883842,0.02163027387813395,61.62690484068023,2.1417028778532432e-07,3.0753763350285796e-08
4.800000000000001e-07,26.534171236070964,11.672413883407598,-158.74118024449052,0.022407496107254194,28.081023199824063,11.58958891594239,-154.46519088420885,0.021591215680276245,-21.6850172441562,2.1428312023490926e-07,3.1094135339574496e-08
4.825e-07,-28.210131566455114,11.60980112468525,-158.44530427985677,0.022293381414392154,-28.070407328537097,11.613284435032485,-152.9289260517112,0.021138942115451715,-104.01682593285456,2.1438150559859254e-07,3.145180187919655e-08
4.85e-07,-85.05875025735978,11.517165649563639,-148.6577293528106,0.020409406102281907,-83.47827073535156,11.406139149798271,-151.403786137547,0.020270618639132678,-181.64731096695974,2.1446425115150623e-07,3.180911635449422e-08
4.875e-07,-137.4834807464336,11.000517851424798,-151.61842570170225,0.018853858396540444,-136.7408584595152,10.973531632013588,-149.91528004926843,0.01898739259149311,-251.06775121086713,2.1453041412530166e-07,3.21483928350116e-08
4.9e-07,-186.19472784339237,10.368714224131582,-149.2579551648324,0.018224116279440764,-186.26246599977753,10.32695255060072,-148.48944260474047,0.01729563580008705,-309.1405008567579,2.1457933568153208e-07,3.245338264996128e-08
4.925e-07,-230.39124796319103,9.439073829371454,-150.37511977058006,0.015399114439122667,-230.1804354851405,9.484926423165271,-147.15260560505894,0.015207692866245712,-353.2408038697418,2.1461067482493367e-07,3.2710656798745045e-08
4.95e-07,-268.42758451799733,8.46704017572378,-147.71933136410632,0.013394077814829606,-266.38220472367186,8.474086844159238,-145.9311642628043,0.012741881957789749,-381.375426983268,2.1462444446655043e-07,3.291078649041836e-08
4.975e-07,-295.5555433017401,7.301046750054847,-142.28913850815303,0.010180000807353212,-292.6235930896734,7.330014737190463,-144.85134100481653,0.009921638527865647,-392.2727493035998,2.1462105034734817e-07,3.3049179532465095e-08
5e-07,-307.6264413090648,6.137088195664458,-141.39282772295823,0.00799641014209615,-306.7389020246809,6.097436735466995,-143.93894869883752,0.006773860828392558,-385.4402366783358,2.1460133158629605e-07,3.312641097744448e-08
5.025000000000001e-07,-306.13588251161735,4.794226061208342,-145.23625990242232,0.003224259190611588,-306.91390977861334,4.829451805449649,-143.21915536557435,0.0033266783513453964,-361.18670311845125,2.1456659962141984e-07,3.314791242348224e-08
5.05e-07,-294.76250507276364,3.6450099450584377,-137.27079515956333,-0.0009997552952975591,-291.97812106068164,3.585597961384621,-142.7162524318487,-0.00039300971683471327,-320.6083531082722,2.145186706874746e-07,3.3122973424509824e-08
5.075e-07,-261.7102777707287,2.3756794445958933,-149.61534415964007,-0.00358572296720242,-261.66548063098605,2.428763035015542,-142.4534285565721,-0.0043618130826431675,-265.539235659161,2.14459886082262e-07,3.306315390065629e-08
5.1e-07,-219.53085898827044,1.3878314296496355,-143.1960323118101,-0.007859026467755978,-216.79462156176265,1.4211503126397051,-142.4525510194565,-0.008561540381063538,-198.46834947088897,2.1439311455307585e-07,3.2980372637816935e-08
5.125e-07,-156.4252042760165,0.6027618755817818,-140.0915317267303,-0.012213652564266434,-159.3304317925759,0.6196944469478092,-142.73395660302964,-0.01297997567455475,-122.42714585860097,2.1432173225244264e-07,3.288506723170732e-08
5.15e-07,-86.72445466672026,0.011786677712659545,-147.37119163995334,-0.01760563906570616,-92.30653766851597,0.07145169017571332,-143.3162538221252,-0.01761055719777891,-40.85251405690392,2.1424957774911136e-07,3.278485722351792e-08
5.175e-07,-21.672728470307298,-0.07389203066463669,-145.9890230815495,-0.021539021489075088,-19.61018960615667,-0.1904631889516705,-144.21613826225385,-0.02245095108994355,42.56855834671199,2.1418088224852317e-07,3.2684050759992966e-08
5.2e-07,54.75566030180426,-0.14556089652504173,-142.50888890033937,-0.027992662166353603,54.34678484824262,-0.14986356188461053,-145.44822267987345,-0.027500695402307165,124.06562885445824,2.1412209180311683e-07,3.258412554507286e-08
5.225e-07,131.08473900079315,0.1832575285760461,-146.26601368758963,-0.03396198446125509,125.02867701036739,0.19100014424892528,-147.02488339454214,-0.03275824598907347,199.9552154726984,2.1407559742284765e-07,3.248504372942362e-08
5.250000000000001e-07,188.15576380287217,0.8317761395548026,-148.32286813419265,-0.03895164840688024,188.19415110047407,0.8116164157060298,-148.95612436629875,-0.03821785859079254,266.80728170968615,2.1404510764485786e-07,3.23870142211402e-08
5.275e-07,241.79352116271642,1.703959667129776,-151.71663839440913,-0.043093598683500454,240.27503412298168,1.6750522794408238,-151.2494602025402,-0.04386677243915127,321.6002664137505,2.1403690427593085e-07,3.229217914637752e-08
5.3e-07,278.5482108090047,2.6475797370936864,-151.9461802457875,-0.04970284531182824,278.66507896167406,2.731210324516868,-153.9098191784814,-0.04968311452736948,361.8576514563577,2.1405560827149288e-07,3.2205722630055586e-08
5.325e-07,301.49134371554493,3.9765301326698674,-155.9497998262314,-0.055210306672475506,301.88286070189923,3.9210721030986844,-156.93946718533627,-0.055634828289100914,385.75989471174694,2.1410560544887092e-07,3.213607270009137e-08
5.35e-07,311.0078170608534,5.239066289359983,-160.03206593244104,-0.06119369656810132,309.5933821196749,5.181382356518357,-160.3379533421863,-0.06167976596197316,392.22666921736504,2.1419097715289944e-07,3.2094130844646886e-08
5.375e-07,304.31005565091243,6.505584928264259,-166.4100408369629,-0.06783107172465558,302.4955183190535,6.449201864100937,-164.1020778225819,-0.06776689906592422,380.96569149234557,2.1431545439831722e-07,3.209172970644421e-08
5.4e-07,283.01588528630174,7.65775249137406,-172.17707498004552,-0.07363615829500499,282.103213260429,7.665820363027382,-168.2258822569478,-0.07383842832116114,352.48593208523073,2.1448239488527463e-07,3.2139704771009464e-08
5.425e-07,247.93692158412122,8.787994608231251,-169.90571629827411,-0.07974617854603551,250.46378207824762,8.779661743632516,-172.70066287842056,-0.07983244281119127,308.0746112642517,2.1469477973706398e-07,3.224602380384357e-08
5.45e-07,209.51846342150102,9.780573200165032,-179.67764371087088,-0.08591091399245174,209.86417303415692,9.748005234424582,-177.51500638457517,-0.0856857105072046,249.73901959259368,2.149552249847708e-07,3.24143500000087e-08
5.475e-07,164.84377598904757,10.627386075838848,-187.43464369680913,-0.09093688576267163,162.57443023201154,10.537553808359343,-182.65484829228117,-0.09133618913096407,180.1157929661389,2.1526600197190693e-07,3.264326405267756e-08
5.5e-07,111.46634472404953,11.206666637355122,-188.3878635583248,-0.09642330100308395,110.66733127031064,11.124067659512704,-188.10355336937405,-0.09672492509350156,102.35174267540371,2.1562906104694483e-07,3.2926198038139634e-08
5.525e-07,59.463613537367834,11.567974038804588,-192.69860642940077,-0.10147330306737384,55.936251520626584,11.491413838355612,-193.84201753664738,-0.10179714344581481,19.961626701414726,2.160460540408361e-07,3.3251994839997694e-08
5.55e-07,-1.82492001002573,11.579676879479322,-205.72370283644776,-0.10682617716038251,-0.08709700052185237,11.630440709315263,-199.84879044849413,-0.1065024979988069,-63.33070934085857,2.1651835281549409e-07,3.360593085129314e-08
5.575000000000001e-07,-56.288172366093605,11.529062810197384,-207.28663944918242,-0.11126705088249478,-56.03351340064384,11.53805962928348,-206.10021778203063,-0.11079461725475122,-143.7606415439807,2.1704706323322953e-07,3.3971027325760896e-08
5.6e-07,-109.63860049089165,11.253494427841327,-211.54424360925745,-0.11595627618673715,-110.55032175393839,11.216813437404896,-212.5706020942131,-0.11463021798546294,-217.69292013549256,2.1763303581321306e-07,3.432950466831031e-08
5.625e-07,-163.22633361914276,10.622547773624026,-218.14956343796655,-0.11729867655944708,-162.15230578241173,10.675053344199249,-219.23238094588498,-0.11796813931767725,-281.78597448907726,2.1827687572575335e-07,3.466427254185547e-08
5.65e-07,-210.42799373540578,9.892959147472641,-224.5187568156628,-0.12067963886986194,-209.1138752001451,9.927664062835087,-226.05632084218973,-0.12076866129681044,-333.142944507093,2.1897895535499208e-07,3.4960369980452235e-08
5.675e-07,-248.140837845537,8.957453982553153,-229.56951893367906,-0.12313934311481915,-249.43861168270814,8.997107322994179,-233.01172540174719,-0.12299341110824924,-369.44261209998115,2.197394323218984e-07,3.520626153873319e-08
5.7e-07,-282.78847741348034,7.896727590350697,-237.68681939844353,-0.1243605471072503,-280.92695556601063,7.91442982312719,-240.06665604355538,-0.12460603856374436,-389.04431495779494,2.2055827466914814e-07,3.539486449251966e-08
5.725e-07,-298.94093263454994,6.695702591230537,-248.2607313875575,-0.1257295389877977,-301.3430041979018,6.719828426018739,-247.18816337186925,-0.12557368235452726,-391.0621007503262,2.2143529310277511e-07,3.552415122623249e-08
5.75e-07,-308.43135581488076,5.546039150177427,-256.4087568278801,-0.12502246964150132,-308.66083840942963,5.46239519806489,-254.34252734626983,-0.12586907931898747,-375.404770154859,2.2237017812263656e-07,3.5597171023317324e-08
5.775e-07,-299.2578917502454,4.146271817696199,-258.5545014821183,-0.12480604510456,-301.35327720106596,4.198774638982343,-261.4955042475589,-0.1254730218316586,-342.77999885786176,2.233625379738763e-07,3.5621392176188125e-08
5.800000000000001e-07,-279.90628307406496,2.959029167493056,-269.8312443292901,-0.12484724656852261,-278.674762661969,2.9906371946334347,-268.61257839074193,-0.12437677090659092,-294.6623522255471,2.2441193201540039e-07,3.560738533337156e-08
5.825e-07,-241.40126725686054,1.9034306242886665,-276.985612699206,-0.12214261195021035,-240.8873623416477,1.9010772179048179,-275.65921649460813,-0.12258400352618423,-233.22663830736158,2.25517893636668e-07,3.556703095865046e-08
5.85e-07,-189.29212160185597,0.9137811657333035,-281.50306041000243,-0.12028638964387356,-189.38530016291136,0.9902438032505371,-282.60112259378246,-0.12011191872418404,-161.24961146482255,2.2667993741741664e-07,3.551158969570426e-08
5.875e-07,-123.59094398207797,0.37250480070915565,-291.5275407195553,-0.11730724884670034,-126.68801045870663,0.31067321146485444,-289.4044913736814,-0.11699124133832674,-81.98446939789383,2.2789754679023324e-07,3.545006394627505e-08
5.9e-07,-54.619630452019905,-0.1379162460032893,-293.61974408353217,-0.11196333375462009,-56.292006709776615,-0.09711777638500414,-296.0362578217232,-0.11326502610433739,0.9861839825495988,2.291701408256247e-07,3.538825309348204e-08
5.925e-07,17.178995493781283,-0.3085829585996748,-300.19647608536576,-0.10888795432171305,17.60561616866838,-0.20821516679672836,-302.4643411192321,-0.10898634994109972,83.91226409281906,2.30497997377283e-07,3.532874983043022e-08
5.95e-07,91.96505175897445,0.11714851356409625,-308.518276319904,-0.10372290283589009,90.47837384562207,-0.015592592055373751,-308.6578807474895,-0.10421515492370195,163.045700959531,2.3188036726674303e-07,3.527187504802585e-08
5.975e-07,158.17311513145307,0.41690473336877715,-314.23423379448604,-0.09899463025102183,157.8870603635916,0.4692127207556,-314.58746284792574,-0.09901463824510003,234.8098434469302,2.3331304664801716e-07,3.521727859835719e-08
6e-07,215.6463256444399,1.184635807960311,-319.97454861483084,-0.09376925223860992,215.88515019569405,1.2171274643021806,-320.22533495985584,-0.09344765512252849,295.9611157430987,2.3479634440081838e-07,3.516573292958149e-08
6.025000000000001e-07,262.2828797208222,2.186704841278457,-324.9724430604692,-0.08759156539659928,261.35801085852574,2.1841363508758516,-325.54560735881626,-0.08757359402640987,343.73561960007635,2.363285266883793e-07,3.5120586329325954e-08
6.05e-07,295.58821170570593,3.269106096076674,-329.8784833800414,-0.08247795856820977,292.2518448476354,3.3150967432773095,-330.5244393334805,-0.08144610195478152,375.974056240426,2.3790723966663055e-07,3.508844432096044e-08
6.075e-07,305.2424190790093,4.585794906405664,-331.9504997427794,-0.07362675794143332,307.66625344720075,4.548275145955402,-335.14020886839694,-0.07511189503930087,391.2193217446137,2.3952963463847387e-07,3.507887614837005e-08
6.1e-07,308.6909758891549,5.851201167888583,-340.4475574105928,-0.06809162407028148,307.806285779875,5.82003512600377,-339.37366434221417,-0.06861071144654117,388.78236482989973,2.4119236013132493e-07,3.5103219690084274e-08
6.125000000000001e-07,296.9327703875422,7.005586779689901,-347.09625696614654,-0.0623623116742498,293.811985835552,7.069125569119999,-343.2080570054278,-0.06197628031403119,368.7733303991459,2.428915790700393e-07,3.5172792332882294e-08
6.15e-07,270.42268611474003,8.190488827926552,-349.66543350572175,-0.05610637169221663,267.5019531096138,8.240123052770059,-346.62925316662876,-0.0552380240145366,332.09658124203804,2.44623008675783e-07,3.5296939648303406e-08
6.175e-07,230.45873700039084,9.293163131039911,-349.6230587448706,-0.049099078289766826,231.07913494218812,9.285752279682725,-349.6258251903166,-0.04842310807533256,280.4098228965005,2.4638197848546824e-07,3.548134539863314e-08
6.2e-07,188.03462030114392,10.041347522804145,-353.8332775500001,-0.04212632914989007,186.85004464769256,10.168012686498903,-352.18912059104167,-0.041558420621255525,216.0491791334701,2.481635005224134e-07,3.572690987357125e-08
6.225e-07,140.25409229741132,10.860081008133987,-352.6751431927358,-0.03373347128683236,137.00248772669445,10.858240865692284,-354.3133086963648,-0.03467210563420532,141.92360448250977,2.4996234532184444e-07,3.6029334187991344e-08
6.25e-07,83.13644397581669,11.368526480955378,-351.0119332672379,-0.02877876903012669,83.47293910396358,11.336401828380442,-355.9954045432413,-0.027794382628747637,61.38340611162949,2.5177311820434084e-07,3.637938690522514e-08
6.275e-07,27.091822136058088,11.644739480788733,-361.79889400734567,-0.020734452689499406,27.915596408735777,11.589999398544052,-357.23526986724596,-0.02095753883529687,-21.93118242703001,2.535903316978015e-07,3.6763720002016495e-08
6.3e-07,-27.107466104103487,11.660203280499976,-359.9986448785784,-0.013732686246627252,-28.235605106383954,11.613011614047872,-358.0355912398831,-0.014195150022498866,-104.25453146388038,2.554084719961457e-07,3.716605874986746e-08
6.325e-07,-87.40036737559163,11.344991968163956,-357.99252076150316,-0.008051308746398735,-83.639268258239,11.405190503581164,-358.40183560433286,-0.0075407412771631085,-181.86581309746214,2.572220593971307e-07,3.756860214553862e-08
6.350000000000001e-07,-133.64092403341726,10.966302077443581,-360.75508993717966,0.00010266248844281018,-136.89328832743195,10.971931702979752,-358.3421836526996,-0.0010262108841828119,-251.25717414214455,2.590257043694764e-07,3.795350824799447e-08
6.375e-07,-184.64156210360778,10.331292725031387,-358.3292680823232,0.0054890486541406365,-186.40124201540505,10.324745113165548,-357.8674416764279,0.005319611574160181,-309.29228310368705,2.6081416192469673e-07,3.830437132055792e-08
6.4e-07,-233.01796733160506,9.506487125620207,-359.15917405781875,0.011100687820493177,-230.29966020459798,9.4821776064746,-356.99093270444183,0.01147192642827186,-353.3480852204128,2.625823871135634e-07,3.8607604577464636e-08
6.425e-07,-265.2273450449232,8.35467908762067,-355.97652957325147,0.01690315130643057,-266.4753689920519,8.47088815663771,-355.7283679191062,0.017410190735500188,-381.4333585649466,2.6432559370717234e-07,3.8853620729154915e-08
6.45e-07,-292.735747241666,7.382405189179836,-359.10316868489434,0.02252531550982243,-292.68407052168254,7.3264847813154645,-354.0976995068029,0.02311750089578569,-392.2787127407205,2.6603931661282783e-07,3.903766794617105e-08
6.475e-07,-307.9527688943127,6.074306507151865,-352.5651106714178,0.0278820401221061,-306.7606802810663,6.093720489454564,-352.11895625630956,0.028579189903968818,-385.39396243712065,2.677194766201347e-07,3.9160159641393725e-08
6.5e-07,-307.04551709297874,4.878677303713107,-349.14220120002494,0.03369337525304652,-306.89244840667885,4.825716674526107,-349.8140633628969,0.03378086037779485,-361.0902826892239,2.6936244407159355e-07,3.9226362626948317e-08
6.525e-07,-290.6416937833374,3.660221700697928,-347.79171822451684,0.040688961038381495,-291.9111923628624,3.5820263116642823,-347.20664802787076,0.03870620032823656,-320.46614447485496,2.7096509642404936e-07,3.9245397452185034e-08
6.55e-07,-262.2076297150818,2.5454737341263023,-342.28093095462174,0.044238436750282537,-261.5538419348481,2.4255415295240677,-344.32183256105566,0.0433349942158747,-265.3576663279325,2.7252486377493225e-07,3.922865029073408e-08
6.575000000000001e-07,-217.99047750116753,1.3634517258208254,-341.14240930479485,0.04737595711507449,-216.64238633697872,1.4184569642977525,-341.18601679640597,0.04764173406722976,-198.25562596212802,2.740397565077794e-07,3.918786192702553e-08
6.6e-07,-160.39251494879184,0.6583033522261876,-339.1023245578777,0.05169313246466468,-159.1450503863599,0.6176847798932608,-337.8266517176752,0.05159515429189584,-122.19288279047497,2.755083703316548e-07,3.9133289461640606e-08
6.625e-07,-91.98452194974709,0.0521348332730302,-339.9663263317004,0.05507361255464005,-92.09835874095529,0.07024567036992403,-334.2720062611345,0.055158872479680744,-40.607299586605116,2.7692986602913817e-07,3.907237240179658e-08
6.65e-07,-22.47576568534245,-0.2687056867742958,-330.24866497751367,0.058407452191584795,-19.39164028879106,-0.1907917834782561,-330.55092931510484,0.05829314086496431,42.81364108355577,2.783039238994725e-07,3.900924300207419e-08
6.675e-07,54.67792811707315,-0.1723799816497601,-329.66948922915884,0.0603804247870934,54.56230007745505,-0.14929391986462712,-326.6926089711226,0.060957529961638626,124.29950267626604,2.796325928149712e-07,3.894521086928997e-08
6.7e-07,125.0970631196822,0.18875350293522325,-325.33549113915444,0.06298190267056468,125.22801254227778,0.1924338614472569,-322.7263310986032,0.06311420892340874,200.16730981533308,2.8091402408465515e-07,3.8880080663398494e-08
6.725e-07,186.27362396921535,0.8187999238601579,-320.04204537816327,0.06429417073150032,188.3656229497713,0.813828122238345,-318.68123931380075,0.06473138390522395,266.9880103918558,2.8214790854777674e-07,3.881391577195251e-08
6.75e-07,240.18773605200641,1.6403546492209837,-309.78541072158913,0.06604141048049249,240.40942607463043,1.677911660545439,-314.58609839467164,0.06578642417089649,321.74146091059544,2.833367051461155e-07,3.8748724500755174e-08
6.775e-07,279.03342661008986,2.7718656171737504,-309.4194731277721,0.06609187806820005,278.75632118142397,2.734554151572652,-310.46906315619725,0.06626825146723221,361.9529300981659,2.844814524139987e-07,3.8689567250528194e-08
6.800000000000001e-07,300.43450622995084,3.928909870325456,-301.6976178850173,0.06570834686838817,301.9283032967786,3.924717687036178,-306.35745474608973,0.06617868337157214,385.8049511208857,2.85583206269829e-07,3.864475616202719e-08
6.825e-07,308.2373937112644,5.172532795263499,-298.11555148147454,0.06481001883076776,309.5936514239824,5.185141445473823,-302.27754624915815,0.06553258583569231,392.21946694674716,2.86642986961676e-07,3.862508258156686e-08
6.85e-07,305.3774174812605,6.5044076956196335,-295.9888358954228,0.06469896057849643,302.4540094984813,6.452893348938549,-298.2543594005675,0.06435687540717877,380.90655606820195,2.8766174780898895e-07,3.8642273526417716e-08
6.875e-07,280.6346567030661,7.721191560368207,-293.0431068745813,0.062342667248881066,282.0253278033232,7.669280466268891,-294.3114741046094,0.062688585563405,352.3775362940634,2.886403650310845e-07,3.870706337286416e-08
6.900000000000001e-07,254.14965692816347,8.727432467127157,-291.9563518658295,0.06090878850250688,250.35605350506282,8.78275087320798,-290.47085233733344,0.060572344387176645,307.92185434896993,2.895796454212628e-07,3.8827324491020405e-08
6.925e-07,208.47930377616873,9.774778392463764,-287.8675526373578,0.05795085843501441,209.733432980133,9.750611290534962,-286.7526778795512,0.05805768010128894,249.54880581789394,2.9048034681800103e-07,3.900663243636365e-08
6.95e-07,167.62242640450455,10.556518318485441,-280.7101349768452,0.05481082971045544,162.4271488709917,10.539592330658476,-283.17521318248413,0.055196565841283664,179.89671956147032,2.913432054910605e-07,3.924349039499958e-08
6.975e-07,109.00422980150513,11.117648777335804,-280.1144328217388,0.053530164396106375,110.50922459616878,11.125479687302741,-279.7546745129948,0.052041537878361604,102.11371125975707,2.9216896477356285e-07,3.9531265297344795e-08
7e-07,53.99953801544999,11.46352157626704,-280.7540071145022,0.04830451913230393,55.772191161440844,11.492162645351936,-276.5051263602896,0.04864458752728502,19.71539575270815,2.9295840041829247e-07,3.985874899758839e-08
7.025e-07,1.1471067577485927,11.609431198687568,-278.46960779461637,0.04482955122262519,-0.25289741839431135,11.630508620560974,-273.4383959126956,0.04505686144590497,-63.574010744488135,2.9371233996255423e-07,4.0211182133728854e-08
7.05e-07,-57.93949067002278,11.514887534303131,-269.94941419952215,0.04008670261470314,-56.19711643191991,11.537445929763916,-270.5640082331439,0.04132903867844103,-143.99001673315422,2.944316754658748e-07,4.057156607883456e-08
7.075e-07,-109.42364382483893,11.204676212107428,-265.93392220957014,0.037531921256999244,-110.70760840625084,11.215533983515577,-267.88914257691414,0.03751211626165218,-217.89800187401838,2.9511737091552377e-07,4.092211738955591e-08
7.1e-07,-159.89363920423992,10.702619750094813,-264.3625998362615,0.03437226147487969,-162.2985761975326,10.673141970853905,-265.4186101066997,0.03365825355372681,-281.95749354940483,2.9577046699289483e-07,4.1245757728850625e-08
7.125000000000001e-07,-209.2053977349929,9.850698388180465,-260.87301834923966,0.02944103378809942,-209.24363044774304,9.925175342993992,-263.1548530697627,0.029821313609695886,-333.2731486183012,2.963920864859803e-07,4.1527553475364035e-08
7.15e-07,-248.44623043484395,9.051576523299602,-256.7686964377436,0.02606330389919291,-249.54560350314438,8.994119788275539,-261.0979653116011,0.026056800073009135,-369.5256163327534,2.9698344330625995e-07,4.175601098602173e-08
7.175e-07,-281.31161732085275,7.961478659965555,-263.30955203945194,0.02270464782300842,-281.0045373484154,7.9110484833635875,-259.2457338117904,0.02242100916080119,-389.07636770983476,2.9754585688967165e-07,4.1924102423869996e-08
7.2e-07,-299.60638726856854,6.627189048358188,-260.63902068895015,0.01856449846172821,-301.3847550731655,6.7161853890569745,-257.59370074219714,0.01896937617351795,-391.0417533102368,2.980807719664454e-07,4.202986622945491e-08
7.225e-07,-304.1706864133353,5.5110055852110005,-257.58981575587757,0.01575680512712153,-308.6613743931168,5.458647402632691,-256.1352453672054,0.015754165141243365,-375.33294218059484,2.9858978163389217e-07,4.207642653045962e-08
7.25e-07,-300.747134738507,4.187049025902169,-253.57474218380966,0.013618124845420418,-301.3091196084751,4.195098141036299,-254.86168493155185,0.012821797407759463,-342.6599368102843,2.99074649778838e-07,4.20713326742581e-08
7.275e-07,-277.842957090331,2.901666650299528,-257.24590801590216,0.009543784540169064,-278.5851128146756,2.987218018827968,-253.7623935153802,0.010210212570601045,-294.49948263579216,2.995373275727263e-07,4.202524023944373e-08
7.3e-07,-242.28353818236263,1.8641257569374923,-251.99608761870147,0.008374685107803134,-240.75463717757924,1.8980994005993324,-252.82493767962973,0.007946684390994347,-233.02832250998173,2.9997995830978925e-07,4.1950116903439815e-08
7.325e-07,-193.37091943571176,1.0326526190334986,-250.26975820750215,0.006497883049727556,-189.2153152548746,0.9878758018797391,-252.0352275792858,0.006046468372064002,-161.0248128822347,3.004048654331038e-07,4.185731235599456e-08
7.350000000000001e-07,-126.21915352941714,0.3189688240105858,-251.25452790863733,0.004389893679874338,-126.4897499286776,0.3090542370050383,-251.37768208856988,0.004512543409423772,-81.7433484140943,3.008145201681331e-07,4.175592068275524e-08
7.375e-07,-58.860670943249914,-0.09562141077179415,-253.12745857792308,0.0027318634965583606,-56.07698458164726,-0.09788980403508372,-250.8354063620484,0.0033365462606149577,1.2327292481954788,3.012114875504287e-07,4.165183738418202e-08
7.4e-07,15.241373176392935,-0.15081803909211408,-249.98783831915458,0.0019519770034785995,17.82433273831458,-0.20809246786518043,-250.39038014990416,0.002500812524438559,84.153090355759,3.0159933601415855e-07,4.154775786944337e-08
7.425e-07,90.30902297616198,-0.04981848410215639,-247.41090643639643,0.0026645816699542965,90.68735373721098,-0.014581989764392908,-250.02365509517716,0.001981263332895686,163.26992342111672,3.0198069756518924e-07,4.144411407400356e-08
7.450000000000001e-07,159.3542807698855,0.4981374602288671,-249.90097350810674,0.0016702911982998626,158.07374932481304,0.47105033693191256,-249.71555916643257,0.0017507433481782951,235.0073277625221,3.023548597289352e-07,4.134067578677902e-08
7.475e-07,216.06490974714401,1.243587481845286,-252.8741967154433,0.0018613350333671422,216.03899396370645,1.2196826099130296,-249.4459063216599,0.001782346210462259,296.12293607136064,3.0272571307310776e-07,4.123834328029059e-08
7.5e-07,264.60287811761515,2.1897266428767868,-251.62711353944454,0.0020068715608216247,261.4713104815094,2.1872606189596353,-249.1942094587776,0.0020522703643866217,343.8544620306831,3.030951255781352e-07,4.114059805231989e-08
7.525e-07,295.5827257407921,3.287532216565243,-247.1978859601669,0.00285662755204718,292.3202379279737,3.318615396435869,-248.93989468520687,0.0025418300069939607,376.04454936615593,3.034643833992944e-07,4.105418074736452e-08
7.55e-07,306.49071549776374,4.529873987396214,-242.71627463917588,0.002837644302040614,307.68877573377773,4.5520010070752255,-248.66251493379576,0.0032383884201371772,391.23827943671756,3.0383428470030383e-07,4.098879398901692e-08
7.575000000000001e-07,309.0768201649858,5.732782766623174,-247.90005004018155,0.003436280080360039,307.78503456000107,5.823782068560716,-248.3419609649137,0.004135159261800504,388.7489302438669,3.0420511121807286e-07,4.0955904264382556e-08
7.6e-07,289.96132632810094,7.1241276333206915,-247.5526709781166,0.004959674505464699,293.75146829865383,7.072720098175371,-247.9586678246795,0.005230004494230022,368.6890147021249,3.0457662564430374e-07,4.096695094771075e-08
7.625e-07,270.1250891070587,8.201058071153543,-247.52138766655403,0.006174546815575626,267.4082486698998,8.243412886861108,-247.49381487671837,0.0065235138504120115,331.9651953115232,3.049480925860327e-07,4.1031394480935314e-08
7.65e-07,233.6522953658129,9.204872986437989,-244.67030469052085,0.007840428590192874,230.95902270098279,9.288611413395156,-246.92951758913486,0.008016753404220863,280.23730507734484,3.0531831862448893e-07,4.11550270358726e-08
7.675000000000001e-07,185.373143335626,10.129233648009851,-243.736895795143,0.009781709272556047,186.71024228095206,10.170343030263405,-246.24900933891112,0.009709102917163339,215.84332683821992,3.05685705620645e-07,4.133885221054359e-08
7.7e-07,137.27969670127428,10.85831446910368,-244.50355979627514,0.011132589035362017,136.8491174772458,10.859971113577553,-245.436811591992,0.011596558852329733,141.69372176612677,3.060483110810414e-07,4.1578670878829e-08
7.725e-07,83.94832977444989,11.283672316447275,-243.84481091391598,0.013552728422886049,83.31128619509263,11.337484599902181,-244.47889092795805,0.01367077131102841,61.13988314938764,3.064039100780409e-07,4.186534914763449e-08
7.75e-07,29.222872133293563,11.687334637701099,-244.09246890716193,0.014817248074184034,27.750164519759103,11.590407870650228,-243.36280150246577,0.01591892938837481,-22.177338951817536,3.067500547156929e-07,4.218563521736995e-08
7.775e-07,-26.519992657030134,11.590673263469071,-241.58845429833553,0.01865740995554887,-28.40079642541249,11.61273678031972,-242.0778116773724,0.018324439215471847,-104.49219583687093,3.07084129107829e-07,4.2523349690100425e-08
7.8e-07,-86.15157703302211,11.482148725248065,-243.46265702872088,0.020569134918412217,-83.8002472227145,11.404239891143595,-240.61501369642676,0.020868183660723464,-182.0842434302217,3.074033998752274e-07,4.2860786049962987e-08
7.825e-07,-136.73954001157352,10.934367089312012,-239.261243419133,0.023102433502554955,-137.0456858011026,10.970329907225874,-238.9674154422811,0.023530040796054603,-251.44649788106443,3.0770506386103777e-07,4.318019579209174e-08
7.85e-07,-183.6119185184026,10.312144626642455,-239.10869447808585,0.025682861103969768,-186.53996941011957,10.32253596973361,-237.1300134768784,0.026290290252637516,-309.44394324692104,3.079862957723492e-07,4.346526516423011e-08
7.875e-07,-228.40866583104457,9.498482674230415,-233.71439199667108,0.03054075511814636,-230.4188178281662,9.479427315365667,-235.09984674055644,0.029130561237485048,-353.4552270748582,3.082442985833379e-07,4.370249729576133e-08
7.900000000000001e-07,-266.64656374697836,8.443463797774536,-235.50826457158055,0.03114232967299869,-266.56844648009104,8.467688304692087,-232.87603046384405,0.0320340687134586,-381.49113956277597,3.0847635875870397e-07,4.388239181415135e-08
7.925e-07,-293.39660523521036,7.304970703772943,-234.255695849522,0.035180298547697116,-292.74444213119585,7.3229540513467954,-230.4597700283687,0.034985028049051396,-392.28452131241795,3.086799068304108e-07,4.400027947345317e-08
7.95e-07,-305.47706002004537,6.141385510004828,-229.0420503919336,0.03709224094875048,-306.7823367241137,6.09000393335722,-227.85435469783002,0.03796730690187599,-385.34753604847265,3.088525818912985e-07,4.405665019111123e-08
7.975e-07,-305.6826606137928,4.7836525282671225,-222.36806128875742,0.0410260864289253,-306.87085486251465,4.821981754301483,-225.0651313250122,0.040962535138441086,-360.9937197072716,3.0899229655504447e-07,4.4056839215001056e-08
8e-07,-292.9332808352713,3.5644030829983095,-221.401708026395,0.04410629623085635,-291.84412906938417,3.578455423086839,-222.099458324618,0.04394801908573957,-320.3238093264791,3.090972972926799e-07,4.401002558251561e-08
8.025e-07,-259.7303186597935,2.4114625311247835,-218.56399063757547,0.04576865084066759,-261.442075749302,2.4223213298139585,-218.96664038263674,0.04689487161255004,-265.1759922376957,3.0916621415364943e-07,4.392764272157615e-08
8.05e-07,-214.6629330594399,1.4013422144545882,-213.1198577626086,0.049458640260884174,-216.49004080621546,1.4157654202471024,-215.67784454943063,0.049766761393353495,-198.04282418519054,3.091980939513131e-07,4.3821467208756464e-08
8.075e-07,-157.8183544381564,0.5972503903096988,-212.4511329414918,0.05256363519310473,-158.95958525549014,0.615677328958479,-212.24599853407986,0.052519603243577295,-121.95857148253666,3.091924121050044e-07,4.370178157049544e-08
8.1e-07,-93.177137545414,0.02193875328488655,-208.55988739897776,0.05548638500245568,-91.89013017524654,0.06904215610160426,-208.6856721803092,0.05510236980540683,-40.36206908518753,3.091490603631757e-07,4.3576042714747517e-08
8.125000000000001e-07,-20.87921022061334,-0.15819241301619766,-204.12926595852082,0.058001688775335625,-19.173080027895804,-0.19111773169299145,-205.01294325799213,0.05745902713671277,43.058706918257634,3.090683102963675e-07,4.344839539201098e-08
8.15e-07,52.85808083669303,-0.19744180892759353,-205.32233093842504,0.05946024085336536,54.77778647546687,-0.14872165260154743,-201.24524884748132,0.05953141356154755,124.53332742660668,3.0895267564732914e-07,4.3320159948041164e-08
8.175e-07,123.93612829844082,0.1627750238432443,-196.6115771747225,0.06078305546700219,125.42728206961559,0.19387002262829625,-197.40122372549058,0.0612627243065862,200.3793251350815,3.0880063819528445e-07,4.31911523876939e-08
8.2e-07,190.55556132920717,0.8772035705527894,-196.87744244883592,0.06255117153143938,188.536997554347,0.8160419476048475,-193.50052727983567,0.0626011613715231,267.1686336713873,3.08612139213357e-07,4.306144902399857e-08
8.225000000000001e-07,237.8518908859497,1.6837757371717281,-189.20285732389377,0.06484028988319822,240.5436980109971,1.6807727202167213,-189.56366058492137,0.06350327680742712,321.8825283890117,3.0838977246204127e-07,4.2933072071312744e-08
8.25e-07,277.0834282388049,2.6907116697548634,-186.023975209246,0.06364169566222364,278.8474305101964,2.737899139228317,-185.61177535951148,0.06393658361682583,362.0480658466905,3.081346347711059e-07,4.281109495389928e-08
8.275e-07,304.73110107402516,3.973469505833733,-176.94893924236771,0.06468209307908032,301.9736101988364,3.9283638771560434,-181.66647660225462,0.06388112387448543,385.8498552203392,3.078477710401855e-07,4.2703839492203495e-08
8.3e-07,309.7685037845429,5.152136086028201,-177.68930839862347,0.06233688277537214,309.59379130408297,5.188900589770026,-177.74962075796006,0.06332984827921719,392.2121098340954,3.0753013436308296e-07,4.2622101140910004e-08
8.325e-07,303.3618477034293,6.515055137191814,-172.1747326162158,0.06314861512348374,302.41238465435305,6.45658437617283,-173.88311130825323,0.06228784655883275,380.8472702681831,3.071825679829291e-07,4.257760415214044e-08
8.35e-07,285.625725685847,7.664575957346801,-168.07483847477687,0.06014406383322131,281.9473443653557,7.6727396622442345,-170.08869370357337,0.060770641895078276,352.26900138982415,3.0680580822605887e-07,4.2581073250182744e-08
8.375e-07,245.402354701144,8.743473515929926,-167.55086696531302,0.058424123210412834,250.24824704355686,8.785838724043547,-166.38775155936776,0.05880189497284022,307.76897587101837,3.0640050503538017e-07,4.264036550825942e-08
8.4e-07,212.71533468694753,9.71488120881202,-162.9621907703406,0.05662881984933904,209.60263492050393,9.753215779350537,-162.80110602765055,0.05641093208140441,249.3584935252842,3.059672549234838e-07,4.2759037681103555e-08
8.425e-07,162.43928164544795,10.571424217002523,-161.00437522492842,0.05419649262180038,162.27982759383283,10.541629076522295,-159.34882022602503,0.053630506051269664,179.67757513642837,3.055066403406453e-07,4.293557317837529e-08
8.450000000000001e-07,107.37559992048084,11.15535641257714,-157.9014690768667,0.05011929860255534,110.35109358890766,11.126889800311455,-156.05001056000413,0.05049512117956698,101.87563953123166,3.050192696756334e-07,4.31633206085133e-08
8.475e-07,56.63130663961573,11.426058296391567,-154.04199143501197,0.04667467994781029,55.60811971630245,11.492909459901902,-152.92266671147462,0.047040118988882385,19.469157020672778,3.0450581326442105e-07,4.343105696270346e-08
8.5e-07,-2.155120319651714,11.726661235905462,-148.88051604246928,0.04343816225892499,-0.4186971206219424,11.630574514152727,-149.98348198696186,0.04330155601341973,-63.81728705009957,3.0396703259788823e-07,4.3724012927241374e-08
8.525e-07,-58.56007424035412,11.62337190355634,-147.0204066178864,0.03965716172776056,-56.36070708796046,11.536830235976057,-147.2476956247239,0.03931673858470654,-144.2193350773469,3.034038020091259e-07,4.402518577136726e-08
8.55e-07,-114.71273540761938,11.163006126851132,-147.27088514892245,0.035534480383024564,-110.86486983614408,11.21425260890057,-144.72894855043978,0.03512514345005235,-218.10299758986622,3.0281712406074026e-07,4.4316794329026196e-08
8.575e-07,-165.62516779574693,10.72524035216861,-140.04529636715793,0.030757713530912417,-162.44480639179616,10.671228806933996,-142.4391539483645,0.030769372013037855,-282.12890129738315,3.022081412594015e-07,4.458176914743389e-08
8.6e-07,-208.44426160317397,10.004642478143946,-141.2778995338501,0.025908954508224787,-209.37332804666391,9.92268502863713,-140.38838387942758,0.026295774910105818,-333.4032211585454,3.015781473258369e-07,4.480519203320824e-08
8.625e-07,-251.9785457846731,8.997013781955717,-136.65284422134417,0.02241710706552431,-249.6525184085875,8.991130930018397,-138.5847730310139,0.021754444593329668,-369.6084746826626,3.0092860093070947e-07,4.4975590894981325e-08
8.65e-07,-278.7429706447213,7.875943875670551,-140.46375436698986,0.016772651414214787,-281.0820225793513,7.907666171076414,-137.03444052648564,0.01719839546396147,-389.1082668606871,3.00261143638132e-07,4.508596468761098e-08
8.675000000000001e-07,-305.1012908048011,6.661897777399146,-141.190070023281,0.013722308392753485,-301.4263915629487,6.712541808514606,-135.741430557206,0.012681911607678769,-391.02125149305607,2.995776220147794e-07,4.5134382475123354e-08
8.7e-07,-304.6591112656805,5.577882700897692,-133.915930196268,0.008128017001389463,-308.6617825088004,5.454899558787771,-134.70767242748008,0.008258211867485297,-375.26096603082925,2.9888011182427314e-07,4.5124000982012314e-08
8.725e-07,-300.27565290690177,4.128023056957196,-136.641200913891,0.004840133850433794,-301.2648275154858,4.191422133928145,-133.93296042491755,0.003976729531616593,-342.5397394859905,2.9817094035274914e-07,4.50624020822084e-08
8.75e-07,-278.39656108294787,2.969223088998123,-136.5347192981332,0.0005842845053004954,-278.4953306823467,2.983799885569731,-133.41495374690209,-0.00011959824424303276,-294.3364967823055,2.974527016024473e-07,4.496027201652789e-08
8.775000000000001e-07,-237.50376405533387,1.969392195506818,-134.34439430647183,-0.0032857148588282294,-240.6217918944377,1.8951231516290852,-133.1491965297314,-0.003996606833456965,-232.82991471671062,2.9672825865259533e-07,4.48296062140616e-08
8.8e-07,-188.1068247777867,0.9154593434460652,-133.20335695591527,-0.007562911213488337,-189.04523228750074,0.98550982771183,-133.12915784223105,-0.007630367749387041,-160.7999507295958,2.960007280761749e-07,4.468177929923747e-08
8.825e-07,-125.27482294432116,0.2951538325049367,-135.50206681667777,-0.011584833884779532,-126.29142199078346,0.3074376430111556,-133.34629132194001,-0.01100757512084849,-81.50219515931536,2.9527344289002047e-07,4.452590882025437e-08
8.85e-07,-55.18004374143802,-0.0046442174642048195,-129.15056661050852,-0.013737357525987643,-55.86193185494334,-0.09865923497438817,-133.79011395092292,-0.014124754315421794,1.4792740271765863,2.94549892895425e-07,4.436791459317648e-08
8.875e-07,17.268671005076463,-0.17079462389845168,-137.57022540732856,-0.016358939592350474,18.043040207767486,-0.20796711295783496,-134.44830329158273,-0.016986377032533105,84.39388339639163,2.9383463538826006e-07,4.4210519876725264e-08
8.900000000000001e-07,93.24876757925715,-0.002669487459256782,-136.65854753146405,-0.01927430966391008,90.89628560857787,-0.013568834998924232,-135.30681233205698,-0.019602141661355963,163.49408142632743,2.931313156529555e-07,4.4054190218076665e-08
8.925e-07,157.0717524198676,0.4008234390132416,-132.3338404850031,-0.02138509959708521,158.26035569185382,0.4728902485207651,-136.3500009274873,-0.021983811298486117,235.2047193009406,2.9244029214577177e-07,4.3898735822913426e-08
8.95e-07,218.94031716565908,1.173632533026244,-137.8950347771025,-0.02429652896647404,216.192727891682,1.2222396632866808,-137.56078266909023,-0.02414207127476787,296.2846394949754,2.917665773262301e-07,4.374510363939622e-08
8.975e-07,263.0093666372707,2.120556664868998,-140.15883986546004,-0.025243334185557426,261.5844823548933,2.1903863102408843,-138.92078586894885,-0.026083861280693857,343.9731687129939,2.9111315424179357e-07,4.359682603528641e-08
9.000000000000001e-07,291.09041543238163,3.269505679811378,-143.9714640643953,-0.02737013365410991,292.3884954902125,3.3221349312737605,-140.41052721609725,-0.027810555426009458,376.11489403545477,2.904824471841807e-07,4.346069565964381e-08
9.025e-07,306.4022603550657,4.512295743022665,-142.5926905787362,-0.02868231065106952,307.7111644406296,4.555727192622401,-142.00959653997538,-0.029317221157874558,391.25708267414535,2.898763951868654e-07,4.3346465014501034e-08
9.05e-07,304.4506511037843,5.812374936582395,-141.83913989060068,-0.030943997883022236,307.76365989250314,5.827528800178584,-143.69685101179485,-0.03059300979561392,388.7153421859133,2.8929641329705587e-07,4.326564567616155e-08
9.075e-07,292.43968087723084,7.171115818950422,-140.69904936942132,-0.03093845800538143,293.6908433710508,7.076313932908389,-145.45061702373516,-0.03162254852032188,368.6045534525198,2.8874337956846764e-07,4.322971580832284e-08
9.1e-07,268.6448435960834,8.289806756839978,-149.70034120142523,-0.034221963452638504,267.31445622280427,8.246701615389629,-147.24889791101862,-0.032388047631456904,331.8336783264051,2.882176456500414e-07,4.324816815707344e-08
9.125e-07,231.1754036427937,9.257273349857728,-148.37138219403795,-0.032359731188835075,230.83884268638514,9.29146911206131,-149.06958562348606,-0.032871734406492256,280.06467662493344,2.877190666048431e-07,4.3326821649301504e-08
9.15e-07,188.47634944313117,10.198768313941711,-150.24476973524202,-0.03242500777575851,186.57039127025635,10.172671691489503,-150.8906744118618,-0.0330581929433628,215.63738933144498,2.872470442237162e-07,4.3466702697655046e-08
9.175e-07,137.51244262510238,10.888519721253365,-147.7217240204134,-0.03316324979498965,136.6957154483877,10.861699506890169,-152.69047456984663,-0.032936232240648865,141.46378311130903,2.868005777638273e-07,4.366363282031064e-08
9.2e-07,81.66350849702462,11.293793433694493,-154.0550638469828,-0.033675469782263774,83.14961584634945,11.338565410433468,-154.44782426675027,-0.032500013425436264,60.896336050085445,2.8637831672168555e-07,4.3908498120387024e-08
9.225000000000001e-07,26.969466991838395,11.600395332867238,-155.42720467456348,-0.032732062045049894,27.584727567533793,11.590814331408776,-156.14229751666446,-0.03174932074102243,-22.423486721351217,2.85978611744168e-07,4.418806720177283e-08
9.25e-07,-26.24232592775649,11.647655521852814,-153.81126996598928,-0.03118881897055588,-28.565981251393893,11.612459934676123,-157.75440635909493,-0.03068903100991553,-104.72981895799475,2.8559956175122776e-07,4.4486182036797656e-08
9.275e-07,-81.75802125722323,11.425924480273574,-157.3546753892834,-0.0291498436567982,-83.96120759100374,11.403287314836025,-159.2657953722773,-0.029327991407976952,-182.30260187900564,2.852390573766109e-07,4.4785158603576505e-08
9.3e-07,-136.1086502093063,10.985962441516417,-168.82145756398322,-0.028331655530526655,-137.1980508363259,10.968726248447298,-160.659426703744,-0.027677627057095158,-251.63572235289126,2.8489482251560465e-07,4.506727188955654e-08
9.325000000000001e-07,-187.3798777253534,10.373557030264823,-158.88102160128398,-0.026284523965387656,-186.67864813243762,10.320325125145825,-161.91975388249014,-0.025750647743686083,-309.5954812265852,2.8456445676619204e-07,4.531623229220003e-08
9.35e-07,-229.58963324439333,9.522417365664811,-159.30468252718845,-0.023521178628913262,-230.53790829882536,9.476675555597977,-163.032882772669,-0.02356019829267806,-353.56222939077634,2.8424548166507877e-07,4.551856716855442e-08
9.375e-07,-262.17306583796045,8.365444439453203,-162.94109212047093,-0.02229261251614168,-266.66143712959285,8.464487294740744,-163.9867181392722,-0.021119704347226213,-381.54876995394505,2.839353928303749e-07,4.566479954111905e-08
9.4e-07,-294.76657127794675,7.394601394788087,-160.87145170373392,-0.01838657063295532,-292.80470786528235,7.319422554068773,-164.77109442075388,-0.018443521559260538,-392.29017501639873,2.8363171858416585e-07,4.575028139156729e-08
9.425e-07,-305.06427104571276,6.104166120604957,-163.37740563328316,-0.015825034457559273,-306.8038713137378,6.086287074006416,-165.37788944096954,-0.015548327915139538,-385.3009575307206,2.833320836464936e-07,4.577551993755548e-08
9.450000000000001e-07,-307.0528900786698,4.83137658243608,-167.98686180819269,-0.01134479293907882,-306.849129126305,4.818247051325309,-165.80111994188357,-0.01245503717255254,-360.8970142107157,2.8303427446676037e-07,4.574586178287086e-08
9.475e-07,-291.0712939400394,3.530063138028159,-170.41301686181689,-0.009314369740715988,-291.77693118664274,3.5748853016025106,-166.03701797797297,-0.009190886277065111,-320.18134771933626,2.8273630110881205e-07,4.567048946082768e-08
9.5e-07,-262.2897550622785,2.4329614900624943,-165.85695071714213,-0.005623928000686224,-261.3301821102464,2.419102440957081,-166.08408738168782,-0.005791284871234566,-264.99421346018084,2.8243644969400513e-07,4.556083070504732e-08
9.525e-07,-216.67653903750514,1.3386633606994787,-168.12053770082082,-0.002230927728751455,-216.33758503470392,1.4130756844663026,-165.94313968524943,-0.0023010236221940716,-197.82994422408245,2.821333194691629e-07,4.542864692946396e-08
9.55e-07,-158.563759511901,0.5575072744204901,-167.8132621945206,0.000445809658607655,-158.77403649068523,0.6136720969004038,-165.6173090659129,0.0012254799964111257,-121.72421202728577,2.8182583966923186e-07,4.528419707142557e-08
9.575e-07,-90.493709630048,0.10212787749527517,-167.66775157501863,0.00459992045430224,-91.68185208037957,0.06784114887711709,-165.11204606798344,0.004725077837728922,-40.116822649464275,2.8151326336713596e-07,4.5134908307195924e-08
9.600000000000001e-07,-18.65771755876985,-0.24956842598668105,-165.7371463653549,0.00845456548397363,-18.954508941044267,-0.19144103326754103,-164.43509004370313,0.008127930476888914,43.303755754058386,2.811951381570519e-07,4.4984892573528736e-08
9.625e-07,54.67518076409382,-0.17786663554102117,-161.22024042156795,0.012282802929453667,54.99324392701221,-0.14814676078074945,-163.59642044494655,0.011360507825902932,124.76710301315656,2.8087317995302037e-07,4.483543740731758e-08
9.65e-07,126.70961064888482,0.18177755282061542,-161.50320226556488,0.013332589490804951,125.62648549002297,0.19530862632856444,-162.60818728678345,0.014349211997973713,200.59126134824572,2.80544989204253e-07,4.468632831226064e-08
9.675e-07,184.33544773663348,0.79712742510291,-162.64177754366872,0.017177671951397463,188.70827483358377,0.8182578898422312,-161.4846212907114,0.01702418036013158,267.34915147697734,2.80209595064597e-07,4.4537614325748074e-08
9.7e-07,239.38324676386856,1.6919899122846238,-162.80015438238195,0.01973881456052389,240.67784987914405,1.6836354562800677,-160.24192439806762,0.019322795478528103,322.0234687933003,2.798686113287451e-07,4.4391292963841766e-08
9.725e-07,280.9149307312154,2.6927287050396775,-157.32114695557328,0.020900193910534638,278.9384069251289,2.741245285365213,-158.8981415211525,0.021192474763050508,362.1430586643715,2.795221249626658e-07,4.425241361975115e-08
9.75e-07,302.2023768670068,3.920564244729591,-152.67242796986955,0.022438350341838546,302.0187814139816,3.9320106716144374,-157.47301456938897,0.022592428053029395,385.8946069923805,2.7917014729543904e-07,4.412927225972831e-08
9.775e-07,309.65428317044285,5.235697382025768,-156.23870514552502,0.022371382672464107,309.5938017901499,5.192659787988917,-155.98781994883842,0.023494236016161355,392.20459788231403,2.7881258658372614e-07,4.403263441336646e-08
9.8e-07,307.4745802932821,6.490345782016707,-155.1746381170827,0.023849628165629008,302.37064383435927,6.460274944885747,-154.46519088420905,0.023881287420830673,380.78783411569265,2.7844924270970165e-07,4.397418902538829e-08
9.825000000000001e-07,284.1643991694699,7.558446023898431,-155.60832627376675,0.022840285343486786,281.8692630040144,7.676197950533419,-152.92892605171127,0.02374728701956143,352.1603274153607,2.780798230262984e-07,4.396462011810161e-08
9.85e-07,249.7073707066993,8.819033992158149,-149.91226262125272,0.022956384175558436,250.14036275365754,8.788925296148598,-151.40378613754677,0.023094178118841565,307.61597589074574,2.7770397583482125e-07,4.4011739920423935e-08
9.875e-07,210.96679307976072,9.825585497138011,-150.7983184338955,0.021671644829718475,209.4717789118341,9.7558187011899,-149.91528004926843,0.021929892614847426,249.1680827898838,2.7732133617991554e-07,4.411905836020027e-08
9.9e-07,159.12166304160456,10.494038970958117,-147.11104709199108,0.019785409239980564,162.13246645030702,10.543664046426587,-148.4894426047404,0.02026633550373119,179.4583597775178,2.76931577823955e-07,4.4285012592338875e-08
9.925e-07,108.07700591624996,11.188098178608245,-146.536521755447,0.01906745782326064,110.19293829075781,11.128297999007684,-147.15260560505908,0.018117933116937362,101.63752758381989,2.76534465489037e-07,4.450290800701229e-08
9.95e-07,53.3801566426049,11.554814660998145,-144.89393888826226,0.014760239455371527,55.44403722157882,11.493654282309118,-145.93116426280437,0.015500939893803266,19.22291060252533,2.761299026159769e-07,4.4761483459717925e-08
9.975e-07,-2.551943076926985,11.614884422640511,-142.60339868291743,0.012829771593513313,-0.5844960732947562,11.630638390090578,-144.8513410048164,0.01243353271577756,-64.06053816165951,2.7571797170994356e-07,4.504593808454131e-08
1e-06,-54.99504071401638,11.54352402911835,-144.24916380470987,0.009666538602914486,-56.52428533321842,11.53621254750809,-143.93894869883755,0.008936555457393917,-144.4485964860327,2.752989664361558e-07,4.5339245173320353e-08
1.0025e-06,-112.32754852437776,11.185178867315633,-148.56092818944924,0.004339576538299366,-111.02210600286224,11.21296931266384,-143.21915536557427,0.00503464011683678,-218.30790720209777,2.7487341657307494e-07,4.5623607750316207e-08
1.0050000000000001e-06,-163.8088785497692,10.70568514830116,-144.22340937535864,-1.786289206768285e-05,-162.59099631729663,10.669313851025072,-142.71625243184883,0.0007573497042087246,-282.3001976653412,2.744421083417591e-07,4.58819490095165e-08
1.0075e-06,-212.9066252962584,9.866232345007397,-141.59614566267874,-0.0030379441470305114,-209.50296794227114,9.920193117835241,-142.45342855657188,-0.0038600231089826863,-333.53316207648237,2.740061032359029e-07,4.609935186172843e-08
1.01e-06,-255.29959245061482,9.033935399127815,-143.749116716227,-0.008954145220320458,-249.75935634074227,8.988140745818786,-142.4525510194567,-0.008776306640666217,-369.69118711700224,2.7356675816520777e-07,4.6264353420751884e-08
1.0125e-06,-279.3813881958482,7.909481054532386,-139.89323596862232,-0.014551022230850367,-281.15941120235817,7.904282883460989,-142.73395660302953,-0.013945133246521127,-389.14001239775763,2.7312574856334594e-07,4.636996912496337e-08
1.015e-06,-303.27212091527826,6.7113599491576235,-142.52033461651953,-0.018553554852258257,-301.4679136197951,6.708897681291357,-143.31625382212522,-0.019316477134047084,-391.0005953068779,2.7268509433710956e-07,4.6414290448612724e-08
1.0175e-06,-312.0725266293788,5.367242481037334,-140.6885265720301,-0.02464228612634849,-308.66206272569406,5.4511516632667645,-144.21613826225393,-0.02483889926501425,-375.1888417339772,2.7224718650614017e-07,4.6400500645878e-08
1.02e-06,-304.06540998688547,4.207625269951763,-147.85759855229992,-0.030623274488658602,-301.2204009148276,4.187746614387236,-145.44822267987325,-0.03046220363835606,-342.4194069324364,2.7181481052192463e-07,4.633621024019637e-08
1.0225e-06,-283.54628172716787,2.9737252358095856,-150.93044209972138,-0.035705945678414445,-278.4054162859624,2.9803827917543932,-147.0248833945421,-0.03614011080234486,-294.17339472943127,2.713911609603942e-07,4.6232134482797236e-08
1.025e-06,-237.68989968863488,1.9746011519447992,-147.50189544784413,-0.04225921988120149,-240.48882654308227,1.8921484682390937,-148.9561243662984,-0.0418325244255554,-232.6314150058765,2.709798418608187e-07,4.610029715220938e-08
1.0275000000000001e-06,-189.68520628843308,0.9482130363560191,-148.03052224028147,-0.0474886728263177,-188.87505133951956,0.9831458785234939,-151.24946020254052,-0.047507011841698754,-160.57502509568798,2.7058484758949516e-07,4.595210066587627e-08
1.03e-06,-126.977567389274,0.42392603419833785,-153.00499192924676,-0.05286582166507711,-126.09302674599213,0.30582342796205064,-153.9098191784814,-0.05313923295811193,-81.26100972876326,2.7021052071198526e-07,4.579669114818337e-08
1.0325e-06,-59.869752253434044,0.055111954388771284,-156.76989538005674,-0.05834588841803295,-55.646848644271685,-0.09942606987592567,-156.93946718533655,-0.058712214818971396,1.725818222163735,2.698614857530506e-07,4.564002007529564e-08
1.035e-06,18.41602627651245,-0.21454225890957412,-159.13342603211248,-0.06504184372937298,18.261738459244732,-0.20783910179069848,-160.33795334218627,-0.06421455357236275,84.63464311965562,2.6954355956473694e-07,4.548484808474985e-08
1.0375e-06,93.4143381342388,-0.05610524994485286,-163.11104319965398,-0.0704078857612433,91.10516934967981,-0.012553126456988003,-164.10207782258166,-0.06963779975629353,163.71817488665897,2.692617301971063e-07,4.533168598004365e-08
1.04e-06,159.20500997269664,0.45951722246282034,-163.85658396722405,-0.07638792562559982,158.44687937231046,0.47473245784753,-168.22588225694776,-0.07497341648630791,235.40201798426088,2.6901781259931013e-07,4.5180398050164765e-08
1.0425e-06,216.21089989453222,1.2528610126496778,-170.24668417354664,-0.0806338466095135,216.34635191235776,1.2247986277176763,-172.70066287842033,-0.08020977005848734,296.4462259501067,2.688183795150442e-07,4.503199349010725e-08
1.045e-06,260.4206011611409,2.348015072111879,-176.39488799847385,-0.08511907782467763,261.6975264407642,2.1935134288701934,-177.51500638457512,-0.0853296065445686,344.0917396001452,2.686680162427667e-07,4.489007287288828e-08
1.0475e-06,292.4085401540794,3.309166797855837,-181.09365562797888,-0.09030626940450127,292.4566175262944,3.325655352630861,-182.65484829228072,-0.09030838720090285,376.1850902205467,2.685708166063548e-07,4.476149978808243e-08
1.0500000000000001e-06,310.61122554358644,4.6003742711158155,-191.84096450841307,-0.09491685666818074,307.7334195865621,4.559453707915447,-188.10355336937445,-0.09511371404328628,391.2757314494728,2.6853043073339734e-07,4.465609696655363e-08
1.0525e-06,308.0440544302295,5.833938108705215,-198.90495669636488,-0.0999244122028584,307.74216181727513,5.831275326411964,-193.84201753664735,-0.09970589943351049,388.68160066929875,2.6855000997304925e-07,4.458544262901432e-08
1.055e-06,292.8278299000862,7.124465554987903,-202.56806197185978,-0.103595117050909,293.63011110631845,7.079907078849339,-199.8487904484942,-0.10403955082512802,368.5199466836727,2.686321767392045e-07,4.4561076254758416e-08
1.0575e-06,269.6031227142888,8.197842483571257,-209.10479453737963,-0.1075197119279189,267.22057582788585,8.249989243598678,-206.10021778203048,-0.10806588553640582,331.702030338603,2.6877901727967253e-07,4.4592546132166874e-08
1.06e-06,234.70717378264223,9.367598224219059,-208.9586687241906,-0.11161332365645332,230.71859495724013,9.294325380384969,-212.5706020942128,-0.11173538729486056,279.89193760742694,2.6899209314086645e-07,4.468572160902308e-08
1.0625e-06,183.52314941480836,10.138607559271842,-215.6523826853358,-0.11500411897641837,186.4304916690326,10.174998674113297,-219.23238094588476,-0.11500038346135924,215.43136669444374,2.6927246573716597e-07,4.484167569694867e-08
1.065e-06,137.0768213927894,10.794061834757992,-226.2113091880291,-0.11811488737698159,136.5422816860401,10.863426048602925,-226.05632084218936,-0.11781716379090061,141.23378860883005,2.6962072810801295e-07,4.505627412859458e-08
1.0675e-06,82.18794844249705,11.346083419865959,-231.08840270436545,-0.11953402823442617,82.98792809668173,11.339644261829038,-233.01172540174716,-0.12014736942544552,60.652764909874186,2.7003703863195556e-07,4.532044600508305e-08
1.07e-06,25.249030283250043,11.610604130284129,-237.1664508508359,-0.12215741305339486,27.41928558671283,11.591218781447788,-240.0666560435548,-0.1219585339035586,-22.669625638436322,2.7052115296539464e-07,4.562100239383918e-08
1.0725000000000001e-06,-27.66248814962029,11.647130952076994,-248.9417983167925,-0.12329785502677451,-28.7311595501038,11.612181076459741,-247.18816337186934,-0.12322382769118803,-104.96740073344998,2.710724524460325e-07,4.5941827365866084e-08
1.075e-06,-86.29446902259895,11.472183527137755,-260.19449654884426,-0.1237561412001817,-84.12214932532054,11.402332772708823,-254.3425273462697,-0.12392121267721865,-182.5208883576144,2.716899692331577e-07,4.6265278386076116e-08
1.0775e-06,-137.95346474538684,11.001787906917633,-259.3638782345304,-0.12451436605594665,-137.3503833888759,10.967120723448614,-261.4955042475588,-0.12403232471859282,-251.82484748292438,2.7237241013657216e-07,4.657367077600414e-08
1.08e-06,-185.6871868732789,10.256734454799107,-267.8059099801344,-0.12322314357018764,-186.81727813085857,10.318112575061125,-268.6125783907418,-0.12354145018599523,-309.7468969828564,2.731181820781264e-07,4.685075334914413e-08
1.0825e-06,-234.90266530448648,9.442638152715938,-277.9092139916187,-0.12400592515763635,-230.65693155955003,9.473922321837493,-275.65921649460785,-0.12243493780936476,-353.6690921259257,2.739254222380402e-07,4.7083088950412895e-08
1.085e-06,-266.65279879169503,8.423211890981332,-282.5432495250621,-0.12020122617490385,-266.7543408823662,8.461285120659548,-282.6011225937824,-0.12070129451079595,-381.6062497157023,2.7479203514051394e-07,4.726123181762196e-08
1.0875e-06,-291.2800347035453,7.244227417594462,-284.68093421034814,-0.11898860959396829,-292.8648676710454,7.315890282815831,-289.40449137368097,-0.11833207037670639,-392.2956738504312,2.7571573738601714e-07,4.738055910689718e-08
1.09e-06,-305.6315438479889,6.046164878278952,-299.08541482083365,-0.11629688244717108,-306.82528400990276,6.082569904481803,-296.0362578217231,-0.11532346989894524,-385.25422690225355,2.7669410874720286e-07,4.744159498014638e-08
1.0925000000000001e-06,-308.4597333199801,4.804665796536138,-301.7134930017559,-0.11090261200436174,-306.82727117830336,4.814512558736527,-302.46434111923213,-0.11167846518000343,-360.800166237732,2.777246463112417e-07,4.744969231728864e-08
1.095e-06,-296.2986225353462,3.6283537067850165,-306.2211538366931,-0.10685540446669099,-291.7095987211159,3.571315940737156,-308.65788074748957,-0.10740906205581184,-320.03875970966476,2.7880481669306336e-07,4.7414026935417347e-08
1.0975e-06,-260.89235874434274,2.3658362805600492,-318.5529723928268,-0.10235256288556802,-261.218161053661,2.4158848571907496,-314.58746284792585,-0.10253830573815993,-264.81233006714723,2.799321004233842e-07,4.734600513718444e-08
1.1e-06,-216.79974154263377,1.4461854665292435,-320.79248700454247,-0.09783699419990588,-216.18501908776142,1.4103877522075718,-320.22533495985584,-0.09710162160944388,-197.6169861628454,2.8110402266888707e-07,4.725735154029961e-08
1.1025e-06,-159.70347069745912,0.5731047522388764,-328.3161334591796,-0.09084057165187426,-158.58840418273184,0.6116690802489754,-325.54560735881626,-0.09114716911323574,-121.48980451724371,2.8231816553479926e-07,4.71582736127688e-08
1.105e-06,-89.84576098041073,-0.08295547235522295,-331.80204893740876,-0.08482779869660395,-91.4735245653847,0.06664264670882887,-330.52443933348025,-0.08473502903358106,-39.87156037625478,2.83572159211442e-07,4.7056134347635945e-08
1.1075e-06,-18.74724399255444,-0.274377418615067,-334.45305415401475,-0.0777083450043679,-18.735927145804393,-0.191761688575406,-335.14020886839694,-0.07793522276512922,43.54878749422217,2.848636518670224e-07,4.69549715481344e-08
1.11e-06,55.04123761580926,-0.12005341894800116,-342.1313555292198,-0.07111957794490156,55.20867231686525,-0.14756924311345365,-339.3736643422141,-0.07082474576975563,125.00082934363012,2.8619218783167935e-07,4.685599148784621e-08
1.1125e-06,123.6603834809648,0.16171779235678882,-342.2129156533591,-0.06316017242020365,125.82562270119216,0.19674967545906552,-343.2080570054277,-0.06348395447888916,200.80311837115673,2.875529082425865e-07,4.675889334783043e-08
1.1150000000000001e-06,191.2469287746529,0.7744594167444657,-349.445749789234,-0.055985399772916514,188.87945470692708,0.8204759533569955,-346.6292531666288,-0.055992749058621234,267.52956373735236,2.8894214299025296e-07,4.666363550714551e-08
1.1175e-06,239.74276581824412,1.6377635940357749,-349.1216239900413,-0.04939359551608897,240.81188162623144,1.6864998744317294,-349.6258251903166,-0.048427025724413396,322.16428206782325,2.903585258646899e-07,4.657211968798947e-08
1.12e-06,279.605361549683,2.6676170991666903,-358.57522007100687,-0.040662637529510354,279.02925040345065,2.7445925966975184,-352.1891205910418,-0.0408558262318613,362.23790851370813,2.9179891870536107e-07,4.648929233895377e-08
1.1225e-06,298.6156349529197,3.9644652881841935,-356.0982901456096,-0.03347707633199299,302.0638169482024,3.9356580778228447,-354.31330869636474,-0.03333949678627028,385.9392064193424,2.9325986768678825e-07,4.6423336785178465e-08
1.125e-06,309.8050481034405,5.128961252849368,-348.23941095400846,-0.026270410298609416,309.59368291241844,5.196419047889425,-355.99540454324125,-0.025929004079848657,392.19693109436867,2.9473758864620804e-07,4.6384893967422584e-08
1.1275e-06,305.22021146973646,6.529786602197946,-354.30228552600477,-0.018575574550811557,302.32878708623116,6.463965062824314,-357.235269867246,-0.01866637112176227,380.7282476341945,2.962279762887286e-07,4.638551503192885e-08
1.13e-06,283.6700955264526,7.633512904935618,-361.9402953849317,-0.011974663097585592,281.7910837768091,7.679655338521259,-358.0355912398831,-0.011586022022851033,352.05151441358214,2.9772663618772985e-07,4.6435733083362644e-08
1.1325e-06,247.399987445352,8.773164967278337,-358.018817305771,-0.005362097797411581,250.03240069530136,8.792010596221026,-358.4018356043329,-0.0047166927454594925,307.46285446856456,2.992289359576268e-07,4.6543197722104556e-08
1.135e-06,210.97300774780183,9.68506185780073,-359.85918745168857,0.002266536111915215,209.34086501069058,9.75842006177717,-358.34218365269976,0.0019165037099218532,248.97757368687908,3.0073007016594446e-07,4.671124690557757e-08
1.1375000000000001e-06,160.69560938673698,10.564782601667838,-357.25650829131524,0.008731927221352432,161.98506549017893,10.545697244881985,-357.8674416764278,0.008290263325706105,179.2390735712939,3.022251327199866e-07,4.6938139293794127e-08
1.14e-06,110.80382811657043,11.16886339145044,-351.11643505115757,0.013562644472947753,110.03475874392004,11.129704286501807,-356.9909327044418,0.014381856146909143,101.39937551151644,3.037091906816754e-07,4.721699803828129e-08
1.1425e-06,52.75396498133466,11.556085695647363,-359.3230085669321,0.01980997282302938,55.27994371361525,11.49439711415342,-355.72836791910623,0.020168663887332548,18.97665659547164,3.0517735461798007e-07,4.7536378428406346e-08
1.145e-06,-0.279497620055449,11.526229200372388,-357.9360469206541,0.025943564719800628,-0.7502942425002321,11.630700248352287,-354.09769950680266,0.025628517883448082,-64.30376398313899,3.066248424073913e-07,4.788129662921538e-08
1.1475e-06,-54.71217834635557,11.555163453291765,-350.09558248213085,0.030436549616582223,-56.68785113213431,11.535592862724132,-352.1189562563097,0.03074069905402701,-144.67780086870542,3.0804703550945845e-07,4.823454502818923e-08
1.15e-06,-112.36945922091773,11.216617127756614,-348.31942651108204,0.03530232794752543,-111.17931686564982,11.21168409160534,-349.81406336289683,0.0354873254648385,-218.5127306298341,3.094395286412652e-07,4.85781489300682e-08
1.1525e-06,-165.71814217731804,10.691290940363968,-341.941934181093,0.03973456563567765,-162.73714592609977,10.667397098474433,-347.2066480278707,0.039854772125432654,-282.47138258564433,3.1079817520914466e-07,4.889485785886644e-08
1.155e-06,-214.19883874359365,9.952707635230333,-340.90025007196414,0.04381862069239785,-209.63255007989372,9.917699604656518,-344.3218325610557,0.043834756607042266,-333.66297132080325,3.121191314437833e-07,4.9169585727879565e-08
1.1575e-06,-248.09208195139735,9.064327621771865,-338.0446604426405,0.047461364108230805,-249.86611724129537,8.985149228699733,-341.1860167964063,0.04742478501201626,-369.77375360311225,3.1339890187032643e-07,4.9390705634279656e-08
1.1600000000000001e-06,-284.00503364396894,7.817004998468341,-337.54146958520414,0.05143982268517449,-281.2367031609962,7.900898612785037,-337.826651717675,0.050627774620428063,-389.17160430851476,3.1463438758095357e-07,4.955107386261112e-08
1.1625e-06,-302.29803665573894,6.737520508602418,-332.9141558703399,0.05298699249979322,-301.5093211962874,6.705252999237132,-334.2720062611342,0.05345082989320127,-390.97978475985644,3.158229370023042e-07,4.964862698536227e-08
1.165e-06,-308.26349918929736,5.379942425721439,-330.90645342980264,0.05585781352197405,-308.66221501307126,5.447403707874036,-330.5509293151048,0.05590331796870337,-375.1165693185107,3.1696239682514324e-07,4.968639657368846e-08
1.1675e-06,-302.6209913039574,4.24079795562803,-328.5339183164791,0.05817637110042762,-301.175839799303,4.184071574561452,-326.69260897112247,0.05799453703991601,-342.2989391971179,3.1805115890781e-07,4.967184349038376e-08
1.17e-06,-279.2770945774761,2.957312127151501,-322.6889071232199,0.05964358629178394,-278.31536964659006,2.976966730257552,-322.7263310986034,0.05973136851854713,-294.0101765415596,3.19088197677964e-07,4.96155344180555e-08
1.1725e-06,-241.62253677176054,1.916184332823012,-322.6517384966894,0.061271061081062964,-240.3557411744592,1.889175344388061,-318.6812393138007,0.06111633292076269,-232.4328234558439,3.2007309214486325e-07,4.952934548582486e-08
1.175e-06,-191.01550589518138,1.0071771173689905,-314.02167081927985,0.0628470252489405,-188.70477248972887,0.9807839496596549,-314.58609839467164,0.06214642336560692,-160.35003606930837,3.2100602725105795e-07,4.942453334957107e-08
1.1775e-06,-120.85483530250973,0.28777907091706906,-307.6416951759753,0.06318734181535125,-125.8945642953258,0.30421158881680865,-310.4690631561973,0.0628129763002418,-81.0197922176569,3.2188777090934666e-07,4.931010247249182e-08
1.18e-06,-53.55503156599194,-0.12089443856929329,-307.02658951987405,0.06336714506146339,-55.431735064266896,-0.10019031002970183,-306.3574547460899,0.06310267565614898,1.972361735825181,3.227196254782282e-07,4.919186994608028e-08
1.1825000000000001e-06,17.269639900788736,-0.16889819443505927,-297.31825984278106,0.06270581665724165,18.480427374975843,-0.2077084338673379,-302.2775462491581,0.06299960210982601,84.87536943050831,3.2350436196115057e-07,4.9072472806163716e-08
1.185e-06,92.25379025776405,0.020883935419140673,-300.2606093899,0.062433960009429884,91.3140048505263,-0.011534861923045779,-298.25435940056735,0.0624880654338398,163.94220371364784,3.242441812820597e-07,4.8952312058578635e-08
1.1875e-06,154.50509587208043,0.4402798984959018,-299.5389502027658,0.061232498069563934,158.63332027384195,0.4765769686833131,-294.3114741046094,0.0615558253419797,235.59922373459247,3.249384239773591e-07,4.8831157796299687e-08
1.19e-06,213.63017155869431,1.1646885830129663,-293.7127537706144,0.0600643754505927,216.49986595855103,1.2273595082874327,-290.4708523373335,0.060197237954325425,296.6076953729627,3.255915141978157e-07,4.870994078627473e-08
1.1925e-06,262.06720469407384,2.105101499710454,-283.32340221150105,0.05834772249991979,261.81044270129786,2.196641980932461,-286.75267787955124,0.05841587297756751,344.2101746453271,3.262061748627479e-07,4.85921975438293e-08
1.195e-06,293.6602953168249,3.3499164735843845,-282.8972325291911,0.05654687914831178,292.5246040282577,3.329176667250895,-283.1752131824843,0.05622622960272787,376.25513789372593,3.267849704627445e-07,4.8484739529087014e-08
1.1975e-06,306.0506685484466,4.562971350429284,-281.1882904895357,0.053321196046432734,307.7555411904545,4.563180559998061,-279.75467451299505,0.05365432253133203,391.2942257553381,3.273303495404228e-07,4.8397346574621875e-08
1.2e-06,310.15205416752076,5.846077558823439,-278.778224604212,0.052467280059402356,307.7205403742629,5.835021654255451,-276.5051263602897,0.05227677462298027,388.64770570734373,3.2784459256975754e-07,4.834156107456885e-08
