time,v_coil,i_coil,v_bias,i_bias,v_coil_clean,i_coil_clean,v_bias_clean,i_bias_clean,v_coil_src,density_state,heating_state
0.0,-53.501244095697885,-0.09636781550083036,69.40873490787239,0.029871719978995858,-54.20813117542622,-0.09811483480685419,69.63151424370537,0.03036909355578208,0.0,0.0,0.0
2.5e-09,7.303010445230664,-0.0375263718232474,72.26393086099628,0.02924084195834181,7.622027524017663,-0.035324350832516914,72.27401698047179,0.029248157661159464,75.35793578324848,1.5457873734957574e-10,7.128736848847431e-11
5e-09,69.12301952436071,0.07365202457383564,74.4464792380692,0.026726466445943547,68.84440233635485,0.0823926172644412,74.70965346175466,0.02685416706993192,147.3098644817586,3.1086059316358063e-10,1.4034935711702374e-10
7.500000000000001e-09,125.77557537916857,0.25575965482073526,77.05805171729465,0.023960126508086453,125.28661718412006,0.2469334786383621,76.91604811320295,0.024212810070775487,212.60372277452063,4.70076197810689e-10,2.0861757251251161e-10
1e-08,173.47433369346186,0.45271390636229325,78.87015115613258,0.021612302206927888,173.29059836113464,0.4473457704108891,78.87176666680121,0.021335510915595556,268.2883769604374,6.335013331940904e-10,2.812036165551391e-10
1.25e-08,209.70328493169183,0.6808275405210439,80.23623619361166,0.018185572998436893,210.07578775809517,0.6709505890481106,80.55649787730667,0.018235812690359076,311.8470074809961,8.010615432420173e-10,3.668667804120766e-10
1.5000000000000002e-08,233.9665844762807,0.9024783041994586,82.53030354470833,0.015125411118662663,233.97401270676306,0.9045628453668916,81.95122753006473,0.014929265078395107,341.31086343275837,9.724407616358232e-10,4.766845471972018e-10
1.75e-08,244.22680340116108,1.1263815394115009,83.06560592062968,0.011500917657622975,244.50587847559083,1.135637505138059,83.03840323815842,0.011433216999373684,355.3482456247583,1.1470811185055983e-09,6.218690806788176e-10
2e-08,242.04327006477513,1.3657908806917285,84.51262853389004,0.007666477693064896,242.2950528153055,1.353191641943981,83.80208860156253,0.007766535124522431,353.32469634925485,1.3242010561630003e-09,8.11396358281177e-10
2.25e-08,228.18802592715133,1.548822180504289,84.62974663154412,0.0042246908100760875,228.84351120117194,1.5483971638402574,84.22810538819654,0.003949284381656239,335.331675425271,1.5028278513429652e-09,1.0500915239154344e-09
2.5e-08,206.88142389343875,1.71342556184482,84.39161372592497,0.0005686555666165999,206.21303703638523,1.714800206305852,84.30416249575984,2.415271514805278e-06,302.18242642305546,1.6818390714897999e-09,1.3375876862462763e-09
2.75e-08,176.7713617658754,1.849097719936452,83.94588829549974,-0.00451597481234794,176.67216903424654,1.8481893815562656,84.01997056312648,-0.0040524963546746786,255.37521990670703,1.860006911537877e-09,1.668259681806095e-09
3.0000000000000004e-08,142.18222804954848,1.9370168912221584,83.08196308618197,-0.008357108744742811,142.37100326415236,1.9461945300343395,83.36734121993852,-0.008193418464318324,197.02563501669027,2.036039824767556e-09,2.0319562760278477e-09
3.25e-08,104.65783388718283,2.005711085150641,82.65309704503353,-0.012642707206198325,105.09834903482339,2.007739855812188,82.34027009182195,-0.01239791589207252,129.77094011049533,2.2086172499798086e-09,2.4152011734213163e-09
3.5e-08,65.79967367904803,2.0181963016195112,80.75540063367308,-0.016294870073799303,66.15825189266089,2.032493062454059,80.93500281524436,-0.01664307965556356,56.65089423873217,2.3764152592821465e-09,2.802527200052632e-09
3.75e-08,25.980724736679594,2.0300550326822093,78.88705158689324,-0.020963102979618804,26.37908408907272,2.0204425443995033,79.1500834592592,-0.020905343173547107,-19.029643041512173,2.538123209905586e-09,3.177713000036676e-09
4e-08,-13.874406495590188,1.9770726151941742,77.25106370130626,-0.02509908923816141,-13.757368645639586,1.9717000046967474,76.98638489998518,-0.025160211959008635,-93.8500837924957,2.6924535476153595e-09,3.524840738572461e-09
4.2500000000000003e-08,-53.61417430956409,1.8942556940202195,74.16714816216763,-0.029546235200155275,-53.902424883657226,1.886572795773237,74.44712084637075,-0.029381944549822354,-164.42871448090082,2.838148389122405e-09,3.829219598945816e-09
4.5e-08,-94.01163821947256,1.75614690010062,71.60043754298901,-0.033720648206345655,-93.59433062748464,1.7658888803836286,71.53783937125652,-0.0335432276291725,-227.57554172836203,2.9739871303875583e-09,4.078276937714032e-09
4.75e-08,-131.89795581580643,1.6081944307555536,68.53053763909833,-0.03780825653591021,-132.03733505478417,1.6114991560005956,68.26639795862415,-0.037614887707116546,-280.43647274759513,3.0987989738945014e-09,4.262489908965037e-09
5e-08,-167.63926480900355,1.431716393826376,64.14876213011857,-0.04227036046296756,-167.9592244476059,1.4268379601058656,64.64292023484495,-0.04156567712069286,-320.6223138367552,3.2114830113179193e-09,4.3763287046266754e-09
5.25e-08,-200.96380782203948,1.2254255247715142,60.80129815630893,-0.04534074996205991,-199.58564785621505,1.2174012801770369,60.679734707343684,-0.04536216643751774,-346.31675649384806,3.311036579486194e-09,4.419049261914762e-09
5.5e-08,-225.10885014487016,0.9931082402315444,56.962064171515514,-0.04899630616022227,-224.74726237785373,0.9910078292318871,56.39129598702405,-0.04896877228926405,-356.35847042474,3.3965903947750966e-09,4.395068802419961e-09
5.75e-08,-241.12009710019564,0.7381773023125733,51.82364816235832,-0.05271773080940182,-241.11003830784767,0.7577401180530479,51.79408911972327,-0.05234795280376222,-350.29359302775487,3.467446891572959e-09,4.313644849000114e-09
6.000000000000001e-08,-246.34780464519886,0.5294227653769942,46.55502439539761,-0.055756286433353966,-246.4946744288756,0.5295155532972984,46.90651779558186,-0.055460614586300284,-328.39624294968803,3.5231166537407774e-09,4.187696870064016e-09
6.25e-08,-239.95299326693464,0.3058094360569825,42.17810182634161,-0.05828186177980631,-239.23244837038578,0.319302155601705,41.74877734227753,-0.05826679540007117,-291.6561305472222,3.563347150676983e-09,4.031849015901418e-09
6.5e-08,-218.97588313862548,0.132369894157862,36.036209451323934,-0.06096022303184748,-218.49541743773267,0.14005825351744056,36.34271353738294,-0.060726710218974654,-241.73382523267205,3.5881383369442087e-09,3.8600611913995145e-09
6.75e-08,-185.24471681817752,0.01067915157125438,30.969565156043934,-0.06310719918894529,-184.540504445545,0.00352883563484149,30.711668395544876,-0.06280226239447008,-180.8857015181653,3.5977410287936686e-09,3.683439028322545e-09
7e-08,-138.45652624976654,-0.07824561546565141,24.95347763311278,-0.06445967302471521,-138.81949551639056,-0.08093657764133291,24.880314196691575,-0.06445910386719564,-111.86195602613506,3.5926361329707005e-09,3.5088582342822367e-09
7.250000000000001e-08,-82.96249963214828,-0.11661768506336383,19.078232006954085,-0.06591290990615896,-83.92824062126063,-0.10737469786268197,18.874477121098167,-0.06566924945059609,-37.78230486501109,3.5760293421005892e-09,3.3388501936861763e-09
7.5e-08,-23.271878877688444,-0.06442620529819641,12.673861027333398,-0.0667773714188495,-23.39470419894042,-0.0738615253112721,12.720951945010837,-0.06641408769250325,38.00502043434919,3.5469715930200328e-09,3.172813831958359e-09
7.75e-08,38.375173308817736,0.023298265962332292,6.784453636367432,-0.06694789312197816,38.66764086165716,0.017270373091346606,6.447309325878858,-0.0666873950394378,112.07460535892906,3.5044512857828583e-09,3.0091747144890827e-09
8e-08,97.66279811163572,0.15471820408037884,0.1332370689163517,-0.06589769670801061,97.99195736411664,0.15968347920941403,0.081697268425312,-0.06649772150031083,181.0786733488396,3.448115052928203e-09,2.8477777214870727e-09
8.25e-08,150.77412906899886,0.3453920927181748,-6.006763531284111,-0.0656959011704616,150.61218198373584,0.34371832905979016,-6.3473615887466615,-0.065869404385511,241.89839767393536,3.3811549426453643e-09,2.6917114827798583e-09
8.500000000000001e-08,193.1871450723796,0.5607309367614948,-12.928294830153426,-0.065026248613922,193.27192695430716,0.5574061527953443,-12.811175191976446,-0.06484161353921981,291.78486529950976,3.3321992940887146e-09,2.5607657398751794e-09
8.75e-08,223.10664541105572,0.7846390685785458,-19.49646549767199,-0.06336017666154768,223.7286153013598,0.7876624117009695,-19.2810881028459,-0.06346527071892405,328.4833214953644,3.3017841739014184e-09,2.4646211586373435e-09
9e-08,241.2578907963006,1.023688476061098,-25.69149867701386,-0.061985410885493655,240.9110481933851,1.0214906403971076,-25.728686640687698,-0.06179828548802035,350.3350796148596,3.289807894467309e-09,2.4141016714747985e-09
9.25e-08,244.59810240927334,1.2528457057107574,-31.959108753070762,-0.06029802192128611,244.91323565858278,1.2470327089186366,-32.12600144734167,-0.059900055096921964,356.35248995401327,3.2959049285615586e-09,2.418981282544696e-09
9.5e-08,236.59266827269715,1.4799556078827825,-38.22843457349189,-0.05784546498923718,236.83452647289764,1.4543353014200922,-38.44570580806032,-0.05782635586171672,346.2635792689474,3.3194700337012137e-09,2.485769579336757e-09
9.75e-08,218.13173107369556,1.6355929600730361,-45.18939314472775,-0.056130216164082716,218.50107994866704,1.635756763728666,-44.66130810065276,-0.05562554560176207,320.5243433471457,3.359694323401721e-09,2.616199889485126e-09
1e-07,191.90991634391315,1.7863907722080592,-50.635242807291604,-0.05343772318712978,192.1221731968798,1.7860036208420662,-50.74733679713751,-0.05333653019166696,280.2981370362988,3.415607401585814e-09,2.8066818020597817e-09
1.025e-07,160.0874312993318,1.8990151933317831,-56.79015189670058,-0.051163091059485036,159.94355885066705,1.9018503233946675,-56.67951650788274,-0.05098844377800897,227.4030932544975,3.4861196242805512e-09,3.048668571407124e-09
1.05e-07,124.56554118559244,1.9707169297612,-62.56453410870109,-0.04888431974884804,123.95765356375318,1.9816477506994539,-62.43493363686741,-0.04860163327182466,164.22994752276978,3.5700595076999627e-09,3.3296675035601595e-09
1.075e-07,85.54165067219556,2.0314247053132726,-68.06299364601169,-0.04623031737928296,85.71731589947751,2.024756598264844,-67.99219030760524,-0.0461893936019124,93.63398216395369,3.666203051160093e-09,3.634543451882061e-09
1.1e-07,44.907030739291,2.0292113722971252,-73.4424331557114,-0.0436194216602734,46.27882052186128,2.0310458635149957,-73.33154532163095,-0.043759939831625745,18.805974044040223,3.773293936500205e-09,3.946822395735468e-09
1.1250000000000001e-07,5.777382356692251,1.9984977150565313,-78.15169582235623,-0.04120239701261286,6.274253825695692,2.0005739066641413,-78.43504102435915,-0.041318245952675525,-56.87202127580925,3.890055778799127e-09,4.249838209716988e-09
1.15e-07,-33.70057255784622,1.9344115235977155,-83.57400009169172,-0.039082945558254735,-33.9114153385494,1.933524570186592,-83.28661507558823,-0.038867549487485095,-129.97953074867377,4.015199415927155e-09,4.527710841263208e-09
1.175e-07,-73.81128285471131,1.826143958542612,-87.65158246105065,-0.0359216874357306,-73.9033507156908,1.8304121911650912,-87.87219625286954,-0.03641046407173,-197.21226143414862,4.147429296567959e-09,4.766239737379505e-09
1.2000000000000002e-07,-113.67731698673838,1.699888875951003,-92.29131687358044,-0.03373190272884894,-113.09613141708442,1.6925081096031447,-92.17978355423642,-0.03394973680104735,-255.531447014381,4.285453158997004e-09,4.953810424071384e-09
1.225e-07,-149.8958481791444,1.5161285468933967,-96.05896345916264,-0.03144350457186857,-150.46623832358165,1.5223890026329963,-96.19950801117862,-0.03148873269889265,-302.30119311145336,4.427998364684111e-09,5.0823431576768364e-09
1.25e-07,-184.27981408527387,1.3329945222987192,-99.95818852181048,-0.02842271004635062,-184.48462819726703,1.324473976325275,-99.92367677199091,-0.029031735886225818,-335.4076137105452,4.573836621344054e-09,5.1481884260541525e-09
1.275e-07,-212.5402425086166,1.114952865908697,-103.24130571247704,-0.02648103369605123,-213.15724317683464,1.1054093186687033,-103.34679916840533,-0.026584140115514243,-353.35437399384523,4.7218167110458195e-09,5.15274699380425e-09
1.3e-07,-234.7045660807024,0.8595796426109771,-106.17666835841608,-0.024168990273054462,-234.19673687421303,0.8741790479334144,-106.46559463340527,-0.02415257351222363,-355.3303212667143,4.870902637439805e-09,5.102526638873248e-09
1.325e-07,-244.43384562572305,0.634552938830072,-109.07557708988355,-0.021725487026771715,-245.30306974151415,0.6418628041839599,-109.27898249395334,-0.0217449739552674,-341.2461472122444,5.020212750445892e-09,5.008398479975182e-09
1.35e-07,-244.84926859123834,0.4148057083266123,-111.63554651275278,-0.019479520597915637,-244.5086150433046,0.4210227211864029,-111.78805381768342,-0.019370609396837483,-311.73842442380106,5.169054268433648e-09,4.8840000273167465e-09
1.375e-07,-230.04058206559395,0.2298100635951914,-114.10084259187713,-0.016969909049349308,-230.52907243950625,0.22476707368955176,-113.99602564605321,-0.017040025193500636,-268.14083477347026,5.316947443569015e-09,4.743508636728599e-09
1.4e-07,-204.03600280907202,0.06173910376450871,-115.5545433258585,-0.01464844513443946,-203.05750002954514,0.06559890277693402,-115.90817809668825,-0.014764899025636415,-212.4238900286344,5.463634481118077e-09,4.599280557146028e-09
1.425e-07,-162.39787057284204,-0.03641327155333149,-117.84620190783039,-0.01297850058348042,-162.94599349145744,-0.045798437036157456,-117.53177496336154,-0.01255779183611521,-147.10586920753366,5.609070117078009e-09,4.459996355340344e-09
1.4500000000000001e-07,-112.29859117656932,-0.08789292427222754,-118.78487734818331,-0.010391476731881356,-112.23680582473466,-0.10166784949150236,-118.8759685819745,-0.010431797464885468,-75.1389981025217,5.754827032436826e-09,4.329882702189116e-09
1.475e-07,-54.280186142827326,-0.10281588586962173,-119.98922469250586,-0.01932712876866686,-54.02905447651094,-0.09801568587839941,-119.95168986382042,-0.01881499377541197,0.22398460264601516,5.901469153912368e-09,4.20928358420747e-09
1.5e-07,8.239521199636883,-0.035971851808476805,-123.52916078510154,-0.012631719582316748,7.8056331447887395,-0.035054736538808855,-123.53078487154312,-0.012659596309058344,75.576843713855,6.047456795205856e-09,4.096420413935515e-09
1.525e-07,69.59213958149091,0.07627424747734375,-122.7947695960576,0.0038988298432391746,69.01989356693137,0.08281391678312669,-122.98499140662851,0.0037570148907076274,147.51380160038136,6.197376928328665e-09,3.992553566415406e-09
1.55e-07,125.20773053601103,0.22640569933808852,-122.27382976929837,0.0049061312603027206,125.44224362036587,0.24747784279128845,-122.2261015071369,0.0053362602805937165,212.78347158782387,6.343817234138618e-09,3.894545798592397e-09
1.575e-07,173.17259416687483,0.45763881517403676,-121.17719358784956,0.006967709310204452,173.41671616569343,0.4479777439359041,-121.27151379108513,0.006776596491453223,268.435813231402,6.488209622279874e-09,3.807165808565865e-09
1.6e-07,209.34846480740967,0.6678280015021364,-120.00733893979354,0.007859046402510466,210.16576205029142,0.6716314241470579,-120.13956541392913,0.008071161496189283,311.9554674259312,6.630726295828082e-09,3.738886786593399e-09
1.625e-07,233.2653090462957,0.9240731280181662,-118.7963325762223,0.009545569544629581,234.02468450974004,0.9052540733939984,-118.8493647497277,0.00921501697359644,341.37544490914894,6.771377759651403e-09,3.700550103689857e-09
1.65e-07,244.32034464872856,1.1244415862488026,-117.30920338511997,0.010133830183967454,244.51754525307888,1.1363040510204094,-117.42061918161161,0.010205069312312121,355.3660296969425,6.910009913404972e-09,3.703176591032876e-09
1.675e-07,242.53692588120927,1.3497422988018455,-116.06741319946799,0.011050704415137814,242.27099247812112,1.3538040946611427,-115.87345950764949,0.011039888485823083,353.2948792176698,7.046318760505608e-09,3.755592378447048e-09
1.7000000000000001e-07,229.17940597546226,1.5453985425790568,-113.84343464863673,0.011861766869846408,228.7891537769704,1.5489329778704424,-114.22826249184777,0.011719464526857645,335.2556047563618,7.179878854444976e-09,3.8625124700324025e-09
1.7250000000000002e-07,206.64255101479208,1.7091778548555867,-111.76796589612442,0.012184927762102312,206.13494302147197,1.7152438025916248,-112.50547310023836,0.012244949099633926,302.0635404378209,7.310180042217804e-09,4.023498434427536e-09
1.75e-07,176.77774785967102,1.848049236533077,-111.00135727043185,0.012120898034099714,176.5769993520267,1.848531307524383,-110.72542795871934,0.012618429111819186,255.21889198094124,7.436666492049068e-09,4.232890815624952e-09
1.775e-07,142.52043625233017,1.9428863943903565,-108.44500660811421,0.012924297996272935,142.2646585013913,1.9464299926430635,-108.90818155257996,0.012842770579216645,196.83893081663177,7.558772467765139e-09,4.48053909490242e-09
1.8e-07,105.09108321899726,1.9980658116020493,-107.0115767820382,0.012523531325064667,104.98541690649311,2.0078670325113315,-107.07333665762893,0.012921555650592387,129.5622982408046,7.675950707812902e-09,4.752999368523355e-09
1.825e-07,66.19784083210942,2.0174669314039133,-105.04608668647946,0.01279758132765101,66.04183900241637,2.0325116070341758,-105.23988044984095,0.012859116568830174,56.42974483677954,7.78769129449147e-09,5.034864302467461e-09
1.85e-07,26.61537568189041,2.013388926426873,-103.45170153815218,0.012626174795658827,26.261032597714788,2.0203526370633513,-103.42602768484444,0.01266065080572862,-19.253304526382106,7.89353116185975e-09,5.309995140541114e-09
1.875e-07,-14.429684719084397,1.9521975860743508,-101.94595757666468,0.012428553532976835,-13.875953063966385,1.9715021618825022,-101.64907227090606,0.012332385139985507,-94.0661483705112,7.993056456936445e-09,5.5625747185418e-09
1.9e-07,-54.2455830550314,1.8846980024432864,-100.37066201435664,0.012313168676665702,-54.020466913922085,1.8862684808628243,-99.92524847994068,0.011881745974803565,-164.62741652517948,8.085901449111973e-09,5.778026583085274e-09
1.925e-07,-93.73524536588071,1.771810770806471,-97.98177577564817,0.011269154716333819,-93.71006808191277,1.76548177435825,-98.26960295121275,0.011317490564203737,-227.7479003590068,8.171748301481197e-09,5.943902146236113e-09
1.95e-07,-131.96577677347034,1.6166389369757164,-96.93158394285857,0.010682724669898638,-132.147759845208,1.6109967916627688,-96.69587854260412,0.010649759487070386,-280.5746977470133,8.250331662649114e-09,6.050808505032114e-09
1.9750000000000001e-07,-167.68536365808396,1.4159959197982943,-95.00165184893942,0.010339883986032344,-168.05982119062858,1.4262533241521456,-95.21641097551066,0.009890023648266046,-320.7201577497529,8.321450779450984e-09,6.093347724932256e-09
2e-07,-199.9665141559689,1.2308902498962644,-93.66263952413715,0.0090455632001632,-199.6705129518203,1.2167539634864282,-93.8420391025679,0.00905091697521053,-346.3697969983778,8.38498991136395e-09,6.070905079388914e-09
2.025e-07,-224.85293882553032,0.9963070681080464,-92.39379917985762,0.00827890559111526,-224.80961337411244,0.9903243628481325,-92.58202950354868,0.00814596561399414,-356.36431021078624,8.440945614091649e-09,5.988019432930431e-09
2.05e-07,-240.37123499835448,0.7634806680723555,-91.69000905851655,0.007350511832755254,-241.14304717686161,0.7570532613442243,-91.44401598502881,0.0071892423006535795,-350.2519681502872,8.489457380445564e-09,5.854056583506195e-09
2.075e-07,-246.40493506072013,0.5255311699805977,-90.44976776982291,0.006180347299335658,-246.4924929407893,0.5288624793619855,-90.43395442494284,0.006194987498641603,-328.3090347583758,8.530836590578118e-09,5.682025283226159e-09
2.1e-07,-239.8176495067726,0.32201138484223996,-89.47411210877522,0.005905347933600126,-239.19125110095874,0.3187216756293126,-89.55609326515074,0.005177244550679678,-291.5272806537132,8.565588047108923e-09,5.486615249872361e-09
2.125e-07,-216.7608485179464,0.14008793084231594,-88.43170934804671,0.004127367854734128,-218.41427608020572,0.13958740137389786,-88.81295981483868,0.004149553491684757,-241.56915735872337,8.594418718495178e-09,5.281825247909657e-09
2.15e-07,-183.4773613597481,0.003454595993357548,-88.67632673554537,0.003010491611404285,-184.4219285339704,0.0031992639854834834,-88.20536238623126,0.003124737788797265,-180.69265827668093,8.618229667968255e-09,5.078772259474355e-09
2.175e-07,-138.33867089216545,-0.07081576140643756,-87.81053476423727,0.001836821972477049,-138.66952596751423,-0.08110188179538842,-87.73240814295755,0.0021148019860134123,-111.64926253201268,8.63808930565694e-09,4.884317029011188e-09
2.2e-07,-83.57250000758822,-0.1104957316037871,-86.95790448504664,0.0013391044878775986,-83.75605487210659,-0.10736389841496792,-87.39153640174072,0.0011309389600479786,-37.55957437981707,8.657727812264234e-09,4.7009519812939745e-09
2.2250000000000001e-07,-22.496127103902463,-0.06606644571163915,-87.25492679013614,0.0003328147187215805,-23.21177256327573,-0.07367525220248769,-87.1785669911097,0.00018362668898020963,38.22772099990773,8.67663159016841e-09,4.5280152338769834e-09
2.2500000000000002e-07,38.72553388670592,0.03133688417942439,-87.0600992097501,-0.0009142154469697445,38.84873283213447,0.017619077697598923,-87.08776313777958,-0.0007172205459734597,112.28721044644467,8.694158143600266e-09,4.363850450985751e-09
2.275e-07,97.70944050168121,0.16645836468236672,-87.04269569205053,-0.0013908972999903755,98.15884945534329,0.1601705767632107,-87.11190822338186,-0.0015620901087084536,181.27157369252117,8.710253659773161e-09,4.2081982142133666e-09
2.3e-07,150.77271991924738,0.3466613047865862,-87.29333390027406,-0.0015799502359879307,150.75404429410438,0.34431135077086317,-87.24239563248987,-0.0023417422342246704,242.0628746175415,8.728308634622895e-09,4.064017269103591e-09
2.325e-07,193.54020939886422,0.5513319530758665,-87.40311082218334,-0.0031753202630174274,193.38053688336376,0.5580675356144864,-87.46933079844048,-0.0030471511985132433,291.91348485975317,8.74916825043491e-09,3.938132318377718e-09
2.35e-07,223.7012020631274,0.7775261536232484,-87.80025446698849,-0.003604920514477363,223.79905286014306,0.78835311938259,-87.78164444731647,-0.003669539024583876,328.5702703610276,8.773451437187776e-09,3.840510737879522e-09
2.375e-07,241.24541681962774,1.0298952075457728,-88.39725352746481,-0.004127729514650358,240.941920355018,1.0221735621873302,-88.16721594354941,-0.004200506209180779,350.3764278952233,8.801535450890003e-09,3.782423580405786e-09
2.4000000000000003e-07,245.1636748588339,1.2526610330676702,-88.40299495267024,-0.0045020658849775855,244.90641925536545,1.2476753901217537,-88.61300555378826,-0.004632245109113309,356.34636880096707,8.83355987560317e-09,3.7740763967690465e-09
2.425e-07,237.34354866887995,1.4467806431700705,-89.11269624018821,-0.004986827690877052,236.79449847128484,1.4549116941624853,-89.10519436970127,-0.004957805455011757,346.2102653446693,8.86944726538795e-09,3.8223952261370095e-09
2.45e-07,218.60377903731123,1.6266069162264334,-89.9955234960106,-0.00533064756982969,218.43396992128237,1.6362478680456942,-89.62933056590842,-0.005171370886722537,320.42624631960183,8.908935659797417e-09,3.9295164623408515e-09
2.475e-07,192.20395950411208,1.7867205935376587,-90.29664115918179,-0.005185952598412227,192.03471401702527,1.7863970829601201,-90.17048061682783,-0.005268502329591816,280.15969066773664,8.951617115442053e-09,4.092241380326968e-09
2.5e-07,159.62207533229136,1.8978004746130317,-90.76003422536651,-0.005341335891030114,159.84212107602002,1.9021392346723103,-90.71338405631727,-0.005246308996096651,227.2305550054936,8.996976347027865e-09,4.3024050226351e-09
2.525e-07,123.31130696900748,1.9836690718345031,-91.33065056267104,-0.005181018973206831,123.84752536001866,1.9818290160060317,-91.24261033693132,-0.005103519888104812,164.0311157292558,9.04442452861042e-09,4.54788710469313e-09
2.55e-07,85.71439127911223,2.0152128798030415,-92.04132355220038,-0.004680610861937198,85.60233829430088,2.024829295006283,-91.74271633162225,-0.004840445686862006,93.41784357019888,9.093325056453393e-09,4.813915064962317e-09
2.575e-07,46.74916689726881,2.034548627361092,-91.79280391013965,-0.004114712936401945,46.161416949213525,2.0310099838017206,-92.19840301989043,-0.0044588397541858405,18.582297622268026,9.143010268006185e-09,5.08436656305069e-09
2.6e-07,5.598102611187493,2.00060128445601,-92.77982716432437,-0.0038730077546247532,6.1558163127259355,2.0004297717609716,-92.59466991272618,-0.003961684199897305,-57.09312586071254,9.192790323034293e-09,5.342914991402353e-09
2.6250000000000003e-07,-33.64048437485283,1.928926153983707,-92.82688294096012,-0.0035660673576600704,-34.02988940605874,1.9332730484398557,-92.9169657960429,-0.0033529394541929837,-130.18807007299267,9.241957262734278e-09,5.57400660492039e-09
2.65e-07,-73.60955899312256,1.8274300940117327,-93.60575559836508,-0.0027057165777631042,-74.02052509638798,1.8300556680075544,-93.1513344104469,-0.0026373012312324792,-197.39880999533003,9.289788330797623e-09,5.763753286731736e-09
2.675e-07,-113.27655071068703,1.6907962266197367,-93.70808385230598,-0.0017171486375211326,-113.20967310706396,1.6920519853928113,-93.28455373574042,-0.0018200061641440942,-255.6875732422853,9.335552768568427e-09,5.900838772318236e-09
2.7e-07,-151.09030750529274,1.5160026139438818,-93.30957252112107,-0.0005188247786102687,-150.57239337034636,1.521843363619071,-93.30426761106293,-0.0009067171727859865,-302.4198404561282,9.37852546379973e-09,5.977466951492522e-09
2.725e-07,-184.49656863562416,1.3189079821237373,-92.89154551316737,0.0002198013226631836,-184.57814507764772,1.3238550209059263,-93.19910849544019,9.649638095057789e-05,-335.4834195822052,9.41800919922095e-09,5.9902566300713315e-09
2.75e-07,-213.4344077666366,1.1093088106373137,-92.80364324410336,0.0011484617564208163,-213.23169122628073,1.104740138049204,-92.95881025806936,0.0011830876037670138,-353.383912139725,9.45336512523328e-09,5.940860133397742e-09
2.775e-07,-234.1910229643077,0.8744648043141333,-92.45293615945094,0.0023198839754010507,-234.24519088361956,0.873489455492622,-92.57430998213235,0.0023458922794028243,-355.3122566298868,9.484048877777718e-09,5.836017860057309e-09
2.8e-07,-244.75323460563212,0.6323475991942018,-92.15169896906383,0.003857375372542659,-245.31905936240372,0.6411880652077127,-92.03783786944693,0.0035769570931225847,-341.1812962731558,9.50964790611009e-09,5.686812038778794e-09
2.825e-07,-244.77058926910723,0.4224743807149065,-90.74714910971595,0.004781008424979403,-244.4871823348696,0.4204012265762978,-91.342994444882,0.004867380496548692,-311.62971829721306,9.529914437181584e-09,5.50706753744425e-09
2.85e-07,-230.23710792867595,0.22600495247667357,-90.20477424396667,0.00588134455831268,-230.4677529982984,0.22423719370173262,-90.48481437817166,0.0062072106350468306,-267.9931867287473,9.544788329682327e-09,5.311124270559822e-09
2.875e-07,-203.06937966297292,0.06879049146092801,-89.24065119495785,0.00766734354827263,-202.95704803718826,0.06519541522263371,-89.45981636548143,0.0075854363623619695,-212.2439734211606,9.554404936554522e-09,5.11147706610481e-09
2.9000000000000003e-07,-163.66415684007393,-0.04997819328501623,-88.05239784980937,0.009154298698254158,-162.81070821893178,-0.04604785423240969,-88.26603864267514,0.008990092152082354,-146.9018158582413,9.559084888391923e-09,4.916923911195509e-09
2.925e-07,-111.5895582015088,-0.096069803572353,-87.33563487618966,0.010722987531527207,-112.07438038094816,-0.1017455568692265,-86.90305983553365,0.010408478289625003,-74.92003075810969,9.560746791695882e-09,4.731791994167082e-09
2.95e-07,-54.055992635194,-0.10006345985343072,-85.58896579360079,0.011862110066544498,-53.84994593943127,-0.09791601768215227,-85.37200498797304,0.011827477471011035,0.44796911686645646,9.560251320084025e-09,4.556513458072066e-09
2.975e-07,9.011762248851262,-0.04766424646213558,-84.12475952259969,0.013008458253911155,7.989233310617017,-0.03478464174300307,-83.67553674637813,0.013233931407464783,75.79572180792053,9.556340808264524e-09,4.3893890023101066e-09
3e-07,69.28229240414171,0.0897230443921171,-82.00917493620585,0.01488698815955575,69.19534271863374,0.08323562544642257,-81.81783181526342,0.014615029354577517,147.7176804828914,9.547792371833377e-09,4.228967523126392e-09
3.025e-07,124.55500974705039,0.2382260605533797,-80.04696964792133,0.015840769224108518,125.59779589657337,0.24802251976621492,-79.80454293535784,0.01595865677501696,212.96313639758253,9.536091976999818e-09,4.076247595338671e-09
3.05e-07,173.4554208001732,0.448277474851129,-77.4306885368417,0.017443977998015843,173.5427354680302,0.4486099189068335,-77.64274676866319,0.01725365736584458,268.58314352815887,9.5227824137736e-09,3.935965195618203e-09
3.075e-07,210.67080357303186,0.6605783828959992,-75.77137874719689,0.019182933645393026,210.2556232993034,0.6723123450168226,-75.34087820484105,0.018489974700923076,312.0638042157888,9.5081301887672e-09,3.816550690115264e-09
3.1e-07,233.54043305964376,0.9085166098688088,-72.90850103728552,0.019977707207128294,234.07523919288857,0.905945277306509,-72.90865172827897,0.01965865864976187,341.4398916159198,9.49221639026967e-09,3.7287900556074614e-09
3.125e-07,244.07155759873527,1.1406480210254137,-69.95246171190954,0.020703271141835306,244.52910053134963,1.1369704767907094,-70.35697060423935,0.02075174342226208,355.3836734762462,9.474935433558671e-09,3.6836354896115033e-09
3.15e-07,241.68697220656654,1.346389683204094,-67.76762584442955,0.02131114672372136,242.24683396707186,1.354416350338928,-67.69782475453503,0.021762024966852575,353.2649226108617,9.456011560542587e-09,3.6898326631374805e-09
3.1750000000000003e-07,228.55514692156245,1.5427645074899148,-64.73544696176525,0.022637232635239576,228.73471639184334,1.5494685388853995,-64.94417829718287,0.022682782058858857,335.17940173384903,9.43502918882993e-09,3.752007370116305e-09
3.2e-07,206.2895893538603,1.730405428368791,-62.2011159215936,0.02362560782840117,206.05678902759857,1.7156871096187145,-62.10984781954207,0.023507495002638684,301.9445352026849,9.411471645583034e-09,3.869627075273493e-09
3.225e-07,177.37537007251666,1.8395260784075516,-59.14751720091149,0.023798099617964665,176.48178857311387,1.848872924128786,-59.20937253966434,0.024229616834831044,255.06246329879843,9.384762251411614e-09,4.0369370246340125e-09
3.25e-07,143.07540552071254,1.9355098270263427,-55.682688429713764,0.024382578538128565,142.15828828662728,1.946665137050513,-56.25787758522507,0.02484244406062442,196.65214890767925,9.354302197314754e-09,4.2436930777728434e-09
3.275e-07,105.38074174355994,2.0116562184516673,-53.23270402518251,0.02511029978999696,104.87247065245693,2.0079938885447044,-53.27093168277752,0.025339118508670745,129.35360522197115,9.319501055506105e-09,4.476361189967586e-09
3.3e-07,66.59719004002675,2.0366069299359073,-50.43148730046765,0.026000490907709495,65.92541908626174,2.032529831106919,-50.26440060160774,0.02571277130120558,56.20857315725685,9.279797793850633e-09,4.719448272505063e-09
3.325e-07,27.3323263971708,2.0195168577349394,-47.28879988240487,0.026016805589380382,26.142978106268206,2.0202624102551043,-47.25429773571101,0.02595679748146705,-19.476958410351532,9.234672426819772e-09,4.95673460989073e-09
3.35e-07,-13.330828379694946,1.970948639066518,-44.53054224206557,0.026026332777377027,-13.994537632847347,1.9713040021563393,-44.25663323398818,0.02606522911310255,-94.28217581270151,9.183650501259734e-09,5.172327213741732e-09
3.375e-07,-53.398818500539186,1.8936178142248847,-41.035266223569586,0.0260526647508393,-54.13850523613906,1.8859638560142227,-41.2872631024499,0.026033159010315145,-164.8260535771607,9.126304093993282e-09,5.35157948983573e-09
3.4000000000000003e-07,-93.97331748419657,1.78159530655926,-38.03085511773406,0.025827950472018503,-93.82579500003455,1.7650743742436872,-38.36173970287835,0.025857159233622366,-227.92016907838783,9.062253615089045e-09,5.481979183360818e-09
3.425e-07,-133.18127679890014,1.6271532146277812,-35.2761806605548,0.026083777040345583,-132.25816303581465,1.6104941629393084,-35.49516506003531,0.025535639436877304,-280.7128119799846,8.99117435362042e-09,5.554077017513932e-09
3.4500000000000003e-07,-167.666941876614,1.4272858509286388,-33.003129725521326,0.024507241430600096,-168.1603808030697,1.4256684716244685,-32.70204836421853,0.025069099937846406,-320.81787504751185,8.912810443418167e-09,5.562426445818049e-09
3.475e-07,-200.69045918894034,1.2071419436905333,-29.987777133976056,0.024800168963137314,-199.7553218617506,1.2161064984768717,-29.996169017993157,0.024460251351660453,-346.42270076159724,8.826997006536466e-09,5.506371622653375e-09
3.5e-07,-225.15219381943876,0.9815438234237028,-27.22321663899156,0.024033291760794103,-224.87188763743504,0.9896408363511501,-27.39044652559182,0.023713993828849603,-356.37000930984647,8.733689020093768e-09,5.390416575660772e-09
3.525e-07,-241.3539037830302,0.7542578021267484,-24.744638146849542,0.023567681029146664,-241.17596009376174,0.7563664489167399,-24.896818461245164,0.022837270624795476,-350.21020499888937,8.632993375434e-09,5.22389654100224e-09
3.55e-07,-245.6726592415601,0.5308231059901021,-22.738174326365197,0.02191931147663823,-246.4902007522519,0.528209563389852,-22.526127679124514,0.021838829007932874,-328.22169695585615,8.525199066346709e-09,5.019791727861959e-09
3.575e-07,-239.52299751891672,0.3069217928657755,-20.029836145213785,0.020611312232553348,-239.1499357703133,0.3181414672497156,-20.288019843317105,0.02072893311082127,-291.3983156698503,8.41079977126349e-09,4.792763651722409e-09
3.6e-07,-218.979257143204,0.15237780954350877,-17.877945722743007,0.019690653787219372,-218.33301884492684,0.13911692379589585,-18.19085226206655,0.019519076226007626,-241.40439411709636,8.29050344715438e-09,4.556782930491514e-09
3.625e-07,-183.8931751930249,-0.009985742508604283,-16.34534923085829,0.017964706469657886,-184.3032494454342,0.002870148804250642,-16.241614907239864,0.018221733911464713,-180.4995437005959,8.16522491154723e-09,4.322940003936891e-09
3.65e-07,-138.58887105555004,-0.0814586605078881,-14.58773807605091,0.016539706039248155,-138.51947601374718,-0.08126667737096849,-14.445864388564114,0.01685018551361522,-111.43652496052874,8.036059553331364e-09,4.098073851697513e-09
3.6750000000000003e-07,-83.78752382924812,-0.1035063023119831,-12.86445835098112,0.015454742674894086,-83.58381969351825,-0.1073525738101595,-12.807671533602331,0.015418413213418717,-37.33682906669918,7.906783185854834e-09,3.884663822481396e-09
3.7e-07,-23.258936987232968,-0.0670877563810096,-11.047177463742996,0.013724854107125404,-23.028827621597085,-0.07348847478238377,-11.32958309978676,0.01394106819403182,38.45040647376587,7.776925490736638e-09,3.6820469979621446e-09
3.7250000000000003e-07,38.70158481106856,0.015377842948414143,-10.369460425926983,0.012672594988015158,39.02980064618447,0.017968230589010915,-10.01259801521104,0.012433476873221537,112.4997712047476,7.64591166138257e-09,3.4885796113716173e-09
3.75e-07,98.02770331394147,0.1514364783431249,-8.775724321542896,0.010847071513342172,98.32568258999096,0.16065803744219181,-8.856158411478411,0.01091164955485616,181.46440247305708,7.513780136826579e-09,3.304027532233458e-09
3.775e-07,150.18625196837706,0.3453753342776619,-7.448464385604682,0.009599078798452959,150.89581911029356,0.344904630261005,-7.85815557590033,0.009392251304041104,242.22725599855823,7.3840090768596204e-09,3.1313843568081606e-09
3.8e-07,193.92363132933065,0.543524609046467,-7.271764280683177,0.007981799326832947,193.4890397172964,0.5587290612174406,-7.014950812980235,0.007892500729863078,292.04198917717645,7.25754955454923e-09,2.977514736894852e-09
3.825e-07,222.78060589191406,0.79447759638506,-6.4775938976183784,0.0062090874930602275,223.86937403915232,0.7890438558161612,-6.321411067625643,0.006429975445128907,328.65708951235143,7.135137922229026e-09,2.8524266850585113e-09
3.85e-07,241.06138438657067,1.027256703340169,-5.932558202017044,0.005556129419544348,240.97267710309575,1.0228564089024479,-5.770959026159595,0.005022320699425275,350.4176378525218,7.0172795110613675e-09,2.7674294569631767e-09
3.875e-07,244.700032751489,1.2488006680895551,-5.319980149419965,0.003884922273977153,244.8994972348474,1.2483179093497472,-5.355637277177241,0.0036868766517381257,356.34010696801795,6.904251607546679e-09,2.732763209820987e-09
3.9e-07,236.34906028336528,1.4539487125676092,-4.91230460716633,0.0023175991171334566,236.7543810128047,1.4554878584936553,-5.066185983827658,0.0024402563732231998,346.15681474206167,6.796122930507356e-09,2.7553857183355466e-09
3.925e-07,218.4832159206533,1.6279011601836781,-4.7218040729244155,0.0012495546129271107,218.36678992383784,1.636738698241194,-4.892133393378497,0.0012979178306409803,320.3280227928493,6.692784852978729e-09,2.8374641773580114e-09
3.9500000000000003e-07,192.63471338482643,1.7801995409880473,-4.532847317420739,-0.00015170067044196887,191.9472046202863,1.7867902434376137,-4.821898390077084,0.00027377670894863557,280.0211336965662,6.5939885263966285e-09,2.9758319353823776e-09
3.975e-07,159.91607419470785,1.8995698096399878,-4.700989961795214,-0.0004345001428297017,159.74065054965456,1.902427830588014,-4.842904184448537,-0.0006200977036368653,227.05792704946327,6.499382019407273e-09,3.1623590372663063e-09
4e-07,123.05918446958775,1.969261334141006,-5.298335343314162,-0.0016146899435646987,123.73737794544816,1.9820099609808424,-4.941702127291746,-0.0013736734084360013,163.83221917885615,6.408542544466196e-09,3.384963791565369e-09
4.025e-07,85.60363335806153,2.028089456712857,-5.558339256894858,-0.0019456147674982213,85.4873506020282,2.0249016707402867,-5.104104540706931,-0.0019790205399208534,93.20166809655643,6.321000598492899e-09,3.6289154862519415e-09
4.05e-07,45.806118107503096,2.029669611497846,-5.4330697041535485,-0.0018603075409854503,46.04400864762697,2.0309737838693187,-5.31532537238658,-0.0024302568302390776,18.358613864499645,6.236255038056581e-09,3.8781358837489255e-09
4.075e-07,5.443415547382521,1.996893555115491,-5.28638136574529,-0.0029329793603302865,6.037377239719188,2.000285318327292,-5.560127403918395,-0.002723398542125867,-57.31420790615455,6.153780320690689e-09,4.116343517420715e-09
4.1e-07,-34.751578908839775,1.9207673524903215,-5.751626672469071,-0.0027874909569133603,-34.14836194914236,1.933021212574154,-5.822974679672974,-0.00285615534061379,-130.39655800112214,6.073028951982643e-09,4.328029778968641e-09
4.125e-07,-75.08498143055239,1.8200582082815184,-6.262236389628882,-0.0029039764989268755,-74.13769281631319,1.8296988416524655,-6.088188770584289,-0.002827714238488772,-197.58528062658746,5.993433243453194e-09,4.499350991218959e-09
4.15e-07,-112.69957301203995,1.684119569922545,-6.2763506965985885,-0.002737931234823828,-113.32319928354117,1.691595580283572,-6.3401074472543675,-0.0026385563136755302,-255.84359852878634,5.9144106111290115e-09,4.619034206519987e-09
4.175e-07,-149.7176482791138,1.5243487412259864,-6.946054603982531,-0.002365610159472135,-150.6785195560739,1.5212974821514478,-6.563244309714165,-0.002290340679636088,-302.5383684102395,5.835375808802292e-09,4.679325050605688e-09
4.2e-07,-184.9896521981447,1.3154213732181008,-6.378898310054977,-0.0017582476732304316,-184.67161560816297,1.3232358810475389,-6.742447907105833,-0.001785874916811429,-335.5590930103247,5.755761853943253e-09,4.676881598706006e-09
4.2250000000000003e-07,-212.66825093524093,1.096374286712253,-7.1084676942000575,-0.0008592323756635331,-213.30607280983858,1.1040708515740107,-6.863058879671035,-0.0011291726591456572,-353.41331077523273,5.675049280516844e-09,4.613391356063815e-09
4.25e-07,-234.30614148940796,0.882836870781114,-6.836560422882646,-0.0006995734244416439,-234.29355816083347,0.8727998542311882,-6.911063667766115,-0.00032558067062880765,-355.2940517214076,5.592801148966746e-09,4.495623415123338e-09
4.275e-07,-245.6933411464683,0.6134358794898046,-6.46338018033698,0.0009153806251452956,-245.33494488205892,0.6405134275036639,-6.873243358082769,0.0006180570958906542,-341.1163106410945,5.508699387661754e-09,4.334679399360508e-09
4.3e-07,-244.26443096588724,0.4257746480795701,-6.925049522082761,0.0019109868506116956,-244.46563415284552,0.41977994814216235,-6.737316275640348,0.0016932395753015868,-311.5208891441479,5.422576903199526e-09,4.144391762489475e-09
4.325e-07,-231.15927242488067,0.24172170176057442,-6.411777772787051,0.0031160223194673198,-230.40631530536055,0.223707639462376,-6.4920729810987385,0.002889694721865343,-267.84543288455967,5.33443972481365e-09,3.9390948583888085e-09
4.35e-07,-202.47947123556844,0.06528425064298758,-6.453411993639182,0.003994795310065349,-202.85648521497342,0.06479234696344323,-6.12750239609781,0.004195346466809764,-212.06397302312794,5.244474315198161e-09,3.73126531549659e-09
4.375e-07,-162.64866994290477,-0.040073146919482154,-5.647639140361678,0.00581851035207278,-162.6753300153411,-0.04629678434972134,-5.634907854106473,0.0055963834964162,-146.69770451443964,5.153036974296174e-09,3.5296727718355117e-09
4.4e-07,-111.27466513640631,-0.08170310249802794,-4.914354357463422,0.007028578354054764,-111.91188920784607,-0.10182274250160005,-5.007011960027011,0.007077432996965486,-74.70103383645358,5.062074137020001e-09,3.3386098227894833e-09
4.425e-07,-53.1283404828576,-0.09194094930167862,-4.0765439264519845,0.008865063984885926,-53.67080567122055,-0.09781583006429528,-4.23804923779333,0.008621823922950458,0.6719534542364181,4.9724375536791326e-09,3.1584719499758297e-09
4.4500000000000003e-07,8.14213516409315,-0.022213954561803022,-3.573619123266788,0.010542254041098842,8.172827910496158,-0.034514066643125015,-3.323845650592027,0.010211908513360658,76.01456997903733,4.8828584777679115e-09,2.987524234577555e-09
4.475e-07,69.71033092849709,0.08087801492925531,-2.6392727795512427,0.011957194301190683,69.3707496883581,0.08365774274300077,-2.2618841922005544,0.011829400735460733,147.92150104880122,4.7920883386093855e-09,2.8242820418372344e-09
4.5000000000000003e-07,125.94978093335257,0.2421531930233881,-1.3541807944014368,0.013359336587913552,125.75327392822908,0.24856750880092846,-1.0513558692784493,0.01345568806597198,213.1427171328691,4.701586623879063e-09,2.6697112156929482e-09
4.525e-07,173.37431915715746,0.44896967753792905,0.33526898191156285,0.014731166975401094,173.66865621015427,0.4492422943876177,0.30680447780263975,0.015072079091014363,268.7303677925446,4.612833547378686e-09,2.5285127773253967e-09
4.55e-07,210.18337653751044,0.6705335374257118,1.831889907096935,0.016584449740386965,210.3453714777507,0.6729933506298915,1.8098979349693458,0.016659962824476144,312.17201780779715,4.527377817668027e-09,2.4096953254187542e-09
4.575e-07,234.33723116793357,0.8942841958527297,3.650981730922869,0.018261396038683448,234.12567675923881,0.9066364560647459,3.4534571375301546,0.018200874004196,341.5042035276293,4.450454161012661e-09,2.326374519967978e-09
4.6e-07,244.14566309050122,1.1452602041862807,5.079064475495105,0.019461695890637773,244.5405443396103,1.1376367814647257,5.2312578985188125,0.01967647852297384,355.4011769557036,4.382353837280823e-09,2.289560013639082e-09
4.625e-07,242.78707314821355,1.3511061868842469,7.267000439308722,0.020862415321525083,242.22257733020953,1.3550284080989918,7.1353468427768085,0.021068510793895757,353.23482654065657,4.3231523271668445e-09,2.3080276778764362e-09
4.65e-07,228.0679279342383,1.5560566495891153,9.09585696619506,0.02248491514481387,228.6801991036579,1.5500038461434327,9.156084905138137,0.022358706763130426,335.10306638781765,4.272734448845189e-09,2.386406681687022e-09
4.675e-07,206.279572842876,1.7188087543306203,11.67747637216567,0.023301499080882006,205.97857511335252,1.7161301267939293,11.282206409821516,0.02352877998369846,301.8254107646276,4.230828291118849e-09,2.524142489381158e-09
4.7e-07,177.05154337336003,1.8490423081067677,13.734298729614517,0.024473175795187666,176.386536749232,1.8492142309210624,13.500893308977265,0.024560482661732132,254.90593392203505,4.19704197373745e-09,2.7154345208147405e-09
4.7250000000000003e-07,141.910831051307,1.9395407557397317,15.749990218337647,0.025575236883712164,142.0518926598656,1.946899962938878,15.797864022532348,0.025435779627072816,196.46528936357436,4.170897721918283e-09,2.9499699813047854e-09
4.75e-07,104.69821920610597,2.033973917495123,17.96992115625301,0.02622616614116608,104.75951029954301,2.0081204237061088,18.15747619021395,0.02613714313891644,129.14486113638054,4.151859137525042e-09,3.2141235700319474e-09
4.775e-07,65.19573706444393,2.036458970339313,20.481881159739896,0.026785294519413694,65.80899215980361,2.032547734558933,20.562842521107278,0.026647953896616988,55.9873792874809,4.139349574472566e-09,3.492287976303615e-09
4.800000000000001e-07,25.42156386840409,2.0242413265927683,22.870054556062552,0.027428931505384276,26.024920623812537,2.020171863939154,22.995958807407177,0.02695297269704162,-19.70060460512876,4.1327617837766786e-09,3.768105755542735e-09
4.825e-07,-15.169751885914518,1.9497922031925146,25.295476389181477,0.027352717175303982,-14.113122343453297,1.9711055255503096,25.437843058243097,0.027038831717243594,-94.49816603378075,4.131461052241522e-09,4.025522399102319e-09
4.85e-07,-53.48542270919594,1.899922724329406,27.91340278536405,0.02708947125118387,-54.25653983536956,1.8856589213212216,27.86868460757377,0.02689448727065204,-165.02462555842854,4.134785529489596e-09,4.249706256068595e-09
4.875e-07,-93.9496097999196,1.7725903252442432,30.197004091810506,0.026717258691083157,-93.94151135583344,1.7646666801912205,30.26800195807113,0.02651157844036114,-228.0923478184947,4.142048046115943e-09,4.427937306662972e-09
4.9e-07,-131.87677308616426,1.6049652183347438,32.067401858537636,0.025890349651277622,-132.36854458718602,1.6099912700330077,32.61480804149027,0.025884647856315095,-280.8508153919819,4.152543359854053e-09,4.5505369861911835e-09
4.925e-07,-168.52610032322437,1.4331379906667014,34.829699270012085,0.02461690216293805,-168.260903233151,1.4250834027662913,34.88778150597181,0.025011200053990396,-320.91546569145504,4.165563498888728e-09,4.611809096331743e-09
4.95e-07,-199.89063259742034,1.2223836785857538,37.31798140575825,0.02366627220248678,-199.8400745263562,1.2154588854148296,37.065442582690494,0.023891596103097903,-346.4754677626208,4.18042194418503e-09,4.610828513187002e-09
4.975e-07,-225.86940286530086,0.9966809226403097,39.29808816983487,0.022463916003751583,-224.93408510765738,0.9889572500059493,39.126332038784966,0.022528806658400246,-356.37556771967087,4.196485174450869e-09,4.55181046230784e-09
5e-07,-241.41748925866335,0.761453094387957,41.05547213692962,0.02105968915513416,-241.2087770069228,0.7556796810052183,41.049191690983825,0.02092806542073,-350.1683035900493,4.213208015846047e-09,4.4437814547257405e-09
5.025000000000001e-07,-246.93525611785012,0.5381797892987301,42.330788520179915,0.019163024840506644,-246.4877978293906,0.5275568055559836,42.813144935111936,0.019096478026979495,-328.13422957660714,4.23016770284041e-09,4.299392682652364e-09
5.05e-07,-239.687503304804,0.3218221642285168,43.985234599124446,0.016730062219813546,-239.1085023700527,0.31756153055476594,44.397875740889596,0.01704264560624853,-291.2692356465473,4.2470908822631565e-09,4.132956823364209e-09
5.075e-07,-217.9133905736951,0.1337622895253641,45.70021082237525,0.015373809183621438,-218.25164575375476,0.13864682077949161,45.783804569206026,0.014776357118539443,-241.2395355728386,4.263868143355514e-09,3.95807793909295e-09
5.1e-07,-183.36069635934828,-0.006254423350744435,47.05945636363547,0.013029912119318721,-184.18446723288332,0.0025414899946982197,46.95225969031169,0.012308391151708791,-180.30635786615173,4.280552013296884e-09,3.785466348522219e-09
5.125e-07,-138.15512314691506,-0.0888466253815518,48.04797244191601,0.009588573073952307,-138.36934573564534,-0.08143096453548773,47.885642415962444,0.009650448472252453,-111.22374339567075,4.297336519408412e-09,3.6215733094302632e-09
5.15e-07,-83.69590233599178,-0.10390688598449853,48.692956422422505,0.0065684675192321275,-83.41153518622072,-0.10734072424739483,48.56758480617676,0.006815214637907788,-37.11406901359121,4.317068432210942e-09,3.468489709223286e-09
5.175e-07,-22.05891599423143,-0.07278542206664845,49.149624978716695,0.003777398639553108,-22.84586948442192,-0.07330119322866556,48.98309847154104,0.003816531101672238,38.67307676801245,4.338306255522691e-09,3.3251698602640636e-09
5.2e-07,38.923413424722554,0.029931901675295785,48.927996398388814,0.00030439948669744164,39.21084419531016,0.018317831669836717,49.11871316440211,0.0006696369283017956,112.7122875499213,4.359495563409981e-09,3.189597664197198e-09
5.225e-07,98.76812308182305,0.1834114188980084,48.7648310705437,-0.002694080018826494,98.49245667307883,0.16114586129208336,48.96260393620945,-0.0026085658815098584,181.6571596143196,4.3796942978811755e-09,3.0611794642566462e-09
5.250000000000001e-07,151.92649376828044,0.34400491747126066,48.52167923282203,-0.0057842316814722015,151.03750636032032,0.345498167767097,48.50470573297717,-0.005999271103412801,242.39154175209234,4.401377769396699e-09,2.942562276716055e-09
5.275e-07,193.43998157648647,0.5707914697931581,47.67892659856987,-0.009542663711012884,193.59743541322007,0.5593907300602987,47.73681440554071,-0.009481591080543885,292.1703782010482,4.4245026999860275e-09,2.8402759659802204e-09
5.3e-07,223.3928476817563,0.7849091684124243,46.87408288700505,-0.01301927536698537,223.93957882655025,0.7897346216801191,46.652673225043365,-0.013032469563983457,328.74377891506225,4.448821059388707e-09,2.76400443176207e-09
5.325e-07,241.24434422388046,1.021827342166032,44.84334234116894,-0.016294403112150968,241.00331845452698,1.0235391814208896,45.248044115958464,-0.016626693047145272,350.4587094704865,4.47387118465301e-09,2.724743611544345e-09
5.35e-07,245.6633258738176,1.2489592508239957,43.23921762998117,-0.020453214843071058,244.89246963674606,1.2489602676361793,43.52076294784675,-0.020236991827948587,356.3337044576379,4.498988069743399e-09,2.7324331334933015e-09
5.375e-07,236.27777605686765,1.4539336708369184,41.64865891371552,-0.02330309669152851,236.71417415160263,1.4560637955405191,41.47077836186627,-0.023834209033927405,346.10322748222507,4.523329977936907e-09,2.7937467977283242e-09
5.4e-07,218.50721516048833,1.634542993180101,39.39810172195331,-0.026862037066272822,218.29954001564062,1.637229255464131,39.10017374761415,-0.027387510412868046,320.2296728056676,4.54591655427998e-09,2.910589206684738e-09
5.425e-07,191.64228166396683,1.7853539788420403,36.30964289913177,-0.030899853748731783,191.8596450626096,1.7871831033723624,36.413172128970274,-0.030864612022925886,279.88246617748695,4.565672533176498e-09,3.079557420093901e-09
5.45e-07,159.33300873200443,1.8901556064739473,33.60557131680472,-0.03436932975308566,159.63914731782347,1.9027161121202067,33.41612386299961,-0.03423201758188923,226.88520945456312,4.581471096666699e-09,3.2923156654752654e-09
5.475e-07,123.1616666002202,1.9769974733090292,30.134642907228056,-0.037428463221659415,123.62721135339865,1.9821905864247398,30.117477202360458,-0.03745528062956149,163.63325795008876,4.592171905487435e-09,3.536609852417806e-09
5.5e-07,84.80994902518228,2.0366413460064936,25.886291563538787,-0.04025244192606278,85.37235284342597,2.0249737260449154,26.52773191782185,-0.04049933494576514,92.98545582837389,4.5966505834259335e-09,3.797571990380711e-09
5.525e-07,45.57340487412199,2.0261225891700687,22.88628801821587,-0.043239724605911474,45.92659562871773,2.0309372640416448,22.659376322093557,-0.04332896342352532,18.13492285904126,4.593818634292093e-09,4.059022448713837e-09
5.55e-07,5.224344696418245,1.9993559727231736,18.082696190840583,-0.045759887388650965,5.918936614805571,2.0001405464143294,18.526808178005496,-0.04590949186645549,-57.5352673248537,4.582634985704575e-09,4.304614519340376e-09
5.575000000000001e-07,-35.048680642225,1.943643429653768,14.404652406001617,-0.04809407187846404,-34.26683295664937,1.9327690623609715,14.146240111853754,-0.048207789153372184,-130.60499445075794,4.562112164917292e-09,4.518810640497028e-09
5.6e-07,-73.41841418481694,1.8249873836476658,9.309188367946295,-0.04976715785656416,-74.25485385545063,1.8293417115940231,9.53559028529411,-0.050193618363920216,-197.7716732543042,4.53132117979518e-09,4.687774638637338e-09
5.625e-07,-113.5066080846271,1.690348317477963,4.414657018780259,-0.05158213441303571,-113.43670991387029,1.6911388935031744,4.714359205324911,-0.05184130894621701,-255.99952281228738,4.489399305424136e-09,4.800277635917676e-09
5.65e-07,-150.41597741423578,1.5205287691622078,0.3519125858625728,-0.052743113663342,-150.78461683479586,1.520751357210435,-0.29650632942437305,-0.05313161319303005,-302.65677692699353,4.435564143887615e-09,4.848645635940127e-09
5.675e-07,-185.43736361943272,1.3245048216016715,-5.275021181349262,-0.05394737250899046,-184.76503973232397,1.322616555510685,-5.474761037737846,-0.05405349379259637,-335.634633965028,4.3704390731655344e-09,4.830250560514081e-09
5.7e-07,-212.75796004778377,1.0812779708796616,-10.37847295603597,-0.054104931525929476,-213.38038786654187,1.1034014578183076,-10.797019511188827,-0.05460550310028969,-353.44256988876253,4.314909013496983e-09,4.756744032930151e-09
5.725e-07,-234.59709068498205,0.8863841047192009,-16.212733211212328,-0.05445882782673413,-234.34183864879236,0.872110242583446,-16.238923816551534,-0.054796405337603576,-355.27570654846323,4.268766701164669e-09,4.6347833370363694e-09
5.75e-07,-244.3847210632693,0.6442518977288142,-21.93791845764026,-0.054866531056580105,-245.35072625666044,0.6398388894213022,-21.775318966855636,-0.05464479025977578,-341.05119034171645,4.231896471060825e-09,4.475351380853759e-09
5.775e-07,-244.2478853176712,0.4219073189567266,-27.031562932184848,-0.053910818590732816,-244.44397047532337,0.4191588842163987,-27.380434815403454,-0.05417762168069546,-311.4119370075692,4.20430339935207e-09,4.292151251247149e-09
5.800000000000001e-07,-229.52407568910158,0.2253308922715647,-32.63092561826832,-0.05344271741653631,-230.34475936709924,0.22317840936478175,-33.028072872259884,-0.05342790131049777,-267.69757329923533,4.18613261004738e-09,4.09937475673007e-09
5.825e-07,-203.05842169734615,0.06423362038372817,-38.932698308224126,-0.05248906007403011,-202.75581160051192,0.06438969653856678,-38.69179650080346,-0.05243182648013458,-211.88388890559514,4.177673906385052e-09,3.909342168265802e-09
5.85e-07,-162.66962808160855,-0.06110781284970834,-44.395391369876,-0.05072490800824639,-162.53985894817413,-0.046545228616285836,-44.3451229233068,-0.0512259110120777,-146.4935352567075,4.179348683501289e-09,3.730654353620537e-09
5.875e-07,-112.08633083450013,-0.10517419417052583,-50.091889350961964,-0.04965838939825622,-111.74933239724916,-0.10189940730235597,-49.96171544941532,-0.04984449901280496,-74.4820074240173,4.193135731489531e-09,3.5674255946356735e-09
5.9e-07,-53.529169654908294,-0.09885227512634649,-55.283585860286756,-0.04819308310225844,-53.49163377894503,-0.09771512355445722,-55.515574339955435,-0.04831796137729756,0.8959375263285312,4.219855520373173e-09,3.419866712730137e-09
5.925e-07,8.586465407473513,-0.04336276155873781,-60.816970355362336,-0.046885728444936235,8.356416833418846,-0.03424301133436187,-60.98122473075577,-0.046671685216329195,76.23338814080327,4.258176975793657e-09,3.2860539777402052e-09
5.95e-07,69.83951118886657,0.08378091887195545,-66.02714966745819,-0.045108936051192275,69.54611437303711,0.0840802690370135,-66.33390006694515,-0.04492580731776416,148.12526321764386,4.30674383845917e-09,3.1643099892993805e-09
5.975e-07,125.64772340674361,0.24526429475818243,-72.06662891618798,-0.04354806904132306,125.90867763088197,0.24911281071496916,-71.54971953735645,-0.04309554013262075,213.32221372278448,4.366874593930491e-09,3.055401813640483e-09
6e-07,173.78579434613545,0.4530494330045685,-76.5233154444977,-0.04095824223674724,173.794478334159,0.44987487161974593,-76.6058580507694,-0.04119189906929888,268.87748596643615,4.439838133191997e-09,2.963821969959241e-09
6.025000000000001e-07,210.8071785946936,0.6832196977424723,-81.51735481136006,-0.039417338020885796,210.43500655834904,0.6736744425880556,-81.48070736040738,-0.03922264849947877,312.2801081592386,4.5255836184828205e-09,2.897737722619265e-09
6.05e-07,233.86872887246906,0.9041414821250985,-86.25857425946263,-0.03706802888772631,234.17599721190467,0.9073276115432215,-86.15402701972002,-0.037193318510233705,341.56838061888715,4.623815068964516e-09,2.8676463569087872e-09
6.075e-07,243.90102419233807,1.1500596679178068,-90.86834057645773,-0.03550910828436222,244.5518767071364,1.1383029670854232,-90.60708394041244,-0.035108185550479815,355.4185401284051,4.733991617889188e-09,2.8841835557319515e-09
6.1e-07,241.56644140179102,1.368657843640377,-94.91969933387439,-0.03284065311583998,242.19822261562942,1.3556402700408703,-94.82277942211779,-0.03297114587328159,353.2045910189363,4.855345985477877e-09,2.9557527044244777e-09
6.125000000000001e-07,229.18488210855003,1.5566638789009326,-98.76933505555479,-0.03079844099736813,228.62560197029495,1.5505389016905737,-98.78576263120911,-0.03078643701039998,335.02659874840134,4.986917238536955e-09,3.0866170323181067e-09
6.15e-07,206.2844458319453,1.714307624713567,-102.84579866843708,-0.028450212177377747,205.90030133731284,1.7165728560095608,-102.48252962306512,-0.02855918067850012,301.7061671706774,5.127592349266863e-09,3.2758683458274893e-09
6.175e-07,176.9209984364879,1.8356614646923415,-105.98661913930307,-0.026332889017860194,176.2912439320751,1.8495552295555573,-105.90150712659505,-0.026295734025254872,254.74930391244405,5.276150497803297e-09,3.517370140227324e-09
6.2e-07,141.67886839917531,1.9555633462045843,-109.1799551136074,-0.023886288755474595,141.9454716610714,1.9471344716598364,-109.03312044092246,-0.0240038483693637,196.2783522580846,5.4313045429219076e-09,3.800495913627725e-09
6.225e-07,104.97946862970274,2.011632276266393,-112.00449992465064,-0.021600431058365406,104.64653587454833,2.0082466390002893,-111.86984493067311,-0.02169264748630014,128.93606606644877,5.591735484231057e-09,4.111332144622658e-09
6.25e-07,65.19457614030395,2.01954544622617,-114.42810795863471,-0.01937204567415835,65.6925582386192,2.03256531802305,-114.40624074711525,-0.019372451110529522,55.766163314771774,5.756117767283742e-09,4.434010999583872e-09
6.275e-07,25.802298209560977,2.0200269362491508,-116.97057276121652,-0.01703978132304299,25.906860159422138,2.0200809983682833,-116.63897054620736,-0.01705448221695143,-19.924243022416764,5.923135543173522e-09,4.7519437535004484e-09
6.3e-07,-14.584806255119698,1.9790215824670305,-118.65914012407826,-0.014642503417476487,-14.231707186946872,1.9709067319429778,-118.56680012021425,-0.014750506552663547,-94.71411894848059,6.0914920543191495e-09,5.048875155349894e-09
6.325e-07,-54.49999219818515,1.8840689410949492,-120.00935700300695,-0.012591311037540099,-54.374570696643396,1.8853536763054586,-120.19058200561702,-0.01247245756238859,-165.22313239058548,6.259915789921018e-09,5.309804664419804e-09
6.350000000000001e-07,-93.48341953827835,1.7534365193052677,-121.41596042413377,-0.010318612660530958,-94.05721712325894,1.764258691392626,-121.51322227535294,-0.01023209774927865,-228.26443651135688,6.427167663606557e-09,5.521876582701526e-09
6.375e-07,-131.84672944225673,1.6116121361461526,-122.67801429169646,-0.008341554517706727,-132.4789044598692,1.6094881118420035,-122.53963086666944,-0.00804075828795519,-280.98870792852733,6.592053101232672e-09,5.67531106177982e-09
6.4e-07,-168.73739257080229,1.4325040109082678,-122.97620982492649,-0.005438878951009388,-168.3613884290596,1.4244981162275394,-123.27665593582941,-0.005909183369914153,-321.01292964305253,6.7534416612939365e-09,5.764345638116513e-09
6.425e-07,-199.4638187058352,1.2088918531057018,-123.50642326712621,-0.003850499973204939,-199.9247708859737,1.2148111227568448,-123.73300286634911,-0.0038474865498319263,-346.52809798061645,6.9102948866501685e-09,5.788023616945991e-09
6.45e-07,-224.46734284566108,0.9932234088358555,-124.04332717498792,-0.0013895605807765902,-224.9962057246253,0.988273602139752,-123.91913868718922,-0.0018652063442468356,-356.380985438065,7.0617008731029e-09,5.750561872579668e-09
6.475e-07,-241.86044982266296,0.7576039200721153,-123.70242655099536,0.00022133739907947118,-241.24149786475957,0.7549929558795071,-123.84718278024772,2.85691503682553e-05,-350.1262639403078,7.206911965463791e-09,5.6610193081119615e-09
6.5e-07,-246.78460503910176,0.5126520641073327,-123.46620507704235,0.0017962450981283287,-246.48528413839705,0.5269042041500869,-123.53078487154318,0.0018250508192775607,-328.0466326551624,7.345380463997333e-09,5.532107325679043e-09
6.525e-07,-238.7470519871806,0.31620611076175725,-122.6988778017959,0.003570172905439215,-239.06695089186348,0.3169818639322518,-122.98499140662851,0.0035156168440493075,-291.14004063476364,7.476786558615872e-09,5.3782240885737776e-09
6.55e-07,-218.51204257233,0.1333751692489733,-122.14742017652425,0.004710579003663546,-218.17015682863916,0.1381770908847475,-122.22610150713695,0.005091743357976277,-241.07458179103267,7.601053068176383e-09,5.213083083571581e-09
6.575000000000001e-07,-183.144509914318,-0.003078377012659,-121.45495232260527,0.006292901828530364,-184.06558194934644,0.002213286353680121,-121.27151379108517,0.006545028382606873,-180.11310084960755,7.718342927824324e-09,5.047528303763461e-09
6.6e-07,-138.43563754355586,-0.08387504559979131,-119.70140993706563,0.007823529629069384,-138.21913521383257,-0.08159474420553947,-120.13956541392912,0.007867322726556629,-111.01091792143792,7.829037537183721e-09,4.888170688265253e-09
6.625e-07,-82.4459981917166,-0.11215971078507954,-118.99443720335098,0.009556173519491446,-83.23920145098818,-0.10732835032565968,-118.84936474972773,0.009050961708261236,-36.891294308437836,7.93625122957713e-09,4.737289135814948e-09
6.65e-07,-22.3871166302129,-0.05524147084750973,-117.36077362870985,0.009932981241091862,-22.662898262280716,-0.07311340781245142,-117.42061918161161,0.010089072691237426,38.8957317947408,8.03886669632752e-09,4.5940559027477386e-09
6.675e-07,39.65022453936302,0.024665533034667037,-115.4968087053416,0.011438968860005925,39.39186337103778,0.0186678809862993,-115.87345950764956,0.010975918844338756,112.92475939806647,8.135733879770169e-09,4.456702438019535e-09
6.7e-07,98.5630917698881,0.1600292393621963,-114.5771683725173,0.01187108298264359,98.65917160968591,0.1616340486472032,-114.22826249184779,0.011707231840904964,181.84984504021457,8.226391928387824e-09,4.3249093294480425e-09
6.725e-07,151.035962423254,0.34597593479797767,-112.4671102362357,0.01255131113460771,151.1791059722757,0.3460919638672138,-112.50547310023843,0.012280486746638702,242.55573181328262,8.313840994848853e-09,4.201619253653606e-09
6.75e-07,193.32796585119715,0.5546657059046144,-110.4717628355745,0.012590962980536259,193.70572392833768,0.5600525429102622,-110.72542795871937,0.01269508100714419,292.29865188067885,8.398624848904737e-09,4.0936724763964425e-09
6.775e-07,223.55047584206568,0.7800330929745143,-108.18773483461554,0.013214021353634567,224.0096672105873,0.7904254178708237,-108.90818155258003,0.01295239466925589,328.83033853493447,8.48113330222548e-09,4.011071351923591e-09
6.800000000000001e-07,240.97110304254153,1.0216042599304778,-107.12181985200716,0.013366210926824053,241.03384442629758,1.0242218807076622,-107.073336657629,0.013055728020240711,350.49964273290334,8.561587458483054e-09,3.965132875765422e-09
6.825e-07,244.9015698365122,1.255890149792414,-105.38609531485609,0.013473395364563295,244.88533650083434,1.2496024659575549,-105.23988044984098,0.013010132288130534,356.32716127235454,8.640043719179874e-09,3.966116810091389e-09
6.85e-07,236.1650230893773,1.449686952972414,-103.44469635769764,0.012573285457815464,236.6738779418537,1.456639506240367,-103.42602768484453,0.012822165437181418,346.049503586316,8.716413746923487e-09,4.0210145033826895e-09
6.875e-07,217.58766167726301,1.6253653873127019,-101.95097119406046,0.01232448380757956,218.23222025599688,1.637719540570312,-101.64907227090609,0.012499615491825313,320.13119639688256,8.790495617668962e-09,4.132045063935928e-09
6.900000000000001e-07,191.4082168428971,1.7987940384571053,-100.37410919724722,0.011939511153762175,191.77203539992001,1.7875756635060143,-99.9252484799407,0.012051236399130538,279.74368816524094,8.862010316758502e-09,4.296116841256136e-09
6.925e-07,159.24275676959323,1.908541914269597,-98.3413966307757,0.011234466549852792,159.53761142673494,1.9030040798737555,-98.26960295121276,0.011486535779932567,226.71240228896963,8.93063769921514e-09,4.505201445184509e-09
6.95e-07,123.40613656180625,1.9749752629779602,-96.55611485154829,0.010728706979549777,123.51702561719219,1.9823708927933135,-96.69587854260415,0.010815641102241912,163.43423212150483,8.99604700547521e-09,4.747346628752887e-09
6.975e-07,85.4092138867101,2.0283836923222545,-95.25815698649467,0.01019372239423822,85.25734503922334,2.02504546122371,-95.21641097551068,0.010049253215308716,92.769206851006,9.057918784931039e-09,5.0079781526882325e-09
7e-07,46.304236734889294,2.0361296860388047,-93.59681290874173,0.00835615252132401,45.809177904082965,2.030900424476286,-93.8420391025679,0.009198677055624046,17.911224694202527,9.115957279473786e-09,5.271198916913821e-09
7.025e-07,5.871056773024749,2.0069921499415138,-92.64599025253303,0.008709294434149095,5.8004944461116175,1.9999954560473472,-92.58202950354871,0.008275902206865198,-57.756304029543,9.169894533236936e-09,5.5209302928473605e-09
7.05e-07,-34.443925040467974,1.9436780117106969,-91.15993846196443,0.007160875917388769,-34.38530241740579,1.9325165977125138,-91.44401598502887,0.007293694039880151,-130.81337933960796,9.219489303179557e-09,5.741885414883653e-09
7.075e-07,-72.98979152270066,1.8149618281304667,-90.56470757484928,0.006439209098684534,-74.37200819375283,1.82898427765381,-90.43395442494288,0.006265651625131834,-197.95798780489642,9.26452490905139e-09,5.920458977775266e-09
7.1e-07,-113.12194115518162,1.6821218245815195,-89.60166118144869,0.005204000448102303,-113.55020496536298,1.6906819248054625,-89.55609326515078,0.0052061924140915095,-256.1553460312275,9.304810283790677e-09,6.0456311174940526e-09
7.125000000000001e-07,-150.98298798179545,1.5288839603155924,-88.64084002073507,0.004298452599183524,-150.8906851605097,1.520204988502687,-88.81295981483868,0.004130435242405629,-302.77506595964655,9.340187647261178e-09,6.109913100043617e-09
7.15e-07,-184.64296058394666,1.324670575586658,-87.99756407500433,0.003419122855274452,-184.85841739362144,1.3219970439714313,-88.20536238623122,0.0030539705300742567,-335.7100424164941,9.370548589102312e-09,6.110238021807183e-09
7.175e-07,-212.1878105254043,1.1045723541988837,-87.9923505291065,0.002072177870039423,-213.45463633542064,1.1027319564487883,-87.73240814295758,0.001992526605131362,-353.4716894687625,9.39585822350224e-09,6.04857298394422e-09
7.2e-07,-235.43772900028551,0.8740360349313766,-87.18288182025012,0.0013387849660540466,-234.39003229045798,0.8714206202255155,-87.39153640174067,0.0009615603061489867,-355.2572211182967,9.416184877650767e-09,5.9319647543617285e-09
7.225e-07,-245.62919513748201,0.6435310855922405,-86.89063488101026,-7.65443471494226e-05,-245.36640344244213,0.6391644506612508,-87.17856699110975,-2.418501097409186e-05,-340.9859354007296,9.431730924650508e-09,5.771783256619442e-09
7.25e-07,-244.53454998457914,0.4240523783237266,-87.20757861198851,-0.0008952981861127231,-244.42219128046986,0.41853803453434135,-87.08776313777958,-0.0009511029367951029,-311.30286193048835,9.442859241237263e-09,5.582112909890679e-09
7.275e-07,-231.26315530821196,0.21218912802256126,-87.01709939146822,-0.00175841165264351,-230.28308519001337,0.2226495031836549,-87.11190822338187,-0.0018070782923909668,-267.5496080311502,9.450109605552224e-09,5.377518987774676e-09
7.3e-07,-203.7551149780165,0.07377613590600893,-87.44990569309785,-0.0028183345062697753,-202.65502723151076,0.06398746376060192,-87.24239563248983,-0.0025817305587886225,-211.70372113966062,9.454200223789563e-09,5.170686887764923e-09
7.325e-07,-162.95227851364226,-0.05342145544252461,-87.08612316870857,-0.00327661688907054,-162.40429508500185,-0.04679318718896041,-87.46933079844044,-0.003266520790180596,-146.28930816564764,9.45601137367611e-09,4.970575651980355e-09
7.350000000000001e-07,-110.93733498407845,-0.09000912417981563,-87.67010208116804,-0.004485030233035738,-111.58671004102433,-0.10197555141040122,-87.78164444731644,-0.0038547167016058006,-74.26295160725908,9.458015570669627e-09,4.781653471965729e-09
7.375e-07,-54.32631662165421,-0.10321492834964241,-88.80991174171271,-0.004633354819521402,-53.312430369694376,-0.09761389829000804,-88.16721594354932,-0.00434123185039885,1.1199212447212308,9.461529532468433e-09,4.604483667444545e-09
7.4e-07,8.24341004833867,-0.03563732255892474,-88.35512308633727,-0.005059194362930012,8.539999968390559,-0.03397147597080382,-88.61300555378831,-0.004722373313376559,76.45217620683488,9.465751695327785e-09,4.437495295500682e-09
7.425e-07,70.653191215728,0.06275040932539522,-88.68112042344676,-0.004447206230409922,69.72143666964698,0.08450320413988567,-89.10519436970131,-0.004995544854771458,148.32896690897846,9.469872144983829e-09,4.279363593534175e-09
7.450000000000001e-07,126.67204129735012,0.24152692254532257,-89.9282613621886,-0.005445385430139511,126.06400692015664,0.2496584252704235,-89.62933056590849,-0.005158957170998266,213.50162609647026,9.475782166176442e-09,4.1312052957520686e-09
7.475e-07,174.66539418162722,0.4506494737905681,-90.40984464490944,-0.005143415283395402,173.92020178222768,0.45050765030602763,-90.17048061682783,-0.005211392673929376,269.02449799175616,9.485310116872711e-09,3.997855030929667e-09
7.5e-07,210.1804169080392,0.6825719042304663,-90.4842971641979,-0.005111877697430549,210.52452851390112,0.6743556205317932,-90.71338405631721,-0.005152060241643597,312.3880752274376,9.498979066661708e-09,3.887809489707943e-09
7.525e-07,234.56858614186262,0.8978206576618519,-91.22155128804935,-0.004863265938169811,234.226200554086,0.9080187433267223,-91.24261033693129,-0.004980557608202802,341.63242286435775,9.517069252124104e-09,3.811878406458603e-09
7.55e-07,243.991735277184,1.144552601533352,-91.859541237465,-0.004655033831497009,244.56309766326967,1.1389690331952929,-91.74271633162215,-0.0046969387516524975,355.43576298749525,9.539614963108848e-09,3.780990465249458e-09
7.575000000000001e-07,242.9747265566845,1.3625445785446073,-92.46577046304888,-0.004791586757015442,242.1737698714683,1.3562519356827234,-92.19840301989045,-0.004301864359508331,353.17421605763684,9.566419744997332e-09,3.803822254265577e-09
7.6e-07,228.30886352992457,1.5452870271451165,-92.98113719555225,-0.003690498665030478,228.57092504965283,1.5510737050405936,-92.5946699127262,-0.0037967985763390825,334.9499988457905,9.597086005673289e-09,3.88489176554482e-09
7.625e-07,205.1775113980216,1.7191325215026447,-92.54822724401652,-0.003371623555738361,205.82196775805005,1.7170152967951415,-92.91696579604293,-0.003184207329787162,301.5868044679132,9.631053558594005e-09,4.023529333616277e-09
7.65e-07,174.65273164119523,1.8601603542674712,-93.13753079533892,-0.002226238980329168,176.19591017331223,1.8498959195968516,-93.15133441044692,-0.002467713888468632,254.59257333186585,9.667641066964726e-09,4.2138228754564076e-09
7.675000000000001e-07,141.82467155250927,1.9574546204523071,-92.9980888335757,-0.0016668293290377583,141.83902533017073,1.9473686628318356,-93.28455373574036,-0.0016521757425431802,196.09133766500767,9.706084835160663e-09,4.445357602015483e-09
7.7e-07,104.56192489176776,2.0016219728180324,-92.98652162986109,-0.0007818529361133865,104.53354740422323,2.008372534119248,-93.3042676110629,-0.0007436617882745467,128.7272200945953,9.745570792906151e-09,4.704419443811375e-09
7.725e-07,64.67876490137566,2.0335371070208743,-93.43155813264873,0.0006170466879948603,65.57611733826455,2.0325825812873095,-93.19910849544019,0.0002506726275214197,55.544925326469546,9.785257545127885e-09,4.975327438734317e-09
7.75e-07,25.412455361133688,2.028164847240843,-93.4632833241258,0.0015759374482703782,25.788796722158477,2.019989813453389,-92.95881025806938,0.0013227963973745725,-20.147873573926628,9.824290618465441e-09,5.241666480316659e-09
7.775e-07,-15.79775486945048,1.9685197786112998,-92.65880378914292,0.0024160654440552737,-14.350292154482194,1.9707076213996193,-92.57430998213232,0.002464066979702097,-94.9300344715487,9.861810092159241e-09,5.4873410932366886e-09
7.8e-07,-54.600628443985556,1.8912623341918218,-92.15888455093675,0.0037504522957861252,-54.492597804967914,1.885048121221334,-92.03783786944693,0.0036655065706494654,-165.42157399526639,9.89695526833608e-09,5.697496446245179e-09
7.825e-07,-93.69873803688355,1.7599395817852146,-91.27279841719228,0.004466853342654119,-94.1729122762166,1.7638504083257198,-91.342994444882,0.00491804637300702,-228.4364350890306,9.92887064063499e-09,5.859408665412509e-09
7.85e-07,-132.14412933510087,1.6036297745777086,-89.962108310681,0.005806822066231372,-132.58924261436658,1.6089846890956527,-90.48481437817169,0.006212701320612421,-281.1264895351809,9.956717050371225e-09,5.963416214779365e-09
7.875e-07,-168.950880014088,1.423744407675444,-89.84030623877366,0.007498770301090327,-168.46183633895896,1.4239126130042257,-89.45981636548152,0.00754065064661623,-321.1102668638314,9.9796906491947e-09,6.003861621685978e-09
7.900000000000001e-07,-200.52417068190948,1.214220142362475,-88.82975953079163,0.00847654910298848,-200.00941088092733,1.2141632117608685,-88.26603864267517,0.008893217239373833,-346.58059139480696,9.997050359686997e-09,5.979879481281882e-09
7.925e-07,-225.05698942546843,0.9794136625264895,-87.01786936302702,0.010441504877513358,-225.05824942819902,0.9875898942423822,-86.90305983553365,0.010261757591029753,-356.3862624628902,1.0008152309625955e-08,5.895763106318971e-09
7.95e-07,-240.53034676902294,0.7476741852624906,-84.87393906722293,0.011357873936496805,-241.2741226157251,0.7543062752032765,-85.372004987973,0.011637490854700502,-350.0840860662623,1.0012487639556628e-08,5.760631211935305e-09
7.975e-07,-246.12413293395846,0.5144760109943736,-83.43933210198071,0.012675996024833472,-246.4826596455283,0.5262517609246653,-83.67553674637819,0.013011307022295554,-327.95890622610233,1.0009718555517778e-08,5.5872365334586525e-09
8e-07,-239.78067575883756,0.3057519392878494,-82.21491936611253,0.014451110408743143,-239.02528132751635,0.3164024691169791,-81.81783181526345,0.014373598403971798,-291.01073068550266,9.999706834059922e-09,5.3899989818537744e-09
8.025e-07,-218.27271484054603,0.12930227721269946,-79.87012260470594,0.016064371457269612,-218.08855209162104,0.13770773570967626,-79.80454293535784,0.01571415466083238,-240.90953283679602,9.982529347781666e-09,5.182634652084541e-09
8.05e-07,-184.72251409609777,0.010837493202149233,-77.42562194020434,0.0168501256912364,-183.9465936479518,0.001885539222674006,-77.6427467686632,0.017022150333280504,-179.91977272726794,9.958476546116977e-09,4.9759734317511045e-09
8.075e-07,-137.95948570469184,-0.07948217598707819,-75.36299506353629,0.018050633084616446,-138.06884452901065,-0.08175801540367847,-75.34087820484115,0.01828623720447567,-110.79804862185517,9.928031996175689e-09,4.7765996222283036e-09
8.1e-07,-82.81260843482416,-0.10921398953273713,-72.10798733501335,0.019434264260988515,-83.0668185886367,-0.10731545151457897,-72.90865172827901,0.019494735023181244,-36.6685050391857,9.894393346606217e-09,4.586757986309986e-09
8.125000000000001e-07,-23.072476079096695,-0.07609152669307129,-70.03236446284016,0.020713156655681738,-22.479914065710858,-0.07292511849947655,-70.35697060423932,0.02063589659722953,39.11837146605525,9.856488361046134e-09,4.405583721878406e-09
8.15e-07,39.24696698686216,0.02174884016254842,-67.81809298810772,0.021906865024627357,39.57285806492698,0.019018378066912884,-67.69782475453503,0.0216982103640225,113.13718666531226,9.813202249487476e-09,4.231271177484883e-09
8.175e-07,99.32042617683365,0.16047828507258496,-65.05122530398457,0.022881093042183887,98.8258273049403,0.16212259856057185,-64.94417829718289,0.02267069771513876,182.04245867466852,9.764101990307878e-09,4.063464313161611e-09
8.2e-07,151.02522028924406,0.3360723609634831,-62.33565260463053,0.02421170280276713,151.32061787433466,0.3466860172047839,-62.10984781954218,0.023543164753141933,242.71982611731133,9.712181259285531e-09,3.905067972820348e-09
8.225000000000001e-07,193.3927026191411,0.5519226350262916,-58.623709006862114,0.024547438745546664,193.81390521995232,0.5607144980941551,-59.209372539664244,0.024306378387756598,292.42681016543514,9.657968675050133e-09,3.762880467477258e-09
8.25e-07,224.5286176264145,0.7886884842348125,-55.632782178890736,0.025374742051924474,224.07963917960734,0.7911162425074874,-56.25787758522509,0.02495215281319022,328.91676833779763,9.601826382958332e-09,3.646855265767837e-09
8.275e-07,241.32411446037221,1.025698945440208,-53.0594653747272,0.025650933030418422,241.06425503547013,1.0249045047873988,-53.27093168277757,0.025473351339526676,350.54043762361164,9.543937522510662e-09,3.5682520626618594e-09
8.3e-07,244.761898484681,1.239855004977229,-49.7476026692095,0.025345595592970175,244.87809786694103,1.2502445023501105,-50.26440060160779,0.025863826555322496,356.32047741475105,9.484312462070547e-09,3.5372653930824853e-09
8.325e-07,235.9983930983204,1.4538785530545277,-47.53550444277776,0.026136366955645227,236.63349243776125,1.457214988731902,-47.25429773571111,0.02611833525556389,345.99564307554397,9.42281097358259e-09,3.5608158193410833e-09
8.35e-07,217.5636910049548,1.6252950379300384,-44.53523602304648,0.02610154950254152,218.16483070421472,1.6382095518716333,-44.256633233988154,0.026232470674092193,320.03259360536987,9.359175552486244e-09,3.641049654753889e-09
8.375e-07,191.80282110051667,1.7844994970887689,-40.8536365137198,0.02642388529745795,191.68437568812493,1.7879679223734306,-41.2872631024499,0.026202651907954608,279.60479971461865,9.293070014902628e-09,3.774804221564678e-09
8.4e-07,159.5872164700872,1.8953215508578505,-38.547811596975556,0.025776677855381517,159.4360429225748,1.9032917326381271,-38.36173970287842,0.02602619931679255,226.539505620916,9.224117473732249e-09,3.953985039101136e-09
8.425e-07,122.47954623883874,1.9879395843456593,-35.89368972729339,0.025651231596281125,123.40682077010888,1.9825508791493716,-35.49516506003542,0.02570150710285559,163.2351417716766,9.151932769759822e-09,4.166580814377337e-09
8.450000000000001e-07,85.71446316861724,2.035950413774322,-32.532823944264514,0.0249591235954489,85.14232721011595,2.025116875625182,-32.702048364218435,0.025228303500167203,92.55292124982195,9.076146198088698e-09,4.3979663408364815e-09
8.475e-07,45.471928061639076,2.0237899564162256,-30.154204234493424,0.024488213381843715,45.691755485298984,2.0308632648196,-29.996169017993104,0.02460796894282739,17.687519458293416,8.996417572064012e-09,4.632201907747068e-09
8.5e-07,4.756427968637949,2.002990996735713,-27.312868168506057,0.023861439608903818,5.6820507417690616,1.9998500471867988,-27.390446525591802,0.023843867030791433,-57.977317932953156,8.912441881734579e-09,4.8531745990143025e-09
8.525e-07,-33.921527014589195,1.9259934660988436,-24.95470120393318,0.022980984003178242,-34.50377032022223,1.93226381892512,-24.8968184612452,0.022941634998555064,-131.02171258540514,8.823949612200511e-09,5.045571612835893e-09
8.55e-07,-74.29311881451069,1.8257605018756826,-22.12035649624299,0.02199432242021085,-74.48915581114002,1.8286265404894813,-22.526127679124553,0.02190938126615051,-198.14422420481222,8.73070585025625e-09,5.195770313484829e-09
8.575e-07,-113.59956013539167,1.6976491236265132,-20.16960536812091,0.020821157804984138,-113.66368440529934,1.6902246752332764,-20.288019843317123,0.02075774744359601,-256.3110681240973,8.632512429178459e-09,5.2927425003173475e-09
8.6e-07,-151.1165646264051,1.5054956409300468,-18.307083130186918,0.0195438671073678,-150.99672448717067,1.5196583774709078,-18.190852262066578,0.01949980926054809,-302.89323546149586,8.529216522593399e-09,5.329000310459012e-09
8.625e-07,-184.5727561072653,1.3199243439498665,-16.467196194182996,0.018115439650370668,-184.95174853551802,1.3213773482682727,-16.241614907239956,0.01815081249255234,-335.78531833495043,8.420727461241209e-09,5.301486558077441e-09
8.65e-07,-213.77736713678593,1.097674393095926,-14.460149447718644,0.016857619071717633,-213.5288181555086,1.1020623496586022,-14.445864388564203,0.01672776255459742,-353.5006695037381,8.307041424646936e-09,5.212185660341054e-09
8.675000000000001e-07,-234.89896911055135,0.8702758172741436,-12.570415983053039,0.015373117334891655,-234.4381390288188,0.8707309896276566,-12.807671533602345,0.015248906426410027,-355.2385954382054,8.188271461107886e-09,5.068167128059987e-09
8.7e-07,-245.81298296407928,0.6434095340526793,-11.775041040702993,0.013859472331482905,-245.3819763956904,0.6384901138568755,-11.329583099786714,0.013733159817626493,-340.92054584389564,8.064678442101468e-09,4.880826319890672e-09
8.725e-07,-244.67483655687357,0.42404363248016896,-9.820796023695609,0.012463466346844783,-244.40029654652773,0.4179174017476581,-10.012598015211005,0.012199538768002467,-311.19366395596774,7.936697431384635e-09,4.664273206998622e-09
8.75e-07,-230.72679080546115,0.23492513456811617,-9.188618825188458,0.011155850239850412,-230.2212927806895,0.2221209234243665,-8.856158411478397,0.010666652270235005,-267.40153713871706,7.804953788992821e-09,4.4330971868100644e-09
8.775000000000001e-07,-203.10885815453418,0.07472425335697333,-7.91751852989805,0.009282538717614284,-202.55413214576572,0.06358565081986332,-7.858155575900344,0.009152301473998955,-211.52346979644972,7.670264208859571e-09,4.200006510534769e-09
8.8e-07,-162.4752388913954,-0.046386940572876977,-7.306969071563375,0.007717510329051967,-162.268638493474,-0.047040658347770485,-7.0149508129802385,0.007673213394532753,-146.0850233218811,7.533619692173286e-09,3.973983800819815e-09
8.825e-07,-111.23057384140111,-0.10249856941214369,-6.4053991961515555,0.006335230634924501,-111.42402223110935,-0.10205117370048822,-6.321411067625625,0.006244915684389135,-74.04386647266368,7.397622627341156e-09,3.759524827011378e-09
8.85e-07,-53.795639498038646,-0.10508210305543482,-5.726706442392638,0.004871292544276463,-53.13319555059442,-0.09751215381956593,-5.770959026159613,0.004881737414058161,1.3439045209842262,7.2637089961264195e-09,3.5572278851663503e-09
8.875e-07,9.442666347754125,-0.03273484346892516,-5.214087688342615,0.003471029936917395,8.723577204420732,-0.03369946079970936,-5.3556372771772125,0.003596902464141301,76.67093409075808,7.131219041208369e-09,3.3655666154580317e-09
8.900000000000001e-07,69.31559902105697,0.09027932224047372,-5.340180270105191,0.0022389252767786973,69.89671647520707,0.08492654713762342,-5.066185983827584,0.002402670025609885,148.53261204239058,6.999493158649957e-09,3.1832704714223376e-09
8.925e-07,126.01326519624273,0.25543185788305167,-5.070265593956513,0.0013503075181416975,126.21926171173894,0.2502043509703544,-4.892133393378376,0.001310472745162935,213.68095418309323,6.870593367397067e-09,3.0115176361701093e-09
8.95e-07,173.6338089987577,0.43151084666249956,-4.766461703205024,-0.0001715520248712464,174.0458264966251,0.45114062849134684,-4.82189839007696,0.000331007759610226,269.17140381046323,6.746501542830167e-09,2.8552072058758937e-09
8.975e-07,210.41130991242585,0.6714236207604297,-4.836683938310457,-0.00044809695725571923,210.61393731730516,0.6750368821978987,-4.842904184448514,-0.0005257517303288901,312.4959189697718,6.627906949597103e-09,2.722898559310455e-09
9.000000000000001e-07,234.07967589740412,0.9111684068788097,-4.704601730485392,-0.0016988157069000782,234.27628678906893,0.9087098490012355,-4.9417021272917,-0.001250638881616183,341.6963302387597,6.5152585105500225e-09,2.625458323385145e-09
9.025e-07,243.40664551486788,1.140071656358133,-5.359558828744594,-0.001832852259660531,244.5742072374207,1.1396349773782712,-5.104104540706945,-0.0018354641561886438,355.4528455261758,6.408760156129653e-09,2.5738640333655237e-09
9.05e-07,242.1091853036518,1.3507980030649178,-5.5113752660729425,-0.0025019764837208944,242.14921914590653,1.3568634027336175,-5.315325372386593,-0.002273250712999224,353.1437016687504,6.30838445929166e-09,2.576832906395159e-09
9.075e-07,228.51962061265314,1.5649930907397551,-5.498701194582188,-0.0023595729635320045,228.51616839964288,1.5516082541252056,-5.5601274039183926,-0.0025584962621416764,334.8732667102247,6.213900658273812e-09,2.6389168115912973e-09
9.1e-07,206.1360077589797,1.7025798338055491,-6.041725180584449,-0.002744064338884983,205.74357443411935,1.7174574473699367,-5.822974679672922,-0.002687416670462125,301.46732270345353,6.124911614833979e-09,2.7594754689337158e-09
9.125e-07,177.09731044601813,1.8565450269395356,-5.9022433225537165,-0.002526359759144592,176.1005355245749,1.8502362995865171,-6.088188770584201,-0.0026581282299498682,254.4357422421664,6.040893692092906e-09,2.932623816144751e-09
9.15e-07,142.3530591670234,1.9409061334929374,-6.211870840077547,-0.0021601793645320065,141.7325537070547,1.9476025353294744,-6.340107447254219,-0.002470735152751938,195.90424565817827,5.961234019848996e-09,3.1479730634025618e-09
9.175e-07,104.40690260187593,2.01190581151247,-6.120045831949548,-0.0018423445813946285,104.42054491528944,2.0084981082655893,-6.563244309714029,-0.0021273047847430488,128.51832330327642,5.885261016357743e-09,3.3918344629265008e-09
9.2e-07,66.28408820226969,2.0246952502427673,-7.095343067550363,-0.002068733687885954,65.45966947426041,2.032599523869794,-6.742447907105876,-0.0016317323568473875,55.32366540990795,5.8122660635042204e-09,3.6485512273805867e-09
9.225000000000001e-07,26.09821687295007,2.0234399779141845,-6.726672826477112,-0.0009058675034571592,25.670730321067218,2.0198983090145974,-6.8630588796709535,-0.000989516336663665,-20.371496171382677,5.741516489451997e-09,3.9017304131346786e-09
9.25e-07,-14.24655406014048,1.9810976841534602,-7.1734774444625655,-0.00030339069303838006,-14.468877237200424,1.9705081940317277,-6.911063667766173,-0.0002074811334770357,-95.14591251774016,5.672262067261557e-09,4.1352958741287835e-09
9.275e-07,-54.51472574121869,1.891551692605232,-6.994207276679449,0.00040637306561493354,-54.61062114532281,1.884742256463935,-6.8732433580828225,0.0007065067897522554,-165.6199502941296,5.603738701779486e-09,4.334408783393708e-09
9.3e-07,-94.67317391190988,1.7576513829007776,-6.152547745723674,0.001390957968044108,-94.2885967885823,1.7634418316614289,-6.737316275640316,0.0017437821371994126,-228.60834348361948,5.535173576801055e-09,4.486357826108458e-09
9.325000000000001e-07,-134.5892505910492,1.6103691331030738,-6.293673930676277,0.0029587365028313165,-132.6995590111414,1.6084810027280088,-6.492072981098714,0.002895043231853061,-281.26416015754705,5.46579566035483e-09,4.581490623466987e-09
9.35e-07,-168.18754863180098,1.4246049868252775,-6.007859403485864,0.004560320361893969,-168.56224691097316,1.4233268942701498,-6.12750239609778,0.0041504079150533005,-321.20747731536125,5.394854191671963e-09,4.614155292047783e-09
9.375e-07,-200.1862365833302,1.217610246518719,-5.71934931171747,0.0059750519072802625,-200.09399445152755,1.213515153801657,-5.634907854106503,0.005499356130652885,-346.63294798446873,5.321645842676601e-09,4.583487692144919e-09
9.4e-07,-225.4394798746299,0.9829246772171805,-4.962799797839327,0.0070290619604255825,-225.12021615824423,0.9869061278328981,-5.007011960027009,0.006930572876131261,-356.39139879206283,5.245549029032669e-09,4.493776534744161e-09
9.425e-07,-240.88012921934228,0.7577354782439792,-4.515841939712094,0.008553376315611894,-241.30665120831185,0.7536196405661002,-4.238049237793373,0.008431723566885223,-350.04176998456427,5.166061768811609e-09,4.35412788918307e-09
9.450000000000001e-07,-246.88206466827998,0.5326161040039187,-3.1681108230531376,0.009722963040498316,-246.4799243171063,0.5255994774531814,-3.3238456505920233,0.009989207019466458,-327.87105032406,5.0828379592274946e-09,4.177271541859361e-09
9.475e-07,-238.64028549435062,0.3118909095307302,-2.250816801391143,0.011901866284621846,-238.98349366886603,0.3158233475739386,-2.2618841922005437,0.011587937019457383,-290.88130584981394,4.995716278040873e-09,3.977592638628142e-09
9.5e-07,-217.50640838226562,0.13191611819844723,-0.959918766733324,0.01345629844176439,-218.00683156483953,0.13723875652191142,-1.05135586927846,0.013211200901592621,-240.7443887752948,4.904736278397553e-09,3.768760736565243e-09
9.525e-07,-183.96297209978746,0.002667657058072521,0.33415618928433477,0.015023671996345142,-183.82750238190718,0.001558249596143715,0.30680447780263975,0.014840633264615537,-179.72637357545148,4.810137613119598e-09,3.5615494417756867e-09
9.55e-07,-137.71963622870476,-0.07514679571123566,1.6853475631677695,0.016180632939459247,-137.91847376194826,-0.081920777462756,1.8098979349693423,0.016456326706987462,-110.58513558095754,4.713689143570736e-09,3.3630997838771113e-09
9.575e-07,-82.96999742119807,-0.11355307583664784,3.291884772057094,0.0175336927467921,-82.89438670002852,-0.1073020275007359,3.453457137530105,0.01803708208881816,-36.4457012937885,4.623750196764434e-09,3.177971899964142e-09
9.600000000000001e-07,-23.03612568710832,-0.06822681286636441,5.673158880701467,0.019434477797520486,-22.29691700527382,-0.07273632532504279,5.23125789851893,0.01956078152848144,39.34099569405114,4.5396373719847375e-09,3.005356447650207e-09
9.625e-07,40.104778962355184,0.019340542704832504,7.539411922952802,0.021156938950590745,39.7538281685426,0.019369322563004287,7.135346842776869,0.02100485122674568,113.34956926778366,4.460589659327227e-09,2.8434896372388522e-09
9.65e-07,99.0005469333733,0.16539367207218722,8.986969930850776,0.022187552406126743,98.99242366403112,0.16261151043078553,9.156084905138215,0.022346770726426088,182.23500044164277,4.386488020194736e-09,2.6920414471164238e-09
9.675e-07,151.2741682289939,0.3390938413497391,11.178245076345242,0.02358022436523836,151.4620419947525,0.34728032700336653,11.282206409821494,0.023564581779038737,242.88382459940036,4.320566609341607e-09,2.5539227058261265e-09
9.7e-07,193.2283128513796,0.5557432086049399,14.077373764204362,0.02420262459238001,193.9219792454457,0.5613765947452887,13.500893308977307,0.024637353800810294,292.5548530047151,4.263540318720069e-09,2.4359125148580197e-09
9.725e-07,224.41643636271604,0.7954917666913021,15.915510789946548,0.0254901626757439,224.14949472204114,0.7918070947148896,15.797864022532384,0.025545572968566334,329.0030682895288,4.215893597604741e-09,2.3479151749229924e-09
9.75e-07,240.88284694059413,1.0243770244192445,18.59894708424819,0.026332715589581886,241.09455029918564,1.0255870528459408,18.157476190213927,0.0262714363640435,350.5810941265066,4.1778647641846116e-09,2.3011081174933475e-09
9.775e-07,243.66844653152717,1.2654571163557058,20.64577638051931,0.027055269155745187,244.8707537749504,1.2508863761117281,20.56284252110725,0.026799048630895293,356.31365288746616,4.149449683221816e-09,2.305569666688905e-09
9.8e-07,236.65019167328177,1.460994382366721,22.539432509782955,0.027184318030178716,236.5930176935563,1.4577902424543197,22.995958807407003,0.02711453357311678,345.94164597117094,4.130422001545379e-09,2.3680715755294094e-09
9.825000000000001e-07,218.8937513187158,1.647457474827979,25.79408398375852,0.027291356544172883,218.09737141960468,1.6386992889564405,25.437843058243104,0.02720608445857016,319.9338644700565,4.120365162282546e-09,2.490581607623276e-09
9.85e-07,191.839202091848,1.7854051610746922,27.93376201194458,0.02716737210825211,191.596665983106,1.7883598797017684,27.868684607573915,0.027063982619469996,279.4658008804464,4.118710342753911e-09,2.6697322105330953e-09
9.875e-07,160.13747523514078,1.9145335839223714,30.08925039799045,0.026558891283784074,159.33444185148002,1.9035790702559696,30.268001958071228,0.02668061336870255,226.36651951864735,4.124774427690094e-09,2.897200844872615e-09
9.9e-07,122.49389905908437,1.9849873611503863,32.84390852123978,0.025687272826976724,123.29659684538464,1.982730545420929,32.61480804149035,0.026050501543943793,163.03598697919278,4.13779310058752e-09,3.1607273870676756e-09
9.925e-07,85.45326031147272,2.036076010513119,34.41680049903172,0.02554491080736603,85.02729937676995,2.0251879692314025,34.887781505971724,0.025170377570559347,92.33659911021284,4.156945896054468e-09,3.445418695623039e-09
9.95e-07,45.71041706117105,2.0267210973728984,37.004557576875925,0.024261802651939855,45.57432838392681,2.030825785079419,37.06544258269038,0.024039271150241737,17.463807239634267,4.181372252484351e-09,3.735049253463631e-09
9.975e-07,5.3315427576592,2.0005152322249242,39.41560657688299,0.023229050999483483,5.563605509901014,1.9997043198431408,39.12633203878506,0.022658616402877727,-58.19830894783887,4.210179812726827e-09,4.013203699420913e-09
1e-06,-34.495325950987166,1.9338265091711453,40.38707080876418,0.021091624587128422,-34.622236653893594,1.9320107259940094,41.04919169098379,0.021032342356586475,-131.22999410590756,4.242448021144908e-09,4.264251739349708e-09
1.0025e-06,-74.96423215037312,1.8255047475138482,42.66045943933342,0.01936346531242058,-74.60629668749274,1.8282685000668981,42.81314493511182,0.019166918347540373,-198.33038238052,4.277231120299435e-09,4.47424029576715e-09
1.0050000000000001e-06,-113.68521502992327,1.683976273369363,44.408682008119825,0.016843222879360128,-113.77714820091299,1.6897671447104214,44.3978757408896,0.017071326352680917,-256.46668902941826,4.313564763639529e-09,4.6318002691060165e-09
1.0075e-06,-150.8915090154237,1.5218472710027233,45.68253542804835,0.014412930305376747,-151.1027347687067,1.5191115239835669,45.783804569206126,0.014756941405360977,-303.0112853858967,4.350479613861132e-09,4.7290949973608085e-09
1.01e-06,-184.27360650043605,1.326787846468314,46.86578311193275,0.011712342399911643,-185.04503310146117,1.3207574681999046,46.95225969031173,0.012237315573687397,-335.8604616906834,4.387023652728785e-09,4.7627127929706775e-09
1.0125e-06,-213.28717195647002,1.1140962288891318,47.79263173553068,0.009922641151863905,-213.6029332658321,1.1013926371652918,47.88564241596245,0.009527877973596818,-353.5295099822474,4.4222928010669915e-09,4.734279369827047e-09
1.015e-06,-234.9858138753702,0.8714814591535885,49.157720824813126,0.00686535149976435,-234.4861588068882,0.8700413504184671,48.56758480617676,0.006645579793753785,-355.21982951554253,4.4554672454282746e-09,4.650502076811062e-09
1.0175e-06,-245.22954734672356,0.6508274748311907,48.65967213406008,0.0034659966291371237,-245.39744507274446,0.6378158785470148,48.98309847154096,0.003608526157213208,-340.8550216970293,4.4858490187015e-09,4.522410968848648e-09
1.02e-06,-244.13808594209308,0.42045845392736425,49.097350533102635,0.0006501416768542811,-244.37828625181578,0.41729698531523707,49.11871316440224,0.0004356432399244669,-311.08434312712063,4.512895255566101e-09,4.363748156111704e-09
1.0225e-06,-229.69927843426308,0.210430128245567,48.63702170591125,-0.0031251999657664537,-230.15938214580473,0.22159266948918666,48.96260393620945,-0.0028535721258267995,-267.2533606803919,4.536241384098634e-09,4.1887343099293834e-09
1.025e-06,-202.30095468100666,0.05961837271260696,48.6952305597742,-0.006100363874976629,-202.45312638116593,0.06318425709983296,48.50470573297722,-0.0062391823019626045,-211.34313494712288,4.555709394283283e-09,4.009711530269636e-09
1.0275000000000001e-06,-161.67014686713478,-0.0459501240163242,47.61702975401919,-0.009381961363591942,-162.13288924133127,-0.04728764267708028,47.73681440554061,-0.009700796040538464,-145.8806808060655,4.5712981284524785e-09,3.835304152966292e-09
1.03e-06,-111.016048790884,-0.09298786852862882,46.84687332001716,-0.01303193186543884,-111.26126905949982,-0.10212627466456257,46.65267322504326,-0.013217411318546424,-73.8247521067249,4.584635440286312e-09,3.669664064687553e-09
1.0325e-06,-53.465687043049535,-0.11054330399299124,45.31034108386587,-0.01640802762568907,-52.95392942879367,-0.09740989047926912,45.24804411595839,-0.016767133922866953,1.5678872666950001,4.596178985306312e-09,3.5130666968708518e-09
1.035e-06,8.84203389139231,-0.03616499401708049,43.41690364647253,-0.02021571946047323,8.907148430525119,-0.03342696594247624,43.52076294784678,-0.02032681198319205,76.88966170621075,4.604328334308796e-09,3.3636891761650385e-09
1.0375e-06,69.34315355454858,0.08187960107648717,41.69862275741791,-0.024186004829160564,70.07195368676524,0.08535029817029084,41.470778361866394,-0.023871642348870015,148.73619853747516,4.6075151400900635e-09,3.2199938278764694e-09
1.04e-06,125.89270882683245,0.24235096970896453,38.91517835060649,-0.026898926228397034,126.37444192138844,0.250750588244111,39.100173747614186,-0.027374814347085177,213.8601979118596,4.606944722840508e-09,3.082921555718106e-09
1.0425e-06,173.933064459775,0.4269926820554994,36.49297790061586,-0.03137590237612876,174.1713524197067,0.45177380689855823,36.41317212897043,-0.03080725964298744,269.31820336456286,4.603764611209134e-09,2.957162504649738e-09
1.045e-06,210.39436800521324,0.6857188375225676,33.120450577214015,-0.033970996346364773,210.7032329415506,0.6757182285817026,33.41612386299964,-0.03413757446280577,312.6036393436662,4.597889734789142e-09,2.8510931303818224e-09
1.0475e-06,233.49131280429745,0.9081341801372461,30.306833559869833,-0.037391135575799955,234.32625592022004,0.9094009297897133,30.117477202360654,-0.03733217392637987,341.76010271685897,4.5890518694959586e-09,2.7754214249716814e-09
1.0500000000000001e-06,245.2387458524647,1.1252464286646453,26.41115226782306,-0.04047402054977418,244.58520545906603,1.140300801020665,26.527731917821658,-0.04035572917423446,355.46978773770184,4.576800415022862e-09,2.7409903615421968e-09
1.0525e-06,242.47927247561236,1.357485942504062,22.503616085523912,-0.043672477541723924,242.12457048716618,1.3574746726658744,22.659376322093593,-0.04317192663094687,353.1130478643233,4.560520947047614e-09,2.7564082480377434e-09
1.055e-06,227.5600143163674,1.5507847992740718,18.47343635895713,-0.04600605557570683,228.46133207819062,1.5521425504198536,18.526808178005425,-0.045744572964066525,334.7964023719949,4.539467597112758e-09,2.826146639529224e-09
1.0575e-06,206.2904432286001,1.7251726350369971,14.178320296235183,-0.04788659736456566,205.66512142406762,1.7178993091316266,14.146240111853794,-0.04803904396210861,301.34772192446644,4.512803765824597e-09,2.9495169634254853e-09
1.06e-06,176.18018877436012,1.8506874896705772,9.834914721916448,-0.04999295817352518,176.00512003747613,1.850576370771878,9.535590285294276,-0.05002403371106508,254.2788107052689,4.479645119698444e-09,3.1206208609796433e-09
1.0625e-06,141.25313928318425,1.950739224952699,4.850002672382605,-0.05179044322531163,141.62605683157247,1.9478360901900125,4.714359205325035,-0.05167349707127114,195.7170763114552,4.439099314078994e-09,3.3290931055828296e-09
1.065e-06,104.76570068095653,2.00440350249029,-0.0323257562939237,-0.05308368274191804,104.3075284344261,2.008623362222008,-0.29650632942409416,-0.052968596822978144,128.30937577495877,4.39029829367348e-09,3.561305903645609e-09
1.0675e-06,65.26003958313571,2.026657226026333,-5.275406892548463,-0.053896988308296465,65.3432146621057,2.0326161462698438,-5.474761037737865,-0.053899384967967465,55.10238365243942,4.333724437879966e-09,3.802298379845395e-09
1.07e-06,25.712347945441156,2.0042419134553215,-10.67307318265838,-0.05398326917565717,25.552660965198495,2.01980648525387,-10.797019511188514,-0.05446589931116187,-20.595110726484542,4.290050012248534e-09,4.0456260136847216e-09
1.0725000000000001e-06,-14.990916405720018,1.9789022896269284,-16.320598656716925,-0.05483002229112624,-14.587462426240265,1.9703084497402596,-16.238923816551583,-0.05467838103535497,-95.36175300183704,4.258754905809235e-09,4.275088963890776e-09
1.075e-06,-54.03078014291469,1.875586421065832,-22.111251972569352,-0.05480213749383317,-54.72864070266389,1.8844360816378727,-21.7753189668556,-0.05455644042330632,-165.8182612088639,4.2392777613386535e-09,4.475723924493095e-09
1.0775e-06,-94.62726600264114,1.742151397505233,-27.440816396484895,-0.054285316747789844,-94.40427063419156,1.763032960719279,-27.380434815403415,-0.054127202499021185,-228.7801616272587,4.23101818683638e-09,4.634692953776304e-09
1.08e-06,-133.46668495942998,1.610899172022858,-33.0019773287245,-0.053493016015157886,-132.80985361061974,1.607977051790689,-33.02807287225981,-0.05342269502282885,-281.4017197412771,4.233344481063076e-09,4.742213739668022e-09
1.0825e-06,-168.26847791444635,1.443271198582221,-38.26929165076108,-0.0523772153137321,-168.6626200931994,1.4227409588325248,-38.691796500803214,-0.05247691788593805,-321.304560959266,4.245609516389018e-09,4.792499837772089e-09
1.085e-06,-200.16795587419782,1.2120441338649601,-44.27926584707598,-0.051469064027374126,-200.1785215380714,1.2128669474732499,-44.345122923306725,-0.051323090813250385,-346.68516772893224,4.267175488959351e-09,4.784546059314475e-09
1.0875e-06,-226.0016822428745,0.9986555482813576,-50.32338188050547,-0.04963210969938614,-225.1821058546466,0.9862223013330809,-49.96171544941504,-0.04999149849982306,-356.39639442355553,4.2974460268723554e-09,4.722490987837725e-09
1.09e-06,-241.6494354612891,0.7358528499732808,-55.775008540689804,-0.04863944684270542,-241.3390835910516,0.752933050269909,-55.51557433995534,-0.0485081753810958,-349.9993157119201,4.335902069664241e-09,4.615278325034672e-09
1.0925000000000001e-06,-246.57109617432957,0.525865940143593,-60.90149668145193,-0.047191029350453134,-246.47707811951807,0.5249473519825887,-60.98122473075583,-0.04689446369845036,-327.78306498371745,4.382136405259231e-09,4.475460074378696e-09
1.095e-06,-238.20634990227387,0.32401934327405774,-66.20299490995896,-0.045796659057459145,-238.94158790785042,0.315244497571995,-66.33390006694518,-0.04516730366155145,-290.75176617878935,4.435881087735886e-09,4.317225828487187e-09
1.0975e-06,-217.95043187354352,0.14528043702098561,-71.84532700434806,-0.04293916831170075,-217.92499527052075,0.1367701516987172,-71.54971953735652,-0.043340012206093424,-240.57914967172158,4.497022322521345e-09,4.154031100443205e-09
1.1e-06,-182.75607239485453,0.006370168036146167,-76.6781654748836,-0.04176494567514164,-183.7083082045119,0.0012314160514447395,-76.60585805076954,-0.04142328355908486,-179.532903470509,4.5655987734922905e-09,3.996418308031316e-09
1.1025e-06,-138.57264427766432,-0.08370659670013204,-81.75158864799674,-0.03944379948723967,-137.76802299348796,-0.08208303151442732,-81.48070736040734,-0.039426183131017624,-110.3721788827997,4.641781416120992e-09,3.85066438007133e-09
1.105e-06,-82.65848539719865,-0.11083675470683091,-85.85774130127278,-0.037428701774813965,-82.72190588607084,-0.10728807904213533,-86.15402701971978,-0.0373569786402073,-36.222883160205626,4.728405491537689e-09,3.7186955983178784e-09
1.1075e-06,-21.84295502393504,-0.07111336139492028,-90.86335240075289,-0.03481652394658183,-22.11390719153003,-0.07254702861006472,-90.60708394041242,-0.03522373267745911,39.56360439084496,4.823946104009533e-09,3.599325560555255e-09
1.11e-06,40.03844882340983,0.022919452750008742,-94.51875363046115,-0.033228157427382596,39.934773573487654,0.01972071462744549,-94.8227794221177,-0.033034650404423806,113.56190712164025,4.926800678098907e-09,3.4904286187996252e-09
1.1125e-06,98.6228856143187,0.1633650058238166,-98.5505896282851,-0.030162213116763384,99.15896059220108,0.16310078488946925,-98.7857626312088,-0.030798224771465904,182.42747026512487,5.036016701009877e-09,3.391330468303824e-09
1.1150000000000001e-06,151.3237171422143,0.3369946661524093,-102.72437934257457,-0.02851751069406063,151.60337826185398,0.34787489434487345,-102.48252962306513,-0.02852324689302027,243.04772719479826,5.1539816184929975e-09,3.3046153152528753e-09
1.1175e-06,194.49819059248213,0.5605755419716001,-105.78715265731748,-0.0263048761872468,194.02994596229905,0.5620388343359339,-105.9015071265952,-0.026218753367600312,292.6827803479722,5.280581589708234e-09,3.23675203771436e-09
1.12e-06,223.44262282337795,0.789484071059638,-109.04887218117001,-0.023479697237187867,224.219233826412,0.7924979762695564,-109.0331204409224,-0.023893970508959226,329.08923835605896,5.415491725644189e-09,3.197349836439454e-09
1.1225e-06,241.50169533008312,1.0313765587105481,-111.86737657211364,-0.021359466049221253,241.12473023466222,1.0262695268598896,-111.86984493067325,-0.021558293930712492,350.6216122255378,5.558167675045007e-09,3.1973060777063836e-09
1.125e-06,245.51241353882304,1.2439969298151483,-114.44400593048967,-0.0194794620304257,244.86330426480203,1.251528089306336,-114.40624074711523,-0.019221316948205388,356.30668769319385,5.707856313215474e-09,3.2464357840561815e-09
1.1275e-06,236.18131798672417,1.446499814663855,-116.24858420813136,-0.01682759626673494,236.55245376349893,1.458365269447182,-116.63897054620719,-0.016892898277701723,345.88751229451344,5.863622658183656e-09,3.3512676084627353e-09
1.13e-06,218.45835744584517,1.6386678562593016,-118.93329443221404,-0.014594192328463592,218.02984246148284,1.6391887537378311,-118.56680012021425,-0.014583242658688635,319.83500902992466,6.024388172857739e-09,3.513550853156337e-09
1.1325e-06,191.23474497621388,1.7873354162146864,-120.53415169597788,-0.013071903517172127,191.5089063407329,1.7887515371916964,-120.19058200561715,-0.012302959784163105,279.3266917176082,6.18897454206136e-09,3.7297286144693994e-09
1.135e-06,159.67918200437208,1.8840605398132535,-121.34304646101631,-0.009895731876241095,159.23280825956735,1.9038660941495578,-121.513222275353,-0.010063067998438664,226.19344405046965,6.356146986930742e-09,3.991321778426055e-09
1.1375000000000001e-06,122.83760284648248,1.9783674813175876,-122.47739443233414,-0.007637843240028782,123.18635387622726,1.9829098927072177,-122.53963086666936,-0.007874918608989806,162.83676782268782,6.524652157242302e-09,4.285948828354523e-09
1.14e-06,84.73756123598973,2.032545910414051,-122.90583418495345,-0.00523760982437705,84.91226155981167,2.025258742794355,-123.27665593582921,-0.0057500319420161795,92.1202405175718,6.693247408742359e-09,4.598631540676385e-09
1.1425e-06,45.720836667911186,2.019164494881937,-124.06741281785666,-0.003450419367470929,45.45689661150155,2.0307879856544067,-123.7330028663492,-0.0036998541040662836,17.240088126535536,6.8607204746914575e-09,4.913095797793379e-09
1.145e-06,6.006531711656159,1.9846998433003762,-123.68791023311601,-0.0017890266051456057,5.445158758632738,1.999558274070792,-123.91913868718943,-0.0017354601269523925,-58.41927698695889,7.025900753865177e-09,5.2129137757173404e-09
1.1475e-06,-34.941624452470975,1.922682010038652,-124.1371278092785,0.00023357648270186805,-34.740701407195026,1.9317573186505963,-123.84718278024782,0.0001327585722035542,-131.43822381889126,7.1876652417922396e-09,5.482478370250829e-09
1.15e-06,-74.22217312921542,1.8443941831455848,-123.5332637717025,0.0019331107720610462,-74.72343080267297,1.827910155825433,-123.53078487154303,0.0018953791287513878,-198.51646225854213,7.344943190102473e-09,5.7078948865984574e-09
1.1525e-06,-113.12810643568896,1.680243093185322,-122.99971674059286,0.0034926548491101645,-113.89059631939249,1.6893093324232158,-122.98499140662861,0.003544163944206626,-256.6222086857451,7.496723695085995e-09,5.8778872760929014e-09
1.155e-06,-150.80219144543793,1.530903684327865,-122.77399474847954,0.005355782624089009,-151.20871595899467,1.5185644270195917,-122.22610150713707,0.005072178861350454,-303.12921568623557,7.642069573285784e-09,5.984745704010517e-09
1.1575e-06,-184.22714056029048,1.309505127264099,-121.36218967766612,0.006314707927241236,-185.1382710348624,1.3201374025892336,-121.27151379108524,0.006473798642639656,-335.9354724540217,7.780139242313133e-09,6.025217434378499e-09
1.1600000000000001e-06,-213.6408330247038,1.1067923176562757,-119.87338699431511,0.007589215200280675,-213.6769816054211,1.1007228176915416,-120.13956541392905,0.007744604723582436,-353.55821089290566,7.910216203336433e-09,6.00111654266395e-09
1.1625e-06,-234.21204158682372,0.8735186717661538,-119.13987229381107,0.008939624750598773,-234.53409156770613,0.8693517012789083,-118.84936474972753,0.008881198880765455,-355.20092335771614,8.03174352607871e-09,5.91936435007808e-09
1.165e-06,-246.42185697480585,0.6623793646109957,-117.04694558866105,0.009677385883009024,-245.41280942999663,0.6371417434296351,-117.42061918161164,0.009880971285805477,-340.78936298599706,8.144358895621665e-09,5.791225984546292e-09
1.1675e-06,-244.83156659094595,0.4038163038399936,-115.5513135655116,0.011096109140563505,-244.3561603747262,0.4166767840079427,-115.8734595076497,0.010741869703420436,-310.97489948709654,8.247924662450146e-09,5.630695246815917e-09
1.17e-06,-229.08081238124294,0.21466437783911488,-114.90801232732889,0.01086779782975804,-230.09735329212594,0.22106474027165532,-114.22826249184791,0.01146221677835472,-267.10507871467235,8.342547186348903e-09,5.452257545570282e-09
1.1725e-06,-202.29383361025418,0.057059836134535746,-112.61703980861417,0.012601841594900725,-202.35200997569277,0.0627832816573668,-112.50547310023832,0.012040614317765881,-211.16271666287335,8.428580652674174e-09,5.268530792606167e-09
1.175e-06,-162.34371393908916,-0.046652374978467984,-110.57566039139355,0.012470232476624127,-161.99704739639006,-0.04753414092742937,-110.72542795871944,0.012475958543455559,-145.67628069887203,8.506612351363526e-09,5.088425984592311e-09
1.1775e-06,-110.26268164414195,-0.09475658512983343,-108.96887132805472,0.012612254135036334,-111.0984506182509,-0.10220085484407923,-108.90818155257999,0.012767571013184114,-73.60560859594813,8.578917034061928e-09,4.91639348726429e-09
1.18e-06,-52.442337836297746,-0.09851724241555625,-107.22220555801292,0.01301887912696522,-52.774632111471334,-0.09730710859764735,-107.07333665762893,0.012915429610739014,1.7918693934287113,8.646623044016587e-09,4.753020065981943e-09
1.1825000000000001e-06,9.18622217880171,-0.024856452904353912,-105.26266117101956,0.012762376818288046,9.090713535730055,-0.03315399152236678,-105.23988044984101,0.012920466184084916,77.10835896684762,8.708852235346516e-09,4.596806835178999e-09
1.185e-06,69.48201695866707,0.09193300537141752,-103.12885022666057,0.012751227647240305,70.24714820142175,0.0857744573027874,-103.42602768484439,0.012784885138755909,148.9397263138641,8.764790642524337e-09,4.446550356405373e-09
1.1875e-06,126.26672398356162,0.24850432237024378,-101.90549795536008,0.013010975564106778,126.52954746493151,0.25129713732069026,-101.64907227090609,0.012512452664435514,214.03935721200665,8.816436343346146e-09,4.303531187571063e-09
1.19e-06,174.50003209200696,0.4495821646416359,-100.12351048147885,0.012396066432301848,174.296779493913,0.4524071858922547,-99.92524847994082,0.012108710045263342,269.464896596101,8.865724470660601e-09,4.172777926308736e-09
1.1925e-06,211.0529251268827,0.6841547014232491,-98.06764940228557,0.011879039481321843,210.7924153597191,0.6763996601525628,-98.26960295121285,0.011581075973773223,312.71123630659446,8.91337649124605e-09,4.0629971226275484e-09
1.195e-06,234.93348844540878,0.9159487535387778,-96.65328760335737,0.010921641448332495,234.37610795099897,0.9100919862347391,-96.69587854260422,0.010938819912647883,341.82374027348504,8.959933492268933e-09,3.985212192856034e-09
1.1975e-06,245.00236053835175,1.134480053537864,-95.21767127404512,0.01027731015497523,244.5960923577506,1.1409665047069264,-95.2164109755108,0.010192908314681514,355.48658961538524,9.005749482014838e-09,3.950562401588218e-09
1.2e-06,242.54623141297418,1.3565329195354574,-94.01640500859135,0.009573391966353718,242.09982394351184,1.3580857460755904,-93.84203910256792,0.00979987972885684,353.0822546564571,9.051002483839414e-09,3.967930908776603e-09
