case_id,split,file_path,family,design__coil_topology,design__bias_topology,design__F_ICP,design__F_BIAS,design__VICP_AC,design__VBIAS_AC,design__VBIAS_DC,design__R_ICP_GEN,design__R_BIAS_GEN,design__L_COIL_MATCH,design__C_COIL_MATCH_OUT,design__C_COIL_MATCH_IN,design__L_BIAS_MATCH,design__C_BIAS_MATCH_OUT,design__C_BIAS_MATCH_IN,design__C_BLOCK_BIAS,design__COIL_FEED_LEN_M,design__BIAS_FEED_LEN_M,design__FEED_R_PER_M,design__FEED_L_PER_M,design__FEED_C_PER_M,design__R_STAB_COIL,design__R_STAB_BIAS,design__TSTEP,design__TSTOP,truth__gcoil0,truth__kgcoil,truth__lcoil0,truth__gbias0,truth__kgbias,truth__cbias0,truth__cbiasnl,truth__vscale,truth__kcoil,truth__kbias,truth__tau,truth__tau_h,truth__cx,truth__gcoil_mem,truth__bias_asym,cond__family,cond__pressure_proxy,cond__wall_condition,cond__density_bias,cond__coil_coupling_shift,cond__bias_nonlinearity_boost,cond__memory_boost,cond__preferred_coil_topology,cond__preferred_bias_topology,cond__noise_level_v,cond__noise_level_i,meta__f0_coil,meta__f0_bias,meta__detune_coil,meta__detune_bias,meta__q_coil,meta__q_bias,meta__phase_coil,meta__phase_bias,meta__effective_dc,metric__objective,metric__v_rmse,metric__i_peak,metric__avg_power,metric__selfbias,metric__v_bias_rms,metric__i_bias_rms,metric__v_coil_rms,metric__i_coil_rms,metric__p_abs_coil,metric__p_abs_bias,metric__v_bias_h1,metric__v_bias_h2,metric__v_bias_h3,metric__i_bias_h1,metric__i_bias_h2,metric__i_bias_h3,metric__v_coil_h1,metric__i_coil_h1,metric__density_proxy,metric__ion_flux_proxy,metric__ion_energy_proxy,metric__pressure_proxy,metric__wall_condition,metric__density_bias
icp_id_0000,train,icp_bias_identification/train/icp_id_0000.csv,nominal,PI,L,1.356e7,2.0e6,130.64168619604408,266.7193144174505,-162.0001489827634,50.0,50.0,6.761165098360689e-07,7.391067362739773e-11,3.3577547753783094e-11,3.397623871554786e-07,3.470286077259129e-10,1.1912922811340402e-09,3.4060399418502614e-08,0.5043673874828709,1.2936434443591311,0.08,3.1e-07,8e-11,1.0e5,1.0e6,2.5e-09,1.2e-06,0.0002816736032458334,0.00032840648903312525,6.968525645977099e-07,0.0011505458894668559,0.657813415545241,4.0295675559980973e-11,1.4149287293650561e-12,99.6831715197737,0.004439120318558866,0.006147328842349057,2.0090134629776574e-06,1.3851878307590265e-07,5.252048924280108e-12,0.0003587559647008539,0.16383480973524592,nominal,0.8940142934360459,1.025058753099182,0.9335565533788933,-0.1298283116818873,1.1998924132872142,1.0548570034237137,L,PI,0.007968728918066284,0.009708368693175758,19956336.637644913,10103807.295519428,0.5254871802469668,1.7008634661189368,0.282583673269354,0.18000000273890354,0.31423631850997535,1.1806020742309005,-174.78613950511212,183.45568720010462,183.30644332933056,2.9797613340731353,-3.3406490831232833,-173.38574197422741,232.96218737972293,0.08835352407241973,63.222439372881254,1.8469532523383536,-4.375363008064803,1.0347139249415194,174.37545082330803,75.11310751128089,53.3032044527712,0.08898836905149476,0.05693697679188179,0.06911980787549402,89.19660445576281,1.4611629208931278,9.799409026879535e-09,1.071112926933508e-08,188.4083634764836,0.8940142934360459,1.025058753099182,0.9335565533788933
icp_id_0001,train,icp_bias_identification/train/icp_id_0001.csv,nominal,L,PI,1.356e7,2.0e6,83.90408908583638,69.16706818584913,-107.45651753750602,50.0,50.0,5.420814601071389e-07,5.179802155688664e-11,2.1073715515329343e-10,1.5787316885443366e-07,1.825990803307703e-10,1.470136297696284e-10,6.425365535080962e-09,3.2727791954351106,1.2840780318206528,0.08,3.1e-07,8e-11,1.0e5,1.0e6,2.5e-09,1.2e-06,0.0003624149583579843,0.00018222381962282634,2.308119156554915e-06,0.001666849691194652,0.39508364451907235,1.9317740219454576e-11,3.2997245145691517e-12,118.27046966307678,0.0044388333781401595,0.0050638787665950495,6.056472875613413e-07,1.7623940032210348e-07,5.431328742120249e-12,0.0007953695248913924,0.13003609266996,nominal,1.0342709158715044,0.9789582377277873,1.0833804771830473,-0.1377100762481462,1.0165259720621675,0.9286353070278505,PI,PI,0.004163605330204386,0.010908470725516536,16090873.76410415,25213575.165150214,0.3192917082179615,2.6204754539957142,0.4270920177324974,0.18,0.3392493992916344,1.8118662812133888,-122.29449655300503,124.80366876482763,124.71215044850372,0.6296498442074179,0.23789363925868012,-126.1743077012297,132.23646265219014,0.012910041168140055,44.38996718255801,0.3880525042437103,-0.10569372865591745,0.34358736791459754,57.838338272133434,28.513959517097316,17.5912993345266,0.01242787951207998,0.009190254857649469,0.011414357500194183,62.78130924147293,0.30984909156763035,2.3165795251952896e-09,2.3786902043969164e-09,131.87709960464915,1.0342709158715044,0.9789582377277873,1.0833804771830473
icp_id_0002,train,icp_bias_identification/train/icp_id_0002.csv,nominal,PI,L,1.356e7,2.0e6,194.28387223915811,85.31097480662,-175.20068534516446,50.0,50.0,2.0924212605213996e-07,1.0976149236405971e-09,2.6909837726732985e-10,5.548087403285202e-08,1.6238542256560306e-09,3.1888451991335786e-10,6.001438369473745e-10,3.901983942506462,3.8790005179611144,0.08,3.1e-07,8e-11,1.0e5,1.0e6,2.5e-09,1.2e-06,0.0003088145633393035,0.0009570068485746009,1.5189590576542362e-06,0.0007183601078819094,0.237933006428722,2.9588079736203664e-11,1.525237295287789e-11,58.18116118704224,0.0009209168007760684,0.0036240846471561885,1.6898862315293724e-07,2.031847531468263e-07,2.092312030767144e-12,0.00044372530416152736,0.09696735946077427,nominal,0.9779143525116778,0.9914734850801887,0.9130105863135802,-0.0036609877104557408,1.107941618997927,1.1043086030262899,L,L,0.0025440748083836733,0.005253504481463101,9815995.510051068,15939049.219827686,-0.31944332698813294,2.077823852259034,0.41309083318623807,0.1800000000002979,0.019405367281849994,1.5753858755742929,-187.70527833531176,171.3672399179112,171.19762574006572,2.202314367551228,-3.2865871539847005,-190.41338569770608,196.2476338398591,0.022449022274128396,101.66366458603072,1.3734555926975593,-3.934644209613005,0.6480570556283042,62.58537403898745,33.015968555237585,18.840579473173,0.022566517112587562,0.01575532126155656,0.01867929061300107,143.3943787219911,1.0780189593967302,1.8697553538770643e-09,2.0298605956063103e-09,197.01657940875359,0.9779143525116778,0.9914734850801887,0.9130105863135802
icp_id_0003,train,icp_bias_identification/train/icp_id_0003.csv,nominal,PI,L,1.356e7,2.0e6,58.012306326541214,222.7882842195592,-139.0774067995427,50.0,50.0,4.783751146233222e-07,4.940554159232798e-11,2.3759780080628292e-11,8.535022399953506e-08,4.055687343767544e-11,6.679271057890365e-11,7.327203161801397e-09,3.892457316885608,1.5245186006421614,0.08,3.1e-07,8e-11,1.0e5,1.0e6,2.5e-09,1.2e-06,0.0026358871425260643,0.0015139080785415305,2.1602734570614222e-06,0.0007039129508903981,0.16362382999327688,1.1514145261329532e-11,1.1155422445325584e-11,50.083018924465485,0.0023693709691226077,0.020336085258369923,7.411344706147592e-08,2.4255277226313916e-07,3.626569670561152e-12,0.00039747927613081863,0.051364442920153915,nominal,0.9120790875265427,1.0579318296513534,0.994342116652244,0.05937096195172333,0.9165029429617935,1.0514666030946567,PI,L,0.005418155454028129,0.0073915705973024584,19850172.573797256,57081348.96155742,0.32341311862479993,3.316327474881666,0.42956098391329356,0.18,0.3725000810879204,2.3181077931170946,-152.69591642921185,241.54533729328378,241.39231711643473,0.4805326196438444,2.5959149748415773,-176.8438086661955,227.19439083926756,0.033250459474468835,30.74294521451767,0.2934184558567892,2.074078748943903,0.5218362258976741,207.7881563931353,87.60413906657291,68.59579522146916,0.03153298531126231,0.020743475265624135,0.03175209442605476,43.490171050879205,0.24780247177233103,4.8522080599279536e-09,5.164920125453507e-09,194.3646364795101,0.9120790875265427,1.0579318296513534,0.994342116652244
icp_id_0004,train,icp_bias_identification/train/icp_id_0004.csv,nominal,PI,PI,1.356e7,2.0e6,94.94900870440442,218.00124996077406,-14.870987397702738,50.0,50.0,7.15527780627396e-07,1.930885697793845e-09,6.877283317371109e-10,2.9569528784110825e-07,2.300707766479011e-11,1.6597646940721094e-10,4.3390108968004077e-08,1.8101415809120882,1.9121731885403943,0.08,3.1e-07,8e-11,1.0e5,1.0e6,2.5e-09,1.2e-06,0.0032309709955018265,0.0005160738106980411,4.380761459102822e-06,0.0008236130023763209,0.4571686708555707,3.486304240637413e-11,9.622775793990192e-13,52.228421694573534,0.00598365158242326,0.19057928264286042,5.227605874859738e-07,1.62512972705081e-07,2.075393888161415e-12,0.00015918430359622004,0.10111768183873322,nominal,1.184133264559847,1.083890544305201,1.045304871226192,0.08532803097695844,1.1398861015846995,1.1466894965748715,L,L,0.005684849904569719,0.00897731206319952,4035862.37340161,27774828.980050743,-1.2937865543508877,2.581053655328374,0.20000234579749077,0.18,-0.6210755258473839,1.8187218284587863,-29.187482914016666,156.153135958245,156.14144518999558,0.35020731759791074,5.29056743019558,-41.59784534892429,131.60994569568882,0.07684799036585131,43.15472240624665,0.21420561810141275,5.497530406645253,-0.2069629764496739,155.2655674404673,80.35861857476318,62.51032141404838,0.0727487094393899,0.057466296639190374,0.06787421057534453,60.31959628628137,0.23836620452452126,1.3405930527082792e-07,1.4686683864252072e-07,57.66956906387692,1.184133264559847,1.083890544305201,1.045304871226192
icp_id_0005,train,icp_bias_identification/train/icp_id_0005.csv,nominal,L,L,1.356e7,2.0e6,320.93047521832375,287.7679059290246,-108.01856107528054,50.0,50.0,1.2491740797359081e-07,1.9541425485460642e-10,4.5360103662014105e-10,1.0552895920842057e-07,6.546457304070175e-10,3.7342416597122106e-11,1.8448875164383635e-10,2.333487193265341,1.8538296444321154,0.08,3.1e-07,8e-11,1.0e5,1.0e6,2.5e-09,1.2e-06,0.00028989019455393205,0.000247719712221359,1.5588186367606297e-06,0.0014560430539029357,0.136825058030123,3.210844754101654e-11,9.436430822375726e-12,51.32898123511804,0.001217599379850416,0.022043042901642704,2.1090108719505879e-07,1.911236561505813e-07,1.5895330619103337e-12,0.0007711167469217638,0.03648383908042084,nominal,1.0745158331273579,0.9047799392381282,0.9867571368585453,0.02852969086520885,1.196968491886843,0.901123776501433,L,PI,0.0028183825879408053,0.01103809374538721,23156258.029335175,18479056.550057594,0.5070104889120868,2.206517876355869,0.2868668470283505,0.18000000000000627,0.3955301285649148,1.5583134247220305,-121.5331868216951,189.10299918889308,189.00459877990016,3.259337134622138,-6.93759801887095,-130.10297446598523,207.18386187249718,0.0949382661008724,155.81720319081342,2.007093714223247,-7.6386225246287225,0.7010245057577706,193.77088359723777,98.68237990411762,73.61118011307278,0.0907321387735997,0.06886157508344061,0.08206319322961944,219.95903193769368,1.6094655322987579,1.4276614853638033e-08,1.5925760717183067e-08,149.83945044680877,1.0745158331273579,0.9047799392381282,0.9867571368585453
icp_id_0006,train,icp_bias_identification/train/icp_id_0006.csv,nominal,PI,PI,1.356e7,2.0e6,149.77734631075955,267.11797494350185,-95.69669401022298,50.0,50.0,9.72551208453252e-07,5.655862369931234e-10,1.4504621348914075e-10,1.160942306809408e-07,2.629506656863165e-10,1.623538419796627e-10,2.3049620645637413e-10,3.470282182696062,1.9593885598055198,0.08,3.1e-07,8e-11,1.0e5,1.0e6,2.5e-09,1.2e-06,0.0005125014789636814,0.0015906160900466516,5.435278213800596e-07,0.0008332441856206955,0.25722679951989036,1.464009568574966e-11,4.066706408998934e-12,46.75970948378824,0.0009728645632431281,0.07063788856706309,1.658573648654689e-06,4.7220654991954277e-07,3.896124642618433e-12,0.0003419163228349068,0.08503460739758187,nominal,0.8209133782192698,1.0286971804456113,0.9646540742610659,0.1774222878507087,1.029513929917241,1.0041084152683566,PI,L,0.004185256153356584,0.011317264598264024,6195653.59879012,24937758.848070696,-0.9466038159040445,2.4220761537269895,0.20068685772184164,0.18,-0.34711798961242135,1.7162504096582833,-108.90859621130255,188.91134675334322,188.82348396628709,3.926346329109766,-7.208946455630369,-121.2204352830673,193.36369825899425,0.04043405348835311,68.253863400363,2.4376460283016046,-7.519676107582756,0.3107296519523866,185.80731019526857,96.04499144810838,72.00171925630069,0.03788127480389036,0.030020510370936757,0.0356426907639171,95.57145956131086,2.0267024193535286,1.2604980795488084e-07,1.4015874557256863e-07,140.429433572689,0.8209133782192698,1.0286971804456113,0.9646540742610659
icp_id_0007,train,icp_bias_identification/train/icp_id_0007.csv,nominal,PI,L,1.356e7,2.0e6,299.4749571194609,42.867200491157256,-61.33488892476868,50.0,50.0,1.6172740963963598e-07,2.9571874237040706e-11,1.5803449367688156e-09,1.0091584115584524e-06,3.13134338089721e-11,2.8558920898717916e-10,2.1542758312265344e-10,3.160343002343305,3.0464993500325286,0.08,3.1e-07,8e-11,1.0e5,1.0e6,2.5e-09,1.2e-06,0.002368356458428492,0.0004592765417197074,2.574863140839068e-06,0.004555247561310858,0.6009676852976744,2.8838256315557353e-11,4.823134277034927e-12,53.31299537580858,0.0051724630126110385,0.01264979309478423,2.1914559223316893e-06,7.769440189697657e-08,2.9833940290270502e-12,0.0005230076366493744,0.2007473417770931,nominal,1.1490615177443688,0.9267310103318445,1.0108318992026277,0.0690393164454126,1.1155801519628137,1.1481333641281937,L,L,0.006411570023585481,0.009024307690436039,16621947.270269077,11877576.888718622,0.1368392542472477,1.7409165334130716,0.6250249338319583,0.18000000081496684,0.23327873995315146,1.2900999889545663,-75.1792426057033,76.79621733258882,76.74691236441208,2.3550322599032314,62.42551691435738,-75.36334263903544,79.22554382996637,0.010346591314098838,176.90518161070645,1.4392086938044264,62.047815747516914,0.37770116684046384,23.841170107897987,13.292016142875834,8.254290218183685,0.010242330616351252,0.006240969371217202,0.0069242653561355635,250.48237451160844,1.210330189063103,1.2024539748019615e-08,1.5824766642999902e-08,78.0217458676106,1.1490615177443688,0.9267310103318445,1.0108318992026277
icp_id_0008,train,icp_bias_identification/train/icp_id_0008.csv,nominal,PI,L,1.356e7,2.0e6,210.3968232751264,42.04154604500413,-5.752001966185329,50.0,50.0,1.228335848411182e-07,2.0221068028601897e-10,4.135572723955351e-10,9.65597263798087e-08,1.2263375291222082e-10,7.55868979676101e-10,2.814985128872006e-10,0.7646625077010657,3.436703256412129,0.08,3.1e-07,8e-11,1.0e5,1.0e6,2.5e-09,1.2e-06,0.00039606564566451634,0.0025951269974079406,1.7741591074450894e-06,0.0008001774212614052,0.3487009790601744,3.042466907682962e-11,1.2968088256519122e-12,114.04990446466171,0.0007227398589472035,0.0207849929566864,9.35117200329851e-07,1.2602938502956996e-07,3.084937283402974e-12,0.0005143274746854757,0.05431253135342101,nominal,0.8237699861421908,1.0906146502248877,1.0738890145650697,0.1744560993825532,1.0928224078089472,1.0877504126523432,L,L,0.007622148262527589,0.004441091038544981,24570896.434262525,25047663.89392722,0.433633241981202,2.4280834241956764,0.35437770398307045,0.18,0.2767314084747144,1.7855824385923744,-20.459985909668525,85.24894192081739,85.21557022197742,1.9731067694197673,-1.6919519060147754,-22.711894281680696,32.93923045125369,0.01289618637464959,106.48925305857502,1.2240662873852393,-1.7174222938953387,0.02547038788056385,29.949747120195497,15.562478543504461,11.202360745177325,0.012659381676546563,0.009337902699237368,0.011218953584212968,150.3915572803908,0.9654273746141238,2.430960241131547e-09,2.559333087432785e-09,25.82438999038159,0.8237699861421908,1.0906146502248877,1.0738890145650697
icp_id_0009,train,icp_bias_identification/train/icp_id_0009.csv,nominal,L,PI,1.356e7,2.0e6,145.44365551546315,63.85320385676113,0.4066647006727453,50.0,50.0,1.3448955738737344e-07,2.4562468129937318e-11,2.498913977969502e-11,1.8184969065874381e-06,3.6079339275988675e-11,3.787372999169982e-11,2.9271598211709364e-08,0.3395903440571631,1.5319599491517715,0.08,3.1e-07,8e-11,1.0e5,1.0e6,2.5e-09,1.2e-06,0.0004086517788190202,0.00036080565173875824,4.895813152358652e-06,0.0010181868096784637,0.1413551527244621,1.2211853898920044e-11,3.082677829620475e-12,62.924132315054486,0.0033323775564818893,0.008057389229140894,3.4995500381951176e-07,7.057417985269085e-07,1.2085950545790272e-12,0.000735567984920955,0.13364891004546348,nominal,1.131319724964735,0.974929544448355,1.0108235871240518,-0.17134112717495495,1.1186555675864578,0.9542438557612473,PI,PI,0.006120446068741384,0.010136960557438362,69626514.33189473,13356483.073999012,1.8239678662317327,2.0073363983894317,0.20000000001331705,0.18000000000223293,1.0201618436303113,1.4008675893602665,-13.43757514854938,77.64013313075178,77.59703654976519,0.38154534728369677,0.979980875038427,-14.350254997301725,38.7353398725491,0.008720214098498765,66.69098842191835,0.2171405780798205,0.9686235009034762,0.011357374134950826,44.29806906785164,20.09463135547942,15.602403465631815,0.00849835852649637,0.006226751800626638,0.007196101167071063,93.97103019456117,0.22320516761730627,1.3089052898741264e-09,1.3607347893183632e-09,18.36918126839761,1.131319724964735,0.974929544448355,1.0108235871240518
icp_id_0010,train,icp_bias_identification/train/icp_id_0010.csv,nominal,PI,PI,1.356e7,2.0e6,391.8528567331733,149.13427197484893,-179.65664233935283,50.0,50.0,1.0504071508743852e-06,1.6056272619021386e-09,6.015265816599816e-10,7.473761023804935e-07,3.8382408383222133e-10,5.1909329313231034e-11,5.418893488558874e-10,3.254298771400762,2.920260281926121,0.08,3.1e-07,8e-11,1.0e5,1.0e6,2.5e-09,1.2e-06,0.0004806751176561912,0.001017659420416738,1.3158374925436548e-06,0.0021816400950652737,0.23899942639833893,2.5646407278485362e-11,2.0772051352169724e-12,77.90780522165717,0.001022181312858389,0.11562756956188025,1.6919424241488396e-06,8.455832400420744e-08,1.754273458313752e-12,0.0005505557538423977,0.04626333938812123,nominal,0.8155326505393385,0.9345351118425554,0.9632058819808157,-0.15769495280589213,0.9920376502252356,0.9152458647283725,PI,L,0.006907547945115102,0.0062453613500215175,3609258.6245151153,8604222.717782458,-1.1520088569070577,1.558503104999752,0.2000289442138818,0.18000004800927363,-0.47088993272884366,1.159908717037667,-192.84870950705405,167.55238393265324,167.3781693186639,4.119857048884284,-12.493528843704377,-191.84946992772305,210.6605355452118,0.032080443330225486,178.29403278456294,2.523145569337555,-13.463153342298432,0.9696244985940515,83.74321127664975,40.47621522566027,26.186744085911883,0.03526486877642092,0.019650817166469402,0.022328135835984003,249.41979463525107,2.1887443553064894,1.370167314406146e-07,1.578380657761126e-07,199.94471297285511,0.8155326505393385,0.9345351118425554,0.9632058819808157
icp_id_0011,train,icp_bias_identification/train/icp_id_0011.csv,nominal,PI,PI,1.356e7,2.0e6,72.15730686578036,66.55011575548701,-16.613683014788524,50.0,50.0,9.178797311198797e-08,5.886449749607797e-10,2.098424896166026e-11,3.134915104030512e-07,2.9978519988436385e-11,6.081612279906175e-10,4.13666557201555e-09,0.3137794967386016,0.5925386920476307,0.08,3.1e-07,8e-11,1.0e5,1.0e6,2.5e-09,1.2e-06,0.00130042721876374,0.001342022797495585,2.590873095958115e-06,0.0013974655452855898,0.46055549652925043,1.151906297091173e-11,1.7527641995223033e-12,110.02392155856266,0.0031280667266934516,0.011215557724834072,6.273060234990246e-07,5.5770367801047605e-08,3.3408134631779445e-12,3.9764614045479354e-05,0.12942780171603827,nominal,1.1898190517161205,1.0199022386784715,0.9538533098664362,-0.15377953872540984,1.1227827492572684,0.9862095120801537,L,PI,0.003048849021612061,0.005250682331265504,21424566.081974037,18980787.594951436,0.6243892896842342,2.3470859010423046,0.2362960168048668,0.18000000000000038,0.359103084163259,1.5962788005426798,-29.67765794671923,82.18823215693344,82.16616154465747,0.43097750883073505,1.1120392235194556,-31.907381784685832,49.149619075242676,0.008184032245026389,33.89393895129914,0.2666278521922464,1.0740590922140112,0.03798013130544427,44.997947649063896,23.092437697323426,17.67422971025279,0.007800650911371384,0.0058207432967604675,0.00717664706157612,47.78555187432637,0.2143627618806976,1.825146212100915e-09,1.9021332669353126e-09,36.52586932415052,1.1898190517161205,1.0199022386784715,0.9538533098664362
icp_id_0012,train,icp_bias_identification/train/icp_id_0012.csv,nominal,L,PI,1.356e7,2.0e6,138.58828873232014,57.88953768116255,-184.0069964608472,50.0,50.0,4.0257944339979054e-07,5.038696915208959e-10,2.4242956428577156e-10,6.231348173319681e-07,3.9342029708696966e-11,8.205874419437212e-10,2.390773563786764e-10,0.40850586874071826,1.873560883536618,0.08,3.1e-07,8e-11,1.0e5,1.0e6,2.5e-09,1.2e-06,0.0026982776732151883,0.001451932628959298,7.714231966568e-07,0.0007771980744947087,0.25798937307450354,1.5421096449923103e-11,3.4919443954778334e-12,62.513532095789124,0.0006603223959315221,0.007578562912459873,1.2154596772603013e-06,1.6932375867917864e-07,5.88521610739229e-12,0.0005095997533363557,0.14372826880873277,nominal,0.8873015198344208,1.053881729267642,0.9077853662784915,0.10079424928356567,0.9297237815738395,1.036373911536385,PI,PI,0.004041005059028016,0.006880069817918566,10372949.959831713,11218503.66276989,-0.36395479421151644,1.6656989650898708,0.4413078086762028,0.1800000048178325,-0.17974984337929814,1.187044490437461,-196.44002478141587,167.57062279969202,167.3928976171749,3.0829059431409225,7.10297510643272,-196.17442969050947,199.03004859526655,0.00691251498405163,73.59416370532405,1.9118902205173447,6.804917325080995,0.29805778135172517,33.2205834960931,19.341833102497382,11.119434786247549,0.007469696304541254,0.004166900293070313,0.0049377397899259415,103.64951024886726,1.5414241977623424,1.098897035677098e-08,1.2160456455644856e-08,200.04279631100894,0.8873015198344208,1.053881729267642,0.9077853662784915
icp_id_0013,train,icp_bias_identification/train/icp_id_0013.csv,nominal,L,L,1.356e7,2.0e6,215.52215300428898,118.76122598391822,-102.21518686770472,50.0,50.0,2.1809324851302546e-07,4.248577771373559e-11,3.0110012797843845e-11,5.4197925525769595e-08,5.793377111199006e-10,8.340631018230639e-10,2.6848024267216842e-09,1.24247563810125,1.209912581584228,0.08,3.1e-07,8e-11,1.0e5,1.0e6,2.5e-09,1.2e-06,0.0005644920325606772,0.0016847616441955683,5.340592373874608e-07,0.003184669358651343,0.09858040771847683,4.6080209070271625e-11,9.919234784753432e-12,47.509179027149855,0.0032146573664053584,0.005531910856140491,6.258443615378122e-07,2.2469723841505033e-07,2.0935309158722804e-12,0.0002437213052733345,0.06984634251395003,nominal,0.8659551704053551,0.9812628692532436,0.9859534802044435,-0.03235659552820353,1.095132752723338,1.0331833933951686,PI,PI,0.0029461680372552873,0.004986503688521802,38998012.62821511,23397108.91808257,1.089278047453759,2.479070166973496,0.20009129567694975,0.18,0.6612267080046299,1.716968467544303,-115.71880573258477,130.93419916794795,130.8453810467609,5.812192041227006,-10.127332047884169,-121.19265837516198,138.56979813762516,0.054024048780053034,98.92916971956821,3.471339223187378,-11.101352785316386,0.974020737432216,84.51045265133726,44.548056288492006,30.984391698576005,0.051430403913846456,0.03864301848878926,0.04799172011824665,139.50658029732952,2.994840605263785,8.092900851234758e-09,9.217802356273138e-09,130.10226963286038,0.8659551704053551,0.9812628692532436,0.9859534802044435
icp_id_0014,train,icp_bias_identification/train/icp_id_0014.csv,nominal,L,L,1.356e7,2.0e6,151.50720870839322,143.9828941901774,-199.67858475619778,50.0,50.0,6.13422465486667e-08,5.488058936706709e-10,1.6163489947558027e-09,1.0311223524603407e-06,2.2698511574304197e-11,1.9784786585141444e-09,1.2011984250938e-10,2.4297837502616497,1.780817082252779,0.08,3.1e-07,8e-11,1.0e5,1.0e6,2.5e-09,1.2e-06,0.000578145727347991,0.0003790050333277346,5.245446924459552e-07,0.0015755617039925924,0.220199415620428,4.946854429796857e-11,6.504896931903036e-12,91.81051421859898,0.002659833622479128,0.005503865629062303,1.0452107477895824e-06,6.920397108788794e-07,4.941089037117502e-12,1.3254126916121933e-05,0.17206755883432273,nominal,0.8156139533044937,1.058036268690419,1.0283983744468348,-0.043572772412990804,1.0813164091487393,1.0391173638591522,PI,PI,0.004499541712733947,0.005577813176843842,19532831.625398602,6138869.2111194255,0.40952301534148466,1.1479848616929718,0.35190422451506465,0.18003711370748668,0.3467268459508991,0.8103583873419724,-213.76304034636308,175.19885426016538,175.0053825856153,4.785209043710744,-6.258695112192926,-209.42246122817488,228.86345566775532,0.052099924738676605,76.60355198401632,2.9516610592180177,-7.29427081081882,1.0355756986258937,77.97555501330247,30.88335250471757,16.393608621798965,0.062365515063665077,0.03225777628570207,0.024441925572710913,108.23059343372744,2.3546783255714514,8.098100731098105e-09,9.0329932088338e-09,215.5991317291184,0.8156139533044937,1.058036268690419,1.0283983744468348
icp_id_0015,train,icp_bias_identification/train/icp_id_0015.csv,nominal,PI,L,1.356e7,2.0e6,305.43989955433295,29.53157321355425,-69.82144316068981,50.0,50.0,2.8841152099016815e-06,1.486184514061187e-09,3.412031269860672e-10,2.204216393435625e-07,1.6589099025661986e-09,2.2008260180231427e-10,9.149383426528676e-09,2.8927236115928525,2.93127139593677,0.08,3.1e-07,8e-11,1.0e5,1.0e6,2.5e-09,1.2e-06,0.0030450098930968365,0.0003302120494239887,7.12951139025894e-07,0.0015452085110537546,0.5806966142934514,1.484720434461061e-11,1.0059743786981907e-11,40.826832142082644,0.0021659780726749605,0.014869512779282456,1.5786693134145949e-06,1.3384101191800396e-07,5.854916253062125e-12,0.0007820341439950457,0.17182560817818407,nominal,0.8661554064587796,0.9891185972567268,0.9951289174290361,0.08050265077724542,1.0573918607126573,1.105425428482984,L,L,0.0036048985656826995,0.009018667715634593,2309649.934874914,8026923.836299489,-1.8474546630559816,1.3424828684439067,0.20000000000545176,0.18000439685612135,-0.8714638841011474,1.0066912643132504,-83.45067280818289,77.28105504650436,77.23374164112826,5.175856046383721,25.01886069641483,-82.91432983698364,84.82937099441507,0.004213459005075238,138.6840681761584,2.9865627308159355,24.86715321917755,0.15170747723728406,11.90510897452828,7.816132911185817,4.594604367943587,0.0043344514507682825,0.0023829662622083052,0.002137393923917171,193.74339320353317,3.1826673435612913,1.677154303372442e-08,2.0127116693909745e-08,84.4775564192208,0.8661554064587796,0.9891185972567268,0.9951289174290361
icp_id_0016,train,icp_bias_identification/train/icp_id_0016.csv,nominal,L,L,1.356e7,2.0e6,163.236002869932,178.6557276187962,10.291399334781978,50.0,50.0,1.005934720322641e-07,8.960392286752178e-10,3.25662964581802e-11,7.506097352410773e-07,1.949610099178013e-09,1.7150844948313977e-09,2.941700033763628e-09,2.2730817937909427,0.7585884396413745,0.08,3.1e-07,8e-11,1.0e5,1.0e6,2.5e-09,1.2e-06,0.00023287237915766917,0.001290943939894616,6.093417550992844e-07,0.0016295809348041486,0.12475369522523984,1.1684068269925638e-11,8.240573119737437e-12,40.228617082745,0.0040139150476894885,0.016931581500986607,7.545375110274755e-07,2.2800117252099948e-07,5.2390175830204525e-12,0.0001894382614000195,0.1589851094460213,nominal,1.020775533248587,1.0778580758937004,0.973822930703623,-0.12803970560455846,0.9325544863904344,1.09098730928485,L,L,0.0036002117278411687,0.010194009617526645,16269835.433299944,3689333.0550393295,0.31919991399494346,0.6922337060280955,0.47537446569809133,0.20973678126497133,0.28921404238676607,0.44458718174544576,-2.6754125227761634,68.65383483584489,68.5876466796366,4.797249709378101,-10.606039873522738,2.2654243863950274,124.20532397090979,0.025113024539100904,88.79714798180811,2.9587223438798915,-10.76294493817024,0.15690506464750092,172.56701800967832,47.23650398165209,10.66854110950758,0.030531195739307553,0.018354948658514243,0.004958721225911846,125.6169847117407,2.3552157794901447,2.186787917693974e-08,2.475839261968959e-08,11.712725182725446,1.020775533248587,1.0778580758937004,0.973822930703623
icp_id_0017,train,icp_bias_identification/train/icp_id_0017.csv,nominal,PI,L,1.356e7,2.0e6,66.94207939764544,49.78281637949257,-52.40620176347033,50.0,50.0,1.1193418433258306e-06,5.302759938257177e-10,3.285860479494811e-11,1.350672382327878e-07,1.4711060580506437e-10,3.1333340765499635e-10,3.0817338969755396e-10,3.0778190772388294,0.22696286151436587,0.08,3.1e-07,8e-11,1.0e5,1.0e6,2.5e-09,1.2e-06,0.0005417192435410725,0.0033409256511167315,1.226971286888204e-06,0.004178041013699169,0.21010781565082678,2.449290595119858e-11,1.242610247570993e-11,45.41479909868295,0.0009073272425610087,0.002904095638295878,7.415857456910958e-07,1.8232414638253595e-07,3.891689274796987e-12,0.0007207215616020186,0.15208905819764115,nominal,0.8901186693286666,1.0964033916208564,1.0946046521946513,-0.07066050667684391,0.917078288821703,0.9005362777912619,L,L,0.006469938996458319,0.010590172805514908,6132709.328566673,27630378.796171483,-0.7202064842535919,2.669089932981711,0.21061618293511125,0.18,-0.2422226124775341,1.792142723987344,-67.39790707992827,89.93974639671463,89.9156028908776,0.7971761098736997,0.002070453392206921,-70.07921177868712,75.61994975771022,0.01363198208075812,30.741534389935442,0.49911117432045427,-0.35380527044409155,0.35587572383629845,38.54644904284136,19.513482109436964,13.190658912846725,0.012550300250624527,0.009360960426435722,0.011611402283918664,43.09473621690308,0.4026714024561869,1.793582240788142e-09,1.8540206290195603e-09,73.98190820057452,0.8901186693286666,1.0964033916208564,1.0946046521946513
icp_id_0018,train,icp_bias_identification/train/icp_id_0018.csv,nominal,PI,PI,1.356e7,2.0e6,221.42392871488522,88.78052058759569,-78.19956501606147,50.0,50.0,1.2796326304185016e-06,1.1159575609089634e-10,3.527424862084449e-11,3.2676291208450707e-07,2.386822010834821e-11,6.575384595070465e-10,1.7671502734224545e-08,2.124478592495456,0.3456449945011516,0.08,3.1e-07,8e-11,1.0e5,1.0e6,2.5e-09,1.2e-06,0.002146948881974619,0.00042282494537459797,7.335780630113508e-07,0.001223981031650975,0.12229796899576788,1.0299817653883334e-11,1.3727499495991685e-12,93.06995355289192,0.0016425486518515124,0.005965022454320919,1.7123396205309404e-06,7.384632556018949e-08,5.208173050819551e-12,0.00030003048234503036,0.10004307920444681,nominal,0.8254838490730211,1.0123069696067202,0.9450378870625507,-0.06421766621707255,1.146597285539065,0.9947843249376493,PI,PI,0.002090342391926497,0.011108783114665038,10964110.337573335,18437231.36948013,-0.14612466157280785,2.260517423095226,0.7070825970962626,0.18000000000000302,0.025855365759728494,1.5240414149267116,-91.14280391727013,97.88803880878474,97.8315133257131,6.133007284703017,13.326000684244287,-93.4664186910751,105.93976385779476,0.008809642286270887,136.27519157472824,3.7811093200979933,13.158617999765255,0.16738268447903012,57.49201864316752,30.804400070103643,21.839965480580013,0.008370420751584574,0.0060828407139388065,0.00757559049311844,192.71117786964996,2.998000899871779,5.387402257046922e-09,6.1740663200598206e-09,99.62729870509584,0.8254838490730211,1.0123069696067202,0.9450378870625507
icp_id_0019,train,icp_bias_identification/train/icp_id_0019.csv,nominal,L,L,1.356e7,2.0e6,356.4825903321904,103.13525235190762,-20.03918859010558,50.0,50.0,6.556301983267775e-07,7.451525348253944e-11,1.8692602348493925e-09,1.3364628161852312e-07,2.406507400375854e-11,5.693822955642149e-10,2.987385880039924e-08,1.8914102528350074,1.4955413585387618,0.08,3.1e-07,8e-11,1.0e5,1.0e6,2.5e-09,1.2e-06,0.0018099652705115185,0.0006975444717919793,2.7589668056004387e-06,0.0014710544274732916,0.37769407579369435,2.09487171548686e-11,5.088325013395791e-12,94.9580880354439,0.006261486815362656,0.08348322739583931,1.2378478951707708e-07,4.4797244683599435e-08,1.7980972876742445e-12,7.858855819370927e-05,0.1592120265622834,nominal,1.0049029928229416,0.994595458457058,1.0288598201584214,-0.06352435497592043,0.9313286994444719,1.115857134435644,PI,L,0.0021560341993351567,0.004003344279823705,7576068.9157283995,29037059.07621579,-0.5164980662675008,2.714285708519999,0.27704477443495823,0.18,-0.1895034238053751,1.8924682782782636,-34.130452686995326,107.82118625889571,107.79763470436109,2.0326161462698438,41.29808283268664,-40.79985606995431,72.25538149735743,0.025061485966934516,171.10254886706306,1.2688396593021112,41.21359461301991,0.08448821966673185,75.57748405320964,38.424191709128415,29.74891021321153,0.02375300565155571,0.01802438806706045,0.022551803595758313,240.3304258505909,1.0487678149265633,6.426188466752781e-09,8.078068087053207e-09,48.48469441177999,1.0049029928229416,0.994595458457058,1.0288598201584214
icp_id_0020,train,icp_bias_identification/train/icp_id_0020.csv,nominal,L,PI,1.356e7,2.0e6,197.48738262796962,117.40388091875705,-155.62966680637976,50.0,50.0,1.3626330573503619e-06,3.239053681462417e-11,6.87886075561113e-11,1.446147323768303e-07,3.474436355003233e-10,8.255587790406113e-11,5.340887266320337e-09,3.2450322061310577,3.0686532786296024,0.08,3.1e-07,8e-11,1.0e5,1.0e6,2.5e-09,1.2e-06,0.0010649725061547377,0.0002876337329915834,2.3798055937656233e-06,0.0014917280410033974,0.4622638780675637,3.785293397036077e-11,3.939108520811906e-12,105.70557467259442,0.0020884715309313993,0.008369988145227904,3.7996042181116906e-07,1.455419154397107e-07,2.6360833916626404e-12,0.0007805710794713736,0.08744255512095785,nominal,0.9948742660031442,0.9725319536536816,1.0877156870664673,0.042037169761928804,0.9015144326226386,1.0028163542199504,L,PI,0.00794623041007327,0.005570434064567632,12555171.248830317,20099141.466075588,-0.11816926435633218,2.2826204515263093,0.6787922463598163,0.1800000000000019,0.09725851491057018,1.6642497250345791,-170.52702085644208,166.8583859365977,166.70489359354892,1.6695789767334683,10.066385397429666,-175.31021057577627,187.17663148376187,0.039800641207317446,119.86435020128434,1.0303160964417095,9.066176953511745,1.0002084439179202,84.11815638249543,43.82645403435839,28.089824792200357,0.039373263522373615,0.02778315905617345,0.03439616727836824,169.585894192298,0.8181250307287713,4.123254970148008e-09,4.646538371786039e-09,184.07550138264796,0.9948742660031442,0.9725319536536816,1.0877156870664673
icp_id_0021,train,icp_bias_identification/train/icp_id_0021.csv,nominal,PI,PI,1.356e7,2.0e6,133.9431773493927,65.87119574815021,-172.6228908247632,50.0,50.0,9.90395857135813e-07,7.624242471182974e-10,5.359895141731223e-10,1.2775946138837792e-07,1.653058524295132e-10,2.8709102594217103e-10,1.4225342963747064e-09,1.2985164991591875,0.6209587760249615,0.08,3.1e-07,8e-11,1.0e5,1.0e6,2.5e-09,1.2e-06,0.0008763915914066227,0.0025827990311316435,1.1737913320556293e-06,0.0007327834138062548,0.3351495207146329,3.113618859145288e-11,2.0877556506043034e-12,116.0487896107575,0.0016810040303215387,0.004970011582420835,3.771850726268529e-07,3.7834580510471214e-07,3.6914024130819446e-12,1.920072635953538e-05,0.12157780881736946,nominal,1.1465742236109226,1.0325299258097032,0.9089800417803178,-0.1621001793874686,0.9169669529381583,1.1307882405974643,L,PI,0.0021334609886984853,0.00847792334326407,5190854.068107149,27412151.537739046,-0.7833693070894288,2.7201600366801872,0.20628313011835503,0.18,-0.3659272939412265,1.8624415611349536,-185.07228147698643,174.3704139447499,174.20334578802672,1.6233268542537787,0.10313538536391043,-189.11651374693878,192.88338083297813,0.018520465023537203,61.2580063450482,1.006202026423069,-0.42478396640635957,0.5279193517702704,68.2902765780142,30.40908863729405,16.551898799857184,0.01784149788088121,0.013028633739020608,0.016849056406679306,85.77487794895744,0.8398407463837667,2.486453389632257e-09,2.5835310169024523e-09,195.19833147439758,1.1465742236109226,1.0325299258097032,0.9089800417803178
icp_id_0022,train,icp_bias_identification/train/icp_id_0022.csv,nominal,L,L,1.356e7,2.0e6,165.54487397085217,117.08495648053034,-100.97396698400888,50.0,50.0,3.200295703758247e-07,2.0241409525248417e-11,6.366994892301118e-10,7.488549958649387e-07,6.720707768938071e-10,5.557040311354344e-10,4.6427492932221134e-10,1.0635028470419652,1.9702841336563643,0.08,3.1e-07,8e-11,1.0e5,1.0e6,2.5e-09,1.2e-06,0.0003986690999855958,0.0017287653075022734,6.163120978723119e-07,0.0019873144632507,0.145852352295017,3.9697310194296616e-11,3.342826807800316e-12,117.8494613693856,0.002003681210180419,0.09756742469944361,6.199567445109618e-07,1.7206435049728317e-07,1.229920160213297e-12,2.6207613059514224e-05,0.14092176395468808,nominal,1.1975693790163862,0.9484920350514395,0.9934666494798735,-0.036854879218984726,1.1805369053259311,0.993791099099152,PI,PI,0.005241456035703076,0.009661503856043691,18449886.288860776,6206226.17426151,0.34548510673401794,1.1547669126906854,0.4490093139592337,0.18005352699952762,0.24319195105580815,0.827373713607908,-114.5798055459876,82.07362363642038,81.99726091499306,4.743819210996172,-8.98244002686026,-111.15280022216926,134.0566722958654,0.037660845220582044,88.65639654108779,2.9367472489149797,-9.414173309826143,0.43173328296588354,76.51017425257055,26.975694882230396,13.921808148821807,0.04399378907533561,0.025033558229642296,0.01879083910367181,125.33918682837297,2.321591792735835,3.4389172930482103e-08,3.87054526140499e-08,116.54793919861534,1.1975693790163862,0.9484920350514395,0.9934666494798735
icp_id_0023,train,icp_bias_identification/train/icp_id_0023.csv,nominal,L,L,1.356e7,2.0e6,50.21876318567327,244.11586782590447,-183.90687160420958,50.0,50.0,4.600257479735718e-07,2.7685165050999867e-11,5.262984741414369e-10,8.863754384074465e-07,6.88647875948331e-10,6.293119164767845e-10,8.025055842370274e-09,3.8428539034802074,0.5155811441799311,0.08,3.1e-07,8e-11,1.0e5,1.0e6,2.5e-09,1.2e-06,0.001919645820277141,0.0013241899901834198,1.98263041035543e-06,0.0011115432370463637,0.4746131970427037,1.3577329611122428e-11,6.420999962688821e-12,65.59461414387019,0.0038821899267826115,0.004007815163214364,1.625598224484859e-07,8.349336275441546e-08,1.1360090491239034e-12,0.00020644889234710224,0.13362585235521818,nominal,0.8234827186644209,0.9726555429110612,0.9840265843241913,0.14253736453178048,0.9265730969937251,0.9936737665083095,PI,L,0.0073258609161330705,0.004152358053345718,14485078.19701766,5673684.508477864,-0.06725680025991912,0.9606301882437956,0.6409526311716933,0.18156222484159493,0.15515145503105487,0.6194980622337182,-197.36442263719601,176.50559907119163,176.33922585580288,0.5037047041477171,1.6726398771129727,-188.20100095280148,249.8301964438617,0.031174648459018406,29.89761048834847,0.3105369644789205,1.2584049451669421,0.4142349319460308,179.92052173880242,53.290316151672826,20.78761927926766,0.03677998485693901,0.023122820222181487,0.01271657730124825,42.31077019568374,0.24976176691054822,1.937605624473903e-09,2.0378422877381885e-09,198.85906418313604,0.8234827186644209,0.9726555429110612,0.9840265843241913
icp_id_0024,train,icp_bias_identification/train/icp_id_0024.csv,nominal,PI,L,1.356e7,2.0e6,99.67257779243215,178.35192693601476,-171.50646667707414,50.0,50.0,7.196896523030269e-07,3.405903536999557e-11,6.607884929098263e-10,4.7427161564424723e-07,2.3277538867685463e-11,2.8926341008874942e-11,1.3419466067245563e-10,2.152681723664567,1.2811628026497455,0.08,3.1e-07,8e-11,1.0e5,1.0e6,2.5e-09,1.2e-06,0.0003718237221669783,0.00013683948458612273,7.612576317568117e-07,0.0010419299268475525,0.22193568427438554,3.167845539677316e-11,6.3109711684894645e-12,78.10133621446043,0.0025706912990233546,0.019670498974312164,8.198751464734836e-08,3.7526892096643844e-07,5.73833840770711e-12,0.0006590046740869351,0.13539900148500025,nominal,0.8855020413640092,0.9108315367731786,1.0647701908437144,0.14860110771635146,0.9065154964274309,1.0627907191583474,L,L,0.007237260832427731,0.011360454767877922,11305911.431127803,30456195.226380467,-0.32034333193685305,2.637734881447949,0.45274720141492336,0.18,-0.06855474638204084,1.8252909418785543,-186.08955921086965,207.0290813019432,206.85278961427366,2.294823359822024,-1.8054217261152232,-196.34364312508728,221.25222312146218,0.05216553393154009,53.34318867749291,1.426395380286284,-2.9673237315332335,1.1619020054180096,135.55142978003903,68.667742021411,47.72998637994375,0.04978021804337309,0.03706658205495589,0.04714604524036541,75.21569433801113,1.1314248379125218,3.950155927387098e-09,4.271232444537467e-09,210.0771915293695,0.8855020413640092,0.9108315367731786,1.0647701908437144
icp_id_0025,train,icp_bias_identification/train/icp_id_0025.csv,nominal,L,PI,1.356e7,2.0e6,261.7093081565306,61.38399926881454,-38.7827331139698,50.0,50.0,2.145539934094902e-07,2.8862865035555614e-10,1.1477668127276672e-10,1.8570876822484496e-06,1.063356420055919e-10,1.1110183076019053e-09,1.675875292233781e-09,2.57874246421389,3.9758770306072946,0.08,3.1e-07,8e-11,1.0e5,1.0e6,2.5e-09,1.2e-06,0.000586002342560702,0.0004769984342330396,3.0685122962411237e-06,0.0009266087289441466,0.17967842349085644,1.2216932232402735e-11,8.703096300066554e-12,55.656478165808174,0.0005642060316873748,0.04354915980650255,1.878045241045627e-06,1.3964497123034924e-07,9.985070675008968e-13,0.00025665307224974126,0.05811609477515081,nominal,1.120052551412055,0.9102436796705898,0.9326581861556057,0.1467244874883817,1.0356155775381208,1.1291214097303224,L,L,0.00209849634124122,0.005360516365738386,17751979.36671414,5125708.088852328,0.13246313422858247,0.8567484641913563,0.6983974852465522,0.1832332999747097,0.20179184703641487,0.7239051215718656,-51.51782041632869,45.87963575515421,45.87694411934374,1.728618221829603,6.739464898539995,-49.52826729366699,63.769010910827,0.009399282000344466,160.60320984089526,1.0645516396664878,6.676715711629212,0.06274918691078514,43.27725223117516,13.636181521100589,5.4632640370632215,0.011118036740334746,0.007001349862668262,0.0035418018863177534,227.4441565891573,0.8458821067326027,2.020501292847557e-08,2.2303140214974563e-08,52.25550359788711,1.120052551412055,0.9102436796705898,0.9326581861556057
icp_id_0026,train,icp_bias_identification/train/icp_id_0026.csv,nominal,L,PI,1.356e7,2.0e6,65.1636854109264,203.72681200668828,-41.17981964509154,50.0,50.0,2.4369715258317644e-06,1.6556328647378764e-10,5.0409917081005986e-11,6.1724837614132e-07,1.581092455279133e-10,4.91272495629293e-10,3.6625402905146513e-10,0.487821285075101,2.6628682590458137,0.08,3.1e-07,8e-11,1.0e5,1.0e6,2.5e-09,1.2e-06,0.000245213863841616,0.0011173554618506421,6.598242712368427e-07,0.0029658746387444617,0.0939339910721967,4.1251353656142505e-11,2.167765064303565e-12,114.74380366559497,0.003618527725607418,0.049910739830840954,7.983166907319331e-08,2.64849166358499e-07,1.3710455479794298e-12,0.00014732096677679856,0.11472094155097186,nominal,1.028811729192412,0.9926058449774511,0.9978750536155347,0.16760044314825745,1.110659703666649,0.9453866312556471,PI,PI,0.003941043827377823,0.005072712608142532,7387759.579082956,10695354.693135405,-0.7622505023243062,1.580842943048223,0.20867434722259914,0.18000003028234862,-0.3948467120246134,1.1599034687968037,-54.84671599261951,95.75214086637618,95.7475251580304,1.4009975463871007,-1.2325691606845293,-53.46823145399466,130.55588625835313,0.07625003528983251,29.84224799856012,0.8652456691561417,-1.3605758358062083,0.12800667512167926,147.82914770176686,56.66135209079846,40.43868056836621,0.07879773499884986,0.051998358947770905,0.05649606627760825,41.77893077109938,0.731619154354857,4.054686149904513e-09,4.25256696526414e-09,64.80050187215436,1.028811729192412,0.9926058449774511,0.9978750536155347
icp_id_0027,train,icp_bias_identification/train/icp_id_0027.csv,nominal,PI,PI,1.356e7,2.0e6,258.74235788145165,73.85689626369637,-124.36997039786154,50.0,50.0,8.544103655216118e-07,7.342414482200523e-10,4.731236760356699e-11,4.4526297246720817e-07,6.392674359123872e-10,2.9004357465961432e-11,1.3292693319666817e-09,1.8397026266252994,1.4632174075384332,0.08,3.1e-07,8e-11,1.0e5,1.0e6,2.5e-09,1.2e-06,0.0018199772288118418,0.00022534164529373164,7.083659131136029e-07,0.0007110092688308321,0.12266399903207705,2.4105583642630858e-11,4.193750161366401e-12,76.55407061045557,0.003186725969502302,0.017630534882115693,2.2873839842285876e-07,1.6291016333470393e-07,4.222705033692079e-12,0.0003309020086928777,0.033215541183935916,nominal,0.8244729257935421,1.017849396544112,1.0627575135305043,0.173413743572469,1.0197555059427719,0.9592504731625304,L,L,0.006291979489901849,0.008653684142966463,6144529.785043506,9165217.078350533,-0.9514792923974089,1.4232847379153424,0.20068839625168963,0.18000098671489448,-0.43132847948731,0.9844395858352208,-138.92548388060038,109.73835490840779,109.63236867506227,5.101491353517106,2.4243206721927204,-137.46070638553365,144.70934518206417,0.015675090000064843,117.81996634167483,3.1400157350866102,2.148756965783992,0.2755637064087275,34.58621694738001,17.812363252369966,10.804499397208632,0.017830317998309232,0.009505413295020276,0.009597668499980222,164.86920852307114,2.679750794443882,7.466560222304474e-09,7.931584467044065e-09,141.02317903600766,0.8244729257935421,1.017849396544112,1.0627575135305043
icp_id_0028,train,icp_bias_identification/train/icp_id_0028.csv,nominal,L,PI,1.356e7,2.0e6,397.34669857752095,241.90970329223396,-151.61284439588135,50.0,50.0,7.167875028293043e-07,5.562781560339347e-11,1.0266933456838093e-09,2.1906608133658023e-06,8.717748879840431e-10,2.8016138304052675e-10,1.469036490707542e-09,1.0532589079421735,0.5017469294211337,0.08,3.1e-07,8e-11,1.0e5,1.0e6,2.5e-09,1.2e-06,0.0006552449589448001,0.000140528986428281,2.067492798272038e-06,0.003495749191574525,0.3387391277575266,2.5275141534236058e-11,9.70177635226372e-13,88.53029376804287,0.003761939925915993,0.010747225052085526,9.97472026313647e-07,6.472622245011825e-08,5.779386677220547e-12,1.8982788762169812e-05,0.14922289832735558,nominal,0.9534105948354172,0.9495992672056179,0.954007619807404,-0.17399430735508895,1.047870516037598,0.9610594632423826,L,L,0.0060906493521369846,0.0057189036504055775,9584363.201868387,3459998.152241579,-0.15583773150513067,0.6583784549985626,0.7523059884037135,0.20867250190009623,-0.03304780693071319,0.4096316553854582,-164.32880430503064,150.5987040479851,150.4668552794211,3.980260976476377,9.194683571159315,-157.3762898617392,231.27871172237076,0.05158725803598993,250.06736366896664,2.448397494195098,8.467791214038684,0.7268923571206328,194.79608419927834,55.17089825365512,11.334955946518946,0.06417965441062248,0.038000429880378446,0.009739084126203607,353.51261900275176,1.9521142980477308,1.2653353755887048e-08,1.4188091009994577e-08,168.41046951247023,0.9534105948354172,0.9495992672056179,0.954007619807404
icp_id_0029,train,icp_bias_identification/train/icp_id_0029.csv,nominal,L,PI,1.356e7,2.0e6,234.10671709121226,169.59891131237092,-87.36078759676374,50.0,50.0,2.958836109962168e-07,7.7557348875507e-10,4.4779611684912256e-10,1.917748135896318e-06,5.490103700535206e-10,5.970342338374912e-10,1.486919977873408e-10,2.074363933475808,3.8589516161348487,0.08,3.1e-07,8e-11,1.0e5,1.0e6,2.5e-09,1.2e-06,0.000775957092241129,0.0007391314455922069,3.900671829335798e-06,0.0007210233221148479,0.4972601251451149,5.4531780236298034e-11,6.283668474773626e-12,94.5906247641034,0.000831421178322193,0.08923745369946273,1.4008959313350683e-07,1.941909602186703e-07,3.6084343401836097e-12,0.00041494436707808043,0.12911340714510797,nominal,0.9108611801463132,1.0678082995040759,0.9995668397589969,0.11130166121607799,0.9060296643794243,1.092540048007256,PI,L,0.0028201860780128945,0.006373089844495438,9485892.392097522,4049911.9922763943,-0.4628505950347993,0.6409022701924971,0.31157507977463683,0.1908110789982341,-0.15084963059534923,0.5616138227607705,-100.91253316442425,72.84250253067003,72.78628522292438,0.9563064239811914,6.824665690673398,-95.09377471083992,149.35690493220804,0.08164060132515677,114.91218038755358,0.5978459825866396,6.527781577391651,0.2968841132817463,135.58604704820937,38.41510273439209,10.071370249923598,0.10073148637279798,0.06015021906007942,0.0206223150414517,161.56982316281602,0.47924653869301065,1.4893492003864524e-08,1.644980598519429e-08,102.77679525771835,0.9108611801463132,1.0678082995040759,0.9995668397589969
icp_id_0030,train,icp_bias_identification/train/icp_id_0030.csv,nominal,L,L,1.356e7,2.0e6,299.5003309095326,262.2809240233235,-98.7878383370872,50.0,50.0,2.9686611786343884e-07,1.3440281433947434e-09,2.042048666359699e-11,2.653355289952002e-07,1.919391850132794e-09,1.1671624208116703e-09,1.8445957597715376e-09,1.2558580034547318,1.4530475577451853,0.08,3.1e-07,8e-11,1.0e5,1.0e6,2.5e-09,1.2e-06,0.000390986628300113,0.0011325621040397546,2.003542955857009e-06,0.0008797903029489757,0.4516460306666592,2.11302998288229e-11,9.031812251480284e-12,104.3158690393935,0.000914659424799367,0.010159450797436435,2.0794472847731635e-07,8.407536439487215e-08,5.850338424754354e-12,0.000172244365993188,0.16852044259851867,nominal,0.978283546586432,1.0532282963944344,1.0913207847762363,0.16691537557338962,0.9773988709039144,1.1331684342798527,L,PI,0.0027105866995269534,0.008482782393225778,7876723.517080567,6444520.102585142,-0.6975760986056762,1.0746371626305686,0.21771237943531566,0.1802867829562446,-0.3208739540603853,0.7375927289465584,-113.7305617612114,127.30956951586099,127.24255484932719,2.164162615979573,-3.1959084834670968,-104.93837019316722,201.4055241104238,0.05847565788469347,138.0861506696079,1.3458961414168193,-3.476810977138093,0.28090249367099535,210.7361211737747,62.858288543198576,29.472376075845393,0.06666485066789724,0.04513461544968873,0.027102846618655214,193.47697136494637,1.109110512835725,3.185503400316035e-09,3.432505073526053e-09,117.51002790180694,0.978283546586432,1.0532282963944344,1.0913207847762363
icp_id_0031,train,icp_bias_identification/train/icp_id_0031.csv,nominal,L,L,1.356e7,2.0e6,107.64855526555041,74.89532903188716,-73.24742449709665,50.0,50.0,9.106744753546805e-07,1.0496510255428866e-09,2.7599557841227343e-10,7.350641265110855e-07,2.433232436935141e-10,2.0851324213375165e-10,1.4874177364787386e-10,2.655416656671702,0.46049302564515293,0.08,3.1e-07,8e-11,1.0e5,1.0e6,2.5e-09,1.2e-06,0.00027742725776303093,0.0002772441761802296,1.6604806247928038e-06,0.0008018075277834924,0.4338675281121223,3.97752399544857e-11,4.382066843992389e-12,100.95227020708673,0.0012157249269685055,0.01708597778092556,3.076935474721514e-07,4.5528002464354436e-07,1.2673269995658002e-12,0.0007095133450234411,0.14099105732742595,nominal,0.9574233594270013,0.9685011869393386,1.0645491233986322,0.06344676522744727,0.9956350916181856,1.0078499062651276,PI,L,0.004938698901485812,0.009733429725857444,4843698.930761513,10457845.51126057,-1.0909609099766446,1.616843932631303,0.2000771438180679,0.18000001284261374,-0.46725766765356946,1.0696514742522791,-87.82748911616792,72.96740953160293,72.92296678302351,0.8979837199672495,-0.8300002977117453,-86.78322455575184,97.6910944918468,0.024687250275759673,48.983413819856224,0.550227815286924,-1.0522381668367475,0.2222378691250021,43.366921856085675,19.11571789052866,12.98302262864567,0.02653404737356913,0.015460895631462206,0.01760234698270685,68.5258249679162,0.4769230396988496,3.5702758977834713e-09,3.7314991236229175e-09,90.60636813385757,0.9574233594270013,0.9685011869393386,1.0645491233986322
icp_id_0032,train,icp_bias_identification/train/icp_id_0032.csv,nominal,PI,L,1.356e7,2.0e6,349.52848543701555,299.3917543741339,-54.38077417859746,50.0,50.0,1.8160195510029542e-06,2.639771140260478e-10,6.251384077665472e-10,2.6843742825563833e-07,1.9795266655082814e-09,1.1521849969393765e-10,1.7350191197128227e-10,3.6363059857236912,0.3632050713429619,0.08,3.1e-07,8e-11,1.0e5,1.0e6,2.5e-09,1.2e-06,0.0019298260684421427,0.0023323787365259513,2.536379387290527e-06,0.0019000697400509874,0.16765145175741594,1.760230081855315e-11,1.6548690539991065e-11,108.97566920185457,0.005466247241529545,0.06470420197241551,4.5819351520639265e-07,1.6360351458487522e-07,3.6307558753418896e-12,0.0007015280172900138,0.10954505069157341,nominal,1.1933694870741618,1.0210513508348202,1.0212474522679609,-0.0831659809335315,0.9177419601904068,1.1260985824524095,PI,PI,0.007866646802981919,0.007449087849677052,5158136.423502666,6832460.960969701,-0.8797200990895471,1.2797253482386968,0.20166738359932046,0.18000625370937073,-0.3020307552130664,0.832268201152799,-68.3676975365745,135.14167997870962,135.11862761357386,2.016634435571993,37.79402568626159,-59.66096613646033,200.43672428482918,0.06994481823178553,159.45512336047418,1.2567225016644048,37.615849220593994,0.17817646566760034,247.3533033237158,74.32710747749199,43.20617832348774,0.07992396137989963,0.05164996223709241,0.030705743736169043,223.36393034412822,1.0594406406154384,3.418191700128863e-08,4.25875027629557e-08,74.52638763195873,1.1933694870741618,1.0210513508348202,1.0212474522679609
icp_id_0033,train,icp_bias_identification/train/icp_id_0033.csv,nominal,L,PI,1.356e7,2.0e6,74.15678219345361,93.52126252608315,-88.82931779143937,50.0,50.0,1.1791768248616119e-07,7.572857530909065e-11,2.1199804270984172e-10,1.4604401276918387e-06,1.409963783786351e-09,6.402716069463285e-10,1.2081466672234749e-09,1.3438216164549999,1.5375514599503681,0.08,3.1e-07,8e-11,1.0e5,1.0e6,2.5e-09,1.2e-06,0.0029662812893092244,0.0004079748524593421,9.433232758361278e-07,0.0010752189421806867,0.391758913064515,3.489835299466171e-11,7.789975554861615e-12,93.64227974172633,0.0016199973542736514,0.011167794746676996,3.31016437531211e-07,2.1620641297700212e-07,4.218590545698797e-12,9.001164247398111e-05,0.11243194424362664,nominal,1.0091360885175917,1.015090124934121,1.0781244395646428,-0.0824336886489785,0.9963910240950279,1.13875604216139,PI,L,0.0036957103032609975,0.008202636710081765,35950867.87171675,3259209.292193352,1.061059370153357,0.5390626960994932,0.20014156840427053,0.24058646438059136,0.6507737344070965,0.3679715051019922,-102.75921734188596,62.62702055462141,62.56436613373958,1.1382189894298829,2.454233964374146,-101.5415479609549,120.855590980907,0.03042553765381242,34.04036524239223,0.6817830567413538,2.3222346725608505,0.13199929181329595,65.15912910124898,18.452932654529217,4.864516221142723,0.03810251508418249,0.02248529878877703,0.003978760298262179,48.00208699069114,0.5899846618669063,3.249946530379106e-09,3.4536011135970358e-09,105.23213449186075,1.0091360885175917,1.015090124934121,1.0781244395646428
icp_id_0034,train,icp_bias_identification/train/icp_id_0034.csv,nominal,L,PI,1.356e7,2.0e6,368.50646493028745,264.58633503336165,-118.43989946292271,50.0,50.0,5.675806297366416e-07,1.0091110687542586e-09,1.2812490066749507e-09,2.5850746666315726e-06,3.920843756805428e-10,2.744663353876067e-10,3.501850447204246e-08,3.7591307586728226,2.5677544569530757,0.08,3.1e-07,8e-11,1.0e5,1.0e6,2.5e-09,1.2e-06,0.0010437586087974477,0.0002760614843420991,1.582330596038177e-06,0.0025883491460667366,0.3728468000772326,3.079202530683706e-11,6.440344792098283e-12,70.39522600961298,0.0074318032821709245,0.014448164369010856,3.488130612328517e-07,6.192932709389648e-07,2.6837504978964692e-12,0.00043346015188388593,0.18753434532873234,nominal,0.9223286602775277,1.0520107107267278,1.012757079522808,0.08887322146175838,1.0948351890979025,1.0888915024198431,L,L,0.007513049996200326,0.0064331508081937275,5512447.618172603,4316997.69576734,-0.9852589639400549,0.7174621878483187,0.20038409955127243,0.18934146211762745,-0.3539358922333891,0.5495906879796522,-132.18952433584025,137.69864705285693,137.6082971550883,3.3091433248186837,9.451750261245166,-122.76318674229114,218.80283608711915,0.07529814197279126,167.88415434606216,2.0540453205339313,8.793711644594636,0.6580386166505287,219.55103409611965,63.38766293881421,16.93845934915867,0.09000575629400791,0.060104789519701406,0.0237069140005273,235.06253394269717,1.7072073936890104,1.289103235971339e-08,1.4476304432719694e-08,135.44071933005398,0.9223286602775277,1.0520107107267278,1.012757079522808
icp_id_0035,train,icp_bias_identification/train/icp_id_0035.csv,nominal,PI,PI,1.356e7,2.0e6,394.20592918436824,265.4248242990798,-126.62918513686591,50.0,50.0,2.8979831871903115e-06,1.358002119385088e-10,2.89618050755178e-10,2.1564787700258899e-07,1.360767475615694e-09,6.223832538685375e-11,1.1902222032680733e-09,3.7197720612585092,2.122739786963731,0.08,3.1e-07,8e-11,1.0e5,1.0e6,2.5e-09,1.2e-06,0.0023429390145461703,0.0014310712316029637,2.6340421902955315e-06,0.0035056955018902816,0.2911620924528942,1.7096717232027657e-11,1.0379387364376387e-11,41.290277164833235,0.0018811528526126767,0.004556638834247164,2.0199859419506025e-06,5.807216138538199e-08,4.255755005857391e-12,0.00043770517350537834,0.03273283696767923,nominal,1.1190867022779314,1.0906128804029072,0.9738530942384429,0.03488029578201569,1.0641214189638157,1.1066571381942805,L,PI,0.005165471782527436,0.005425512549162692,5424187.734424561,9088955.196998814,-0.950541884448564,1.4932005897709706,0.20057798350033257,0.18000026996994511,-0.33680943338378483,1.0734691546487904,-139.967073750294,153.4572211995099,153.33471377404476,2.205719583259953,62.36390881202242,-136.38825803878905,209.15930717155783,0.04660615225319582,179.6448019294305,1.3699382718721758,61.48732369773956,0.8765851142828665,184.7167094861474,69.56524420660315,47.209441612370384,0.04903485291129197,0.031914186215101496,0.032376275329387076,251.5654129809559,1.1922349813930728,1.1419804525593444e-08,1.5027129971978957e-08,150.30130688010968,1.1190867022779314,1.0906128804029072,0.9738530942384429
icp_id_0036,train,icp_bias_identification/train/icp_id_0036.csv,nominal,L,PI,1.356e7,2.0e6,134.22779762759495,223.0295394742298,-52.944431375033815,50.0,50.0,4.69324703839831e-07,2.122506225251585e-10,8.74440284263462e-10,6.600389152957202e-07,1.5548873630835345e-09,3.441773674567559e-11,5.155855787661389e-10,2.5320132249575487,3.6528225022184175,0.08,3.1e-07,8e-11,1.0e5,1.0e6,2.5e-09,1.2e-06,0.0014861648864309504,0.0006564879235714333,1.3838856013782758e-06,0.0011409627207003815,0.4957035165685089,3.328424768951456e-11,1.8472002056075344e-11,58.86672824646923,0.00064571250733344,0.08709360642147186,7.21334144731168e-07,5.299762884205081e-08,9.992412144939754e-13,0.0003243666909635124,0.07932701703892793,nominal,0.803783411703075,0.9403229352677042,0.9792756642741883,0.11797906701416405,0.9918300848655831,1.0702879172704611,L,L,0.002895971367426639,0.006102946158982828,10137049.512137247,4839970.740689034,-0.40244995278177637,0.8153671915961568,0.3720662206757788,0.1833969318867389,-0.09474681278209957,0.6750561060862955,-66.31401125399063,86.20742203481699,86.19589357090778,1.6119574744765506,3.488938009752702,-58.654220881500436,159.328672946991,0.08089044340887015,68.44477316962902,1.006550875509437,3.297838363791304,0.1910996459613974,189.9179653862441,54.772847143327816,19.805754392321695,0.09738392484735475,0.06028571223607888,0.02239434084950744,96.38208605680217,0.7973874421611703,7.944310137069958e-08,8.537867652356118e-08,69.608790310166,0.803783411703075,0.9403229352677042,0.9792756642741883
icp_id_0037,train,icp_bias_identification/train/icp_id_0037.csv,nominal,PI,L,1.356e7,2.0e6,379.44416340322095,291.31944865754133,-25.590119007544885,50.0,50.0,1.1734091941826505e-06,5.1141652353872985e-11,3.2637349702380794e-10,9.714853721963073e-07,3.3642967100301414e-11,1.0473662973881601e-10,1.7425476302455893e-08,2.5763542762380816,3.647580012413712,0.08,3.1e-07,8e-11,1.0e5,1.0e6,2.5e-09,1.2e-06,0.00022461858950836538,0.0016040930703007958,4.434420869495355e-06,0.0008080475532947597,0.10681080355750766,1.7114024387387143e-11,1.2054504417405298e-12,99.22461112746176,0.0013601082838005467,0.009400004227954891,1.6477301092484991e-06,5.772572733603484e-07,5.661377637334453e-12,0.00048070572190526175,0.10722931440517153,nominal,1.0571608603999145,1.0162724552608644,1.0851732783721806,0.15534552935343232,1.1917060988098396,1.115227584985418,L,PI,0.007693115638324406,0.010214101657450767,10374106.993316142,13744785.880101956,-0.4122107518811625,1.8383964941114253,0.34726848365438223,0.1800000001262731,-0.09789819972273534,1.3824426842289086,-40.45265222637631,152.70990195615536,152.70253692686288,1.3980912039129745,-0.9640865890277068,-44.173401797036895,169.85115486813584,0.047551847249751526,190.55428088528075,0.8738786660533013,-0.7084645069598839,-0.25562208206782266,205.63192541328533,90.96410283443228,67.93258403018568,0.046813948343990316,0.03422679615931264,0.03840309618539838,268.22127027336404,0.690705940123136,7.777404118739352e-09,8.082862944642474e-09,62.366222363923356,1.0571608603999145,1.0162724552608644,1.0851732783721806
icp_id_0038,train,icp_bias_identification/train/icp_id_0038.csv,nominal,L,PI,1.356e7,2.0e6,245.7512462281523,159.1976728247599,16.293308397299636,50.0,50.0,1.0915958027753686e-07,7.378333142594195e-10,1.8217311283014778e-09,4.614299001928251e-07,8.848503793675628e-11,9.463842111588265e-11,3.2941247736761236e-09,3.09894880539177,0.827308059713174,0.08,3.1e-07,8e-11,1.0e5,1.0e6,2.5e-09,1.2e-06,0.0008316480830833873,0.003148244055516983,9.875968208239424e-07,0.0016670280971582505,0.33801705388181497,2.7708651835715676e-11,4.7218040596835605e-12,55.84912892780183,0.0015157904516174853,0.014044523002984656,1.0357644034349358e-06,6.56474644768439e-07,5.9874776441039524e-12,0.0007810413267790499,0.08080830832791348,nominal,1.1989606564553796,0.940175946038846,0.944625057359026,-0.00686953609948484,0.9584105273335893,1.0001030799873225,PI,L,0.002532879366052171,0.008547151529956262,13128441.66524197,20283942.055205762,-0.025450046313680235,2.3208126000613674,0.6888202926492056,0.18000000000000071,0.14094991479706437,1.5903642184398938,3.355723611710424,117.2798640685518,117.22040548149162,5.022439946674712,-4.728287152714907,-1.884371235361237,89.14814999148109,0.046733749533810424,149.99177737633292,3.096177232830896,-4.533425726780465,-0.19486142593444228,112.00202374954796,53.50294782475594,43.88630865096446,0.045348608356932364,0.03327184832594921,0.040434236919884216,212.30117774025626,2.449967033208192,1.0131583027288426e-08,1.1012812920677731e-08,12.584960800312427,1.1989606564553796,0.940175946038846,0.944625057359026
icp_id_0039,train,icp_bias_identification/train/icp_id_0039.csv,nominal,PI,L,1.356e7,2.0e6,275.8802311891296,125.6839837512763,-186.84423336153532,50.0,50.0,8.839117396024133e-07,1.8170585896812158e-10,1.471229817475145e-10,7.337305757817592e-07,8.550352026778956e-10,1.0057174066621363e-09,7.862923509072396e-09,3.3345926266927863,3.714999351630882,0.08,3.1e-07,8e-11,1.0e5,1.0e6,2.5e-09,1.2e-06,0.0002933171671208342,0.00014622625879715648,3.159672026572913e-06,0.004371012980383126,0.48828076300006235,3.159207256264406e-11,1.2192848433726174e-12,62.229973827596346,0.0007293904618007798,0.05550195564543994,7.137268214671546e-08,4.9537495447118475e-08,5.274857984995296e-12,0.0007985471001968106,0.09850775407749374,nominal,0.9101709186781618,1.0868805039504292,1.0517356105153626,-0.11903545876587301,0.9431838541628983,0.9876232359026516,PI,L,0.006956709835940736,0.00842658572778488,9897535.223694269,5295584.522363423,-0.18810062150146958,1.0478262985537092,0.6050030299603592,0.180386182496169,0.06327428950883106,0.8350895277279115,-201.24360541104647,162.69598979777462,162.51857370756596,1.6829086660078574,0.35064756392267604,-197.6749345162761,213.1280929378156,0.031068227540286486,160.993478061507,1.0410995880447451,-0.9332553266353878,1.283902890558065,64.3731986061216,26.558084782590313,13.984568299470862,0.03736453391156312,0.01870150266819777,0.013320624463575627,227.6015120655243,0.8211749334433575,1.1991297707091216e-08,1.2705505393052968e-08,202.98655147279416,0.9101709186781618,1.0868805039504292,1.0517356105153626
icp_id_0040,train,icp_bias_identification/train/icp_id_0040.csv,nominal,L,PI,1.356e7,2.0e6,135.6644909006372,238.36951811507208,-23.82077769580512,50.0,50.0,3.4606499991334397e-07,3.270870947541123e-10,7.696031704844327e-11,2.812861662491018e-07,2.4493773065274947e-10,6.526672254474543e-10,1.4765991119302723e-09,0.9109204407814088,1.6419903122475585,0.08,3.1e-07,8e-11,1.0e5,1.0e6,2.5e-09,1.2e-06,0.001208070887711599,0.00022239323549345393,4.6672709297240027e-07,0.0007346977340309625,0.19204916251256499,3.1519207942656357e-11,1.6958640860520297e-11,32.29173220019769,0.0016121367581485148,0.040115935634810786,1.7472528356115505e-06,5.2937765420128813e-08,1.1220230709697584e-12,1.6354853939017923e-05,0.1145205314324574,nominal,0.9526798944858548,1.0841787101822653,1.0770468138597697,-0.0033615223404609607,1.0998470451284472,0.9180322851514423,PI,PI,0.004430651632752522,0.011849582321153407,14095654.786613924,13789557.198320678,0.04210948116548721,1.9327833504962926,0.803335259616853,0.18000000002052655,0.0687062366800884,1.348884115851001,-38.572010858145546,125.00420334734173,124.99034660250581,6.215138707400026,-8.237734727265583,-40.82290325392236,141.12087484717009,0.08024449547672276,87.64492607758321,3.8183934725712465,-7.91699539349478,-0.32073933377080166,168.63945094866236,72.83670068228058,56.84734314178624,0.07746083230482421,0.05872527010248593,0.06432987733441148,124.03946449700899,3.034168241064625,8.326943368383576e-08,9.282924903024583e-08,55.39024339037848,0.9526798944858548,1.0841787101822653,1.0770468138597697
icp_id_0041,train,icp_bias_identification/train/icp_id_0041.csv,nominal,L,PI,1.356e7,2.0e6,136.93227875899396,50.051823341664836,-196.89760727980394,50.0,50.0,1.1142633281567189e-07,3.1269149450569245e-10,1.1694839048799604e-10,8.405561916761379e-07,3.590166839966923e-11,7.434557913274933e-10,2.818210742048934e-09,1.0117473627606306,2.8207899246682455,0.08,3.1e-07,8e-11,1.0e5,1.0e6,2.5e-09,1.2e-06,0.002312832528419038,0.001329722813169317,2.5796595353217433e-06,0.0007698793092216981,0.0985211436806013,1.2464307594243553e-11,3.870017327788459e-12,101.01439289747155,0.0034592076840931907,0.027934103977678437,1.0623537762109878e-07,1.9634302917612613e-07,4.390768768222277e-12,6.20389170755951e-05,0.1252348888067091,nominal,1.1120615241502865,0.9702661388781372,0.9657960269726502,-0.1370595905697872,1.0386715383538894,1.0060036086055864,PI,L,0.0027383767674695313,0.005779583793096046,24853973.849684115,9775465.40640118,0.7533030114829979,1.6725432704384522,0.20910001709821172,0.18000000832507349,0.46490402445368045,1.2345561033825165,-210.1251495623052,181.42132718788937,181.22673460979595,0.8262836327420319,8.08448196290645,-210.09804707213985,212.0638124302492,0.005143940771615653,63.20367673119877,0.5013955284119234,7.804595623577213,0.2798863393292382,36.94036941506264,19.320163160273804,10.77738872543478,0.00551815486759411,0.0031801968733937477,0.0036854211480029414,89.09992895746272,0.4295461962154385,5.77102966214365e-09,6.4273855660818485e-09,213.96207970419462,1.1120615241502865,0.9702661388781372,0.9657960269726502
icp_id_0042,train,icp_bias_identification/train/icp_id_0042.csv,nominal,L,L,1.356e7,2.0e6,364.55920518536306,211.6693903002363,-64.17824052366636,50.0,50.0,8.961549473368091e-07,5.554438396711143e-11,2.602316478868261e-10,9.439239555671088e-08,8.137196127603637e-11,7.19073421370064e-10,4.880183868942312e-10,0.570363138357516,3.445168608962416,0.08,3.1e-07,8e-11,1.0e5,1.0e6,2.5e-09,1.2e-06,0.001229466955114975,0.001300133363827351,8.64587477379419e-07,0.0019417180320761788,0.27718561574712897,3.2680888006724506e-11,6.467334914970761e-12,96.31817821360112,0.004306422935691291,0.012904402366466387,9.272483073081102e-08,4.809565870183221e-07,3.4846786015519678e-12,0.00041922649697812855,0.1202009731199271,nominal,1.153965819118859,1.0250737129387273,0.9815073015330398,0.06208423933977129,0.9609055162174146,1.148460052108338,L,PI,0.006787781076214152,0.00864365545342228,13960884.021643853,27077754.80607269,-0.031098102936517453,2.568991850062061,0.8887404385770721,0.18,0.011414200302791198,1.89203214136892,-77.62096452546288,166.17583230854353,166.12554918716054,9.365030953231765,0.34357640835019926,-91.3484555027418,152.2730440330106,0.0735876648942941,245.2276509201017,5.740381038241546,-0.10246872979973366,0.4460451381499346,155.41746431842972,78.95340864834506,58.50902080229498,0.07036034341373883,0.05471474542673098,0.06430898200860327,346.96682694006194,4.5795145917961575,3.1536931705124727e-09,3.2471203494630584e-09,107.13913723241082,1.153965819118859,1.0250737129387273,0.9815073015330398
icp_id_0043,train,icp_bias_identification/train/icp_id_0043.csv,nominal,L,L,1.356e7,2.0e6,392.3905521449094,111.92126599825619,-196.54679526434992,50.0,50.0,1.7543394206175594e-07,1.6169200815033358e-09,1.7646971934354968e-09,5.549182228309458e-08,3.4789752504330374e-11,2.692147731221027e-10,2.3740838605049983e-08,0.21145110288182245,3.556197990929172,0.08,3.1e-07,8e-11,1.0e5,1.0e6,2.5e-09,1.2e-06,0.001644808097408655,0.0002920207927867771,6.049136419755602e-07,0.004333830667506625,0.4412541420882239,4.8581316996280957e-11,1.0267056443032192e-11,38.848056143646495,0.0020095583008000843,0.15254422654312197,3.6290107466291025e-07,5.43486944951858e-07,5.191562020878202e-12,0.0007516868545485426,0.1493770551880197,nominal,0.8235959565280666,1.0895593316486385,1.0377164692181866,-0.1705993587739642,1.143584531958824,0.974115690940284,PI,L,0.006966416665261643,0.0045189746097187,8193844.431690793,49449157.97428563,-0.31668913115497055,3.315783602862414,0.5122270452590975,0.18,-0.1636064669911427,2.415841104012693,-210.7593600267622,229.08762598973124,228.87609959957837,11.630700248352287,-6.935206678333107,-223.95665511205334,235.64856030903994,0.0549914383733009,217.08875560976924,7.188914455777706,-8.910619183217978,1.9754125048848683,135.93612839983214,50.534649987529534,30.761121288840833,0.05353166660639932,0.03655879448453792,0.05145072621588307,306.02861761613286,5.788008633700421,2.2432640299989857e-07,2.5393209257151453e-07,234.06358510955926,0.8235959565280666,1.0895593316486385,1.0377164692181866
icp_id_0044,train,icp_bias_identification/train/icp_id_0044.csv,nominal,L,L,1.356e7,2.0e6,209.8190365018741,267.3182868472861,-133.51967419316784,50.0,50.0,3.76875468577664e-07,2.80261962024174e-11,6.273378291964374e-11,6.307502574757027e-08,5.2994545267998075e-11,6.13608221533779e-11,1.545227304403488e-08,0.4699544461983426,0.6099713076033357,0.08,3.1e-07,8e-11,1.0e5,1.0e6,2.5e-09,1.2e-06,0.00026125287971115387,0.00017762182041407564,8.726939594295845e-07,0.0020013887736514027,0.1635298949167803,2.1683368602699804e-11,1.1445594292866536e-11,102.85446483302275,0.0060703558113845354,0.044829123494895,8.708462637567967e-08,7.832023470138483e-07,1.1836182824209587e-12,0.0006467813129779146,0.16351193843278083,nominal,1.0522437147159922,0.9037590727061204,1.025616251153903,0.132710314055228,1.148320644484756,1.1042509403044356,L,L,0.0037603228716257685,0.005103540611869826,34568267.565584995,69307863.82614121,0.8111985874469156,3.468796334921814,0.20539177877993756,0.18,0.4696569454057208,2.376606699733124,-147.5665143689717,270.05817155812275,269.9024093481189,3.587030174426845,-6.3578615842752795,-178.03302476505414,249.41822281684892,0.07174693134815772,96.60724268964002,2.1948410607751074,-7.458630873060205,1.1007692887849254,249.67033462577808,105.04644450193437,86.46165396715739,0.06762635825115428,0.04195005168671122,0.0703205430106127,136.18016132045423,1.783089319378058,7.155754527105366e-09,7.993162498464112e-09,199.04231366544101,1.0522437147159922,0.9037590727061204,1.025616251153903
icp_id_0045,train,icp_bias_identification/train/icp_id_0045.csv,nominal,L,L,1.356e7,2.0e6,162.25719217858145,75.61462527421011,-46.79917200221857,50.0,50.0,6.314643921585071e-08,2.5404298865003076e-10,1.3095793711597217e-10,2.345686772155171e-07,6.26967281941916e-10,2.2324779123282824e-10,2.752636430611008e-10,0.9068461976715002,2.6381488639326345,0.08,3.1e-07,8e-11,1.0e5,1.0e6,2.5e-09,1.2e-06,0.00032773964496832003,0.00017611599864650063,9.93804255614755e-07,0.0011137549375591833,0.27210063180571487,4.33591923823063e-11,1.5628572472420404e-12,41.813317971267594,0.005348313774238035,0.006847271152446181,1.447667019323072e-07,5.9248480706102086e-08,1.1787443762760709e-12,0.0004992137330453244,0.18675542657167293,nominal,0.9345135463684708,1.070537218097035,1.062434157165807,0.028744255637328922,1.1405603149446952,1.111002947724537,L,PI,0.0024089182494694108,0.010473439004029314,35887191.64636207,12025709.53590531,0.9449172815025447,1.7768001190337595,0.2009087466084445,0.1800000003721231,0.5650468147099746,1.2906727939469989,-61.3502702137009,71.03503547559338,71.01995160390675,2.3954933585926086,-3.1027180047180227,-61.67443890308186,75.27342299396078,0.025499137222183103,74.50836750352282,1.4493874083335034,-3.2835501686196396,0.1808321639016175,47.35182512832224,22.50138913329028,15.752380267101817,0.02558332488642388,0.016601162592542705,0.020375930273153226,105.05253665542712,1.2091981068921585,2.194084534829959e-09,2.3574372115370234e-09,66.17471672973991,0.9345135463684708,1.070537218097035,1.062434157165807
icp_id_0046,train,icp_bias_identification/train/icp_id_0046.csv,nominal,PI,PI,1.356e7,2.0e6,233.19735777819744,216.1019828418582,0.4901943277426235,50.0,50.0,1.544530085338871e-07,2.2683597690019813e-11,2.6892007087426946e-10,5.846257684904088e-08,5.627563944500993e-10,1.7134493119551803e-09,2.6374740921692036e-09,0.22752148486992757,3.374695946418949,0.08,3.1e-07,8e-11,1.0e5,1.0e6,2.5e-09,1.2e-06,0.0012046337805726873,0.0003226681256501022,1.2308839144799713e-06,0.002977771273446566,0.42749032058711595,2.079963823482236e-11,1.504765922421652e-12,36.57406277363425,0.001707730974078905,0.003829869597801452,1.997918839450085e-06,1.179966771072936e-07,4.076644860095483e-12,0.00020935638019446188,0.08983038229838097,nominal,1.0486426559352136,1.0446990841618446,0.992101433029047,0.04678024001869523,0.9259680995123438,1.0254161104320774,L,L,0.0023763076727413906,0.0108500544278622,38984413.18666427,19458709.385491345,1.0103186069135823,2.2474661198105506,0.2003444001831801,0.18000000000000443,0.5670513080459667,1.662592966546009,-13.09762689902315,141.95054273079492,141.91503378939169,2.773564097070358,5.313968955301798,-21.876385940980217,122.59517842390603,0.044050191023627304,107.04387518161282,1.6802130212337127,5.301219501568359,0.012749453733438977,150.57545396729785,74.11370202964494,57.64972447946508,0.04293609571629867,0.032593140384867006,0.03701340227461142,150.924407734859,1.401926951278528,6.9968566722804e-09,7.64202416274545e-09,36.69912634690921,1.0486426559352136,1.0446990841618446,0.992101433029047
icp_id_0047,train,icp_bias_identification/train/icp_id_0047.csv,nominal,PI,PI,1.356e7,2.0e6,128.6940171175515,114.41820164869873,-120.9410168485082,50.0,50.0,5.061143782832216e-08,1.3595480722367162e-10,4.792675111351885e-10,2.8378365153789115e-06,3.238454544512815e-11,4.9461829696815105e-11,1.2974447632543741e-09,0.6790052064861211,1.3825663647182984,0.08,3.1e-07,8e-11,1.0e5,1.0e6,2.5e-09,1.2e-06,0.0005976986468565267,0.00017276309474177984,3.0368512540423225e-06,0.0017230945700994912,0.42693425131035595,1.330943393906233e-11,1.2577303085568713e-12,53.454084836993225,0.0033256134106614166,0.012030578433278108,1.6564693611243443e-06,1.5953158380799148e-07,2.5949381734259e-12,0.000317076575544246,0.12485623598349299,nominal,1.1286782101258488,1.066958584042093,1.065688596432626,0.08027802584858573,1.0964465712342708,1.060190400968544,PI,PI,0.0036921784919766924,0.009497595921097269,41307464.22590045,10918417.701973956,1.0367004936390491,1.6502611318353029,0.20024215783171087,0.18000001276934358,0.6041355318257832,1.139056022806017,-135.5366876910652,112.76944229660049,112.66751826512137,0.6165823780547844,1.4017401915729453,-134.55542873246276,150.5052556084128,0.012141069081874747,59.07484296208703,0.37183096926226167,1.0398279367829162,0.36191225479002903,65.99630114189618,30.9140146632781,20.78731777837994,0.013113662335739759,0.007403687492075688,0.008533368392333924,83.2984666149335,0.3144427071816631,1.490482071732494e-08,1.5610683868987527e-08,140.73823166511838,1.1286782101258488,1.066958584042093,1.065688596432626
icp_id_0048,val,icp_bias_identification/val/icp_id_0048.csv,nominal,L,L,1.356e7,2.0e6,156.65120281175624,103.66170718678758,-10.97343988909956,50.0,50.0,1.0437390193971712e-07,8.72218072908314e-10,6.861890725157786e-10,6.707304109513902e-08,1.29171462887552e-09,2.985746873277849e-10,1.8827329431111103e-09,0.4073876813549513,1.5273444639513143,0.08,3.1e-07,8e-11,1.0e5,1.0e6,2.5e-09,1.2e-06,0.0009413136984896093,0.00015886831182939767,6.990960362333865e-07,0.0038629835584547464,0.1440868111572804,4.7492992836529405e-11,1.6523652995238005e-12,111.76421926639739,0.004257601237155813,0.019597380443541246,3.8395202067885436e-07,8.345848230935239e-08,3.722099570145696e-12,0.00029643466472152683,0.13847632810230867,nominal,0.9617350508728598,1.0569590256863177,1.098907206711961,0.04155529552936955,1.114026096648041,0.9229181652382901,L,PI,0.00519710954420336,0.007239822627290223,14947369.311169598,16355142.265682533,0.05669596352009718,2.0767677613930644,0.8885167764154263,0.18000000000051364,0.05155216400380102,1.4421920796357537,-26.024072992219352,82.39227011526204,82.36360827783172,4.988259698065374,-6.196991061852595,-27.913796225096284,64.60025506217492,0.0468686187088945,105.40237716277547,3.0576230068669443,-6.264201940382188,0.06721087852959415,71.10941234105023,33.2161984907258,25.866195280518895,0.04505808928656354,0.033204281636983995,0.0397365520669124,149.18511769835843,2.4362056651745627,5.6831129507308736e-09,6.25511369594532e-09,34.55703592324144,0.9617350508728598,1.0569590256863177,1.098907206711961
icp_id_0049,val,icp_bias_identification/val/icp_id_0049.csv,nominal,PI,PI,1.356e7,2.0e6,306.0242134344035,183.9039269389459,-142.15785947541804,50.0,50.0,8.770638591902128e-08,7.488193462452001e-11,1.2945558628372092e-10,1.6003031874106058e-07,1.6109051234124279e-09,6.453024695704009e-11,4.6596692945289515e-08,1.612870051259813,3.1681532972000204,0.08,3.1e-07,8e-11,1.0e5,1.0e6,2.5e-09,1.2e-06,0.0003759763840705064,0.0008975810052244516,2.3372016189993515e-06,0.0036154523740805637,0.3850663707825265,1.98655925734699e-11,1.5481269106251946e-12,49.97698431425916,0.000649361179543691,0.10251472813679147,1.4309771673945503e-07,7.506490858891246e-07,1.2681586282115943e-12,0.0004930986875754579,0.18443078740428523,nominal,0.8704984990569496,0.9635074055130405,0.9803223020451328,-0.14116950047516816,1.1570940603736661,0.9815616333582291,L,L,0.006483565336258695,0.004896873188932265,44479897.43739308,9667408.681710819,1.3400967611031953,1.6641183742086427,0.20000097060624245,0.18000000455163992,0.8176967211697481,1.2448647426424402,-155.58435366711362,147.16845471743153,147.04137260083087,1.808154714735227,0.6479786491923292,-155.6493614358253,188.06599627236864,0.0284353849212214,140.44484781732217,1.0570929103744693,-0.2595158900531768,0.9074945392455059,114.21313814983459,53.414032214088984,36.24911485261799,0.02921254709815631,0.018361512637702974,0.021273593158344085,198.03716494383343,0.9743116487528451,4.304595109576579e-08,4.490602272228351e-08,166.3321678786431,0.8704984990569496,0.9635074055130405,0.9803223020451328
icp_id_0050,val,icp_bias_identification/val/icp_id_0050.csv,nominal,PI,PI,1.356e7,2.0e6,73.79198691434065,225.85279581488473,-186.60787955191955,50.0,50.0,2.003709816035442e-06,1.0871778549302445e-09,1.262339814186987e-09,1.8761524872829556e-06,2.212735639536277e-11,1.5773095331680577e-09,2.089139731618204e-08,2.9515365341200677,3.948854481994463,0.08,3.1e-07,8e-11,1.0e5,1.0e6,2.5e-09,1.2e-06,0.0003683127413312019,0.00031364123916849575,1.0622621566603688e-06,0.003992128598897099,0.516453984553602,1.5253637161717414e-11,3.8354481921338524e-12,67.81439540852884,0.001734459982446668,0.033620004422956644,6.808807580507592e-07,7.790655179650956e-07,5.080979405994008e-12,0.000759783480734548,0.08163492827205954,nominal,0.9758072170457881,1.0474372500739242,1.049644444584352,-0.10542715564365347,1.118844470025406,1.069298367384251,PI,L,0.005602820839804379,0.005995313171858586,2879257.7009527097,4848614.717434006,-1.4381828207985998,0.9508914179702767,0.20000012406645581,0.18082774731453746,-0.6434237247332266,0.7790951611121686,-200.97268870820798,176.2400152702694,176.06716617985796,0.9150098377076866,0.20010891834036063,-193.94513095472715,242.6071621769752,0.030319148411752626,33.53427655668181,0.5467445757738649,-0.8838416034911913,1.083950521831552,153.8265978559475,51.09479473546241,22.942008758885695,0.03613358781354961,0.020611607339628135,0.012446892154570547,46.86820580982842,0.5131094406682156,3.6646247522559386e-08,3.8702512654454014e-08,204.16408990181964,0.9758072170457881,1.0474372500739242,1.049644444584352
icp_id_0051,val,icp_bias_identification/val/icp_id_0051.csv,nominal,L,L,1.356e7,2.0e6,197.04709150179022,170.229758886198,-136.1998278907079,50.0,50.0,7.777130908117166e-07,1.6793145680542625e-10,6.055763439570768e-11,1.8416988793043613e-07,1.653622802570048e-09,1.1746987461403214e-10,8.458764460586284e-10,0.6570763654561501,2.630406686775137,0.08,3.1e-07,8e-11,1.0e5,1.0e6,2.5e-09,1.2e-06,0.0009007579779143515,0.0023571763516676966,8.024569106923655e-07,0.001717504897347392,0.5156416553061056,1.653829365921488e-11,1.7820122480392077e-11,110.62882396026487,0.0009857165642666952,0.0586318807645743,5.009330302820079e-07,2.1152878175251361e-07,3.1335471757144107e-12,0.0006594097333954937,0.18173537019372668,nominal,0.8030585614934007,0.9233341798149008,0.9772826138388906,0.16592840519285465,1.117750903347972,1.0509291256526476,PI,PI,0.007769014541684107,0.011526810472215415,12785622.022964988,8886946.880831575,-0.2123207063724095,1.396528966374848,0.6492323875764935,0.18000122300232138,-0.08392257023201773,1.030908001694039,-149.58467527104335,127.84691250828355,127.72878224573616,4.799028474907799,-5.722192188488899,-146.77138598529518,179.11437225486043,0.03688770272114859,117.56229380014227,2.9581632783398564,-6.289173519317365,0.5669813308284656,108.01755810202768,43.16024646618458,27.20724949446533,0.03623130207723561,0.027334720113823117,0.026331160419632307,166.02740817834712,2.365554030002756,2.6547204695113904e-08,2.9327680362258767e-08,155.4034352785321,0.8030585614934007,0.9233341798149008,0.9772826138388906
icp_id_0052,val,icp_bias_identification/val/icp_id_0052.csv,nominal,PI,PI,1.356e7,2.0e6,110.37057946874376,221.616768466538,-177.97516752187835,50.0,50.0,8.060545566267891e-07,5.839050292553463e-10,1.3050267889971493e-09,6.278223951190406e-07,1.8765363290473324e-10,2.4389569855542057e-11,3.344346451500813e-10,0.634937225033907,3.8293592669696643,0.08,3.1e-07,8e-11,1.0e5,1.0e6,2.5e-09,1.2e-06,0.0009800652732314008,0.0002981794908509694,2.017258399236565e-06,0.0012398207014275473,0.41846055749032224,3.689251818053838e-11,2.0582445431081453e-12,105.07844048223077,0.004399105387439713,0.013525297264186774,4.095890579175875e-07,2.1528264178552896e-07,4.687284519840596e-12,0.00045454122658387263,0.09903018206640543,nominal,1.0686986157197198,1.0232877536570886,0.9402184503666785,-0.15274266692542215,0.9153607240568657,1.0172914886526239,PI,L,0.003343954950164849,0.010897664060589167,5639425.552808717,12189072.99150803,-0.7115912611445449,1.9035133817378285,0.21628554887378415,0.1800000000183095,-0.35962833237780434,1.448709854535629,-190.85239941788004,197.7912218965513,197.61632865816455,0.7855746740006314,2.4342759020894604,-195.09651761304895,230.8669478812589,0.06847113892792081,50.81986746136283,0.4868925328094752,1.045932707374833,1.3883431947146276,140.44767363851477,70.84489771409164,49.14670389313556,0.06956909206765438,0.045636815982491766,0.05602388499450809,71.1803718848515,0.4061428217116884,7.825125612464882e-09,8.313481254008165e-09,209.26549715586728,1.0686986157197198,1.0232877536570886,0.9402184503666785
icp_id_0053,val,icp_bias_identification/val/icp_id_0053.csv,nominal,PI,PI,1.356e7,2.0e6,197.45214637308896,53.81959225808708,-121.69953366288784,50.0,50.0,6.727061076840751e-07,2.5762787641001333e-11,1.1122378520780666e-10,2.6439038073470855e-07,1.4705707126057857e-09,1.0209047838933009e-10,6.632439273633421e-09,0.8001781586977011,3.662696360065777,0.08,3.1e-07,8e-11,1.0e5,1.0e6,2.5e-09,1.2e-06,0.001826841451963257,0.0006741896229328075,2.074832236069341e-06,0.002047431113472222,0.19083065000170701,2.3701001795522044e-11,2.271570557843657e-12,50.88266535505356,0.0019380072336902029,0.03996847816838078,1.2910242738692396e-07,4.4083742620292353e-07,5.002703676298993e-12,0.0005633552020474422,0.15216093869572933,nominal,0.9003660306886686,0.9807823405170799,0.9919515754637893,0.02874236940720695,0.9913521385321573,1.0667581437947624,PI,L,0.005099708162359422,0.00993304853544531,22386730.723928094,7800682.897742701,0.4730070667897886,1.3439656931246418,0.3295654657703949,0.18000406075901199,0.3001627946692688,1.0445546771534349,-135.28525088106326,110.25012158215827,110.1446030276836,1.574192563874904,13.587259202715936,-134.4566043000235,138.2834834115453,0.009601255118495706,98.4288101701047,0.9746693758373334,13.1946339001585,0.3926253025574348,23.065864015424,14.196942934970522,8.236763722420084,0.010873736035469143,0.005638773073294119,0.0054791510428433155,138.97380608968496,0.7841194853936243,1.2439179784412346e-08,1.4273257213679522e-08,137.29599288701763,0.9003660306886686,0.9807823405170799,0.9919515754637893
icp_id_0054,val,icp_bias_identification/val/icp_id_0054.csv,nominal,PI,L,1.356e7,2.0e6,67.96905856187581,136.1627786555718,-128.18877703904022,50.0,50.0,2.24715626635467e-06,1.92567252271565e-09,1.0126126604394737e-10,3.8742968088779257e-07,1.2241699194620662e-09,2.38487132705015e-10,1.905595146399551e-08,3.2324229709303567,2.0923319384426864,0.08,3.1e-07,8e-11,1.0e5,1.0e6,2.5e-09,1.2e-06,0.00037992304705815284,0.0008714801757018889,3.2749036984603805e-06,0.001818664545583695,0.3968772340266384,1.4481890599886289e-11,1.1220227392092735e-12,107.45136549901042,0.002022446960323062,0.028033493415551985,1.5671192568739212e-07,4.485367884621944e-07,5.274166169199675e-12,0.000762244077861887,0.18193047696532874,nominal,1.057428948506008,1.0700831187534396,0.9923823524822389,-0.14883414295970163,1.0662557374442736,0.9933965190086627,L,PI,0.007553298928641433,0.0071665647911694896,2361851.795184493,6991439.645326956,-1.5865300394231174,1.345081590140771,0.2000000039809129,0.18000314758213326,-0.7109703731361968,0.9667831218220949,-141.78040575649345,112.72509520560236,112.61825198599095,0.266770500843558,0.3722878373413769,-138.92960585845864,162.1128729998156,0.014853787741107152,30.877231801060134,0.15775336017396013,0.00234966646864976,0.36993817087272707,83.34771446695265,32.84719774125749,20.00394027469647,0.016635920248515495,0.00934553442417841,0.009041087979057257,43.14475145455417,0.1530913118845133,5.122828324808359e-09,5.247856881578509e-09,145.49904540671014,1.057428948506008,1.0700831187534396,0.9923823524822389
icp_id_0055,val,icp_bias_identification/val/icp_id_0055.csv,nominal,PI,PI,1.356e7,2.0e6,310.9050967166304,180.0839651379517,-169.95989960807353,50.0,50.0,2.015365124598347e-06,5.202754038751084e-11,2.8539708045186914e-11,8.680264686958059e-07,3.7570233914155407e-10,5.221337077972104e-11,1.0229782667417046e-08,3.182098501909019,1.080226641676203,0.08,3.1e-07,8e-11,1.0e5,1.0e6,2.5e-09,1.2e-06,0.0026124164384747216,0.00030300743340056895,4.781272644156854e-07,0.0018058818836780741,0.34499566492931905,1.48485104932527e-11,1.0468813910022199e-11,88.19325878029322,0.005518749421362207,0.05238036972059626,3.8168603401910587e-07,1.7208420817495334e-07,5.280766763366829e-12,0.0007558640656247479,0.08262272738293513,nominal,1.0293540821481386,1.0770163793257825,1.0313049057339272,-0.080829614245305,0.9121099995777263,0.9544552303501914,PI,L,0.003385983095951418,0.004942600809358889,10058368.270162838,8406087.982305562,-0.21443556040267542,1.485522269629972,0.5802146380375869,0.18000034116602015,0.04116536687397947,1.0113725283660764,-184.08464709337417,158.6437900314647,158.48176885635124,12.349425988162405,14.226755401477927,-180.843485778103,211.32881643644308,0.028575731589475212,178.97641301305612,7.648680515946613,13.570357497668642,0.6563979038092908,110.02415657413661,43.85063508038004,28.909711569573332,0.02963151756911604,0.019055378970821713,0.019888720269411325,252.92770327003333,6.030624768689892,3.87125818959748e-08,4.455328406151163e-08,189.613612794179,1.0293540821481386,1.0770163793257825,1.0313049057339272
icp_id_0056,val,icp_bias_identification/val/icp_id_0056.csv,nominal,PI,L,1.356e7,2.0e6,297.8426621811941,49.95320574625235,0.7049785598361202,50.0,50.0,1.4302299914852744e-06,3.9725592390078334e-11,1.8709922786768756e-09,5.481168450756297e-07,2.082862811876625e-11,3.5430145712691785e-11,1.3470600870070407e-08,0.5505203315955666,2.3088760729165694,0.08,3.1e-07,8e-11,1.0e5,1.0e6,2.5e-09,1.2e-06,0.0025140500867807266,0.0007617797053489965,4.268769969257042e-06,0.000769043632681397,0.13363945512624012,4.803977930383592e-11,1.6279998332843366e-12,47.1261346618748,0.0015976187533011737,0.007395464322692706,7.054162397605727e-07,5.171387868820326e-07,3.537269436915123e-12,0.0002614984260724799,0.12657567691655527,nominal,1.1299497757298183,0.9858711008112944,1.0182254876684322,0.12817430064675425,1.1128145577668604,0.9851192886095315,PI,L,0.007428149511543506,0.006844374817896177,5379346.623305445,24398000.601956893,-1.0451580241844707,2.4272632091867146,0.2002153373962096,0.18000000000000002,-0.5473108967216805,1.7330700110630541,-13.24063771927073,87.24007620369835,87.18648836214729,1.0629998384067425,40.94794224069703,-15.633600926200016,32.26282734218974,0.02363426570644659,135.4566403081767,0.6478636763480973,40.93815282977873,0.009789410918291466,34.88248366950993,18.00279204362824,13.700727165283974,0.022496053886280638,0.017389709696852718,0.020744660325515047,189.4055282148202,0.6621527152504629,1.9684660933421113e-09,2.472319235001973e-09,19.234159334925664,1.1299497757298183,0.9858711008112944,1.0182254876684322
icp_id_0057,val,icp_bias_identification/val/icp_id_0057.csv,nominal,PI,PI,1.356e7,2.0e6,160.78159632185586,142.05673532333847,-19.218184414839286,50.0,50.0,6.075516865635235e-07,4.3692906223043705e-11,2.0664930810865e-11,1.1981094860478844e-07,8.209898741456259e-10,2.442254878132955e-10,3.471295702072911e-09,1.3951284675631541,0.3563072431978172,0.08,3.1e-07,8e-11,1.0e5,1.0e6,2.5e-09,1.2e-06,0.002733992786993148,0.0027273837456628304,3.879690003439381e-06,0.0008844536662241092,0.19760587469232624,9.983987728086052e-12,1.6804609418728285e-11,97.48903093774405,0.003846025310928355,0.09746393395206761,9.478344524493682e-07,2.2884765161008196e-07,2.9070438605788055e-12,0.00046833038965449404,0.063111237832294,nominal,1.1751515952988338,0.9276791448454025,1.0203541992900866,-0.13802062112291041,1.1295075396222434,1.0876433187919632,L,PI,0.003715722044854459,0.007957207515502645,23150096.18528216,15315001.245780585,0.6833985839041207,2.1221288587717484,0.21840784548500947,0.18000000000023367,0.4456256445254241,1.4216772273569078,-33.19295552831326,91.3813691605103,91.35973320705071,0.7220734338945615,13.919112517824926,-35.485920584829465,87.69213726631534,0.03019026618451508,74.66828389219594,0.42612748893896196,13.906652329323755,0.012460188501173518,98.04513310189377,45.096953653759726,35.98021862255672,0.029252312123126407,0.02251086901771741,0.024384757026092836,105.27643480702089,0.40441916171921777,3.470894408376197e-08,3.98886746048802e-08,44.50531131558141,1.1751515952988338,0.9276791448454025,1.0203541992900866
icp_id_0058,val,icp_bias_identification/val/icp_id_0058.csv,nominal,L,L,1.356e7,2.0e6,89.37282159621455,287.32617864718736,15.084150553491751,50.0,50.0,2.3679995664541412e-07,1.3993244655902606e-09,1.3020526350795025e-09,1.4912446832920341e-07,6.211125406882277e-10,4.181719799342263e-10,2.1473821491150365e-10,1.14524674888682,0.28452848250769136,0.08,3.1e-07,8e-11,1.0e5,1.0e6,2.5e-09,1.2e-06,0.002047012602640405,0.0032088481469471335,1.4360777459008724e-06,0.003382168912814228,0.09521559478560898,2.6044198455956763e-11,5.5569517280797544e-12,110.84071698077251,0.0018104797414422384,0.1545844584507435,6.724856145965437e-07,4.705494516167275e-07,1.4875550502986352e-12,5.379719870228312e-05,0.07620248878059503,nominal,1.1145242194208567,1.080866138504137,0.9181112117591792,-0.06326485002944914,1.0372968244338714,0.9095612430494284,PI,L,0.0033547537570953433,0.005012610768511774,7681551.7895117365,15026686.342776986,-0.5029480056896314,2.0553786455047685,0.2919435095509191,0.18000000000051536,-0.21935906568495628,1.3795425790379883,2.5096993972440895,156.8316970958126,156.77227579478776,0.9687825541397682,1.8274620156218195,-0.9875537775884206,162.50372576588742,0.07807308464396862,43.295612327831364,0.6042188892204261,2.375453805111796,-0.5479917894899771,208.9196063668612,88.80924230313649,72.88530313662832,0.0778628994236166,0.05428569100833882,0.06378090794921933,60.81440493263293,0.4900366201056114,7.263581260847579e-08,7.760354621598345e-08,18.74940223821572,1.1145242194208567,1.080866138504137,0.9181112117591792
icp_id_0059,val,icp_bias_identification/val/icp_id_0059.csv,nominal,PI,PI,1.356e7,2.0e6,118.9991201372058,193.50877882857665,-18.752547372135922,50.0,50.0,3.3173261174441577e-07,1.9654650454815295e-09,4.8419169230502974e-11,1.1678234744310359e-07,4.732215603814469e-10,1.4247439589774046e-09,4.186762651068087e-08,1.3817964884004912,1.3235799708295042,0.08,3.1e-07,8e-11,1.0e5,1.0e6,2.5e-09,1.2e-06,0.00022100643010896303,0.0019766459616198983,4.826034592581032e-07,0.0018067390575418672,0.2325550665543562,3.188848067611297e-11,2.7251556071299313e-12,74.49033012682558,0.001032106544973038,0.008673846566950472,5.213733535726997e-07,1.8102656700094358e-07,5.185076200543745e-12,0.0007025209216463726,0.14667316274873893,nominal,0.8247935940636905,0.92564385484533,0.9687574258406125,-0.05114742521594388,1.0121684330005358,1.0652741597521183,L,L,0.006112044336861821,0.009225133692240274,6167150.735310799,15295525.831754899,-0.7353855041569297,2.0655823828065936,0.21068201223610553,0.18000000000039776,-0.3353722028662868,1.4345860724388415,-32.02064907644402,112.02008771435085,112.00038727847232,3.5484156451501274,-6.5881208433617395,-35.4074210943154,114.24177061361549,0.06134043279590976,54.60007812428478,2.2037587512471952,-6.462117156523689,-0.12600368683805088,134.61550374870006,61.21567370256227,48.46290721387797,0.0576412791940911,0.04457584852794279,0.0523458800410279,76.47955131214162,1.8285212719940453,4.536643823441754e-09,5.002418050056004e-09,47.650555834827856,0.8247935940636905,0.92564385484533,0.9687574258406125
icp_id_0060,test_id,icp_bias_identification/test_id/icp_id_0060.csv,nominal,PI,PI,1.356e7,2.0e6,107.08611729398014,109.87767908577909,15.815529749668675,50.0,50.0,1.4753129981572832e-06,3.70889160324632e-10,1.7457990339897235e-10,6.273881822689271e-08,9.167206762494449e-10,7.04261173991666e-11,5.461575641048521e-10,3.5788735683866695,0.5981586341204257,0.08,3.1e-07,8e-11,1.0e5,1.0e6,2.5e-09,1.2e-06,0.002700083024176139,0.00014051445298804083,7.811418747267411e-07,0.0012829908830653983,0.2818700234414597,3.708463378099621e-11,2.3800394584144117e-12,59.76635171592866,0.0013393094054438262,0.003789510389182933,5.000269177306084e-07,4.401410923441591e-07,5.6045302569104695e-12,0.0007064378225436144,0.18624598282931987,nominal,1.033825919267308,1.0164588380183095,1.0998227147541617,0.0024688293476993373,1.1819478326423474,1.1310260732166628,PI,PI,0.003441416813652173,0.01022838185548367,5890408.086324638,20617367.43397345,-0.8362647894388117,2.331506417793386,0.20291113266234095,0.1800000000000003,-0.2810019557720129,1.5739766069810586,0.752357848395679,99.39701562218261,99.33926511320048,1.9804753456154014,2.8127926949877105,-2.67679778926739,61.82994845891219,0.04362919506067964,48.90380665641589,1.2373068257242545,2.979635959803134,-0.16684326481542364,77.38293932332708,37.37246264423695,30.488350695704142,0.040157987493026945,0.03283151152290215,0.03800044698294439,68.51873783063395,1.0081443749258703,1.4944605887350504e-09,1.6004974568909714e-09,10.15129031811478,1.033825919267308,1.0164588380183095,1.0998227147541617
icp_id_0061,test_id,icp_bias_identification/test_id/icp_id_0061.csv,nominal,L,PI,1.356e7,2.0e6,360.45396590683254,60.97944101976192,-151.140260503088,50.0,50.0,4.575390475827831e-07,4.7761260602601615e-11,6.205028738141113e-11,7.379206275848075e-08,4.1013044342487414e-11,6.896069367651157e-10,1.1114306970659053e-09,2.4250533231190246,0.6850713709198756,0.08,3.1e-07,8e-11,1.0e5,1.0e6,2.5e-09,1.2e-06,0.0005003021319607194,0.0020840161852602635,1.441377861448807e-06,0.00383446732882627,0.39910409580354056,1.8832728305275958e-11,6.34856601836007e-12,66.07714422744287,0.0014151869460663322,0.005996387636948638,3.471961187917742e-07,8.507349913961248e-08,5.776848306144793e-13,0.00033005199717498217,0.18600317745181957,nominal,0.9641343335337541,1.0227750285275876,0.9114135113703487,-0.09238795662654051,1.1872449685023996,1.1081189027490677,PI,L,0.003707811747161342,0.011890074401008264,21952739.594342858,36224241.284382574,0.5787059165886869,2.953609781161207,0.24412825156667112,0.18,0.439540920279729,2.0288673344492105,-163.6229799548163,159.9044507871777,159.7610562790411,3.834017851211489,-3.4207551298971293,-168.44853377213235,172.37011201143073,0.011590618419926445,170.2651549858722,2.3536359206395185,-4.247060701448076,0.8263055715509476,69.52406489376754,29.436855354451616,15.717854894000247,0.010946425771173345,0.007820754475896917,0.00955323103781842,240.1956933096227,1.8998159629549822,4.468707424147475e-09,4.871322489392677e-09,174.33590484302266,0.9641343335337541,1.0227750285275876,0.9114135113703487
icp_id_0062,test_id,icp_bias_identification/test_id/icp_id_0062.csv,nominal,L,PI,1.356e7,2.0e6,393.2220900504308,190.3677228975665,-100.11955264488141,50.0,50.0,2.348181635100793e-07,1.6231135743166814e-10,3.192493502368739e-11,6.968353926832959e-07,1.8392116931088475e-09,4.408835564902319e-10,8.23816271134489e-09,2.7823245976490725,3.3985160979786757,0.08,3.1e-07,8e-11,1.0e5,1.0e6,2.5e-09,1.2e-06,0.0005040883614934534,0.0010619407101840658,8.171596296308289e-07,0.0018593870863662194,0.1248004400474483,1.4100193306146167e-11,1.4996239185934907e-12,35.21635897932955,0.0024409621552180724,0.019952359658884415,1.10608730613362e-07,4.7207054454210255e-07,1.7871444966475555e-12,0.00076492290727074,0.08860252660616255,nominal,1.1837389658435133,0.9192181353993258,0.9073336345565192,0.1137141275964649,1.129710302012927,1.1013202545902148,L,PI,0.002061572645327532,0.008353285072686723,21773581.33701645,4221811.230115081,0.3658725964892263,0.681115409836761,0.40658505808584444,0.2022845748272899,0.3403461579515281,0.574119901020145,-112.28758393707832,89.85503539333483,89.77790994763426,8.24065952834315,-27.966602179404287,-106.86752122921528,167.33908748326166,0.023610589774613465,205.51782930054418,5.078790867720667,-28.285864398202172,0.31926221879788125,151.1591106953522,43.96265875006889,11.793644034624313,0.029286974836718604,0.016953025034635652,0.005438201096883475,290.5907584793175,4.05633366665659,9.110390105843191e-09,1.1059421804146561e-08,115.66005297922906,1.1837389658435133,0.9192181353993258,0.9073336345565192
icp_id_0063,test_id,icp_bias_identification/test_id/icp_id_0063.csv,nominal,PI,L,1.356e7,2.0e6,58.23328388002336,49.999087092916994,-185.31221573684633,50.0,50.0,1.1909795123547482e-07,2.5021768216551145e-11,1.0398696523063847e-10,6.862235115259136e-07,3.0501157854012907e-10,7.227965793887287e-11,2.0846829168812055e-10,1.8833926355542239,1.0537799062835589,0.08,3.1e-07,8e-11,1.0e5,1.0e6,2.5e-09,1.2e-06,0.0003587570096574959,0.0009005122488723745,2.2563394000676624e-06,0.0010544410186432054,0.33445746660322734,1.5492939709309456e-11,1.2173420612881968e-11,78.17535773539787,0.0008424537096632792,0.14529605733177994,1.3815315786923588e-06,1.2979310355539834e-07,8.561632809875177e-13,2.0824596270613508e-06,0.12963453934359126,nominal,1.1458902446433288,0.9210271824940225,0.979837497802821,-0.04609891825738581,1.1359018134260102,1.049936167804994,L,L,0.006181096141560494,0.005677608672404248,47595756.90477172,10302452.157084845,1.3028146349064402,1.6672838337821443,0.200001957974155,0.18000000477544603,0.8107176809762534,1.1414006791374534,-198.7320700468605,169.31283420157106,169.1347444458325,0.3571427182597803,0.31738115054765986,-198.31092735860844,200.49025727596836,0.006841272264552293,26.72566964067409,0.20901623867205976,-0.03152261514189892,0.3489037656895588,30.77874770414045,17.518950238393796,10.117120728613136,0.007346294442347468,0.0042039396162414575,0.004783706769204302,37.685550088558955,0.1920162113302003,1.6886303880574586e-07,1.7302914086756472e-07,201.8147174062872,1.1458902446433288,0.9210271824940225,0.979837497802821
icp_id_0064,test_id,icp_bias_identification/test_id/icp_id_0064.csv,nominal,PI,L,1.356e7,2.0e6,75.35392854444983,127.35050931027614,-30.46501170056522,50.0,50.0,2.1540181015294023e-06,6.130538954087845e-11,2.2616507731082448e-11,1.0120621134986637e-07,5.271541625161968e-10,7.353923772767069e-11,5.313824664107536e-10,3.318134290655146,0.8067958846154134,0.08,3.1e-07,8e-11,1.0e5,1.0e6,2.5e-09,1.2e-06,0.001527975397846997,0.0006403120466196822,5.229363296077913e-07,0.0009308169894222967,0.4625733016683087,2.3752285520773345e-11,1.677290058306997e-11,63.15682436233016,0.000618625623782608,0.003523114177203912,1.2996550754310403e-06,1.3306023213808812e-07,4.2096217961518256e-12,0.0006248666052524572,0.11274115672538168,nominal,1.091781466766095,0.9147697875148825,0.9970056563959409,0.170240958753767,1.0205146774627005,1.0724567804682141,PI,L,0.0020369839915308956,0.008838409014216566,9352122.011715496,21040552.444624268,-0.5287306870951168,2.256046568199181,0.26665416165575784,0.1800000000000027,-0.12489516336955697,1.539811939458522,-44.120001170563995,94.89522504643608,94.89208993992236,2.226637652560157,-0.6416827991791129,-47.65916382098931,85.78390514759225,0.041601656991040944,35.9495867638141,1.3966183203753277,-0.7146946553133636,0.07301185613425085,86.11620315318017,42.46624518009547,33.27780497494907,0.0384085859344584,0.03136302367787442,0.035821218861902246,50.51411968815934,1.1039116850744313,2.3415424283877977e-09,2.424669836759534e-09,56.15241285700841,1.091781466766095,0.9147697875148825,0.9970056563959409
icp_id_0065,test_id,icp_bias_identification/test_id/icp_id_0065.csv,nominal,L,L,1.356e7,2.0e6,341.90779711575374,236.6243101903199,-194.82753782496997,50.0,50.0,6.248786066659266e-08,1.0067081106826562e-09,9.465931286395926e-11,6.010221885794396e-08,1.2294658519147043e-09,7.916145009759552e-10,1.5306675108260017e-08,2.9723265139783726,2.6854028657769655,0.08,3.1e-07,8e-11,1.0e5,1.0e6,2.5e-09,1.2e-06,0.001288440316002634,0.0004374556376863696,6.870395992465994e-07,0.0034709336507935005,0.24128555108738906,1.5899408388139596e-11,4.325367032251969e-12,79.7889765961328,0.003638432232746396,0.04189273806060231,1.0155028426361389e-06,1.896297390190697e-07,4.913626497075803e-12,0.0003348656632637213,0.16278729128873312,nominal,1.035059897781443,0.9037850297398997,1.0576214170021925,-0.035783238981481454,1.1628069586593694,1.092385991406879,PI,PI,0.006101316724440362,0.004520074915898355,19244384.157736924,16647884.963398708,0.38653415741338787,2.1408397741628775,0.3647376596086429,0.18000000000006694,0.36121011227628197,1.548248271842687,-209.3127207522311,224.42514949755792,224.22479540735347,8.285768730851522,-1.6402353756256456,-216.13739455658808,253.39425213379698,0.03387411168975322,174.2557851616886,5.109557403590768,-2.990441111766418,1.3502057361407687,154.87249118076568,81.8298533291958,56.979503767633204,0.03206239289410388,0.023740100271940956,0.028805143958088864,246.2710471156353,4.083112724993123,5.6010097850917584e-08,6.067780444935887e-08,232.50336522242725,1.035059897781443,0.9037850297398997,1.0576214170021925
icp_id_0066,test_id,icp_bias_identification/test_id/icp_id_0066.csv,nominal,PI,PI,1.356e7,2.0e6,346.37428954053604,253.25718079316016,14.422973855631993,50.0,50.0,2.032813443460166e-06,4.3500091738774575e-10,1.149723247215738e-10,2.0060684169291874e-07,2.329592549203189e-11,1.5524556154976642e-09,2.7005077466893864e-10,1.644783448838874,1.4408252589927686,0.08,3.1e-07,8e-11,1.0e5,1.0e6,2.5e-09,1.2e-06,0.002570062689018717,0.0009409798734028454,8.809656103435866e-07,0.0029136862680548092,0.4928146173659938,2.2386090820691805e-11,4.503657043694251e-12,95.59866564550896,0.0036884403392235853,0.010529372649173228,9.444696670416325e-07,2.2846733951276274e-07,4.936524859872275e-12,7.15997664077106e-06,0.10243303625005797,nominal,1.0069480085557962,0.9510310953965984,1.0245083069245695,-0.09287738305337032,1.0720709146695324,1.0869227558331924,PI,PI,0.007450800700480277,0.008054147288720245,4980255.4367657285,15615131.360964574,-0.9041654518408984,2.1124325785389075,0.20147383183432602,0.18000000000011063,-0.41505182607055047,1.4687834033729081,0.39130808399453976,146.61725781981525,146.5536442833929,5.523832132480911,30.46435470874917,-4.8809999318652295,142.0855155399237,0.06007650910526921,157.82968158763393,3.4064521702782398,30.790786350321596,-0.32643164157242877,180.37065808625803,81.69210801185449,65.72454655975183,0.05875029285185546,0.043423246480643725,0.04981336983041202,220.88670382721733,2.895879277398061,9.971785126704961e-09,1.2196801874074293e-08,21.219421534236126,1.0069480085557962,0.9510310953965984,1.0245083069245695
icp_id_0067,test_id,icp_bias_identification/test_id/icp_id_0067.csv,nominal,PI,PI,1.356e7,2.0e6,235.11548241845767,169.03982484497996,-185.9707395634602,50.0,50.0,4.0690962449656263e-07,4.641378982895872e-10,2.5795464513862355e-11,1.603378416067645e-06,5.6561462911399044e-11,4.7483235049518076e-11,1.767697778571838e-09,1.3818622945257633,0.6892586570359883,0.08,3.1e-07,8e-11,1.0e5,1.0e6,2.5e-09,1.2e-06,0.0004190392101499627,0.003414357322179176,6.252848155889172e-07,0.0025788392364452335,0.18546508326502772,1.3726140281422307e-11,3.59294353252729e-12,40.40436304838141,0.0031456538455516907,0.1609578536107381,5.504486434387562e-07,6.843342599475204e-07,5.385188248196675e-12,0.0002602335420354403,0.11930245638080429,nominal,1.1385231585389288,0.9007301996676875,0.9218569537081363,-0.0660336334383143,1.1213063366252913,1.0559622263447173,L,L,0.006323597566245453,0.010848531356721494,11163423.798726652,13665907.554679269,-0.126166729102596,1.9621834781537024,0.7184052546889739,0.18000000001036293,-0.00029858628013963717,1.33424281126274,-198.59649240132455,184.5119667407033,184.32368027046573,7.685607177049746,-26.275058252937285,-199.95234694253222,221.90991415102943,0.019766960360249473,145.50388077045764,4.729885020320691,-27.140349582016757,0.8652913290794774,100.87227271917887,52.30648133426614,36.64356917442607,0.019875634798204197,0.012619437438282718,0.01588630311055685,205.7244253436024,3.7657632993907337,2.6576650998617464e-07,3.2202434339251734e-07,210.41364320938544,1.1385231585389288,0.9007301996676875,0.9218569537081363
icp_id_0068,test_id,icp_bias_identification/test_id/icp_id_0068.csv,nominal,PI,L,1.356e7,2.0e6,206.73678152976476,163.14999449409555,-172.46516310288888,50.0,50.0,2.1250122055543345e-06,2.7261883441728906e-11,1.8612065734767039e-09,1.1079297322710289e-07,7.7898350677132e-11,2.0700993981128022e-11,2.5308696915873304e-08,3.4007205521449158,2.396044732545982,0.08,3.1e-07,8e-11,1.0e5,1.0e6,2.5e-09,1.2e-06,0.000784974622021054,0.0003046508197185338,1.3244212545197887e-06,0.0008780151266888539,0.5287260958782987,4.66783377701299e-11,5.117123961570558e-12,49.73963468297812,0.0033087670135079493,0.013596945989563465,6.718925080466077e-08,6.234433290607343e-07,2.954032252989536e-12,0.0006419619489905923,0.11555787253517343,nominal,1.0989296633586645,0.9050079887799826,1.0944740781204347,-0.0066422140077407165,1.1710750732405035,0.9303308513585394,PI,PI,0.0039102974063366415,0.005669237336345274,4270420.904744498,41612945.931178436,-1.1487475159069211,3.0392574295518315,0.20003015129210958,0.18,-0.4617751061415609,2.1597245110639465,-187.45508007682636,223.13487417952243,222.95144556720197,2.163136881038466,0.5655775054455408,-202.6076257133066,226.1756167783985,0.07482720713521258,94.07287864637253,1.3265476035827404,-0.9878162417793811,1.5533937472249215,153.35957327222843,68.49753735768763,45.80423132508486,0.07237725131656295,0.05318837716773541,0.06868559139202991,131.60889397840256,1.14550612956073,3.6441272045000477e-09,3.8764938543940005e-09,216.3071331848441,1.0989296633586645,0.9050079887799826,1.0944740781204347
icp_id_0069,test_id,icp_bias_identification/test_id/icp_id_0069.csv,nominal,PI,L,1.356e7,2.0e6,307.41251206638907,132.08811023267904,13.754046814832812,50.0,50.0,3.366210369246837e-07,1.8194490648464008e-10,5.071515971390809e-10,2.5148196518689705e-06,1.4185768625604548e-09,1.1762950825168385e-10,2.1084469528838618e-09,3.759738034895738,3.8418933729718026,0.08,3.1e-07,8e-11,1.0e5,1.0e6,2.5e-09,1.2e-06,0.0024085952134304885,0.0008508037587820048,4.520167592352533e-06,0.0014230904565334143,0.31270607826981994,1.6431018648395043e-11,4.553651726554366e-12,93.54974731162699,0.0047030557538490685,0.15797754660187865,1.5823826077221533e-07,1.9406122794079426e-07,2.3240049134631773e-12,0.00041902552503161487,0.16260847746527277,nominal,1.078703352511334,0.98336990641446,1.094886084578748,0.09557499687196117,0.9810480740608741,1.115608964500465,PI,L,0.0039104051503904445,0.00962010077754137,13559276.380453408,2565199.576811265,-0.09133270244163795,0.19312805544311132,0.6740824958482483,0.5149950776620111,0.13775391540188603,0.23969342069246824,3.4532895468040437,33.682597287487035,33.615357003048516,1.5594154961547217,75.7640421349217,-12.9854109431085,93.35255186617945,0.024822872964843992,186.19434515661482,0.9332499932739079,75.67288143300074,0.09116070192094748,124.5878745322251,35.34199722165544,3.6343477243125593,0.030060712032837847,0.0197469206089958,0.00462326555476609,263.51450763103423,0.8746008509963611,1.997392560002597e-08,2.6928250675759985e-08,20.05381038743959,1.078703352511334,0.98336990641446,1.094886084578748
icp_id_0070,test_ood,icp_bias_identification/test_ood/icp_id_0070.csv,ood_nonlin,PI,PI,1.356e7,2.0e6,137.8505239661623,238.65763286528804,-178.6818619797529,50.0,50.0,4.15228558352908e-07,3.49550160856796e-11,9.714679760520665e-10,4.549680912616817e-07,3.2648723375604636e-10,2.3323523805918924e-10,6.896915345567811e-10,2.1388243759527508,1.4345691192128247,0.08,3.1e-07,8e-11,1.0e5,1.0e6,2.5e-09,1.2e-06,0.0009423240455560273,0.0002934362988896692,4.7435970706462455e-07,0.0022458491481199667,0.5432408912075726,2.6385546983853936e-11,3.516832832548971e-12,108.02630855506395,0.0007912876244983228,0.019327101272098753,3.312094138863607e-07,1.4073375827162233e-07,2.6205859448885775e-12,7.694002815827448e-05,0.0941881352758158,ood_nonlin,0.7424621861762539,1.049515304172191,0.9341969484423494,0.24502938216656617,1.6113634059975153,1.4522275477252835,PI,PI,0.010763785903892093,0.0229283744175183,12854707.7546605,11443502.937674347,-0.272573305806867,1.6071097514168555,0.5422848356265133,0.1800000248563841,-0.04297409939613933,1.1219695260770521,-191.4766230883936,184.50980071558317,184.34053800565857,5.377159850936873,-6.80549571551169,-189.08202634907286,236.32614527595908,0.05564957405955684,77.65292050103483,3.331172021219925,-7.9412156589385745,1.135719943426884,152.26215747282637,67.70336257063076,44.47171294756291,0.05813237765714209,0.03719048022848673,0.04044005512644006,109.61953418878882,2.6428165798166563,9.64179691415164e-09,1.0803747336566992e-08,202.62269886319902,0.7424621861762539,1.049515304172191,0.9341969484423494
icp_id_0071,test_ood,icp_bias_identification/test_ood/icp_id_0071.csv,ood_nonlin,L,L,1.356e7,2.0e6,328.5156471412974,95.82488032911814,-86.63421986140908,50.0,50.0,8.375778607355525e-07,1.841863412609969e-10,4.68229666459267e-11,1.2614750721391844e-06,1.4346152188272717e-10,3.6264582016744095e-11,3.9324864551391126e-10,1.1325764187194673,2.0098548511764185,0.08,3.1e-07,8e-11,1.0e5,1.0e6,2.5e-09,1.2e-06,0.001433518363491607,0.00023024617017716682,3.755112100926047e-06,0.003985282545461772,0.7521956449929357,2.2871919547911872e-11,9.936345366248626e-12,39.79938146522899,0.003932291767758122,0.028020693254314354,4.136148622124803e-07,3.0338356575368756e-07,3.895323479939688e-12,0.00023810028874360462,0.26547941464640157,ood_nonlin,1.4223078786934487,1.3708135664305592,1.3416255262037027,-0.2512167223132304,1.6304070273112081,1.4206823993834121,L,L,0.006081898776723278,0.010774891549642233,11701045.308465024,10159646.077796713,0.14185958412169655,1.7886545874622057,0.7650696490465707,0.18000000037871944,0.13465159220290648,1.2452209116860686,-105.00912306179131,92.99826337052835,92.91683825464793,1.8884244749286259,50.96490815225518,-105.01861497186701,118.7983512855075,0.01823367545312556,208.39135243712292,1.1548260877822827,50.4055767435172,0.5593314087379786,56.87135294662338,29.42617241736695,19.452562162679985,0.017502569819445295,0.012280450776896015,0.013787617739900001,295.0509907027969,0.9557112320971491,2.2068822106239048e-08,2.837076942214581e-08,110.9038494553404,1.4223078786934487,1.3708135664305592,1.3416255262037027
icp_id_0072,test_ood,icp_bias_identification/test_ood/icp_id_0072.csv,ood_nonlin,PI,PI,1.356e7,2.0e6,165.8120571431543,273.67996223513967,-144.433417744019,50.0,50.0,3.397758882600216e-07,1.4959072568005935e-09,5.975415587503238e-10,1.298679828523572e-06,6.617179863132085e-11,1.5716296409124488e-10,2.236918346062579e-09,2.7089021099927466,0.7485447606293277,0.08,3.1e-07,8e-11,1.0e5,1.0e6,2.5e-09,1.2e-06,0.00046316192620231923,0.00040164741289147935,1.8456527858932332e-06,0.0027162086293013735,0.323324875921233,3.2205497844577135e-11,3.984509439492855e-12,77.6185484118839,0.0029328997421431136,0.00536541214262487,2.692873516084685e-07,6.077271839146407e-08,5.928381451349214e-12,0.0005030604775534167,0.16503393629475666,ood_nonlin,1.3928085669872152,1.2773396880853338,1.0843004444347262,0.22117679977796975,1.346387770061773,1.4236287623244166,PI,L,0.009178866454144738,0.015535809105852564,6565724.93953531,12330196.621049652,-0.925076339752832,1.6942945522483153,0.20099853279468233,0.1800000057905392,-0.37334688136442035,1.1366893890505088,-159.28399655062987,173.25762138133908,173.12930899151985,1.2718204789950747,0.06692542995341136,-156.84666913457826,225.49263852894487,0.078340440208766,75.55838073949565,0.7877484997081994,-0.9548580150013823,1.0217834449547936,184.7570339551116,76.44197515421862,54.11475488746282,0.07760354158908415,0.05218067128772696,0.06096297150010888,105.77821229859215,0.659105227551988,3.3641783042173114e-09,3.5533703822295278e-09,172.135064165422,1.3928085669872152,1.2773396880853338,1.0843004444347262
icp_id_0073,test_ood,icp_bias_identification/test_ood/icp_id_0073.csv,ood_nonlin,PI,PI,1.356e7,2.0e6,104.67558576188027,89.89486178834902,-190.23895207667903,50.0,50.0,3.8058886527512007e-07,1.871416388168801e-09,9.771830881530346e-10,1.590387124523482e-07,7.625464022489791e-10,7.818028690354575e-11,9.799803276463496e-10,0.43884053232113224,1.3541870017182775,0.08,3.1e-07,8e-11,1.0e5,1.0e6,2.5e-09,1.2e-06,0.00033163674773629146,0.00038614702413545507,9.299941017965288e-07,0.003783267583704716,0.7810143954844417,2.303250323487756e-11,2.4828544694678734e-11,31.14262767901032,0.004220870221697528,0.14180792559349764,2.021258841561296e-07,3.127040694424071e-07,3.984361264594964e-12,0.0002790750415161988,0.11047722323143715,ood_nonlin,1.2894778610573692,0.8705826641189485,1.2505533456982818,-0.20384075167986646,1.6633973215846545,1.3536150477650668,L,L,0.012850213421834688,0.016015659094850764,5533850.778662931,13995903.441195741,-0.6682843135303083,2.076072995507888,0.2235591199976909,0.18000000000042088,-0.34561434582561296,1.4209161792855727,-207.36653069935596,184.52791772209073,184.33696449921476,1.6299575341167103,-0.9271950919983101,-208.81438908028196,214.97315933584963,0.018649966557560616,48.43833241025813,1.0106044718896887,-2.138969501279479,1.2117744092811693,57.91058505644052,33.516561362696955,19.67044096120858,0.018467799355899924,0.012567894946473155,0.014763005686078677,67.86426316874211,0.8409422871567326,1.606816698573848e-07,1.7244680570861063e-07,215.51770135282135,1.2894778610573692,0.8705826641189485,1.2505533456982818
icp_id_0074,test_ood,icp_bias_identification/test_ood/icp_id_0074.csv,ood_nonlin,PI,L,1.356e7,2.0e6,390.3339067926239,76.03890947521484,-35.219219507675085,50.0,50.0,1.9174232930254818e-07,1.1919679981755622e-10,6.414087355619039e-10,1.6137717764670646e-06,1.7279790414600616e-10,8.14738033074036e-11,9.951512785428557e-10,1.336177586373332,1.445036810343518,0.08,3.1e-07,8e-11,1.0e5,1.0e6,2.5e-09,1.2e-06,0.00022700757623681593,0.0008694500881577522,2.0475900408966703e-06,0.0026049395452942877,0.374681159029588,2.0475416130022246e-11,7.9519244443215e-12,111.96298606728426,0.005172315244096485,0.10269414119641034,6.374774769992988e-07,8.669037609600594e-07,1.8335314388280063e-12,0.0002035241390909068,0.09710399102616635,ood_nonlin,0.8238421565406209,1.0047394239867413,1.0358558092944077,-0.21332481157600164,1.324545857542071,1.4722364011747635,PI,L,0.014508175047253722,0.018834210329008037,19759800.345723107,8331239.695096251,0.6164651427419395,1.563825078982351,0.2386508467376039,0.18000006792854142,0.40586470782673334,1.0840609310612688,-49.406299771109865,58.21023379384239,58.205873687824294,2.9241034628256855,-7.661326325683439,-48.42811507281078,66.37459451561327,0.017801671053076156,183.6841794562135,1.8005347331618282,-7.795204194357748,0.1338778686743077,50.8767815529887,20.590315804384236,13.890197027480918,0.01890592176615519,0.012102691337507502,0.012262869159253278,259.05037986726063,1.4429101472118262,2.18189653277698e-08,2.4276533646962438e-08,52.54617823368763,0.8238421565406209,1.0047394239867413,1.0358558092944077
icp_id_0075,test_ood,icp_bias_identification/test_ood/icp_id_0075.csv,ood_nonlin,L,L,1.356e7,2.0e6,384.02290473176924,158.56716394164098,-172.3892182709048,50.0,50.0,3.0949618751175835e-07,2.9461807965360685e-11,1.3990386913644474e-10,2.0281922505171717e-07,1.5139748191923866e-09,2.5312548654990773e-10,4.524984798674493e-09,1.215920393902145,1.0281284548799259,0.08,3.1e-07,8e-11,1.0e5,1.0e6,2.5e-09,1.2e-06,0.0002685347217494436,0.00028777988827505203,1.1600215295155493e-06,0.0011442507465548606,0.7106835890716724,5.2495690896009704e-11,1.5366015029300377e-12,119.9382234758773,0.0028558048605967163,0.05181280868389323,2.403340424593306e-07,1.0914641867556723e-06,1.084309889685282e-12,0.00021137938745941797,0.121202200736793,ood_nonlin,0.8309002302733655,1.2460296239487125,1.2789287290749272,0.21048266855459907,1.4028727602036999,1.405087112783205,L,PI,0.006200774259212188,0.021998626195243034,29236135.541956253,8806200.59133993,0.5772620005259436,1.363380214193211,0.2552977589492721,0.1800042199441123,0.3782901199843762,0.9034582743532498,-189.90535706261565,156.8296014235902,156.6610565168727,5.146825015929973,-17.169351805352097,-185.90440972912293,210.86122584392905,0.06440129353105661,182.6675522595448,3.1757720568182948,-18.194315050686132,1.0249632453340338,93.68819949947716,38.243438341363955,22.240730923745303,0.07391523827419456,0.04039507034511392,0.03713297165584188,257.67155033995084,2.534713997245686,1.727289790504433e-08,2.0301859278696068e-08,193.55309739739573,0.8309002302733655,1.2460296239487125,1.2789287290749272
icp_id_0076,test_ood,icp_bias_identification/test_ood/icp_id_0076.csv,ood_nonlin,PI,PI,1.356e7,2.0e6,80.34316301118852,112.73713951291079,-129.2214970323111,50.0,50.0,1.46140318301941e-07,1.8295926542489025e-09,4.677227037889812e-10,1.498374088663335e-06,1.432919347921831e-10,1.6147404393139855e-09,1.9717198620630395e-08,3.0224773499324518,0.5911498902091494,0.08,3.1e-07,8e-11,1.0e5,1.0e6,2.5e-09,1.2e-06,0.0019222146326577697,0.0034722758123797524,4.7680607643657094e-07,0.002603458569905099,0.20381652436120726,1.598717561148634e-11,2.462565446890713e-11,105.75761893389148,0.0007519652884554456,0.020081732376013302,2.5504824500306693e-07,2.874260760486125e-07,1.90608770297101e-12,0.00010181060216836189,0.04504737507639442,ood_nonlin,1.15650758098473,0.9357262617605966,1.2396897992353348,0.1202845113807009,1.4294776841935457,1.3577857956704664,L,PI,0.012856859451072018,0.0196004162771017,9239504.650445879,5141349.7077028435,-0.4972186886206206,0.8744831620684452,0.2795061972308568,0.1830848104546091,-0.12234641124471873,0.5425205240195423,-146.1513386595579,103.69069796119886,103.58046537323149,2.6266776097571976,-0.07881667077318145,-141.7094519246318,161.6160229036518,0.028154065573013826,38.6502300953402,1.6466118039796642,-0.5369491473066409,0.45813247653345945,71.55301907941993,23.791364008899674,8.585911019351917,0.03295778524693447,0.023023070248834692,0.009585298068045884,54.324447217509984,1.3016079195552237,5.791619589233893e-09,6.0227139634084035e-09,146.46772472641172,1.15650758098473,0.9357262617605966,1.2396897992353348
icp_id_0077,test_ood,icp_bias_identification/test_ood/icp_id_0077.csv,ood_nonlin,PI,PI,1.356e7,2.0e6,209.67819974969368,75.7872353124121,-165.3546674199315,50.0,50.0,1.8987492062170633e-07,3.968001817251583e-11,9.793725855221376e-11,2.396518859042499e-07,3.515547670623543e-10,1.6006268413812922e-09,9.384839415573458e-09,2.3041783564796807,3.8775980559367667,0.08,3.1e-07,8e-11,1.0e5,1.0e6,2.5e-09,1.2e-06,0.0019241041879427536,0.0019669547710519475,8.412306692621233e-07,0.002562285582487514,0.45060144024933174,4.358404970052799e-11,2.0260357413681357e-12,92.29544288136562,0.002814993229130979,0.01250566827195303,1.5199595574926233e-06,1.090168817622207e-06,5.577227057196899e-12,0.0004883311410460689,0.050462907062892436,ood_nonlin,1.1030846690073706,1.402516713435366,0.8677554440157359,-0.06475539855071973,1.4841490849622894,1.488100400747581,L,L,0.012648953365144168,0.018369799397899643,34038015.68892227,10781454.56531651,0.9873009040620504,1.724308472512064,0.20039316599570522,0.18000000206109112,0.6582244150581118,1.3314753980340241,-177.23944595827794,153.51279378306725,153.3565030185564,3.5870782612602383,8.84328773494949,-177.85212791224632,182.99888289532228,0.028153840784740924,96.2660376174753,2.1471438972990406,7.835110707674079,1.0081770272754111,44.53483405785167,26.111043283243948,14.70369868619889,0.029721526485839773,0.01879272448336167,0.020976658219794834,135.75173730690707,1.8504043908004149,1.3554876936918631e-08,1.5167238543959697e-08,183.07433656889512,1.1030846690073706,1.402516713435366,0.8677554440157359
icp_id_0078,test_ood,icp_bias_identification/test_ood/icp_id_0078.csv,ood_nonlin,L,PI,1.356e7,2.0e6,211.51513379746802,158.08767691511656,-57.65698680541886,50.0,50.0,1.9966454036424767e-06,4.427610265804087e-10,4.507887720623619e-10,3.3170135982605834e-07,4.29342951164506e-10,8.91914847452236e-11,5.172837661210334e-09,2.194222454185479,0.9497096606339599,0.08,3.1e-07,8e-11,1.0e5,1.0e6,2.5e-09,1.2e-06,0.000895525926912399,0.0013948317216649839,9.061529439709166e-07,0.0029572286423948466,0.1313718707973139,2.5945062646334798e-11,1.0257786320986804e-11,31.013331277426193,0.0010485198225284138,0.07692381089613998,2.755593863641426e-06,2.0956841566368852e-07,5.0481225048029935e-12,0.0006630383324000659,0.10165358552144815,ood_nonlin,1.1839206888485396,1.2652634161384428,1.3138035699711652,-0.17514013637672562,1.3302550405175528,1.5144028902178448,L,PI,0.0134522555755045,0.01767624194045759,4516641.592562093,12678166.85790965,-0.9068138059818207,1.9577596997273037,0.20134641779386767,0.1800000000153082,-0.3890364705807275,1.3128129872431173,-75.6508404994865,95.54023182287101,95.50713857694068,3.29428626260337,-3.2494382857953195,-76.60063105736852,118.55913119237317,0.042492209784580896,96.39351810460246,2.0369405760304007,-3.655657077627307,0.40621879183198734,105.64344206047514,48.64299957861426,36.5563887842074,0.03995705068943227,0.030048040469354418,0.03568404248473201,134.93120410841115,1.7135524184489466,1.4452651370048337e-07,1.561777186482073e-07,86.32923097309137,1.1839206888485396,1.2652634161384428,1.3138035699711652
icp_id_0079,test_ood,icp_bias_identification/test_ood/icp_id_0079.csv,ood_nonlin,PI,L,1.356e7,2.0e6,273.3216652395989,270.4454048055319,-13.035990173430786,50.0,50.0,2.237016170074281e-06,1.0797206915901326e-10,2.1686072598431885e-11,1.1461521671062161e-07,4.6416029718082844e-10,3.3707252205526704e-10,2.7313787937616203e-08,1.905469805188012,1.340462951636338,0.08,3.1e-07,8e-11,1.0e5,1.0e6,2.5e-09,1.2e-06,0.00047855948101438965,0.00044545561203061655,1.683941188141568e-06,0.003991684424041329,0.5636011201497452,2.3458092875439902e-11,2.4347902828158036e-11,37.46629370486297,0.003355917181467441,0.26135383101575593,2.49428892800035e-06,5.27186748503067e-07,3.847176467341726e-12,0.0003231749918514833,0.10674072770077292,ood_nonlin,0.6339405889372388,1.072333336080663,0.8804565510714769,0.17074992747994996,1.4715951516554604,1.523366070459049,PI,L,0.00845225299691296,0.01731603657843315,8614426.983235098,19319889.89938126,-0.6113304357266366,2.1704530130503517,0.23825481445970922,0.18000000000003016,-0.24095824939024954,1.5159037326313447,-25.094723096905394,155.32676696965754,155.30407682275262,2.4182493572459225,-3.100218627494297,-31.987511370617465,155.66590850575955,0.07906042248257909,127.84601947085261,1.5111769895264293,-3.094559221607286,-0.005659405887012385,189.18905772074183,92.1504605667609,71.20017141096628,0.07479489434797543,0.061318224269267606,0.06175115567725512,179.339554447488,1.2203977071983982,5.253991520005791e-07,5.624028833757569e-07,50.41760348396964,0.6339405889372388,1.072333336080663,0.8804565510714769
