case_id,split,file_path,family,design__topology,design__F_BIAS,design__VAC_BIAS,design__R_GEN,design__L_MATCH,design__C_MATCH_OUT,design__C_MATCH_IN,design__C_BLOCK,design__CABLE_LEN_M,design__CABLE_R_PER_M,design__CABLE_L_PER_M,design__CABLE_C_PER_M,design__RETURN_LEN_M,design__RETURN_R_PER_M,design__RETURN_L_PER_M,design__R_STAB,design__TSTEP,design__TSTOP,truth__g0,truth__kd,truth__c0,truth__cnl,truth__vscale,truth__alpha,truth__tau,truth__beta_mem,truth__c_asym,truth__g_emiss,truth__c_stray,truth__tau_s,cond__family,cond__pressure_proxy,cond__wall_condition,cond__asymmetry,cond__resonance_shift,cond__nonlinearity_boost,cond__memory_boost,cond__preferred_topology,cond__noise_level_v,cond__noise_level_i,meta__f0,meta__f_ideal,meta__detune,meta__q_match,meta__phase,meta__vdc,metric__objective,metric__v_rmse,metric__i_peak,metric__avg_power,metric__selfbias,metric__v_rms,metric__i_rms,metric__p_abs,metric__v_h1,metric__v_h2,metric__v_h3,metric__i_h1,metric__i_h2,metric__i_h3,metric__density_proxy,metric__ion_flux_proxy,metric__ion_energy_proxy,metric__pressure_proxy,metric__wall_condition,metric__asymmetry
ccp_id_0000,train,ccp_identification/train/ccp_id_0000.csv,nominal,PI,1.356e7,209.99698199355353,50.0,2.396922659685462e-07,9.676402540434517e-11,2.2575258706377198e-10,1.0135514375130152e-10,0.8975263730588402,0.08,3.1e-07,8e-11,1.7452217221395867,0.03,2e-07,1.0e6,2e-09,8e-07,0.003394135361188641,0.15235279529398577,1.9552571296777014e-11,2.7535672144222906e-12,61.46497467573713,0.16414135211346523,1.3008140317248657e-06,0.033490565226256735,0.010033994983247823,0.0006118098484424341,3.975279515326815e-12,2.2649829766595293e-07,nominal,1.0571646607717722,1.0727554541032984,0.29417332610087676,-0.05230955024288953,0.9317578705004042,1.0450689740417205,L,0.006977496571588102,0.0117909061717111,23355919.532691687,12850682.498706417,0.5974535424926488,0.18349486877057142,0.35205222120295454,-9.336732987208105,46.74254555863024,46.731687560707876,0.7953197063206472,2.7280741273799722,-8.300036427930289,151.03301812342184,0.33965041495151044,2.7280741273799722,208.46375574733088,43.88971929976142,16.569300211527942,0.43896019423973953,0.15357336533556865,0.10358399599553902,1.2357540734907317e-07,1.3990405137285512e-07,16.200185901887345,1.0571646607717722,1.0727554541032984,0.29417332610087676
ccp_id_0001,train,ccp_identification/train/ccp_id_0001.csv,nominal,L,1.356e7,389.434834647065,50.0,1.4716444748353318e-06,5.701264967927398e-11,9.5312622487527e-10,5.277278171389176e-09,1.8803630543800212,0.08,3.1e-07,8e-11,0.8701245317618814,0.03,2e-07,1.0e6,2e-09,8e-07,0.003978938916544593,0.4335000397997904,4.2348474125156025e-11,4.4530553398553586e-12,54.53090964039357,0.05621390086682436,1.9003946305036356e-07,0.012999237484813334,0.041896721685445476,0.00011003899052576604,5.338562421384304e-12,1.9391831903504053e-07,nominal,1.1089876713274125,1.0057743456474315,0.38839045254689925,-0.16265117789984718,1.1853504355098499,1.0857147519322279,PI,0.003028717972363628,0.005235882698494125,6339984.602668562,11354450.027678072,-0.582733400165073,0.19257440778074147,-0.3078552430716649,-19.296763400016154,166.5751385906125,166.55617818362282,2.636276656801229,-1.3486119170596456,-15.243496457408085,275.7962746154961,1.2453666239268497,-1.3486119170596456,377.79421315644726,83.66520616480322,29.162696493897766,1.585788032044305,0.6462052709428069,0.38979197344151856,3.816512445485191e-08,4.171080958960338e-08,30.303233567072667,1.1089876713274125,1.0057743456474315,0.38839045254689925
ccp_id_0002,train,ccp_identification/train/ccp_id_0002.csv,nominal,L,1.356e7,291.79570487670287,50.0,1.2241275978705795e-06,4.213338918409574e-10,2.346549259807162e-10,2.7925428896651285e-08,2.9556202942425203,0.08,3.1e-07,8e-11,1.285416668561835,0.03,2e-07,1.0e6,2e-09,8e-07,0.003607218669242008,0.22129203541250145,3.2370457467040804e-11,3.82007574236848e-12,136.77804631980356,0.01756821771884642,2.1542757958072475e-07,0.034828572086319946,0.012007182139927273,0.0013302310069850042,1.1815187858502942e-12,5.388191026782717e-07,nominal,0.9310759253020146,1.0417901704704229,0.35640871264852675,-0.11810229032407346,1.084882835114064,0.9892347332054197,L,0.006443353661849389,0.007584643126835659,6064798.430019117,11958532.943205563,-0.6789437704949003,0.18177474339009297,-0.31099512451042355,-14.319968340956297,101.24633182730305,101.2323232722946,1.5495916930061215,1.2270176323654531,-11.237908791213977,206.77845878427954,0.71648600545346,1.2270176323654531,283.1889907709312,61.949684497844565,24.18443125304771,0.8958803526334153,0.38615626304593226,0.26273818136139654,6.061731232238798e-09,6.598901622358555e-09,22.388852000826,0.9310759253020146,1.0417901704704229,0.35640871264852675
ccp_id_0003,train,ccp_identification/train/ccp_id_0003.csv,nominal,PI,1.356e7,296.4350154266341,50.0,2.027744964193354e-06,1.606101987477777e-10,2.3030931670473893e-11,7.589790834281557e-09,1.6484568657155676,0.08,3.1e-07,8e-11,0.8590947425809744,0.03,2e-07,1.0e6,2e-09,8e-07,0.002372219026963807,0.10822291080591588,2.912729088485792e-11,5.366156708674222e-12,85.06046684094551,0.0030005862994912304,5.322654247475546e-07,0.021601683363379417,0.007052594545478988,0.001382865800680942,2.193565398058521e-12,2.632520126838011e-07,nominal,1.1001449334138544,0.9836684434729038,0.09090594031390614,-0.018951923046712716,0.9479785405768306,0.9368463943890996,PI,0.0058768409031020145,0.0057709419416808435,7870910.00724433,13303011.923486575,-0.5248167843659783,0.20395612806449998,-0.23008831875577254,-3.6189734996858722,104.63533002445372,104.6341441473706,1.489112435215138,0.5038382800980301,-0.7381786296283063,214.6271945746957,0.675706690813064,0.5038382800980301,295.42088168453347,64.4667435316842,17.846192920667914,0.8623166961233553,0.35019536340911456,0.1968364508945969,4.075092631633324e-09,4.306497799181355e-09,12.342192465331463,1.1001449334138544,0.9836684434729038,0.09090594031390614
ccp_id_0004,train,ccp_identification/train/ccp_id_0004.csv,nominal,L,1.356e7,460.76047780944975,50.0,6.25514280875913e-07,1.3256248380249206e-10,1.1535447494072138e-09,2.7897666825871223e-10,1.3593500662581186,0.08,3.1e-07,8e-11,1.5755158413081678,0.03,2e-07,1.0e6,2e-09,8e-07,0.003531200564918449,0.17076156902465914,1.4857026321846864e-11,1.0100121430188703e-11,126.8331420939459,0.0029437143724123887,3.84150775608385e-07,0.04681981226650146,0.041946257815332656,0.0015841262995564824,1.8110250159188772e-12,1.256460442489051e-07,nominal,0.886299783485153,1.0641923270942972,0.2636301589388895,0.06636217172035863,1.0257554779689333,0.9878600270110832,L,0.007484269528382531,0.004481484576690102,8477315.635862084,14459871.048528062,-0.5339834515692713,0.1918075233930882,-0.3865441632745308,-15.017871748171958,214.70534486310055,214.69277540224687,1.492600097484004,-1.0373230072666348,-10.090836618138896,322.0390407109277,0.6346055041869808,-1.0373230072666348,442.104886760099,95.74977112378863,30.99128541021219,0.8073198459499937,0.29982253276788284,0.22939519048258666,5.963680784555821e-09,6.449596988172046e-09,27.325795420420846,0.886299783485153,1.0641923270942972,0.2636301589388895
ccp_id_0005,train,ccp_identification/train/ccp_id_0005.csv,nominal,L,1.356e7,136.15593216342583,50.0,2.0368610467998576e-07,5.635753675026414e-10,1.2942687125842577e-10,6.158766838071478e-10,1.9101215876480038,0.08,3.1e-07,8e-11,0.15299428192188758,0.03,2e-07,1.0e6,2e-09,8e-07,0.0020553042443959136,0.4988646748695624,2.077517773786823e-11,3.1914503499713927e-12,127.03521925624659,0.195187041398241,7.713322888374048e-08,0.050234289111783265,0.01586776345128466,0.0003168816434053927,4.322070100218313e-12,1.568714502752546e-06,nominal,0.8974614745440985,1.099167776013113,0.2403251374991242,-0.10209098280636596,1.1156295128228226,0.9451205652942657,PI,0.007834412255995531,0.009213876065687967,13863132.689875051,12175646.273145678,0.1297952424796623,0.42780727060909457,0.22250836512713093,-4.479638039957127,22.61427886412095,22.60939191371886,1.00293096920938,0.6409520762114578,-3.8286430685899373,101.13628616232627,0.2605048783530879,0.6409520762114578,139.98765368403465,29.435661234958715,0.8192628418757437,0.34099900942964767,0.1263794666784529,0.0209634409458365,1.0411840552091265e-08,1.1078693807035546e-08,9.127062090882506,0.8974614745440985,1.099167776013113,0.2403251374991242
ccp_id_0006,train,ccp_identification/train/ccp_id_0006.csv,nominal,PI,1.356e7,275.7373789326653,50.0,1.8850119647456384e-07,1.2272247580797444e-09,1.107452879407693e-09,1.246068557035222e-08,2.3665695955811703,0.08,3.1e-07,8e-11,0.47231632487279135,0.03,2e-07,1.0e6,2e-09,8e-07,0.0011952454244015989,0.24101566252310516,1.6015360398944757e-11,4.432681192161838e-12,138.39867886600587,0.004355809214475762,2.48163203489125e-07,0.03424200769423418,0.022042411482472917,0.0013430200539431318,3.643091405871244e-12,2.0524838238501607e-06,nominal,0.9123670956476753,1.0576090715379225,0.1711773200108564,-0.13952308998865343,0.9952204920171129,0.9149391268230448,PI,0.0039845890163278325,0.005955183337671798,8991373.823561827,11668066.89975386,-0.2605901319312275,0.3409193350131357,0.04109920860845622,-5.613119370629906,89.79825353291108,89.79304610461939,0.8826522879427172,1.920167510592493,-3.7859273414241907,206.01144408314673,0.4160389881496132,1.920167510592493,284.7564438669017,62.00400981384729,6.004958031295018,0.5466936039489344,0.19825504393261795,0.06668474332600655,3.633896927499878e-09,4.036736522250894e-09,14.946649107916702,0.9123670956476753,1.0576090715379225,0.1711773200108564
ccp_id_0007,train,ccp_identification/train/ccp_id_0007.csv,nominal,PI,1.356e7,205.61795237000777,50.0,1.0963605307302163e-06,1.1188670759612411e-09,9.741866662137701e-10,1.1261570236871596e-09,1.7009936750554846,0.08,3.1e-07,8e-11,0.9177194658605679,0.03,2e-07,1.0e6,2e-09,8e-07,0.0018793633654149377,0.2868997121909543,3.8128098817159205e-11,4.8192808743428165e-12,132.24442945786816,0.15578446361883372,7.031265158584602e-07,0.05280634896943104,0.01926283027704142,0.00013698866904550015,5.693277331750008e-12,1.0775015360359925e-07,nominal,1.0187796605215569,0.9450290448761894,0.1448479170357687,0.1736425208269434,1.054065380825863,1.1362732031593752,L,0.002576607460099741,0.007059126359448856,3932689.0405028914,15914592.582413353,-1.397913034685043,0.18000000061614654,-0.7981487937177355,-4.547221675096704,85.08384560526625,85.08017111560424,1.0453982484679913,-3.8058225442960882,-2.023502561554509,122.9626333609109,0.6066336410161343,-3.8058225442960882,164.45069773077287,36.102826457637505,37.084369070393016,0.7054961154326107,0.2798307586910053,0.39950003661169053,4.2711529516166166e-08,4.93774384797712e-08,8.52201132392926,1.0187796605215569,0.9450290448761894,0.1448479170357687
ccp_id_0008,train,ccp_identification/train/ccp_id_0008.csv,nominal,PI,1.356e7,317.4279999646434,50.0,1.2650354194393347e-07,5.244580375416211e-10,1.380185734930988e-10,2.0078073934290707e-09,1.5130324492236866,0.08,3.1e-07,8e-11,0.5426694821513446,0.03,2e-07,1.0e6,2e-09,8e-07,0.003922595082213007,0.12452496442884108,5.508525304351393e-11,1.0514861386578895e-11,35.35102418862122,0.1366523133365077,6.054016495658787e-07,0.016906739032351067,0.030737092927156196,0.0001207873637097353,2.5892067811758894e-12,2.0935461292269338e-07,nominal,0.983013613365923,0.931746234405357,0.40273881112387605,0.04735256578945155,0.9158997911497135,1.0100708779308192,PI,0.006268625215325957,0.005027233350074976,18222210.65171818,14202100.792104963,0.2492513187503959,0.45846952092100957,0.2893460242242681,-12.774500759285472,113.40134911842497,113.38605772504665,3.7575136016191393,4.018155466089515,-11.425162815265855,229.4447170432394,1.2452461846769471,4.018155466089515,318.29834568023347,59.910618854158464,9.5263602088498,1.6208202752381202,0.6076623793487649,0.21965377003644948,2.161232600944881e-07,2.5078136923739037e-07,22.20907420901438,0.983013613365923,0.931746234405357,0.40273881112387605
ccp_id_0009,train,ccp_identification/train/ccp_id_0009.csv,nominal,L,1.356e7,309.15385071268184,50.0,4.760360293395621e-07,2.841541359171415e-11,1.1582350798470742e-10,1.3813570833849e-08,3.000833965222509,0.08,3.1e-07,8e-11,0.8311102627240862,0.03,2e-07,1.0e6,2e-09,8e-07,0.0024991128034734605,0.4107847670899948,2.4295035648888442e-11,1.6646004322710016e-12,73.21888251175469,0.0033394371242439548,1.4351995018866916e-07,0.026124761617755374,0.004675565102838997,0.0024643975356182114,3.840464916970117e-12,1.7582981047880209e-06,nominal,1.053860361817948,1.0451901116740736,0.10364156215690908,0.10207057114028076,0.9015398205948145,0.9650380508887331,L,0.0047416091905135085,0.005568258468215492,20312123.561719105,14944076.944662206,0.30690289723228004,0.2873435071145739,0.37476201642584006,-3.9188908776640505,105.41658029332682,105.41183976098787,1.4409290851132257,4.756976894842005,-2.6411219683065403,219.81822158430415,0.5709034490816091,4.756976894842005,305.1564693904854,61.02319987535382,12.844592088076585,0.7488575633665869,0.2613218721239524,0.11093298750324852,2.081676910738751e-09,2.4448961405873556e-09,13.625297945870228,1.053860361817948,1.0451901116740736,0.10364156215690908
ccp_id_0010,train,ccp_identification/train/ccp_id_0010.csv,nominal,L,1.356e7,172.79201075165938,50.0,1.7517653547886694e-07,1.9131353526380924e-10,3.346149844216378e-11,1.3196009769772638e-10,0.29367337000814403,0.08,3.1e-07,8e-11,1.3117334507736327,0.03,2e-07,1.0e6,2e-09,8e-07,0.001390001997932899,0.36605514782315,1.6520250225306942e-11,1.3129954789597414e-12,137.48415257733268,0.04671309717197206,8.909974765220386e-08,0.058689797434195036,0.008836405616681383,0.0009111859110359491,2.9700005879700345e-12,1.7373548278368468e-06,nominal,0.9236854664399988,1.0869520823664405,0.09912698718229063,0.0919544430382447,1.1657137653091827,1.0943378222804736,PI,0.00639882452094463,0.007843031552875102,26309613.98935551,14806902.247598598,0.5748409831770601,0.1856167698342673,0.2620212317961951,-2.7630758696782394,25.995940002886275,25.99347170481789,0.578033701665108,1.0739461138233088,-1.7402590533952338,125.19963321046991,0.24095216666015645,1.0739461138233088,172.722859464882,37.638472735713485,13.29367689917305,0.3094745126305712,0.11695132535255771,0.0710162266643131,4.629927238406773e-09,5.01377180594392e-09,8.51518414582366,0.9236854664399988,1.0869520823664405,0.09912698718229063
ccp_id_0011,train,ccp_identification/train/ccp_id_0011.csv,nominal,PI,1.356e7,93.61299440353169,50.0,6.637096459622064e-08,7.185268318440809e-10,1.867600412149435e-10,5.798060579673122e-10,3.936715529724946,0.08,3.1e-07,8e-11,1.628975947089502,0.03,2e-07,1.0e6,2e-09,8e-07,0.0014211204881800926,0.14725019131681225,1.2218916247356234e-11,2.378894144617581e-12,83.1497691715322,0.03520907881295468,1.793363572517873e-06,0.04923806582126935,0.03583051591515614,0.0024241206381782213,3.837799045341371e-12,4.860553184783277e-07,nominal,0.9180733263954638,1.0038389643488554,0.282816322028599,-0.13627551482507907,0.9377911246403912,1.0753960417496553,PI,0.0067590611940342125,0.009027524712111858,21033885.417333975,11712104.018971927,0.5855118900045194,0.18670880997989223,0.6282792909401276,-5.589364347330663,67.08862370571177,67.08190995287313,0.212209323128908,0.6433889580818285,-5.4162626824170506,61.67291243535982,0.1023079698468729,0.6433889580818285,85.06941256802206,16.868428447071828,8.865302258377252,0.13358177727965417,0.03990916491882375,0.033495435827234445,1.4985623443666714e-08,1.5947239274631455e-08,8.452579802889979,0.9180733263954638,1.0038389643488554,0.282816322028599
ccp_id_0012,train,ccp_identification/train/ccp_id_0012.csv,nominal,PI,1.356e7,243.922725664909,50.0,5.114847297959979e-08,3.365936418188195e-11,2.3810965559898944e-11,5.209755434194064e-10,1.3314138687296355,0.08,3.1e-07,8e-11,0.2493088306470656,0.03,2e-07,1.0e6,2e-09,8e-07,0.0017509151534202277,0.14796636611243402,6.320882110811919e-11,1.758133307625223e-11,122.69908060290138,0.01809459763386716,1.7829011252535599e-07,0.0785427804825588,0.03828483814213914,0.0021716630614693803,2.4290521196104175e-12,3.440713680902059e-07,nominal,0.86936416192024,1.0997340384767367,0.39671805623034384,-0.007985013200587816,0.9957844117945858,1.0135482157178206,L,0.0074451725529256964,0.010883077183775963,84952029.12754048,13451723.221000029,1.8429795156104902,0.18000000000000016,1.33532613857425,-14.01515328811874,138.34818687597632,138.3287496348303,2.507235112839451,2.9806738183100836,-15.243596241039906,127.01933373279638,1.186343878946084,2.9806738183100836,160.91333969326828,49.89972171488215,60.2331525374043,1.0904760948547787,0.654952726060067,1.0961411580222717,6.994517211776496e-09,7.960579116548154e-09,24.225546149718692,0.86936416192024,1.0997340384767367,0.39671805623034384
ccp_id_0013,train,ccp_identification/train/ccp_id_0013.csv,nominal,L,1.356e7,308.4977476227293,50.0,1.1498092281408334e-06,3.318758325097665e-11,2.7760233905948617e-10,2.989722095847254e-10,0.27720595319651414,0.08,3.1e-07,8e-11,0.16628568495015655,0.03,2e-07,1.0e6,2e-09,8e-07,0.00413690681479793,0.13694133297876343,3.077245257805435e-11,6.442540060042611e-12,133.61255059847406,0.0034245094769678117,1.701498221418799e-06,0.06256854830763152,0.01905303117716311,0.0026736912708459123,5.776076660458985e-13,2.1711325867812842e-06,nominal,0.8393410835615995,1.0878295955871975,0.13422524056056795,0.1038207385914068,1.130797434774719,0.9508309524355533,PI,0.0026262920395964413,0.010725158454493261,12732376.107815519,14967809.215299476,-0.1617537933789185,0.3782534179984888,-0.11515714155412485,-4.588654336704329,110.9000353329895,110.89659378733181,1.6243763777255942,1.5765830434682329,-2.3384442557412095,227.35068532677857,0.7471707932139916,1.5765830434682329,313.99099690163064,69.21422310017307,6.873514823797847,0.9588230943399589,0.40418162059229146,0.1155504228449229,1.0506610974960246e-08,1.1561996333445134e-08,14.797004413772363,0.8393410835615995,1.0878295955871975,0.13422524056056795
ccp_id_0014,train,ccp_identification/train/ccp_id_0014.csv,nominal,L,1.356e7,295.1187540609389,50.0,5.293586673924793e-07,5.675767343516005e-10,2.2680084950691318e-11,4.022557135780451e-10,2.5277914956777567,0.08,3.1e-07,8e-11,0.7393735675862166,0.03,2e-07,1.0e6,2e-09,8e-07,0.004363088680891372,0.10605164093397071,5.6764745287801085e-11,2.9581595922752843e-12,91.28442560735088,0.01891003476962251,3.363141142058121e-07,0.03931186225531778,0.038609544597851174,0.0016212325468061058,4.484939376628777e-13,1.1578893243402362e-07,nominal,0.9117072089167867,1.0254782265917586,0.41074332047644413,0.0865800242709704,1.0456179216880015,1.1456200840688915,L,0.0060657455948996755,0.010987483305199634,8742456.187959464,14734025.12911436,-0.5219682752209757,0.19482384061779714,-0.19832176536539559,-16.439717735893947,104.59655214483537,104.57918626773717,2.5972938341935605,2.673416611031005,-13.58676894288691,214.87035930385008,1.197417784019751,2.673416611031005,294.77470574661345,65.05972493443592,19.00502987466571,1.5040407237700129,0.6743528784919796,0.35700029307240305,1.172046901807026e-08,1.3253561307349592e-08,25.297519431085377,0.9117072089167867,1.0254782265917586,0.41074332047644413
ccp_id_0015,train,ccp_identification/train/ccp_id_0015.csv,nominal,PI,1.356e7,370.43567296780765,50.0,2.6904725451157197e-06,1.9563429711983114e-09,8.244022295571634e-10,1.6757827027119272e-10,1.4999594494263624,0.08,3.1e-07,8e-11,1.430900643823909,0.03,2e-07,1.0e6,2e-09,8e-07,0.0022731753324863745,0.08728103386749661,2.7233954083430387e-11,8.195811353760926e-13,45.67336306608948,0.022338555290622748,2.1595523333973322e-07,0.05740822684641323,0.03772326064599249,0.000441798609971421,3.0570326919428383e-12,8.530542151509795e-07,nominal,1.1901643051338675,0.9654729001935515,0.24931963972781596,0.060902636515278906,0.9568677567942447,1.1146096496198523,PI,0.0027984907026233786,0.007555262918450685,2034353.0405160692,14385839.751147183,-1.956066520020599,0.18,-1.2252279455091688,-12.04791092874314,189.29225839322538,189.27969570410892,1.2062616057012072,-9.821883420160416,-7.912914941551905,193.68744841896986,0.6814530609261227,-9.821883420160416,245.12694443883947,71.08913098172593,92.54644944942083,0.6435408249437795,0.3316382870958728,0.6398025747643582,1.651157704831982e-08,2.065134435049083e-08,20.708958518262573,1.1901643051338675,0.9654729001935515,0.24931963972781596
ccp_id_0016,train,ccp_identification/train/ccp_id_0016.csv,nominal,PI,1.356e7,198.8721879857289,50.0,1.3851521555555355e-06,7.301308541344134e-11,2.4735201107965787e-11,2.37159828012253e-10,2.304370087939414,0.08,3.1e-07,8e-11,0.7725193621395638,0.03,2e-07,1.0e6,2e-09,8e-07,0.001267230831112417,0.15756670766655936,1.6543219189778596e-11,2.8744648147445314e-12,111.37187647296858,0.025787549151827405,6.282738288627731e-07,0.022093614757844666,0.04184462287680432,0.0005314785250459647,4.1100260413523194e-13,2.584784370376003e-07,nominal,1.0644934752361845,1.0334833384063984,0.44499848170292494,0.1739767267427581,1.012384959581326,0.9425754977021183,PI,0.003698234514556711,0.006402007731677427,11964034.739032608,15919124.4146318,-0.28561613542905423,0.2679200355588593,-0.00778392270689874,-12.538977302730375,37.10422318876442,37.09071588995277,0.5658866103410531,0.6535959256165285,-11.045526144113136,148.06701405526235,0.2617572122939841,0.6535959256165285,203.7835120459585,44.69325885008653,5.861501237940687,0.33463556199015115,0.14590735426087836,0.05055096592107669,1.0994736141394788e-08,1.1705834157149615e-08,19.090312737128713,1.0644934752361845,1.0334833384063984,0.44499848170292494
ccp_id_0017,train,ccp_identification/train/ccp_id_0017.csv,nominal,L,1.356e7,499.36828197665557,50.0,2.468957606274341e-06,1.6030408900623547e-10,3.842503545151549e-11,3.8420207291397695e-09,3.652509899793984,0.08,3.1e-07,8e-11,1.2725097679205413,0.03,2e-07,1.0e6,2e-09,8e-07,0.003543574495856682,0.12129872137643367,5.020520450093519e-11,1.2070265750231714e-11,72.92980315829345,0.006224252042472549,1.4362276907988815e-07,0.013556860646639813,0.03588174922734567,0.0018757162382097604,4.218983336876125e-12,1.1712276629282218e-07,nominal,0.8054223527064911,0.9608905802851796,0.28094270115330633,0.16948807221079018,1.0165095858358089,0.9026276327832986,L,0.004253578017052016,0.008502155069218819,6447451.063779466,15858258.259178314,-0.9000055216603534,0.1800995172087805,-0.39080357721062,-17.295221442694356,244.4335560204517,244.41804740457468,4.150151491867211,-3.317464063946996,-11.74863459055466,350.4773655006284,1.909939164853099,-3.317464063946996,479.3293203477267,103.74013481789933,51.098861852061546,2.3798387417362767,0.9709290299793637,0.8016990974040179,3.835020783629451e-09,4.393826477358053e-09,30.42185885777654,0.8054223527064911,0.9608905802851796,0.28094270115330633
ccp_id_0018,train,ccp_identification/train/ccp_id_0018.csv,nominal,PI,1.356e7,88.55539566346951,50.0,1.1353788051051776e-06,1.8053279051557515e-10,1.316581263924644e-10,3.4003076762602855e-08,3.4007126133990977,0.08,3.1e-07,8e-11,0.6816134509936446,0.03,2e-07,1.0e6,2e-09,8e-07,0.0013959195334439728,0.31755713032466804,2.534025920526372e-11,8.002030030039916e-12,122.50213870730975,0.1930761204556206,2.812939323393891e-07,0.021246695247311514,0.008709243009212742,0.000597356957806946,5.719755593188139e-12,1.4476824116806953e-06,nominal,1.1051751774631937,1.096537697543227,0.15218767713654993,-0.09998410548661282,1.1578478533727001,0.9272051733778532,L,0.002898503264553639,0.007849703244322003,8701881.867613913,12204215.52960153,-0.3382421183769847,0.23328392580514046,0.06486154767145069,-2.800846937069423,54.92693249904512,54.92418463767998,0.47792158179715655,0.3676471130414416,-2.158145894210112,65.775159979477,0.23251200942070463,0.3676471130414416,90.6744766925731,20.415306510420297,3.4724143204723497,0.3020546541219047,0.11884239334300717,0.041773145125258905,1.9169765265340247e-08,2.009963553525593e-08,5.832901066085766,1.1051751774631937,1.096537697543227,0.15218767713654993
ccp_id_0019,train,ccp_identification/train/ccp_id_0019.csv,nominal,PI,1.356e7,326.91354910438577,50.0,2.554593561901281e-07,1.9771658128973557e-10,2.006940237351151e-11,1.8220472939675284e-09,3.983325831954795,0.08,3.1e-07,8e-11,0.5274511868541943,0.03,2e-07,1.0e6,2e-09,8e-07,0.0013758729796646606,0.15964503730135324,2.140065799737249e-11,2.4951657851060878e-12,107.74830060402567,0.06999203771037431,3.46250040939555e-07,0.07190396031170604,0.03704980679989021,0.00015266292150575123,2.1147587971253384e-12,1.0855978113977305e-06,nominal,0.8969603835678861,0.9273001771303677,0.2751788912060057,-0.06932062265690293,1.0025121160793735,0.9292522477427229,PI,0.005272694541976752,0.010286698117992535,18671911.811114144,12620012.356772395,0.39173651622327554,0.2615453077647847,0.6056574536041832,-11.147643078678788,101.42273649953262,101.40892910304815,1.0382397211667929,3.6334152188873983,-10.511289955566804,208.5651136380694,0.4772447360608437,3.6334152188873983,289.64558255060444,52.872993506771635,23.525278391055558,0.6190316979943651,0.19773809766451064,0.15416978247231536,3.192914952536952e-08,3.67980943512157e-08,20.028428786785696,0.8969603835678861,0.9273001771303677,0.2751788912060057
ccp_id_0020,train,ccp_identification/train/ccp_id_0020.csv,nominal,PI,1.356e7,476.11665353816477,50.0,4.613348075847046e-07,6.121084106184908e-10,1.2857055644518154e-10,1.0288453537203236e-09,1.9365696673858688,0.08,3.1e-07,8e-11,1.8632158345427339,0.03,2e-07,1.0e6,2e-09,8e-07,0.004163629237202371,0.5926004413760194,4.108572689983193e-11,5.224093728244905e-12,73.0254113368351,0.03670383695106253,4.5090610851920454e-07,0.037253033420851116,0.014329039811550164,0.0010995043696181565,3.1395379988756497e-12,1.799920619010738e-06,nominal,1.0147336009427965,1.0739027590114105,0.14350097886976504,0.07903569637492502,1.163354727204275,0.9438889712082449,PI,0.00513346755972584,0.011310149365185396,8882955.3939504,14631724.042843983,-0.4990577348046505,0.20664892659425393,-0.2777856826671407,-8.280698897704028,225.02355331557047,225.01857868460942,3.0905451857933866,1.4976587540969286,-3.5135656802026585,337.2917871131308,1.4320361009726974,1.4976587540969286,463.6463148449748,102.52059514792415,30.750918427824324,1.8195204590910092,0.7644258420098959,0.42301459572869116,4.034705607274385e-08,4.4297157740945766e-08,21.96727280682901,1.0147336009427965,1.0739027590114105,0.14350097886976504
ccp_id_0021,train,ccp_identification/train/ccp_id_0021.csv,nominal,PI,1.356e7,193.16804258673454,50.0,2.557451132337964e-06,1.6247055381183848e-09,6.017998776571217e-10,3.4951382868666858e-09,1.9068480918758002,0.08,3.1e-07,8e-11,1.834930305601371,0.03,2e-07,1.0e6,2e-09,8e-07,0.0014746098643910275,0.2783766763224412,4.96643554360751e-11,1.3034543633137078e-12,120.3354438043561,0.009243603769426033,9.183540730802893e-08,0.03463321176400944,0.06317973495049715,0.002306090994907063,1.1477355976023857e-12,3.168871940158708e-07,nominal,0.8080636261263004,1.0107834406456437,0.4304401147838913,-0.13001290198198784,1.1864846989556674,0.9730018727961192,L,0.002570705858034394,0.009260168793161907,2299284.9852360077,11797025.049124246,-1.635249186585621,0.18000000000046004,-1.016439370515955,-12.962368887848148,104.78614972251829,104.77306142561082,1.1023227740016384,-0.6616822205998578,-10.649633303248804,107.36172681401568,0.6403182001593836,-0.6616822205998578,139.58144934141072,35.4029083822172,40.18029448567905,0.6583806381851445,0.3258647949732689,0.5320920938270143,2.0101936734590614e-09,2.1410071903740766e-09,17.0221568120479,0.8080636261263004,1.0107834406456437,0.4304401147838913
ccp_id_0022,train,ccp_identification/train/ccp_id_0022.csv,nominal,L,1.356e7,321.6291222943173,50.0,7.885895999297756e-08,5.371781765444284e-10,7.385594026925409e-11,9.27137322682797e-09,1.5383275991072587,0.08,3.1e-07,8e-11,0.1788281565988924,0.03,2e-07,1.0e6,2e-09,8e-07,0.004617132342785783,0.41589900326411194,3.500698951491028e-11,1.4301038205335137e-11,100.45102725474968,0.0031474800243557425,9.389001008873691e-07,0.01591231385692721,0.009205360123794491,0.0010175955694814276,3.90181744347857e-12,1.5306271228504333e-07,nominal,1.1491546467482188,1.0558677135501202,0.07539111840732855,-0.10477057147548913,0.950990159194751,1.0402991535763253,L,0.004220728367117332,0.007852188147655332,23258226.419063468,12139311.050792366,0.6502098602536971,0.1851525815801714,0.5249913589906561,-3.2494465803522137,116.6072255562086,116.60187319236137,2.1756526244627765,8.082024957268512,-2.2584925813357994,221.42781712575672,0.9318885773743629,8.082024957268512,306.3866740176739,62.66887161163561,29.790795843038314,1.1874610350978811,0.40700868439172877,0.3475602873723462,3.847821693782961e-09,4.722936475115421e-09,13.538889471430208,1.1491546467482188,1.0558677135501202,0.07539111840732855
ccp_id_0023,train,ccp_identification/train/ccp_id_0023.csv,nominal,PI,1.356e7,310.2602523114528,50.0,5.845209706666559e-08,3.9491133838802725e-11,2.5494781470848344e-11,2.8734975337052806e-10,0.8214114043277715,0.08,3.1e-07,8e-11,1.2754338483400656,0.03,2e-07,1.0e6,2e-09,8e-07,0.003942270351225083,0.2588023757718208,4.7764561717057516e-11,8.356022706028541e-13,38.178122153470376,0.15960259727864845,8.492982548601588e-08,0.03291162145486611,0.02192544361604092,0.00226261880787318,3.907240604918906e-12,2.9856811457385633e-06,nominal,0.9207599369695699,1.0472285389944387,0.12747256257164846,-0.1453876145689603,1.0248607168307358,1.028223598872052,PI,0.007296416482016402,0.009695310660517549,81750438.1898389,11588543.946444899,1.9536541505838807,0.18,1.269013177918416,-5.37194020620213,153.51065139426774,153.4995894729714,1.878409027983993,9.43521695540186,-6.702929422444798,167.17491230667017,0.9855857595940456,9.43521695540186,215.3263855058442,59.59636437174977,79.37517693758939,0.9349749071963263,0.47789676063589537,0.9183956447797488,4.5252625900482623e-08,5.637275214638194e-08,17.430275009359757,0.9207599369695699,1.0472285389944387,0.12747256257164846
ccp_id_0024,train,ccp_identification/train/ccp_id_0024.csv,nominal,PI,1.356e7,160.3338811345735,50.0,4.815732495920631e-07,2.4537013274486995e-11,4.94570942591338e-11,6.097533546722049e-10,3.74636239016805,0.08,3.1e-07,8e-11,0.21568586208137286,0.03,2e-07,1.0e6,2e-09,8e-07,0.0013031147775840585,0.4550648993920195,6.307505208873567e-11,1.2110969210678911e-12,130.06477958454616,0.003050750707172303,9.40907150618407e-07,0.06400091930116726,0.026148528556691454,0.0012777137167143877,1.7826808500124916e-12,2.0736540144334703e-07,nominal,1.0877346135838326,1.06307374343211,0.24285815826108084,-0.15403249967083107,1.1463336558201132,1.1209726295182803,PI,0.00692753174269841,0.004799170359240321,21223422.60793779,11471319.30446353,0.6152554650766268,0.18540166190508237,0.7576769398276084,-6.4616050174803235,58.58777154159658,58.57959168960937,1.345119591846931,1.237292438055996,-6.3951269138392,103.07097114418242,0.656049481985566,1.237292438055996,142.1558514202752,29.60803900898298,16.058893246329617,0.8181018587536502,0.3206505211375876,0.26776005037474154,9.103666013164438e-09,9.913773195958375e-09,11.724573935456137,1.0877346135838326,1.06307374343211,0.24285815826108084
ccp_id_0025,train,ccp_identification/train/ccp_id_0025.csv,nominal,PI,1.356e7,282.2589102696295,50.0,7.866433989330672e-08,1.72361200782348e-09,9.91136161204101e-10,6.267152068523934e-10,2.7102853291707456,0.08,3.1e-07,8e-11,1.142422126822906,0.03,2e-07,1.0e6,2e-09,8e-07,0.0021934824719517,0.2908012954171509,6.437223749983933e-11,1.3083185706721076e-11,84.7149833464265,0.10442069445070931,8.381413660482758e-07,0.06731764721686972,0.02317411804031818,0.0012189788393065445,1.7533838820409898e-12,3.4282416822002107e-07,nominal,0.9191084100726582,1.048555971616199,0.17474012637300218,0.12524895722101767,1.1033031737216226,0.9957982381525265,L,0.0062719024783263995,0.007488535846523004,12310644.79126442,15258375.859916998,-0.21466427070032001,0.33734728034516537,0.041575912256097546,-5.852306298726936,94.6538894158188,94.6475721384651,3.10965612723949,4.1233061730162825,-3.974433240886187,210.95979272884423,1.3988375211157904,4.1233061730162825,291.4069482464109,64.40011223471429,5.407850017139692,1.79459643093286,0.7731556119952886,0.2305889070041048,7.79863435760603e-08,9.065502274482692e-08,15.566453443134758,0.9191084100726582,1.048555971616199,0.17474012637300218
ccp_id_0026,train,ccp_identification/train/ccp_id_0026.csv,nominal,L,1.356e7,325.4700815338727,50.0,2.4146664108567203e-07,2.599733745365813e-10,3.2271082122835075e-10,6.032098455798693e-09,0.2550998366017996,0.08,3.1e-07,8e-11,0.46261240030776885,0.03,2e-07,1.0e6,2e-09,8e-07,0.004370070513976501,0.42725707282645803,1.4678872332622872e-11,7.172029592315787e-12,120.95605728398273,0.06341726519248077,6.689426368799811e-07,0.06991759186550235,0.017443592984952235,0.0021835912719495028,4.394785968267132e-12,1.6784582628974973e-07,nominal,1.0706224038865542,0.9840288119030951,0.35728200456709025,-0.15393106670228038,1.1839233532190199,1.0533310195231118,PI,0.0035363594405473744,0.010997850024718705,16658342.360584285,11472694.735517077,0.37294129236792894,0.29495329085460686,0.20373570930561657,-13.937215472570154,125.03960650451734,125.0236283240322,1.8336693195531693,4.453010601404772,-12.049091977307185,240.65368357178104,0.49752529267488377,4.453010601404772,332.083953316911,72.48547013877021,13.324004178371005,0.6474706551831928,0.2219430700347121,0.11923377735160579,3.641226235037545e-08,4.2559280773477136e-08,25.096476602285822,1.0706224038865542,0.9840288119030951,0.35728200456709025
ccp_id_0027,train,ccp_identification/train/ccp_id_0027.csv,nominal,PI,1.356e7,190.25390786099427,50.0,5.891321820850698e-08,2.3022984221921213e-10,8.540293184212704e-11,1.894542548509261e-09,1.7986315417209293,0.08,3.1e-07,8e-11,1.6332107532440225,0.03,2e-07,1.0e6,2e-09,8e-07,0.002982419436296688,0.13031819660546048,1.9198629821106586e-11,6.339709401790448e-12,119.93546914419066,0.14520657769096335,1.0735152614763624e-06,0.028082478390963686,0.016700020028427288,0.002124216990317095,4.626259923029305e-12,3.3774462114105326e-07,nominal,1.1597719238748485,0.9071636182966533,0.3239512513776641,0.03424834543579807,1.080573889286798,1.014575940041704,L,0.007660953554515747,0.005427185520674745,38106522.82996331,14024407.56410942,0.9995862612669467,0.1800136619955497,0.704618940786437,-9.658444821497536,59.98756245844797,59.97514013019418,0.7182420944505179,3.549799226362662,-9.404636897036843,124.67666172134338,0.33082154454224577,3.549799226362662,171.01173454961113,35.18382495323082,25.80721489184271,0.4169236439000055,0.13478120787356868,0.15052509658812308,4.5608982486349115e-08,5.248350068066947e-08,15.73772538861839,1.1597719238748485,0.9071636182966533,0.3239512513776641
ccp_id_0028,train,ccp_identification/train/ccp_id_0028.csv,nominal,PI,1.356e7,490.7737295965913,50.0,3.7268500349412337e-06,1.871449917454207e-10,4.956649918459706e-10,1.6835693265149546e-09,3.797905535125191,0.08,3.1e-07,8e-11,1.9153061060883847,0.03,2e-07,1.0e6,2e-09,8e-07,0.0017980155131473543,0.420519665973231,4.543531633079861e-11,1.1115456129854797e-11,58.87551165442124,0.02745127798667212,1.3314865387753487e-06,0.07825403483887948,0.01626144266162662,0.002033227192080589,2.631628672048258e-12,2.6629389819531435e-07,nominal,1.0316389934080579,1.0072711275139001,0.16203350817501466,-0.00812722330610577,1.152008352791218,1.0574833259113456,PI,0.0064140499476785205,0.010306557004059901,3945611.7220435403,13449794.851969205,-1.2263598483910219,0.1800000628724918,-0.5876999528408516,-9.832885797291574,232.80328842173438,232.79680959566562,3.2618126761988786,-4.807660324084981,-3.9252889199385805,327.0107906162605,1.6258935595411477,-4.807660324084981,443.51060623063006,96.41169043050078,70.90049619594805,1.9446357761797777,0.8169873099962477,0.9036392231902153,5.592717118611743e-08,6.57374133524021e-08,21.27939319742872,1.0316389934080579,1.0072711275139001,0.16203350817501466
ccp_id_0029,train,ccp_identification/train/ccp_id_0029.csv,nominal,L,1.356e7,147.7784848590091,50.0,9.741384506644241e-07,8.418598917424769e-11,2.5434352013436214e-10,4.465832933957073e-09,3.2992468824145718,0.08,3.1e-07,8e-11,0.4290571903111641,0.03,2e-07,1.0e6,2e-09,8e-07,0.003986545924323637,0.23270246076132023,4.5894825850665165e-11,4.887211034584389e-12,133.1853908488699,0.008679467566552527,2.087412774982783e-06,0.03723191318399165,0.02614718970660937,0.0003726593059166622,1.651632273009748e-12,1.6054754141271807e-07,nominal,0.8504991427480858,0.9858740181310325,0.1638387614347622,-0.003231291478365188,1.0965786912933873,1.0533652186951572,L,0.007175840497055781,0.011866082505326595,10426468.300962565,13516183.687553369,-0.2595401571537326,0.4030034196398349,0.06961597013938049,-3.300905863306541,17.484537324889153,17.48122005780818,1.1016639575611853,1.0866914426979157,-2.4009110436715804,111.02499936320122,0.5399521304741748,1.0866914426979157,153.4567751930626,33.584804424957184,2.9302395659946887,0.6945135367461938,0.301033211987292,0.07104262894886812,8.105748161563062e-09,8.781731851165979e-09,8.446175840163873,0.8504991427480858,0.9858740181310325,0.1638387614347622
ccp_id_0030,train,ccp_identification/train/ccp_id_0030.csv,nominal,PI,1.356e7,135.8586139825638,50.0,1.5018190189056395e-06,1.8730720880353166e-09,1.1677490301664765e-10,1.906912971654665e-08,3.7013746518646102,0.08,3.1e-07,8e-11,0.5660602899476175,0.03,2e-07,1.0e6,2e-09,8e-07,0.0028456005228505664,0.6167098361963573,1.4376052249119522e-11,5.007703910782716e-12,70.3146050595804,0.014161319583805567,8.927695263611833e-07,0.02156417100666989,0.023934527341879223,0.0006438287339014349,5.7946445953753385e-12,2.2199666411132855e-06,nominal,0.8336453240090281,0.9398370300366709,0.18533601117839982,0.07784332986802195,1.1691182127720392,0.9327015475596854,PI,0.00748954140551372,0.011870946923247742,2912770.9291995526,14615555.553010376,-1.6129815728962527,0.18000000000050526,-0.7262597298100348,-4.490209089389169,73.36140575428466,73.35754914464086,0.3580136278089283,-1.531605242275267,-2.8011055902840556,85.97962687435816,0.19740668279590606,-1.531605242275267,115.03130839465457,25.110137297765803,25.653901732872946,0.24194503262156533,0.08077312361912053,0.11223129800093003,7.685677826557972e-09,8.446609364874838e-09,7.3209303038819,0.8336453240090281,0.9398370300366709,0.18533601117839982
ccp_id_0031,train,ccp_identification/train/ccp_id_0031.csv,nominal,L,1.356e7,176.45302461539518,50.0,1.4562595942296142e-07,3.408430642844146e-10,2.0008249922004464e-10,6.284591587901938e-09,1.688158929894758,0.08,3.1e-07,8e-11,1.1815115701378,0.03,2e-07,1.0e6,2e-09,8e-07,0.0038755057740714376,0.14773346836725268,4.516157189424062e-11,1.1973450915943192e-12,41.55742964182549,0.024912044245951278,1.7044976456744022e-07,0.0749746068031065,0.028633442124899676,0.001591024946401491,3.58155326536489e-12,1.2318732156694905e-06,nominal,0.9893305113184248,0.9115501742181439,0.4175717360199698,0.05522883616814866,0.9951895819673223,1.0179254669815077,L,0.005120299094508377,0.0052734659116025736,19778750.474975165,14308903.018440094,0.32372622082544883,0.32615821795657984,0.23602030591466797,-10.238144949418365,24.029868932647183,24.0179206344177,2.1695000286981743,1.8804555018938052,-9.306009646705315,130.38314803038043,0.5909056692836607,1.8804555018938052,180.0324643493543,37.93552883110075,5.742979129717149,0.7603040697060077,0.3087129218586304,0.10329978321039379,1.1831828893687136e-08,1.3129825025042726e-08,16.13440483630345,0.9893305113184248,0.9115501742181439,0.4175717360199698
ccp_id_0032,train,ccp_identification/train/ccp_id_0032.csv,nominal,L,1.356e7,415.78024117209236,50.0,5.364008549453692e-07,1.4803086427035823e-10,2.604645495082797e-11,2.200903908831517e-09,3.4201800363110713,0.08,3.1e-07,8e-11,1.1938782279097147,0.03,2e-07,1.0e6,2e-09,8e-07,0.0012933216757548553,0.1602630852495645,3.443545850478628e-11,2.5830753678413973e-12,35.58394195830208,0.02127303549545015,1.2754564443276021e-06,0.05096684777862127,0.004864636525829969,0.0016802256870379222,3.3713914746531745e-12,1.248969395648944e-07,nominal,0.9664545043243234,1.0514374719454893,0.12676650996753844,0.12576423242360812,1.079908427630493,1.1370545843875175,PI,0.006043923398557823,0.009074514714200047,14469492.132021269,15265362.991664127,-0.05354396321361382,0.5569925188553639,0.14556358666727312,-4.349891162453874,195.82282192939843,195.8185830793286,4.851819198264484,2.712059131643551,-2.4500420087745254,313.12074834904945,1.0942995179648731,2.712059131643551,433.7540714871047,89.61342292340987,7.382808089898781,1.4153946104068118,0.5656015409023273,0.0409148871512938,5.7723930028424797e-08,6.532886414153873e-08,18.5804581349883,0.9664545043243234,1.0514374719454893,0.12676650996753844
ccp_id_0033,train,ccp_identification/train/ccp_id_0033.csv,nominal,PI,1.356e7,362.11305632708087,50.0,4.388124584048577e-06,7.911892932115775e-11,2.272364732536505e-10,1.4157510259199137e-09,3.637762980379224,0.08,3.1e-07,8e-11,1.138106999418972,0.03,2e-07,1.0e6,2e-09,8e-07,0.0043260357223393565,0.39496074762180217,1.3066814887066112e-11,1.8952594619729347e-12,120.63322854288589,0.0033465258523566505,1.2387599409070878e-07,0.011398196348047345,0.048050555339012126,0.0005063166826670172,1.93971341325388e-12,3.5542891614555884e-07,nominal,1.096878270735028,0.9287662014614664,0.33193029057844825,0.06369569087765549,1.1475413980020308,1.009546345221362,PI,0.006886406015023806,0.009310020577847253,4994505.01584791,14423713.568301009,-1.0605353164464448,0.1800031894150491,-0.4243789174037665,-15.756104094643755,153.16957682636854,153.1552754793674,0.814474786981361,-0.9286034881624227,-11.617765396680298,253.83732798092677,0.387680065104899,-0.9286034881624227,345.72209007004466,76.10394727200861,43.408416694962725,0.4828488430562132,0.19015730224567315,0.1726139099292861,1.1473146332614482e-09,1.2357625636751173e-09,25.316475905641845,1.096878270735028,0.9287662014614664,0.33193029057844825
ccp_id_0034,train,ccp_identification/train/ccp_id_0034.csv,nominal,PI,1.356e7,185.15650356554818,50.0,6.744991532278593e-07,4.243323879559622e-11,1.8095658710422145e-09,2.3750406373776944e-09,2.0616529200683895,0.08,3.1e-07,8e-11,1.06925815591485,0.03,2e-07,1.0e6,2e-09,8e-07,0.002234111338646112,0.16033573940134066,2.4722779164944817e-11,9.434635272001978e-13,71.00962824770764,0.003886294622782624,4.272506959171149e-07,0.07241530541847913,0.022527842952851398,0.0011113649969293506,2.7395530880278492e-12,1.8044292583115098e-06,nominal,1.075575358169198,0.9126493972676135,0.2515414575762582,0.11243577807577282,1.0936115454906126,1.0492298652565522,L,0.00288953712978303,0.011183800768528804,7237115.4849801855,15084629.15070748,-0.734453574998829,0.18176047147736832,-0.34807929497542034,-7.355847746169125,44.74835945447373,44.74183452340568,0.7270593700654775,-0.0884120758156844,-5.354751256912624,130.58869985829858,0.3477040297213809,-0.0884120758156844,178.79077238326718,39.14257876125172,16.50935618332701,0.43931279075379737,0.1793264963032338,0.12456717514796392,8.431161529692053e-09,8.631716390818318e-09,12.400415433937933,1.075575358169198,0.9126493972676135,0.2515414575762582
ccp_id_0035,train,ccp_identification/train/ccp_id_0035.csv,nominal,L,1.356e7,117.32630359010408,50.0,2.870759096136094e-06,4.586103750907165e-11,3.845065484333406e-10,3.2684761935603044e-08,0.5156163584590515,0.08,3.1e-07,8e-11,1.0704696059778043,0.03,2e-07,1.0e6,2e-09,8e-07,0.0011875723560492441,0.20047330761942234,5.911928117139603e-11,1.165952704439252e-11,116.81122218742475,0.009786865757738962,1.0336265983834337e-07,0.07328075208276007,0.016550357930564974,0.0014993678387097353,2.3436762283736442e-12,9.091343856437289e-07,nominal,0.8848482076639874,0.9215298663361113,0.3567509711376919,0.12033418521103047,0.9444560295128525,0.9480966537009671,PI,0.007498440181125489,0.008012216893112626,6801249.954995198,15191731.551461574,-0.8036448907647417,0.18028903632077375,-0.5923059712737699,-7.961871011310062,64.66383845304343,64.65577889016542,1.058654972418005,-0.14059350147541752,-6.592932775257317,77.78862260268782,0.5480725021339949,-0.14059350147541752,105.89418965759238,22.252882384813237,11.668897738928226,0.6822731724357792,0.28780446419238953,0.22800652988512485,3.533889510133454e-09,3.6398943218369015e-09,10.5984516045237,0.8848482076639874,0.9215298663361113,0.3567509711376919
ccp_id_0036,train,ccp_identification/train/ccp_id_0036.csv,nominal,L,1.356e7,473.5258970505153,50.0,1.7237214323098019e-07,7.84111690030203e-10,1.1982909728293873e-10,2.2066747052828022e-10,0.5819516733410263,0.08,3.1e-07,8e-11,1.0568782136660932,0.03,2e-07,1.0e6,2e-09,8e-07,0.0016534595668530423,0.23271174376950712,1.5479042704531536e-11,1.386762130551252e-11,75.64347637500418,0.041982353613745964,2.79892970431277e-07,0.08893807524551409,0.03467494745119018,0.001556398380074918,3.857122803741614e-12,2.6677826786000205e-07,nominal,1.159282729447484,1.0937574293246983,0.3071645595294456,0.002660680674945568,1.0159167823007886,1.1336424461210919,PI,0.0026771020544237157,0.00943629753816102,13244778.205466611,13596078.829952262,-0.02617805278769148,0.386347046503588,-0.07975912294125549,-14.60611225398905,236.99849592500033,236.98387233775372,1.833323184406842,2.7947186226447216,-11.334866117799605,353.82853851513096,0.7246550071195753,2.7947186226447216,488.68375996998105,106.2751317897728,1.7666842253764743,0.9512217683533442,0.3317639773431099,0.11902961709705746,4.051837702928447e-08,4.593727623260305e-08,30.464389839958706,1.159282729447484,1.0937574293246983,0.3071645595294456
ccp_id_0037,train,ccp_identification/train/ccp_id_0037.csv,nominal,PI,1.356e7,299.90907917503046,50.0,9.433248553350055e-08,7.557224681764597e-11,1.4234007709373302e-09,1.0546277367311132e-10,2.918266359588697,0.08,3.1e-07,8e-11,0.42767640004594537,0.03,2e-07,1.0e6,2e-09,8e-07,0.002186094083763721,0.40129931062666535,1.785296587803809e-11,1.3825213855064972e-12,93.25448187036055,0.01414286046557834,3.950971745184935e-07,0.013048088027972434,0.02739652446503768,0.0015345980920549159,1.5542886818078872e-12,8.972107271772372e-07,nominal,1.014452625239249,1.0766037881068347,0.21091458895594425,-0.01598888229847782,1.1979148479657424,1.0725464157690021,PI,0.007478603214375098,0.007660354325945232,20610429.04719007,13343190.75603264,0.4347910131179439,0.2002525836536735,0.5467672548855113,-8.500097992255709,101.02807830623694,101.01784985471254,0.8136930737309653,3.0489181508394805,-7.6936723098049,205.02112350957003,0.3785599965284613,3.0489181508394805,283.71901102883226,59.4878429475958,21.265506871078205,0.4852802422587608,0.18272411408327333,0.11009592306837734,7.494145644542898e-09,8.540996950213206e-09,18.401484040372143,1.014452625239249,1.0766037881068347,0.21091458895594425
ccp_id_0038,train,ccp_identification/train/ccp_id_0038.csv,nominal,PI,1.356e7,82.4957009021762,50.0,8.151980860530047e-08,1.2651587478642722e-09,2.4608126950606964e-10,8.961319747640807e-10,3.634734285016652,0.08,3.1e-07,8e-11,1.6718292113429507,0.03,2e-07,1.0e6,2e-09,8e-07,0.003890054800865596,0.29288439222094437,4.6990193266040225e-11,3.4661429286900746e-12,99.61294888991533,0.005776262639150936,8.274454995199385e-07,0.01975404239433166,0.0052376864631141894,0.0017055530190720055,1.6605345254726121e-12,8.758485311975728e-07,nominal,0.913514952180463,0.9235317521214482,0.09067642943350328,-0.12335213686148822,1.0883660969478008,0.9954675540925984,PI,0.003669334328813843,0.008833449757135656,14771898.837030768,11887345.024158219,0.21725225776252946,0.35387433746981717,0.3578754241762772,-1.423597432994281,61.41989285096158,61.41839759535302,0.7947247419931511,0.3690700641985585,-1.0875517625849425,58.803623847455796,0.29003335015528225,0.3690700641985585,81.61459672724439,16.286540902377958,2.4456279892170083,0.37552331257806787,0.1495315161937925,0.04554309103787207,2.7785927609954274e-09,2.913634896682783e-09,4.019129125012975,0.913514952180463,0.9235317521214482,0.09067642943350328
ccp_id_0039,train,ccp_identification/train/ccp_id_0039.csv,nominal,PI,1.356e7,123.55445103549299,50.0,5.486818586979482e-07,1.428291405756435e-10,5.1444608395858025e-11,7.544325740309756e-10,3.326334569613629,0.08,3.1e-07,8e-11,1.2576888007129046,0.03,2e-07,1.0e6,2e-09,8e-07,0.002137559515349173,0.1161894150077633,6.69682278317353e-11,1.4298244214238e-11,54.90253156526615,0.06866447831124142,1.169085944569173e-06,0.06057015901850528,0.013675798884801929,0.000945538875444986,5.115508991593348e-12,1.9372492946644674e-06,nominal,1.0774570691691585,1.0871921506953233,0.09168696189174051,-0.0048962985257284776,1.0465072295489466,0.9341139402827006,PI,0.004268368581060656,0.010719660802150916,14249558.898335474,13493606.191991122,0.05450999388766896,0.45323929064020463,0.26160961522805,-1.567797783734566,32.51386845583931,32.5121907875136,1.9925973790576377,0.786135106724556,-1.0354733798157396,89.56644764289467,0.6645387134829723,0.786135106724556,124.33897133270601,24.12898720713399,2.783888656610396,0.8700605250553017,0.3199524642565757,0.09025897231111962,3.821173934258432e-08,4.092215182936676e-08,5.378691077099857,1.0774570691691585,1.0871921506953233,0.09168696189174051
ccp_id_0040,train,ccp_identification/train/ccp_id_0040.csv,nominal,PI,1.356e7,188.30840762876045,50.0,3.218585984054911e-07,1.6611925308320534e-10,4.5405158527036206e-11,2.5966272681285977e-08,1.160990762868042,0.08,3.1e-07,8e-11,1.7710454536146971,0.03,2e-07,1.0e6,2e-09,8e-07,0.0031308832301519354,0.2204239414067516,1.4631582902319138e-11,1.459198315592975e-11,92.42472243911733,0.004913594600196459,1.0575655975322228e-07,0.030557030051428395,0.027074019891681084,0.0004923932120757781,4.916035567634187e-12,2.3519554541943924e-06,nominal,1.166412227973928,0.9382853207109303,0.2533451226304097,0.06529970553722948,1.1036361594962438,1.0681108173995806,PI,0.003916181672856908,0.005279181231736326,19582413.941795006,14445464.007084832,0.30425145986683744,0.27454773180743974,0.1828585267462454,-6.839858402321805,28.766068492467145,28.758600982168108,1.3495245417319646,1.6000970101718768,-5.710440618177632,139.10421490849743,0.36050135592160854,1.6000970101718768,192.1104707535304,41.752383623652996,6.828328152216838,0.4673540264117402,0.1567865410716175,0.09574984840847549,1.3197169688167045e-09,1.453266984957213e-09,13.22586967043517,1.166412227973928,0.9382853207109303,0.2533451226304097
ccp_id_0041,train,ccp_identification/train/ccp_id_0041.csv,nominal,PI,1.356e7,177.88917542415635,50.0,2.8989303966306594e-07,1.5500273208813468e-09,1.2671133790618464e-10,2.03644799573956e-10,3.26815604271683,0.08,3.1e-07,8e-11,0.5930925945406305,0.03,2e-07,1.0e6,2e-09,8e-07,0.0015513651877239363,0.19053209113762576,3.43119015984225e-11,1.974175942269838e-12,80.97045935313882,0.0187549621095646,2.2016800025978558e-07,0.06762669068733573,0.02413294713198025,6.803926756780963e-06,8.606356938871004e-13,4.4644043068771864e-07,nominal,1.0815276746679459,1.0407687583191114,0.2905971476376154,0.15349828281143565,1.151740026042302,1.1497296311517173,PI,0.002080874811017643,0.010666010875033879,7255732.857870584,15641436.714923069,-0.7681316970522909,0.18039887014573308,-0.2185298927481312,-8.29193832754514,37.42824055796897,37.42021210165139,1.0054881863901377,0.4915959850642085,-6.48369058618946,129.5127671653229,0.4572745237517192,0.4915959850642085,177.25579228546886,39.701652298179425,15.98300107050324,0.5667323992227987,0.25348348665109854,0.1718791241949606,8.701027177159267e-09,9.18907758072815e-09,13.629987999861756,1.0815276746679459,1.0407687583191114,0.2905971476376154
ccp_id_0042,train,ccp_identification/train/ccp_id_0042.csv,nominal,PI,1.356e7,458.50408024647083,50.0,5.264960111938465e-08,1.7041805559205847e-10,1.1438403776890138e-10,2.8072177319902426e-08,3.464441979877098,0.08,3.1e-07,8e-11,1.0703399831523173,0.03,2e-07,1.0e6,2e-09,8e-07,0.003511254305637383,0.27786123992236705,1.4082205588154686e-11,2.0243771095456047e-12,59.464828576506264,0.08173291490317088,1.549525573149815e-07,0.029792444996170318,0.012508195275145982,0.0008678286583424167,4.448442801062893e-12,1.2006859657557893e-07,nominal,1.1318293243048405,1.053453677213294,0.3195061581911254,-0.10858859107244906,1.1385044956611774,1.0348323556379864,L,0.004348844950521315,0.007069745323493082,41470979.02636464,12087538.70505759,1.232818819195129,0.1800000274232577,1.0568014121820641,-18.329920572577382,200.18088780403858,200.15063072627484,0.8211171330919769,22.586192763164597,-19.499256851219034,260.93216034800366,0.46692226355406624,22.586192763164597,350.8090753693938,83.53119509213185,81.2542777504295,0.561822235519167,0.19558031092390563,0.2763360170745063,3.9275424143461066e-08,5.420791941650416e-08,34.534871967802765,1.1318293243048405,1.053453677213294,0.3195061581911254
ccp_id_0043,train,ccp_identification/train/ccp_id_0043.csv,nominal,PI,1.356e7,409.5297728385609,50.0,2.1053648144853497e-06,8.423164351514795e-11,7.38994033356335e-11,1.0372149135616662e-10,2.370553037120423,0.08,3.1e-07,8e-11,1.7714830604176364,0.03,2e-07,1.0e6,2e-09,8e-07,0.003911019735346271,0.25839475337919654,5.0314075559801225e-11,1.4320377847918727e-11,73.99039299118888,0.020154653142143528,4.910789340135245e-07,0.04467886921709226,0.019984428557308302,0.0012532357422421982,7.139762980778074e-13,7.078524655132903e-07,nominal,1.0041790368522332,0.9305985347995179,0.2013511506444514,0.09177772504739057,1.0953164372416089,1.1044776275199306,PI,0.004379553531973793,0.005269979861086788,8739887.42085033,14804505.951642616,-0.5270342819498454,0.18763193215965626,-0.2486559853641487,-10.463330008812688,185.5112056010825,185.50219266167318,3.50694010166298,3.4911864664624517,-6.345741216026999,296.41499447387355,1.5486690551402118,3.4911864664624517,407.1554368497511,90.66445956383738,26.374406222661374,1.943506795818292,0.848273992495753,0.5023233097240081,2.269892579180322e-08,2.609190981604378e-08,22.665343937517726,1.0041790368522332,0.9305985347995179,0.2013511506444514
ccp_id_0044,train,ccp_identification/train/ccp_id_0044.csv,nominal,PI,1.356e7,443.49675047464797,50.0,3.385179222701839e-07,2.0255929441851398e-10,5.729968461519495e-11,7.315100254121527e-10,1.9467557397104203,0.08,3.1e-07,8e-11,1.7463553800389982,0.03,2e-07,1.0e6,2e-09,8e-07,0.003898393037262222,0.12037227096222286,3.100119298832058e-11,8.674752501219567e-12,76.89575244529763,0.1513811736196644,8.84481249075544e-08,0.0445996565156286,0.01611385097643077,0.0019390634531531933,1.7626572292954214e-12,1.2748126019911388e-07,nominal,1.1642200520640893,1.015657073429923,0.3616467701334077,-0.16066675046162213,1.0487842057235417,1.072838836784166,PI,0.006538943309137809,0.010171692096865274,16914241.15588136,11381358.863740403,0.3961791093948432,0.24070951136333582,0.31555245347707606,-19.044472861913334,203.83357647839233,203.81090690896707,2.692047608977222,7.32765069528177,-16.835057879802815,318.9644942104391,1.0341634797470034,7.32765069528177,440.899053935127,92.06942071118561,24.315507185111333,1.321042848679712,0.5200319473115316,0.2879540533133775,4.569641497159978e-08,5.5592296695665374e-08,33.407553607816226,1.1642200520640893,1.015657073429923,0.3616467701334077
ccp_id_0045,train,ccp_identification/train/ccp_id_0045.csv,nominal,PI,1.356e7,87.34185139426856,50.0,6.910941861461813e-07,1.4261903176282003e-10,6.51344791717659e-11,8.480829127016351e-10,3.4805404172780454,0.08,3.1e-07,8e-11,0.9905588699677651,0.03,2e-07,1.0e6,2e-09,8e-07,0.0038589032012526178,0.25099575575649696,2.3645786426705453e-11,8.70696893538392e-12,79.74303771019157,0.021560661073382118,3.426095141245966e-07,0.05715929476232326,0.043675915193899975,0.0013215643894274687,3.353732137627647e-12,5.341199145510075e-07,nominal,1.0091796785847857,1.0689324965178626,0.28666757443561347,-0.06696655046650571,1.0750736993010417,1.105872088674721,L,0.005308931379949484,0.01126787046705387,12487995.068232058,12651933.575674184,-0.013042267032335653,0.44742975189350825,0.25562086568690706,-4.137782596973609,56.89794687817041,56.89329031927727,0.577818249430191,0.3066801039940302,-3.7556441975029715,63.46217694220142,0.19978016117378972,0.3066801039940302,87.89908424670601,17.124177189261342,1.9589029969962088,0.2627238091472242,0.09486054823288989,0.023281596790962828,6.923946768738635e-09,7.2306981372961015e-09,6.837996091570012,1.0091796785847857,1.0689324965178626,0.28666757443561347
ccp_id_0046,train,ccp_identification/train/ccp_id_0046.csv,nominal,L,1.356e7,452.67338482966096,50.0,7.362350966362992e-08,1.2795764165563725e-10,8.14696742272643e-10,1.0739296161041523e-08,2.0120115066303743,0.08,3.1e-07,8e-11,1.8961883178768841,0.03,2e-07,1.0e6,2e-09,8e-07,0.0013161576223875173,0.2051117895750237,1.742154237322054e-11,8.895543846506068e-12,141.32612025506816,0.0027800208277341857,8.945779508917659e-08,0.012268346870993952,0.03490096046151791,0.000870077593569007,5.404415747254604e-12,1.6000539839997045e-06,nominal,0.8590371456855306,0.9142785364309899,0.19903476676766596,-0.006333411950121656,1.0899758606072512,0.952196276242371,PI,0.0029444703756279253,0.01024771594340059,27548567.684909824,13474118.933956351,0.7151798151667659,0.18145695226064215,0.4552909668462119,-11.283939552196477,205.25029892991537,205.23400250427005,1.8052753489665911,15.721181582984379,-9.499619696271157,315.5069811186793,0.7728480557358857,15.721181582984379,435.5919486536514,91.00316212938435,43.67169043834049,0.9994477690534475,0.30432901290905884,0.27729553699860227,8.209138970942143e-10,1.0813074256980458e-09,25.88018887956034,0.8590371456855306,0.9142785364309899,0.19903476676766596
ccp_id_0047,train,ccp_identification/train/ccp_id_0047.csv,nominal,PI,1.356e7,182.9316074470021,50.0,2.1090389961932625e-06,3.8452355999713317e-10,2.2367093921727293e-11,1.1598204968662532e-10,0.7208797382262732,0.08,3.1e-07,8e-11,0.7837832475711174,0.03,2e-07,1.0e6,2e-09,8e-07,0.00217039752210463,0.44184668882862677,4.847051941460083e-11,2.2656721157675807e-12,137.09384828488726,0.019158056195851328,8.473081835834127e-08,0.07042359264258992,0.06713048711046404,0.002387904691025232,4.5740539551981485e-12,6.052106584510039e-07,nominal,1.0237919036837608,1.0512891485036437,0.4189726051925991,-0.058500977333490245,1.1532162965167712,0.9128566498161649,PI,0.006027816704623469,0.008252964455578906,5433798.910767117,12766726.747357871,-0.8542038089950322,0.18009562094102308,-0.5208937916878069,-12.175401521934564,56.58721804044033,56.57469810838227,1.3119448693884737,-1.0685512988206793,-10.056810151229516,123.0769804554093,0.6626325258604041,-1.0685512988206793,167.4075552641726,36.21658025565626,19.103534417735652,0.8264442814239265,0.3425995121341559,0.27564888036973556,3.4634927622167476e-09,3.749911851750425e-09,16.575794597247643,1.0237919036837608,1.0512891485036437,0.4189726051925991
ccp_id_0048,train,ccp_identification/train/ccp_id_0048.csv,nominal,L,1.356e7,80.94177177947286,50.0,3.01068242091641e-07,4.315169181788525e-11,1.912674607493056e-09,1.205877853013955e-10,2.5419961384726735,0.08,3.1e-07,8e-11,0.428392184934755,0.03,2e-07,1.0e6,2e-09,8e-07,0.001468851142979173,0.13876092689902345,4.502518025580804e-11,6.4458111101050934e-12,61.955207541623174,0.06719324519642317,8.84498578936506e-08,0.06179540987062068,0.0712033310483274,0.0014856001196573011,1.547917802043346e-12,1.1548721323321066e-07,nominal,0.9634822038730742,1.040443295102533,0.4312052691798877,-0.09540651799257316,1.1797143679712827,0.9012974826125466,PI,0.00495502410474454,0.010433524925113657,10497930.509598775,12266287.616020707,-0.15567651174754407,0.2898195285046771,0.06903462318250897,-7.191955634446592,60.05886952494255,60.050729968526305,0.6056735265931733,0.333801527625715,-6.649040504412509,60.681314479726986,0.29279966501014154,0.333801527625715,83.24066711201965,18.597602625285077,1.2183154755634928,0.37508747976504175,0.1669054613485136,0.03676637637116127,6.7757631464438574e-09,7.0889419524069206e-09,9.996608976963824,0.9634822038730742,1.040443295102533,0.4312052691798877
ccp_id_0049,train,ccp_identification/train/ccp_id_0049.csv,nominal,L,1.356e7,297.2051173060363,50.0,2.0139225849242768e-07,6.697119626504888e-10,1.2523019639851644e-10,8.371083275110821e-09,0.9396323983956031,0.08,3.1e-07,8e-11,0.599354725623321,0.03,2e-07,1.0e6,2e-09,8e-07,0.004441053017898217,0.21007240340563435,1.7028665821173956e-11,2.443974655431783e-12,62.53651031580916,0.08350050922726943,9.10831413080361e-07,0.07233297776215447,0.012364053576480268,0.001752997384296096,1.0495640087158815e-12,6.668929062470288e-07,nominal,1.0766408709140363,1.0805544081799607,0.23397150179465057,-0.06784424853238928,1.1402026161562617,0.9995099121642288,L,0.0028602029105388865,0.004197452266273812,13105204.341587186,12640031.989900801,0.036140509734765756,0.6086238149979641,0.03411632187710312,-5.722184554791648,109.12742839025731,109.12151710628177,0.7835996136385871,2.2111282016266007,-4.307987961403029,226.69251500871607,0.38701768128680814,2.2111282016266007,313.66236929292495,67.5405282558147,7.539824838366214,0.5035376111653598,0.2085642049115871,0.01584445563537201,9.219085970789357e-08,1.0315778320423817e-07,16.465283047449674,1.0766408709140363,1.0805544081799607,0.23397150179465057
ccp_id_0050,train,ccp_identification/train/ccp_id_0050.csv,nominal,L,1.356e7,379.0812016027656,50.0,3.2284092855542217e-06,3.2722520029654404e-11,4.710618289316694e-10,2.7866207486270735e-08,3.628165335080704,0.08,3.1e-07,8e-11,0.2600302058844179,0.03,2e-07,1.0e6,2e-09,8e-07,0.0017351746227659954,0.2749746380307533,1.9672694768883892e-11,5.381111665186356e-12,38.579794489131295,0.004608695470146332,9.996618058632662e-08,0.07411712024109239,0.033757503135224125,0.0008636595512468724,5.670501297859164e-12,1.3429514265953404e-07,nominal,0.8275868868649889,0.9619400387470183,0.30588501066691715,0.1369607508803693,1.1016112940295877,0.982309164378905,L,0.005920165631293402,0.005816141909607366,5389113.744100892,15417187.781937806,-1.05110203134452,0.18000232957324847,-0.40008415874627234,-15.0529420963721,163.73430825477593,163.71944083699583,1.3553165088811399,-6.036794417318537,-10.767373169997983,266.4347523360558,0.6464996274283235,-6.036794417318537,363.26895649726805,79.47688831343424,45.010509532339064,0.8232366664572714,0.2901453413786816,0.2626537382111573,5.103180964541871e-09,6.106257680283015e-09,25.073213066416145,0.8275868868649889,0.9619400387470183,0.30588501066691715
ccp_id_0051,train,ccp_identification/train/ccp_id_0051.csv,nominal,PI,1.356e7,325.98890589729416,50.0,1.11648360575304e-07,1.9596224561237887e-09,4.013102350194436e-11,4.450124561039146e-10,3.509065333581017,0.08,3.1e-07,8e-11,0.719921940624724,0.03,2e-07,1.0e6,2e-09,8e-07,0.0016937175492853392,0.31588692308393646,3.926365828867125e-11,1.1256353604569144e-11,59.00827432934644,0.003611830817730754,2.6939877587930307e-07,0.05104261473132058,0.02941480273166044,0.001281473799798248,1.7473149495626904e-12,1.8513189554259836e-07,nominal,0.8607210598260487,0.9576247141707827,0.36623291508141576,0.006126170151606129,0.9898578842974182,1.0052310423217232,PI,0.00432603572670253,0.006405246325523851,10535847.77163033,13643070.86725578,-0.25844824803738103,0.2972854001359259,0.1230315441417687,-14.268874438043863,125.50350923157393,125.48752370241444,3.8339014842896244,3.1339147862680288,-12.218303812646589,241.6973441976517,0.9943590133506078,3.1339147862680288,333.81047479866976,71.24835592114219,9.176754201270896,1.2687846035430388,0.5277290619235779,0.20449249198359984,4.767908872608123e-09,5.443154102788104e-09,25.043007878452183,0.8607210598260487,0.9576247141707827,0.36623291508141576
ccp_id_0052,train,ccp_identification/train/ccp_id_0052.csv,nominal,PI,1.356e7,306.8628564510463,50.0,4.4049942504072623e-07,2.2500090685539617e-10,5.529505355309045e-10,2.741561545324915e-08,2.85064534556823,0.08,3.1e-07,8e-11,1.614343278349095,0.03,2e-07,1.0e6,2e-09,8e-07,0.0026249762008628214,0.18849842562574132,2.249810542115811e-11,7.598627112202125e-12,110.73309360968926,0.008565940625948098,8.845767332867171e-07,0.08142880193550223,0.02024868290495075,0.001773454843506023,3.1932362053397304e-12,2.920471370888244e-06,nominal,0.9368430962559582,1.0040302527354625,0.1359380368721522,0.12194487018271467,1.092068198527587,1.0408919542725121,L,0.006107435378979159,0.007540200672533609,10996410.99339396,15213572.43967761,-0.3246190068642258,0.242517458855281,-0.05973516841202462,-5.349310406423112,112.40233724281819,112.39819621973396,1.4093634271019249,1.944216211195075,-2.8473515651347863,227.24215279495826,0.6151446146719847,1.944216211195075,313.2795938429827,69.84045344281668,11.55439312737609,0.7946237730461144,0.309911237658979,0.1458950857073547,1.5316057938600324e-08,1.702453545431839e-08,15.41863318484179,0.9368430962559582,1.0040302527354625,0.1359380368721522
ccp_id_0053,train,ccp_identification/train/ccp_id_0053.csv,nominal,PI,1.356e7,369.69574859826116,50.0,6.166815523432736e-08,4.794539928123425e-11,1.2394298870203592e-10,6.712087604010017e-09,3.865380481983383,0.08,3.1e-07,8e-11,0.9833575553292672,0.03,2e-07,1.0e6,2e-09,8e-07,0.003623554720586688,0.40219386362254583,4.138101034579244e-11,2.6494708907150355e-12,104.96219958524891,0.14783035473617862,2.2731428494867075e-07,0.07035825959220648,0.0037320120549675013,0.0017351976331467928,2.601039791326192e-12,3.4823509684500277e-07,nominal,0.8408207935076254,0.9114628462168243,0.05084262534273494,-0.010900384851420197,1.0654699427146874,1.078787832056916,L,0.005266293804510253,0.006509116436338396,49353538.90207916,13412190.781414742,1.302845420400289,0.1800000075102254,1.1462315866590584,-2.453011616609507,160.4476546000049,160.44059850530093,1.7222313925813395,7.998181791316802,-3.7370141894398445,199.14184728946577,0.9523596544789004,7.998181791316802,264.59555992790405,70.00313201613949,70.71890262703563,1.0199680658138188,0.4972258312475665,0.7169388328000879,4.353765184220728e-08,5.3387978313622394e-08,16.33757795234495,0.8408207935076254,0.9114628462168243,0.05084262534273494
ccp_id_0054,train,ccp_identification/train/ccp_id_0054.csv,nominal,L,1.356e7,189.76733494308036,50.0,4.3216527201053803e-07,4.497819066380051e-11,4.3544818094992615e-11,4.388457095557761e-08,0.2138279954144934,0.08,3.1e-07,8e-11,0.3002008180416408,0.03,2e-07,1.0e6,2e-09,8e-07,0.0024421288994876064,0.14032447090997585,5.7313164407344496e-11,1.7997306774132651e-12,55.109531945902766,0.014078587448000848,9.441433081455865e-07,0.08301561068634737,0.014858190358802011,0.0015302397708870667,5.5484740358748385e-12,1.8743874550605842e-06,nominal,0.9758147130332882,0.9155590844072098,0.31037123800945965,-0.10463560508468212,1.1094360661863234,1.1182883283475709,PI,0.002145692277980503,0.008015558788155346,30146070.097457197,12141141.19505171,0.9094547855505996,0.1800432908191132,0.5633720565714464,-9.237795298128875,50.54365465599687,50.5318097134481,1.7123982595200267,4.181142743777803,-8.682799916404582,130.91798257706253,0.7827244915757744,4.181142743777803,179.9963451296833,37.735890717407884,22.753262651307427,0.9739515636074444,0.36652872146571486,0.34766937195033093,1.9013686246620865e-08,2.2123997183388532e-08,15.475260245538,0.9758147130332882,0.9155590844072098,0.31037123800945965
ccp_id_0055,train,ccp_identification/train/ccp_id_0055.csv,nominal,L,1.356e7,349.8061581948322,50.0,3.5696903528787123e-07,2.656372212183379e-10,1.7241754389323453e-09,5.151879341751457e-10,1.2186653334441264,0.08,3.1e-07,8e-11,0.1543650335586126,0.03,2e-07,1.0e6,2e-09,8e-07,0.0013282329922712222,0.4148691994583889,2.789833098246564e-11,3.395165876676742e-12,81.18835818570334,0.06788558116607867,1.4125632067846326e-06,0.06829970047325402,0.014140411860304078,0.0010283045043797876,5.789099444083866e-12,3.465307431686857e-07,nominal,0.84610839300324,1.050325111214536,0.20298414830160955,0.06971210725444903,1.1182155659017496,1.049674948234955,L,0.0036495683907250996,0.008900472282852177,8911778.876456805,14505296.17437033,-0.48713996515318586,0.20810651071914588,-0.24085395035987456,-9.132340123694737,142.39542275215462,142.38779516813247,1.6962706253420108,-2.019966486235023,-5.70997251143283,253.32870977777887,0.808501996450313,-2.019966486235023,348.17916670316987,77.61591934046176,20.262243114085425,1.0490248186171833,0.39632388035363486,0.1999910409806798,7.312571274136981e-08,8.144013699611972e-08,19.680837992715947,0.84610839300324,1.050325111214536,0.20298414830160955
ccp_id_0056,train,ccp_identification/train/ccp_id_0056.csv,nominal,L,1.356e7,287.7717310991745,50.0,1.8391196184924093e-07,8.417490066838071e-10,2.651803403892666e-11,3.239643342364831e-10,3.8602093252961382,0.08,3.1e-07,8e-11,0.9542562504300489,0.03,2e-07,1.0e6,2e-09,8e-07,0.0033167254797406257,0.44742807452901895,1.516882801048474e-11,3.264758314988367e-12,80.57732318620722,0.02231192232225891,1.8076898758646788e-06,0.03208927691358012,0.05221191895445329,0.0001525066078541619,4.945733061774996e-13,9.60521289281685e-08,nominal,0.9388985018134737,0.9675642376021718,0.4407323759453377,0.05988904236572918,0.9682218768929428,1.1377367698071614,L,0.007480010517397458,0.010689880983458924,12181093.839547064,14372095.41447929,-0.16540344369177565,0.3271085380276879,0.13402353833829386,-15.141641567636698,97.79410080005832,97.77744926076086,1.3278165476928712,1.3682552314891003,-13.423567561041754,213.72971053392186,0.33971756444349277,1.3682552314891003,295.15889872531466,62.38768670608653,5.523922620689702,0.43462140996074355,0.18146697884962817,0.05928493140113536,2.109133554205836e-08,2.3065019570688416e-08,24.653351168137327,0.9388985018134737,0.9675642376021718,0.4407323759453377
ccp_id_0057,train,ccp_identification/train/ccp_id_0057.csv,nominal,L,1.356e7,293.0450111660493,50.0,8.76731193575255e-07,1.359251434317169e-09,4.9071813075965144e-11,2.142251036630517e-08,2.7042148765899476,0.08,3.1e-07,8e-11,0.9592203866480165,0.03,2e-07,1.0e6,2e-09,8e-07,0.0038312159139025142,0.3504054980315068,2.8062556157782123e-11,9.056594463675372e-12,78.92550807769523,0.033363882222823917,1.0127240238998178e-07,0.07868551961881372,0.006257725465351454,0.0022418888983390486,4.334268400182062e-12,2.1960861290717827e-06,nominal,1.0782348123481171,0.9170944430751705,0.05605369324009764,-0.17499715796651194,0.9865261600698733,1.0232755609661393,PI,0.007817219329419815,0.006123834749711454,4494085.407626606,11187038.537974099,-0.9119936563530593,0.18004066043836942,-0.4557463725347147,-2.26300246885676,102.12241070083383,102.1203426698461,1.5065278217532896,-2.096869367255029,1.0735978294721253,198.71339825742012,0.6886112269656299,-2.096869367255029,271.6928909015464,57.498313472001584,33.456664474545306,0.8629408543229918,0.31581239857478116,0.31154131424395715,9.539575213800326e-09,1.0644683184241061e-08,11.423294254432411,1.0782348123481171,0.9170944430751705,0.05605369324009764
ccp_id_0058,train,ccp_identification/train/ccp_id_0058.csv,nominal,PI,1.356e7,413.3792616754637,50.0,6.836935216547053e-08,6.092252771301263e-11,3.118980317449864e-10,1.000747537061784e-08,3.892613811660865,0.08,3.1e-07,8e-11,1.3390307258813274,0.03,2e-07,1.0e6,2e-09,8e-07,0.002414603534971186,0.5567159279873323,1.858163841131429e-11,1.1214782676099032e-12,86.40529489049479,0.01886453752918397,8.458031373407032e-08,0.03660006539182989,0.016471960495598157,0.001989426142989024,1.1459709946504242e-12,2.6103732848982476e-07,nominal,0.841953819478465,0.9777400530260654,0.13432474035099382,-0.061288953669319746,1.0348766163066425,0.9583810441687902,PI,0.0046997515829310275,0.009312226990411903,38655996.7301215,12728921.788244024,1.110825207229286,0.18000082588330008,0.9918588624191943,-7.083518073162461,171.01044070930118,170.99948965364246,0.8493129705209963,4.694744588570906,-7.881417487581333,237.18620708392737,0.47361342753703856,4.694744588570906,321.62189099580166,73.57017458449056,67.5353949921406,0.5475266698118384,0.22545294581958936,0.30327487879384735,4.603295103577457e-09,5.4012250952961445e-09,21.124048912789632,0.841953819478465,0.9777400530260654,0.13432474035099382
ccp_id_0059,train,ccp_identification/train/ccp_id_0059.csv,nominal,PI,1.356e7,197.16071206142584,50.0,1.937703523540558e-07,1.0231720820116588e-09,7.352619871681459e-10,1.0209166712575793e-09,3.39519698276257,0.08,3.1e-07,8e-11,0.7503871355704462,0.03,2e-07,1.0e6,2e-09,8e-07,0.002231401264818025,0.316605567877061,4.7678843142164005e-11,8.732699174147742e-12,40.24500423505706,0.005545269270868763,9.095590016377543e-08,0.06440278324214914,0.018068151829831545,0.002006908103214658,2.033001836791097e-12,9.51223730874445e-08,nominal,0.9932470034606278,1.0035076059679422,0.16069246515482782,0.11793927574957838,1.1699726587393575,1.0823694573578337,PI,0.004578408444495751,0.00937633765039212,9846099.994765056,15159256.579164281,-0.43153590353665655,0.22803566887741625,-0.002465451051535679,-4.684830417452932,35.84209953461897,35.83767806917588,1.6677866506199668,1.7145197529852665,-3.116942376778779,146.26114885240256,0.7135604051681675,1.7145197529852665,201.4436938441271,45.407423213790224,10.06375712813217,0.9036347007569356,0.3949431063263852,0.18753520711667632,3.605179429635569e-09,3.982828237447739e-09,11.290278555261018,0.9932470034606278,1.0035076059679422,0.16069246515482782
ccp_id_0060,val,ccp_identification/val/ccp_id_0060.csv,nominal,PI,1.356e7,397.8758132459103,50.0,2.396369003362933e-06,5.85134972630927e-10,2.735348091676463e-10,2.0591959491421672e-10,1.4302725872180784,0.08,3.1e-07,8e-11,1.3107295748858696,0.03,2e-07,1.0e6,2e-09,8e-07,0.0014385353898806342,0.4366788242209815,1.913881079609937e-11,8.262225447121096e-12,128.4111351195001,0.1366563646578388,1.1124695260922126e-06,0.044550487606537605,0.02629709643540722,0.0023985421561882646,5.20211721887513e-12,4.217577852643077e-07,nominal,1.178793581209901,1.0241805963997108,0.4462956827752551,-0.0849418429013983,0.9264578543130499,1.0139372302667424,PI,0.0021784266253706635,0.0075383403321818,3859881.203483554,12408188.610257039,-1.1677202197528642,0.18000015386149318,-0.7082592717294629,-22.824362845686025,169.48277783078285,169.4573465935942,1.2676559963212655,-12.282528880846332,-18.016427437282772,250.5893263889231,0.6834834252618934,-12.282528880846332,338.3594967391151,70.70836672938357,58.01161030274367,0.856740219399055,0.2916788305173915,0.3333045953173393,8.118426876808236e-08,1.0394602496806569e-07,30.743933448571816,1.178793581209901,1.0241805963997108,0.4462956827752551
ccp_id_0061,val,ccp_identification/val/ccp_id_0061.csv,nominal,PI,1.356e7,335.8665843391776,50.0,1.5481984317327583e-07,3.4926874459594685e-10,1.001652230843588e-10,1.998521893401473e-10,2.316275352732504,0.08,3.1e-07,8e-11,1.1272604295904043,0.03,2e-07,1.0e6,2e-09,8e-07,0.0026204274094035764,0.10440305507529525,4.7494218982995e-11,1.1678577745746056e-11,82.59393857021307,0.06547961390227917,1.9412898881823366e-07,0.039741860478928276,0.03335602192449012,0.0008169467663968697,3.663040130994499e-12,1.5177829247968325e-06,nominal,1.0173808530258646,0.9651531614855573,0.22334537552518774,0.03757706600997342,1.0014002045786132,1.0380506992057363,L,0.007456887261895253,0.011646585379077484,19491422.956123624,14069545.01509524,0.32596198703625306,0.23571825646337768,0.35888663465635345,-9.478953249865906,126.33845474825526,126.32644659007761,3.0546472461885914,7.118160350109504,-7.972704456659177,240.08019005509303,1.2239846894824093,7.118160350109504,332.5168335151196,69.1398864745098,16.177179145204793,1.57646231356805,0.600424603703286,0.3057869320494969,2.7303681853739207e-08,3.313135365383457e-08,20.41788402207094,1.0173808530258646,0.9651531614855573,0.22334537552518774
ccp_id_0062,val,ccp_identification/val/ccp_id_0062.csv,nominal,L,1.356e7,288.74066102683025,50.0,1.3852879145062186e-07,1.1449868201630347e-10,5.86193178812888e-11,1.6070543827908678e-10,2.1473078972202813,0.08,3.1e-07,8e-11,0.5732892503863982,0.03,2e-07,1.0e6,2e-09,8e-07,0.002320862537636041,0.5713387514276229,4.4264180451873815e-11,3.234345218258252e-12,119.31237177080531,0.025729111398490344,2.295305716843829e-07,0.05132589295363883,0.021006135258194013,0.0016370384748260584,1.1679834264732303e-12,1.7941545496052104e-06,nominal,0.8347500178841948,1.0164718415395086,0.29789737963093027,-0.10530834627840727,1.1686584313329698,0.9791380907608904,L,0.007944044607981428,0.011811110398508065,32054348.66798715,12132018.824464798,0.9715847165684898,0.18001049678793815,0.7531917439845679,-11.895354854065726,104.05618356381557,104.04110386433416,1.8143209024168847,2.9385208329906285,-11.680592617716519,187.3107355163447,0.8583881627477307,2.9385208329906285,257.08545435684414,53.97004980014982,38.34988420005253,1.0421601928517377,0.40876143882087845,0.4394428579329093,9.400051673476083e-09,1.0689145756766951e-08,21.395201581743486,0.8347500178841948,1.0164718415395086,0.29789737963093027
ccp_id_0063,val,ccp_identification/val/ccp_id_0063.csv,nominal,PI,1.356e7,264.8496581072072,50.0,1.1593777587457776e-06,2.056226546075214e-10,4.215744174840337e-11,3.1334621604384005e-09,1.935140027989714,0.08,3.1e-07,8e-11,1.6987477815732384,0.03,2e-07,1.0e6,2e-09,8e-07,0.0021620074495299663,0.23729544613513756,3.7416622423433956e-11,1.4106880185215703e-12,128.46157209970798,0.017605626282717807,7.73959686236385e-07,0.030134719312415605,0.015024319516522638,0.0022230033500200467,4.678617507614708e-12,5.709394769716856e-07,nominal,0.9462153502513465,0.951596131951848,0.15659521460439052,0.03138579741564745,0.9549329130767541,1.0848592884586568,L,0.005329018853885249,0.011645413641876757,9183119.501938654,13985591.41295618,-0.4206606529177436,0.25735403680281443,-0.21215412221905058,-5.444500521587271,81.0479997077102,81.04412938232764,1.6032909874530572,0.19572154777807613,-3.0427331829047257,192.19289124585046,0.7723382005525692,0.19572154777807613,264.8589666369555,57.50146951656351,13.048546883867957,0.998752853668351,0.39408729757496985,0.17088835930897164,1.0622563970073732e-08,1.0998521393012411e-08,13.392997695886157,0.9462153502513465,0.951596131951848,0.15659521460439052
ccp_id_0064,val,ccp_identification/val/ccp_id_0064.csv,nominal,PI,1.356e7,203.66173058537794,50.0,2.655096921528789e-06,4.920953617041204e-10,2.270812942631145e-11,1.3411243718732184e-09,2.430301425764352,0.08,3.1e-07,8e-11,1.4052792438733437,0.03,2e-07,1.0e6,2e-09,8e-07,0.00198942976107752,0.2790270918316184,1.7796634813770937e-11,4.176637721956215e-12,68.50168584494159,0.014284423620924398,9.06381343265674e-08,0.053539987152771,0.03441337174061259,0.00014652201290026455,4.5362078101024445e-12,1.2951695092358062e-07,nominal,1.1185709313959413,0.9726819887924472,0.4165868510253108,-0.17399607344056614,1.1529005243560817,1.029398271653021,PI,0.00221615841291042,0.004170591480569718,4169966.3735956326,11200613.244145924,-0.9880605588514495,0.1800159801218031,-0.5099873668832514,-12.994038384080305,62.2715206410013,62.25820218287849,0.6486308793533438,-1.708502541399858,-10.617536893707753,137.51165704893464,0.31774795549936047,-1.708502541399858,186.7400262290826,40.36428925140765,24.485851517491433,0.40234383917655525,0.1432038574070407,0.13639245784541726,3.874018453933235e-09,4.27911588289478e-09,17.88310895896113,1.1185709313959413,0.9726819887924472,0.4165868510253108
ccp_id_0065,val,ccp_identification/val/ccp_id_0065.csv,nominal,L,1.356e7,177.75170337677366,50.0,1.278372083085981e-07,5.064713051359664e-10,7.147005790337129e-10,2.995319003984253e-08,0.516402712149401,0.08,3.1e-07,8e-11,0.6194879609444499,0.03,2e-07,1.0e6,2e-09,8e-07,0.00414922140784011,0.5160739233502177,5.722556219852301e-11,1.198435106074656e-12,130.85559250647626,0.05692613472540849,1.790171593504976e-06,0.025363253005991186,0.029893615134666065,0.002192865663769027,5.157300653419898e-12,1.7598189182514319e-06,nominal,0.9768859375719186,0.933637983320616,0.26135371404896723,0.09751679190995792,1.0434854053131737,1.0093109106059572,L,0.0041882680810825315,0.008110511165482658,16073464.908291193,14882327.69829903,0.07699532145935464,0.43559688396003704,0.02076928655702612,-5.675394655866321,21.5799551677267,21.573667410445925,1.520894820842953,2.0127305238866198,-4.609873867935316,133.76757735076043,0.7879841171049604,2.0127305238866198,184.901827681854,40.07616640926809,1.2572556343103762,1.0254282309431713,0.424135926209356,0.042835435291046456,2.199293944341808e-08,2.448906301789938e-08,11.823583821603572,0.9768859375719186,0.933637983320616,0.26135371404896723
ccp_id_0066,val,ccp_identification/val/ccp_id_0066.csv,nominal,PI,1.356e7,362.62093225312356,50.0,1.0060566747709699e-07,2.0013833172205646e-11,7.25528327388168e-10,4.1666464350989575e-09,3.6514627548462437,0.08,3.1e-07,8e-11,1.4024027158679442,0.03,2e-07,1.0e6,2e-09,8e-07,0.0015660510249149164,0.2777422890650112,1.5753638990846104e-11,1.5867576761294851e-12,103.11345647021771,0.03843183619918742,1.9138456468231548e-07,0.062378637659629664,0.02577933387572995,0.0020242885470314297,2.082687031227679e-12,1.6289362772927718e-07,nominal,0.9338259249305779,0.9694785657723634,0.21456048023770485,-0.08556080585475082,1.0338366401631232,0.9385149533840236,L,0.007630861090561681,0.010151450695180392,26937540.27134735,12399795.47260958,0.7758408845242897,0.18073804889716952,0.7467119784488353,-10.188971749550328,143.23313308498882,143.21928903226714,0.8375317507429414,6.0195315528118565,-9.962033400654175,234.2679918303206,0.40154982592640115,6.0195315528118565,323.12577314053283,66.3692719893441,40.88332111051532,0.508262069102278,0.17518372699724272,0.16462690155577855,1.507767024412553e-08,1.8037083232400213e-08,21.90850235873611,0.9338259249305779,0.9694785657723634,0.21456048023770485
ccp_id_0067,val,ccp_identification/val/ccp_id_0067.csv,nominal,L,1.356e7,368.4522198441009,50.0,8.537931784872197e-08,2.822609021893093e-11,1.1732099738024122e-10,2.087624473911682e-08,1.9424115007246816,0.08,3.1e-07,8e-11,1.886145486810941,0.03,2e-07,1.0e6,2e-09,8e-07,0.003072713699623441,0.13252552621683428,3.6441895414240484e-11,8.817376196621716e-13,53.96817935479269,0.02212277673736039,3.5245633113500503e-07,0.07726585068912754,0.009264241097535639,0.0008734046455807183,5.736841817878504e-12,2.704238320431013e-07,nominal,0.9686343854434228,0.9284219217800419,0.10686350767644065,-0.055363454678959506,0.9001673586489568,1.073183260012992,PI,0.0035266002384667164,0.006622289086125982,52379011.350409895,12809271.55455331,1.4083367154215205,0.18000000028022847,0.900482806276225,-5.142209154693338,151.44507867340116,151.43320980232298,1.8011213479605768,17.480218020480578,-5.370577947703026,225.279275096995,0.9293097061514848,17.480218020480578,305.89272905001303,63.47065522757279,69.16034444965614,1.0889646205897074,0.37088743505110205,0.6180602349915035,2.378441701346418e-08,3.173970526168786e-08,16.79529588866613,0.9686343854434228,0.9284219217800419,0.10686350767644065
ccp_id_0068,val,ccp_identification/val/ccp_id_0068.csv,nominal,L,1.356e7,418.8752758106349,50.0,6.964533569748446e-08,1.0186301768166931e-10,1.9291708452656873e-09,2.451917454932641e-09,2.58548392457469,0.08,3.1e-07,8e-11,0.886715139813889,0.03,2e-07,1.0e6,2e-09,8e-07,0.0012288510156674127,0.3217590624613252,2.692272254675174e-11,6.574845994597153e-12,56.433311477677634,0.004179375373073866,2.2010366615773803e-07,0.03463577335703753,0.030725582393318386,0.0011697274024017683,5.843616895822692e-12,3.329188686825617e-07,nominal,1.0967259646781682,1.0253624591543693,0.3568088697496548,-0.09354258006131871,0.9998117312116173,1.1471094631902905,L,0.0023180695659770797,0.007084969817370591,20948543.33801819,12291562.614368517,0.5331560528616066,0.20656907509477967,0.47944062498851636,-18.545286889811663,178.90529810012868,178.88017694407546,1.9609761218704056,14.7481179764853,-17.083852540076236,289.1507996749265,0.8912958642845745,14.7481179764853,399.7419360568776,80.71068421098647,33.902879743281964,1.1581514819702312,0.37679831072919434,0.27553566385231854,5.29205265057616e-09,6.9179100237978826e-09,31.6117756980538,1.0967259646781682,1.0253624591543693,0.3568088697496548
ccp_id_0069,val,ccp_identification/val/ccp_id_0069.csv,nominal,PI,1.356e7,395.56694713759725,50.0,8.030623160762761e-07,3.907573765966762e-11,2.8952813702972648e-11,1.301252754990472e-10,1.2082426379166913,0.08,3.1e-07,8e-11,1.6665654317707599,0.03,2e-07,1.0e6,2e-09,8e-07,0.003963158262040894,0.5107371631302023,1.680335707463271e-11,8.300868151397331e-13,103.95692990886043,0.0029358276922874776,1.2615552939322683e-07,0.06464895891202935,0.02948286530365063,0.002091593009666917,3.2846856960488173e-12,5.304561173652431e-07,nominal,1.1377328432433635,1.0159409636346304,0.2282642753208971,-0.01877705510191798,0.9766494994620327,1.0205028656181558,PI,0.006980931169107052,0.008732627599853895,20733574.799758498,13305383.132817993,0.44358565713158316,0.20185491071861159,0.2870816256886629,-11.382375709170049,170.52459567399072,170.51141490847945,1.2567255188117026,6.559929079776805,-9.239261862858395,285.3684282685052,0.5280917017635746,6.559929079776805,394.56755023139135,83.13921299692842,24.273019567591696,0.687254616392773,0.2459107180430225,0.13058555769829594,3.1478056758535395e-09,3.792787495591265e-09,24.20432020230551,1.1377328432433635,1.0159409636346304,0.2282642753208971
ccp_id_0070,val,ccp_identification/val/ccp_id_0070.csv,nominal,L,1.356e7,466.9319926022634,50.0,2.1156029642947487e-06,6.429110629200611e-10,2.5397788227122635e-11,1.472823260835034e-09,0.9298394209835467,0.08,3.1e-07,8e-11,0.6527998401362834,0.03,2e-07,1.0e6,2e-09,8e-07,0.0012911903122593328,0.21952213910715285,1.722601361135441e-11,4.8884195366946294e-12,122.97087243618483,0.004413029036766351,5.589361880756066e-07,0.018400702438990692,0.013485827755765385,0.0019539259517300325,1.7119443230095946e-12,2.1166042327228176e-06,nominal,1.1417354806219457,0.9219254141651148,0.35148301401127496,-0.17723548499342148,0.9546055014654631,0.9590217523160576,PI,0.006031277221889128,0.01167995441633548,4226072.975170586,11156686.823489206,-0.9707658460726627,0.18002620230855948,-0.6260642376709772,-20.468201455650618,205.85218851418472,205.83300459690014,1.206571731748614,-3.8170247026933533,-14.931793917146607,297.83728900467105,0.6099092426479943,-3.8170247026933533,404.85618041510173,84.24931470108561,58.75512840806368,0.752413267961927,0.2882423455158522,0.30295591455494125,4.672389343780266e-09,5.402672858576594e-09,30.096670563342016,1.1417354806219457,0.9219254141651148,0.35148301401127496
ccp_id_0071,val,ccp_identification/val/ccp_id_0071.csv,nominal,PI,1.356e7,411.3765331993686,50.0,1.3106861207574961e-06,9.800235600434208e-10,2.402402453706531e-11,2.0897307565098743e-08,0.6696472200777531,0.08,3.1e-07,8e-11,1.9636024344210719,0.03,2e-07,1.0e6,2e-09,8e-07,0.0013911346648401907,0.6155750960436173,1.417098250711329e-11,1.4514090205692953e-12,123.12621265656566,0.003942365110404293,1.8515045121945159e-06,0.08692827582528988,0.04795557064258237,0.0022619683000826905,3.134857373789513e-12,2.2500139449702638e-06,nominal,1.1737040373513188,0.9969788785675436,0.3165716264059659,0.1798374281878022,1.132041083870184,1.117016195943851,L,0.003334983545199222,0.006924760862662767,4392126.780078009,15998595.526226597,-1.2926873688474974,0.18000000796858184,-0.9167027590417719,-16.629063416468174,181.26331781050195,181.24618128737063,0.7263932579659791,-10.209361211756521,-11.667562868326932,239.184257440167,0.42836842449863427,-10.209361211756521,319.0402452673091,73.5294420804871,69.5557148148543,0.5127928262969361,0.1969663461153229,0.25653779583300046,1.8671327140407077e-08,2.344403069613824e-08,24.90286244281461,1.1737040373513188,0.9969788785675436,0.3165716264059659
ccp_id_0072,test_id,ccp_identification/test_id/ccp_id_0072.csv,nominal,PI,1.356e7,346.8395886418155,50.0,4.414731793553226e-06,1.0247336162975178e-10,6.872239919681131e-11,2.733151981804433e-09,0.6246959836288711,0.08,3.1e-07,8e-11,0.4979851996072298,0.03,2e-07,1.0e6,2e-09,8e-07,0.00152905290022177,0.4891304221170704,1.4430525953074867e-11,2.2670760257166125e-12,110.07519893747606,0.01666927308014082,1.2218030302389465e-07,0.08849374423065964,0.017695052606471497,0.00039172871322931387,2.2159311708175003e-12,4.960250120286037e-07,nominal,1.037370056544978,1.0111409664929842,0.3068946707573972,0.00782464064915774,0.9829498035002076,1.1458820029518582,PI,0.005023793303831391,0.011760744405871895,6424349.187150819,13666102.12720258,-0.7548231375952931,0.18182385475305607,-0.43923106887499286,-14.062259186172149,134.2276478423298,134.21488104475017,0.8338385822506234,-1.569648457100071,-10.177099320207033,235.56779199941226,0.3967366803186549,-1.569648457100071,322.24595497226755,67.9683884867922,34.92697439747265,0.502327583530356,0.18827204601591296,0.1596564744464726,7.106002836376103e-09,7.818226767913357e-09,22.411409247829624,1.037370056544978,1.0111409664929842,0.3068946707573972
ccp_id_0073,test_id,ccp_identification/test_id/ccp_id_0073.csv,nominal,L,1.356e7,357.2940377439681,50.0,1.0685991622665828e-07,4.1883339780300536e-11,1.2265298362765318e-10,1.1800610681688355e-09,2.970804675811566,0.08,3.1e-07,8e-11,0.3246600909526996,0.03,2e-07,1.0e6,2e-09,8e-07,0.0021730591930329644,0.10846458813361379,2.4749333207908737e-11,4.683407462796822e-12,60.772743995625994,0.012725066833574676,5.957099985890605e-07,0.033729299838025625,0.014955331039197791,0.00012059690430081524,2.003927682734678e-12,2.6006906951534584e-07,nominal,0.8079713313572141,1.0958255444562348,0.14739566995742334,0.11250976399020056,1.177783685922658,0.9249057897977403,PI,0.0033685322031514068,0.004294810426659685,40540393.52957123,15085632.39970712,0.9885560540165272,0.1800140029197515,0.8607144477480406,-6.923562095424827,140.04561210172162,140.03522649181926,1.174698816761611,5.798388469651976,-7.107186233148885,218.67078641285877,0.5840815257500314,5.798388469651976,299.3763700212064,64.58901891143262,50.9240288965769,0.7097946793361833,0.26595341963510527,0.30790235859909804,1.448213338641062e-08,1.7271953392040943e-08,18.733209637206755,0.8079713313572141,1.0958255444562348,0.14739566995742334
ccp_id_0074,test_id,ccp_identification/test_id/ccp_id_0074.csv,nominal,L,1.356e7,124.46340826009748,50.0,3.9611727065442615e-07,6.43459028456363e-11,7.889699402538856e-10,3.7148415302556575e-08,2.2933538801281466,0.08,3.1e-07,8e-11,0.20948207097239696,0.03,2e-07,1.0e6,2e-09,8e-07,0.003228850759444311,0.36801019734987334,4.9769088836437646e-11,2.957713230569129e-12,83.72210177580904,0.0033027182930863903,2.1950125592108276e-07,0.03652288847596361,0.013449367509667527,0.0018596490274991415,3.293113887314978e-12,1.0239949955848968e-06,nominal,0.9231106823401494,1.0746236569767649,0.256204716710395,0.03855425032193652,0.9105677159747401,1.0538729281231298,PI,0.003973235303406026,0.005331431733259886,12865195.850436332,14082795.634365458,-0.09042821547154527,0.3587834407031725,0.10877012276751304,-4.920249820395402,30.00062134550625,29.995197209562633,1.7992230963555425,0.7272045500484883,-4.188376890806195,92.60607125771753,0.48368132588937746,0.7272045500484883,128.08596634030272,26.786433510013197,1.2646137341450947,0.6251814472501314,0.2565875531493937,0.04769966942360651,1.9158977867071895e-09,2.0466023097934184e-09,9.00993492260857,0.9231106823401494,1.0746236569767649,0.256204716710395
ccp_id_0075,test_id,ccp_identification/test_id/ccp_id_0075.csv,nominal,L,1.356e7,351.32546388753764,50.0,1.595592063788988e-06,3.556513171424193e-10,1.6167298689803881e-09,1.9993773485390736e-08,3.5928390346396566,0.08,3.1e-07,8e-11,1.465799740991458,0.03,2e-07,1.0e6,2e-09,8e-07,0.0017192513921765109,0.5762951831595786,6.381303719552944e-11,9.261624963870082e-12,52.46553860007753,0.07204858422692041,1.1213636928089467e-07,0.013264858020224509,0.025753115812657535,0.0016380014927273436,1.3201767684331863e-12,1.3228093494305521e-07,nominal,1.0547396034006264,1.0006978013968668,0.24580175095526996,0.11210058943552448,1.0629108487449872,0.9330109788636552,PI,0.002447153871121235,0.007216825041868756,3997652.936568995,15080083.992745712,-1.3276675093273385,0.18000000244436792,-0.6915503446344322,-11.395406424219292,143.14654312976626,143.13766650609662,2.7642436120045266,-0.23443779952828875,-7.108223307156509,222.41978961871743,1.5290380051318015,-0.23443779952828875,300.0160298497254,64.06422482932979,56.41326451608313,1.7739402928733692,0.7621006337788016,0.9690355922312539,2.6388134966177744e-08,2.741027995260168e-08,18.63978377643587,1.0547396034006264,1.0006978013968668,0.24580175095526996
ccp_id_0076,test_id,ccp_identification/test_id/ccp_id_0076.csv,nominal,L,1.356e7,278.3976223723841,50.0,1.8642779216312913e-06,9.413363172064114e-10,1.529605380593544e-10,1.5928465514129193e-09,3.502957917958568,0.08,3.1e-07,8e-11,0.9841035679687429,0.03,2e-07,1.0e6,2e-09,8e-07,0.001322484837728191,0.10953812013484612,2.4621100362920954e-11,7.426460365672844e-12,101.20830372183383,0.006674049257338824,5.996259488474523e-07,0.014195934895140297,0.005054122583611106,0.00040557174613962597,1.865148334438318e-12,1.0681055726385639e-07,nominal,0.8971765293621198,1.0790331495687913,0.13605549418533075,0.16392304061075094,1.1682640274626623,0.9618106945813193,PI,0.0021431290888590483,0.005079236654850271,3571938.175752504,15782796.430681784,-1.4858121584774766,0.18000000004286687,-0.7590810115112756,-5.288341516219392,111.24167572362167,111.23877481383907,0.9595246987941933,-1.9489146495290046,-1.8502357648892842,174.38731142848698,0.5438291044855339,-1.9489146495290046,234.01733279505262,51.42001611890294,49.2071869617536,0.6328528393754713,0.2627636141845581,0.3465307578742014,4.554710220002258e-09,5.063393131838773e-09,11.105838666291813,0.8971765293621198,1.0790331495687913,0.13605549418533075
ccp_id_0077,test_id,ccp_identification/test_id/ccp_id_0077.csv,nominal,PI,1.356e7,250.44262820295035,50.0,6.828808588828764e-07,1.7990082176212283e-10,1.8413522230895934e-10,2.0887241716709795e-10,1.495920581277178,0.08,3.1e-07,8e-11,1.3069062920102816,0.03,2e-07,1.0e6,2e-09,8e-07,0.004134232718449568,0.4939230599312275,2.466544408701777e-11,1.1727598783690296e-12,115.0928411222266,0.003692304686771256,7.907704294528049e-08,0.058313567438057386,0.05790669567354501,0.0010078452405710597,5.5652959260598124e-12,1.1772810586449005e-07,nominal,0.8487442542734828,0.954877548825686,0.394892725288883,0.07520172309034968,0.9348112748674994,0.9734081211660729,L,0.006831908403676984,0.01102584962927226,11629505.03833261,14579735.365105141,-0.22608716929216002,0.2872555924500696,-0.08994537400588332,-12.790228389769581,69.70954240640106,69.69600480686807,1.0511729007860644,1.4969336585759005,-10.81950178777746,184.15368670138682,0.5187642327769527,1.4969336585759005,253.87769607965646,54.96772842445742,7.429994765720421,0.682378768473669,0.24666502913972727,0.07543900760275303,2.171199892840101e-09,2.3837156187386336e-09,20.713692904179794,0.8487442542734828,0.954877548825686,0.394892725288883
ccp_id_0078,test_id,ccp_identification/test_id/ccp_id_0078.csv,nominal,PI,1.356e7,461.5332248878869,50.0,2.8857098495175187e-06,1.1086978271426915e-09,8.477227160762781e-11,2.6785991801465724e-10,3.546588178248734,0.08,3.1e-07,8e-11,1.7828806511702022,0.03,2e-07,1.0e6,2e-09,8e-07,0.004224276909436744,0.4053853371070621,2.119789624539498e-11,8.387817578727167e-12,130.34803735227356,0.007869234905782405,1.5921923645722311e-06,0.07292420323505427,0.025537101326595903,0.002326944692957859,2.33106251720198e-12,5.078975071766728e-07,nominal,1.0516033571981183,1.0851842826102072,0.17625793251238023,-0.11303108394484447,1.088539700444837,0.9536742093526711,PI,0.0068887323363637405,0.004546508840623705,2694181.1597869736,12027298.501707908,-1.496084619939924,0.18000000001585448,-0.7737213255238828,-10.166679669319835,202.06624486024648,202.05878763337765,1.399849648763672,-6.49357666816644,-4.474307419594862,278.0376896936683,0.7819544373682022,-6.49357666816644,371.39524968231115,81.47199266646085,86.1081178563097,0.9039046938516074,0.3619160627304327,0.5182800281318104,1.7618956166437643e-08,2.121075618517949e-08,19.139266099557815,1.0516033571981183,1.0851842826102072,0.17625793251238023
ccp_id_0079,test_id,ccp_identification/test_id/ccp_id_0079.csv,nominal,PI,1.356e7,154.8421758659381,50.0,5.265974962232858e-07,2.0514594494111254e-10,1.549394889355096e-10,3.0394366742545754e-08,0.8341413926201722,0.08,3.1e-07,8e-11,1.801858462074342,0.03,2e-07,1.0e6,2e-09,8e-07,0.001318999767770908,0.2774636771764238,1.6879240799418177e-11,1.51221406870483e-12,137.17519270299837,0.06077435565162871,1.907622349719527e-06,0.025263452509182095,0.003805331939808502,0.0019234241051068132,5.727556420969885e-12,1.3552185585258834e-07,nominal,1.181095146065258,1.0827352110283754,0.09689098012268516,-0.06668287796285753,0.9671505835701839,0.9708101123755897,L,0.006229896936555332,0.01063185454543854,13200211.432204803,12655780.174823651,0.042118805426785894,0.390844602243843,-0.019717312723464463,-2.036561875939809,15.239330222443009,15.237864338575516,0.46617512025797747,0.603822912738292,-1.0317662347038967,115.9072989895118,0.24851023344694634,0.603822912738292,160.31319623408186,34.656625590851164,0.909256512347937,0.3311816084480676,0.11352007913175621,0.012004165383779845,2.0038552193970553e-08,2.12842454746498e-08,7.269958841057106,1.181095146065258,1.0827352110283754,0.09689098012268516
ccp_id_0080,test_id,ccp_identification/test_id/ccp_id_0080.csv,nominal,L,1.356e7,485.65273754288006,50.0,5.725750457711805e-08,7.988432575145333e-11,3.155191021051142e-11,5.727458641705996e-10,1.7166026572291886,0.08,3.1e-07,8e-11,0.275255892621568,0.03,2e-07,1.0e6,2e-09,8e-07,0.004724437608204935,0.3106600289255738,5.4158879301661295e-11,1.5244852620253122e-12,75.21339663085811,0.13698209638072653,1.0127416284092701e-07,0.017926863235770148,0.006219463681657384,0.002391738431403115,2.8519601656889852e-12,6.138321202613878e-07,nominal,1.106249645501158,1.0376684659793909,0.05470867293920914,0.05048977720238636,1.0589493839160373,1.003355300808109,PI,0.006627972245494761,0.010545339602542687,59429011.1776432,14244641.378864361,1.4284017183983035,0.18000000020289306,1.0381823257735832,-3.2911779794763043,214.2141902624756,214.20408584432545,2.86054893290331,15.308893770892029,-4.354745938001787,278.13987151545444,1.6526777084356432,15.308893770892029,373.3549226711839,87.1820218720953,95.41522269707656,1.8039905815253827,0.7733122307355511,1.2497936797293023,3.7277013821775925e-08,4.894519076653096e-08,20.047509874978942,1.106249645501158,1.0376684659793909,0.05470867293920914
ccp_id_0081,test_id,ccp_identification/test_id/ccp_id_0081.csv,nominal,L,1.356e7,419.222226317455,50.0,1.0163181793681323e-07,1.702416749335692e-10,1.1349902094539763e-10,5.987827390032473e-10,3.139165387124384,0.08,3.1e-07,8e-11,0.6747784351857782,0.03,2e-07,1.0e6,2e-09,8e-07,0.0029720399912214466,0.17930487051747165,1.3081223723485075e-11,1.3361574847878772e-11,56.284690830634645,0.1606932254388214,1.5357399240119342e-07,0.04971029617640974,0.025766922154876633,0.001962337304946448,2.598273419051207e-12,8.061133519578892e-07,nominal,0.9696696937983436,0.9962473594330493,0.25707975569966574,0.16316307790746012,0.9570221351502641,1.1287666169658999,L,0.006733813222080167,0.010029488790730921,30228959.001176354,15772491.336425161,0.6505330042674878,0.18346300265420315,0.6246412784483416,-13.666846352971003,173.89052704580118,173.8723356474869,1.2018306318984997,8.85647800859083,-12.845226540449351,276.3213952894587,0.47699806363114616,8.85647800859083,381.80896102753917,76.33652173075595,43.061996437977314,0.6097642120184165,0.1810523943421952,0.18438859475700067,8.976737123011219e-08,1.1113906874185462e-07,26.58580045198542,0.9696696937983436,0.9962473594330493,0.25707975569966574
ccp_id_0082,test_id,ccp_identification/test_id/ccp_id_0082.csv,nominal,L,1.356e7,474.55530947980407,50.0,2.0629653987297884e-06,4.3758751166586323e-10,4.5892443253622976e-11,1.7297958026179833e-08,3.6499962980318075,0.08,3.1e-07,8e-11,1.413897811723717,0.03,2e-07,1.0e6,2e-09,8e-07,0.0025632749599181497,0.4489321680682853,2.6274140063647935e-11,9.682125145751396e-12,45.60079935405467,0.09557374770119244,6.258171502849281e-07,0.06281805054011129,0.03543609978061859,0.00042359037843689445,4.5522997603215655e-12,1.6673253191720153e-07,nominal,0.8174158052995661,1.0541733885550337,0.3051091933951789,-0.09406206739966708,1.1087810988500875,1.0367175207397066,PI,0.0052591486975378555,0.004965058401618848,4828510.731035761,12284518.366060514,-0.9338017173036276,0.1800256362083777,-0.4257222524796299,-18.006601002959655,228.1822834791548,228.16467425896903,2.1535066125710096,-7.4545520234012566,-12.631253264576273,331.9341514715676,1.007583424772133,-7.4545520234012566,453.0933306383208,99.29494056273752,51.19440899090647,1.2686298645826124,0.48650995619539633,0.413826612585089,1.7754479436748724e-07,2.1632487477720855e-07,30.504342565869027,0.8174158052995661,1.0541733885550337,0.3051091933951789
ccp_id_0083,test_id,ccp_identification/test_id/ccp_id_0083.csv,nominal,PI,1.356e7,100.03294935291748,50.0,8.255293019397869e-08,2.251346056971579e-10,1.883136033522391e-09,6.169482696088685e-10,0.24649639747839214,0.08,3.1e-07,8e-11,0.7912207435370956,0.03,2e-07,1.0e6,2e-09,8e-07,0.004725118899022457,0.34835259599770285,4.730768595489271e-11,1.0836866461939954e-11,118.1383445523096,0.002869177776765679,7.740249554751993e-07,0.06314783562564322,0.03485731624678819,0.0003078454395667254,3.8058379823412795e-12,2.767971303986753e-06,nominal,0.9842815802495536,0.9633033281829839,0.44618530408970414,-0.14456458241791115,0.9104792356940876,0.9874314590127259,L,0.004632983236577423,0.004154038154234768,18576479.070578344,11599704.262413125,0.47091661121503425,0.21350698326689604,0.29707060614448894,-8.880847525568809,51.02029844615307,51.009927755009166,1.0329694548007375,0.812291277143742,-8.35308901273369,72.4938228692191,0.4141491062498194,0.812291277143742,99.6357089437554,20.57562106137797,6.16100240087037,0.530085308310588,0.21040954901311615,0.11248806848497979,6.773439541041856e-09,7.2618164712896e-09,12.056700803781725,0.9842815802495536,0.9633033281829839,0.44618530408970414
ccp_id_0084,test_ood,ccp_identification/test_ood/ccp_id_0084.csv,ood_nonlin,PI,1.356e7,155.21607725654806,50.0,8.446939749199041e-07,8.141969525234977e-10,1.1307802485702578e-09,2.348279972466724e-10,0.6434531576975754,0.08,3.1e-07,8e-11,0.6606923620443841,0.03,2e-07,1.0e6,2e-09,8e-07,0.0025752129520481295,0.8219780056791586,7.273588003192259e-11,2.229560454933551e-11,56.4728626685651,0.03800075316993061,1.6030935098925267e-06,0.06295969956787992,0.05127565491114552,0.0029979679665708497,3.7884552577117215e-12,3.3847881444828915e-07,ood_nonlin,0.8735171446889813,1.2563940662520865,0.6945047632640715,0.34413608165001397,1.5430433383716895,1.5408462172195618,L,0.012251888390069708,0.01785728582375318,4952058.592340936,18226485.26717419,-1.3030724033471162,0.18000000526601703,-0.8085485905668383,-18.206994727198644,80.9802544248594,80.96022551672941,1.563162853900607,-1.0841189791597663,-16.289463459040437,94.32368744410924,0.8618297093993723,-1.0841189791597663,123.50493459229884,29.351737134877776,27.572055552567203,0.9774648887816221,0.4526368274640316,0.5677334934118474,2.9862985101283514e-08,3.235047702016151e-08,21.572776143318436,0.8735171446889813,1.2563940662520865,0.6945047632640715
ccp_id_0085,test_ood,ccp_identification/test_ood/ccp_id_0085.csv,ood_nonlin,PI,1.356e7,369.7211874352208,50.0,3.2978021023883276e-06,1.232370508323116e-09,5.45547416813544e-10,6.0559067300340535e-09,2.8976760332550735,0.08,3.1e-07,8e-11,1.0046516376244714,0.03,2e-07,1.0e6,2e-09,8e-07,0.0023633384720477104,0.6518630379208203,4.659484313383176e-11,2.206842247215401e-11,41.75486610982643,0.22645256916822676,4.298300258741594e-07,0.08674945899436354,0.07706890447418363,0.0013958115129705175,4.47868186068377e-12,3.764297036343768e-06,ood_nonlin,1.2338279089674102,1.1511285387759946,0.6435286669398553,-0.003553986766961958,1.4836240694267178,1.4064351927613479,L,0.0087196407505567,0.0235841516476843,2277148.5571458824,13511807.939439995,-1.7806399378893472,0.1800000000000021,-0.9470437640213215,-31.050103973226673,166.20910681184913,166.17375691725195,2.4128372905580515,-11.10000197255354,-26.482175230299763,211.4292151123305,1.2815137526428988,-11.10000197255354,271.7309225956555,70.15816291977168,85.3074844060151,1.3385779627980248,0.650095224795366,1.0288099955715349,2.2857614392655728e-07,2.8949930328076114e-07,39.11064455585867,1.2338279089674102,1.1511285387759946,0.6435286669398553
ccp_id_0086,test_ood,ccp_identification/test_ood/ccp_id_0086.csv,ood_nonlin,PI,1.356e7,395.23744829543756,50.0,2.54922993759442e-06,3.8624107649726715e-10,1.7942063114864672e-09,5.865557538902356e-09,4.0,0.08,3.1e-07,8e-11,0.1858168553072805,0.03,2e-07,1.0e6,2e-09,8e-07,0.0031642342847128064,0.3529344842255095,6.512234333351047e-11,3.000238322524815e-11,128.11134307650659,0.03111283681426445,1.5704960486026793e-06,0.044308161845303486,0.03717966869294252,0.0006023849542693547,6.368099576795554e-13,1.7096351633313054e-06,ood_nonlin,0.6574129245989583,1.033902236485854,0.48561671462737044,-0.038485111239376577,1.692551072915012,1.5640389710678246,L,0.01130052401288334,0.017122836706801727,3013454.4748535035,13038141.891594054,-1.4647919666096838,0.1800000000812902,-0.5688382952739497,-24.703706242967016,176.8946150028326,176.86944663739507,4.72555740211188,3.091739231821052,-19.8069066064992,267.56093904034435,2.2334877881640174,3.091739231821052,357.98575830696865,83.77170035444853,70.23510049200085,2.5316868300122883,1.1595760219803255,1.4551673771726314,2.5931763686574967e-08,2.957950028670216e-08,34.885812670299934,0.6574129245989583,1.033902236485854,0.48561671462737044
ccp_id_0087,test_ood,ccp_identification/test_ood/ccp_id_0087.csv,ood_nonlin,PI,1.356e7,411.3688133107117,50.0,4.903227615546979e-07,4.322543040585611e-11,8.240062485600912e-11,4.088989502255658e-08,2.380219106419591,0.08,3.1e-07,8e-11,0.23921399189734732,0.03,2e-07,1.0e6,2e-09,8e-07,0.003013437610214679,0.6822164896283162,1.480185457072084e-11,1.7451586910444432e-11,60.00512209732086,0.006615667958994166,1.1899132479218568e-06,0.016231067241492106,0.05362711228077468,0.0014017592020221256,3.0198388788673742e-12,2.81482704694173e-07,ood_nonlin,0.6765893450981608,1.2168901898358124,0.658422063573316,0.08398447199633058,1.5895969337475624,1.4036081472480293,L,0.014313367951113161,0.018765228660092316,20777170.43347217,14698829.440270241,0.34608694791607547,0.23372315448544617,0.45764697645245095,-32.84897917193832,174.16145412150172,174.12141943835675,1.506778217990722,7.626983686412418,-31.329925181046214,285.3665671823184,0.5817526338356566,7.626983686412418,391.90890682245924,84.37407752399605,26.871956695593838,0.7405904570707031,0.2517902032121208,0.195929352048728,1.114156160161259e-08,1.3603133138816812e-08,46.51725913536551,0.6765893450981608,1.2168901898358124,0.658422063573316
ccp_id_0088,test_ood,ccp_identification/test_ood/ccp_id_0088.csv,ood_nonlin,PI,1.356e7,207.44247943985687,50.0,5.763727331223218e-08,3.41668666630052e-10,1.5653522162985025e-10,8.683845641526274e-09,4.0,0.08,3.1e-07,8e-11,0.11387214208958191,0.03,2e-07,1.0e6,2e-09,8e-07,0.0014699426999266727,0.2896613335364292,3.034739958938266e-11,1.8926685109049015e-11,141.62813837612018,0.0882620962149953,9.760397588113412e-07,0.059884850762605794,0.0678325234540136,0.0012837588332411387,4.078387789364488e-12,1.1118265866169432e-06,ood_nonlin,0.7358096065759908,0.884750011417908,0.807070676769823,-0.029322047708153963,1.4745697961609348,1.3100159177879738,L,0.006691174601422808,0.012130745543349211,30370855.152259428,13162393.033077432,0.8361196856717845,0.18021587634430083,0.9332293028985976,-25.482546405238917,85.80929708369283,85.77699599323749,1.1818047443782116,4.182907455425572,-25.773364786883366,127.57014960317665,0.5820741186806343,4.182907455425572,170.87910309339685,39.22602971382812,27.77439819541178,0.7069052913452248,0.29247690610348603,0.27772169331043867,2.993639025776271e-08,3.483450040156564e-08,32.83405013537243,0.7358096065759908,0.884750011417908,0.807070676769823
ccp_id_0089,test_ood,ccp_identification/test_ood/ccp_id_0089.csv,ood_nonlin,PI,1.356e7,361.90087094000353,50.0,3.934904823140745e-06,3.4338860073535794e-10,8.804140518941379e-11,1.2609044323717432e-10,2.3286959768606645,0.08,3.1e-07,8e-11,1.9291782113070637,0.03,2e-07,1.0e6,2e-09,8e-07,0.0028081310853112127,0.7241148223903624,4.8775956383340386e-11,3.4998874932777804e-12,70.45900753755339,0.11317032754901044,3.8100333454634393e-07,0.07307393108649694,0.12860238627673767,0.0008693053628299851,3.713705528786174e-12,2.677376695625546e-07,ood_nonlin,0.7635855017339537,0.8782971605489717,0.7353237883336492,0.288475327466489,1.5300334397891735,1.5261406210217705,PI,0.014277681964603623,0.02076636924979208,3911353.0001348457,17471725.44044559,-1.496700535198018,0.180000000012847,-0.8968987489788877,-34.88850884425412,161.21272345898353,161.17351394294195,2.105159691729255,-8.298172990553416,-30.424623479382173,215.57882133140214,1.2181110427531148,-8.298172990553416,281.5387688738989,68.70025537699392,71.28060382349214,1.3362843066553631,0.6181375216306733,0.896885940903822,7.25346958770978e-08,8.925049038606437e-08,42.79066944724108,0.7635855017339537,0.8782971605489717,0.7353237883336492
ccp_id_0090,test_ood,ccp_identification/test_ood/ccp_id_0090.csv,ood_nonlin,PI,1.356e7,265.17464155409465,50.0,6.75574907403039e-08,4.227160503423833e-10,5.7242364518174075e-11,9.525032999671382e-10,4.0,0.08,3.1e-07,8e-11,1.4526169760398735,0.03,2e-07,1.0e6,2e-09,8e-07,0.002082724088687259,0.2585154139884139,1.7258893937988417e-11,4.442539222155571e-12,68.7193078712317,0.04706720527077823,3.7427936003713593e-07,0.04783844997652626,0.06056266395179623,0.0028321127722770213,1.2296135988045894e-12,2.4328321447974517e-07,ood_nonlin,0.8760747527907842,1.3258230128050708,0.6388940777806535,0.14748496469439412,1.2572273574737394,1.4982560870434585,PI,0.006607683270016816,0.010925413708058525,26781567.4232251,15559896.121255985,0.5430170254541564,0.19353368958293082,0.6222255387016131,-23.662267492168684,82.3744071099347,82.34590416993795,0.7625934599377745,2.24482764343034,-23.12769363144238,175.60352630851676,0.33019766574632303,2.24482764343034,240.46933091935153,49.6869489307723,25.996810894323747,0.415460966997953,0.15387046753710945,0.12985493396638365,2.7700739816240015e-08,3.102100564716351e-08,32.07134443898139,0.8760747527907842,1.3258230128050708,0.6388940777806535
ccp_id_0091,test_ood,ccp_identification/test_ood/ccp_id_0091.csv,ood_nonlin,L,1.356e7,350.6582416683766,50.0,1.6926127308905342e-07,1.0779229723937803e-10,3.6680392528520406e-11,3.7273768981224955e-08,0.2685916174620029,0.08,3.1e-07,8e-11,2.0,0.03,2e-07,1.0e6,2e-09,8e-07,0.002046421801190604,0.5164539070568658,4.976999245482122e-11,2.3107914078234053e-12,73.68358578802689,0.006618390577940842,7.784460756817926e-07,0.05292564336034577,0.029937253846000954,0.0020387876193589984,5.639601008131397e-12,4.013291893503409e-06,ood_nonlin,0.8435184219615514,1.3257937291893267,0.8879600713771164,0.3155498145985657,1.4053588697850927,1.396818176196182,L,0.013877046154363155,0.018067284493031154,34462926.2532879,17838855.485956553,0.6585051741660822,0.1825911027005786,0.2522016087795337,-41.0055656243598,150.0981549285572,150.04801453506076,4.1860884166574746,10.453538998295148,-38.82143579608063,261.0701656628593,1.351467845176846,10.453538998295148,354.78778215049033,81.26297661563548,30.14214674949138,1.6944819830556501,0.7209131177429232,0.44875289889362135,1.0421374823887351e-08,1.311692037532475e-08,53.44877158689501,0.8435184219615514,1.3257937291893267,0.8879600713771164
ccp_id_0092,test_ood,ccp_identification/test_ood/ccp_id_0092.csv,ood_nonlin,L,1.356e7,359.36941811503686,50.0,2.998596719109818e-06,8.808342173156707e-10,6.04690415890998e-11,5.370835493571699e-09,2.88802035385868,0.08,3.1e-07,8e-11,0.6711374474458671,0.03,2e-07,1.0e6,2e-09,8e-07,0.0033443514742439407,0.47674545269010554,1.910362426971685e-11,1.0675234351551504e-12,47.03660403028527,0.012722773336737337,2.1146946680421956e-07,0.0706498972607098,0.04766560224501436,0.0005878137892251143,2.986073121140483e-12,2.9741421463649444e-07,ood_nonlin,1.2353536197098747,1.1576586244046703,0.6349820712388383,-0.06921376355740444,1.2612162470446728,1.5973522446908646,L,0.013426541678330812,0.021494628091559987,2966743.858393237,12621461.366161596,-1.4479336406300722,0.18000000016668355,-0.7616374048323938,-29.9625349104325,155.82954713788635,155.79721066023836,0.8781252617823313,-5.508769119999724,-25.496695321509982,227.01986319067964,0.5069076472057837,-5.508769119999724,301.41438972266985,67.0123929929653,66.39846582728755,0.5909174997638844,0.23575208651974053,0.32981662185551314,1.3840065869654249e-08,1.6438761580108304e-08,37.558926060243735,1.2353536197098747,1.1576586244046703,0.6349820712388383
ccp_id_0093,test_ood,ccp_identification/test_ood/ccp_id_0093.csv,ood_nonlin,L,1.356e7,345.785141182603,50.0,1.9760287269039912e-07,2.997041582729662e-11,1.2229396722324173e-09,2.9688311305041505e-10,2.4924743565654075,0.08,3.1e-07,8e-11,1.4325390014818948,0.03,2e-07,1.0e6,2e-09,8e-07,0.0012041652172923674,0.3273115521059725,1.8291767650255366e-11,1.8069775406216448e-11,52.8554464587437,0.008429770481854091,5.898446162823987e-07,0.022297698676504777,0.027363608610983536,0.00011733718756500826,4.174368489111512e-12,5.115250374679126e-07,ood_nonlin,0.6930166956005912,0.8553332581506299,0.7648928159740279,-0.186444298808,1.5180302543242936,1.2732620576603466,PI,0.007816163367611385,0.017920757754652874,15887526.735967541,11031815.30816352,0.36475092045817853,0.22745551857934398,0.31248228025533215,-33.47184199746003,138.667628432959,138.62776530310848,1.6615792911383733,5.611580659266376,-31.677914769681514,251.2785212926822,0.6197393006829525,5.611580659266376,343.79619063453043,76.69506733395079,19.17232159856468,0.7905773805220773,0.2871704392179613,0.18558141610854778,1.1645785543106281e-08,1.3852780700420939e-08,45.483026889792654,0.6930166956005912,0.8553332581506299,0.7648928159740279
ccp_id_0094,test_ood,ccp_identification/test_ood/ccp_id_0094.csv,ood_nonlin,PI,1.356e7,131.69484350266828,50.0,7.303236607459327e-07,3.628699166933594e-11,8.35772815243725e-10,2.0460919036452678e-10,1.7192770032033746,0.08,3.1e-07,8e-11,0.898403439940974,0.03,2e-07,1.0e6,2e-09,8e-07,0.002167462453807113,0.16891604363918308,2.765831248922287e-11,1.5356542412056288e-12,120.53193967552957,0.010606631068775272,6.238294020955403e-07,0.034265185356785174,0.049246229724550894,0.0023098697392494837,5.876737031061897e-12,9.671502791595943e-07,ood_nonlin,0.9556855431653762,1.021954865569831,0.8731634571297991,-0.3138537835010757,1.6832152061745855,1.5987431324728556,PI,0.010186163413443361,0.02210769105756057,9772230.47611664,9304142.695725413,0.04908498634661747,0.37708925276932126,0.1457838618189174,-16.953251067824677,30.297426707193654,30.277665784158057,1.1467569296675575,0.7275864605131156,-16.189976170399817,99.60767508441678,0.32045445669653916,0.7275864605131156,135.36862132992283,30.90389535033004,1.5876289562930697,0.41555614422971204,0.16779803233077994,0.02986322345074281,4.275669827572315e-09,4.567437017596489e-09,21.752677333459225,0.9556855431653762,1.021954865569831,0.8731634571297991
ccp_id_0095,test_ood,ccp_identification/test_ood/ccp_id_0095.csv,ood_nonlin,PI,1.356e7,252.97069461938202,50.0,1.0987723206262933e-07,7.030846592818905e-11,6.111755693179918e-10,3.023576264879439e-08,3.914655741091314,0.08,3.1e-07,8e-11,2.0,0.03,2e-07,1.0e6,2e-09,8e-07,0.001536450921096925,0.7052947016422214,1.211911990820667e-11,1.6731673201021464e-12,114.34550538204434,0.04469961661162531,1.807473406742011e-07,0.07493323574759611,0.10786505482861247,0.0006101187479069869,4.012922289256446e-12,5.245938050310063e-07,ood_nonlin,1.155214656087687,1.0035949442405767,0.789031544330346,-0.22626733991944817,1.3227811452780318,1.5903302109047932,PI,0.009662497526721317,0.016260092956195495,25217641.462556522,10491814.870692283,0.8769483905863542,0.18006118884322928,0.7823354705793485,-28.60639888693181,88.84675295877744,88.81092635949227,0.5306526347349211,5.267493101721193,-28.494405075988432,160.14394711958363,0.2533351422466963,5.267493101721193,215.83437520064467,46.67653663293238,35.97053909200588,0.31945745546826043,0.10084090082403555,0.117623355752521,1.1990500211828227e-08,1.4192053874878061e-08,36.89618166991626,1.155214656087687,1.0035949442405767,0.789031544330346
